material_id,formula,point_group,spacegroup_number,spacegroup_symbol,crystal_system,nelements,elements,nsites,volume,density,is_centrosymmetric,is_polar,is_chiral,reduced_formula,energy_above_hull,formation_energy_per_atom,band_gap,total_magnetization,Predicted_Class,Predicted_Phase,P_FM,P_AFM,P_NM,max_probability,probability_margin,phase_entropy,High_Confidence,Boundary_Case,TC_if_FM,TN_if_AFM,TC_uncertainty,TN_uncertainty,Predicted_Curie_K,Predicted_Neel_K,Curie_Uncertainty_K,Neel_Uncertainty_K,Expected_TC_soft_K,Expected_TN_soft_K,Expected_ordering_temperature_K,Expected_temperature_uncertainty_K,Material_Criticality_Index,Rare_Earth_Free,Predicted_K1_J_m3,Predicted_K1_MJ_m3,K1_Uncertainty_MJ_m3,Anisotropy_Type,Predicted_Hc_A_m,Predicted_Hc_kA_m,Predicted_Hc_Oe,Hc_Uncertainty_kA_m,Magnetic_Hardness_Class,Predicted_Ms_emu_g,Ms_Uncertainty_emu_g,Predicted_Ms_kA_m,Predicted_Ms_Tesla,Predicted_BH_max_kJ_m3,Predicted_BH_max_MGOe,BH_max_Uncertainty_kJ_m3,Predicted_Curie_Weiss_theta_p_K,Curie_Weiss_Uncertainty_K,Magnetic_Frustration_Index,Hardness_Parameter_kappa,Permanent_Magnet_Viability,FM_screening_score,AFM_screening_score
mp-1224927,Fe3Ni3Pt2,mmm,47,Pmmm,orthorhombic,3,"Fe,Ni,Pt",8,97.1054580184494,12.54796276730022,1,0,0,Fe3Ni3Pt2,0.0,-0.2,0.0,4.391786968555078,0,FM,0.9220751315276291,0.07308378356372924,0.00484108490864169,0.9220751315276291,0.8489913479638999,0.26561750547936835,True,False,623.6730577548872,300.1083720306056,0.5470944971610834,0.051953342021135995,623.6730577548872,0.0,0.5470944971610834,,575.0734167595762,21.933055307147914,597.0064720667241,0.5044765195063783,3.7875,False,9495.140927377002,0.009495140927377002,0.0021268851298361226,Easy-Axis (Uniaxial),58193.57776230024,58.193577762300244,731.2820797431765,6.989871012184191,Hard Magnet,71.23498933892108,5.423656739710751,893.8539939538099,1.1232500563148737,178.87603201862174,22.47822556040318,18.261629095270475,182.7991982922797,11.14076090931259,0.6091106257896647,0.09724766681470558,Soft / Non-Viable,574.0265941233462,21.92735930915887
mp-1220477,NdHoFe14B,4/mmm,136,P4_2/mnm,tetragonal,4,"B,Fe,Ho,Nd",68,910.7943380388612,8.035201749084168,1,0,0,NdHoFe14B,0.0,-0.2,0.0,7.231681574175751,0,FM,0.9292974528047012,0.06884038397727935,0.0018621632180195037,0.9292974528047012,0.8604570688274219,0.24035965428049885,True,False,565.1853064113586,152.47724577470782,8.398289767160747,0.022767184813091035,565.1853064113586,0.0,8.398289767160747,,525.2252656107202,10.496592146928881,535.721857757649,7.804509445911055,1.2647058823529411,False,374247.25714185653,0.3742472571418565,0.17666671006501442,Easy-Axis (Uniaxial),645997.8810802989,645.997881080299,8117.848947450816,149.30180526396882,Hard Magnet,110.36592729840771,4.831631988484766,886.8124920674618,1.114401444076318,173.91856270472323,21.85525158122308,18.415239125039083,363.49697719758916,12.265665554357156,2.3839424390880772,0.6153788684120154,Semi-Hard (0.1 <= kappa < 1.0),510.92235239754035,10.495397393668139
mp-1220557,PrErFe14B,4/mmm,136,P4_2/mnm,tetragonal,4,"B,Er,Fe,Pr",68,922.2426592327588,7.928213217600344,1,0,0,PrErFe14B,0.0,-0.2,0.0,2.180258634840095,0,FM,0.9296452573397119,0.06848831561626506,0.0018664270440231173,0.9296452573397119,0.8611569417234468,0.2395488235902214,True,False,565.2128971644261,141.9520236054551,5.620453455398319,1.9284950990202248,565.2128971644261,0.0,5.620453455398319,,525.447489236147,9.722054995057917,535.1695442312049,5.226696997843962,1.2647058823529411,False,180041.6122629312,0.1800416122629312,0.1844818029313276,Easy-Axis (Uniaxial),753257.7330794702,753.2577330794702,9465.716025898664,130.20326427716572,Hard Magnet,112.54824658537629,4.670490047084151,892.3064961959232,1.1213054132798244,168.84444780498944,21.217619485136865,15.657831773749754,347.54304840911425,20.133615502103112,2.448313448317467,0.4241968702208996,Semi-Hard (0.1 <= kappa < 1.0),515.7843494720452,9.629205615869603
mp-1220643,NdErFe14B,4/mmm,136,P4_2/mnm,tetragonal,4,"B,Er,Fe,Nd",68,920.8249911999516,7.964470756799164,1,0,0,NdErFe14B,0.0,-0.2,0.0,7.168023681119248,0,FM,0.9292766743815883,0.0688610865595302,0.0018622390588815029,0.9292766743815883,0.8604155878220582,0.2404091250208174,True,False,566.8183600183772,149.3251083735386,1.696590103422352,2.9862005475741284,566.8183600183772,0.0,1.696590103422352,,526.7310805763035,10.28268921322147,537.013769789525,1.5899552101913885,1.2647058823529411,False,252077.01879674807,0.2520770187967481,0.28234251702959146,Easy-Axis (Uniaxial),709763.4449727994,709.7634449727994,8919.150671324425,142.65996367222573,Hard Magnet,109.51889837807042,4.711690346741129,872.2600634490012,1.0961143229404595,165.0071763527418,20.735413723600637,16.052590128807687,355.6038634696155,14.279997570728284,2.3814070342414757,0.5134707468680807,Semi-Hard (0.1 <= kappa < 1.0),523.7690095162217,10.131416998281619
mp-1220094,NdSmFe17N3,3m,160,R3m,trigonal,4,"Fe,N,Nd,Sm",22,274.5813845381154,7.777045138253739,0,1,0,NdSmFe17N3,0.0,-0.6,0.5,6.999340624428365,0,FM,0.9293201307976507,0.06880438982442191,0.0018754793779272294,0.9293201307976507,0.8605157409732288,0.24034963457258177,True,False,779.8323000229565,226.2788768705517,43.97378229645551,2.1164211089569136,779.8323000229565,0.0,43.97378229645551,,724.7138550575668,15.568980053233807,740.2828351108005,40.86598056077861,1.0,False,457213.9337113943,0.4572139337113943,0.2296684076383593,Easy-Axis (Uniaxial),160326.7750859815,160.3267750859815,2014.7257142754286,40.68020301926834,Hard Magnet,133.11943174500732,0.41772510956002407,1035.2758294596097,1.3009659761077557,161.14175623067365,20.24967069582303,21.668859598956637,158.85813718039296,41.58814967093097,0.7020458090362168,0.5826378869483788,Semi-Hard (0.1 <= kappa < 1.0),632.0660692967889,15.405952636417286
mp-1191158,Nd5Co19,-3m,166,R-3m,trigonal,2,"Co,Nd",24,355.3801811831033,8.601925841898838,1,0,0,Nd5Co19,0.0,-0.2,0.0,7.2041128925902775,0,FM,0.9266456487785071,0.07147432111006691,0.0018800301114259583,0.9266456487785071,0.8551713276684402,0.24665173394658127,True,False,707.1472303792175,148.24835096596948,1.1775140687880707,8.646059684590568,707.1472303792175,0.0,1.1775140687880707,,655.2749040766744,10.595950240979601,665.870854317654,1.2539821470763572,8.416666666666666,False,65046.70448117084,0.06504670448117084,0.0771855064411599,Easy-Axis (Uniaxial),165997.26288651122,165.9972628865112,2085.9831669254027,136.4395760874047,Hard Magnet,80.8752647203207,2.457984821022002,695.683029568136,0.8742210779673387,152.04519200815994,19.106562700241657,10.957825015371187,319.8877569195351,10.676608593898493,2.1577829016996324,0.32703656144588855,Semi-Hard (0.1 <= kappa < 1.0),652.7129750400405,10.15686589720166
mp-1217723,Tb2Fe17N2,2/m,12,C2/m,monoclinic,3,"Fe,N,Tb",21,266.42317512824724,8.072790674898217,1,0,0,Tb2Fe17N2,0.0,-0.6,0.5,2.22001743559701,0,FM,0.928634946172495,0.06949773765520477,0.0018673161723002738,0.928634946172495,0.8591372085172903,0.24194301147529934,True,False,722.1895037755626,185.80582958837974,6.338115397931403,7.95201486295079,722.1895037755626,0.0,6.338115397931403,,670.6504109649604,12.913084799540899,683.5634957645013,5.911683926727498,1.0428571428571427,False,55675.616526242266,0.05567561652624226,0.019660889841438274,Easy-Axis (Uniaxial),90548.61130602547,90.54861130602548,1137.8674303923644,51.809890033990385,Hard Magnet,116.76840674601203,13.37504426179931,942.6469051019279,1.1845650367989486,145.58125736270188,18.29428070064327,4.4430105410517555,269.52575259614383,159.5543649130407,1.450577482919836,0.22329476397879938,Semi-Hard (0.1 <= kappa < 1.0),656.7746982060552,12.419292795072142
mp-1224715,Fe2(PdAu)3,mmm,47,Pmmm,orthorhombic,3,"Au,Fe,Pd",8,123.699773631824,13.7172551834114,1,0,0,Fe2(PdAu)3,0.0,-0.2,0.0,3.772245175438135,0,FM,0.7752653580185973,0.05622169711968672,0.16851294486171597,0.7752653580185973,0.6067524131568813,0.6000783155549203,False,True,384.5698326454515,205.3032344346185,59.90385315721818,6.7852505690262035,384.5698326454515,0.0,59.90385315721818,,298.143668989028,11.542496264075158,309.6861652531032,46.442948905682755,6.775,False,2678.7850573160654,0.0026787850573160655,0.002864285251643108,Easy-Axis (Uniaxial),58230.18423763596,58.23018423763595,731.7420902880672,6.432213066007853,Hard Magnet,82.1981147636218,3.2911577296228103,1127.5325158079363,1.4168991473383319,143.16962554813801,17.991226103083953,4.674441608629064,174.09778010104395,13.74892303100117,0.8480031041911698,0.040948210476090874,Soft / Non-Viable,248.51943070928067,11.16375199131739
mp-1220542,Nd2Fe17N2,2/m,12,C2/m,monoclinic,3,"Fe,N,Nd",21,272.9765871149695,7.700345268774025,1,0,0,Nd2Fe17N2,0.0,-0.6,0.5,6.930310741896623,0,FM,0.9292019662321751,0.06893301174995052,0.0018650220178744728,0.9292019662321751,0.8602689544822246,0.24059519510096813,True,False,725.9860807582552,211.24519740666477,0.9845089646199199,1.9665271951198093,725.9860807582552,0.0,0.9845089646199199,,674.5876936977613,14.56176767495424,689.1494613727156,0.924796848344515,1.0428571428571427,False,74581.43688188132,0.07458143688188132,0.05541761362979922,Easy-Axis (Uniaxial),176435.73788915967,176.43573788915967,2217.156915005713,58.618227651309624,Hard Magnet,142.80707493599368,13.649493191753109,1099.6637838308366,1.381878265880684,143.0156458275035,17.97187644034216,7.813556730458355,270.6936312525119,158.06013151056698,1.281419102425339,0.22153916719610375,Semi-Hard (0.1 <= kappa < 1.0),672.3811428219294,14.419981248562163
mp-1215526,ZnFe3,mmm,65,Cmmm,orthorhombic,2,"Fe,Zn",4,48.51882375610379,7.97242354462145,1,0,0,ZnFe3,0.0,-0.2,0.0,2.192416474770899,0,FM,0.9267991213970872,0.07065025530065279,0.0025506233022599997,0.9267991213970872,0.8561488660964344,0.24841228521968262,True,False,707.4792982398083,202.74528539913442,34.48020994101847,14.67169943529234,707.4792982398083,0.0,34.48020994101847,,655.6911920152821,14.32400617445256,670.0151981897346,31.973035217499163,0.45,True,159.65252419705803,0.00015965252419705803,0.000254696428461833,Easy-Axis (Uniaxial),15752.9826136517,15.7529826136517,197.95782165042064,9.478336903664578,Hard Magnet,83.55586785019212,4.390262741320825,666.1427681401501,0.8370996906524257,139.40697628511757,17.51839764258873,31.149182743337036,261.9953421546622,47.9432292712189,1.292238888015991,0.01692059557078116,Soft / Non-Viable,588.0986430834624,13.345034498848966
mp-1184272,Fe3Au,4/mmm,139,I4/mmm,tetragonal,2,"Au,Fe",4,54.26132697107206,11.15470501356927,1,0,0,Fe3Au,0.001,-0.1995,0.0,3.067543878731549,0,FM,0.921952234680387,0.0757989953383916,0.0022487699812214685,0.921952234680387,0.8461532393419954,0.2586604560067833,True,False,517.4470811683635,258.0611330044549,20.716485861363964,7.260251150471547,517.4470811683635,0.0,20.716485861363964,,477.06149281201635,19.560774617624734,496.6222674296411,19.107537009606638,2.325,False,5918.105738038587,0.005918105738038588,0.007755862881293341,Easy-Axis (Uniaxial),91898.26434792114,91.89826434792114,1154.8276710471084,20.574757638045263,Hard Magnet,95.2056985951546,7.800753530416429,1061.991483439736,1.3345378570196804,137.29285442052728,17.25272924868399,3.857589243750768,233.61030824409787,48.66772779151117,0.9052518119420372,0.06461976796190866,Soft / Non-Viable,446.2459965512053,18.875567803325257
mp-11382,NdFe5,6/mmm,191,P6/mmm,hexagonal,2,"Fe,Nd",6,93.24205272586386,7.54148452700563,1,0,0,NdFe5,0.0,-0.2,0.0,6.787336074305067,0,FM,0.9276468911516588,0.07049443078108472,0.0018586780672564703,0.9276468911516588,0.857152460370574,0.24423913904991704,True,False,479.0776841236378,234.57469068359833,5.928211228419883,0.3960152721578254,479.0776841236378,0.0,5.928211228419883,,444.414924297429,16.53620929538928,460.9511335928183,5.4993575750214365,1.7499999999999998,False,0.6930758470803489,6.930758470803488e-07,5.4580127523496915e-08,Easy-Axis (Uniaxial),58575.817357562104,58.5758173575621,736.0854442540344,25.767625279383996,Hard Magnet,106.77525473494688,19.820694184373743,805.2439314506865,1.0118993677572958,137.26027310248236,17.248634959427882,4.312162073037772,340.5313929364979,20.059666962741005,1.451697077566724,0.000922269804037056,Soft / Non-Viable,435.80314726085396,16.5035310437001
mp-1219989,PrFeCo4,-6m2,187,P-6m2,hexagonal,3,"Co,Fe,Pr",6,87.74411554952759,8.184696475153338,0,0,0,PrFeCo4,0.0,-0.2,0.0,3.990039531637252,0,FM,0.9283960426984941,0.06971120590356729,0.001892751397938627,0.9283960426984941,0.8586848367949268,0.2425900110969171,True,False,780.4950175874375,179.15707603682046,16.80292956704841,10.303565218321978,780.4950175874375,0.0,16.80292956704841,,724.6084856740684,12.489255816683851,737.0977414907522,15.616300617641857,7.016666666666667,False,3979.062478119467,0.003979062478119467,0.008593634892738627,Easy-Axis (Uniaxial),74210.23918876328,74.21023918876328,932.5533871429096,14.968715492427325,Hard Magnet,82.65973124393503,11.326821495554896,676.5448109493573,0.8501712831611185,134.82872220620217,16.943077256188488,6.513973192106607,378.08798155256756,33.467867031527135,2.1103714679673757,0.08317424738728885,Soft / Non-Viable,686.1759327772047,11.877360047337675
mp-1191945,Tb2Fe17N3,-3m,166,R-3m,trigonal,3,"Fe,N,Tb",22,270.3129966271063,8.04266618126316,1,0,0,Tb2Fe17N3,0.0,-0.6,0.5,2.211733199847369,0,FM,0.9295172123411914,0.06861968971684437,0.0018630979419641766,0.9295172123411914,0.860897522624347,0.23984176407354496,True,False,725.6761385886998,199.0269209802551,7.54902035608751,3.0999130456162334,725.6761385886998,0.0,7.54902035608751,,674.5284614034883,13.657165562964009,688.1856269664523,7.02016779108465,1.0,False,539575.2493844496,0.5395752493844496,0.3668401615158228,Easy-Axis (Uniaxial),71784.12981159292,71.78412981159292,902.0659969661377,24.939812665030797,Hard Magnet,115.2111635242606,8.780715222820959,926.6049285805504,1.1644060945635009,133.9043599635321,16.826918468698754,29.7697936039288,131.6085365207,35.712168059002536,0.6612599736382221,0.7071743047896352,Semi-Hard (0.1 <= kappa < 1.0),657.9716566378622,13.448716307324672
mp-1219432,Sm4Ga3Fe31,1,1,P1,triclinic,3,"Fe,Ga,Sm",38,530.4984876051066,7.956224091403993,0,1,1,Sm4Ga3Fe31,0.0,-0.2,0.0,2.187961625136098,0,FM,0.9253888736539227,0.07269538614410227,0.0019157402019748546,0.9253888736539227,0.8526934875098204,0.24969057189893815,True,False,527.5589489192342,242.4246357009407,5.915254573326138,7.472128050058174,527.5589489192342,0.0,5.915254573326138,,488.1971815264175,17.623152503123208,505.82033402954073,5.50079572687208,1.6078947368421053,False,1092.0383493626405,0.0010920383493626404,0.0008355671921246789,Easy-Axis (Uniaxial),55264.81988697468,55.26481988697468,694.4782221271256,2.8413521573193736,Hard Magnet,112.21921453608985,7.825939848146781,892.8412182104712,1.121977364780871,133.15281336865064,16.73247633641163,23.078662190473995,336.25648124346867,53.43719132514997,1.3870557349554216,0.033017165112557784,Soft / Non-Viable,478.75727760682764,16.988453021382373
mp-1219270,Sm2V(Fe8N)2,m,8,Cm,monoclinic,4,"Fe,N,Sm,V",21,271.8776077284104,7.776255983213014,0,1,0,Sm2V(Fe8N)2,0.0,-0.6,0.5,2.138470395383579,0,FM,0.9230041292899874,0.07506900004506656,0.0019268706649459104,0.9230041292899874,0.8479351292449209,0.2552117789817506,True,False,709.6640040868847,222.6051475989246,10.621536413577871,26.10599580198624,709.6640040868847,0.0,10.621536413577871,,655.0228061806611,16.710745835135718,671.7335520157968,9.997679152196666,1.2285714285714284,False,3731.6474111772086,0.0037316474111772084,0.0013801077879041193,Easy-Axis (Uniaxial),242629.2571463888,242.6292571463888,3048.9692264203522,52.378403264666254,Hard Magnet,121.38856977399956,0.7901734348535356,943.9485919987345,1.1862007847958613,133.1143657988408,16.72764487220325,4.400373384652414,264.0219214445536,195.2131754762938,1.1860548791991596,0.057729397651280025,Soft / Non-Viable,632.6246535351585,14.78133808514327
mp-1219360,Sm4TiFe33N4,1,1,P1,triclinic,4,"Fe,N,Sm,Ti",42,546.4384362518106,7.743629643955922,0,1,1,Sm4TiFe33N4,0.0,-0.6,0.5,2.129498152087878,0,FM,0.906646363784843,0.09131606030183226,0.002037575913324778,0.906646363784843,0.8153303034830107,0.29131037977499985,True,False,729.2263090824013,253.04285867386375,0.07508868334565477,30.831147658819347,729.2263090824013,0.0,0.07508868334565477,,661.1503815058011,23.106876941610558,684.2572584474117,2.8162019286804885,1.0428571428571427,False,30163.177807433465,0.030163177807433467,0.007997370241030656,Easy-Axis (Uniaxial),290224.5553900092,290.2245553900092,3647.069395269907,38.008818175177595,Hard Magnet,135.04423730007437,9.36964402130689,1045.732559202274,1.3141062902438068,131.82525213180043,16.565650068015536,5.652715586830171,106.35412351993179,40.8625610359937,0.42030082997523804,0.14815386474320028,Semi-Hard (0.1 <= kappa < 1.0),660.9849398763124,20.020588361639778
mp-1221659,MnFePt2,4/mmm,123,P4/mmm,tetragonal,3,"Fe,Mn,Pt",4,52.73911791351024,15.772899031094816,1,0,0,MnFePt2,0.0,-0.2,0.0,10.252384370211631,0,FM,0.7013134595976503,0.2938287900939824,0.00485775030836738,0.7013134595976503,0.40748466950366796,0.5776137163003235,False,True,426.3650450005892,305.4625472659775,2.248218934419583,2.917977055944988,426.3650450005892,0.0,2.248218934419583,,299.0155447608711,89.75369068218808,388.7692354430592,1.794745837410053,4.55,False,57169.43314198982,0.05716943314198982,0.06407663926639255,Easy-Axis (Uniaxial),110221.00809797047,110.22100809797047,1385.0780641552246,6.529588643286251,Hard Magnet,84.15036047490044,0.49227409568844394,1327.2951392008367,1.6679282633835162,131.25012138168907,16.493377005035352,10.454259124515197,188.837619786323,20.85002204133245,0.6182022034337817,0.16069764307024073,Semi-Hard (0.1 <= kappa < 1.0),296.79137149100956,88.46302529168499
mp-1224737,Fe2CuNiPt4,4mm,99,P4mm,tetragonal,4,"Cu,Fe,Ni,Pt",8,110.13397277985524,15.292532180967829,0,1,0,Fe2CuNiPt4,0.0,-0.2,0.0,5.35238626333874,0,FM,0.9210242721478009,0.05612588665244842,0.02284984119975069,0.9210242721478009,0.8648983854953525,0.29470661284491717,True,False,420.1366386580428,269.4444395298401,19.276629922236253,10.418141527624556,420.1366386580428,0.0,19.276629922236253,,386.9560418226475,15.122808072184299,402.07884989483176,17.76387029133421,5.275,False,148163.0104945283,0.14816301049452832,0.12740738221573938,Easy-Axis (Uniaxial),105139.46798939865,105.13946798939865,1321.2215466186426,19.96661431316768,Hard Magnet,87.4177068844831,1.246687511465133,1336.8380957173706,1.679920296217864,131.17604491175078,16.484068281104033,13.354133132142666,186.14383685970046,4.354838796511231,0.6908431184718719,0.25685389257972185,Semi-Hard (0.1 <= kappa < 1.0),363.59320309497326,14.374053456031419
mp-1216605,TmFeCu,mmm,74,Imma,orthorhombic,3,"Cu,Fe,Tm",6,95.08558587099472,10.070407020663072,1,0,0,TmFeCu,0.0,-0.2,0.0,2.7693619306823454,0,FM,0.8814559170879775,0.11404864152280836,0.004495441389214204,0.8814559170879775,0.7674072755651692,0.34874294871867484,True,False,442.767369291604,195.78386470759946,97.39526370420748,16.580433520189104,442.767369291604,0.0,97.39526370420748,,390.279917555562,22.328883801987022,412.60880135754905,85.87045485277649,4.033333333333333,False,5679.760001485822,0.005679760001485822,0.0020676382017114775,Easy-Axis (Uniaxial),18107.649848969573,18.107649848969572,227.54744337774966,1.1393470490304034,Hard Magnet,77.29875352808781,3.8449569132230295,778.4299102177599,0.9782038749098707,131.0897142458037,16.47321964945652,8.694224431286784,138.72745602267523,26.706880751057817,0.708574510110232,0.08636555051326207,Soft / Non-Viable,294.6285121148739,20.61948389248706
mp-13494,Nd3Fe29,2/m,12,C2/m,monoclinic,2,"Fe,Nd",32,435.3719882535645,7.82735188733369,1,0,0,Nd3Fe29,0.0,-0.2,0.0,7.044616698600321,0,FM,0.9255356907633858,0.07254813557704604,0.0019161736595682414,0.9255356907633858,0.8529875551863397,0.24935189176890066,True,False,439.1329073428984,272.5377751656959,33.34573636526807,12.186920220279148,439.1329073428984,0.0,33.34573636526807,,406.4331787345434,19.772107462587396,426.20528619713076,30.87533072052942,1.028125,False,27.598451210314458,2.759845121031446e-05,6.648952986886968e-05,Easy-Axis (Uniaxial),52788.84666996369,52.78884666996369,663.3642244464883,20.401195310433522,Hard Magnet,105.57159376721606,20.113256770084455,826.3460137226442,1.0384170264137078,129.23303974646544,16.239903046234748,2.5127629265312694,397.7033685519184,155.1171405772183,1.4592596138649956,0.005671206837250256,Soft / Non-Viable,365.77625065753546,18.63649978241942
mp-1217666,Tb3NdFe34,m,8,Cm,monoclinic,3,"Fe,Nd,Tb",38,521.5790068993348,8.022063820654362,0,1,0,Tb3NdFe34,0.0,-0.2,0.0,7.219857438588925,0,FM,0.9280677063910714,0.07004756477772063,0.00188472883120799,0.9280677063910714,0.8580201416133507,0.24333665974184265,True,False,400.034288915238,274.6363417927952,4.43524787060673,8.254636708465085,400.034288915238,0.0,4.43524787060673,,371.2589049913481,19.237606942047044,390.49651193339514,4.1566239325196435,1.1421052631578947,False,2890.4602641225115,0.0028904602641225117,0.0005697813987963488,Easy-Axis (Uniaxial),70853.0751691112,70.8530751691112,890.3660190391978,21.400465647325188,Hard Magnet,79.8285201372934,3.7580422800592217,640.3894832497595,0.8047371584054432,128.54785488764864,16.15380017580964,4.855319814782601,456.11285738143465,109.99997444979242,1.660788424445145,0.07489181891954251,Soft / Non-Viable,365.8501184617853,18.475081511849073
mp-1219752,PrNdCo10,mmm,47,Pmmm,orthorhombic,3,"Co,Nd,Pr",12,174.3441118366102,8.32899285530528,1,0,0,PrNdCo10,0.0,-0.2,0.0,6.975531516318172,0,FM,0.929780591622681,0.06833160020233867,0.001887808174980318,0.929780591622681,0.8614489914203424,0.23929736674976176,True,False,953.986503911472,144.02007338699588,20.98994553785218,6.266399437710405,953.986503911472,0.0,20.98994553785218,,886.9981360068615,9.841122075791677,896.8392580826531,19.520740815176346,8.333333333333334,False,97140.62641696204,0.09714062641696204,0.10095710720899434,Easy-Axis (Uniaxial),317505.7620485377,317.50576204853775,3989.895155607959,59.81588884710405,Hard Magnet,76.68807576504761,3.259624414104067,638.7344351341916,0.802657363604961,128.17122443712853,16.1064713966313,1.1120077180748524,333.9442569075692,10.833527487450084,2.31873411153061,0.435286489433776,Semi-Hard (0.1 <= kappa < 1.0),828.9961866443545,9.542147536020341
mp-1219345,Sm4Fe31Si3,1,1,P1,triclinic,3,"Fe,Si,Sm",38,510.6000229451728,7.860052057854307,0,1,1,Sm4Fe31Si3,0.0,-0.2,0.0,2.1615143159099346,0,FM,0.9259686427367033,0.07212009437790287,0.0019112628853937298,0.9259686427367033,0.8538485483588004,0.24833099761390545,True,False,550.5761892700643,251.24508691269375,8.270883229295407,20.068515491116955,550.5761892700643,0.0,8.270883229295407,,509.81628670154777,18.119819380127883,527.9361060816757,7.794140577792082,1.1421052631578947,False,7962.725948485478,0.007962725948485478,0.0036960116187059423,Easy-Axis (Uniaxial),185180.22360106953,185.18022360106954,2327.0433654282992,35.37025552765352,Hard Magnet,101.47293189068469,9.205524139856692,797.5825271238862,1.002271763137593,127.84732963624623,16.065769574761074,30.350027713642422,387.2811659635538,23.50259700196787,1.5414477183314308,0.09980454550567586,Soft / Non-Viable,496.13795635931723,16.467434552998824
mp-1190182,Nd2Fe15Co2,-3m,166,R-3m,trigonal,3,"Co,Fe,Nd",19,263.2676063370672,7.846589223660928,1,0,0,Nd2Fe15Co2,0.0,-0.2,0.0,8.729330511322782,0,FM,0.9281961874508797,0.06993522186523045,0.0018685906838898252,0.9281961874508797,0.8582609655856492,0.2429812112207964,True,False,594.4111625628004,274.054649945965,13.428327375989113,52.57291049227845,594.4111625628004,0.0,13.428327375989113,,551.7301748690364,19.166072747169128,570.8962476162055,12.99509343645773,1.9736842105263157,False,704.1227659502862,0.0007041227659502862,0.0007578540829495147,Easy-Axis (Uniaxial),70381.29345958453,70.38129345958453,884.4374351130355,1.75618912166242,Hard Magnet,100.33347752627995,4.0499158286922,787.2755835301341,0.9893196758275548,126.95555506961433,15.95370587549646,5.988257616826039,341.80011973290345,10.607282765241763,1.247196936086637,0.030067164845559022,Soft / Non-Viable,528.092192069653,15.176665391243583
mp-1190690,Dy2Fe17N3,-3m,166,R-3m,trigonal,3,"Dy,Fe,N",22,268.4174618783687,8.143691073588528,1,0,0,Dy2Fe17N3,0.0,-0.6,0.5,8.34728335042824,0,FM,0.9297968929792516,0.06833974153301951,0.0018633654877289831,0.9297968929792516,0.8614571514462321,0.23917863586042779,True,False,723.1991140658492,227.72252880317205,10.016964891213377,6.245868243579551,723.1991140658492,0.0,10.016964891213377,,672.428289263774,15.56249875965437,687.9907880234283,9.323518585575057,1.0,False,399251.29170989053,0.39925129170989054,0.12353502895986652,Easy-Axis (Uniaxial),80990.05972738024,80.99005972738024,1017.7511263851469,12.799496443423362,Hard Magnet,113.69900932063742,8.963102368848496,925.9296072803337,1.1635574607892714,126.45648930184184,15.89099142029042,35.84625396889669,134.69213351409363,35.090944683631314,0.5914747839047246,0.608751804704969,Semi-Hard (0.1 <= kappa < 1.0),650.7014441932873,15.09121020671776
mp-1219878,Pr2Mn4Co13,3m,160,R3m,trigonal,3,"Co,Mn,Pr",19,258.9763676635532,8.128400907891622,0,1,0,Pr2Mn4Co13,0.0,-0.2,0.0,4.775435533386329,0,FM,0.9240112666621332,0.07406967882572309,0.0019190545121435967,0.9240112666621332,0.84994158783641,0.2528788282022514,True,False,671.2063695787208,198.77941475017815,48.13738457977968,37.707927593574496,671.2063695787208,0.0,48.13738457977968,,620.2022477461257,14.723527407710899,634.9257751538366,44.567090725834724,6.5473684210526315,False,77511.07007771311,0.07751107007771312,0.058217934112340025,Easy-Axis (Uniaxial),162676.01306795535,162.67601306795535,2044.247109991752,90.09800297390717,Hard Magnet,81.22858325788386,7.507444866372417,660.2584899001333,0.8297052885362198,126.35805263258932,15.878621503371408,0.5480208963821642,288.37616419925035,2.1340329336727564,1.4507345469432815,0.3761516229801531,Semi-Hard (0.1 <= kappa < 1.0),534.4461197363875,12.387914493861324
mp-1188910,Sm2Ga2Fe15,-3m,166,R-3m,trigonal,3,"Fe,Ga,Sm",19,261.5989863691906,8.111288708791822,1,0,0,Sm2Ga2Fe15,0.0,-0.2,0.0,2.230604394917751,0,FM,0.9276487787254484,0.07048594639321845,0.001865274881333194,0.9276487787254484,0.8571628323322299,0.2442565311022202,True,False,541.9758743577022,243.8993562955331,13.02107656849546,18.092984317486867,541.9758743577022,0.0,13.02107656849546,,502.7632579465795,17.191476953187433,519.9547348997669,12.146122440571723,1.763157894736842,False,180.14809107320653,0.00018014809107320652,3.53347076579022e-06,Easy-Axis (Uniaxial),41723.63924302015,41.72363924302015,524.3147242934483,1.7665594704641594,Hard Magnet,93.35075522902702,9.077119254952521,757.1949268463959,0.9515192078064393,126.17563301890053,15.855697978196659,17.33905469968216,337.87245230491817,37.55583766064751,1.3852945634490228,0.015812560664608795,Soft / Non-Viable,481.8492704626851,15.765272786731277
mp-1188924,Sm2Fe15Si2,-3m,166,R-3m,trigonal,3,"Fe,Si,Sm",19,252.62094539481944,7.852173580869542,1,0,0,Sm2Fe15Si2,0.0,-0.2,0.0,2.159347734739124,0,FM,0.929117623348777,0.06901270568458359,0.0018696709666394518,0.929117623348777,0.8601049176641934,0.24081011927721105,True,False,543.809784082357,268.16335446530724,6.717945123202014,16.025259984771665,543.809784082357,0.0,6.717945123202014,,505.26325414041116,18.506678657104914,523.769932797516,6.3389826261207185,1.1421052631578947,False,2723.875845665471,0.002723875845665471,0.00039778073546063036,Easy-Axis (Uniaxial),191956.1506292318,191.9561506292318,2412.1921773742215,28.42469141100058,Hard Magnet,86.91630844035669,6.969549552143398,682.4819408820772,0.8576321006731349,126.02773394644653,15.837112432255829,21.62327334366609,387.28186012604317,20.167746555205298,1.4442012813355767,0.0682177762471832,Soft / Non-Viable,494.19663457003577,17.133809868725084
mp-1225569,ErFeCu,mmm,74,Imma,orthorhombic,3,"Cu,Er,Fe",6,95.81770249597216,9.935398401478617,1,0,0,ErFeCu,0.0,-0.2,0.0,2.73223456040662,0,FM,0.8827838188135082,0.11297093024687765,0.004245250939614183,0.8827838188135082,0.7698128885666305,0.3455227940790276,True,False,394.05189085388577,184.80994445973266,96.28269245601496,25.352319122636843,394.05189085388577,0.0,96.28269245601496,,347.862633018677,20.87815134448979,368.74078436316677,85.04504356334995,4.033333333333333,False,7644.989930493401,0.007644989930493401,0.0050030141409386384,Easy-Axis (Uniaxial),12002.594448866359,12.00259444886636,150.82905310845342,2.8406176227727338,Hard Magnet,80.14445646569877,1.5162232597280223,796.2671046566761,1.0006187545138514,125.8794052173318,15.818472894065593,12.387127248780763,130.44984807270504,30.09315266284716,0.7058594625633261,0.09795458123312653,Soft / Non-Viable,263.34430418554376,18.52934234338
mp-1219288,Sm4Fe27Co7C2,m,8,Cm,monoclinic,4,"C,Co,Fe,Sm",40,532.9089410632226,7.932715311263556,0,1,0,Sm4Fe27Co7C2,0.0,-0.2,0.0,3.867198714240984,0,FM,0.9284604500432563,0.06965563265977652,0.0018839172969672355,0.9284604500432563,0.8588048173834798,0.2424091824231532,True,False,732.6471713946411,231.6469885501412,25.538485005881398,8.50767363349955,732.6471713946411,0.0,25.538485005881398,,680.2339224759871,16.135517541192094,696.3694400171793,23.718877475972562,2.4724999999999997,False,10384.112370626655,0.010384112370626655,0.0068511469958327294,Easy-Axis (Uniaxial),379050.09531846497,379.05009531846497,4763.284071716089,25.335182110652077,Hard Magnet,119.65858151500873,16.966444307697884,949.2174617081881,1.192821841744638,125.56472026613854,15.778928416062804,20.472984289749764,499.03036036147284,115.50414668935912,2.1542708734737346,0.0957665933332575,Soft / Non-Viable,626.8695903622862,15.477145047001
mp-1225146,FeSnPt,3m,156,P3m1,trigonal,3,"Fe,Pt,Sn",12,222.2399909298873,11.047516665714095,0,1,0,FeSnPt,0.0,-0.2,0.0,3.0380670830713763,0,FM,0.7398354380331923,0.25252952766206416,0.007635034304743643,0.7398354380331923,0.48730591037112814,0.55314472519057,False,True,447.398400529381,260.2320722852154,28.28991065154554,2.8313605728743596,447.398400529381,0.0,28.28991065154554,,331.0011916310042,65.71628229670559,396.71747392770976,20.942087754925474,3.7,False,4248.854754091908,0.004248854754091908,0.00016385990727192076,Easy-Axis (Uniaxial),81685.76845371403,81.68576845371403,1026.4936602497419,15.257325374821129,Hard Magnet,75.81622661845728,6.593494096593062,837.5810270989634,1.0525353606081187,125.14274154178524,15.725901004616663,2.3937075068374982,188.06073621402174,3.4482072191797073,0.7226654830151236,0.06942312825761218,Soft / Non-Viable,302.4776402425018,64.79893652647928
mp-1205374,Nd2Fe15Si2,-3m,166,R-3m,trigonal,3,"Fe,Nd,Si",19,258.76869577556346,7.58710458184249,1,0,0,Nd2Fe15Si2,0.0,-0.2,0.0,6.828394123658241,0,FM,0.9291084426476385,0.0690258508200337,0.0018657065323279258,0.9291084426476385,0.8600825918276048,0.24081881937951335,True,False,525.7625297622836,214.00742337441784,0.9360658705057858,4.615497118605745,525.7625297622836,0.0,0.9360658705057858,,488.490405229918,14.772044480222357,503.26244971014034,0.9262226813752032,1.1421052631578947,False,2938.010235361451,0.0029380102353614513,0.0013502617880787984,Easy-Axis (Uniaxial),130585.48126181937,130.58548126181938,1640.9855862698244,2.356809008800026,Hard Magnet,97.27139720840145,7.698619570010244,738.0082634420835,0.9274085354872841,125.0104464190485,15.709276308865876,6.115240967937834,386.5527415904547,38.40103092488647,1.8062585656861034,0.06551797946593556,Soft / Non-Viable,486.97094894579806,14.438832530519148
mp-1221071,Nd4Cr3Fe25B2,mm2,35,Cmm2,orthorhombic,4,"B,Cr,Fe,Nd",68,932.4148297828178,7.660381927080717,0,1,0,Nd4Cr3Fe25B2,0.0,-0.2,0.0,8.809439216142824,0,FM,0.929015487179661,0.06909587921257537,0.001888633607763785,0.929015487179661,0.8599196079670857,0.24111397903645937,True,False,451.8266967554707,160.65607165169592,14.865002640716938,20.243694710534584,451.8266967554707,0.0,14.865002640716938,,419.75399880706055,11.100672521612436,430.85467132867296,13.880474851693146,1.4323529411764706,False,88749.45571684153,0.08874945571684154,0.049055289560759864,Easy-Axis (Uniaxial),645468.6090127793,645.4686090127793,8111.1979183653275,83.40781343898293,Hard Magnet,100.76342477134106,5.696251101505325,771.8863180291386,0.9699809544507265,124.83145058305837,15.68678302829411,4.128050006602113,362.00013337273424,17.47365452831653,2.253261452561559,0.3442901311892226,Semi-Hard (0.1 <= kappa < 1.0),399.9371114159957,10.080354433031108
mp-1220186,NdFeRu,mmm,74,Imma,orthorhombic,3,"Fe,Nd,Ru",6,109.1460224454162,9.163558197988044,1,0,0,NdFeRu,0.0,-0.2,0.0,8.24720237818924,0,FM,0.8604059395706203,0.1349924367473689,0.004601623682010922,0.8604059395706203,0.7254135028232513,0.3863538520384516,True,False,576.3784677641451,204.91809896485947,72.18715310151376,16.50574599929837,576.3784677641451,0.0,72.18715310151376,,495.9194571048837,27.662393512904874,523.5818506177885,62.1502089168327,6.366666666666666,False,3095.674630347204,0.003095674630347204,0.003243915829216133,Easy-Axis (Uniaxial),17068.424038453275,17.068424038453276,214.48814643709173,3.9078520909155228,Hard Magnet,88.79154848353193,2.2776248718513514,813.6465220183219,1.0224583744766584,124.13300579603427,15.599013866114902,6.911359501160973,180.2401889017637,25.80611930318868,0.8795718377841887,0.06100099931514639,Soft / Non-Viable,399.7339400129338,25.55349594554827
mp-1223889,HoFeCu,mmm,74,Imma,orthorhombic,3,"Cu,Fe,Ho",6,96.93402946966982,9.741195379371522,1,0,0,HoFeCu,0.0,-0.2,0.0,2.6788287293271686,0,FM,0.8833554880216301,0.11260132570777004,0.004043186270599904,0.8833554880216301,0.7707541623138601,0.34384427526069833,True,False,375.6933256920378,189.84389140756605,66.84025292442462,28.756421078814057,375.6933256920378,0.0,66.84025292442462,,331.87076106315925,21.37667385001387,353.2474349131731,59.132425340758424,4.033333333333333,False,1502.3160589943661,0.001502316058994366,0.0011494653629557372,Easy-Axis (Uniaxial),10439.210784770954,10.439210784770953,131.1829941913327,2.708299627498075,Hard Magnet,85.41500195184622,2.4712367120237317,832.0442223423339,1.0455776065490034,123.93318038773785,15.573903064238891,9.624057091949618,129.36369806085622,41.0433246300856,0.6814214410677665,0.041555576684986655,Soft / Non-Viable,271.402136284807,18.689463446928915
mp-1219344,Sm4Fe34C3,-1,2,P-1,triclinic,3,"C,Fe,Sm",41,537.9579507053443,7.828609407491948,1,0,0,Sm4Fe34C3,0.0,-0.2,0.0,2.152867587060286,0,FM,0.9278935000283489,0.07022580651523415,0.00188069345641691,0.9278935000283489,0.8576676935131148,0.243732887209568,True,False,589.4387151289429,261.73231981815,6.754941083500569,17.052471468297995,589.4387151289429,0.0,6.754941083500569,,546.9363524332077,18.38036325033279,565.3167156835406,6.381238588890025,1.0658536585365854,False,658.2942185618717,0.0006582942185618717,0.000721855482109206,Easy-Axis (Uniaxial),218906.3252025384,218.9063252025384,2750.858065763317,30.898443033910446,Hard Magnet,104.5096546879517,9.315806859424548,818.1652658638336,1.028136795464064,123.49899604919915,15.519341850048656,63.857955470577885,382.44478668055524,19.36649960826523,1.4612058111366433,0.02797461062208881,Soft / Non-Viable,534.8924622058444,16.93633168606179
mp-1183698,Co3Ir,m-3m,221,Pm-3m,cubic,2,"Co,Ir",4,45.98125085866043,13.3264416480424,1,0,0,Co3Ir,0.0,-0.2,0.0,2.83186885020901,0,FM,0.8613313055865431,0.13426499522010676,0.00440369919335005,0.8613313055865431,0.7270663103664363,0.38417885487798,True,False,726.6944687330456,275.01154704881816,33.055066948900276,18.026834621451997,726.6944687330456,0.0,33.055066948900276,,625.9246955163535,36.924424049983735,662.8491195663372,28.574057660596008,8.25,False,13.671070927611034,1.3671070927611034e-05,4.8152211327702986e-05,Easy-Axis (Uniaxial),31073.48600579214,31.07348600579214,390.4809490147417,28.362113934745878,Hard Magnet,89.21928620896567,6.249166809947653,1188.975611543775,1.494110818609342,123.0800999554792,15.466701813400098,2.555839821710262,201.33672817265727,19.274745265536737,0.7321028165297996,0.002774108160139781,Soft / Non-Viable,563.8028881383636,33.871449002223585
mp-1219357,Sm2Co17N2,2/m,12,C2/m,monoclinic,3,"Co,N,Sm",21,252.29329111407029,8.757702121275138,1,0,0,Sm2Co17N2,0.0,-0.6,0.5,1.8610117007709668,0,FM,0.9190005570590092,0.07890175486392591,0.002097688077064884,0.9190005570590092,0.8400988021950833,0.26482319168399787,True,False,779.7726908352379,155.91769526032863,17.64642870370733,0.477999761263348,779.7726908352379,0.0,17.64642870370733,,716.6115372569861,12.302179770378752,728.9137170273649,16.217121664453963,7.438095238095238,False,69176.19473461049,0.06917619473461048,0.04963236833857379,Easy-Axis (Uniaxial),131615.760849132,131.615760849132,1653.9324616519223,13.815524613588238,Hard Magnet,81.11284664369907,6.327973680322123,710.3621491141882,0.8926674036181563,123.07970944193495,15.466652740019876,7.532919315825873,287.11873821058686,159.76539780647772,1.8414762848514266,0.3302886042774327,Semi-Hard (0.1 <= kappa < 1.0),676.8011277646917,12.272847679075653
mp-1220656,Nd4Fe28BC,mmm,65,Cmmm,orthorhombic,4,"B,C,Fe,Nd",68,935.4155781773786,7.681062480257354,1,0,0,Nd4Fe28BC,0.0,-0.2,0.0,6.912956232231618,0,FM,0.9288124927236093,0.06931171365228665,0.0018757936241040726,0.9288124927236093,0.8595007790713227,0.2415516999133421,True,False,556.5069040635228,193.1191593221114,7.8700191990347435,2.2204925248804273,556.5069040635228,0.0,7.8700191990347435,,516.8905647811391,13.385419871704508,530.2759846528436,7.311392205731693,1.2647058823529411,False,53836.87610543695,0.05383687610543696,0.0018949345815807504,Easy-Axis (Uniaxial),512272.4867760108,512.2724867760107,6437.406049425934,16.955421830045548,Hard Magnet,118.62048058953508,5.737121973063757,911.1313228463736,1.144961388123887,123.01292656074246,15.458260555499246,8.180434642105212,370.69990115647994,12.924643563965958,1.9195397414617694,0.2271715895702021,Semi-Hard (0.1 <= kappa < 1.0),503.67739553779813,13.238440579960134
mp-1219400,Sm4Fe31Co3,1,1,P1,triclinic,3,"Co,Fe,Sm",38,520.7256702794394,8.002321389409095,0,1,1,Sm4Fe31Co3,0.0,-0.2,0.0,3.9011316773369344,0,FM,0.9290985816104985,0.06899672511939604,0.0019046932701055508,0.9290985816104985,0.8601018564911025,0.24096991942269524,True,False,732.3581334171467,269.67073038281455,21.19079778484496,24.990109532965704,732.3581334171467,0.0,21.19079778484496,,680.4329029887833,18.606397256969817,699.0393002457531,19.763697206449258,1.7657894736842104,False,8099.267298662635,0.008099267298662635,0.004669629969459359,Easy-Axis (Uniaxial),118555.57807964012,118.55557807964013,1489.8133614908857,2.2609531970070753,Hard Magnet,112.33278435302023,6.127524791903134,898.9230429600532,1.129620011162354,122.9423263597472,15.449388672415346,31.275104834527742,363.8830121993931,6.3296561303112355,1.3493604281148284,0.08930903994362023,Soft / Non-Viable,635.5408445835201,16.539746832065607
mp-1219271,Sm2Fe15Co2,m,8,Cm,monoclinic,3,"Co,Fe,Sm",19,260.35228178393595,8.012494089074112,0,1,0,Sm2Fe15Co2,0.0,-0.2,0.0,3.9060908684236297,0,FM,0.9285151876778439,0.0695880643611205,0.0018967479610356227,0.9285151876778439,0.8589271233167234,0.24232223172191522,True,False,746.5316855520127,260.0000838542363,16.387316564293144,29.083170642776878,746.5316855520127,0.0,16.387316564293144,,693.1660081177843,18.092902569145323,711.2589106869295,15.349876381749816,1.9736842105263157,False,7625.159457707417,0.0076251594577074165,0.005844744946753776,Easy-Axis (Uniaxial),122462.62860477428,122.46262860477428,1538.9108073525617,3.3505165105781787,Hard Magnet,113.52230094303823,5.039820400628578,909.5967652841863,1.1430330062183356,122.20699926099816,15.356984742163599,33.269690773285625,477.5421004279697,114.33090163749674,1.8366997938958118,0.08563881037536114,Soft / Non-Viable,657.2633969449206,15.795924701390373
mp-972662,Sm2Fe17C3,-3m,166,R-3m,trigonal,3,"C,Fe,Sm",22,273.03332664587765,7.8219304507321565,1,0,0,Sm2Fe17C3,0.0,-0.2,0.0,2.1510308739513437,0,FM,0.929117571605836,0.0690079130521368,0.001874515342027206,0.929117571605836,0.8601096585536991,0.24082614782252537,True,False,660.1600885404232,258.7569670789635,6.300904938018789,7.661173009572153,660.1600885404232,0.0,6.300904938018789,,613.3663383357716,17.856278285819737,631.2226166215913,5.878104797870924,1.0,False,121413.66246201422,0.12141366246201422,0.014817935697223051,Easy-Axis (Uniaxial),193909.32901611965,193.90932901611964,2436.7365413366324,26.07364875593437,Hard Magnet,89.19312867395185,11.7651008588782,697.6624491708554,0.8767084900002488,121.77832982050023,15.303116550513636,39.387865388444986,420.16776199525333,25.062629905694052,1.623793039230642,0.4455367163007407,Semi-Hard (0.1 <= kappa < 1.0),600.7488013721887,17.197512685721613
mp-1104491,Nd4(FeB2)3,-3m,166,R-3m,trigonal,3,"B,Fe,Nd",13,188.81300124536008,7.118094817666791,1,0,0,Nd4(FeB2)3,0.0,-0.2,0.0,6.406285335900113,0,FM,0.838932080733669,0.10593941248165602,0.05512850678467494,0.838932080733669,0.7329926682520129,0.4960141863930486,True,False,402.95453301568557,89.11129585309234,77.57206438960202,8.023211760025696,402.95453301568557,0.0,77.57206438960202,,338.05148482391303,9.440398328155633,347.4918831520687,65.08324387055112,3.1461538461538465,False,9065.731529991077,0.009065731529991078,0.00579189209933506,Easy-Axis (Uniaxial),898929.7418079092,898.9297418079092,11296.284511280757,23.218082714594978,Hard Magnet,98.62317820259742,4.052574202160919,702.0091336657371,0.8821706948308858,121.69004536208729,15.292022398059059,19.131150933103413,120.29062057501747,1.0733266566687902,1.3498919460595313,0.12099118554945498,Semi-Hard (0.1 <= kappa < 1.0),268.5989113392861,9.076293215822488
mp-1220610,Nd2Co17N2,2/m,12,C2/m,monoclinic,3,"Co,N,Nd",21,257.00507658460407,8.518085182668402,1,0,0,Nd2Co17N2,0.0,-0.6,0.5,7.133896340484787,0,FM,0.9198309639679797,0.07811255937752327,0.0020564766544969456,0.9198309639679797,0.8417184045904564,0.2628270828106173,True,False,747.5567931472887,135.7028287122846,8.648414515112904,1.6032032100848854,747.5567931472887,0.0,8.648414515112904,,687.6258856614821,10.600095265486202,698.2259809269683,7.956065098282881,7.438095238095238,False,29310.39166584329,0.02931039166584329,0.0026526052675300846,Easy-Axis (Uniaxial),110464.4203091631,110.4644203091631,1388.1368722725554,6.996276828561069,Hard Magnet,84.89400956338474,2.199951686219457,723.1344049591772,0.9087174936711111,120.1258518585505,15.09546004146029,5.702108149559114,292.0423429213609,163.15595289958304,2.1520726258444127,0.21119656687692775,Semi-Hard (0.1 <= kappa < 1.0),668.3584168819497,10.515800440373111
mp-1225266,Fe9B4Ir3,m,6,Pm,monoclinic,3,"B,Fe,Ir",16,168.80786202185283,11.041873776124262,0,1,0,Fe9B4Ir3,0.0,-0.2,0.0,3.0365152884341726,0,FM,0.9146413156181795,0.07803970663196916,0.007318977749851324,0.9146413156181795,0.8366016089862104,0.28821815683378776,True,False,544.6150180793287,185.11882013607027,1.549954960241621,4.24863983462464,544.6150180793287,0.0,1.549954960241621,,498.1273966414958,14.44661841547519,512.574015056971,1.4559098007566798,1.76875,False,28944.591286833424,0.028944591286833424,0.023528813310148222,Easy-Axis (Uniaxial),34231.19758820713,34.23119758820713,430.1619238235034,4.352673532312313,Hard Magnet,85.03010017675378,8.487404077182973,938.8916333229165,1.1798460231056784,120.02787432889495,15.083147821725792,3.0261876715985743,539.9268547759651,88.71651383345588,2.916650259433891,0.16164538492354757,Semi-Hard (0.1 <= kappa < 1.0),495.56704132869686,14.146109787729582
mp-1206590,CoAu3,m-3m,221,Pm-3m,cubic,2,"Au,Co",4,65.1808368348766,16.555063948845728,1,0,0,CoAu3,0.0,-0.2,0.0,3.517951089129717,0,FM,0.9097282118504945,0.0764294403779104,0.013842347771595123,0.9097282118504945,0.833298771472584,0.31115989952563033,True,False,414.86804582282696,205.72904474499325,109.50668006161189,2.190887104088347,414.86804582282696,0.0,109.50668006161189,,377.4171654803094,15.723755759341921,393.14092123965133,99.62145696557182,8.75,False,762.2303843701961,0.0007622303843701962,0.00019697745018534447,Easy-Axis (Uniaxial),36482.20096741008,36.48220096741008,458.4488670902716,7.40049256627284,Hard Magnet,63.07918457398435,9.578169502203632,1044.2799344633538,1.3122808681605211,119.00737552604076,14.95490815755273,18.006961149993195,147.42638608351115,4.738210820845907,0.7166046304558025,0.02358420619274502,Soft / Non-Viable,276.4915815953421,15.553377290685997
mp-1226026,CoRh,-3m,166,R-3m,trigonal,2,"Co,Rh",2,26.03627135398446,10.32173433195538,1,0,0,CoRh,0.0,-0.2,0.0,2.193368545540518,0,FM,0.69791012046898,0.2986342382157333,0.0034556413152866065,0.69791012046898,0.39927588225324673,0.5748248651855942,False,True,906.6696901153043,249.37557188856033,30.323793921295987,26.57252541868212,906.6696901153043,0.0,30.323793921295987,,632.7739526539449,74.47208394055305,707.2460365944979,22.602127159643754,8.5,False,21.736551874856556,2.1736551874856557e-05,3.645842131154282e-05,Easy-Axis (Uniaxial),17053.87047482547,17.053870474825473,214.30526095923219,3.240736349792355,Hard Magnet,87.87786658720478,4.145901432273433,907.0519925721461,1.1398351505154551,118.41526544442148,14.88050140880597,5.026501405125143,196.04697685974278,14.075335555057734,0.7861514877942867,0.004585199245461507,Soft / Non-Viable,574.6851703980292,65.73796518614647
mp-1225543,ErFeRu,mmm,74,Imma,orthorhombic,3,"Er,Fe,Ru",6,100.99162379471176,10.660361164650553,1,0,0,ErFeRu,0.0,-0.2,0.0,2.9315993202789024,0,FM,0.8556331007424004,0.14035038469229968,0.004016514565299997,0.8556331007424004,0.7152827160501007,0.39245801921112816,True,False,474.764398094775,201.63688062610373,160.01616439620062,22.164232202583875,474.764398094775,0.0,160.01616439620062,,406.22413406393173,28.29981376402897,434.5239478279607,136.95046110058365,6.366666666666666,False,10153.932683255685,0.010153932683255686,0.001191059445445774,Easy-Axis (Uniaxial),19069.16985915111,19.06916985915111,239.63026041354553,6.220289155429562,Hard Magnet,81.24113562832557,1.3893920858349347,866.0598472243103,1.0883229014435967,117.87745138342775,14.812917699372417,10.611662575771046,178.45235077503486,29.172672552283913,0.8850184064587864,0.1037921011612447,Semi-Hard (0.1 <= kappa < 1.0),264.9194738170511,25.47648060487374
mp-568820,Pu2Co17,6/mmm,194,P6_3/mmc,hexagonal,2,"Co,Pu",38,480.911025814539,10.288713585873616,1,0,0,Pu2Co17,0.0,-0.2,0.0,2.1863516369981437,0,FM,0.9243115970507233,0.0735970173003729,0.0020913856489036624,0.9243115970507233,0.8507145797503504,0.25275369789585983,True,False,992.4345558244058,159.1559866843632,29.749164703597785,9.83533073546731,992.4345558244058,0.0,29.749164703597785,,917.3187692623818,11.713405905466995,929.0321751678488,27.507023705510857,7.168421052631579,False,47.30177394850816,4.7301773948508166e-05,2.5711350584380118e-05,Easy-Axis (Uniaxial),127818.83872716755,127.81883872716755,1606.2189301465294,15.224488023058358,Hard Magnet,62.75651959117949,3.30968907306427,645.6838557199121,0.8113902630684832,117.8708840778969,14.812092427404,0.18730797145216518,327.96535816636515,38.906479306884336,2.060653607814221,0.009501974365182448,Soft / Non-Viable,834.5605091254139,11.164379100899563
mp-1204028,Sm6Fe13Bi,4/mmm,140,I4/mcm,tetragonal,3,"Bi,Fe,Sm",40,758.1618875808539,8.04740663221468,1,0,0,Sm6Fe13Bi,0.0,-0.6,0.5,2.213036823859037,0,FM,0.9118332924556138,0.08620982844716343,0.001956879097222795,0.9118332924556138,0.8256234640084504,0.2800461719702525,True,False,530.3145012937139,309.0902470886174,13.167107295621975,39.29391594435711,530.3145012937139,0.0,13.167107295621975,,483.558417751604,26.64661717620106,510.20503492780506,12.474947105624908,3.215,False,1795.0427888223167,0.0017950427888223167,0.001397261155703884,Easy-Axis (Uniaxial),86740.03620646855,86.74003620646855,1090.0074632489388,19.104343863871293,Hard Magnet,77.34573343259906,11.17223532257411,622.4325681990064,0.7821718334436105,117.34875051831183,14.746479187929928,0.02702054836249421,166.27419814645162,27.320788652669407,0.5379470873397703,0.06072117432554234,Soft / Non-Viable,463.2272098376572,22.271036077989702
mp-1104274,Sm4(FeB2)3,-3m,166,R-3m,trigonal,3,"B,Fe,Sm",13,185.13505543630123,7.479002582758967,1,0,0,Sm4(FeB2)3,0.0,-0.2,0.0,2.056725710258716,0,FM,0.7392565987498818,0.14041965465215828,0.12032374659795997,0.7392565987498818,0.5988369440977235,0.6861305276553162,False,True,406.6745816038433,104.05071392590162,63.15837140020932,13.728738079827856,406.6745816038433,0.0,63.15837140020932,,300.63686799448845,14.61076531578562,315.24763331027407,46.73002384602483,3.1461538461538465,False,19651.631996100477,0.019651631996100476,0.012189855529827872,Easy-Axis (Uniaxial),1207051.759605329,1207.051759605329,15168.260056587987,88.44021500983224,Hard Magnet,94.3901310331517,3.6886137648086006,705.9440337838989,0.8871154361524166,117.31040086377891,14.741660028118373,15.324470991664288,130.03301038127265,4.229746948949092,1.2497080075190448,0.17714304560580169,Semi-Hard (0.1 <= kappa < 1.0),248.3518693252256,13.672251515683856
mp-1104566,Pr(MnCo2)4,4/mmm,139,I4/mmm,tetragonal,3,"Co,Mn,Pr",13,164.07729535519428,8.421498643941097,1,0,0,Pr(MnCo2)4,0.0,-0.2,0.0,4.947630453315395,0,FM,0.9080840128454092,0.08990662376318731,0.002009363391403513,0.9080840128454092,0.8181773890822219,0.28819775695589034,True,False,441.94466438091774,207.97971576537424,14.815141605383786,29.078106804820138,441.94466438091774,0.0,14.815141605383786,,401.32288428664134,18.698754055692138,420.02163834233346,13.705051240045817,5.723076923076923,False,70768.59229627911,0.0707685922962791,0.009235929013650989,Easy-Axis (Uniaxial),174982.5440761259,174.9825440761259,2198.8955426218736,91.59043148598333,Hard Magnet,72.33738870883376,0.5703446193835617,609.1892209176835,0.7655297524324336,116.58811836840533,14.650895331103808,4.479421134878877,263.22920398272197,8.155354140127855,1.2656484456382069,0.3895499349436924,Semi-Hard (0.1 <= kappa < 1.0),382.4367045118438,16.325221398502226
mp-1192456,Nd2Fe15Co2H3,-3m,166,R-3m,trigonal,4,"Co,Fe,H,Nd",22,264.5195667822112,7.828433863177183,1,0,0,Nd2Fe15Co2H3,0.0,-0.2,0.0,8.709132672784616,0,FM,0.9273917353789283,0.07069108751165694,0.0019171771094147513,0.9273917353789283,0.8567006478672713,0.24503016359027216,True,False,635.5615103005432,237.8098201660188,11.042881715022531,13.547278364764793,635.5615103005432,0.0,11.042881715022531,,589.4144919776734,16.811034808487435,606.2255267861608,10.285757061775431,1.7181818181818183,False,16767.227487379158,0.016767227487379157,0.0024074590835360364,Easy-Axis (Uniaxial),104562.33079693824,104.56233079693824,1313.9690266219602,16.121442433238254,Hard Magnet,94.53429586852769,4.798554110990125,740.055483008793,0.929981147467708,116.55512903647363,14.646749769309533,2.5590629063893338,239.12016973652004,18.285794316524388,1.0055100734258429,0.1560850887528034,Semi-Hard (0.1 <= kappa < 1.0),568.4886489551897,15.744555432612103
mp-1226077,CoAu4,-3m,166,R-3m,trigonal,2,"Au,Co",5,85.29248487005265,16.48613716998183,1,0,0,CoAu4,0.0,-0.2,0.0,3.503304148621139,0,FM,0.8443460980350075,0.14009306828252333,0.015560833682469162,0.8443460980350075,0.7042530297524842,0.43962978658003804,True,False,376.02596131062853,187.0518356775346,105.44724491025417,9.603637516999726,376.02596131062853,0.0,105.44724491025417,,317.4960531924919,26.204665587944188,343.7007187804361,89.04413448206192,8.8,False,576.025657004169,0.000576025657004169,0.00017046831602194237,Easy-Axis (Uniaxial),37937.16006666353,37.93716006666353,476.7324227154184,2.293481629808612,Hard Magnet,67.69972762171739,1.3594600724476678,1116.1069959420406,1.402541415628675,116.46790160891237,14.635788447271867,7.039035410244802,147.06683622641094,3.2431400228670952,0.7862357281536908,0.01918271840620868,Soft / Non-Viable,234.9228343599447,25.004017963017347
mp-1102707,FeSbPt,23,198,P2_13,cubic,3,"Fe,Pt,Sb",12,215.51803092373297,11.486085733137164,0,0,1,FeSbPt,0.0,-0.6,0.5,3.1586735766127205,0,FM,0.7141517713318374,0.26986213458385033,0.015986094084312313,0.7141517713318374,0.44428963674798705,0.6007784159304983,False,True,445.5445881437629,276.7035670116992,1.8710749753518314,15.064861426460595,445.5445881437629,0.0,1.8710749753518314,,318.18645683018224,74.67181524074262,392.85827207092484,4.2794020333083,4.033333333333333,False,13407.054014626145,0.013407054014626144,0.0019751044709579095,Easy-Axis (Uniaxial),104767.70381488498,104.76770381488498,1316.5498201298053,20.73490512674619,Hard Magnet,52.969417239944974,16.12772751757465,608.4112676523217,0.7645521475271149,116.29053531581921,14.613499941103834,8.813341797472397,141.48143941457622,40.07190598481534,0.5113105007735382,0.16977138788141138,Semi-Hard (0.1 <= kappa < 1.0),316.214254899542,69.44120461656722
mp-1227244,Fe74W13,mm2,42,Fmm2,orthorhombic,2,"Fe,W",87,1047.870715466238,10.335991730867503,0,1,0,Fe74W13,0.0,-0.2,0.0,2.842397725988564,0,FM,0.8852687492961792,0.11223461341181233,0.0024966372920085713,0.8852687492961792,0.7730341358843669,0.33525909377456126,True,False,494.37943701797553,235.58482171985668,1.0465398942257877,15.805270782289483,494.37943701797553,0.0,1.0465398942257877,,437.6586658866524,26.440771391418842,464.0994372780712,2.001264764538,0.8321839080459771,True,159.66207732306887,0.00015966207732306888,4.8996757316234934e-05,Easy-Axis (Uniaxial),43685.260024892166,43.685260024892166,548.9651785221641,17.428010268056564,Hard Magnet,94.09027047992662,2.7674642067108692,972.5162576356082,1.2220999721938661,116.23233274596161,14.606185990326358,39.984329896443995,197.20616459760635,9.581092816199885,0.8370919788377201,0.011590417646824502,Soft / Non-Viable,436.1372159006637,24.50428693939829
mp-1219351,Sm4Fe31(CoC2)3,1,1,P1,triclinic,4,"C,Co,Fe,Sm",44,544.2978314930428,7.875613939345268,0,1,1,Sm4Fe31(CoC2)3,0.0,-0.2,0.0,3.8393617954308175,0,FM,0.9294823044392384,0.06862119154064443,0.0018965040201172163,0.9294823044392384,0.860861112898594,0.24003395948025305,True,False,717.4702557254607,227.82942716475938,2.304653351996194,14.593910356039686,717.4702557254607,0.0,2.304653351996194,,666.8759066583109,15.633926760068253,682.5098334183791,2.364666021946814,1.5386363636363636,False,69428.93759891846,0.06942893759891847,0.013278462994626865,Easy-Axis (Uniaxial),269037.54150545754,269.03754150545757,3380.8255214127507,10.822138708927032,Hard Magnet,87.25398411696817,4.69257404335174,687.1786935750051,0.863534214175467,116.19345592076984,14.601300584294755,16.11114004739847,402.6073450765316,27.736760057516136,1.767143735937931,0.34205476315706607,Semi-Hard (0.1 <= kappa < 1.0),661.7919035620832,14.570708678666136
mp-1190849,Sm2Co17N3,-3m,166,R-3m,trigonal,3,"Co,N,Sm",22,255.842489646169,8.727120215401852,1,0,0,Sm2Co17N3,0.0,-0.6,0.5,1.8545130457728936,0,FM,0.9134141974365179,0.08442443014664938,0.0021613724168327597,0.9134141974365179,0.8289897672898685,0.2773290539146104,True,False,664.0888108129059,170.10941514873062,7.56929695664337,9.10621782441379,664.0888108129059,0.0,7.56929695664337,,606.5881481552419,14.361390436511389,620.9495385917534,6.956514410607474,7.1045454545454545,False,421985.3368071058,0.4219853368071058,0.05288990062315094,Easy-Axis (Uniaxial),96732.4432994344,96.7324432994344,1215.5757565481083,44.974497107682886,Hard Magnet,79.28313896762435,9.310867836004832,691.9134848248689,0.8694841283382083,116.14414881081899,14.59510446999873,1.6762631744566137,161.52595040156854,51.61639118908795,0.9495415069197825,0.8375137645753821,Semi-Hard (0.1 <= kappa < 1.0),591.6599811723892,13.73597646777833
mp-1104681,Nd(MnCo2)4,4/mmm,139,I4/mmm,tetragonal,3,"Co,Mn,Nd",13,162.22599591034603,8.55173383892457,1,0,0,Nd(MnCo2)4,0.0,-0.2,0.0,10.36897727969604,0,FM,0.9030066483726735,0.09494117439836577,0.0020521772289607576,0.9030066483726735,0.8080654739743077,0.29889433754310324,True,False,426.0215023523725,228.6247727576607,19.458105320101993,11.269762209543401,426.0215023523725,0.0,19.458105320101993,,384.700248973907,21.70590442217181,406.40615339607876,17.60334578354519,5.723076923076923,False,52434.407400802666,0.052434407400802664,0.020522433972516133,Easy-Axis (Uniaxial),241734.33971114666,241.73433971114667,3037.723362041375,31.972963138023097,Hard Magnet,71.76788856736206,1.3575519016478808,613.739881209678,0.7712482808093586,115.38199721581229,14.499329674066326,7.932484049879885,258.92952682655533,13.38329708607749,1.1325523638727342,0.33282727181639943,Semi-Hard (0.1 <= kappa < 1.0),361.2682626303358,20.54804643614193
mp-1221728,MnCrPt6,4/mmm,123,P4/mmm,tetragonal,3,"Cr,Mn,Pt",8,118.93127504251837,17.83581271741047,1,0,0,MnCrPt6,0.0,-0.2,0.0,11.147382948381544,0,FM,0.6775319662820166,0.31595554114474184,0.006512492573241621,0.6775319662820166,0.3615764251372748,0.6012818944852646,False,True,400.53773864679874,232.03278692955624,3.1751537808329715,40.561325137691114,400.53773864679874,0.0,3.1751537808329715,,271.37712163551805,73.31204475765053,344.6891663931686,12.994880857128491,7.0125,False,970.686904068135,0.000970686904068135,0.00040069499420722213,Easy-Axis (Uniaxial),77497.77097498509,77.49777097498509,973.8657307776319,3.8460599599818166,Hard Magnet,45.50575784651555,2.152820870174736,811.6321745142833,1.0199270707484724,115.01167666743669,14.452793820592271,5.731037830039112,181.3848830783345,0.5051025861476859,0.7817209174555226,0.03424328325780231,Soft / Non-Viable,268.53498868680197,60.950815527548826
mp-1219957,Pr2Co16Cu,3m,160,R3m,trigonal,3,"Co,Cu,Pr",19,249.1274448004912,8.587010143810838,0,1,0,Pr2Co16Cu,0.0,-0.2,0.0,1.824739655559803,0,FM,0.9271897814787117,0.07093092983747787,0.0018792886838105462,0.9271897814787117,0.8562588516412338,0.24537819745978998,True,False,995.4048894685992,165.37953965175114,7.989540571081079,6.597994715076382,995.4048894685992,0.0,7.989540571081079,,922.9292419492316,11.730524523592749,934.6597664728243,7.42258907018799,7.894736842105263,False,17154.276894812552,0.017154276894812553,0.02028242543782602,Easy-Axis (Uniaxial),205266.28310688125,205.26628310688125,2579.452238263936,28.19507456447641,Hard Magnet,70.27330397632593,7.1194911181145315,603.4375740838133,0.7583020198567018,114.39698282129594,14.375549112241936,8.389769495688093,247.65637883534725,59.496102956524325,1.4975031334399105,0.19361942550568373,Semi-Hard (0.1 <= kappa < 1.0),898.9875827321106,11.355893884420864
mp-1199591,Pr6Fe13As,4/mmm,140,I4/mcm,tetragonal,3,"As,Fe,Pr",40,744.1445038414126,7.347585404048702,1,0,0,Pr6Fe13As,0.0,-0.6,0.5,2.020585986113393,0,FM,0.8921484321177525,0.10588163874761139,0.0019699291346361395,0.8921484321177525,0.7862667933701412,0.3202556477963236,True,False,480.13425012166806,164.61686282132254,51.537937503922905,19.598078784243,480.13425012166806,0.0,51.537937503922905,,428.35101845207896,17.429903201012372,445.78092165309135,46.02629092940256,3.07,False,2057.93205514362,0.00205793205514362,0.0008658051543876372,Easy-Axis (Uniaxial),33625.665655959696,33.62566565595969,422.55258499622687,13.812555715874062,Hard Magnet,81.93056761783252,7.5297844461907175,601.9918427742115,0.7564852603121778,113.84948897171424,14.306749004676101,1.841368453170325,175.41833760164764,9.60608702863135,1.065615846367144,0.06722332311072293,Soft / Non-Viable,365.5517422900897,15.874367660691059
mp-1223925,HoFeRu,mmm,74,Imma,orthorhombic,3,"Fe,Ho,Ru",6,101.9009580393612,10.489336671449603,1,0,0,HoFeRu,0.0,-0.2,0.0,2.884567584648641,0,FM,0.8563118199332715,0.13980134089915391,0.0038868391675745866,0.8563118199332715,0.7165104790341177,0.3909186116026591,True,False,403.97607392315564,203.9773294399953,93.21600691192396,21.807376330646107,403.97607392315564,0.0,93.21600691192396,,345.9294870706352,28.516304168739804,374.445791239375,79.8801679627738,6.366666666666666,False,1754.8486495908828,0.0017548486495908829,0.0008366812990843745,Easy-Axis (Uniaxial),24887.563515464106,24.887563515464105,312.74635289943376,3.4877285557621485,Hard Magnet,79.60740478320125,0.3008933184677005,835.0288703113654,1.0493282258022278,113.64581080994019,14.281154051509828,12.337067104577185,170.56003901240422,24.944366472236638,0.8361715465177636,0.04475209900829119,Soft / Non-Viable,263.9232490462574,25.712674339766615
mp-1226016,Co4Os,-3m,166,R-3m,trigonal,2,"Co,Os",5,59.49156778923655,11.889547786026698,1,0,0,Co4Os,0.0,-0.2,0.0,2.5265289045306734,0,FM,0.8934090288120974,0.10298487136364694,0.0036060998242557394,0.8934090288120974,0.7904241574484504,0.3232114189270761,True,False,831.1934887452048,281.26267309086984,0.746478318056745,6.819672469813752,831.1934887452048,0.0,0.746478318056745,,742.5957675347925,28.965800207658713,771.5615677424512,0.9685180945661521,8.200000000000001,False,100.24574196355728,0.00010024574196355728,0.00015287569102729077,Easy-Axis (Uniaxial),38055.600345909384,38.05560034590938,478.2207871890044,29.57134727715147,Hard Magnet,114.4555539030733,15.111356601704742,1360.8247775067446,1.7100628495352614,113.36769462389294,14.246204940153657,4.281809724167862,207.67929003226476,32.961759541378285,0.7383819820455454,0.00656335397245122,Soft / Non-Viable,740.7525817304381,28.0106818290087
mp-1190514,Sm2Fe17H3,-3m,166,R-3m,trigonal,3,"Fe,H,Sm",22,262.0701748014643,7.939996051800293,1,0,0,Sm2Fe17H3,0.0,-0.2,0.0,2.1834989142450807,0,FM,0.9237534831549324,0.07432616417090922,0.0019203526741583903,0.9237534831549324,0.8494273189840232,0.253474885005,True,False,535.5447202454225,243.5302084116758,4.01934987009048,12.203407369317105,535.5447202454225,0.0,4.01934987009048,,494.7113007119429,18.100666250981952,512.8119669629249,3.82207384403836,1.0,False,29457.877689303128,0.02945787768930313,0.01629149056926157,Easy-Axis (Uniaxial),112731.53550846623,112.73153550846622,1416.6262826459074,16.533176489173588,Hard Magnet,89.10947737432942,12.149337108456578,707.5288985301631,0.8891070359299355,113.19585661146182,14.22461113823571,10.50056126025061,228.86570105563374,22.695439948776027,0.9397836208834822,0.2163971876540179,Semi-Hard (0.1 <= kappa < 1.0),488.1708689825201,17.0597319575361
mp-1219201,Sm2Co16Ag,3m,160,R3m,trigonal,3,"Ag,Co,Sm",19,252.6738827458172,8.882004775767998,0,1,0,Sm2Co16Ag,0.0,-0.2,0.0,1.8874260148506996,0,FM,0.9277890337887579,0.07029485739330427,0.0019161088179379664,0.9277890337887579,0.8574941763954536,0.24409469223837174,True,False,1019.0465892412931,177.5908538854477,34.475069641919845,9.399733790208856,1019.0465892412931,0.0,34.475069641919845,,945.4602504179086,12.48372374823268,957.9439741661413,31.992415686276974,8.210526315789473,False,10365.83801678383,0.01036583801678383,0.0008692015275870587,Easy-Axis (Uniaxial),197593.6719247294,197.5936719247294,2483.0353606960534,31.855161987327296,Hard Magnet,67.48672734187286,6.682558224551226,599.4174345514675,0.7532501635282124,112.87782014938861,14.184645496946386,1.8439882816553907,265.80707288700285,59.54845438473026,1.4967385260642854,0.15151928293947117,Semi-Hard (0.1 <= kappa < 1.0),848.0096152727555,11.923342520329792
mp-1226287,CrCoPt2,3m,160,R3m,trigonal,3,"Co,Cr,Pt",4,54.93226075613934,15.14759495101672,0,1,0,CrCoPt2,0.0,-0.2,0.0,7.005762664845233,0,FM,0.7841908364567253,0.2062462382112811,0.009562925331993478,0.7841908364567253,0.5779445982454442,0.5103739230785382,False,True,415.34302572419807,328.37831644965763,12.715607824738697,1.7806812353143755,415.34302572419807,0.0,12.715607824738697,,325.70819475912606,67.72679247789553,393.4349872370216,9.978224095805231,7.0,False,30025.863049303938,0.03002586304930394,0.015479956993217494,Easy-Axis (Uniaxial),124462.17397760187,124.46217397760186,1564.0378360558818,5.196898892393511,Hard Magnet,58.64428508779076,7.362905935236402,888.3198767018044,1.1162956794736718,112.77210203979955,14.171360567230844,10.046617635637993,151.2979168342609,63.68593430924208,0.460742714287762,0.17400969182400303,Semi-Hard (0.1 <= kappa < 1.0),312.4642837862468,67.12911470341733
mp-1084832,Fe5Co3,m-3m,229,Im-3m,cubic,2,"Co,Fe",8,85.09936332657782,8.898381964087266,1,0,0,Fe5Co3,0.0,-0.2,0.0,4.337961207492542,0,FM,0.9294176957353393,0.06833189387855342,0.0022504103861073397,0.9294176957353393,0.8610858018567858,0.24131434192890208,True,False,1201.305912216255,459.6867070685676,24.58909019970872,48.775681836214346,1043.0,0.0,24.58909019970872,,1116.5149728052713,31.411263284791033,1147.9262360900623,23.095292618120087,3.0625,True,277.60388283881105,0.000277603882838811,1.849463309355713e-05,Easy-Axis (Uniaxial),12430.050946117271,12.430050946117271,156.20062997877756,2.7496326537017572,Hard Magnet,135.62830061755687,3.0094140285737154,1206.872424035074,1.5166006164674775,112.26169903181896,14.107221432375137,22.124000338059552,208.90050309853228,10.665041431466733,0.4544410353536117,0.01231534186303345,Soft / Non-Viable,1031.933918775567,25.2526798865101
mp-1227675,Ce2Co16Cu,-3m,164,P-3m1,trigonal,3,"Ce,Co,Cu",38,491.44752670801216,8.695254927450783,1,0,0,Ce2Co16Cu,0.0,-0.2,0.0,1.8477416720832915,0,FM,0.9277309437261604,0.07036141816953986,0.001907638104299746,0.9277309437261604,0.8573695255566205,0.24420329425828316,True,False,879.2771067474307,156.02934005919042,6.5062352581394975,11.702529038146409,879.2771067474307,0.0,6.5062352581394975,,815.7325800396018,10.978445642622034,826.7110256822239,6.091939446495872,7.894736842105263,False,295.15749475414714,0.00029515749475414715,0.00047198878154274443,Easy-Axis (Uniaxial),38088.17218401837,38.08817218401837,478.63009698622443,11.437140223223528,Hard Magnet,68.71044738872101,0.6169150534472294,597.4548562241241,0.7507839148661017,112.13987397792796,14.091912444304645,2.340813487781172,253.5945223377074,40.52916349867897,1.6253002303381223,0.025651743003971626,Soft / Non-Viable,798.4169516348585,10.371577224421198
mp-1219992,Pr2Cr2Co15,2/m,12,C2/m,monoclinic,3,"Co,Cr,Pr",19,247.1060410735571,8.533022944232272,1,0,0,Pr2Cr2Co15,0.0,-0.2,0.0,3.946523111707426,0,FM,0.9264933854107584,0.07159217296999902,0.001914441619242625,0.9264933854107584,0.8549012124407595,0.24712041829372441,True,False,854.348232504071,161.25092058637594,31.642445255357075,2.4741269605113985,854.348232504071,0.0,31.642445255357075,,791.5479862523945,11.544303798191402,803.0922900505859,29.31705131964889,7.578947368421053,False,19273.738061763517,0.019273738061763517,0.0312857483908975,Easy-Axis (Uniaxial),277348.84423920396,277.34884423920397,3485.268433882152,48.207008781627955,Hard Magnet,69.98133038686154,0.12274780252342765,597.1522978589886,0.750403708811225,112.0263247596326,14.07764342842674,5.1564061044581,355.0180994786748,102.5400646305072,2.201650063067424,0.2073924472703053,Semi-Hard (0.1 <= kappa < 1.0),716.02534377913,11.403238499151936
mp-1226000,CoOs,-6m2,187,P-6m2,hexagonal,2,"Co,Os",2,25.439092356816733,16.264150231113252,0,0,0,CoOs,0.0,-0.2,0.0,3.456131924111566,0,FM,0.7534532408109049,0.23218218701074855,0.014364572178346548,0.7534532408109049,0.5212710538001564,0.5582339042188884,False,True,750.2268733772681,220.272701911502,34.39408593507869,28.926159078125224,750.2268733772681,0.0,34.39408593507869,,565.260869089535,51.143397668579226,616.4042667581143,26.770493205479845,8.5,False,216.27777293232543,0.00021627777293232545,0.00011182584743630237,Easy-Axis (Uniaxial),29733.80600511041,29.733806005110413,373.6460332944791,10.121043609179734,Hard Magnet,118.72394644560954,25.617735583999988,1930.9441010220378,2.4264959209053525,111.82692546855876,14.052586174021208,6.7036945121039615,151.2849211354145,34.13056679894487,0.6868073974785835,0.00679409023921243,Soft / Non-Viable,507.120992444177,44.68113026010768
mp-2026160,Fe3Re,mmm,63,Cmcm,orthorhombic,2,"Fe,Re",8,98.07541440590798,11.978586374089566,1,0,0,Fe3Re,0.037414109706511,-0.1812929451467445,0.0,3.294111252874631,0,FM,0.8116808812887454,0.1850415358895918,0.0032775828216627372,0.8116808812887454,0.6266393453991536,0.4553953752550493,True,False,565.829984396106,204.92726368733906,15.637496990541365,41.850796625394636,565.829984396106,0.0,15.637496990541365,,459.2733803942284,37.92005561835659,497.193436012585,14.868597372665114,0.1,True,102.38055891581077,0.00010238055891581076,7.622187500626905e-05,Easy-Axis (Uniaxial),39596.024141301576,39.59602414130158,497.5783238811384,24.453531411352156,Hard Magnet,108.86588983971124,4.069699440869371,1304.059464637101,1.638729453579262,111.47843777843697,14.008793918484335,19.814791230550032,252.93770383497264,29.254489096451593,1.2342803943397396,0.00692159876918026,Soft / Non-Viable,436.5197906837964,31.35822262937706
mp-1200485,Nd6Fe13As,4/mmm,140,I4/mcm,tetragonal,3,"As,Fe,Nd",40,736.9526806245556,7.509447026600949,1,0,0,Nd6Fe13As,0.0,-0.6,0.5,6.758502323940854,0,FM,0.8414996245878307,0.15642381820795068,0.002076557204218669,0.8414996245878307,0.68507580637988,0.4080053005819218,True,False,535.9811867345293,169.94337803747263,3.438961680934028,6.350041664591828,535.9811867345293,0.0,3.438961680934028,,451.02796742324637,26.583192071778655,477.61115949502505,3.0596095547855544,3.07,False,2104.77323337305,0.00210477323337305,0.0002552384408378639,Easy-Axis (Uniaxial),40882.586810896835,40.88258681089683,513.7457475199554,11.304512811346495,Hard Magnet,79.2303092422765,6.198222044812113,594.9758101560869,0.7476686536999992,111.21119074086695,13.975210664634972,1.2467648360598613,181.9303826826158,9.778015899187295,1.0705352852436536,0.06878574019331939,Soft / Non-Viable,445.91633677302997,25.76514340131596
mp-1219060,SmTiFe5Co6,mm2,44,Imm2,orthorhombic,4,"Co,Fe,Sm,Ti",13,169.60755758620712,8.136388234676758,0,1,0,SmTiFe5Co6,0.0,-0.2,0.0,3.96648926440492,0,FM,0.9303538584963063,0.06776273181323841,0.0018834096904552,0.9303538584963063,0.8625911266830678,0.23791844602794668,True,False,845.7441812660966,238.91181545833282,9.661369297125873,21.666607617087635,845.7441812660966,0.0,9.661369297125873,,786.8413623417124,16.189317277916913,803.0306796196293,9.10761053373641,4.507692307692308,False,28093.31812448155,0.02809331812448155,0.06717711220863377,Easy-Axis (Uniaxial),187708.96953240907,187.70896953240907,2358.820524608398,24.998723032854812,Hard Magnet,89.45855535959255,8.891530156235362,727.8695373189682,0.914667836485229,110.38009728775064,13.870772379135783,15.695554904370598,313.7811620920889,9.81014529545456,1.313376492033788,0.20542015037564523,Semi-Hard (0.1 <= kappa < 1.0),762.2920780797072,14.606906698263494
mp-1188423,Sm2Al2Fe15,-3m,166,R-3m,trigonal,3,"Al,Fe,Sm",19,261.23203539670465,7.579304614482615,1,0,0,Sm2Al2Fe15,0.0,-0.2,0.0,2.0843087689827198,0,FM,0.9269649318775405,0.07116010265627078,0.0018749654661888312,0.9269649318775405,0.8558048292212697,0.24588963009317233,True,False,506.4612998784321,245.21601674999994,5.6870822004517265,15.06820486256278,506.4612998784321,0.0,5.6870822004517265,,469.4718643404214,17.44959692489181,486.9214612653132,5.37966758562298,1.1421052631578947,False,1213.4240489554816,0.0012134240489554817,6.992383611571573e-05,Easy-Axis (Uniaxial),101432.07591036822,101.43207591036823,1274.633082835735,20.147460201404794,Hard Magnet,81.39528183415523,2.045816187239481,616.9196352027257,0.7752440775232712,110.26476426680426,13.856279204001366,11.160403839172018,304.2306331220245,22.935538808996707,1.2406637916812364,0.05037009545613649,Soft / Non-Viable,460.73768733796464,16.227035452351316
mp-1227197,CeNd3(Fe14B)2,mmm,65,Cmmm,orthorhombic,4,"B,Ce,Fe,Nd",68,926.3988244784535,7.73673092599494,1,0,0,CeNd3(Fe14B)2,0.0,-0.2,0.0,6.963057833395446,0,FM,0.9289021309811603,0.06921971195138184,0.001878157067457809,0.9289021309811603,0.8596824190297784,0.24134764849435147,True,False,573.8133104963638,167.73484781261587,2.029022622116713,9.39415277074346,573.8133104963638,0.0,2.029022622116713,,533.0164069054265,11.61055784979814,544.6269647552247,1.9937833374417682,1.2647058823529413,False,398082.0951558096,0.3980820951558096,0.07691046390312782,Easy-Axis (Uniaxial),604631.0058229723,604.6310058229723,7598.017451710543,7.645164339890621,Hard Magnet,123.62196409277057,3.8600305537168964,956.4298727287741,1.201885224735415,110.02778223651575,13.826499163207343,4.339700957998884,358.1225525141399,32.91006737491304,2.1350515839988997,0.5884753257470164,Semi-Hard (0.1 <= kappa < 1.0),529.4356174230741,11.089667687626438
mp-1224069,HoFe11Re,mm2,44,Imm2,orthorhombic,3,"Fe,Ho,Re",13,167.77912306220455,9.55505104865584,0,1,0,HoFe11Re,0.0,-0.2,0.0,2.6276390383803565,0,FM,0.9235716856119272,0.07448405951253442,0.0019442548755384162,0.9235716856119272,0.8490876260993927,0.25397112768213664,True,False,515.0632586147235,225.4789251824701,7.176121332027321,15.563572351427638,515.0632586147235,0.0,7.176121332027321,,475.69784195557213,16.7945856821134,492.4924276376855,6.728279329396814,0.8615384615384616,False,640.7849066321944,0.0006407849066321944,1.2603262940823977e-05,Easy-Axis (Uniaxial),109419.36246793646,109.41936246793645,1375.004287871133,27.04506066326922,Hard Magnet,70.56407305667284,17.694099958368348,674.2433202575892,0.847279144661293,109.78349235854711,13.795800791172063,28.25838985863398,317.83693060246185,7.570349827537626,1.4096081500532722,0.03349149639697197,Soft / Non-Viable,464.584785978259,15.582025755941388
mp-1219399,Sm2Fe20Si2C,-1,2,P-1,triclinic,4,"C,Fe,Si,Sm",25,323.52629501242967,7.626062578384744,1,0,0,Sm2Fe20Si2C,0.0,-0.2,0.0,2.097167209055805,0,FM,0.9300812314812928,0.06804150375356108,0.0018772647651461298,0.9300812314812928,0.8620397277277317,0.23854789589933917,True,False,544.895861272058,248.01085352421012,3.3195785476639794,26.721947597857294,544.895861272058,0.0,3.3195785476639794,,506.7974136809754,16.87503142099143,523.6724451019668,3.583067855459487,0.892,False,20638.462187391502,0.0206384621873915,0.008489422765265276,Easy-Axis (Uniaxial),337060.74065081077,337.06074065081077,4235.63026885387,18.25376470404185,Hard Magnet,104.00401286371286,15.227248801247349,793.1411105018061,0.9966905144050098,109.58002765912717,13.77023266247685,13.561914880973351,376.9942012124647,11.734664277748664,1.5200713833907418,0.16157838908590924,Semi-Hard (0.1 <= kappa < 1.0),501.2509407809328,14.886103087754979
mp-1221704,MnCoPt2,4/mmm,123,P4/mmm,tetragonal,3,"Co,Mn,Pt",4,56.040444448524,14.935228628629988,1,0,0,MnCoPt2,0.0,-0.2,0.0,8.774446819320119,0,FM,0.6394314187463681,0.35484184644458916,0.005726734809042762,0.6394314187463681,0.28458957230177895,0.6218288882971461,False,True,406.10037969967414,311.9875169693026,17.4810350334254,9.142110744108379,406.10037969967414,0.0,17.4810350334254,,259.6733419448014,110.70622658904992,370.3795685338513,11.63913750027181,6.525,False,36960.89633811768,0.03696089633811768,0.022907188206874665,Easy-Axis (Uniaxial),148272.25320432652,148.27225320432652,1863.2441217888243,5.189455392560578,Hard Magnet,73.74166228534091,6.3004174827559325,1101.3485856867878,1.3839954503340486,109.35257229561051,13.74164977795983,18.020289782748343,175.90848879380968,43.66914277088547,0.5638318177041611,0.15571896803190344,Semi-Hard (0.1 <= kappa < 1.0),245.37529485891545,105.86698794916752
mp-1220130,Pr7Y(Fe14B)4,mm2,38,Amm2,orthorhombic,4,"B,Fe,Pr,Y",68,937.7416744547004,7.51844119494268,0,1,0,Pr7Y(Fe14B)4,0.0,-0.2,0.0,2.067571328609237,0,FM,0.9286295471951028,0.0694928209970694,0.0018776318078277234,0.9286295471951028,0.8591367261980334,0.24198968608747526,True,False,570.1962344951646,168.30895870766523,4.547161050919215,0.7332439433474889,570.1962344951646,0.0,4.547161050919215,,529.5010710515974,11.696264339674924,541.1973353912723,4.222935539131523,1.2647058823529411,False,350275.8217193621,0.3502758217193621,0.04744865489822481,Easy-Axis (Uniaxial),531266.8819856952,531.2668819856952,6676.096663863467,42.319304912253436,Hard Magnet,122.19472884073056,8.29784338533571,918.7138831209991,1.154489914385553,109.32222852878833,13.737836667688521,10.638414450254645,285.44225158769746,7.014590724260273,1.695942116090685,0.5746717772890569,Semi-Hard (0.1 <= kappa < 1.0),521.5951472583913,11.65353990191673
mp-1220153,Pr4ZrCo25,mmm,65,Cmmm,orthorhombic,3,"Co,Pr,Zr",30,427.0074660120764,8.276046083247063,1,0,0,Pr4ZrCo25,0.0,-0.2,0.0,1.758659792690001,0,FM,0.9298772834473686,0.06814882394490543,0.001973892607725924,0.9298772834473686,0.8617284595024632,0.23934683696505296,True,False,909.4873207671219,146.13870018717097,6.861453028089159,5.3638835956195265,909.4873207671219,0.0,6.861453028089159,,845.7115991647569,9.959180550592832,855.6707797153497,6.39077209800291,8.003333333333334,False,104142.92974205174,0.10414292974205173,0.0854011708504987,Easy-Axis (Uniaxial),261831.54136475286,261.83154136475287,3290.2722512383575,98.41921568701126,Hard Magnet,71.20839811342465,0.8468698769322174,589.3239843009056,0.7405663598655967,109.10837945880294,13.710963600476735,4.307324567949747,334.2353620480056,26.008882652961688,2.287110543750046,0.4884901907128142,Semi-Hard (0.1 <= kappa < 1.0),826.80140254111,9.699057474198705
mp-601842,Fe9Co7,m-3m,221,Pm-3m,cubic,2,"Co,Fe",16,182.58218119015507,8.32294443031301,1,0,0,Fe9Co7,0.0,-0.2,0.0,4.057435409777592,0,FM,0.9258415179760101,0.07186315188482313,0.002295330139166702,0.9258415179760101,0.8539783660911869,0.2498621711957852,True,False,1208.3273368611792,439.1227719062547,32.70081709889496,45.08364802469006,1043.0,0.0,32.70081709889496,,1118.7196157714639,31.556746453583724,1150.2763622250475,30.448631293503357,3.55625,True,135.25665569387914,0.00013525665569387915,8.738878727359093e-05,Easy-Axis (Uniaxial),16765.114545802855,16.765114545802856,210.67664686754748,5.206268351115917,Hard Magnet,121.89155089254099,7.576404806127655,1014.4966046032888,1.2748540320453925,108.66968762953852,13.655835958285493,20.588059104206458,227.06743816526944,12.381085360319148,0.5170932884659065,0.010226423941468084,Soft / Non-Viable,1008.7618288946904,25.751817151346344
mp-1190200,Sm2Fe17B3,-3m,166,R-3m,trigonal,3,"B,Fe,Sm",22,278.8938221969016,7.636136321763242,1,0,0,Sm2Fe17B3,0.0,-0.2,0.0,2.099937488484892,0,FM,0.9281200613308169,0.06997396827476308,0.0019059703944199848,0.9281200613308169,0.8581460930560538,0.24328327933796437,True,False,589.8522181512543,191.60797275255783,2.9941785603922426,32.422237392727766,589.8522181512543,0.0,2.9941785603922426,,547.4536768866606,13.407570206579152,560.8612470932397,3.587430831236677,1.0,False,111855.49692908724,0.11185549692908724,0.08783524509085662,Easy-Axis (Uniaxial),341458.7733372751,341.4587733372751,4290.897578639721,10.445406309579319,Hard Magnet,92.12897711549928,4.782967400939825,703.5094284385586,0.8840560208454921,108.61373495816117,13.648804738094988,12.331945425139587,428.16372839377203,22.602939246414564,2.2345820074340113,0.42408587876095183,Semi-Hard (0.1 <= kappa < 1.0),542.0437575610481,11.53725250817903
mp-1217679,Tb3SmFe34,m,8,Cm,monoclinic,3,"Fe,Sm,Tb",38,519.5157556201628,8.073478452788725,0,1,0,Tb3SmFe34,0.0,-0.2,0.0,2.2202065745168995,0,FM,0.9283153558523571,0.06980356737252622,0.0018810767751165868,0.9283153558523571,0.8585117884798309,0.24274175054005276,True,False,405.42670381034213,279.3238621732645,2.802926383973613,10.354076984566632,405.42670381034213,0.0,2.802926383973613,,376.36383481974593,19.497802031965694,395.86163685171164,2.700513225797199,1.1421052631578947,False,2512.8536926367738,0.0025128536926367737,0.0007248784653013698,Easy-Axis (Uniaxial),70521.5809801742,70.5215809801742,886.2003401235827,25.561799622713842,Hard Magnet,84.41041440725391,3.147693939702542,681.4856619079314,0.8563801395906939,108.56808776564091,13.643068542596405,2.850846756260855,449.46013065361416,127.57661060257766,1.6091003724372612,0.0656178424754905,Soft / Non-Viable,372.8799843326075,18.53807856873268
mp-1191478,Tm2Fe17C3,-3m,166,R-3m,trigonal,3,"C,Fe,Tm",22,265.9138978842664,8.26332926559214,1,0,0,Tm2Fe17C3,0.0,-0.2,0.0,2.2724155480378387,0,FM,0.9294279394333175,0.06870392509923293,0.0018681354674495692,0.9294279394333175,0.8607240143340845,0.24007001303113867,True,False,631.8915721942005,212.3164679665909,15.387402815940334,24.405649366403267,631.8915721942005,0.0,15.387402815940334,,587.2976818897351,14.586974712510347,601.8846566022455,14.399441907148852,1.0,False,67195.33935596529,0.06719533935596529,0.036108846242475186,Easy-Axis (Uniaxial),41194.7593379374,41.1947593379374,517.6686232665778,18.206919919398928,Hard Magnet,71.11522014589465,4.399593476134349,587.6484798605991,0.738460858889307,108.48885029071342,13.633111267638116,13.191804053502327,436.280977411002,9.656871224049866,2.0548616957948505,0.3935020749366634,Semi-Hard (0.1 <= kappa < 1.0),558.6440770741385,13.0005414335119
mp-1217543,TbNd3Fe34,m,8,Cm,monoclinic,3,"Fe,Nd,Tb",38,528.806139937104,7.820210878558617,0,1,0,TbNd3Fe34,0.0,-0.2,0.0,7.038189790702756,0,FM,0.9284522416443215,0.06966701461135645,0.0018807437443219503,0.9284522416443215,0.858785227032965,0.24241810151730134,True,False,385.927549498228,265.4591700091518,16.944776166167287,7.361653187377556,385.927549498228,0.0,16.944776166167287,,358.31529844392963,18.493747875746134,376.80904631967576,15.74077268443977,1.1421052631578947,False,156.29116315948656,0.00015629116315948657,0.00014199935632115517,Easy-Axis (Uniaxial),67260.89936183207,67.26089936183207,845.2254056560489,10.248102815289885,Hard Magnet,75.14385065838843,1.2594113292822158,587.6407583755133,0.7384511557849789,108.48599930218981,13.632753001847107,17.241943982835267,453.7585931653791,115.26146557378482,1.70933478451596,0.01897799680160178,Soft / Non-Viable,339.1587355799226,17.837191777242136
mp-1191539,Tb2Fe17C3,-3m,166,R-3m,trigonal,3,"C,Fe,Tb",22,269.7886963938812,8.021440176368781,1,0,0,Tb2Fe17C3,0.0,-0.2,0.0,2.205896048501415,0,FM,0.9293789343173051,0.06875454013668052,0.0018665255460144504,0.9293789343173051,0.8606243941806246,0.24018090068077064,True,False,675.795007853164,212.8779145539164,18.184472206927637,10.673643664686239,675.795007853164,0.0,18.184472206927637,,628.0696442155283,14.636323120410092,642.7059673359385,16.91619115706658,1.0,False,29777.480698558426,0.029777480698558425,0.01936465168755822,Easy-Axis (Uniaxial),128977.46178852757,128.97746178852756,1620.7786172207732,6.819817132481494,Hard Magnet,73.48780940782035,5.247049989108994,589.4780668572218,0.7407599857163845,108.37784480440045,13.619161906554764,23.641405572844025,430.2290990271673,23.495277952571456,2.021013311449937,0.2611387934998119,Semi-Hard (0.1 <= kappa < 1.0),592.1750107972621,13.894783292119495
mp-1217710,Tb2FeCo3,-3m,166,R-3m,trigonal,3,"Co,Fe,Tb",6,93.83770968867192,9.74148805455236,1,0,0,Tb2FeCo3,0.0,-0.2,0.0,4.748975426594276,0,FM,0.9290427262516353,0.06899612309702197,0.001961150651342766,0.9290427262516353,0.8600466031546133,0.2412858357679051,True,False,498.57498737958076,222.51290966252736,15.684182609254322,45.13945061968258,498.57498737958076,0.0,15.684182609254322,,463.19746551600036,15.352528105752267,478.5499936217526,14.900397922897396,7.35,False,13569.835911011018,0.013569835911011017,0.0009612604327926399,Easy-Axis (Uniaxial),58455.564325254614,58.45556432525461,734.5743000532011,16.267220837910617,Hard Magnet,62.87495716428171,2.575516532936877,612.4956441463415,0.7696847264023579,108.3061575794752,13.610153424012498,2.2026088975200655,399.7751539535078,34.54375149438974,1.7966380223054204,0.16965996049922322,Semi-Hard (0.1 <= kappa < 1.0),440.18435927402874,12.525546636367954
mp-1229277,BaFe12,6mm,186,P6_3mc,hexagonal,2,"Ba,Fe",26,406.5047902079209,6.596874293549217,0,1,0,BaFe12,0.0,-0.2,0.0,1.8141404307260347,0,FM,0.9168337342656644,0.0812179880902361,0.0019482776440994983,0.9168337342656644,0.8356157461754283,0.2691341625916831,True,False,587.5726768670941,329.66938852773603,51.64147275554086,6.456600863176078,587.5726768670941,0.0,51.64147275554086,,538.7064514845304,26.775084471161083,565.4815359556915,47.34954819713535,0.1,True,90.93431921035848,9.093431921035848e-05,2.347465634324435e-05,Easy-Axis (Uniaxial),14503.789524072296,14.503789524072296,182.25999801290862,7.031577133876359,Hard Magnet,106.28734435940561,1.2424081392057715,701.1642497341762,0.8811089823698748,108.12423538680217,13.587292406607318,2.4170643078364367,168.17571575889752,30.8986221679411,0.5101344608001067,0.012132190283742704,Soft / Non-Viable,459.59293191139255,25.937736414546123
mp-18695,Fe15Co,m-3m,221,Pm-3m,cubic,2,"Co,Fe",16,187.7399637331692,7.930399621400886,1,0,0,Fe15Co,0.0,-0.2,0.0,3.866069815432932,0,FM,0.918963297299508,0.078963294417594,0.0020734082828980527,0.918963297299508,0.840000002881914,0.26482613927965076,True,False,1113.7090878314782,396.288855694199,71.38433301046234,16.993562743444755,1043.0,0.0,71.38433301046234,,1023.4577755860425,31.29227358659246,1054.750049172635,65.61330484427069,0.59375,True,88.01003897445761,8.801003897445762e-05,6.698623500378297e-05,Easy-Axis (Uniaxial),10201.39446717485,10.20139446717485,128.1945061482207,2.553603512100991,Hard Magnet,133.6158977479996,4.197362641859641,1059.6274649138757,1.3315671437261631,108.00758136095881,13.572633229098487,13.963536542212283,194.8436344148934,13.792249881660211,0.49167073869280536,0.007897833398219341,Soft / Non-Viable,826.7374398563095,28.841660730359873
mp-1220461,NdFe5Co5Mo2,-1,2,P-1,triclinic,4,"Co,Fe,Mo,Nd",13,176.00678147952928,8.585533384049585,1,0,0,NdFe5Co5Mo2,0.0,-0.2,0.0,9.551405889755165,0,FM,0.925743705625024,0.07228107339780734,0.00197522097716876,0.925743705625024,0.8534626322272166,0.24906382455701906,True,False,831.1643681522057,204.3234257507924,16.47735237439855,14.97640177278565,831.1643681522057,0.0,16.47735237439855,,769.4451821567046,14.768716533584465,784.213898690289,15.29216803591916,3.9000000000000004,False,7663.559569939254,0.007663559569939254,0.009250725264086886,Easy-Axis (Uniaxial),95221.44313905505,95.22144313905504,1196.5879681655504,10.493787525054023,Hard Magnet,81.20142600090833,5.846965777743997,697.1575537632305,0.8760740197188784,107.98895223050246,13.570292223477633,8.119741539151395,283.673641971018,20.582236988022913,1.388355940728044,0.1120158295429181,Semi-Hard (0.1 <= kappa < 1.0),729.3841183742305,13.739849036262056
mp-1224854,FeReB,mmm,69,Fmmm,orthorhombic,3,"B,Fe,Re",6,63.96325972132527,13.1290647916847,1,0,0,FeReB,0.0,-0.2,0.0,3.610492817713293,0,FM,0.7702606618859177,0.20219460529710326,0.02754473281697914,0.7702606618859177,0.5680660565888145,0.5672706324256418,False,True,431.27963166147026,172.69000377534908,54.35929817019681,4.005393093932469,431.27963166147026,0.0,54.35929817019681,,332.19773454147884,34.91698715211198,367.1147216935908,41.87866052964669,0.1,True,11145.66372051394,0.01114566372051394,0.005365315875826935,Easy-Axis (Uniaxial),21546.54112840782,21.54654112840782,270.7618265371822,9.161498378334544,Hard Magnet,104.45422421684195,7.477747580184726,1371.386277508079,1.7233348218612938,107.88538872943812,13.557278049859855,4.927521364256751,192.47229452868186,41.64481867402539,1.1145537687234484,0.06867335044857655,Soft / Non-Viable,281.23805661952133,34.23143537782333
mp-1219379,Sm2Ga2Fe15C,2/m,12,C2/m,monoclinic,4,"C,Fe,Ga,Sm",20,269.49002575646216,7.947786323262536,1,0,0,Sm2Ga2Fe15C,0.0,-0.2,0.0,2.185641238897197,0,FM,0.9283719740766384,0.06971957102710703,0.0019084548962545074,0.9283719740766384,0.8586524030495314,0.24269822235406802,True,False,573.8657687935417,217.8108878855795,9.444595710160286,30.13778532445511,573.8657687935417,0.0,9.444595710160286,,532.7608966298681,15.185681668415906,547.946578298284,9.016349365354083,1.6800000000000002,False,44103.43943549436,0.04410343943549436,0.00403287814966873,Easy-Axis (Uniaxial),301379.60339264385,301.37960339264384,3787.2478654152214,25.518861238045975,Hard Magnet,73.66252925178752,3.1444955719689887,585.4540425242833,0.7357032476034939,107.68011010192733,13.531481976233641,21.543163261801723,481.5463891979025,95.23639533410741,2.210846270691797,0.31999153419442095,Semi-Hard (0.1 <= kappa < 1.0),516.5004372500424,13.197034678166109
mp-641595,Fe21(WC3)2,m-3m,225,Fm-3m,cubic,3,"C,Fe,W",29,287.393669002726,9.31684168305794,1,0,0,Fe21(WC3)2,0.0,-0.2,0.0,2.562131462840933,0,FM,0.9266364289290923,0.07135566641353851,0.002007904657369232,0.9266364289290923,0.8552807625155537,0.24709273156070805,True,False,624.5371697807507,195.9098104080941,9.720641702855005,23.226508316467942,624.5371697807507,0.0,9.720641702855005,,578.718892739117,13.979275078619537,592.6981678177365,9.15870377683496,0.43793103448275866,True,1432.7062384262317,0.0014327062384262316,0.00222650333645123,Easy-Axis (Uniaxial),15136.433466147708,15.136433466147707,190.21003641040244,0.8258857050159281,Hard Magnet,80.99748272404311,2.3215808211870836,754.6407232661302,0.9483095009250251,107.42532538141802,13.499464783363685,17.561703678113908,453.082952511399,47.25929397796375,2.312711913546315,0.044743855759484155,Soft / Non-Viable,560.5556893695882,12.524744649771733
mp-1225909,Dy2Fe15Co2C,2/m,12,C2/m,monoclinic,4,"C,Co,Dy,Fe",20,260.2661975651218,8.246684602683223,1,0,0,Dy2Fe15Co2C,0.0,-0.2,0.0,10.205272195820488,0,FM,0.9291928966747258,0.06893846138918824,0.0018686419360858964,0.9291928966747258,0.8602544352855376,0.24062856018060558,True,False,618.5299662480265,232.70321495053344,13.186826459138217,9.405426693228534,618.5299662480265,0.0,13.186826459138217,,574.7336510181242,16.04220159900732,590.7758526171315,12.270249007515595,1.8800000000000001,False,8973.890923559502,0.008973890923559501,0.005130956230304333,Easy-Axis (Uniaxial),206945.00888806555,206.94500888806556,2600.547728999999,52.31805804659702,Hard Magnet,104.02526671175602,18.332697116413037,857.8635652818539,1.078023149788728,107.22566869694603,13.47437518394918,7.649102220434781,494.3839707049238,109.95330024392678,2.1245257432735376,0.0985070329213311,Soft / Non-Viable,550.5343160655995,15.321667496715424
mp-1217548,TbFe11Re,mm2,44,Imm2,orthorhombic,3,"Fe,Re,Tb",13,170.05036572560974,9.368792543710772,0,1,0,TbFe11Re,0.0,-0.2,0.0,2.5764179495204624,0,FM,0.924397577308221,0.07369845736853535,0.0019039653232436177,0.924397577308221,0.8506991199396857,0.2519402490577075,True,False,513.5586564016784,212.19409182445617,7.6219541997258204,14.246243919157365,513.5586564016784,0.0,7.6219541997258204,,474.7323777833766,15.638377230179758,490.37075501355633,7.123514506913697,0.8615384615384616,False,1978.8268850703766,0.0019788268850703767,0.0011531000652611173,Easy-Axis (Uniaxial),90206.96173988821,90.20696173988821,1133.5741352406428,34.27283815581863,Hard Magnet,84.70377583427089,15.73529496494048,793.5721034602657,0.997232116129828,106.80017350152825,13.420905879707943,27.051558395785637,324.58782708236083,3.595594179271586,1.5296741972952088,0.050004901540749595,Soft / Non-Viable,462.96992588034186,14.598507720938777
mp-1190010,Pr2Al2Fe15,-3m,166,R-3m,trigonal,3,"Al,Fe,Pr",19,266.4103625046069,7.314149344934062,1,0,0,Pr2Al2Fe15,0.0,-0.2,0.0,2.011391069856867,0,FM,0.9260422398767874,0.07207243825914947,0.0018853218640631816,0.9260422398767874,0.8539698016176379,0.24807409766657815,True,False,478.5118778401501,176.10415516615046,20.11918066021363,4.885911850432237,478.5118778401501,0.0,20.11918066021363,,443.1222111627402,12.692255850392057,455.81446701313223,18.634538636530166,1.1421052631578947,False,4902.419246331814,0.004902419246331814,0.004275452469378398,Easy-Axis (Uniaxial),84860.27872840925,84.86027872840924,1066.3857336556346,6.9673930753598725,Hard Magnet,94.6533447659584,1.6462799592844561,692.3086996157525,0.8699807698916604,106.75072724228822,13.414692279396194,9.903876664976115,284.62328425384965,26.603615431907116,1.6162212866886287,0.09021951815044862,Soft / Non-Viable,415.2724090904317,12.389583779344933
mp-1217934,TaTiFe4,-3m,164,P-3m1,trigonal,3,"Fe,Ta,Ti",12,150.8544081708306,9.955125264291528,1,0,0,TaTiFe4,0.0,-0.2,0.0,2.7376594476801706,0,FM,0.7237192881230456,0.2727216291063171,0.0035590827706373737,0.7237192881230456,0.45099765901672856,0.5538178304743615,False,True,401.31876771884333,257.44506787809354,35.70650845318454,25.00145355327618,401.31876771884333,0.0,35.70650845318454,,290.4421328838992,70.21083831710006,360.6529712009993,26.72589816194448,1.0833333333333333,True,92.31868429950123,9.231868429950122e-05,0.00010247509996325227,Easy-Axis (Uniaxial),49568.28911471189,49.568289114711895,622.8935038360969,12.59380021344164,Hard Magnet,77.72535988175912,4.271492069685827,773.7656938350514,0.9723426477408026,106.56498905495408,13.391351729949957,27.88290379541855,343.72890786810785,30.65602570543095,1.3351543717701821,0.011077210292314729,Soft / Non-Viable,259.55004645768054,62.40923088123555
mp-1190611,Nd2Fe17H3,-3m,166,R-3m,trigonal,3,"Fe,H,Nd",22,266.4268395199532,7.733897233790583,1,0,0,Nd2Fe17H3,0.0,-0.2,0.0,6.960507510411525,0,FM,0.927769484366338,0.0703473609157145,0.001883154717947482,0.927769484366338,0.8574221234506235,0.2440322687862452,True,False,525.7063011512505,215.35897220681613,5.806952800429315,1.5360201098795159,525.7063011512505,0.0,5.806952800429315,,487.7342639472305,15.149935344270222,502.8841992915007,5.388597101557252,1.0,False,8768.690572637483,0.008768690572637482,0.0011285111545976383,Easy-Axis (Uniaxial),89516.93045788699,89.51693045788699,1124.9029462470594,7.795834029111372,Hard Magnet,94.64669739097351,11.86486981125205,731.9878311394644,0.919843037129947,106.54195286579407,13.388456916988448,7.831541614000093,227.48207801297463,27.19622185261936,1.0562925504423204,0.11411916342111476,Semi-Hard (0.1 <= kappa < 1.0),478.4727026126783,15.034469109800146
mp-1183718,Co3Os,4/mmm,139,I4/mmm,tetragonal,2,"Co,Os",4,45.58460460727832,13.370017588014411,1,0,0,Co3Os,0.0,-0.2,0.0,2.8411287374530625,0,FM,0.8865923344457215,0.1073065129314162,0.006101152622862295,0.8865923344457215,0.7792858215143053,0.3434749530989167,True,False,679.3055365058208,224.9572723269887,18.3342844151411,22.994039916619897,679.3055365058208,0.0,18.3342844151411,,602.2670814125989,24.139380451972126,626.406461864571,16.441238071158747,8.25,False,254.0037437684189,0.0002540037437684189,0.00045084037520180516,Easy-Axis (Uniaxial),38100.518859539225,38.10051885953922,478.7852498896889,23.635737433426094,Hard Magnet,106.3362677576304,10.859958124616206,1421.7177701633282,1.7865832408892695,106.4417198620567,13.37586126601621,3.704289963685441,165.2715439199916,20.292290758810097,0.7346797114420894,0.010000039952870885,Soft / Non-Viable,567.5798469389931,21.650247209295934
mp-1220005,Pr(Co5Mo)2,mmm,71,Immm,orthorhombic,3,"Co,Mo,Pr",13,169.59046967190218,9.028901358544765,1,0,0,Pr(Co5Mo)2,0.0,-0.2,0.0,1.9186415386907625,0,FM,0.9274801194106174,0.07050608442383889,0.002013796165543725,0.9274801194106174,0.8569740349867785,0.24513793881967808,True,False,819.902237186667,147.02942742471868,1.8684127594644906,2.5808705551229423,819.902237186667,0.0,1.8684127594644906,,760.4430248509223,10.366469222795908,770.8094940737182,1.7424433429161417,6.938461538461539,False,11483.724831043883,0.011483724831043882,0.0103436351672569,Easy-Axis (Uniaxial),112408.54464817572,112.40854464817572,1412.5674597115958,1.1649439800931618,Hard Magnet,77.54472315886399,0.551277950206142,700.1436562770448,0.8798264668069844,106.24179476803866,13.350737937262727,16.613817442412326,229.98496322016865,17.90689512145103,1.5642104254124534,0.13653666746849766,Semi-Hard (0.1 <= kappa < 1.0),755.7362672359432,10.234400903095297
mp-1220070,Pr2Fe20Si2C,-1,2,P-1,triclinic,4,"C,Fe,Pr,Si",25,326.41204223739305,7.462469098520582,1,0,0,Pr2Fe20Si2C,0.0,-0.2,0.0,2.0521790020931605,0,FM,0.9300985755035716,0.06801953824074829,0.001881886255680245,0.9300985755035716,0.8620790372628233,0.23852170455307717,True,False,497.0444553710682,191.13095630989272,6.995285657630745,11.052439910676398,497.0444553710682,0.0,6.995285657630745,,462.3003399025791,13.000639391711537,475.30097929429064,6.54959415917232,0.892,False,6800.219142114953,0.006800219142114953,0.003113024953377439,Easy-Axis (Uniaxial),252427.48373171128,252.42748373171128,3172.097375446986,3.996969669902361,Hard Magnet,105.89639422058701,19.641245146339166,790.2485695158841,0.9930556402003778,106.1517972112704,13.339428510515653,3.128218123898163,373.5086533992351,10.921646117657872,1.9542028178504054,0.09308780800316825,Soft / Non-Viable,451.7662272033864,12.31981909066182
mp-1225366,Dy2FeCo3,-3m,166,R-3m,trigonal,3,"Co,Dy,Fe",6,93.06633376252552,9.949791536077925,1,0,0,Dy2FeCo3,0.0,-0.2,0.0,12.0,0,FM,0.928694919787494,0.0693282359890135,0.001976844223492527,0.928694919787494,0.8593666837984805,0.24215901425184544,True,False,553.3303126992555,279.79890436048163,44.89469725207218,35.96934318623002,553.3303126992555,0.0,44.89469725207218,,513.875050368224,19.397964470970887,533.273014839195,41.767984649482244,7.35,False,205.1619510678512,0.0002051619510678512,0.0003138024242605311,Easy-Axis (Uniaxial),25889.59428565854,25.88959428565854,325.33824316931083,14.21162654215539,Hard Magnet,61.59936924317973,0.5196235698711362,612.9008827235285,0.7701939642171746,105.91280470577732,13.309395825951405,7.368653688962915,373.4876967373011,36.24572576246496,1.3348433139542055,0.020847463944549782,Soft / Non-Viable,446.98430082789855,16.44108866774424
mp-1189359,Pr2Cr3Co14,-3m,166,R-3m,trigonal,3,"Co,Cr,Pr",19,246.4437449218221,8.509212524472822,1,0,0,Pr2Cr3Co14,0.0,-0.2,0.0,3.93551079256868,0,FM,0.9253412931550631,0.07270115602996015,0.0019575508149766835,0.9253412931550631,0.8526401371251029,0.24993871948291116,True,False,729.0714861567678,187.6515441001342,53.208880368258406,22.59430014321933,729.0714861567678,0.0,53.208880368258406,,674.6399518027872,13.642484186886804,688.282435989674,49.263767417603006,7.263157894736842,False,38931.35173366883,0.03893135173366883,0.04031169631754088,Easy-Axis (Uniaxial),298919.6358083203,298.9196358083203,3756.3350004507593,1.9383767163059986,Hard Magnet,68.21401823289156,7.030597769548628,580.4475782919384,0.729411939102376,105.84634840730025,13.301044681025955,2.323504812163334,251.54439800356772,27.05901594684957,1.3404866941533886,0.30323673085795816,Semi-Hard (0.1 <= kappa < 1.0),573.0093346742037,12.257712060110341
mp-1220593,Nd2Fe20Si2C,-1,2,P-1,triclinic,4,"C,Fe,Nd,Si",25,325.7215748269283,7.512285352207976,1,0,0,Nd2Fe20Si2C,0.0,-0.2,0.0,6.761056816987178,0,FM,0.9296114669449185,0.0685194602326335,0.001869072822448029,0.9296114669449185,0.8610920067122849,0.23963771053366842,True,False,477.9176788896684,214.87215211890032,15.58242283166257,7.494987684179719,477.9176788896684,0.0,15.58242283166257,,444.27775455153517,14.722923882211367,459.00067843374654,14.494699480750706,0.892,False,11679.893484434571,0.01167989348443457,0.0011157572416346322,Easy-Axis (Uniaxial),276809.5735694983,276.8095735694983,3478.491758653527,12.328589550706742,Hard Magnet,107.65966419866388,19.502706133027417,808.7701183832521,1.0163305049423088,105.64919805469833,13.276270036569185,0.8916359760979727,380.110066106426,13.690434896642898,1.7690057197178846,0.11920361114566236,Semi-Hard (0.1 <= kappa < 1.0),422.3407792155658,14.191112803766204
mp-1199281,Pr2Fe6Co8B,4/mmm,136,P4_2/mnm,tetragonal,4,"B,Co,Fe,Pr",68,905.7810012263926,8.060231818179108,1,0,0,Pr2Fe6Co8B,0.0,-0.2,0.0,3.929363011362316,0,FM,0.9295736529913374,0.06852745303205658,0.0018988939766060595,0.9295736529913374,0.8610461999592809,0.23982501387351296,True,False,743.1466101292519,149.26140737264137,3.5084011920554303,5.643949117303649,743.1466101292519,0.0,3.5084011920554303,,690.809509085978,10.228504083227346,701.0380131692053,3.2841708437254375,4.982352941176471,False,202281.07596186126,0.20228107596186126,0.08052490766391006,Easy-Axis (Uniaxial),466756.6671791667,466.7566671791667,5865.437380444071,194.38617773993514,Hard Magnet,95.87208202166886,6.235578485579232,772.7512059861326,0.9710678047114749,105.02139552285442,13.197378042158718,5.865334714112041,377.6980348795204,18.680319690728282,2.530446694345922,0.5191979918041482,Semi-Hard (0.1 <= kappa < 1.0),682.8241060604228,9.947780255272953
mp-1220336,Nd2Fe4Co13,3m,160,R3m,trigonal,3,"Co,Fe,Nd",19,251.24186507074285,8.44668747851905,0,1,0,Nd2Fe4Co13,0.0,-0.2,0.0,9.396939819852443,0,FM,0.9282872573195,0.06982857442678575,0.0018841682537143374,0.9282872573195,0.8584586828927143,0.2428180967269148,True,False,1019.8707650906649,216.59349950386982,5.1636693713819,12.130804652474893,1019.8707650906649,0.0,5.1636693713819,,946.7330353463534,15.124415300463957,961.8574506468174,4.867640133357134,6.5473684210526315,False,6732.903925242819,0.006732903925242819,0.003693430864630927,Easy-Axis (Uniaxial),104497.58221920968,104.49758221920968,1313.1553719816636,17.106667405086736,Hard Magnet,68.39226396258866,6.143771139281689,577.6880796403674,0.7259442508258294,104.84233504638463,13.174876638624553,1.4195839119395548,319.4201450310278,0.5577272682829175,1.474744836584169,0.1267076599898705,Semi-Hard (0.1 <= kappa < 1.0),930.7133814092919,14.259518154604335
mp-1225284,Fe3SnSb,3m,156,P3m1,trigonal,3,"Fe,Sb,Sn",5,82.88221856263685,8.174349752748098,0,1,0,Fe3SnSb,0.0,-0.6,0.5,2.247946182005727,0,FM,0.8937317212342661,0.10395219841322338,0.0023160803525105406,0.8937317212342661,0.7897795228210428,0.31839587733055735,True,False,442.74837266166793,263.86379480141744,17.227597022120563,5.178686621088616,442.74837266166793,0.0,17.227597022120563,,395.6982651725828,27.429221551263005,423.12748672384583,15.406258259255774,1.06,True,45.682975212847786,4.5682975212847787e-05,3.447845086962352e-05,Easy-Axis (Uniaxial),17648.489841632636,17.648489841632635,221.7774684421688,19.069425846050496,Hard Magnet,70.66601256061173,9.21776974930156,577.6487023025305,0.7258947678037229,104.82804265750431,13.173080604033316,7.334718694335409,168.59005821031747,16.373026305041307,0.6389283468662212,0.010437787628386474,Soft / Non-Viable,374.2091818811625,26.73691113143502
mp-1225184,Er(Fe5Re)2,mmm,71,Immm,orthorhombic,3,"Er,Fe,Re",13,170.88336887874755,10.670881291400027,1,0,0,Er(Fe5Re)2,0.0,-0.2,0.0,2.934492355135008,0,FM,0.9143808295194672,0.08342882162957352,0.00219034885095924,0.9143808295194672,0.8309520078898937,0.27532446224923707,True,False,498.63100219750334,205.18539935611315,8.316843455103395,28.134023500843455,498.63100219750334,0.0,8.316843455103395,,455.93862941347635,17.118376083873972,473.0570054973503,7.958750021354831,0.8615384615384616,False,1217.2465531078249,0.001217246553107825,0.0003659717426655828,Easy-Axis (Uniaxial),102670.98826176798,102.67098826176799,1290.2017149045826,5.360655384083969,Hard Magnet,68.25780010172755,11.178292677146228,728.3708820976474,0.9152978449146746,104.54997008360763,13.138136973141723,19.505993238271657,338.8983693990124,28.909424812235187,1.6516690293875702,0.04272988941984286,Soft / Non-Viable,443.63968990867284,15.007297746458832
mp-1104821,Pr5Co2,2/m,15,C2/c,monoclinic,2,"Co,Pr",14,389.51514766435247,7.011973954645088,1,0,0,Pr5Co2,0.0,-0.2,0.0,1.490044465362081,0,FM,0.8532344075877262,0.13829159883597814,0.008473993576295705,0.8532344075877262,0.714942808751748,0.4091055164376305,True,False,634.0782768624831,119.38724883547977,74.88099394743057,18.89674073392937,634.0782768624831,0.0,74.88099394743057,,541.017402923007,16.510253522087265,557.5276564450943,63.94446174512384,9.428571428571429,False,46002.984618614944,0.04600298461861495,0.03450917957481612,Easy-Axis (Uniaxial),88189.20540953681,88.18920540953681,1108.2182608913904,38.904805480089436,Hard Magnet,82.24851566671649,19.337900138818704,576.7244496632344,0.7247333176830535,104.49285594834225,13.13095979909166,12.191290498054341,176.65818377916983,38.16564828730162,1.479707301259715,0.3317567052130082,Semi-Hard (0.1 <= kappa < 1.0),432.9513192116165,15.084969713784457
mp-1217861,Tb(Fe5Re)2,mmm,71,Immm,orthorhombic,3,"Fe,Re,Tb",13,171.54830720281316,10.54885251900787,1,0,0,Tb(Fe5Re)2,0.0,-0.2,0.0,2.9009344427271646,0,FM,0.9199579905826536,0.07794663330466721,0.002095376112679151,0.9199579905826536,0.8420113572779864,0.26267023047913374,True,False,478.0576052495235,213.05970665256663,10.870336656169428,20.52844449182396,478.0576052495235,0.0,10.870336656169428,,439.79291390810704,16.607286826447577,456.40020073455463,10.127460464248635,0.8615384615384616,False,2338.6491383260704,0.0023386491383260706,0.0010057441460943376,Easy-Axis (Uniaxial),75823.1473167162,75.8231473167162,952.8217888394315,7.240475915699178,Hard Magnet,77.73746811082033,8.960258727668347,820.041086302121,1.0304940209474147,104.29407472202168,13.105980212995169,15.438499594264696,336.62856379655005,22.83592757732481,1.579972905648863,0.05260681283401066,Soft / Non-Viable,424.41448608960974,15.06135579445697
mp-1220953,Nd3ErFe34,m,8,Cm,monoclinic,3,"Er,Fe,Nd",38,515.4896657958587,8.04907286199523,0,1,0,Nd3ErFe34,0.0,-0.2,0.0,7.244165575795707,0,FM,0.9284722794816866,0.06964318193788681,0.0018845385804265962,0.9284722794816866,0.8588290975437999,0.24238333513452223,True,False,369.9374297567756,267.85698834507014,11.751679156235722,7.13790720557904,369.9374297567756,0.0,11.751679156235722,,343.4766486718698,18.654412972650146,362.13106164451995,10.922426471110459,1.1421052631578947,False,52.753384351878104,5.2753384351878105e-05,7.132198949262024e-05,Easy-Axis (Uniaxial),61097.11516432177,61.097115164321764,767.7690075384623,18.382411668588286,Hard Magnet,72.80329380463365,0.4309087161991769,585.9990164267422,0.736388082006839,103.94850615960183,13.062554785871155,19.977182394313335,431.24020971516427,127.30238888700822,1.6099643783032969,0.011056644452679149,Soft / Non-Viable,330.5290764766675,18.011587762288357
mp-1216766,Tm(Fe5Re)2,mmm,71,Immm,orthorhombic,3,"Fe,Re,Tm",13,170.15624575847713,10.732829038938164,1,0,0,Tm(Fe5Re)2,0.0,-0.2,0.0,2.9515279857079952,0,FM,0.9126020844816436,0.08521765480873422,0.002180260709622262,0.9126020844816436,0.8273844296729094,0.2791486044369046,True,False,478.7581352595114,215.7146654970946,5.177224833908184,24.83647507120405,478.7581352595114,0.0,5.177224833908184,,436.9156722003748,18.382697901512977,455.29837010188777,5.177144458373719,0.8615384615384616,False,1270.7678637251997,0.0012707678637251998,0.00032206497296109916,Easy-Axis (Uniaxial),83946.22024031836,83.94622024031837,1054.8993357079378,20.62556323603771,Hard Magnet,76.36920395518635,8.357328342902548,819.6576098908154,1.0300121302767817,103.84245989909364,13.04922861949414,22.83245006440772,335.065188320626,31.55401334687801,1.5532795952862044,0.03879678198945671,Soft / Non-Viable,429.50355070385564,16.352060221270868
mp-22452,PuCo3,-3m,166,R-3m,trigonal,2,"Co,Pu",12,158.75497203377057,13.204389294891168,1,0,0,PuCo3,0.0,-0.2,0.0,2.8059327251643733,0,FM,0.9120270180973643,0.08573298826432033,0.002239993638315447,0.9120270180973643,0.826294029833044,0.2805867410804853,True,False,559.7680655547754,140.08835566556814,49.53309594228355,15.678742722933798,559.7680655547754,0.0,49.53309594228355,,510.52359965405174,12.010193352244086,522.5337930062958,45.195515303054385,6.025,False,1977.5894119456134,0.0019775894119456136,0.0005500319844664329,Easy-Axis (Uniaxial),110866.44673630862,110.86644673630862,1393.1888854509775,14.124822689756206,Hard Magnet,79.543415743266,0.2621305856620211,1050.3222273194592,1.3198738372995527,103.80984516054755,13.045130130493913,12.448006681873293,387.638221927039,46.95272519246157,2.767098093809058,0.037769442619560875,Soft / Non-Viable,438.1761889623908,11.137113653961414
mp-1220506,Nd2Fe15(SiH)2,2/m,12,C2/m,monoclinic,4,"Fe,H,Nd,Si",21,260.98319665596426,7.535552595161659,1,0,0,Nd2Fe15(SiH)2,0.0,-0.2,0.0,6.781997335645493,0,FM,0.9296613668665272,0.06843582961478994,0.0019028035186828922,0.9296613668665272,0.8612255372517372,0.23962952802123325,True,False,506.4679904954305,210.76667377683395,0.9492189529230473,7.275483973247631,506.4679904954305,0.0,0.9492189529230473,,470.8437243181252,14.423992175067424,485.26771649319267,1.013227537114433,1.0428571428571427,False,15839.646945758714,0.015839646945758713,0.008918214865651152,Easy-Axis (Uniaxial),203363.20309204076,203.36320309204075,2555.5374290240784,18.15532212561967,Hard Magnet,76.24879626880508,4.505256407845501,574.5768146013468,0.7220345198698462,103.71607361475728,13.033346450290173,4.022568066210128,404.7623801121498,112.09887999424366,1.9204287511825722,0.19539782234326128,Semi-Hard (0.1 <= kappa < 1.0),469.35864391637966,13.917702082827201
mp-1218042,TaCo4Mo,-3m,164,P-3m1,trigonal,3,"Co,Mo,Ta",12,148.64952189519585,11.452800151832394,1,0,0,TaCo4Mo,0.0,-0.2,0.0,2.433720032264384,0,FM,0.8952077559548925,0.1017796310062941,0.003012613038813456,0.8952077559548925,0.7934281249485985,0.31780817059664573,True,False,642.8822362364679,233.57084817316584,38.178492196734055,16.100964282723368,642.8822362364679,0.0,38.178492196734055,,575.5131640445115,23.772754740891962,599.2859187854035,34.21694713662376,6.35,True,2023.1258791156474,0.002023125879115647,0.003454287741985033,Easy-Axis (Uniaxial),64967.02458610931,64.96702458610932,816.3997245213917,18.97379292639481,Hard Magnet,67.8679004282098,7.129574223470989,777.2775003287469,0.9767557139333717,103.6379753448939,13.02353233206508,29.050007768254186,214.7041896546188,1.529152653323564,0.9192251144947695,0.05162147673632953,Soft / Non-Viable,510.54089244951945,22.00152583288822
mp-1224172,Ho(Fe5Re)2,mmm,71,Immm,orthorhombic,3,"Fe,Ho,Re",13,170.88572886503152,10.648105561218529,1,0,0,Ho(Fe5Re)2,0.0,-0.2,0.0,2.928229029335096,0,FM,0.9187186642048264,0.07913391610190187,0.002147419693271713,0.9187186642048264,0.8395847481029245,0.26561646144955947,True,False,500.7209130712895,209.61418096927113,0.973649167916534,28.19714845327246,500.7209130712895,0.0,0.973649167916534,,460.0216483962761,16.58759101059118,476.60923940686723,2.403970432552143,0.8615384615384616,False,882.3554225293569,0.0008823554225293569,0.00023358494303928791,Easy-Axis (Uniaxial),100447.63820642927,100.44763820642927,1262.2622735609623,13.582546500825345,Hard Magnet,67.59404811397532,12.213320639904705,719.7485596276933,0.9044627149432786,103.47404375703032,13.002932080779939,16.48563667119425,341.1494124400814,26.993075841662712,1.6275111295551754,0.03681595267435969,Soft / Non-Viable,458.53347926112787,14.537947667639495
mp-1215861,Yb2Fe3Cu,-3m,166,R-3m,trigonal,3,"Cu,Fe,Yb",6,95.0935104443864,10.078483642871053,1,0,0,Yb2Fe3Cu,0.0,-0.2,0.0,2.77158300178954,0,FM,0.8541936820730808,0.14135796447429946,0.004448353452619826,0.8541936820730808,0.7128357175987813,0.39619858358498095,True,False,471.2458886071656,270.79251756854876,40.85842748128354,34.24219694721215,471.2458886071656,0.0,40.85842748128354,,402.53526075115565,38.27867907836103,440.8139398295167,35.23506895571442,3.7166666666666663,False,1166.3119577544835,0.0011663119577544835,0.0006182093499306636,Easy-Axis (Uniaxial),27442.320255296985,27.442320255296984,344.85037354538895,2.480100842082426,Hard Magnet,56.910551786955324,4.940487577743614,573.5720652915952,0.7207719146497603,103.3536589224601,12.987804076010471,5.06121393219653,276.72282448371425,43.28227311700401,1.0218998182387529,0.053114664235941376,Soft / Non-Viable,354.28368052298674,32.68299185819825
mp-1184225,Fe3W,m-3m,221,Pm-3m,cubic,2,"Fe,W",4,47.97386817868316,12.162286208995472,1,0,0,Fe3W,0.0084405093155213,-0.1957797453422393,0.0,3.344628707473755,0,FM,0.8919630512094507,0.10553425980978796,0.002502688980761384,0.8919630512094507,0.7864287913996628,0.322486551586767,True,False,492.6219797250592,207.8748585876897,0.35443337595017965,43.88337487367396,492.6219797250592,0.0,0.35443337595017965,,439.400604128404,21.937919334116177,461.3385234625202,4.641977391659192,1.325,True,172.5771271407529,0.0001725771271407529,0.00016423069029654694,Easy-Axis (Uniaxial),30945.8173210285,30.9458173210285,388.87661697498675,12.20412247728254,Hard Magnet,83.09281355593193,4.534961843159053,1010.5985803779429,1.2699556303374477,103.12208975571869,12.958704235723841,19.8314305955643,252.3962610985642,28.81388400827609,1.2141740603618674,0.01159599452683772,Soft / Non-Viable,438.88208925993575,17.990500045753034
mp-1220244,NdFeGe,-6m2,187,P-6m2,hexagonal,3,"Fe,Ge,Nd",3,63.176542252219214,7.168385962646389,0,0,0,NdFeGe,0.0,-0.2,0.0,6.45154736638175,0,FM,0.6533187322015892,0.3371299117277354,0.009551356070675521,0.6533187322015892,0.3161888204738538,0.6272388883720965,False,True,358.4339442216756,84.06408363532472,50.38344431555805,11.02325432600675,358.4339442216756,0.0,50.38344431555805,,234.17161001692023,28.340517095449986,262.5121271123702,33.12556716586147,5.366666666666666,False,317.4162457170338,0.0003174162457170338,0.00016294219180872118,Easy-Axis (Uniaxial),48188.67664881622,48.18867664881622,605.5567819486623,16.115870189759175,Hard Magnet,81.89571731800132,6.188861663163294,587.0601104232175,0.737721492048477,102.89038426494582,12.929587264453849,16.476598733772228,162.55367005539767,11.017948609656003,1.9336875277266534,0.027072419523907033,Soft / Non-Viable,200.49886529971727,26.860089127113103
mp-1219359,Sm2Al2Fe15C,2/m,12,C2/m,monoclinic,4,"Al,C,Fe,Sm",20,266.8165243308675,7.495418107793117,1,0,0,Sm2Al2Fe15C,0.0,-0.2,0.0,2.061239979643107,0,FM,0.9297078554810048,0.06840097815237109,0.001891166366624154,0.9297078554810048,0.8613068773286336,0.23948113914459643,True,False,524.3295925089175,215.1361507631638,15.420181362582781,31.794865028655224,524.3295925089175,0.0,15.420181362582781,,487.47334101669475,14.71552314813638,502.1888641648311,14.500283192197413,1.09,False,109458.58237783844,0.10945858237783844,0.028433785864350136,Easy-Axis (Uniaxial),383640.47597560345,383.64047597560347,4820.9684974353095,87.59400230570887,Hard Magnet,76.31608097580634,1.146385176990222,572.0209352618647,0.7188227071672947,102.79540931032535,12.917652359433562,20.64488513135699,448.3066435337609,122.89854641026733,2.0838275759023257,0.5159505192500626,Semi-Hard (0.1 <= kappa < 1.0),463.6418686758025,12.69702255597181
mp-1219727,PrSmFe4,-43m,216,F-43m,cubic,3,"Fe,Pr,Sm",6,103.90096438727984,8.225068309928892,0,0,0,PrSmFe4,0.0,-0.2,0.0,2.2618937852304453,0,FM,0.9260120403546074,0.07190078423991901,0.0020871754054736244,0.9260120403546074,0.8541112561146884,0.24880404615398535,True,False,587.4876139498613,236.02560180756254,10.009192988072925,14.366390261992677,587.4876139498613,0.0,10.009192988072925,,544.020604076771,16.97042587066259,560.9910299474335,9.326015079120713,3.4,False,11.243380640091935,1.1243380640091936e-05,2.4735529451310508e-05,Easy-Axis (Uniaxial),46236.96354834141,46.23696354834141,581.0308313187314,13.541213006208626,Hard Magnet,69.49728618089556,0.5473456729565953,571.6199261925432,0.7183187843088134,102.65133261733031,12.899547147871163,3.67475556770694,418.6962534666562,39.38363823541391,1.7739442257964435,0.005232824450159652,Soft / Non-Viable,526.4559403866141,15.833103174356582
mp-1246939,Fe6WN4,4/mmm,137,P4_2/nmc,tetragonal,3,"Fe,N,W",22,212.54318562768933,8.983633286010827,1,0,0,Fe6WN4,0.0,-0.6,0.5,2.4704991536529777,0,FM,0.6989380492400326,0.29542707526588136,0.005634875494086078,0.6989380492400326,0.4035109739741512,0.5823352611048389,False,True,367.43023382375634,222.64046415690837,15.643346859162847,13.720837885269532,367.43023382375634,0.0,15.643346859162847,,256.81097086058526,65.77402116171373,322.584992022299,11.660933845207964,0.5454545454545455,True,10065.321641181477,0.010065321641181478,9.147052850308159e-05,Easy-Axis (Uniaxial),15494.211533431395,15.494211533431395,194.7060082889214,2.413357830055267,Hard Magnet,82.9271685712718,3.948202982656227,744.9872718915083,0.9361786161569057,102.59950443534174,12.893034226313269,11.802854148619286,130.28143975411135,3.8201294084981328,0.5851651461806783,0.12013236967404547,Semi-Hard (0.1 <= kappa < 1.0),244.0833682217658,61.55134128476776
mp-1219246,Sm2Mn2Al2Fe13,2/m,12,C2/m,monoclinic,4,"Al,Fe,Mn,Sm",19,259.36618061959706,7.62221619714537,1,0,0,Sm2Mn2Al2Fe13,0.0,-0.2,0.0,4.954440528144491,0,FM,0.9258532649484079,0.07221860298836864,0.0019281320632235398,0.9258532649484079,0.8536346619600392,0.2486546775295197,True,False,496.3750953766254,231.74972390318726,2.1885826581960544,21.728095922259286,496.3750953766254,0.0,2.1885826581960544,,459.570502693526,16.73664130322833,476.30714399675435,2.562854012966744,1.1421052631578947,False,2039.602357702275,0.002039602357702275,0.001021424677509189,Easy-Axis (Uniaxial),93007.38997068991,93.00738997068991,1168.7653549514694,10.936664174550593,Hard Magnet,79.81655842263413,1.074652509345647,608.3790644094016,0.764511679738563,102.4776430766362,12.877720676045142,6.212756944004622,467.93598898850877,101.63898902725151,2.0191436740782813,0.06622066839841749,Soft / Non-Viable,456.2420909330091,15.096545373389585
mp-1217662,Tb4Fe34C3,-1,2,P-1,triclinic,3,"C,Fe,Tb",41,531.3136343382315,8.033588432751623,1,0,0,Tb4Fe34C3,0.0,-0.2,0.0,2.2092368190066964,0,FM,0.9282729994793837,0.06985972054432896,0.0018672799762873304,0.9282729994793837,0.8584132789350547,0.24279606570592677,True,False,623.1386934206314,204.27678859792175,4.2072542906602735,3.8130479529809804,623.1386934206314,0.0,4.2072542906602735,,578.4428240332336,14.270719365143778,592.7135433983774,3.9145543667906675,1.0658536585365854,False,660.971641535743,0.0006609716415357429,0.0007995605116030726,Easy-Axis (Uniaxial),173397.38215111382,173.39738215111382,2178.9758100014215,82.72404770552924,Hard Magnet,78.19191506600991,1.8129562926029763,628.1616644089946,0.7893712280696138,102.25570335855126,12.849830907988311,22.865307895462774,388.1449451213379,28.788517842206147,1.9000932400857549,0.03651027068129076,Soft / Non-Viable,570.4428305452736,14.003734803510703
mp-973534,FeRe,-6m2,187,P-6m2,hexagonal,2,"Fe,Re",2,25.918664778740656,15.507619938813574,0,0,0,FeRe,0.0,-0.2,0.0,4.264595483173733,0,FM,0.7951728344923339,0.1987811805144467,0.006045984993219511,0.7951728344923339,0.5963916539778872,0.48631933924603843,False,True,354.33574520678496,264.0414208742627,82.09547802154711,8.476028167567193,354.33574520678496,0.0,82.09547802154711,,281.7581588780326,52.486465346097816,334.2446242241304,65.30183359190917,0.1,True,58.01370797783895,5.801370797783895e-05,1.2204610459519527e-05,Easy-Axis (Uniaxial),21724.859042669148,21.72485904266915,273.0026355785016,14.134961973392155,Hard Magnet,148.43737058961847,0.7822496184828367,2301.910327820627,2.5,101.76008094231281,12.787549157106001,11.012670957571219,147.9559487433463,56.39238260376948,0.5603512822096324,0.0029516983927354756,Soft / Non-Viable,221.22074854453814,50.35251851969347
mp-1219785,PrSmCo17,3m,160,R3m,trigonal,3,"Co,Pr,Sm",19,245.65438518942412,8.741126878301028,0,1,0,PrSmCo17,0.0,-0.2,0.0,1.8574894616389683,0,FM,0.9272792532825926,0.07084402654342743,0.0018767201739799486,0.9272792532825926,0.8564352267391652,0.24516031526246984,True,False,1109.8705415172078,184.7709425452383,1.6435701007035277,17.870743255050925,1043.0,0.0,1.6435701007035277,,1029.1599269784233,13.089917558128969,1042.2498445365522,1.9813049622540597,8.210526315789474,False,15835.09143504215,0.01583509143504215,0.026895633953259022,Easy-Axis (Uniaxial),162953.84479265817,162.95384479265817,2047.7384464806203,18.89345632941692,Hard Magnet,65.01737375807156,1.9476400197200974,568.3251133132231,0.7141784003341635,101.47138007394248,12.751269935314918,4.308443516023607,310.924946507452,37.83303410157967,1.682758891763118,0.1975188318677413,Semi-Hard (0.1 <= kappa < 1.0),1023.5523269746861,12.016223346523606
mp-1220565,Nd(Co5Mo)2,mmm,71,Immm,orthorhombic,3,"Co,Mo,Nd",13,170.7312428964592,9.001003064174416,1,0,0,Nd(Co5Mo)2,0.0,-0.2,0.0,7.538340066246073,0,FM,0.9278516782581033,0.07018611644876482,0.0019622052931318377,0.9278516782581033,0.8576655618093385,0.24409814417250472,True,False,846.2121344484286,154.27945382610272,5.6899059788870545,0.8975115825461017,846.2121344484286,0.0,5.6899059788870545,,785.1593491103463,10.828275711890681,795.987624822237,5.279764608762528,6.938461538461539,False,13954.666185311731,0.01395466618531173,0.010949226598300768,Easy-Axis (Uniaxial),125347.77491804736,125.34777491804736,1575.1666259061435,1.2080643211263438,Hard Magnet,77.41367025684579,1.8715799601193766,696.8006831908568,0.8756255629314978,101.21131135053082,12.71858873504408,6.8423599727219875,225.4497405558924,25.738213320590674,1.461307613974378,0.15123288121147602,Semi-Hard (0.1 <= kappa < 1.0),770.5449219163041,10.779900285067978
mp-1215420,Zr3TaFe8,3m,160,R3m,trigonal,3,"Fe,Ta,Zr",12,173.98294829554433,8.603006911550038,0,1,0,Zr3TaFe8,0.0,-0.2,0.0,2.3658269006762604,0,FM,0.7912380643423556,0.20607170314009043,0.0026902325175539874,0.7912380643423556,0.5851663612022651,0.4794150376719915,False,True,447.7590010237766,272.82173902408687,15.344923731961615,26.88262673857679,447.7590010237766,0.0,15.344923731961615,,354.2839652619198,56.22084041433485,410.50480567625465,13.345581299243603,0.5916666666666667,True,92.23883051212252,9.223883051212251e-05,2.7178546797235548e-05,Easy-Axis (Uniaxial),56522.859296996,56.522859296996,710.2872119080438,1.7776271472978722,Hard Magnet,74.20558262312163,2.9799463883943105,638.3911401823127,0.8022259664454261,101.11884814745561,12.706969466038014,17.112863210706383,343.21871595083246,27.895551331417096,1.2580328722284495,0.013420389200909608,Soft / Non-Viable,337.04423816543414,49.559405426943286
mp-1220100,NdSmFe4Co13,3m,160,R3m,trigonal,4,"Co,Fe,Nd,Sm",19,251.05133485355452,8.493564453821019,0,1,0,NdSmFe4Co13,0.0,-0.2,0.0,9.449090454875885,0,FM,0.9280706444409708,0.07004534356132334,0.001884011997705914,0.9280706444409708,0.8580253008796475,0.24332739029784328,True,False,1034.9520295496368,223.25763088364073,5.6161688658802404,8.047857362586655,1034.9520295496368,0.0,5.6161688658802404,,960.508597029622,15.638157457931728,976.1467544875537,5.242596548678515,6.5473684210526315,False,30400.05861627752,0.030400058616277523,0.022739087002682425,Easy-Axis (Uniaxial),140693.25972311175,140.69325972311177,1768.0036789698358,0.29617693191772576,Hard Magnet,66.79096195602817,7.558944170289781,567.2933403062328,0.7128818361345902,101.10327951610806,12.70501305408529,7.647845707925649,292.1802592734457,3.2963812896598768,1.3087134272500036,0.2741729426382083,Semi-Hard (0.1 <= kappa < 1.0),942.8577688745993,15.033230965390317
mp-1220671,Nd4V3Fe25B2,mm2,35,Cmm2,orthorhombic,4,"B,Fe,Nd,V",68,955.1846916038876,7.466772181641623,0,1,0,Nd4V3Fe25B2,0.0,-0.2,0.0,6.720094963477461,0,FM,0.9301471757719639,0.06796760277535487,0.0018852214526811093,0.9301471757719639,0.8621795729966091,0.238416869792778,True,False,597.0450536678711,152.1931082412969,0.7674397732875491,12.690438958590747,597.0450536678711,0.0,0.7674397732875491,,555.3397704777909,10.344200726091055,565.6839712038819,1.1196111238915862,1.6088235294117648,False,214177.4406469646,0.2141774406469646,0.06257750281609605,Easy-Axis (Uniaxial),626906.3217099337,626.9063217099336,7877.9373321360135,60.99468460302534,Hard Magnet,103.56062785095486,2.1865549819295325,773.2636151508505,0.9717117170584787,100.81312234092557,12.668550827379354,6.805939224562629,368.8727540726852,17.351591651282007,2.4237152282076417,0.5338931573426603,Semi-Hard (0.1 <= kappa < 1.0),553.9227626132619,9.72700115410923
mp-1215298,ZrTaFe4,-3m,164,P-3m1,trigonal,3,"Fe,Ta,Zr",12,167.050908999524,9.851886018999156,1,0,0,ZrTaFe4,0.0,-0.2,0.0,2.709268655224768,0,FM,0.4012343932118261,0.595525947715532,0.0032396590726419443,0.595525947715532,0.19429155450370594,0.63138649243404,False,True,408.4305725428494,273.7437680475309,49.30397564420437,22.844127924615847,408.4305725428494,0.0,49.30397564420437,,163.8763929433889,163.02151689772663,326.8979098411155,24.008780587311346,1.0833333333333333,True,261.1601603051673,0.00026116016030516733,0.0001015083498679161,Easy-Axis (Uniaxial),49078.503920415504,49.07850392041551,616.7386814435731,16.82728310376282,Hard Magnet,78.18444750454299,5.7817413214509585,770.2642652731805,0.9679426228419854,100.39594567971963,12.616126860997168,23.89396375225946,277.14509582161196,40.39504162879069,1.012425224502245,0.01871581661102237,Soft / Non-Viable,140.74537168478514,146.30990586646635
mp-1226680,CeFeCu,mmm,74,Imma,orthorhombic,3,"Ce,Cu,Fe",6,96.99485923903666,8.885450539110494,1,0,0,CeFeCu,0.0,-0.2,0.0,2.443498898255386,0,FM,0.8114276519150775,0.18248116002958398,0.0060911880553385,0.8114276519150775,0.6289464918854935,0.4651748452204565,True,False,362.5354671208023,181.6486574767316,43.18481353691678,26.01815754647069,362.5354671208023,0.0,43.18481353691678,,294.1713028217684,33.147457734170544,327.3187605559389,35.3615351462757,4.033333333333333,False,793.0118541772348,0.0007930118541772348,0.0006768068465119857,Easy-Axis (Uniaxial),13876.04617776078,13.876046177760779,174.37154231921144,1.0913137968404731,Hard Magnet,85.13229669147762,15.917609972411398,756.4388115330044,0.9505690452809122,100.18722583974986,12.589898351851328,2.514375161828854,138.97270133328192,5.930767186428354,0.7650631899169622,0.03320940572239692,Soft / Non-Viable,257.1541261893199,29.33167679446748
mp-1095124,TaCo3,6/mmm,194,P6_3/mmc,hexagonal,2,"Co,Ta",8,93.38087930637572,12.7232394222921,1,0,0,TaCo3,0.001,-0.1995,0.0,2.703688377237071,0,FM,0.8946767595460362,0.09451914042741962,0.010804100026544174,0.8946767595460362,0.8001576191186166,0.33811418394922266,True,False,584.6354851248027,234.2904367476637,8.011700242549807,8.007402578131476,584.6354851248027,0.0,8.011700242549807,,523.0597813470833,22.1449306917539,545.2047120388372,7.207729094818433,7.5,True,5326.550377405003,0.005326550377405003,0.0050205337120004315,Easy-Axis (Uniaxial),61099.70695747998,61.09970695747998,767.8015769724769,16.062241495537222,Hard Magnet,62.32079433922475,0.9384664398439106,792.9223873653826,0.9964156588055865,100.16195768937935,12.58672306236669,16.658623542813125,227.75671277206584,3.7805067446256686,0.9721127158824889,0.08210836562061655,Soft / Non-Viable,509.45445994602454,21.292444804637036
mp-1191671,Er2Fe17C3,-3m,166,R-3m,trigonal,3,"C,Er,Fe",22,267.10799804071485,8.205559576218155,1,0,0,Er2Fe17C3,0.0,-0.2,0.0,2.256528883459993,0,FM,0.9297689968020006,0.0683632597405814,0.001867743457417975,0.9297689968020006,0.8614057370614192,0.23925926719723073,True,False,641.560717609589,204.97966469052727,16.868269842351765,23.22103307055393,641.560717609589,0.0,16.868269842351765,,596.5032647994392,14.013078058775797,610.516342858215,15.763729820133088,1.0,False,95823.15326737372,0.09582315326737373,0.0019302883140708057,Easy-Axis (Uniaxial),102429.56200450545,102.42956200450546,1287.1678630208455,3.1699463810671564,Hard Magnet,68.79416297600568,5.5277232599630075,564.4946027956759,0.7093648388535935,100.10815573646948,12.579962109434929,15.591520007966729,428.3374262465362,24.666092153062976,2.089658146788504,0.4891820392242703,Semi-Hard (0.1 <= kappa < 1.0),564.7488135333443,12.55533841593382
mp-1219295,SmGdCo17,3m,160,R3m,trigonal,3,"Co,Gd,Sm",19,240.30348403318925,9.048696353917345,0,1,0,SmGdCo17,0.0,-0.2,0.0,9.840457284885112,0,FM,0.9281828217085433,0.06992419690806595,0.0018929813833908047,0.9281828217085433,0.8582586248004773,0.24309294534998593,True,False,1102.2671641740794,304.7274892223603,3.12829750966921,12.163554973796153,1043.0,0.0,3.12829750966921,,1023.1054467197712,21.307824959684865,1044.413271679456,3.0256362483544974,8.210526315789474,False,1234.9994272986553,0.0012349994272986553,0.00032622776971719857,Easy-Axis (Uniaxial),73136.02066236483,73.13602066236483,919.0543587571309,2.539071055068368,Hard Magnet,74.23387644175449,5.783973273337602,671.7198070956546,0.8441080044969845,100.00190303665383,12.566610001128941,17.040517174759508,330.44783802812196,37.052755178450326,1.0844044259721952,0.046670267646394904,Soft / Non-Viable,1012.5469530146416,20.086225423887292
mp-1225430,Dy(Fe5Re)2,mmm,71,Immm,orthorhombic,3,"Dy,Fe,Re",13,172.17901479180543,10.544685952268882,1,0,0,Dy(Fe5Re)2,0.0,-0.2,0.0,10.808303101075603,0,FM,0.9199292177603281,0.0779531563207716,0.0021176259189002885,0.9199292177603281,0.8419760614395565,0.26280800738826077,True,False,499.24089362584215,249.8778593595315,4.307454686293227,17.498061616093196,499.24089362584215,0.0,4.307454686293227,,459.26628474718814,19.47876783175334,478.74505257894145,4.190752328803368,0.8615384615384616,False,439.7930547411057,0.0004397930547411057,0.00015460690452093128,Easy-Axis (Uniaxial),83045.52747518047,83.04552747518046,1043.5808963916604,1.9868457608343242,Hard Magnet,71.85244671538496,9.350436097901333,757.6614855158681,0.9521055027218323,99.881332171691,12.551458619090427,14.808171178898167,325.37982319004124,27.872216225994976,1.3021554771760524,0.02469130477367594,Soft / Non-Viable,452.76539664857046,17.91167028066246
mp-1188210,Ce2Fe12Co5,-3m,166,R-3m,trigonal,3,"Ce,Co,Fe",19,256.88743921555584,8.048015917359606,1,0,0,Ce2Fe12Co5,0.0,-0.2,0.0,3.923407759712808,0,FM,0.9261608286735072,0.07193252642572252,0.001906644900770219,0.9261608286735072,0.8542283022477847,0.24786896779674472,True,False,725.5861313441777,265.9565532456742,19.171603185981326,37.40380894113858,725.5861313441777,0.0,19.171603185981326,,672.0094526797279,19.130926794438537,691.1403794741665,17.958679459837203,3.221052631578947,False,2041.9687019964902,0.0020419687019964904,0.0009833174697025005,Easy-Axis (Uniaxial),26876.292712776343,26.876292712776344,337.73746152995744,10.43689754081636,Hard Magnet,98.80229983853992,9.31761519333675,795.1624817723058,0.9992306444584415,99.87017278236607,12.550056288842315,5.029225150635259,311.14714973493886,24.026814086298828,1.1699172136868552,0.05069483665935491,Soft / Non-Viable,631.6440240657763,16.116781680770604
mp-1217356,ThCo2Ni3,mmm,65,Cmmm,orthorhombic,3,"Co,Ni,Th",6,84.79414801481066,10.300452111679396,1,0,0,ThCo2Ni3,0.0,-0.2,0.0,2.961379982107826,0,FM,0.9350640482971598,0.061229442559782195,0.003706509143058032,0.9350640482971598,0.8738346057373776,0.2317012560188798,True,False,418.33265768903004,228.7750169172499,30.28169148685052,6.378340663995587,418.33265768903004,0.0,30.28169148685052,,391.16782843361443,14.007766757447953,405.17559519106237,28.318014201763425,4.683333333333334,False,4600.41830850344,0.00460041830850344,0.010224508444270785,Easy-Axis (Uniaxial),14985.585280666519,14.98558528066652,188.3144221683162,8.920755875340506,Hard Magnet,55.08845246532998,12.963729370819909,567.4359665256583,0.7130610655278528,99.78948235559585,12.539916430567075,0.26754945050999746,209.37005555893842,23.98213551822451,0.9151788441771576,0.10662937651255182,Semi-Hard (0.1 <= kappa < 1.0),355.3038256580335,13.574841926124396
mp-1216650,UFeCo,mmm,74,Imma,orthorhombic,3,"Co,Fe,U",6,79.65283367952871,14.710085117678062,1,0,0,UFeCo,0.0,-0.2,0.0,7.171166494868056,0,FM,0.851176773484053,0.14596144522503532,0.0028617812909117442,0.851176773484053,0.7052153282590177,0.39577592993097466,True,False,550.687027192784,215.59465301973472,11.568244727080696,14.544170766118924,550.687027192784,0.0,11.568244727080696,,468.73200700547875,31.468507137550503,500.20051414302924,10.072864722980274,2.7333333333333334,False,55.40918819049684,5.540918819049684e-05,7.991267137898527e-05,Easy-Axis (Uniaxial),18164.541580277488,18.164541580277486,228.26236597214623,0.44963721799234746,Hard Magnet,87.11378129701299,13.592343067817303,1281.4511378018524,1.6103189921810324,99.76638761771846,12.537014260156607,1.1673817557100772,270.24410348452994,31.636020286408765,1.2534824018098112,0.005181838943844494,Soft / Non-Viable,451.32841514326935,29.33522456021914
mp-1220120,Pr4Fe29Si5,-1,2,P-1,triclinic,3,"Fe,Pr,Si",38,529.6136255527188,7.285249322322802,1,0,0,Pr4Fe29Si5,0.0,-0.2,0.0,2.00344356363877,0,FM,0.9302534528766854,0.06783220082906302,0.001914346294251634,0.9302534528766854,0.8624212520476223,0.2382584820316496,True,False,513.4483721346918,167.76920022234276,1.0306090464184763,12.861407952131543,513.4483721346918,0.0,1.0306090464184763,,477.6371210522103,11.380154082413238,489.01727513462356,1.29625272932629,1.1421052631578947,False,2729.5090428534622,0.0027295090428534623,0.003373018362486235,Easy-Axis (Uniaxial),118086.1965053258,118.0861965053258,1483.9149385539122,10.285267727249147,Hard Magnet,77.264124177171,5.527073159751183,562.8884083015998,0.7073464353244632,99.53927727439941,12.508474732157156,6.583015605261049,389.3485680747198,23.3802723122962,2.320739251058718,0.08279708203677055,Soft / Non-Viable,476.00188156802295,10.692547974663793
mp-1220103,PrErMn4Co13,m,8,Cm,monoclinic,4,"Co,Er,Mn,Pr",19,252.8698819145036,8.497734771589808,0,1,0,PrErMn4Co13,0.0,-0.2,0.0,4.992419178309013,0,FM,0.9247255307128868,0.07338096715578349,0.0018935021313298457,0.9247255307128868,0.8513445635571033,0.2511497313528917,True,False,662.848414085171,190.01875232963926,41.772900448055395,27.41199390280842,662.848414085171,0.0,41.772900448055395,,612.9528514971051,13.943759823684216,626.8966113207894,38.68080546439584,6.5473684210526315,False,100385.91818953979,0.10038591818953979,0.04813578245648197,Easy-Axis (Uniaxial),296289.97938163514,296.28997938163513,3723.2897625626338,49.29775488967229,Hard Magnet,66.19223608915209,2.181002147521859,562.4840662240695,0.7068383240843406,99.39632367349162,12.490510652511523,27.236502326530754,402.81859399220286,127.03031836393043,2.119888637587749,0.5024828473346294,Semi-Hard (0.1 <= kappa < 1.0),538.0352134650288,12.262994210976853
mp-1226057,DyErFe14B,4/mmm,136,P4_2/mnm,tetragonal,4,"B,Dy,Er,Fe",68,906.8685514298602,8.22076826026074,1,0,0,DyErFe14B,0.0,-0.2,0.0,8.426287466767258,0,FM,0.9293226840766605,0.06881515555889044,0.001862160364449085,0.9293226840766605,0.8605075285177701,0.2402998669073761,True,False,557.394986607082,184.70237690511937,12.809120268987272,1.4725701186535218,557.394986607082,0.0,12.809120268987272,,517.9998050445678,12.710322798822602,530.7101278433904,11.904237345914895,1.2647058823529411,False,17424.88588722292,0.01742488588722292,0.035472190543149255,Easy-Axis (Uniaxial),224198.50511381397,224.19850511381398,2817.3615611782325,44.726431207088574,Hard Magnet,90.42438563055993,13.69144604251401,743.3579193452845,0.9341311113611759,98.82208957970813,12.418350266690828,3.2896136607626505,387.4531304391676,14.237350829854563,2.0977159954914937,0.15840980770744115,Semi-Hard (0.1 <= kappa < 1.0),496.7883972811936,12.617422601336841
mp-1225933,DyTmFe14B,4/mmm,136,P4_2/mnm,tetragonal,4,"B,Dy,Fe,Tm",68,899.8162060831634,8.297564724843104,1,0,0,DyTmFe14B,0.0,-0.2,0.0,8.50500384296418,0,FM,0.9295770718678419,0.0685664387368676,0.0018564893952904807,0.9295770718678419,0.8610106331309743,0.23967804293847805,True,False,563.6415926967702,192.73908209875506,9.697166693740542,5.293918484847808,563.6415926967702,0.0,9.697166693740542,,523.9483013219905,13.215432464924383,537.1637337869148,9.0215691782013,1.2647058823529411,False,13203.54760581025,0.01320354760581025,0.04229650996094493,Easy-Axis (Uniaxial),186621.0009798725,186.62100097987252,2345.148708294854,44.99299779494586,Hard Magnet,89.70893002031903,13.48642312759899,744.3656532400178,0.9353974671213628,98.66600747460541,12.398736410519888,3.2105815159793436,375.9829199939257,8.281567485598487,1.950735242172009,0.1377063795120566,Semi-Hard (0.1 <= kappa < 1.0),507.5425522120997,12.874645837012244
mp-1104191,Sm(MnCo2)4,4/mmm,139,I4/mmm,tetragonal,3,"Co,Mn,Sm",13,161.64050710706923,8.645560087718136,1,0,0,Sm(MnCo2)4,0.0,-0.2,0.0,5.079266551534405,0,FM,0.9015468365563839,0.09637430546233623,0.0020788579812798646,0.9015468365563839,0.8051725310940476,0.30196946569968575,True,False,458.1848509128463,245.24479245238538,39.01001245828323,4.717628226404258,458.1848509128463,0.0,39.01001245828323,,413.07510289853496,23.63529654085344,436.7103994393884,35.1722920404963,5.723076923076923,False,108201.71286104893,0.10820171286104893,0.0058016092533942215,Easy-Axis (Uniaxial),295494.6927308725,295.4946927308725,3713.2958955703475,59.73756506315294,Hard Magnet,73.99093620798004,5.645091475279237,639.693084932611,0.8038620384705929,98.66459648746412,12.398559100642949,2.6667644100857397,258.05093465249786,23.80426835913734,1.0522177946045432,0.4587123996279372,Semi-Hard (0.1 <= kappa < 1.0),365.54239201064814,23.090631466982757
mp-1219129,SmErFe17C2,m,8,Cm,monoclinic,4,"C,Er,Fe,Sm",21,267.79745412690187,8.005172834357193,0,1,0,SmErFe17C2,0.0,-0.2,0.0,2.2014225294482284,0,FM,0.9291239317442395,0.0689965063391554,0.0018795619166050628,0.9291239317442395,0.860127425405084,0.24082765253522356,True,False,656.4978060462108,215.18693150497532,6.836092063853869,20.433798516484586,656.4978060462108,0.0,6.836092063853869,,609.9678227351226,14.847146483686428,624.814969218809,6.50616893827878,1.0428571428571427,False,14846.452898003217,0.014846452898003216,0.0004916474045947478,Easy-Axis (Uniaxial),173203.43654346708,173.20343654346706,2176.538617569358,39.70838007326745,Hard Magnet,101.21650083360943,8.247565166434498,810.2555828619024,1.0181971946596273,98.65352332660598,12.397167606183757,18.753783149837812,499.2805818455084,110.5343018400444,2.3202179535422416,0.13414805747312764,Semi-Hard (0.1 <= kappa < 1.0),596.3781691707105,13.470843930111853
mp-1009826,TaCo,m-3m,221,Pm-3m,cubic,2,"Co,Ta",2,28.889198808277524,13.788263896674623,1,0,0,TaCo,0.0237305374945375,-0.1881347312527312,0.0,2.930006078043357,0,FM,0.7238871405011191,0.2603161527598904,0.01579670673899053,0.7238871405011191,0.46357098774122873,0.591450647373232,False,True,575.2839710366724,222.10129435551795,26.34496099380442,16.470596246557776,575.2839710366724,0.0,26.34496099380442,,416.4406687698654,57.81655446962039,474.25722323948577,19.546810018121132,7.0,True,721.291511420703,0.0007212915114207031,0.001017608544904861,Easy-Axis (Uniaxial),12680.202335017433,12.680202335017434,159.3441251024622,1.1737030804714306,Hard Magnet,101.66196227391151,24.407478151618925,1401.7419640864716,1.7614809026410347,98.60802359592566,12.391449941286856,0.8440596858391308,205.11278310181143,7.852826817296872,0.9235100754230051,0.01709158753220836,Soft / Non-Viable,382.82252083963215,53.417466826550374
mp-1216765,V2Co9W,3m,160,R3m,trigonal,3,"Co,V,W",12,132.47503699707224,10.22986737647038,0,1,0,V2Co9W,0.0,-0.2,0.0,2.173846817499956,0,FM,0.9249384611883593,0.07265097515093266,0.0024105636607079264,0.9249384611883593,0.8522874860374267,0.2523174696816094,True,False,634.5283195822393,241.7109709868756,21.228637017322626,10.259013021325046,634.5283195822393,0.0,21.228637017322626,,586.8996474948319,17.560537746875305,604.4601852417072,19.64932361609443,7.083333333333333,True,2756.9232864473197,0.0027569232864473195,0.003328269636791221,Easy-Axis (Uniaxial),74061.10738789504,74.06110738789504,930.6793416264055,30.127237662128266,Hard Magnet,71.74237062301302,7.895144290522012,733.9149367470079,0.9222647094576871,98.478117421261,12.375125449610424,30.08025345056158,265.37914971340615,13.923854161507037,1.097919339903755,0.06382071747162785,Soft / Non-Viable,548.113941158225,16.703719374060093
mp-1217983,TaCo6Mo,-6m2,187,P-6m2,hexagonal,3,"Co,Mo,Ta",8,92.27860747015208,11.345515582381944,0,0,0,TaCo6Mo,0.0,-0.2,0.0,2.410922061256163,0,FM,0.9142401394212106,0.06535384750568678,0.02040601307310267,0.9142401394212106,0.8488862919155239,0.30918332407893134,True,False,753.4281688317549,241.54685592141004,14.074569263531203,5.888782738147555,753.4281688317549,0.0,14.074569263531203,,688.814274116611,15.786016387365928,704.600290503977,12.873290179588228,6.7625,True,3487.706697928594,0.003487706697928594,0.003342193290545756,Easy-Axis (Uniaxial),72293.19824914822,72.29319824914822,908.4631397448073,24.309848420578998,Hard Magnet,67.95484156479685,2.0821047772703665,770.9827138716989,0.9688454519776203,98.35563833182053,12.359734273007238,30.080072407097585,232.35872547041242,21.45076643506239,0.9619612914606221,0.06833141352917865,Soft / Non-Viable,657.9465593777313,15.334508444243724
mp-1225995,CoRe,-6m2,187,P-6m2,hexagonal,2,"Co,Re",2,25.89047004149309,15.722575546438089,0,0,0,CoRe,0.0,-0.2,0.0,3.341047303618094,0,FM,0.6998628308514429,0.2835865787022427,0.01655059044631444,0.6998628308514429,0.41627625214920017,0.6144357919857811,False,True,711.8258229392666,211.63813940390008,26.61110440076908,29.992318534886593,711.8258229392666,0.0,26.61110440076908,,498.18043551543303,60.01773587646032,558.1981713918933,20.474376781890342,4.05,True,273.7884324106688,0.0002737884324106688,0.0003106846697539881,Easy-Axis (Uniaxial),25102.333963762547,25.102333963762547,315.44523800219514,10.323690230972563,Hard Magnet,110.7163851826185,19.669375845750473,1740.7467302622579,2.187486855820945,98.3345875726066,12.357088956535888,4.368061249445921,211.40132923536055,29.310831688787047,0.9988810609977647,0.008479437188713511,Soft / Non-Viable,457.5904757703577,52.191078605398275
mp-1219047,SmYCo17,3m,160,R3m,trigonal,3,"Co,Sm,Y",19,240.1975109058447,8.580210181301577,0,1,0,SmYCo17,0.0,-0.2,0.0,1.8232946635265848,0,FM,0.9283094153069161,0.06980629899088557,0.0018842857021983087,0.9283094153069161,0.8585031163160306,0.24276629606199554,True,False,1105.8049320719633,239.9290274102835,2.6016384966573014,17.870373492881043,1043.0,0.0,2.6016384966573014,,1026.5291299352284,16.74855742399463,1043.2776873592231,2.7182713722162952,8.210526315789474,False,4532.16857763646,0.00453216857763646,0.004177247474560655,Easy-Axis (Uniaxial),77403.01550413249,77.4030155041325,972.6749983900278,8.729539598930613,Hard Magnet,74.24985061580281,0.7489247562985497,637.0793242138325,0.8005774898816505,98.18500054033855,12.338291295304883,13.283509752485699,309.75899386751615,32.72322952079372,1.291044260925636,0.09426589277186924,Soft / Non-Viable,1017.7034748077558,15.374791125092456
mp-1219997,PrFeNi4,-6m2,187,P-6m2,hexagonal,3,"Fe,Ni,Pr",6,86.48388759184016,8.285545635637542,0,0,0,PrFeNi4,0.0,-0.2,0.0,2.89994097247314,0,FM,0.9270473582616559,0.07058318825432498,0.0023694534840191152,0.9270473582616559,0.8564641700073309,0.24727689293258748,True,False,352.2342559097811,119.23736326478917,9.652844374321603,2.262383803013371,352.2342559097811,0.0,9.652844374321603,,326.5378364304226,8.416153258267947,334.95398968869057,8.950068543775007,4.35,False,11840.232615562616,0.011840232615562616,0.02023297203607214,Easy-Axis (Uniaxial),101623.47302428128,101.62347302428128,1277.0382499504103,16.970363333609026,Hard Magnet,67.43002170355683,6.182147816382361,558.69452203685,0.7020762424127315,98.06153767205217,12.322776493403493,20.669297671347763,155.39436801759962,8.924909322090883,1.3032355275461516,0.17374038205447728,Semi-Hard (0.1 <= kappa < 1.0),316.35863422170576,8.322015295206425
mp-1219187,Sm2Fe3Ru,-3m,166,R-3m,trigonal,3,"Fe,Ru,Sm",6,104.3524858385276,9.059548489105913,1,0,0,Sm2Fe3Ru,0.0,-0.2,0.0,2.4913758345041264,0,FM,0.8713293538129747,0.12493682239204135,0.0037338237949838086,0.8713293538129747,0.7463925314209334,0.3647765653570248,True,False,584.3886295223771,244.76616702745883,17.289879593710907,9.729272399744701,584.3886295223771,0.0,17.289879593710907,,509.1949669373827,30.58030713749035,539.775274074873,15.11413857728128,4.883333333333333,False,2131.7581174217107,0.002131758117421711,0.0018820403347178298,Easy-Axis (Uniaxial),76230.24765016638,76.23024765016638,957.9375626061795,2.1943647316073136,Hard Magnet,65.42135007599083,6.61660608970589,592.6878932362117,0.7447935725049978,97.66630528619586,12.27311012604395,20.445352969524954,363.08525278663205,48.56252013831468,1.4833964072571342,0.06949250622191416,Soft / Non-Viable,481.447723062651,29.161696684098715
mp-1103093,FeBW,mmm,62,Pnma,orthorhombic,3,"B,Fe,W",12,125.38656058979478,13.26963249176289,1,0,0,FeBW,0.0,-0.2,0.0,3.6491489352347943,0,FM,0.8084207275333861,0.17392984312510196,0.0176494293415119,0.8084207275333861,0.6344908844082842,0.49826668048020606,True,False,425.64464318555156,155.8051272602941,33.35250505652627,1.5607373830254119,425.64464318555156,0.0,33.35250505652627,,344.0999521147521,27.0991613424695,371.19911345722164,26.96422287561203,1.7333333333333332,True,12000.62647055699,0.01200062647055699,0.012388349568094176,Easy-Axis (Uniaxial),34880.991440243124,34.88099144024312,438.3274743497515,8.991640960640819,Hard Magnet,104.50849613778948,10.63057917259377,1386.7893360152877,1.742690876040918,97.66321442072535,12.272721716426188,11.515552790414164,145.98903904393958,36.481922509807994,0.9369976560530296,0.07046712186328359,Soft / Non-Viable,309.6721460572826,26.88932546518028
mp-1224401,HfTiFe4,-3m,164,P-3m1,trigonal,3,"Fe,Hf,Ti",12,162.95015142910577,9.166065237610832,1,0,0,HfTiFe4,0.0,-0.2,0.0,2.520667940342979,0,FM,0.7079175517297059,0.2882165292962951,0.003865918973999064,0.7079175517297059,0.41970102243341084,0.5685039695267496,False,True,403.58658905705704,260.03179160804086,13.877952839974938,24.041248904229263,403.58658905705704,0.0,13.877952839974938,,285.70603003621477,74.94546048396701,360.65149052018177,12.022144998999883,0.1,True,46.77495268315694,4.677495268315694e-05,4.767407365260398e-05,Easy-Axis (Uniaxial),40406.01361934581,40.406013619345806,507.7569520537133,8.130163458465319,Hard Magnet,75.29237827781238,3.666082010374808,690.1348511893009,0.8672490313930371,97.6312964129757,12.268710781201726,12.836880292474921,352.1736816806254,35.66800992333128,1.3543485567775293,0.00884031595281937,Soft / Non-Viable,273.07368432647786,66.90326968852409
mp-1190608,Ho2Fe17C3,-3m,166,R-3m,trigonal,3,"C,Fe,Ho",22,268.28397644258007,8.140765214268638,1,0,0,Ho2Fe17C3,0.0,-0.2,0.0,2.238710433923876,0,FM,0.9298311695891563,0.06830123377217247,0.0018675966386712563,0.9298311695891563,0.8615299358169839,0.23911104746036949,True,False,646.0452393624672,207.4927587692643,29.407523646457435,9.939173594415479,646.0452393624672,0.0,29.407523646457435,,600.7130005239094,14.17201142273251,614.885011946642,27.352457655614348,1.0,False,30851.084392571476,0.030851084392571476,0.013234755232937412,Easy-Axis (Uniaxial),110628.01616737322,110.62801616737322,1390.1926784977359,5.564736849304719,Hard Magnet,68.46801896655727,4.761736865771397,557.3820670928347,0.7004269628886172,97.60135710560343,12.264948496804864,17.373976015685514,431.10409580585423,30.70883222224802,2.077682606192777,0.2811106459011344,Semi-Hard (0.1 <= kappa < 1.0),547.0849547158208,13.501064313143981
mp-1215350,ZrFeRe,mm2,38,Amm2,orthorhombic,3,"Fe,Re,Zr",12,191.25164160307432,11.574652412802834,0,1,0,ZrFeRe,0.0,-0.2,0.0,3.18302941352078,0,FM,0.8538960400100931,0.13691381429772675,0.009190145692180086,0.8538960400100931,0.7169822257123664,0.40979658613007885,True,False,351.53350300310836,257.36117263486074,52.05933384058886,24.173082556792934,351.53350300310836,0.0,52.05933384058886,,300.1730661452304,35.23629979757452,335.4093659428049,44.5762928078025,0.1,True,611.329373056827,0.0006113293730568269,0.0007999992818377349,Easy-Axis (Uniaxial),11409.036493724321,11.40903649372432,143.37018371813429,0.9608095692855455,Hard Magnet,109.8823098080646,9.154221091015053,1271.8495423442635,1.5982532714801114,97.54559870782253,12.257941689754968,6.501870748320415,148.1598185586575,20.537902888220877,0.575688310096659,0.01734191133875618,Soft / Non-Viable,255.78620189159443,31.436691145688833
mp-1219321,Sm4CrFe33,m,8,Cm,monoclinic,3,"Cr,Fe,Sm",38,522.4696038544322,7.933932777215255,0,1,0,Sm4CrFe33,0.0,-0.2,0.0,4.165314708038009,0,FM,0.9271082584523073,0.07100025722908943,0.0018914843186033383,0.9271082584523073,0.8561080012232178,0.2456091744260069,True,False,478.33062722462853,275.05624046729446,15.8848880950801,15.014977048907326,478.33062722462853,0.0,15.8848880950801,,443.46427477062514,19.529063825644183,462.9933385962693,14.765546061665832,1.1921052631578948,False,36.51616210286908,3.651616210286908e-05,4.8685409424956766e-05,Easy-Axis (Uniaxial),177608.60495654534,177.60860495654535,2231.8955975421854,1.7934870820542614,Hard Magnet,93.64527564459178,12.171454385890968,742.9753218679841,0.9336503251915883,97.26408472132368,12.222565598193016,10.511113955110096,418.76683403759773,108.95489854440208,1.5224771244097302,0.007255431435958466,Soft / Non-Viable,421.16380822606254,18.165305592830492
mp-1219091,SmDyFe4,-43m,216,F-43m,cubic,3,"Dy,Fe,Sm",6,99.7366813765169,8.927983747084223,0,0,0,SmDyFe4,0.0,-0.2,0.0,9.151183340761328,0,FM,0.926731284687461,0.0712826171282174,0.0019860981843215783,0.926731284687461,0.8554486675592436,0.24680034253157507,True,False,596.5192662438716,250.4990230107976,2.5980412847878824,0.48981950373602956,596.5192662438716,0.0,2.5980412847878824,,552.8130659470047,17.856225948271206,570.6692918952759,2.4079392926461196,3.4,False,6.493956015625718,6.493956015625719e-06,1.7466226446258681e-06,Easy-Axis (Uniaxial),38975.99971181807,38.97599971181807,489.78686695892776,6.126673517118173,Hard Magnet,62.29730548216252,2.2486636485087743,556.1893308318879,0.6989281262985928,97.18409171639989,12.212513380533446,21.34572624853019,440.7441148244492,58.52837064324365,1.759464406395913,0.004087211255693399,Soft / Non-Viable,548.066732619788,17.812601150991075
mp-1217037,UFe5Si2Ni5,-1,2,P-1,triclinic,4,"Fe,Ni,Si,U",13,162.78115597149363,8.843209623955293,1,0,0,UFe5Si2Ni5,0.0,-0.2,0.0,3.095123368384353,0,FM,0.916574704751015,0.08064768911809879,0.0027776061308862395,0.916574704751015,0.8359270156329162,0.2723779011023702,True,False,471.10096487577454,159.3056815997851,25.547775266378665,7.234185482895612,471.10096487577454,0.0,25.547775266378665,,431.7992277889313,12.8476350844063,444.6468628733376,23.42371139851016,1.6,False,409.04083767034393,0.00040904083767034395,0.000971778578351995,Easy-Axis (Uniaxial),31378.45554086461,31.378455540864607,394.31330929300225,18.82369192663991,Hard Magnet,62.891713397240125,4.478000847113552,556.1646051815119,0.6988970551299623,97.1754511822192,12.211427578964146,6.353320186903061,247.2348434695988,2.5238304972897083,1.5519524538409954,0.032439567550382034,Soft / Non-Viable,397.91323479536544,12.399146457876949
mp-1203778,Tm2Ga2Fe15,6/mmm,194,P6_3/mmc,hexagonal,3,"Fe,Ga,Tm",38,524.2159962677043,8.330883920647638,1,0,0,Tm2Ga2Fe15,0.0,-0.2,0.0,2.2909930781781007,0,FM,0.925231505051948,0.07283143749381756,0.0019370574542344602,0.925231505051948,0.8524000675581304,0.250125293168133,True,False,497.3967431898849,160.26977285012265,18.001527219398014,2.654018236340093,497.3967431898849,0.0,18.001527219398014,,460.20713730951445,11.672677943482045,471.8798152529965,16.656701730665333,1.763157894736842,False,2326.5931146586254,0.0023265931146586255,0.0021935044090323767,Easy-Axis (Uniaxial),23265.0191305883,23.265019130588303,292.3568584247313,4.304326907967127,Hard Magnet,66.67317692184575,9.901446686241812,555.4464975566999,0.6979946544745238,96.9246715352933,12.179913678493836,19.7805216357694,369.5187073125011,21.409834803468215,2.3056044863684866,0.07746634303189612,Soft / Non-Viable,434.15559164155036,11.519809027294075
mp-1220603,Nd4Fe29Si5,-1,2,P-1,triclinic,3,"Fe,Nd,Si",38,517.1882070702584,7.503099504938104,1,0,0,Nd4Fe29Si5,0.0,-0.2,0.0,6.752789554444294,0,FM,0.9302054128428658,0.06789843558246472,0.0018961515746693963,0.9302054128428658,0.8623069772604011,0.2383137846102102,True,False,532.2141075530674,183.66009688065446,2.2999370041645193,22.95853989698695,532.2141075530674,0.0,2.2999370041645193,,495.06844363719847,12.470233257120347,507.5386768943188,2.6470930562380226,1.1421052631578947,False,4248.292675207572,0.004248292675207572,0.004640139772389311,Easy-Axis (Uniaxial),149748.1319225361,149.7481319225361,1881.7905611039919,5.764865338078706,Hard Magnet,73.97042907286226,4.839778959129227,555.007489756652,0.6974429810027242,96.77151953367958,12.160668029993863,6.632018851925333,394.59918493626583,17.915963512659232,2.1485297657916584,0.10476191738800106,Semi-Hard (0.1 <= kappa < 1.0),491.3018989121175,11.186145426752384
mp-510322,UCo5,-3m,166,R-3m,trigonal,2,"Co,U",18,234.72082034634883,11.305695000355422,1,0,0,UCo5,0.0,-0.2,0.0,2.402460187575527,0,FM,0.9288130031674346,0.06922524254449175,0.001961754288073685,0.9288130031674346,0.859587760622943,0.2418311098101262,True,False,467.1489078059299,180.69213215580373,39.855603697304105,16.520874693638362,467.1489078059299,0.0,39.855603697304105,,433.8939799856128,12.50845667436687,446.4024366599797,37.03606512172037,6.683333333333334,False,103.65047662398477,0.00010365047662398477,0.00020787530894138427,Easy-Axis (Uniaxial),39764.25607636776,39.76425607636776,499.6923887674207,0.4618418612472261,Hard Magnet,72.06706795162361,13.22934608900512,814.7682898309456,1.0238680294843272,96.44118685805127,12.119157200907651,7.035154688311139,348.1724892785619,12.818400070083555,1.9268824000501938,0.011146707410246719,Soft / Non-Viable,383.0102919580502,11.554042253030287
mp-1220627,Nd(Fe5Re)2,mmm,71,Immm,orthorhombic,3,"Fe,Nd,Re",13,175.84279610371766,10.152565563034525,1,0,0,Nd(Fe5Re)2,0.0,-0.2,0.0,9.137309006731073,0,FM,0.9186777883638954,0.07923409088980013,0.002088120746304556,0.9186777883638954,0.8394436974740952,0.2655121902872387,True,False,479.4800137007488,214.01660515711748,6.196919249344915,19.940569149693857,479.4800137007488,0.0,6.196919249344915,,440.4876385512942,16.957411144945514,457.4450496962397,5.908150748091493,0.8615384615384616,False,8195.807687157292,0.008195807687157292,0.0017287269778548105,Easy-Axis (Uniaxial),86521.34501567,86.52134501567,1087.2593086418806,11.137721328467409,Hard Magnet,84.5793667786008,5.9539687713067195,858.6975664996888,1.079071186628342,96.2497014168062,12.09509443022079,1.1941208484788564,327.01383717461977,17.83647685199699,1.5279834802283068,0.09404824926937076,Soft / Non-Viable,431.57289723668885,15.419993874258026
mp-1217051,Tm4Fe34C3,-1,2,P-1,triclinic,3,"C,Fe,Tm",41,521.7200902225115,8.308737885473139,1,0,0,Tm4Fe34C3,0.0,-0.2,0.0,2.284902918505113,0,FM,0.9292759867107732,0.06883893746748564,0.00188507582174126,0.9292759867107732,0.8604370492432876,0.24048567099662785,True,False,580.9194946717381,214.7009141409192,2.0981217878878624,3.131979847739018,580.9194946717381,0.0,2.0981217878878624,,539.8345366106032,14.779782802758739,554.614319413362,1.96161864882153,1.0658536585365854,False,1989.2090142624434,0.0019892090142624433,0.0053464726273453325,Easy-Axis (Uniaxial),68352.76940576888,68.35276940576888,858.9462495574297,5.647223794672077,Hard Magnet,66.55098120169541,0.855700948830389,552.9546588259374,0.6948633175743261,96.05697717499261,12.070875987260289,5.188374835978377,378.52833050986794,22.680163925658263,1.7630494589390544,0.07195247807187036,Soft / Non-Viable,536.0852958128987,14.551901491667802
mp-1216026,YFe11Re,mm2,44,Imm2,orthorhombic,3,"Fe,Re,Y",13,169.71461055960222,8.702235348267001,0,1,0,YFe11Re,0.0,-0.2,0.0,2.3931147207734256,0,FM,0.9164233979040828,0.08160985965035737,0.0019667424455597493,0.9164233979040828,0.8348135382537254,0.2701011308690531,True,False,479.23479375749304,254.06246792605504,3.0713643905255026,3.0210723880993697,479.23479375749304,0.0,3.0713643905255026,,439.18197808910406,20.734002349868774,459.91598043897284,2.8254477234742903,0.8615384615384616,False,2255.132615586988,0.002255132615586988,0.0016087738177178754,Easy-Axis (Uniaxial),61668.499403950525,61.66849940395053,774.9492337963311,23.7581724207149,Hard Magnet,98.60082894627067,3.703049956948263,858.0476190246648,1.0782544385432402,96.01983607684564,12.066208699126227,24.9751443982414,238.22270849584834,5.055263792031326,0.9376540755527225,0.049370749523125805,Soft / Non-Viable,434.7312511417528,20.425468259012263
mp-1219083,SmDyFe17,3m,160,R3m,trigonal,3,"Dy,Fe,Sm",19,258.0957279783635,8.120916772567636,0,1,0,SmDyFe17,0.0,-0.2,0.0,8.323939691881826,0,FM,0.928309610202523,0.0698288334310567,0.001861556366420281,0.928309610202523,0.8584807767714663,0.2426909756348968,True,False,389.98737530246615,342.09984175494935,4.300964866025964,27.4122021381381,389.98737530246615,0.0,4.300964866025964,,362.0290283509374,23.88843286669721,385.9174612176346,4.427763209677011,1.1421052631578947,False,823.8976572097122,0.0008238976572097122,0.0003637014994530657,Easy-Axis (Uniaxial),51243.809505207,51.243809505207,643.9487144440128,23.585303436304745,Hard Magnet,85.15554329990897,1.7052631199890484,691.5410798613403,0.8690161504591757,95.91737787126695,12.053333421038259,3.38590119375919,336.11746231550865,6.76056404737227,0.9825127675921991,0.037026590091465694,Soft / Non-Viable,356.91213977286657,21.00892796613134
mp-1225193,Gd2Fe17N2,2/m,12,C2/m,monoclinic,3,"Fe,Gd,N",21,260.89382745253374,8.222557721815603,1,0,0,Gd2Fe17N2,0.0,-0.6,0.5,9.455941380087944,0,FM,0.9267224950209956,0.07139765187525111,0.0018798531037532203,0.9267224950209956,0.8553248431457444,0.24647188317184782,True,False,732.8526074416126,197.01650865852577,3.8286850511663033,1.1756449330300853,732.8526074416126,0.0,3.8286850511663033,,679.1509968509334,14.06651609887882,693.2175129498122,3.5491212909115855,1.0428571428571427,False,61651.87810933126,0.06165187810933126,0.0162348058217099,Easy-Axis (Uniaxial),157868.01796260013,157.86801796260013,1983.8280604120755,72.62490639121926,Hard Magnet,134.26016438245637,21.972537930787084,1103.9619513751989,1.3872795025131908,95.73837270045505,12.03083896741817,1.9976383759748304,273.9235635828787,166.26351224768155,1.3903584295956148,0.20063842874121965,Semi-Hard (0.1 <= kappa < 1.0),670.5927026638985,13.984313164311176
mp-1219391,SmEr(TiFe11)2,m,8,Cm,monoclinic,4,"Er,Fe,Sm,Ti",26,340.23948371270365,8.01350410801223,0,1,0,SmEr(TiFe11)2,0.0,-0.2,0.0,2.2037136297033637,0,FM,0.9276498354721546,0.07046669086454622,0.0018834736632991178,0.9276498354721546,0.8571831446076084,0.24431413418343587,True,False,524.4171318088003,221.7004541498078,7.4165515204472285,6.127501724747219,524.4171318088003,0.0,7.4165515204472285,,486.47546604121277,15.62249736710401,502.0979634083168,6.893498834798132,0.8615384615384616,False,10131.146879250817,0.010131146879250817,0.0009372276326484657,Easy-Axis (Uniaxial),131758.18868107809,131.75818868107808,1655.7222626087269,54.312869284726524,Hard Magnet,106.60225341264245,5.401484127154426,854.257595645571,1.0734917547013623,95.68384730633441,12.023987104180922,11.43864322528401,452.54848098957063,141.2908141284278,2.041260956027514,0.10510794008309447,Semi-Hard (0.1 <= kappa < 1.0),474.7390441098509,15.158091216732005
mp-1220652,Pr4AlCo25,mmm,65,Cmmm,orthorhombic,3,"Al,Co,Pr",30,418.278631289705,8.193716085855824,1,0,0,Pr4AlCo25,0.0,-0.2,0.0,1.7411646682443624,0,FM,0.9307586180262604,0.06718549263411586,0.0020558893396237024,0.9307586180262604,0.8635731253921445,0.23750653785413964,True,False,959.1231095887292,108.53649911815648,5.270684058653501,4.113946222016246,959.1231095887292,0.0,5.270684058653501,,892.712099997855,7.292078162035625,900.0041781598907,4.913514795796224,8.003333333333334,False,78619.94949719576,0.07861994949719577,0.058882217934505016,Easy-Axis (Uniaxial),316008.35209020163,316.00835209020164,3971.0781467443185,24.34943374663428,Hard Magnet,68.194945710572,1.155773736491298,558.7700236427784,0.702171120528939,95.33547830502333,11.980209763520168,7.242731444804449,280.72789026329497,5.193376051603991,2.586483740899779,0.44763944518045246,Semi-Hard (0.1 <= kappa < 1.0),877.2988825481187,7.14510526792126
mp-1223079,Nd4Ti3Fe25B2,mm2,35,Cmm2,orthorhombic,4,"B,Fe,Nd,Ti",68,957.902234462476,7.413610976049628,0,1,0,Nd4Ti3Fe25B2,0.0,-0.2,0.0,6.672249878444665,0,FM,0.9299763970974261,0.0681229730235005,0.0019006298790734703,0.9299763970974261,0.8618534240739256,0.23887362174160406,True,False,578.8474313875408,174.0655764506198,4.68634811071405,17.66428669221716,578.8474313875408,0.0,4.68634811071405,,538.3144487108848,11.857864568865637,550.1723132797504,4.5212701195914535,1.2647058823529411,False,321964.47882102855,0.3219644788210285,0.0536265939018205,Easy-Axis (Uniaxial),585334.7853924957,585.3347853924956,7355.533989614091,15.396278161730823,Hard Magnet,101.41870230423027,0.7516521924137933,751.8788045793513,0.9448387715425463,95.15287959459627,11.957263732385092,3.1064407372622234,373.30405648463886,10.051531901184234,2.1446173568416067,0.6732110035103315,Semi-Hard (0.1 <= kappa < 1.0),530.0346917892861,10.895553651971358
mp-1210590,Nd2Co23B3,-43m,220,I-43d,cubic,3,"B,Co,Nd",112,1303.1823746738296,8.544299996120747,0,0,0,Nd2Co23B3,0.0,-0.2,0.0,7.155851246751126,0,FM,0.9246387894235178,0.07333040518211371,0.002030805394368356,0.9246387894235178,0.8513083842414041,0.2518024228678215,True,False,878.4726820917307,108.9365242623998,18.48100847275066,4.759755520055435,878.4726820917307,0.0,18.48100847275066,,812.2699173109287,7.988359463292938,820.2582767742216,17.091821520741007,7.296428571428571,False,37010.76829825934,0.03701076829825934,0.05427172585177371,Easy-Axis (Uniaxial),160400.09438958523,160.40009438958523,2015.6470718355988,69.73554983760323,Hard Magnet,68.04833575309547,2.7372353078063725,581.4253949111969,0.7306406997054242,94.94865275462392,11.9315998302816,13.651189144635245,411.3935943880949,24.36315981701216,3.776452362268825,0.2951651788996591,Semi-Hard (0.1 <= kappa < 1.0),765.1350275541721,7.802665560919277
mp-1183714,Co3I,4/mmm,139,I4/mmm,tetragonal,2,"Co,I",4,54.176033051059214,9.308774015285127,1,0,0,Co3I,0.0,-2.0,3.5,1.9781144782480893,0,FM,0.8503313609109399,0.1462816219921385,0.0033870170969217362,0.8503313609109399,0.7040497389188014,0.39897051001416717,True,False,832.4665281932892,212.98130026819052,16.233098730863503,8.066604994974412,832.4665281932892,0.0,16.233098730863503,,707.8723958314049,31.155250057225594,739.0276458886304,13.853857227197565,6.025,True,81.07858821631574,8.107858821631574e-05,9.975754375975318e-05,Easy-Axis (Uniaxial),13327.89702912795,13.32789702912795,167.48329683172824,0.8191711116240268,Hard Magnet,59.05440035457927,7.165746134151984,549.7240675089523,0.6908036367950496,94.9378462672379,11.930241846999898,2.5224064395626815,104.7704258900054,15.608635121241733,0.491923120753213,0.014611789453776973,Soft / Non-Viable,671.5353946240654,29.947381568491597
mp-1219100,SmErFe17,3m,160,R3m,trigonal,3,"Er,Fe,Sm",19,258.8127896963188,8.128950791671254,0,1,0,SmErFe17,0.0,-0.2,0.0,2.235461467709595,0,FM,0.928307607164663,0.06983095822063798,0.0018614346146990125,0.928307607164663,0.858476648944025,0.24269529121796787,True,False,387.7901946796243,322.6297758009091,5.10686929899515,18.597945938426818,387.7901946796243,0.0,5.10686929899515,,359.9885877049608,22.52954639468708,382.5181340996479,4.91541685776911,1.1421052631578947,False,1512.3916529126927,0.0015123916529126927,0.0002552111713209572,Easy-Axis (Uniaxial),52404.18012299093,52.40418012299093,658.5303619603756,24.55510716617955,Hard Magnet,74.48186275542963,2.9201319071360032,605.4593972108994,0.7608427177298664,94.72928705406731,11.904033522813343,6.198495954335456,317.88716825655854,7.310296237462637,0.9853001554720815,0.05729835841341605,Soft / Non-Viable,353.96310990840067,20.61277044298765
mp-1106200,Ce2Ga2Co15,-3m,166,R-3m,trigonal,3,"Ce,Co,Ga",19,251.46827460574772,8.608659720861022,1,0,0,Ce2Ga2Co15,0.0,-0.2,0.0,1.8293401906829672,0,FM,0.9278948028084771,0.07020321113278087,0.0019019860587418745,0.9278948028084771,0.8576915916756963,0.2437998756901667,True,False,858.6761906160343,142.73991766590646,5.12606035609241,7.015313139544702,858.6761906160343,0.0,5.12606035609241,,796.7611745679995,10.02080057697539,806.7819751449749,4.781874170572935,8.0,False,1292.3798826189104,0.0012923798826189104,0.0025515194464566047,Easy-Axis (Uniaxial),10793.262739646676,10.793262739646677,135.6321423594728,0.13067757292034532,Hard Magnet,69.47448680688673,3.6141308373278065,598.0822162019363,0.7515722786650821,94.7228191773055,11.903220745432783,12.5599476080084,302.1910665830027,16.11392094416658,2.1170746874767272,0.053620304206360075,Soft / Non-Viable,783.3757368723134,9.68121674189443
mp-1207153,Gd3GaC,m-3m,221,Pm-3m,cubic,3,"C,Ga,Gd",5,118.2372464467286,7.773196141492398,1,0,0,Gd3GaC,0.0,-0.2,0.0,6.801546623805848,0,FM,0.7308921837589035,0.260888003451364,0.008219812789732444,0.7308921837589035,0.47000418030753954,0.5635634765775714,False,True,353.4650000696447,103.58208088812265,42.87666151067609,0.4128057318140179,353.4650000696447,0.0,42.87666151067609,,258.3448057832436,27.023322276240005,285.3681280594836,31.338401815963465,7.22,False,728.4460940064724,0.0007284460940064724,0.0003507933686975613,Easy-Axis (Uniaxial),118311.6152281163,118.3116152281163,1486.7476338229437,16.73618459991023,Hard Magnet,77.79496208497898,7.359478818752677,604.715499106506,0.7599079078019537,94.70259466576546,11.900679258308346,12.557968396989832,124.92641523382974,16.27601818022245,1.2060620346945992,0.03981462939491012,Soft / Non-Viable,226.03883680359468,26.967660252610553
mp-1208090,Tm2Fe17H3,6/mmm,194,P6_3/mmc,hexagonal,3,"Fe,H,Tm",44,514.9830551258402,8.320749720409133,1,0,0,Tm2Fe17H3,0.0,-0.2,0.0,2.288206173112512,0,FM,0.921264700007093,0.07672009265977711,0.0020152073331298516,0.921264700007093,0.844544607347316,0.25945940564611625,True,False,507.16471599616796,227.92114235619286,1.9771280900788497,5.534697506706692,507.16471599616796,0.0,1.9771280900788497,,467.23294993639223,17.486131160689364,484.7190810970816,1.870298016894984,1.0,False,77011.47173778435,0.07701147173778435,0.09191712957336853,Easy-Axis (Uniaxial),83668.76635590405,83.66876635590405,1051.4127473002602,10.846584760291796,Hard Magnet,65.93746228075155,0.46291289012474124,548.6491208370511,0.6894528189680713,94.56692074636472,11.883629970438205,3.6826055197574004,251.23100890825026,38.031458575755366,1.1022716291743966,0.45120935142429935,Semi-Hard (0.1 <= kappa < 1.0),464.17384610368714,17.015259586638685
mp-1072880,Nd2Fe,-3m,166,R-3m,trigonal,2,"Fe,Nd",6,159.40747119342515,7.173713412320131,1,0,0,Nd2Fe,0.0,-0.2,0.0,6.456342071088118,0,FM,0.8753100419636969,0.12161363601201378,0.003076322024289265,0.8753100419636969,0.7536964059516831,0.35553334583152935,True,False,484.3987047978317,185.1151574011403,6.169223171149383,4.226335834280206,484.3987047978317,0.0,6.169223171149383,,423.9990506237505,22.512527372488915,446.51157799623945,5.424388613740682,6.699999999999999,False,327.25060977457395,0.00032725060977457395,0.0002124969400305348,Easy-Axis (Uniaxial),25828.78726470042,25.82878726470042,324.5741195931514,15.857622924869352,Hard Magnet,76.4421390959182,5.166390842542583,548.3739984988295,0.6891070900414331,94.47210258997839,11.87171476926552,0.619707946916891,226.76518935604008,5.593950616826206,1.22499525451957,0.029427844055726037,Soft / Non-Viable,415.4555897867637,22.046644748850355
mp-1224177,Ho2Fe17C2,2/m,12,C2/m,monoclinic,3,"C,Fe,Ho",21,265.4920416496731,8.15125234235815,1,0,0,Ho2Fe17C2,0.0,-0.2,0.0,2.241594394148492,0,FM,0.9297869175898523,0.06834776506181468,0.0018653173483329558,0.9297869175898523,0.8614391525280376,0.239208737259031,True,False,652.4467315563224,197.38955036364104,1.4445026140132882,11.075923733859653,652.4467315563224,0.0,1.4445026140132882,,606.6364354253269,13.491134613911374,620.1275700392383,1.5417308634413063,1.0428571428571427,False,2816.553192383538,0.0028165531923835378,0.003810261840302606,Easy-Axis (Uniaxial),156215.58486480042,156.2155848648004,1963.0629732862883,44.107370575658486,Hard Magnet,67.16327349534308,3.346194278974828,547.4647903993563,0.6879645454470774,94.15909141884316,11.83238062467218,14.797043183808952,515.3627971009929,76.12573687633105,2.61089199581014,0.08647645014545097,Soft / Non-Viable,603.729472753496,12.783205564384508
mp-1220136,NdV2(FeCo)5,mm2,44,Imm2,orthorhombic,4,"Co,Fe,Nd,V",13,168.41240431410455,8.0853222728558,0,1,0,NdV2(FeCo)5,0.0,-0.2,0.0,8.994921028552078,0,FM,0.9296988900097313,0.0684070121686255,0.0018940978216432885,0.9296988900097313,0.8612918778411057,0.23951200653518417,True,False,616.9914119012127,202.5415785936221,12.381444371566431,13.762274770552168,616.9914119012127,0.0,12.381444371566431,,573.6162307900944,13.855264231506526,587.471495021601,11.549448917778312,4.5,False,3549.9946612838003,0.0035499946612838,0.013792946048572742,Easy-Axis (Uniaxial),63702.56475180516,63.70256475180516,800.5100533078667,2.807813166370962,Hard Magnet,90.10216103772882,9.087214447012208,728.5050094707889,0.9154663943427171,93.89655260912598,11.799389024195664,7.457702407883568,339.1971707486781,10.54027460436373,1.674703895881254,0.07295858046762427,Soft / Non-Viable,550.8805735347698,12.963245499121365
mp-1198179,Dy2Fe6Co8B,4/mmm,136,P4_2/mnm,tetragonal,4,"B,Co,Dy,Fe",68,877.3504371163467,8.64836221823099,1,0,0,Dy2Fe6Co8B,0.0,-0.2,0.0,10.70234824506085,0,FM,0.930361583712868,0.06775545558037525,0.0018829607067567277,0.930361583712868,0.8626061281324928,0.23789856115640967,True,False,744.4537288706724,206.92059154088616,7.281290937815754,2.5375312422981864,744.4537288706724,0.0,7.281290937815754,,692.6111501930689,14.019998948813484,706.6311491418824,6.776414848526249,4.982352941176471,False,156151.32492245143,0.15615132492245143,0.19831972732009895,Easy-Axis (Uniaxial),387001.6015680888,387.0016015680888,4863.205648132427,92.22263696532244,Hard Magnet,79.42130449298114,8.574915938541544,686.8642090997172,0.863139021328574,93.86787020250345,11.79578468660834,0.9701659231651518,412.7707679100025,28.66850559583517,1.9948269277417066,0.5132122544180638,Semi-Hard (0.1 <= kappa < 1.0),676.1991412616447,13.844346638195349
mp-1217502,TbHo3Fe8,3m,160,R3m,trigonal,3,"Fe,Ho,Tb",12,188.38113619486347,9.700461224979826,0,1,0,TbHo3Fe8,0.0,-0.2,0.0,2.667626836869452,0,FM,0.9269167746400718,0.07112320936714518,0.0019600159927829998,0.9269167746400718,0.8557935652729266,0.2462819253148581,True,False,603.2979550162156,215.829770553042,13.898929574559304,40.8762708561634,603.2979550162156,0.0,13.898929574559304,,559.2069946105817,15.350505958706913,574.5575005692885,13.20710758134518,3.4,False,2.983899915136475,2.983899915136475e-06,4.893049825047824e-06,Easy-Axis (Uniaxial),12479.692679737818,12.479692679737818,156.82444641351148,3.451349329761161,Hard Magnet,56.34064356065754,4.228197674488978,546.5302282505678,0.6867901400146946,93.83789299561762,11.79201763961805,13.866850142962337,424.5381385728757,53.54665240098521,1.9670045401291933,0.002819505892299379,Soft / Non-Viable,534.4462264033511,12.745552647544347
mp-1217336,ThFe2Ni3,6/mmm,191,P6/mmm,hexagonal,3,"Fe,Ni,Th",6,86.07764266170874,10.027713322373534,1,0,0,ThFe2Ni3,0.0,-0.2,0.0,3.5096996628307373,0,FM,0.9262013149034269,0.07075430620811211,0.003044378888461034,0.9262013149034269,0.8554470086953149,0.2512644909329565,True,False,454.68164453127883,209.67168281109946,7.0720878112565515,15.024027654130933,454.68164453127883,0.0,7.0720878112565515,,421.12673702732303,14.835174448786688,435.9619114761097,6.6358736633358495,2.05,False,1685.858591803218,0.001685858591803218,0.005176977731017554,Easy-Axis (Uniaxial),11121.779729838236,11.121779729838236,139.76040869153334,6.638105322178702,Hard Magnet,71.111140669034,2.7632239673365433,713.0821326560507,0.8960854357433564,93.67945372106021,11.772107572791672,6.736077188596086,214.20782653708505,2.0627558662151984,1.0216345081279878,0.051364857205548266,Soft / Non-Viable,411.4278898115,13.798620192018047
mp-1217577,TbFe6Co5W,mm2,44,Imm2,orthorhombic,4,"Co,Fe,Tb,W",13,160.33631698879387,10.071807030791607,0,1,0,TbFe6Co5W,0.0,-0.2,0.0,4.910005927510909,0,FM,0.9260019031045914,0.07212315017443083,0.0018749467209776853,0.9260019031045914,0.8538787529301606,0.24813339054104558,True,False,821.5194427978531,237.71012493508357,3.1556888765211966,12.569843918354493,821.5194427978531,0.0,3.1556888765211966,,760.7285674682355,17.144403038675748,777.8729705069112,3.0595721464271826,4.276923076923077,False,10585.403458530767,0.010585403458530767,0.0004473963091088389,Easy-Axis (Uniaxial),55595.14648847505,55.59514648847505,698.6292287060024,10.785739454191965,Hard Magnet,82.83675874396916,12.514241651860871,834.3158491254967,1.0484322169544762,93.63724206910794,11.766803100061857,22.839297096025735,347.50403066911406,39.07510759193585,1.4618814859653715,0.11000648348252628,Semi-Hard (0.1 <= kappa < 1.0),752.8097892084312,16.13060697853333
mp-1216227,Y(Fe5Re)2,mmm,71,Immm,orthorhombic,3,"Fe,Re,Y",13,171.4712440777243,9.875519865384074,1,0,0,Y(Fe5Re)2,0.0,-0.2,0.0,2.7157679629806206,0,FM,0.9203115653912735,0.07758802569194594,0.002100408916780682,0.9203115653912735,0.8427235396993276,0.26189158448994265,True,False,442.6389851720629,280.0362950921372,16.16778634437088,35.46859102432758,442.6389851720629,0.0,16.16778634437088,,407.36577734690593,21.727463258286097,429.093240605192,15.131745750294117,0.8615384615384616,False,1907.3758757843777,0.0019073758757843777,0.0007483773889637342,Easy-Axis (Uniaxial),54991.74774811471,54.991747748114705,691.0466963590914,26.846002642033497,Hard Magnet,88.34457885546703,3.8793192059775166,872.4486434861545,1.0963512996041935,93.57575318444991,11.759076178778981,21.73480153218741,265.19742258251955,19.580333557853066,0.9470108954814754,0.044655333687196375,Soft / Non-Viable,386.5344240698848,18.454659420832318
mp-985280,Co3Bi,4/mmm,139,I4/mmm,tetragonal,2,"Bi,Co",4,56.13702724696654,11.411411834859628,1,0,0,Co3Bi,0.0,-0.6,0.5,2.4249250149076707,0,FM,0.8741298839550504,0.12265581143248869,0.0032143046124608,0.8741298839550504,0.7514740725225617,0.3581078591357508,True,False,546.753120217929,467.42216571047277,20.64455396588869,22.659666023977366,546.753120217929,0.0,20.64455396588869,,477.93324152816,57.33204501674923,535.2652865449093,18.258795785321045,6.75,True,399.2518462482451,0.0003992518462482451,0.0006854815499697715,Easy-Axis (Uniaxial),38127.248582232605,38.1272485822326,479.1211454979984,4.36238966717,Hard Magnet,77.37127997110622,2.3168621754349488,882.9155399405192,1.1095043896069603,93.53904648111381,11.754463478307844,9.02035952764526,125.80919340944158,52.38841148155043,0.26915538594155886,0.02018828252156394,Soft / Non-Viable,447.16172685627856,51.49746789845212
mp-1197772,U2Co15Ge2,6/mmm,194,P6_3/mmc,hexagonal,3,"Co,Ge,U",38,479.13844778494285,10.434014752814194,1,0,0,U2Co15Ge2,0.0,-0.2,0.0,2.2172281349730163,0,FM,0.9263274961136929,0.07155446065547175,0.0021180432308353565,0.9263274961136929,0.8547730354582211,0.24816866356485656,True,False,815.4772361481332,111.52907951917888,15.658934754725351,15.05432874544234,815.4772361481332,0.0,15.658934754725351,,755.3989862988149,7.980403132396065,763.3793894312109,14.545244935851729,6.957894736842105,False,5.935687668992033,5.935687668992033e-06,2.1839476000267423e-05,Easy-Axis (Uniaxial),51731.18282418856,51.73118282418856,650.073228316866,41.3587285538089,Hard Magnet,60.22977288910143,0.49215368624937383,628.4383388835328,0.7897189074682718,93.48543576312548,11.747726556665533,1.3101086379093918,326.73234901148066,12.572469927563446,2.929570928228586,0.003458341819206576,Soft / Non-Viable,717.9258083276923,7.421755403809973
mp-1218218,TaFe,-3m,166,R-3m,trigonal,2,"Fe,Ta",26,363.9606732971811,14.044511248866012,1,0,0,TaFe,0.0,-0.2,0.0,3.8622405934381536,0,FM,0.7831223043311751,0.21158780722486498,0.0052898884439598936,0.7831223043311751,0.5715344971063101,0.49862604523874565,False,True,354.2839125570474,262.0112548671447,49.00795328836924,7.867554643440201,354.2839125570474,0.0,49.00795328836924,,277.44763398913955,55.43838688557438,332.88602087471395,38.41530662770714,3.05,True,16.54256803593912,1.654256803593912e-05,4.8421670174351e-06,Easy-Axis (Uniaxial),22925.401975406665,22.925401975406665,288.08910330281503,7.585074370654423,Hard Magnet,176.2214436802605,9.002746228876362,2474.9440480588273,2.5,93.41612419848718,11.739016608405265,6.6157917506059265,190.47528083970985,11.748193586660733,0.7269736597242441,0.001465990471725661,Soft / Non-Viable,238.48823332678955,53.34010589643878
mp-1217473,TbHoFe4,-43m,216,F-43m,cubic,3,"Fe,Ho,Tb",6,97.50872240941494,9.31922998771515,0,0,0,TbHoFe4,0.0,-0.2,0.0,2.5627882466216665,0,FM,0.928550875039614,0.06952702536972127,0.00192209959066469,0.928550875039614,0.8590238496698928,0.242321017617165,True,False,625.5328823346854,217.14850191177695,3.2780557445190084,36.08919796369466,625.5328823346854,0.0,3.2780557445190084,,580.839105257924,15.097689401417083,595.936794659341,3.944734255269805,3.4,False,4.259337842256113,4.259337842256113e-06,2.980482284432276e-06,Easy-Axis (Uniaxial),18889.30519014407,18.88930519014407,237.37001427846437,6.906381171924885,Hard Magnet,58.51275478720971,2.008300903957398,545.2938190767879,0.6852364224238235,93.41379643850047,11.73872409345264,12.6791989516747,455.4872421684812,47.3989247424916,2.0975840871954827,0.0033762573094575712,Soft / Non-Viable,574.5609623802343,12.789818027793695
mp-978091,Pr2Fe17C3,-3m,166,R-3m,trigonal,3,"C,Fe,Pr",22,278.32901480166146,7.560317419006352,1,0,0,Pr2Fe17C3,0.0,-0.2,0.0,2.079087290226747,0,FM,0.9292631212884982,0.0688611076562326,0.0018757710552692558,0.9292631212884982,0.8604020136322656,0.24048565338411354,True,False,679.7169566297614,197.6964882284033,14.524589478433256,13.457904128285008,679.7169566297614,0.0,14.524589478433256,,631.6359007104909,13.6135991591552,645.2494998696461,13.528942827124048,1.0,False,24560.605035677818,0.024560605035677818,0.04185851194137324,Easy-Axis (Uniaxial),110216.48571837482,110.21648571837483,1385.0212342560628,31.402486811046774,Hard Magnet,89.39418856999208,11.617226511192818,675.8484410036497,0.8492961988788722,93.40996707493557,11.738242881425554,15.85383384007235,435.20588426327197,10.80526601218051,2.201383991001745,0.20685464721872499,Semi-Hard (0.1 <= kappa < 1.0),602.4672682265452,12.75530106486348
mp-1217696,Tb2AlFe3,-3m,166,R-3m,trigonal,3,"Al,Fe,Tb",6,100.5549681258138,8.461101755464057,1,0,0,Tb2AlFe3,0.0,-0.2,0.0,2.326802982752616,0,FM,0.8495610023765972,0.14723798362097798,0.003201014002424696,0.8495610023765972,0.7023230187556192,0.3995592709016265,True,False,393.1681606497569,200.71969878250735,28.025935916789138,16.185841814564455,393.1681606497569,0.0,28.025935916789138,,334.02033666417043,29.55356372174645,363.5739003859169,23.92871343698981,3.4,False,1924.8339077338997,0.0019248339077338997,0.0009111719770695656,Easy-Axis (Uniaxial),156152.41628515374,156.15241628515375,1962.2691734878445,15.282658717440595,Hard Magnet,66.92845427660394,3.155225775956989,566.2884619702695,0.7116190687753846,93.37952132650561,11.734416955767205,12.764356931682576,229.58250161159629,45.00546933537781,1.143796563088527,0.06911208342441831,Soft / Non-Viable,305.48225011290134,27.340887334422494
mp-1219361,Sm(Fe5Re)2,mmm,71,Immm,orthorhombic,3,"Fe,Re,Sm",13,173.52968474768988,10.346441283890243,1,0,0,Sm(Fe5Re)2,0.0,-0.2,0.0,2.8452713530698173,0,FM,0.9191999067608247,0.07868350091903993,0.0021165923201352447,0.9191999067608247,0.8405164058417848,0.2644397477997821,True,False,490.1071432091261,233.55038780058445,7.537972778722462,1.9975926577879477,490.1071432091261,0.0,7.537972778722462,,450.5064403406429,18.37656215314942,468.8830024937923,6.93068638064845,0.8615384615384616,False,8149.23343973748,0.00814923343973748,0.006675382899464176,Easy-Axis (Uniaxial),94521.71984590845,94.52171984590845,1187.7949857655494,5.994928454801005,Hard Magnet,79.49077179552881,2.848443788075791,822.4466029935575,1.0335168823737766,93.09091851279362,11.698150055888132,3.3976426264170243,331.27848271269454,19.152317831077994,1.4184454405425977,0.09791421268185684,Soft / Non-Viable,439.46420951222314,18.19483283078712
mp-1219314,Sm2Fe5Co12C,2/m,12,C2/m,monoclinic,4,"C,Co,Fe,Sm",20,257.2961179146779,8.384487327090719,1,0,0,Sm2Fe5Co12C,0.0,-0.2,0.0,4.087437571956726,0,FM,0.9279976754027309,0.07013367303959514,0.0018686515576738904,0.9279976754027309,0.8578640023631358,0.24344835087147357,True,False,857.4322705525581,169.7530887374681,24.42224186376319,0.9320525419192762,857.4322705525581,0.0,24.42224186376319,,795.6951538880594,11.905407622974968,807.6005615110344,22.663877947074027,5.83,False,17005.60918682408,0.01700560918682408,0.01186851066037749,Easy-Axis (Uniaxial),394741.03449102695,394.74103449102694,4960.46223247644,11.604230963204886,Hard Magnet,64.90989356926075,14.366689877919864,544.2361800342741,0.6839073540053789,93.05178146030885,11.693231948729816,1.5288058366469301,494.38292217281446,88.07357538172633,2.9123648108542115,0.21374883452186189,Semi-Hard (0.1 <= kappa < 1.0),735.7958714392347,11.850182658629054
mp-1225807,DyTiFe5Co6,mm2,44,Imm2,orthorhombic,4,"Co,Dy,Fe,Ti",13,166.5295397137792,8.407828921882931,0,1,0,DyTiFe5Co6,0.0,-0.2,0.0,10.404688290830128,0,FM,0.9302668011196081,0.06786454507907395,0.0018686538013180612,0.9302668011196081,0.8624022560405342,0.23807777758541138,True,False,853.8755204268291,297.0363603345599,27.899153442853105,6.32662469544772,853.8755204268291,0.0,27.899153442853105,,794.3320489418069,20.158237466048796,814.4902864078557,25.95720739977573,4.507692307692308,False,7505.2925686109875,0.0075052925686109875,0.0070648161712013055,Easy-Axis (Uniaxial),74306.30911378501,74.30630911378502,933.7606374490796,27.457769621663484,Hard Magnet,74.14678310881048,7.007270895740518,623.4134674868376,0.7834044678422353,92.99019597499726,11.685492888250565,17.69099219277381,335.4751097341967,6.939657903138027,1.1294075558842096,0.12396603227902779,Semi-Hard (0.1 <= kappa < 1.0),726.7466603083908,19.54012236259255
mp-1220445,NdUCo10,mmm,47,Pmmm,orthorhombic,3,"Co,Nd,U",12,156.83884394461353,10.286893654190434,1,0,0,NdUCo10,0.0,-0.2,0.0,8.61527343538449,0,FM,0.9290543783492033,0.06903441208223143,0.0019112095685652202,0.9290543783492033,0.8600199662669719,0.2410958097812185,True,False,790.1641353028223,144.0935689720826,29.003239935062766,12.241825074971871,790.1641353028223,0.0,29.003239935062766,,734.1054495175994,9.947414818818189,744.0528643364175,26.958836538964277,7.508333333333334,False,13014.281408436562,0.013014281408436561,0.013899025246331284,Easy-Axis (Uniaxial),166002.98261207488,166.00298261207487,2086.055043118044,16.694725717067072,Hard Magnet,71.51388418131637,6.030148212540951,735.6557213712931,0.9244522439325417,92.16202658617028,11.581422051514114,6.285981606698504,364.996906479623,13.548553030518889,2.5330547996235646,0.13833451369326785,Semi-Hard (0.1 <= kappa < 1.0),669.3904743878759,9.373661214328875
mp-1224188,HfZrFe4,-43m,216,F-43m,cubic,3,"Fe,Hf,Zr",6,87.82824812269753,9.322761971822077,0,0,0,HfZrFe4,0.0,-0.2,0.0,2.5637595422510717,0,FM,0.8797298283452969,0.11486043914864204,0.005409732506061043,0.8797298283452969,0.7648693891966548,0.3545633495572299,True,False,392.1917015607936,264.77024808012527,7.316657438458236,27.5692222266961,392.1917015607936,0.0,7.316657438458236,,345.02273829252687,30.411626967978084,375.43436526050493,7.173444793866751,0.1,True,85.95403336966459,8.595403336966459e-05,5.4220124027161506e-05,Easy-Axis (Uniaxial),38494.83096055137,38.49483096055137,483.7403219849961,3.6719882256313263,Hard Magnet,66.33259041244601,2.900522908411933,618.4029513896013,0.7771080676175269,92.07934650421993,11.571032165790132,16.131685175965586,371.56221432276396,51.83801867180915,1.403338241426284,0.013373856060528362,Soft / Non-Viable,336.80836681781835,26.727363806414154
mp-510382,Fe3PtN,m-3m,221,Pm-3m,cubic,3,"Fe,N,Pt",5,103.22388246464736,6.058691789892071,1,0,0,Fe3PtN,0.4050582302641649,-0.3974708848679175,0.5,1.6661402422203198,0,FM,0.889078445294027,0.10790617670793286,0.003015377998040099,0.889078445294027,0.7811722685860941,0.32976373440612095,True,False,547.9603022323386,261.84900824903633,39.52324587653061,11.960881911827997,547.9603022323386,0.0,39.52324587653061,,487.17969359157274,28.25512535491748,515.4348189464902,35.16296062708281,1.8800000000000001,False,32112.987737586467,0.03211298773758647,0.019557960697694655,Easy-Axis (Uniaxial),64692.02133850627,64.69202133850627,812.9439317247238,2.076061921276399,Hard Magnet,89.30110562405423,3.067236913493879,541.047875472742,0.6799008123302126,91.96472251086325,11.556628089692126,3.220584780623966,192.3207282907133,49.22904849984671,0.7344718606220694,0.29546070426475046,Semi-Hard (0.1 <= kappa < 1.0),430.4680455682892,26.660698049625136
mp-1219301,Sm(Co5Mo)2,mmm,71,Immm,orthorhombic,3,"Co,Mo,Sm",13,168.86105635712156,9.160854798950504,1,0,0,Sm(Co5Mo)2,0.0,-0.2,0.0,1.946681644776982,0,FM,0.9269796929812028,0.07099668437237883,0.0020236226464184466,0.9269796929812028,0.8559830086088239,0.24634178745290172,True,False,921.2299489274145,169.12163100048895,2.2326814701580133,4.662536138405869,921.2299489274145,0.0,2.2326814701580133,,853.9614552218238,12.007075056683632,865.9685302785075,2.0959556295522512,6.938461538461539,False,32455.180346620346,0.032455180346620344,0.010529617500793217,Easy-Axis (Uniaxial),166239.91957248293,166.23991957248293,2089.032480832614,33.29845237528624,Hard Magnet,72.97806848458859,0.2239226201666895,668.5414888951819,0.8401140120532343,91.87326857804958,11.54513564933009,3.903242953242462,234.98366701589742,32.81385513438717,1.3894359084984111,0.24038574883330074,Semi-Hard (0.1 <= kappa < 1.0),847.6529914646004,11.733534904076123
mp-1220835,NdDyFe14C,4/mmm,136,P4_2/mnm,tetragonal,4,"C,Dy,Fe,Nd",68,904.398020266542,8.082992359443002,1,0,0,NdDyFe14C,0.0,-0.2,0.0,12.0,0,FM,0.9291338862323221,0.06900023680877561,0.001865876958902344,0.9291338862323221,0.8601336494235464,0.24075916544811468,True,False,545.747736171669,240.86081962434184,2.5699460485595296,6.7562904951781775,545.747736171669,0.0,2.5699460485595296,,507.0727150116748,16.619453592035374,523.6921686037102,2.432906146231007,1.2647058823529411,False,4678.789623624928,0.004678789623624928,0.007613711881007279,Easy-Axis (Uniaxial),305764.77894334175,305.76477894334175,3842.3536076648543,24.832568964157474,Hard Magnet,110.05000492397835,13.562245489636474,889.5333489571818,1.1178205736828033,91.67903115128115,11.52072705393639,9.36452742832156,349.55701288095884,20.31427586502852,1.4512821696203841,0.06859612647824098,Soft / Non-Viable,502.7657785915339,16.076370447769243
mp-1225192,GdFe11W,mm2,44,Imm2,orthorhombic,3,"Fe,Gd,W",13,171.12494002548868,9.27073586190204,0,1,0,GdFe11W,0.0,-0.2,0.0,10.661346241187346,0,FM,0.9153578251139376,0.08273743377690906,0.0019047411091533766,0.9153578251139376,0.8326203913370285,0.2722281470944243,True,False,524.935909752604,233.3554421805606,12.272612131769677,4.0853818995212094,524.935909752604,0.0,12.272612131769677,,480.50419267534977,19.307230443895463,499.8114231192452,11.238915639610576,1.2384615384615385,False,29536.745864466193,0.029536745864466193,0.013867936595238052,Easy-Axis (Uniaxial),79560.41377252352,79.56041377252352,999.7856651200838,16.324228774767416,Hard Magnet,68.31954009794381,11.745729224629208,633.3724104546621,0.7959192446683303,91.08273024152606,11.445793670184043,8.702566723303173,294.7507181609494,5.056073157696858,1.2630976822596824,0.24205677874436968,Semi-Hard (0.1 <= kappa < 1.0),461.6199186298715,18.920738236314378
mp-1219098,SmFe10Mo2N,mmm,71,Immm,orthorhombic,4,"Fe,Mo,N,Sm",14,180.4494479678726,8.417258260787923,1,0,0,SmFe10Mo2N,0.0,-0.6,0.5,2.314746021716679,0,FM,0.9240692298488538,0.07402883769108007,0.0019019324600662419,0.9240692298488538,0.8500403921577737,0.2526886589678507,True,False,491.1321039180052,236.97688242868765,43.56059331911774,3.051796925640886,491.1321039180052,0.0,43.56059331911774,,453.8400650215583,17.543123165851483,471.3831881874098,40.253637908703254,0.807142857142857,False,81225.81025030155,0.08122581025030155,0.02495215101882449,Easy-Axis (Uniaxial),224181.0443153207,224.1810443153207,2817.142142308881,48.385642343104685,Hard Magnet,107.56591353353559,0.6339415196215725,905.410074269352,1.1377718551243141,91.04649724230676,11.441240497128993,3.8907878179948914,101.20025228156513,26.935395296479392,0.42704693911237884,0.2807997854592415,Semi-Hard (0.1 <= kappa < 1.0),396.2969623236216,17.279456209171993
mp-1219072,SmErFe4,-43m,216,F-43m,cubic,3,"Er,Fe,Sm",6,97.94001923593832,9.17245047279926,0,0,0,SmErFe4,0.0,-0.2,0.0,2.522423880019797,0,FM,0.9265473104696355,0.07146121860483358,0.0019914709255309687,0.9265473104696355,0.8550860918648019,0.24724716425110527,True,False,576.948367081384,227.4226680237835,5.487790255037851,0.6808317716463108,576.948367081384,0.0,5.487790255037851,,534.5699577991044,16.251900995342087,550.8218587944465,5.084930065019122,3.4,False,9.312114246929161,9.31211424692916e-06,1.6725111610280504e-07,Easy-Axis (Uniaxial),27737.019626348483,27.737019626348484,348.5536751337845,2.634608006510763,Hard Magnet,58.678313820495426,1.5361298166645625,538.2239273458666,0.6763521344544084,91.00722551870282,11.436305466698403,16.769341278357814,422.5265288598106,62.89970714065137,1.8578910032645621,0.005057736678261838,Soft / Non-Viable,524.9669297939694,16.19676463553334
mp-1217449,UFe5Co5Si2,m,8,Cm,monoclinic,4,"Co,Fe,Si,U",13,157.87559583348346,9.130599459059107,0,1,0,UFe5Co5Si2,0.0,-0.2,0.0,4.451167236291315,0,FM,0.9306418248353923,0.06741629552103504,0.0019418796435727317,0.9306418248353923,0.8632255293143573,0.23742083707312642,True,False,673.2662312600517,162.46357432005058,50.26659573569924,3.576134152764581,673.2662312600517,0.0,50.26659573569924,,626.5697140599017,10.95269233776417,637.5224063976658,46.78081762808669,3.138461538461539,False,212.96813788193307,0.00021296813788193307,0.0004541457539263615,Easy-Axis (Uniaxial),51191.77278310444,51.19177278310444,643.2948016958121,26.184988109408252,Hard Magnet,67.33189041890539,6.81039553342789,614.7805222362846,0.7725559888910433,90.89775624492209,11.422549151779027,14.499846719486339,508.82117719561757,103.47651637653135,3.1319092868980474,0.021175432298663942,Soft / Non-Viable,536.6509867238603,10.760291115013722
mp-972987,Mn3Tl,m-3m,221,Pm-3m,cubic,2,"Mn,Tl",4,65.08414474918293,9.419602382809966,1,0,0,Mn3Tl,0.0,-0.2,0.0,3.5323508935537373,0,FM,0.8008608143099547,0.19399597431237242,0.005143211377672926,0.8008608143099547,0.6068648399975822,0.47613543255984014,True,False,477.64028896752734,268.43437171032485,11.923557717375019,19.498667860302902,477.64028896752734,0.0,11.923557717375019,,382.52339076977603,52.075187478874014,434.59857824865,10.27102937487559,0.1,True,1966.4648592731303,0.0019664648592731303,0.0015585448816963984,Easy-Axis (Uniaxial),58772.45751391285,58.77245751391285,738.5564973844085,8.431769892197782,Hard Magnet,62.264167634217266,3.930604054395083,586.5037018109522,0.7370222883650024,90.84222244793526,11.415570568897861,1.4390221025101038,239.0542611745652,0.16235725273671164,0.8905501171531619,0.06744774050229208,Soft / Non-Viable,367.9010911221744,47.44920594417147
mp-1227059,Ce(Fe5Re)2,mmm,71,Immm,orthorhombic,3,"Ce,Fe,Re",13,174.15265755224618,10.211754199033203,1,0,0,Ce(Fe5Re)2,0.0,-0.2,0.0,2.808232404734131,0,FM,0.9168812095873763,0.08097590872612905,0.002142881686494587,0.9168812095873763,0.8359053008612473,0.26968127737589476,True,False,441.41343617800817,211.1505538563781,14.213205598149472,10.972868381168325,441.41343617800817,0.0,14.213205598149472,,404.72368529101226,17.09810797654567,421.82179326755795,13.062077246999925,0.8615384615384616,False,27610.542419908208,0.027610542419908207,0.008668748024662219,Easy-Axis (Uniaxial),79358.31827499256,79.35831827499256,997.2460581492796,13.7687370946914,Hard Magnet,78.29071573290992,7.734098131080096,799.4855451308578,1.0046631660937335,90.68975761827329,11.396411272973781,0.2967515349904412,315.71500833009924,11.06636718240037,1.4952127880509587,0.18540520460196847,Semi-Hard (0.1 <= kappa < 1.0),386.41630403842817,16.20882164397957
mp-1217484,TbNdFe4,-43m,216,F-43m,cubic,3,"Fe,Nd,Tb",6,100.66314059592035,8.685924571150611,0,0,0,TbNdFe4,0.0,-0.2,0.0,7.81733211403555,0,FM,0.9266705595456175,0.07136302092976089,0.0019664195246216236,0.9266705595456175,0.8553075386158566,0.24687785529673892,True,False,591.5295026251872,227.23653583611954,1.5250166123082067,19.659472465349182,591.5295026251872,0.0,1.5250166123082067,,548.1529751854231,16.21628566287936,564.3692608483025,1.9913300178218756,3.4,False,24.466706366411863,2.4466706366411864e-05,4.278347335344566e-05,Easy-Axis (Uniaxial),40216.029237332616,40.21602923733261,505.3695378520153,3.3076394583070057,Hard Magnet,61.785743355138095,3.498187229039498,536.6663063551996,0.6743947701898657,90.48123758576472,11.37020787237452,8.11914169190649,440.0061630002823,47.228602003948055,1.9363354637548684,0.008222019324803476,Soft / Non-Viable,545.3805936343468,14.764931810930616
mp-1219059,SmV2Fe10N,mmm,71,Immm,orthorhombic,4,"Fe,N,Sm,V",14,172.2570995234494,7.950012369679891,1,0,0,SmV2Fe10N,0.0,-0.6,0.5,2.18625340166197,0,FM,0.9234390472797889,0.07461333531044302,0.0019476174097680851,0.9234390472797889,0.8488257119693459,0.2542861368278874,True,False,685.6194750434931,207.55111989503433,22.752747741790472,4.405160581500297,685.6194750434931,0.0,22.752747741790472,,633.1277948306323,15.486081302786157,648.6138761334184,21.013346435258793,1.364285714285714,False,2793.4869364703127,0.0027934869364703127,0.00033626635095058743,Easy-Axis (Uniaxial),162437.17605525054,162.43717605525055,2041.2457955153704,10.157567203755333,Hard Magnet,116.95198079600632,1.192773564287414,929.7696939868154,1.1683830560637636,90.46030379619098,11.36757725474195,4.888367496707822,111.85823400125219,51.48894634110818,0.5389430519952034,0.05070992920005325,Soft / Non-Viable,588.4948765831876,15.152338873177868
mp-1217364,Th2(FeNi)5,mmm,47,Pmmm,orthorhombic,3,"Fe,Ni,Th",12,173.97726904495445,9.895510937270153,1,0,0,Th2(FeNi)5,0.0,-0.2,0.0,3.4634288280445538,0,FM,0.9217145463862181,0.07598008046856168,0.002305373145220311,0.9217145463862181,0.8457344659176564,0.25938136749743673,True,False,462.936108911204,216.98406041897235,36.72914006932271,10.662098616474623,462.936108911204,0.0,36.72914006932271,,426.6949456308912,16.48646637102877,443.18141200191997,33.863474056135466,1.725,False,1928.5782001474586,0.0019285782001474585,0.004865241536274491,Easy-Axis (Uniaxial),11221.608161523318,11.221608161523317,141.01488978630908,6.844766046365471,Hard Magnet,75.95933755510924,5.9093312441463794,751.656455564379,0.9445593595297583,90.29135831380499,11.346346938876668,0.5675201179142296,222.1396337515966,30.063215820995026,1.0237601477392828,0.05211878741378557,Soft / Non-Viable,380.1526760140633,15.652047975695483
mp-1225423,Fe4W2N,m,8,Cm,monoclinic,3,"Fe,N,W",28,324.4479193799782,12.387034524031526,0,1,0,Fe4W2N,0.0,-0.6,0.5,3.40643449410867,0,FM,0.8338557184995713,0.16229054795047157,0.0038537335499571486,0.8338557184995713,0.6715651705490997,0.42602191045027915,True,False,481.1619124233717,198.42302111019322,30.617985475941396,18.798275797097375,481.1619124233717,0.0,30.617985475941396,,401.2196121984184,32.20218082196124,433.42179302037965,25.712610326845063,1.4999999999999998,True,13656.552407616324,0.013656552407616323,0.001694083153329253,Easy-Axis (Uniaxial),13812.72209149512,13.81272209149512,173.57578836692244,0.1823689806024304,Hard Magnet,101.82322855767795,6.504375547371765,1261.2878474923095,1.584981054297569,90.11445514652449,11.324116630815793,9.731652548506668,258.1831816518424,137.944450428686,1.3011755400521883,0.08265162460388555,Soft / Non-Viable,364.0633267009135,29.435497793249468
mp-1219139,SmEr3Fe34,-6m2,187,P-6m2,hexagonal,3,"Er,Fe,Sm",38,508.7258043353511,8.326320931671301,0,0,0,SmEr3Fe34,0.0,-0.2,0.0,2.289738256209608,0,FM,0.9276010328156504,0.07047459205649186,0.00192437512785778,0.9276010328156504,0.8571264407591586,0.24456307815423844,True,False,358.1167798441876,286.0745956177459,0.5568290782304075,15.315013719024392,358.1167798441876,0.0,0.5568290782304075,,332.1894948520833,20.160990423886513,352.35048527596985,1.1965442856678925,1.1421052631578947,False,5318.171107130306,0.005318171107130306,0.001283067342145716,Easy-Axis (Uniaxial),82141.28923150069,82.14128923150069,1032.2179032771548,45.85034617247426,Hard Magnet,66.36357609179302,1.3744070194011684,552.5644327136573,0.6943729449792949,90.08720400401243,11.320692151184554,13.627670934294544,303.6996232147045,9.537333684466347,1.0616099012878069,0.11773166721032166,Semi-Hard (0.1 <= kappa < 1.0),331.5740612557695,18.72697131115587
mp-1225739,Er2Ga3(Fe7C)2,2/m,12,C2/m,monoclinic,4,"C,Er,Fe,Ga",21,267.20186805153025,8.38677234762301,1,0,0,Er2Ga3(Fe7C)2,0.0,-0.2,0.0,2.306362395596328,0,FM,0.9271237192033883,0.07062360310128832,0.0022526776953233642,0.9271237192033883,0.8565001161021,0.24673444592478458,True,False,535.2618761308736,239.8790397964062,12.17385554159813,16.697999631933357,535.2618761308736,0.0,12.17385554159813,,496.25398134623885,16.941122098899537,513.1951034451383,11.34811038795604,1.8857142857142857,False,37632.258046925024,0.03763225804692502,0.013249812075391606,Easy-Axis (Uniaxial),64083.12146517948,64.08312146517947,805.2922701008147,20.421578568964932,Hard Magnet,63.646291997389284,5.580069060652789,533.7869617524441,0.6707764790493976,89.51293469169498,11.248527339672268,23.563244128031524,506.9181414559447,98.13138278237997,2.1132239894164324,0.32419569644777324,Semi-Hard (0.1 <= kappa < 1.0),476.90154624122084,15.63569772464391
mp-1216155,YFe6Co5W,mm2,44,Imm2,orthorhombic,4,"Co,Fe,W,Y",13,167.56253246769523,8.943564574566462,0,1,0,YFe6Co5W,0.0,-0.2,0.0,4.359987730101151,0,FM,0.9247977476669117,0.07324376239749023,0.0019584899355982142,0.9247977476669117,0.8515539852694215,0.2511983893284411,True,False,902.1996081600685,289.7827519740892,0.33284999606985366,0.3001539923219525,902.1996081600685,0.0,0.33284999606985366,,834.3521655724016,21.22477903248103,855.5769446048827,0.3086029905913603,4.276923076923077,False,12491.944658827388,0.012491944658827388,0.004325078499736685,Easy-Axis (Uniaxial),40895.39902130731,40.89539902130731,513.9067505074905,4.496463803882337,Hard Magnet,99.60204367932164,6.693983923896553,890.7973094048024,1.1194089132254723,89.48697594974062,11.245265267888087,23.77687400534364,234.03671727584222,8.103795831034716,0.807628182428085,0.11192605512715831,Semi-Hard (0.1 <= kappa < 1.0),833.4274777967046,21.19297325482299
mp-1227870,Ce2ZrCo16,-3m,164,P-3m1,trigonal,3,"Ce,Co,Zr",38,502.1610331920392,8.692793825802731,1,0,0,Ce2ZrCo16,0.0,-0.2,0.0,1.8472186879830803,0,FM,0.9283460727235928,0.06974905470197375,0.0019048725744334385,0.9283460727235928,0.858597018021619,0.24274751865469174,True,False,589.5668523187617,193.47938780350066,4.541858556779118,0.7477454923015614,589.5668523187617,0.0,4.541858556779118,,547.3220719581328,13.495004403610759,560.8170763617436,4.216739101895656,7.794736842105262,False,10698.351616877959,0.010698351616877958,0.008774492836904181,Easy-Axis (Uniaxial),47367.04323045285,47.36704323045285,595.2318317037831,14.58923663762953,Hard Magnet,71.22406825689892,9.216166501257117,619.1361407921232,0.7780294205937881,89.45544187336891,11.241302578904419,13.174617406783154,301.0223377511358,16.490982033099726,1.5558367284935628,0.14902781909825688,Semi-Hard (0.1 <= kappa < 1.0),539.1594520555107,13.44473819172059
mp-542327,Ce5Co19,-3m,166,R-3m,trigonal,2,"Ce,Co",24,338.6514274972149,8.925688179036737,1,0,0,Ce5Co19,0.0,-0.2,0.0,1.8967087380453065,0,FM,0.9298082949050949,0.06817193678211812,0.0020197683127871117,0.9298082949050949,0.8616363581229768,0.2396583514745892,True,False,381.17040253428183,142.85218767622297,17.142511171224868,9.10044709571983,381.17040253428183,0.0,17.142511171224868,,354.41540204868926,9.738510307450746,364.15391235614,15.95131817121788,8.416666666666666,False,9243.569641540424,0.009243569641540423,0.006244940046142843,Easy-Axis (Uniaxial),32599.266694679754,32.599266694679756,409.65447500001886,16.55068686904024,Hard Magnet,74.64168695318763,4.775288874819367,666.2284229014274,0.8372073275999352,89.43935786641978,11.239281402942288,12.174121790166573,273.0352673039398,34.09041461725505,1.9113131674453534,0.12873355720573793,Semi-Hard (0.1 <= kappa < 1.0),335.2581784824244,9.314671912674344
mp-1220419,Nd2(CoCu)5,mmm,47,Pmmm,orthorhombic,3,"Co,Cu,Nd",12,179.02277575018783,8.356179199135243,1,0,0,Nd2(CoCu)5,0.0,-0.2,0.0,6.998300079275766,0,FM,0.9181417682083219,0.0771955294802225,0.00466270231145557,0.9181417682083219,0.8409462387280995,0.2741388537464161,True,False,399.8710010990162,157.46701485241576,3.080982913840046,14.700563391739394,399.8710010990162,0.0,3.080982913840046,,367.13826800428257,12.155749587202294,379.2940175914849,3.0479177449884505,5.833333333333333,False,228434.684700734,0.228434684700734,0.051966439635292065,Easy-Axis (Uniaxial),491872.0383861608,491.8720383861608,6181.046449279686,113.56511250206141,Hard Magnet,63.83535070916899,6.990969069647363,533.4196297654611,0.670314876060704,89.3897782536454,11.233051044930859,17.811574410048163,144.8708666131349,35.62656480405852,0.9200077028761454,0.7992950023357005,Semi-Hard (0.1 <= kappa < 1.0),363.40610797278504,11.32344451749118
mp-1219168,Sm2Co16Ge,3m,160,R3m,trigonal,3,"Co,Ge,Sm",19,246.87078707486685,8.853833443523655,0,1,0,Sm2Co16Ge,0.0,-0.2,0.0,1.8814396067487769,0,FM,0.9271779462751996,0.07095147319125746,0.0018705805335429992,0.9271779462751996,0.8562264730839421,0.24537708778209757,True,False,1018.0062270721107,147.3882827713058,14.932571179655213,7.643187178322805,1018.0062270721107,0.0,14.932571179655213,,943.872922912084,10.457415793753777,954.3303387058378,13.855767088593177,8.105263157894736,False,12130.735609268604,0.012130735609268604,0.00412492363723693,Easy-Axis (Uniaxial),211802.3589708898,211.8023589708898,2661.5869915302633,13.434383208709917,Hard Magnet,60.13982633804215,8.114065747835774,532.4680057194623,0.6691190300159483,89.07111887538326,11.193007125683094,4.397517187012099,364.76697575972617,56.16108198723438,2.474870925294074,0.18452071088883037,Semi-Hard (0.1 <= kappa < 1.0),899.1190584478917,10.072486302931775
mp-1225150,Ho8Fe68C3,m,6,Pm,monoclinic,3,"C,Fe,Ho",79,1037.973428412755,8.243611144850428,0,1,0,Ho8Fe68C3,0.0,-0.2,0.0,2.266993064833868,0,FM,0.9291433566172362,0.06897783793744093,0.0018788054453227955,0.9291433566172362,0.8601655186797953,0.24077919435888823,True,False,514.2008806421989,205.3431946219222,13.589617891666478,19.97985511060014,514.2008806421989,0.0,13.589617891666478,,477.7663322154315,14.164129600187342,491.9304618156188,12.701691939444345,1.1025316455696204,False,2045.6613551790292,0.0020456613551790293,0.0025927725531768443,Easy-Axis (Uniaxial),200783.25806701588,200.78325806701588,2523.1168830451115,80.35207469239496,Hard Magnet,64.52702031270825,2.8676300986335974,531.9356637938316,0.6684500694228446,88.89310784786842,11.170637599796578,15.408938506564033,474.5072705274504,86.25371169179473,2.3108010538216908,0.07584951877267579,Soft / Non-Viable,457.0620055225954,12.87766063221197
mp-1225556,Er2Fe3Cu,-3m,166,R-3m,trigonal,3,"Cu,Er,Fe",6,94.25308273340494,9.964652715907556,1,0,0,Er2Fe3Cu,0.0,-0.2,0.0,2.740279496874578,0,FM,0.889326391144959,0.10736600059489168,0.0033076082601493422,0.889326391144959,0.7819603905500674,0.33022563790426984,True,False,444.37007339221157,238.36841973899539,31.104630615295576,22.750189279432377,444.37007339221157,0.0,31.104630615295576,,395.1900337027161,25.59266389550037,420.7826975982165,27.769801352666427,3.7166666666666663,False,1692.8102531069903,0.0016928102531069903,0.0004936298345007416,Easy-Axis (Uniaxial),36234.06990948043,36.23406990948043,455.3307601948193,3.2592665568484507,Hard Magnet,53.378117202391074,2.238253629008277,531.8944005508381,0.6683982165024239,88.87931717395152,11.168904612568296,13.199044680181533,297.75192348192286,44.34243773978572,1.249124879075635,0.06900392429563071,Soft / Non-Viable,358.0650922655445,22.978803275803514
mp-1227651,Ce2Fe20Si2C,-1,2,P-1,triclinic,4,"C,Ce,Fe,Si",25,320.2664666911231,7.597456805930289,1,0,0,Ce2Fe20Si2C,0.0,-0.2,0.0,2.0893006216308296,0,FM,0.9289717777700535,0.06912889128263938,0.0018993309473071829,0.9289717777700535,0.8598428864874141,0.24125238276119562,True,False,424.84689291837765,184.77189608966043,22.206887898525736,3.464635542833804,424.84689291837765,0.0,22.206887898525736,,394.6707733944688,12.773076316869277,407.4438497113381,20.630962400776465,0.892,False,9882.211235346374,0.009882211235346374,0.006269704475112911,Easy-Axis (Uniaxial),90566.92655430573,90.56692655430572,1138.0975865946193,26.957968492248643,Hard Magnet,112.42218694528646,15.060876657997163,854.1227093450339,1.0733222515770273,88.83427921595053,11.163244975738802,8.595159954341076,328.7623380920518,13.737672209831969,1.7792875705108318,0.10382498221753517,Semi-Hard (0.1 <= kappa < 1.0),367.46958698049104,12.555573879255556
mp-1008274,Co3W,m-3m,221,Pm-3m,cubic,2,"Co,W",4,45.37983701952254,13.196524272089505,1,0,0,Co3W,0.0,-0.2,0.0,2.80426140781902,0,FM,0.9106055220071905,0.07970523122119055,0.009689246771619045,0.9106055220071905,0.8309002907859999,0.3020252190559263,True,False,643.7680033756216,241.69805346934984,18.54879561573898,6.400177608788027,643.7680033756216,0.0,18.54879561573898,,586.2186987653846,19.264599237486205,605.4832980028708,16.8983373453577,7.25,True,2350.5948197639996,0.0023505948197639994,0.001954655742541403,Easy-Axis (Uniaxial),50521.64585178116,50.521645851781166,634.873738154545,5.870891512881602,Hard Magnet,74.18710232361302,10.590379034504249,979.0118964895469,1.2302626327154285,88.7950606492105,11.158316625196868,12.041043887356565,214.72963518012756,11.609945067215037,0.8884210364869893,0.04417697619555374,Soft / Non-Viable,552.0837374056804,18.667231259849423
mp-1191783,Sm2Ga2(Fe5C)3,-3m,166,R-3m,trigonal,4,"C,Fe,Ga,Sm",22,278.73934027890846,7.827160715706551,1,0,0,Sm2Ga2(Fe5C)3,0.0,-0.2,0.0,2.1524691968193017,0,FM,0.9265314056451871,0.07146347186265671,0.002005122492156178,0.9265314056451871,0.8550679337825304,0.24732870592722844,True,False,583.1165564695019,255.49168020572782,11.592046697981345,10.415828281314788,583.1165564695019,0.0,11.592046697981345,,540.2758027206687,18.258322499524915,558.5341252201936,10.766157645370011,1.5363636363636364,False,59713.4957651655,0.0597134957651655,0.005266509759295827,Easy-Axis (Uniaxial),202358.64738371252,202.35864738371254,2542.9138094452173,19.30627290078806,Hard Magnet,67.92003286555433,6.02368933428216,531.6210130547647,0.6680546676427249,88.7879747970474,11.157426190735569,14.438783905524659,366.2044793429221,33.238314725405274,1.4333323067430055,0.41004278781135056,Semi-Hard (0.1 <= kappa < 1.0),520.1761166044893,17.354514295487796
mp-1080089,TaFeB,-6m2,189,P-62m,hexagonal,3,"B,Fe,Ta",9,97.61402943911142,12.636172855029374,0,0,0,TaFeB,0.0,-0.2,0.0,3.474947535133078,0,FM,0.7977685474626851,0.12841395010142256,0.07381750243589237,0.7977685474626851,0.6693545973612626,0.579089257094228,False,True,392.25073782130966,140.03896031645093,38.97393384084478,0.7808379250349589,392.25073782130966,0.0,38.97393384084478,,312.92530135287274,17.982956062331823,330.90825741520456,31.09234027195778,2.066666666666667,True,4974.4488692169225,0.004974448869216923,0.0010719149414470219,Easy-Axis (Uniaxial),40661.95619645598,40.66195619645598,510.97322139615625,4.64812481372384,Hard Magnet,95.29372393785691,1.5378567881376028,1204.1479676782103,1.5131769636371781,88.63992900117495,11.13882220698584,5.873593065974714,130.18988241346187,24.187779248502245,0.9296690158172215,0.052250168652243724,Soft / Non-Viable,276.9463402160571,17.913020234576443
mp-1219342,Sm2ZrFe16,3m,160,R3m,trigonal,3,"Fe,Sm,Zr",19,269.9743075978974,7.906541969428511,0,1,0,Sm2ZrFe16,0.0,-0.2,0.0,2.1742990415928407,0,FM,0.9265590095752584,0.07156872025236875,0.001872270172372784,0.9265590095752584,0.8549902893228897,0.24682802578247445,True,False,487.1702426832431,269.69119149637163,1.0505325260522795,24.03236618886332,487.1702426832431,0.0,1.0505325260522795,,451.39197755512396,19.301453438731834,470.69343099385577,1.9762973820718261,1.1421052631578947,False,4.466599287617812,4.466599287617812e-06,3.3559681137358577e-06,Easy-Axis (Uniaxial),153057.96449400217,153.05796449400216,1923.3831446765291,13.092169742789594,Hard Magnet,94.33674410366709,7.906931108797039,745.8774265148814,0.937297217447045,88.60691742287129,11.134673849629962,12.503927630286585,358.3267601080178,26.042682965492247,1.3286557789294304,0.00252764512729115,Soft / Non-Viable,449.81682022043407,17.230950837219975
mp-1104214,Ce(MnCo2)4,4/mmm,139,I4/mmm,tetragonal,3,"Ce,Co,Mn",13,160.29752690244814,8.61187431432729,1,0,0,Ce(MnCo2)4,0.0,-0.2,0.0,5.059476159667283,0,FM,0.9034193847327485,0.0945173833230008,0.0020632319442507032,0.9034193847327485,0.8089020014097477,0.29808571665707934,True,False,537.2450685929506,202.31070846096844,20.06522407824866,12.20115780311231,537.2450685929506,0.0,20.06522407824866,,485.3576093189467,19.121878781953217,504.4794881008999,18.16395811437033,5.723076923076923,False,23278.74116489721,0.02327874116489721,0.0276767432438044,Easy-Axis (Uniaxial),62947.9408287317,62.947940828731696,791.0271692318403,15.477876564208817,Hard Magnet,62.18614645291539,4.084603717235929,535.5392773448572,0.672978503766156,88.32241653014884,11.098922412354758,12.414252908050523,243.09210864597173,20.93424872327374,1.201578060277868,0.2541461209914255,Semi-Hard (0.1 <= kappa < 1.0),454.9300325113932,18.022407587139718
mp-1062988,ThFe2,4/mmm,139,I4/mmm,tetragonal,2,"Fe,Th",3,57.808426154436695,9.873541119926715,1,0,0,ThFe2,0.0,-0.2,0.0,2.715223807979847,0,FM,0.8442561385517857,0.15352632258709384,0.0022175388611204326,0.8442561385517857,0.6907298159646919,0.40430513545093205,True,False,492.9370078132881,257.5526128255507,49.383153079532434,5.2713219261435285,492.9370078132881,0.0,49.383153079532434,,416.16509476571804,39.541105519804375,455.7062002855224,41.69988394642846,0.1,False,6.142066648140991,6.142066648140991e-06,1.125455394480518e-06,Easy-Axis (Uniaxial),19584.650878330693,19.58465087833069,246.10798607106625,3.7548187366100416,Hard Magnet,79.10758225232931,4.047759158652092,781.0719662663582,0.9815239804589303,88.29594079898602,11.095595373789342,4.335894348038343,341.78459673300625,73.18406532460125,1.3270476776894855,0.002830487750141421,Soft / Non-Viable,357.3427262570244,38.52569871794486
mp-1217550,TbNdCo14B,4/mmm,136,P4_2/mnm,tetragonal,4,"B,Co,Nd,Tb",68,864.577500993925,8.750750665376192,1,0,0,TbNdCo14B,0.0,-0.2,0.0,7.328753682252561,0,FM,0.928142285472043,0.0699855299314227,0.0018721845965342936,0.928142285472043,0.8581567555406203,0.24311990287448682,True,False,956.2928516830638,101.62623850654076,9.674055326158737,0.9596143116691422,956.2928516830638,0.0,9.674055326158737,,887.5758329416963,7.1123661568174095,894.6881990985137,8.979150980362137,7.770588235294118,False,630691.0415234588,0.6306910415234588,0.06416477701359961,Easy-Axis (Uniaxial),653723.2638664378,653.7232638664378,8214.928972565198,92.31752626032502,Hard Magnet,66.43308970195721,5.536622144425088,581.3394039123983,0.730532640229384,87.92327787901085,11.048765169213201,12.582737982667899,345.27631192957296,15.817673129666616,3.397511479354327,1.2186349745516003,High-Performance (kappa >= 1.0),859.8484287037278,7.07840347044736
mp-1216207,YEr3Fe34,-6m2,187,P-6m2,hexagonal,3,"Er,Fe,Y",38,511.6688785919519,8.07898910614241,0,0,0,YEr3Fe34,0.0,-0.2,0.0,2.221722004189163,0,FM,0.9248750728514326,0.07315047867841591,0.0019744484701514752,0.9248750728514326,0.8517245941730166,0.25107240168357725,True,False,416.5170366122271,292.0292861026212,4.820966538814901,26.757963428436568,416.5170366122271,0.0,4.820966538814901,,385.22622458059635,21.362082066522813,406.58830664711917,4.869504473155872,1.1421052631578947,False,469.1251160271875,0.0004691251160271875,0.00024969678718383487,Easy-Axis (Uniaxial),29176.778610250298,29.1767786102503,366.64622047233087,6.210179267494734,Hard Magnet,70.45451673704565,14.810908264328333,569.2012731971199,0.7152794153160115,87.67374287952735,11.017407675756386,22.039064737179327,248.6653377355856,23.23379981563957,0.8515082204741713,0.033944822929768456,Soft / Non-Viable,379.133590075612,18.841307042576744
mp-1222865,LaNdCo10,mmm,47,Pmmm,orthorhombic,3,"Co,La,Nd",12,173.88952349910105,8.331647212467926,1,0,0,LaNdCo10,0.0,-0.2,0.0,6.977754540441889,0,FM,0.9302706253405264,0.06783929913319124,0.0018900755262824353,0.9302706253405264,0.8624313262073352,0.2381385947574789,True,False,896.5344986692091,166.52248622430824,2.7333570468248922,2.6318485067559294,896.5344986692091,0.0,2.7333570468248922,,834.0197087163605,11.296768755373565,845.3164774717341,2.5490223481816305,8.333333333333334,False,79909.75246709723,0.07990975246709724,0.013983485153843013,Easy-Axis (Uniaxial),221042.00307368493,221.04200307368492,2777.695785926405,113.65396248938424,Hard Magnet,74.617701355451,4.246348245605155,621.6883634989075,0.7812366382361715,87.45563525371472,10.989999462626132,8.509329884783266,310.56289438324507,18.49734814028875,1.8649907374365782,0.4056226725399761,Semi-Hard (0.1 <= kappa < 1.0),826.489406571103,11.150042640011666
mp-1225818,DyGaFeCo3,2/m,10,P2/m,monoclinic,4,"Co,Dy,Fe,Ga",6,87.02035196660258,8.870692537111859,1,0,0,DyGaFeCo3,0.0,-0.2,0.0,10.977482014675926,0,FM,0.9308596821723805,0.06717214555629022,0.001968172271329264,0.9308596821723805,0.8636875366160902,0.236984602960329,True,False,607.7212794390568,217.70940040023072,13.221644408120653,17.550620949512492,607.7212794390568,0.0,13.221644408120653,,565.7032370280328,14.624007532656968,580.3272445606898,12.36382975590008,6.683333333333334,False,10960.302070889918,0.010960302070889919,0.002123287868933253,Easy-Axis (Uniaxial),97291.31728535474,97.29131728535475,1222.5987743183434,8.084582028251562,Hard Magnet,64.98465840446687,6.047123512991774,576.4589243352677,0.7243996487151806,87.21601174676668,10.959887484078934,6.855121570992039,481.5482024366479,91.7206636964195,2.211885208224282,0.16200856035925745,Semi-Hard (0.1 <= kappa < 1.0),541.8238941600099,13.44423423737393
mp-1227615,Ce4ZrCo25,mmm,65,Cmmm,orthorhombic,3,"Ce,Co,Zr",30,409.546485418325,8.616055391090818,1,0,0,Ce4ZrCo25,0.0,-0.2,0.0,1.8309117706067988,0,FM,0.9322892890668585,0.06555880414266882,0.0021519067904727357,0.9322892890668585,0.8667304849241897,0.23412776183978695,True,False,732.1142271178201,163.52486816106187,88.80611449544784,3.9681567462126424,732.1142271178201,0.0,88.80611449544784,,682.542252315405,10.720494804226796,693.2627471196317,82.79339805755228,8.003333333333334,False,11098.7007336232,0.0110987007336232,0.013787470394768611,Easy-Axis (Uniaxial),45711.515776735825,45.71151577673582,574.4278597539709,10.077194773969124,Hard Magnet,65.4171919825127,10.55640341361918,563.6381496509516,0.7082885880905496,87.17285502570407,10.954464250459843,11.554739129137603,286.15611934909737,19.58318392642539,1.7499241709661635,0.16673652963630006,Semi-Hard (0.1 <= kappa < 1.0),526.6446901441898,10.511929876942283
mp-1220585,Nd(MnFe5)2,mmm,71,Immm,orthorhombic,3,"Fe,Mn,Nd",13,168.01697229279478,8.030742615998001,1,0,0,Nd(MnFe5)2,0.0,-0.2,0.0,10.23919683539745,0,FM,0.9129068232567696,0.08512358389121824,0.0019695928520121935,0.9129068232567696,0.8277832393655514,0.2777782870723505,True,False,438.8427499854302,237.58779794547164,12.040142016206062,2.606630964054318,438.8427499854302,0.0,12.040142016206062,,400.6225407984639,20.224324849941162,420.84686564840507,10.99376717342859,0.8615384615384616,False,549.3070271334042,0.0005493070271334042,0.00038564553589138243,Easy-Axis (Uniaxial),82750.56382105574,82.75056382105574,1039.874273724155,10.90192755823345,Hard Magnet,93.75909333387995,11.384388220341648,752.9551464737237,0.9461913426577908,87.12206265390897,10.94808149265225,0.3587134331822827,318.44732504207025,12.505944704992004,1.3403353530603308,0.02776729276978236,Soft / Non-Viable,385.1644261631478,19.96412926241223
mp-1198423,Ho3Fe29,2/m,12,C2/m,monoclinic,2,"Fe,Ho",32,411.4388349137764,8.53315425505586,1,0,0,Ho3Fe29,0.0,-0.2,0.0,2.346617420140362,0,FM,0.9244782279613519,0.07361019378585631,0.0019115782527917504,0.9244782279613519,0.8508680341754956,0.2517798495856825,True,False,418.36956726300684,296.71573681478344,13.21697164372705,23.650014013030926,418.36956726300684,0.0,13.21697164372705,,386.7735561762622,21.84130288624935,408.6148590625116,12.342196144216533,1.028125,False,5042.679637174493,0.005042679637174493,0.009984816109306205,Easy-Axis (Uniaxial),78593.31621182685,78.59331621182685,987.6327585160328,19.13475217951341,Hard Magnet,61.6635630469592,0.45210705999989287,526.1846953960652,0.6612231893950645,86.98138062516418,10.930402867188938,11.017036608146737,399.2659391281138,133.75008941791745,1.3456176723695126,0.12038920457630015,Semi-Hard (0.1 <= kappa < 1.0),370.45268091302836,19.5316803199277
mp-1225932,Dy2Ga3(Fe7C)2,2/m,12,C2/m,monoclinic,4,"C,Dy,Fe,Ga",21,266.8273719849859,8.339310209430135,1,0,0,Dy2Ga3(Fe7C)2,0.0,-0.2,0.0,8.547792964665888,0,FM,0.927795266751861,0.07008420615543794,0.0021205270927011277,0.927795266751861,0.857711060596423,0.24474047365445445,True,False,559.7078757489364,285.9481303229728,4.847165882444926,36.007126207057965,559.7078757489364,0.0,4.847165882444926,,519.2943178836019,20.04044771531726,539.3347655989191,5.156822084790793,1.8857142857142857,False,27806.69934971013,0.02780669934971013,0.013863196077745634,Easy-Axis (Uniaxial),112454.95653344078,112.45495653344078,1413.1506886740779,16.491102758461146,Hard Magnet,63.01512142000216,7.488905517529528,525.5026454063036,0.6603661001001782,86.75603313482188,10.902084865832235,26.480531236543317,498.71223290587074,97.09471434583514,1.7440653741732286,0.2830706759604776,Semi-Hard (0.1 <= kappa < 1.0),511.03737479112937,16.982917454564504
mp-1219062,SmV2(FeCo)5,mm2,44,Imm2,orthorhombic,4,"Co,Fe,Sm,V",13,167.6508928026172,8.182645011409464,0,1,0,SmV2(FeCo)5,0.0,-0.2,0.0,3.989039443062114,0,FM,0.9298691222978013,0.06824659473338753,0.001884282968811238,0.9298691222978013,0.8616225275644137,0.2390754246697917,True,False,628.0727953354885,209.4173640853849,37.34085404428396,4.101777767436403,628.0727953354885,0.0,37.34085404428396,,584.0254989377373,14.292021976869526,598.3175209146068,34.723235576069136,4.5,False,596.3564558978028,0.0005963564558978028,0.003464542415487325,Easy-Axis (Uniaxial),53900.017560512184,53.90001756051218,677.3276099442742,9.317800130262551,Hard Magnet,85.54091166944144,6.486868204541693,699.9509141433726,0.8795842598985117,86.69800634428518,10.894793004136117,8.453175550378354,349.91930149213965,8.335319266846653,1.6709182785314234,0.03112292781638403,Soft / Non-Viable,519.3786865148596,14.004799108760883
mp-1223838,HoTiFe11N,mm2,44,Imm2,orthorhombic,4,"Fe,Ho,N,Ti",14,175.5115132187431,7.957755921115101,0,1,0,HoTiFe11N,0.0,-0.6,0.5,2.188382878306653,0,FM,0.9290285260631916,0.06910484037046735,0.001866633566341039,0.9290285260631916,0.8599236856927243,0.24101093557932557,True,False,729.3215085895893,196.1886950239803,10.820038483415885,4.236184704334718,729.3215085895893,0.0,10.820038483415885,,677.5604861511695,13.557588452122461,691.1180746032919,10.056386142798738,0.807142857142857,False,16258.873668984299,0.0162588736689843,0.010029909288794001,Easy-Axis (Uniaxial),136011.0804969025,136.01108049690248,1709.1656783873939,10.744477573994862,Hard Magnet,124.11198418153697,12.690112923450222,987.6528770019696,1.2411212090744845,86.67526696418932,10.891935489302352,2.41239070797736,126.29768075338751,36.658584375679546,0.6437561590281746,0.11516909738087495,Semi-Hard (0.1 <= kappa < 1.0),653.9737490451294,13.276382411617499
mp-1219221,Sm2(CoCu)5,mmm,47,Pmmm,orthorhombic,3,"Co,Cu,Sm",12,174.7886338127536,8.67484754510303,1,0,0,Sm2(CoCu)5,0.0,-0.2,0.0,1.8434051033343937,0,FM,0.9117551264129089,0.08359336547369883,0.004651508113392351,0.9117551264129089,0.82816176093921,0.2882490248922236,True,False,448.4604675973614,192.44704651140773,7.580159416836466,21.00563908572984,448.4604675973614,0.0,7.580159416836466,,408.88613032542446,16.087296293362026,424.9734266187865,7.130824848714326,5.833333333333333,False,347793.0312853448,0.3477930312853448,0.020117001190615717,Easy-Axis (Uniaxial),627205.1056638707,627.2051056638707,7881.69196210775,203.5708361882772,Hard Magnet,60.54249496672428,4.922803666295735,525.1969138365006,0.6599819064787127,86.65511511763746,10.889403133529813,0.9658459633567893,173.43690875272875,26.625392867401644,0.9012188646004909,1.001690005293262,High-Performance (kappa >= 1.0),398.8093358498753,14.558267707478393
mp-642894,UCo5Sn,mmm,58,Pnnm,orthorhombic,3,"Co,Sn,U",56,788.4888360912211,10.97474776272113,1,0,0,UCo5Sn,0.0,-0.2,0.0,2.33213389957824,0,FM,0.9240110569748969,0.07362719948738804,0.002361743537715102,0.9240110569748969,0.8503838574875089,0.2543068957708052,True,False,493.6973598735799,123.74719194396582,6.556035052298654,6.9400118090432485,493.6973598735799,0.0,6.556035052298654,,456.18181932250263,9.11115918726247,465.2929785097651,6.079360746503811,6.014285714285714,False,22.818197720543225,2.2818197720543223e-05,8.788606504733681e-05,Easy-Axis (Uniaxial),70983.74128864832,70.98374128864832,892.0080179559405,28.742526726063677,Hard Magnet,50.23407189370173,1.7867048535171932,551.3062681277754,0.6927918887312896,86.48663901582827,10.86823180176855,1.2076059066077411,245.23943935129796,11.620223877556485,1.9817778124803451,0.007729347041756963,Soft / Non-Viable,446.4258737343185,8.80560420154022
mp-1217563,TbFe11W,mm2,44,Imm2,orthorhombic,3,"Fe,Tb,W",13,170.23240985470176,9.33568469039302,0,1,0,TbFe11W,0.0,-0.2,0.0,2.5673132898580806,0,FM,0.9249847116840336,0.07312966144956155,0.0018856268664048325,0.9249847116840336,0.851855050234472,0.25052530144460017,True,False,500.6713294294336,204.09728412702083,17.013492158635586,7.351378133730734,500.6713294294336,0.0,17.013492158635586,,463.11332530074645,14.925565290984006,478.0388905917305,15.746400082105998,1.2384615384615385,False,11454.623797208167,0.011454623797208166,0.0009742228829864503,Easy-Axis (Uniaxial),101230.05993308521,101.23005993308522,1272.0944751458574,27.0238453958965,Hard Magnet,63.430918199236295,8.315875085742242,592.1710519301822,0.7441440905649601,86.35408689835263,10.851574811105785,13.978171845817602,309.07221648097266,8.676828821880264,1.5143377228313348,0.161227199309893,Semi-Hard (0.1 <= kappa < 1.0),438.258941738355,14.396398447236555
mp-1227655,Ce2VCo16,-3m,164,P-3m1,trigonal,3,"Ce,Co,V",38,488.26274839346166,8.666237620472959,1,0,0,Ce2VCo16,0.0,-0.2,0.0,1.841575494350504,0,FM,0.928622589263489,0.06948480533620775,0.0018926054003033253,0.928622589263489,0.8591377839272812,0.24205526984957743,True,False,650.2133250168291,199.64615472616134,4.728674850646826,19.346638130236755,650.2133250168291,0.0,4.728674850646826,,603.8027814507503,13.872374197269734,617.6751556480201,4.592316561387289,8.0,False,4421.837535816885,0.004421837535816885,0.00421907060088358,Easy-Axis (Uniaxial),48661.79589104234,48.66179589104234,611.5021738067613,4.989236534508328,Hard Magnet,68.23015838892799,8.132480121684125,591.2987654809564,0.7430479430846746,86.2627278133997,10.840094289677682,9.937040941023403,295.57000557529994,18.926392256633505,1.4804693132242375,0.10032045349481573,Semi-Hard (0.1 <= kappa < 1.0),594.4331773962709,12.648814055707598
mp-1103467,YbFe2,6/mmm,194,P6_3/mmc,hexagonal,2,"Fe,Yb",12,191.0578951923727,9.898680996512237,1,0,0,YbFe2,0.0,-0.2,0.0,2.722137274040865,0,FM,0.9108679835204848,0.08680854698595757,0.00232346949355771,0.9108679835204848,0.8240594365345273,0.2833499691800542,True,False,564.5844015313994,230.97644346579335,5.429344646570314,23.8870976075374,564.5844015313994,0.0,5.429344646570314,,514.2618553500255,20.050729445249694,534.3125847952751,5.362553124605681,3.4,False,526.6378185171337,0.0005266378185171337,0.000802962779174405,Easy-Axis (Uniaxial),28527.328853728028,28.52732885372803,358.484993977919,5.337185050271602,Hard Magnet,52.83170664357079,3.9696936052422487,522.9642105660234,0.6571762088018419,85.91990930970685,10.797014445132127,4.490961930397811,326.68694055962027,71.16211338722906,1.4143734125337386,0.03914525449789341,Soft / Non-Viable,505.1202816924226,17.911464894147315
mp-1219272,Sm4CrFe33C4,1,1,P1,triclinic,4,"C,Cr,Fe,Sm",42,538.6336178308601,7.843950918834748,0,1,1,Sm4CrFe33C4,0.0,-0.2,0.0,4.118074232388243,0,FM,0.9275876655383294,0.07050040330933965,0.0019119311523310564,0.9275876655383294,0.8570872622289898,0.2445536122024131,True,False,560.0949553162052,274.6633048025514,20.545873868804108,32.67151541719228,560.0949553162052,0.0,20.545873868804108,,519.5371720815536,19.363873762855963,538.9010458444096,19.196785892772002,1.088095238095238,False,2681.918190257165,0.0026819181902571648,0.00011866628090545456,Easy-Axis (Uniaxial),353103.4408158854,353.1034408158854,4437.228788699683,23.264988404668426,Hard Magnet,106.97572373357615,9.837498927146171,839.1123264729968,1.0544596481536828,85.82301278422693,10.784838068391334,10.456671530610318,344.96426272001816,37.393759259564234,1.2559532223207042,0.055055122090494235,Soft / Non-Viable,486.2366491987925,16.644816816648586
mp-1219026,SmYFe17,3m,160,R3m,trigonal,3,"Fe,Sm,Y",19,259.90112825715664,7.594303180537415,0,1,0,SmYFe17,0.0,-0.2,0.0,2.088433374647789,0,FM,0.9281362277705503,0.07000145045241804,0.0018623217770316657,0.9281362277705503,0.8581347773181323,0.24310162127191817,True,False,438.2914734039518,331.2025752980546,8.138479524421768,40.2061519881199,438.2914734039518,0.0,8.138479524421768,,406.79419478914025,23.184660664440027,429.97885545358025,8.060923534247973,1.1421052631578947,False,28.680668196627916,2.8680668196627915e-05,3.0467056199901895e-05,Easy-Axis (Uniaxial),19960.38579321039,19.96038579321039,250.82961035592598,5.3230788116939785,Hard Magnet,105.88456325316915,18.714335071401095,804.1194754833576,1.0104863347147977,85.70522014050198,10.770035807936841,9.208757871278126,257.82876665008826,0.45931407416577485,0.7784624452816042,0.0059411308819016136,Soft / Non-Viable,396.05004420445914,19.30396908867404
mp-1226926,Ce(Co5Mo)2,mmm,71,Immm,orthorhombic,3,"Ce,Co,Mo",13,167.4603629626892,9.135899559729484,1,0,0,Ce(Co5Mo)2,0.0,-0.2,0.0,1.9413786564425155,0,FM,0.9279978663323174,0.06994640542062436,0.002055728247058186,0.9279978663323174,0.858051460911693,0.2440567345306115,True,False,777.4870303513321,149.64030534590086,3.580224149044227,0.6842035989117363,777.4870303513321,0.0,3.580224149044227,,721.506305267086,10.466801464990404,731.9731067320764,3.322785032026498,6.938461538461539,False,1305.3555003372044,0.0013053555003372044,0.0007709525695969541,Easy-Axis (Uniaxial),31887.363234659515,31.887363234659514,400.7084321059656,2.5791144531701895,Hard Magnet,63.633050058699155,1.2196862342746329,581.3451540155138,0.730539866022066,85.54418498636427,10.749799533255363,9.16155667706874,203.32000743131505,19.92295641323254,1.3587248900711004,0.0554402797582449,Soft / Non-Viable,712.9973376456092,10.431116427986924
mp-1191788,Sm2Co17H3,-3m,166,R-3m,trigonal,3,"Co,H,Sm",22,250.1387658246801,8.667242399312135,1,0,0,Sm2Co17H3,0.0,-0.2,0.0,1.8417890098538288,0,FM,0.9229440266523301,0.075081815087198,0.0019741582604718946,0.9229440266523301,0.8478622115651321,0.25550617201720066,True,False,699.2874853212018,172.73937193102233,21.298497341133327,12.577370994807154,699.2874853212018,0.0,21.298497341133327,,645.4032074899321,12.969585581603738,658.3727930715359,19.679990536183055,7.1045454545454545,False,72622.02148450351,0.0726220214845035,0.00978001453054889,Easy-Axis (Uniaxial),118437.21259491667,118.43721259491666,1488.3259369130064,18.944293555399014,Hard Magnet,60.1898023272132,1.9886359625168701,521.6796067366384,0.6555619280205742,85.4983222003214,10.744036245475183,2.0865224655232164,235.61970848717323,21.031992823752304,1.3640185549664963,0.4608136923658686,Semi-Hard (0.1 <= kappa < 1.0),602.6201922799714,12.20222596686508
mp-1225621,DyTiFe11N,mm2,44,Imm2,orthorhombic,4,"Dy,Fe,N,Ti",14,176.88678111839073,7.873070748561182,0,1,0,DyTiFe11N,0.0,-0.6,0.5,8.06989751727521,0,FM,0.9292305418415896,0.06890716713640382,0.0018622910220064525,0.9292305418415896,0.8603233747051857,0.24051855621632426,True,False,731.1978916243729,231.30527019913592,10.200567292036624,1.9273979217534816,731.1978916243729,0.0,10.200567292036624,,679.4514130275439,15.938590913142905,695.3900039406868,9.479609077766536,0.807142857142857,False,17298.577877067644,0.017298577877067643,0.009739068322703302,Easy-Axis (Uniaxial),147753.53881643259,147.75353881643258,1856.725764420917,17.909247315434527,Hard Magnet,125.75717622828903,13.539889560231202,990.095145584596,1.2441902542893934,85.45333047288847,10.738382418150321,2.265739503104966,121.2990040301523,38.61938887267491,0.5244108961534826,0.11850136074238402,Semi-Hard (0.1 <= kappa < 1.0),657.1084820627148,15.786456991159845
mp-1191482,Ce2Fe12Co5N3,-3m,166,R-3m,trigonal,4,"Ce,Co,Fe,N",22,270.02918646201726,7.914737830782936,1,0,0,Ce2Fe12Co5N3,0.0,-0.6,0.5,3.8584346925066817,0,FM,0.9259424781605873,0.07206290647224341,0.0019946153671693834,0.9259424781605873,0.8538795716883438,0.24866559011604722,True,False,592.9282573566443,176.12011656397374,20.266556783216515,20.91629340119387,592.9282573566443,0.0,20.266556783216515,,549.0174599882497,12.691727487830246,561.7091874760799,18.82610244228106,2.7954545454545454,False,104.59983231546657,0.00010459983231546657,4.9133348809912424e-05,Easy-Axis (Uniaxial),18222.467671748254,18.222467671748255,228.99028671995043,1.8913200919645,Hard Magnet,115.18339019698786,5.38890871432929,911.6463358699323,1.145608572576413,85.33856786764079,10.723960923568038,8.74096665089146,181.98324786939975,66.221494466837,1.0332905259195435,0.01000769754124501,Soft / Non-Viable,514.2754824318461,11.490078248580335
mp-1190065,Nd2Ga2Co15,-3m,166,R-3m,trigonal,3,"Co,Ga,Nd",19,253.446223693424,8.595541662932149,1,0,0,Nd2Ga2Co15,0.0,-0.2,0.0,7.198766142705675,0,FM,0.9278221320646016,0.07031239481365241,0.001865473121746011,0.9278221320646016,0.8575097372509493,0.24385030665867616,True,False,925.6524090993364,153.7751493648746,17.095490053429728,6.6028866455678354,925.6524090993364,0.0,17.095490053429728,,858.8407917612811,10.812299014671433,869.6530907759526,15.868367039186783,8.0,False,9707.517989671449,0.00970751798967145,0.01561253882790007,Easy-Axis (Uniaxial),94838.69751087257,94.83869751087258,1191.7782446573456,9.036527486895292,Hard Magnet,60.631774147080336,4.15655763026297,521.1629407787213,0.6549126664294733,85.32905279740453,10.722765224554704,5.931657015354104,328.6803296029754,2.970563440806245,2.1374086187560075,0.16864584431287274,Semi-Hard (0.1 <= kappa < 1.0),812.5383223992578,10.466745349226596
mp-1188192,Sm2Mn2Fe15,-3m,166,R-3m,trigonal,3,"Fe,Mn,Sm",19,255.6217086689604,8.108868860714445,1,0,0,Sm2Mn2Fe15,0.0,-0.2,0.0,5.270764759464389,0,FM,0.9188661999967704,0.07916349024642015,0.0019703097568094167,0.9188661999967704,0.8397027097503503,0.26469886953439203,True,False,441.31768244545924,290.13818270023654,8.501004534210693,6.6220569786856345,441.31768244545924,0.0,8.501004534210693,,405.51190186004055,22.968351196304244,428.4802530563448,7.828856672301697,1.1421052631578947,False,32.95780403175482,3.295780403175482e-05,2.4083151583042318e-05,Easy-Axis (Uniaxial),143511.13088438404,143.51113088438404,1803.4140930138144,9.913209316085585,Hard Magnet,95.27419111475093,11.248221898337064,772.5659215601606,0.9708349694348916,85.28566052532476,10.717312390721238,10.659415287165837,348.26294432328655,4.16628542498313,1.2003347545714211,0.006628857060659585,Soft / Non-Viable,394.33768049374896,22.232235543636637
mp-1224208,Ho2Ga3(Fe7C)2,2/m,12,C2/m,monoclinic,4,"C,Fe,Ga,Ho",21,268.0681164118596,8.330821060937483,1,0,0,Ho2Ga3(Fe7C)2,0.0,-0.2,0.0,2.290975791757808,0,FM,0.9266405097408124,0.07112319893568653,0.00223629132350119,0.9266405097408124,0.8555173108051258,0.24781374082746904,True,False,548.4744203705884,229.66981106538867,0.34328118799186313,3.760335249237855,548.4744203705884,0.0,0.34328118799186313,,508.2386164719986,16.33485166192518,524.5734681339238,0.4155892637804085,1.8857142857142857,False,36093.91003315671,0.036093910033156706,0.012905381869835267,Easy-Axis (Uniaxial),105565.44275749079,105.56544275749079,1326.574503530846,23.53123969922745,Hard Magnet,62.53390009493553,6.511804691308281,520.9587319334494,0.6546560500262315,85.26219641855658,10.714363804046117,25.35602704214979,503.99798850484734,95.69571077707798,2.194445957729096,0.3253184631575815,Semi-Hard (0.1 <= kappa < 1.0),507.6577186561535,16.033396923836555
mp-1225178,Er(Co5Mo)2,mmm,71,Immm,orthorhombic,3,"Co,Er,Mo",13,164.8944668632363,9.551400348181192,1,0,0,Er(Co5Mo)2,0.0,-0.2,0.0,2.029672573988503,0,FM,0.9283869429125221,0.06961543146563158,0.0019976256218464067,0.9283869429125221,0.8587715114468906,0.2429530619668886,True,False,843.8312763709117,192.64143187120212,14.41621213846122,4.169040955537525,843.8312763709117,0.0,14.41621213846122,,783.4019390039623,13.410816397870805,796.8127554018331,13.386969574991506,6.938461538461539,False,10902.969415351823,0.010902969415351823,0.0036257909797337857,Easy-Axis (Uniaxial),187993.19248690407,187.99319248690406,2362.3921756610766,30.9185124792439,Hard Magnet,55.443368463428136,6.033969692290661,529.5618088459256,0.6654669953168328,85.13040777754182,10.697802754666844,12.008149175916605,270.21235541388927,59.13516288795107,1.402669990506249,0.17589391197884197,Semi-Hard (0.1 <= kappa < 1.0),747.4823899910458,13.136973495204218
mp-1219348,Sm4Cr3Fe31,m,8,Cm,monoclinic,3,"Cr,Fe,Sm",38,512.2229678310268,8.06769019939348,0,1,0,Sm4Cr3Fe31,0.0,-0.2,0.0,4.235537354681577,0,FM,0.9252963598110377,0.07280714440083358,0.0018964957881287214,0.9252963598110377,0.8524892154102042,0.24984093049640016,True,False,460.81797510257917,257.8018555749031,7.902752439052676,11.978390617227987,460.81797510257917,0.0,7.902752439052676,,426.39319489790995,18.76981692564481,445.16301182355477,7.364210702347622,1.2921052631578946,False,111.36386475514992,0.00011136386475514992,6.437952591915263e-05,Easy-Axis (Uniaxial),159177.83700849445,159.17783700849444,2000.287732300291,9.506428005481936,Hard Magnet,91.37715035256434,8.547493271002459,737.2025403478879,0.926396033985863,85.11083918925867,10.695343693291413,2.840257190562423,441.24394260672625,104.68123121181296,1.7115623222445153,0.012769691106880017,Soft / Non-Viable,415.4492204310304,17.709179573438412
mp-13018,UCo4Sn,-43m,216,F-43m,cubic,3,"Co,Sn,U",6,85.26896281540242,11.537872116539306,0,0,0,UCo4Sn,0.0,-0.2,0.0,2.4517978247646024,0,FM,0.9001684311247281,0.09710844123744289,0.002723127637829019,0.9001684311247281,0.8030599898872852,0.3069383819517343,True,False,384.29240469012245,123.145721158031,17.908259704773315,6.119517859233049,384.29240469012245,0.0,17.908259704773315,,345.92789102305665,11.95848902671718,357.88638004977383,16.13139952914843,5.683333333333333,False,3.944964828468856,3.944964828468856e-06,1.1863865056910332e-05,Easy-Axis (Uniaxial),51208.84990010557,51.20884990010557,643.509399081242,35.083438205818624,Hard Magnet,49.74101695428396,0.4805486327406001,573.9054925651418,0.7211909117189924,85.04595882926395,10.687190586640156,8.634690925950336,251.18813684388743,4.202065999034048,2.03976341590904,0.0030872816713581877,Soft / Non-Viable,326.4412425247811,11.603451386766869
mp-1210236,Nd2(Fe7B2)3,m-3m,225,Fm-3m,cubic,3,"B,Fe,Nd",29,323.08335255168754,7.843611719294789,1,0,0,Nd2(Fe7B2)3,0.0,-0.2,0.0,7.05925054736531,0,FM,0.9279877154732713,0.07006161724404897,0.0019506672826796947,0.9279877154732713,0.8579260982292223,0.24374075053932495,True,False,546.4867611915008,135.0332220688765,10.388684891556238,6.414660767811895,546.4867611915008,0.0,10.388684891556238,,507.13300105448803,9.460645919820292,516.5936469743083,9.651041777630125,0.7827586206896552,False,11868.193234489298,0.011868193234489297,0.01209207439439392,Easy-Axis (Uniaxial),98995.32568926112,98.99532568926112,1244.0119758678068,71.22878991176286,Hard Magnet,75.55411319819929,1.7374040118982776,592.617127722321,0.7447046459375711,84.98483110907408,10.67950905062376,7.541443641305554,447.7931530918696,35.44006740315115,3.316170244856213,0.1639884168275585,Semi-Hard (0.1 <= kappa < 1.0),490.15929936202775,9.166641443615498
mp-1219051,SmTiVFe10,mm2,44,Imm2,orthorhombic,4,"Fe,Sm,Ti,V",13,172.8420473342875,7.7590036262347,0,1,0,SmTiVFe10,0.0,-0.2,0.0,2.1337259972145426,0,FM,0.9299094367318892,0.06821533273245867,0.0018752305356520525,0.9299094367318892,0.8616941039994306,0.23894997351769673,True,False,567.24124301174,223.3340238535908,3.3220852437573285,7.631701811566927,567.24124301174,0.0,3.3220852437573285,,527.4829847801439,15.234804747651557,542.7177895277954,3.1327970573305137,1.1615384615384616,False,61292.2492425943,0.0612922492425943,0.006911014157643015,Easy-Axis (Uniaxial),114676.19191257167,114.67619191257167,1441.0635562122252,94.93781714794484,Hard Magnet,106.79654766627766,0.6554209487453804,828.6348006119954,1.041293200844595,84.64802898367024,10.637185246486252,10.08246440900925,352.543570285349,11.682505959333469,1.5785484191000967,0.26652299125937967,Semi-Hard (0.1 <= kappa < 1.0),521.7058141574938,14.674834926198002
mp-1223000,LaCeCo10,mmm,47,Pmmm,orthorhombic,3,"Ce,Co,La",12,168.6258445931416,8.55109003616486,1,0,0,LaCeCo10,0.0,-0.2,0.0,1.8171066326850327,0,FM,0.9295109269955446,0.06858806987494169,0.0019010031295137216,0.9295109269955446,0.8609228571206029,0.23998074739663758,True,False,802.3148247562754,176.84878547816962,76.20478735611948,3.3242088269913097,802.3148247562754,0.0,76.20478735611948,,745.7603965014735,12.129716855675271,757.8901133571487,70.83354948603352,8.333333333333334,False,7032.196044528073,0.007032196044528073,0.008401769573558867,Easy-Axis (Uniaxial),33292.592193729935,33.29259219372994,418.36706034672795,13.38402347142467,Hard Magnet,62.785966309007875,9.732517230165033,536.8884509159399,0.6746739252778884,84.59094608877578,10.630011998217055,16.967658053559212,283.7630007528653,16.72945974522264,1.6045515946610405,0.1393338029663469,Semi-Hard (0.1 <= kappa < 1.0),594.6976925061259,11.93140445562629
mp-1225867,Er4Fe34C3,-1,2,P-1,triclinic,3,"C,Er,Fe",41,527.9300730597216,8.1899264566816,1,0,0,Er4Fe34C3,0.0,-0.2,0.0,2.2522297755874403,0,FM,0.9290063735365324,0.06912098430464225,0.001872642158825388,0.9290063735365324,0.8598853892318901,0.24108307369129994,True,False,587.1203009344479,209.9958470585486,3.396778853828266,2.427945510723447,587.1203009344479,0.0,3.396778853828266,,545.438501600789,14.515119648573993,559.953621249363,3.1600885898528603,1.0658536585365854,False,1754.8939847282256,0.0017548939847282256,0.004674680346368011,Easy-Axis (Uniaxial),149150.79360202907,149.15079360202907,1874.2841862405157,57.45138795003606,Hard Magnet,63.356116311292986,0.12897916094933493,518.8819331704551,0.6520462677315088,84.58375697927636,10.629108588055935,11.29935787663213,383.3447340091272,20.767047815460103,1.8254872150031018,0.07201980834194714,Soft / Non-Viable,539.331864690204,14.341023530078822
mp-1186120,NpCo3,m-3m,221,Pm-3m,cubic,2,"Co,Np",4,53.15960704464187,12.925798661723558,1,0,0,NpCo3,0.0165593855695793,-0.1917203072152103,0.0,2.746732215616256,0,FM,0.8949325111271241,0.10012884784449527,0.004938641028380595,0.8949325111271241,0.7948036632826289,0.32404286776371916,True,False,387.06879199793445,141.34444944659788,26.652204181120368,13.014279025166289,387.06879199793445,0.0,26.652204181120368,,346.40044600165396,14.152656872302353,360.55310287395633,23.88749382498155,6.025,False,40.27881996414401,4.027881996414401e-05,5.09589120487758e-05,Easy-Axis (Uniaxial),19080.251620844294,19.080251620844294,239.76951794074745,0.938862995468259,Hard Magnet,69.0099676152998,4.397754131521893,892.0089470474283,1.120931501992227,84.5133622697268,10.620262527789183,6.311267933959568,347.90898258548714,4.841383537755831,2.4614265643090043,0.006346937575125065,Soft / Non-Viable,318.1369434227822,13.287988896397227
mp-1224299,Ho2Ga4Fe13C2,1,1,P1,triclinic,4,"C,Fe,Ga,Ho",21,274.44246493098854,8.22129502347822,0,1,1,Ho2Ga4Fe13C2,0.0,-0.2,0.0,2.2608561314565105,0,FM,0.9132707189493752,0.08399029597787216,0.002738985072752669,0.9132707189493752,0.829280422971503,0.2795013005526433,True,False,501.41669274084177,246.89393365552638,6.019396065361832,8.451132012434442,501.41669274084177,0.0,6.019396065361832,,457.9291834726465,20.736694562868795,478.66587803551533,5.54297407420815,2.1666666666666665,False,31430.6722788981,0.0314306722788981,0.012432842824063355,Easy-Axis (Uniaxial),99177.72942940373,99.17772942940373,1246.3041289124135,26.28439323596785,Hard Magnet,63.065146671508195,8.499374188650926,518.4771764853944,0.6515376354801974,84.45184840443571,10.612532467347316,24.550983511733147,343.94918930888895,25.697162034186704,1.3931050642531253,0.30502979284180326,Semi-Hard (0.1 <= kappa < 1.0),448.92172459699776,19.89597692530815
mp-1217477,TbPrFe4,-43m,216,F-43m,cubic,3,"Fe,Pr,Tb",6,101.62635452798852,8.549117321999015,0,0,0,TbPrFe4,0.0,-0.2,0.0,2.351007263549729,0,FM,0.928527647240375,0.0694891218375473,0.0019832309220776706,0.928527647240375,0.8590385254028277,0.24257460039077694,True,False,606.3381843551292,225.15588818738257,4.892042259535572,40.643257749057895,606.3381843551292,0.0,4.892042259535572,,563.0017677512689,15.645884946694204,578.647652697963,5.348816190975882,3.4,False,26.272539851871443,2.6272539851871443e-05,5.041563494951078e-05,Easy-Axis (Uniaxial),41518.627371680945,41.51862737168094,521.7384690878076,4.406235941059607,Hard Magnet,60.64679655765694,3.303757521737932,518.4765789748152,0.651536884626259,84.45165375423291,10.612508006880956,6.75779635316864,440.8092421421844,40.81451956557325,1.9577957551584333,0.008818951513128148,Soft / Non-Viable,553.9683130909865,13.003385254208691
mp-1226700,CePuCo4,-43m,216,F-43m,cubic,3,"Ce,Co,Pu",6,83.84932306758249,12.275389691372895,0,0,0,CePuCo4,0.0,-0.2,0.0,2.60852030941674,0,FM,0.9245905529945102,0.0663920876844741,0.009017359321015694,0.9245905529945102,0.8581984653100361,0.26853709465150954,True,False,385.71186100841805,135.1332094360742,12.771821917190834,1.3290939673965738,385.71186100841805,0.0,12.771821917190834,,356.6255428663149,8.971775889964242,365.59731875627915,11.809035579075646,7.016666666666667,False,644.2106284257463,0.0006442106284257463,0.0014104143850103572,Easy-Axis (Uniaxial),27351.019311162076,27.351019311162077,343.7030520216598,0.8976659068703671,Hard Magnet,69.50393699117137,0.003635045740310261,853.1879116512563,1.0721475501500817,84.39996957818566,10.606013181643705,3.7376955169633295,328.86298730850524,16.47495130622812,2.433620785600274,0.026537763370542377,Soft / Non-Viable,342.06298445970754,8.912547822240873
mp-1225456,ErTiFe11N,mm2,44,Imm2,orthorhombic,4,"Er,Fe,N,Ti",14,175.96598449502025,7.959178313232302,0,1,0,ErTiFe11N,0.0,-0.6,0.5,2.188774036138883,0,FM,0.9290146338329418,0.06911755583871912,0.0018678103283391056,0.9290146338329418,0.8598970779942227,0.24104766134879765,True,False,718.1747603902401,199.18075406733146,1.96756034433065,0.8896557656449744,718.1747603902401,0.0,1.96756034433065,,667.1948620519996,13.766886891246962,680.9617489432466,1.828926345146537,0.807142857142857,False,17313.185791655073,0.017313185791655073,0.009607091268208849,Easy-Axis (Uniaxial),99919.864889016,99.919864889016,1255.6300783251338,10.243091839740798,Hard Magnet,120.4364897135323,11.30077683797682,958.5754970497715,1.2045814957770986,84.02038486123257,10.558313158389248,1.352535698132194,120.93935493949888,43.15797144232803,0.6071839395618329,0.12244956294127692,Semi-Hard (0.1 <= kappa < 1.0),662.8475535165471,13.705919141309312
mp-1219362,Sm4Cr3Fe31C4,1,1,P1,triclinic,4,"C,Cr,Fe,Sm",42,533.9917829261897,7.888198467722786,0,1,1,Sm4Cr3Fe31C4,0.0,-0.2,0.0,4.141304195554463,0,FM,0.9274293112866505,0.07062887286262218,0.0019418158507273167,0.9274293112866505,0.8568004384240283,0.24502285901651683,True,False,555.8200128480636,253.6686620669735,22.860058225109242,6.881069780510273,555.8200128480636,0.0,22.860058225109242,,515.4837717150168,17.91633168235974,533.4001033973766,21.206657749064536,1.1785714285714286,False,2258.1231013298097,0.00225812310132981,0.000764133739674147,Easy-Axis (Uniaxial),324834.29805590527,324.83429805590526,4081.988256926304,30.189637208570378,Hard Magnet,85.1500893829197,3.755773523088351,671.6808045968055,0.8440589925114422,83.72657618427125,10.52139207042788,3.7865987628593243,339.6912944525868,46.87867031761809,1.3391141486877935,0.063111127307516,Soft / Non-Viable,478.98502021170145,17.320416702570235
mp-1213920,Ce2Co17H3,6/mmm,194,P6_3/mmc,hexagonal,3,"Ce,Co,H",44,494.0499474249484,8.638771053598466,1,0,0,Ce2Co17H3,0.0,-0.2,0.0,1.835738848889674,0,FM,0.9187566634582266,0.07895842462877152,0.0022849119130018895,0.9187566634582266,0.839798238829455,0.26597895794151505,True,False,543.2323657749139,143.10501125885895,33.7206452615232,6.43158014291572,543.2323657749139,0.0,33.7206452615232,,499.0983558618788,11.299346245482115,510.39770210736094,30.98522928770302,7.1045454545454545,False,4931.7822570228545,0.004931782257022854,0.0010578749587315894,Easy-Axis (Uniaxial),28144.97450290548,28.14497450290548,353.68018740612735,6.132117595045009,Hard Magnet,66.48925839118613,2.258410298636562,574.3854807650076,0.7217940826799958,83.51018389413461,10.494199412740139,2.7213526895155575,223.47875619234074,20.313404881482143,1.5616417218827914,0.10906704871510182,Semi-Hard (0.1 <= kappa < 1.0),448.6671978032008,10.947303932527577
mp-1217941,TaFe4Si,-3m,164,P-3m1,trigonal,3,"Fe,Si,Ta",12,149.16525656711443,9.62743373274299,1,0,0,TaFe4Si,0.0,-0.2,0.0,2.6475442765043224,0,FM,0.8865398485267884,0.11058805462615628,0.0028720968470553293,0.8865398485267884,0.7759517939006321,0.33413376621118257,True,False,451.76947859114125,208.72208071895267,0.786144060313859,31.804030304848695,451.76947859114125,0.0,0.786144060313859,,400.5116451192165,23.08216886423254,423.593813983449,3.585533632493093,1.0833333333333333,True,51.81525507762774,5.181525507762774e-05,0.0001673259061297587,Easy-Axis (Uniaxial),23476.7339543832,23.4767339543832,295.01734541677683,0.8403909840182924,Hard Magnet,66.63437804240982,0.4820253755717445,641.5180589258451,0.8061553684266476,83.51017419252693,10.49419819360014,17.08841903903997,363.86256158367075,45.83028826831597,1.7432873432955904,0.010009560336961806,Soft / Non-Viable,399.46485537469334,19.91524378059938
mp-1224690,GdV2Fe10N,mmm,71,Immm,orthorhombic,4,"Fe,Gd,N,V",14,173.96684269866608,7.93764584526802,1,0,0,GdV2Fe10N,0.0,-0.6,0.5,9.12829272205822,0,FM,0.9238132625825285,0.07425998384798732,0.0019267535694840396,0.9238132625825285,0.8495532787345412,0.25335902631865864,True,False,663.816249651134,181.718822753805,12.400791646797074,17.280231408081733,663.816249651134,0.0,12.400791646797074,,613.2422553455123,13.49443684257283,626.736692188085,11.527661352302385,1.364285714285714,False,2374.1866285394317,0.002374186628539432,0.0004239675236483149,Easy-Axis (Uniaxial),123597.73162219614,123.59773162219614,1553.174932832071,27.72373660197287,Hard Magnet,113.26183347049879,4.5412305351743925,899.0323218745431,1.1297573350963355,83.30877322991547,10.468889401725823,0.2636473748111106,116.50708088035951,54.202863278718254,0.6411393113535894,0.04834785262773764,Soft / Non-Viable,588.8995211371125,12.42122834196402
mp-1219998,Pr2(CoCu)5,mmm,47,Pmmm,orthorhombic,3,"Co,Cu,Pr",12,179.64893048578244,8.26541384906146,1,0,0,Pr2(CoCu)5,0.0,-0.2,0.0,1.7564004429255602,0,FM,0.7702577948970503,0.046117646050519025,0.18362455905243064,0.7702577948970503,0.5866332358446196,0.5954442702187732,False,True,438.1688472222848,161.43815540134776,15.111987807417279,30.307756918390538,438.1688472222848,0.0,15.111987807417279,,337.5029700540196,7.445147709848042,344.94811776386763,11.72374388368509,5.833333333333333,False,193480.66003070405,0.19348066003070405,0.01616911367501839,Easy-Axis (Uniaxial),379858.2396583747,379.8582396583747,4773.439513198581,107.58416453369415,Hard Magnet,62.29489377508225,7.553964185038062,514.8930777343774,0.6470337241578232,83.28829640738942,10.466316208267166,24.61378554736728,149.7638770568219,31.018118430114697,0.9276857548607225,0.7620733859597926,Semi-Hard (0.1 <= kappa < 1.0),321.31716638494254,6.4653903189949675
mp-977155,NpFe3,4/mmm,139,I4/mmm,tetragonal,2,"Fe,Np",4,51.12781307057455,13.1385665042685,1,0,0,NpFe3,0.0,-0.2,0.0,3.613105788673838,0,FM,0.9214824678954084,0.07653582178421618,0.001981710320375463,0.9214824678954084,0.8449466461111923,0.25885526357096433,True,False,470.0757650355065,209.2140389889496,44.22605621458183,4.338696556109582,470.0757650355065,0.0,44.22605621458183,,433.16657606274066,16.012368402814303,449.178944465555,40.75488826316365,0.1,False,31.074803441319332,3.1074803441319335e-05,2.857554348981998e-05,Easy-Axis (Uniaxial),32782.694838685115,32.78269483868512,411.9595010834739,0.7345185400644586,Hard Magnet,112.64863714610797,16.65046853967855,1480.0416107593505,1.8598751405475118,83.16345854454144,10.450628619449882,5.288096013973467,374.70793343452476,43.71783738309071,1.791026717161731,0.003359892153516569,Soft / Non-Viable,377.5134696305926,15.672379899337813
mp-1219868,PrNdCo14B,4/mmm,136,P4_2/mnm,tetragonal,4,"B,Co,Nd,Pr",68,879.3639905575875,8.467512705679676,1,0,0,PrNdCo14B,0.0,-0.2,0.0,7.091541891006728,0,FM,0.9280425961904614,0.07008863939236007,0.0018687644171785389,0.9280425961904614,0.8579539567981013,0.2433431089954476,True,False,946.1469704250829,103.50720847208169,1.2345663663711548,12.643048987908251,946.1469704250829,0.0,1.2345663663711548,,878.0646908110336,7.2546794091095705,885.3193702201432,1.448423722990812,7.770588235294118,False,733104.3796280634,0.7331043796280634,0.049954583751747106,Easy-Axis (Uniaxial),601390.9687780944,601.3909687780944,7557.301944609377,100.34289136853626,Hard Magnet,74.15599874239548,8.669714690123897,627.9168615535998,0.7890635997287794,83.0318167595171,10.434086024538992,15.282693983670086,333.5224070702866,21.258311705253362,3.222214297859703,1.216398370275,High-Performance (kappa >= 1.0),874.4660694846385,6.823340281884408
mp-1219218,Sm2VFe16,3m,160,R3m,trigonal,3,"Fe,Sm,V",19,259.800274986617,7.958700308353868,0,1,0,Sm2VFe16,0.0,-0.2,0.0,2.188642584797314,0,FM,0.927613159716189,0.07051833533580967,0.001868504948001426,0.927613159716189,0.8570948243803793,0.24435075854674732,True,False,507.3285185765941,264.66280125294116,10.933502172492666,17.85347916940333,507.3285185765941,0.0,10.933502172492666,,470.6046101309677,18.663580169669654,489.2681903006374,10.219905388965701,1.3473684210526315,False,2.663861008098873,2.663861008098873e-06,1.1617526721328149e-06,Easy-Axis (Uniaxial),159044.39915138637,159.0443991513864,1998.6109027013094,2.8696676266031735,Hard Magnet,94.86712409612807,10.671814596753933,755.0190097964991,0.9487848697989286,82.9968636717402,10.429693689902455,6.597917792053061,348.8331032934443,19.638854646743113,1.3180284559901587,0.0019283815251770796,Soft / Non-Viable,454.0565170779471,17.134066658771893
mp-1102468,UCo3,-3m,166,R-3m,trigonal,2,"Co,U",12,161.6953320882718,12.780311848570944,1,0,0,UCo3,0.0,-0.2,0.0,2.715816267821326,0,FM,0.9072171221821349,0.09029689114914231,0.002485986668722798,0.9072171221821349,0.8169202310329926,0.2916226060984012,True,False,363.07955312167286,151.98045736405714,31.457077154470085,24.009414011753698,363.07955312167286,0.0,31.457077154470085,,329.3919873062196,13.723362815399133,343.11535012161875,28.620627796803237,6.025,False,703.8318161297047,0.0007038318161297048,0.00036107710366979666,Easy-Axis (Uniaxial),32312.02051317989,32.31202051317989,406.0448329556078,7.7037404240699425,Hard Magnet,61.404423185655205,1.950720985467001,784.7676771942936,0.9861681477793276,82.86972502160717,10.413716975622267,12.448490229676686,324.9243111236765,14.017258266942378,2.13793481582534,0.030157018907671893,Soft / Non-Viable,298.1308983962759,12.252487580436304
mp-1206545,PrCo5H4,mmm,65,Cmmm,orthorhombic,3,"Co,H,Pr",10,97.63507039391672,7.476636353668266,1,0,0,PrCo5H4,0.0,-0.2,0.0,1.5887852251545065,0,FM,0.9241369002898856,0.06883778529148471,0.007025314418629767,0.9241369002898856,0.8552991149984008,0.265747146063637,True,False,467.95826828780883,174.8532024774501,21.377906361361454,16.400237265926094,467.95826828780883,0.0,21.377906361361454,,432.45750352051834,12.036507209671212,444.49401073018953,19.788342723773695,5.04,False,5364.90385735142,0.00536490385735142,0.02413994274359122,Easy-Axis (Uniaxial),62275.68297917428,62.27568297917428,782.5793277817738,9.44057944942254,Hard Magnet,78.01010151920039,15.630512609636185,583.2531609718056,0.7329375382768198,82.67120514098939,10.388770231196013,7.513174390352711,182.0893479190293,42.18963158645265,1.0413841172998384,0.11202602818498378,Semi-Hard (0.1 <= kappa < 1.0),403.69063488227863,11.124301305529535
mp-1216263,Y(Fe5W)2,mmm,71,Immm,orthorhombic,3,"Fe,W,Y",13,170.55872562596343,9.882265941501869,1,0,0,Y(Fe5W)2,0.0,-0.2,0.0,2.717623133913014,0,FM,0.9215277638379635,0.07642577407125267,0.002046462090783805,0.9215277638379635,0.8451019897667109,0.25896700147679863,True,False,515.5204141558044,278.0142598639894,5.58833279232033,34.74625200520626,515.5204141558044,0.0,5.58833279232033,,475.0663744698192,21.247455012951786,496.313829482771,5.794152961630134,1.6153846153846154,False,18152.462991821405,0.018152462991821404,0.022183299680136798,Easy-Axis (Uniaxial),65301.036597988976,65.30103659798898,820.5970433338604,33.60908049019451,Hard Magnet,71.36610428060845,6.518377275226946,705.2588217099277,0.886254373265321,82.6097235817459,10.381044230451897,12.849917143847595,255.50289741448483,14.815715379674216,0.9190280294956178,0.1704175513242406,Semi-Hard (0.1 <= kappa < 1.0),466.378775127528,18.10248711658285
mp-1225575,ErTiFe8Co3,mm2,44,Imm2,orthorhombic,4,"Co,Er,Fe,Ti",13,167.4354310890632,8.317655178322013,0,1,0,ErTiFe8Co3,0.0,-0.2,0.0,4.054856899431982,0,FM,0.9297843062519919,0.068345466844692,0.001870226903316117,0.9297843062519919,0.8614388394072999,0.23923102918055197,True,False,767.5866847537395,227.70131057754355,24.744016950263358,37.772908434305705,767.5866847537395,0.0,24.744016950263358,,713.6900531720221,15.56235237257042,729.2524055445925,23.15098865541073,2.684615384615385,False,36060.854566650014,0.036060854566650015,0.004521245432340241,Easy-Axis (Uniaxial),120627.70727828772,120.62770727828772,1515.8525054677878,29.581208291287272,Hard Magnet,85.36715190644699,5.5204586827581394,710.0545331132607,0.8922808419507001,82.56652622895253,10.375615890898834,10.38119287009108,350.8648650254743,21.28376593780294,1.5408996291481047,0.23857304342447436,Semi-Hard (0.1 <= kappa < 1.0),659.3101174344299,13.090097164597827
mp-1227797,Ce2HfCo16,-3m,164,P-3m1,trigonal,3,"Ce,Co,Hf",38,494.860131619408,9.406697440818164,1,0,0,Ce2HfCo16,0.0,-0.2,0.0,1.99892320617386,0,FM,0.927307604003145,0.07078269079438963,0.0019097052024653507,0.927307604003145,0.8565249132087555,0.2452026780913865,True,False,615.3873552685435,183.13796573640872,1.5157149073600067,5.23723067310236,615.3873552685435,0.0,1.5157149073600067,,570.6533739479053,12.962998001433741,583.616371949339,1.4535983332103581,7.794736842105262,False,15464.66094541303,0.01546466094541303,0.01315172012116557,Easy-Axis (Uniaxial),126512.94939645774,126.51294939645774,1589.8086405166907,32.77678619894777,Hard Magnet,66.42780253897753,10.857701804151649,624.8662401425743,0.7852300758032748,82.56398012599443,10.375295938158681,2.7717949794850214,310.1251822919263,3.6803098418072864,1.6933964568454958,0.17753263858723145,Semi-Hard (0.1 <= kappa < 1.0),567.7847081269749,12.632209038213867
mp-1219020,SmTiCo11,mm2,44,Imm2,orthorhombic,3,"Co,Sm,Ti",13,163.58617821744232,8.592616403312478,0,1,0,SmTiCo11,0.0,-0.2,0.0,1.8259309857039012,0,FM,0.9297352306636567,0.06836953531873444,0.0018952340176088566,0.9297352306636567,0.8613656953449222,0.2394293906196034,True,False,964.3677844329341,180.9023093398332,13.749205404831912,1.0657610768298298,964.3677844329341,0.0,13.749205404831912,,896.6067045043535,12.368206827650349,908.9749113320039,12.783328328882176,7.546153846153846,False,57519.83255858554,0.05751983255858554,0.030669323391644805,Easy-Axis (Uniaxial),158758.95917424056,158.75895917424057,1995.0239580906575,64.69407831590624,Hard Magnet,59.61158877737257,0.8403014610371784,512.2195155559696,0.6436740268383827,82.42559955077914,10.357906521881022,7.247158994763725,332.3232409495325,41.39934342133341,1.8370315014898355,0.41768391748297423,Semi-Hard (0.1 <= kappa < 1.0),857.3153548046041,12.302648408571459
mp-1217860,Tb2Ga3(Fe7C)2,2/m,12,C2/m,monoclinic,4,"C,Fe,Ga,Tb",21,272.1470086868252,8.132680002855835,1,0,0,Tb2Ga3(Fe7C)2,0.0,-0.2,0.0,2.236487000785355,0,FM,0.9272738248409288,0.07066137778629547,0.0020647973727757193,0.9272738248409288,0.8566124470546334,0.2457861053388012,True,False,541.3615631684022,248.12793617761176,2.29664542544441,9.122086036898878,541.3615631684022,0.0,2.29664542544441,,501.99040730102837,17.533061837580036,519.5234691386084,2.2250303793608497,1.8857142857142857,False,24000.793041819135,0.024000793041819134,0.007063024058526285,Easy-Axis (Uniaxial),132628.55176451648,132.6285517645165,1666.6595678967485,40.66381915476217,Hard Magnet,62.93311925525374,7.07440580397957,511.8149204845436,0.6431655976767545,82.29543730833052,10.341549851777208,30.111473387986845,509.55032864266775,90.2322208755063,2.053579038669503,0.27001937125971887,Semi-Hard (0.1 <= kappa < 1.0),498.1766237543326,16.768254534804502
mp-1799,TaCo2,m-3m,227,Fd-3m,cubic,2,"Co,Ta",6,74.57697169378311,13.306862920720418,1,0,0,TaCo2,0.0,-0.2,0.0,2.827708370653089,0,FM,0.8378833199776125,0.1593283168046616,0.0027883632177260506,0.8378833199776125,0.6785550031729508,0.4162125185280526,True,False,365.81229414829807,216.78465958769235,38.131294053524556,5.191120680217438,365.81229414829807,0.0,38.131294053524556,,306.5080195096029,34.53993492117857,341.0479544307815,31.96027911509724,7.333333333333333,True,1014.8879941391218,0.0010148879941391218,0.0005420538771305077,Easy-Axis (Uniaxial),26478.293074384826,26.478293074384826,332.7360504723865,10.06458042394326,Hard Magnet,67.35655649120795,1.8607787254662398,896.3044640402653,1.1263294078434538,82.20016667239415,10.329577790346205,7.282155527746844,245.35025736459437,19.681803705079744,1.131769461138217,0.0317065191295947,Soft / Non-Viable,271.942903451951,33.66611070369633
mp-1217752,TbEr(TiFe11)2,m,8,Cm,monoclinic,4,"Er,Fe,Tb,Ti",26,337.44403379264395,8.122038988064725,0,1,0,TbEr(TiFe11)2,0.0,-0.2,0.0,2.2335607217177995,0,FM,0.9274776285993329,0.07063599616844574,0.00188637523222136,0.9274776285993329,0.8568416324308872,0.24472752275309825,True,False,503.6880917068487,218.83456751589205,13.150561316280687,10.453414518167278,503.6880917068487,0.0,13.150561316280687,,467.1594368499913,15.45759767257603,482.61703452256734,12.219181664241098,0.8615384615384616,False,14621.544303393606,0.014621544303393606,0.0050427206499225295,Easy-Axis (Uniaxial),123688.29915162927,123.68829915162927,1554.3130379946642,51.55072056281219,Hard Magnet,83.24741735377997,6.246144776480961,676.1387694030968,0.8496610363056049,82.0656205979042,10.312670231650264,10.251702251922545,445.7563208286458,146.40567203830275,2.0369557053470286,0.15953495398432113,Semi-Hard (0.1 <= kappa < 1.0),447.54136944831697,14.689804589738944
mp-1105464,Pu6Fe,4/mmm,140,I4/mcm,tetragonal,2,"Fe,Pu",14,294.8114664057947,17.12119295746029,1,0,0,Pu6Fe,0.0,-0.2,0.0,4.708328063301581,0,FM,0.631656593309583,0.32838348661061606,0.0399599200798009,0.631656593309583,0.30327310669896695,0.7141137136087148,False,True,403.5465060183543,89.29841057434659,5.061593907983621,2.9302921392323356,403.5465060183543,0.0,5.061593907983621,,254.9028112335388,29.32412341319024,284.22693464672903,3.3388563902919772,0.1,False,350.9813805345652,0.00035098138053456517,4.932118083426542e-05,Easy-Axis (Uniaxial),77080.32749681034,77.08032749681034,968.6199812184319,6.50852638862351,Hard Magnet,86.57424963025568,4.344901062754587,1482.2544330669427,1.8626558550696044,81.90092000417575,10.291973344236219,5.112440343153483,195.01561259179982,31.635071252368576,2.1838643189448144,0.011274942845235317,Soft / Non-Viable,250.6734538111923,28.900686146029585
mp-1188126,Pr2Al2Co15,-3m,166,R-3m,trigonal,3,"Al,Co,Pr",19,252.79091809026343,8.012495941102726,1,0,0,Pr2Al2Co15,0.0,-0.2,0.0,1.702655387484329,0,FM,0.9273315380269201,0.0707933985998032,0.0018750633732766576,0.9273315380269201,0.856538139427117,0.2450324260858941,True,False,794.7501577079332,126.47197847579507,35.26723456551008,0.7328966135857229,794.7501577079332,0.0,35.26723456551008,,736.996886094435,8.95338118394269,745.9502672783777,32.70446002769395,7.378947368421053,False,24924.941444376836,0.024924941444376836,0.026420797565061573,Easy-Axis (Uniaxial),234674.33441859361,234.67433441859362,2949.0047172722834,11.828143646620886,Hard Magnet,64.34324855063574,0.12961251706250465,515.5500178493327,0.64785925945342,81.46054009277387,10.236633571383189,0.9106534258012351,284.94036737069507,15.750188762073634,2.2529920920405986,0.2731752411396276,Semi-Hard (0.1 <= kappa < 1.0),659.4711413266019,8.920691461129167
mp-1217582,TbFe10Mo2N,mmm,71,Immm,orthorhombic,4,"Fe,Mo,N,Tb",14,178.2986121198197,8.59856779954009,1,0,0,TbFe10Mo2N,0.0,-0.6,0.5,2.364606144873525,0,FM,0.9257260676659119,0.072377606473139,0.0018963258609491533,0.9257260676659119,0.853348461192773,0.24884473240021845,True,False,492.49812885134685,217.11780546618616,49.419216695452576,16.280657433408905,492.49812885134685,0.0,49.419216695452576,,455.9183561543769,15.714467082343168,471.63282323672007,45.7638301558325,0.807142857142857,False,39506.224076849656,0.03950622407684966,0.013938017529288265,Easy-Axis (Uniaxial),156361.6906234957,156.3616906234957,1964.8989924346135,26.67138772066289,Hard Magnet,99.20329515402548,1.1999815445050643,853.006259319675,1.0719192790979204,81.4436301874277,10.234508609965571,8.350897467856688,97.30715992008597,25.67690714361285,0.4481767845393986,0.2078622439405879,Semi-Hard (0.1 <= kappa < 1.0),391.4367049981802,14.531551058542096
mp-1220279,NdFe10Mo2N,mmm,71,Immm,orthorhombic,4,"Fe,Mo,N,Nd",14,182.2645324977169,8.277696202674223,1,0,0,NdFe10Mo2N,0.0,-0.6,0.5,7.449926582406801,0,FM,0.9267570898955118,0.07135656762938952,0.0018863424750987612,0.9267570898955118,0.8554005222661223,0.24641262525379412,True,False,461.67186190505686,207.2329007900347,59.708756110284384,21.090310241931547,461.67186190505686,0.0,59.708756110284384,,427.85767122577306,14.787428500258681,442.64509972603173,55.35597371312443,0.807142857142857,False,129147.8967566856,0.1291478967566856,0.08316615132757565,Easy-Axis (Uniaxial),221235.98891288924,221.23598891288924,2780.133483923141,2.8769394844140677,Hard Magnet,112.65309282377564,2.408132069960679,932.5080786868743,1.171824211766327,81.26759885010362,10.212387859290276,4.0658079889567915,104.16692457668253,29.162709393773348,0.5026563068874035,0.3437843748692869,Semi-Hard (0.1 <= kappa < 1.0),356.8367441363546,13.376821882494358
mp-1218037,Ta3Fe8Si,3m,156,P3m1,trigonal,3,"Fe,Si,Ta",12,152.6006322458005,11.0740863397183,0,1,0,Ta3Fe8Si,0.0,-0.2,0.0,3.0453737434225325,0,FM,0.8203112517724597,0.17608330945792533,0.0036054387696149324,0.8203112517724597,0.6442279423145343,0.4447274961003729,True,False,384.0767963468764,210.57506264571197,19.65330085465149,27.783918913428295,384.0767963468764,0.0,19.65330085465149,,315.06251758806224,37.078753919966914,352.14127150802915,16.847778786351245,1.575,True,291.8011920477002,0.00029180119204770023,0.0006115375444560478,Easy-Axis (Uniaxial),29620.842984116953,29.62084298411695,372.2264980793804,0.8890960202905331,Hard Magnet,77.98320609036324,2.7681650491246543,863.5927572927284,1.0852226648016754,81.08232617286444,10.189105807568955,16.752089763423392,355.76201998451916,46.0095122411669,1.6894784003131518,0.017645322792189007,Soft / Non-Viable,295.69147267901036,32.55607691433133
mp-1214504,Ce3Ti6Fe23,2/m,12,C2/m,monoclinic,3,"Ce,Fe,Ti",32,447.3824408349561,7.393604699883325,1,0,0,Ce3Ti6Fe23,0.0,-0.2,0.0,2.033241292467914,0,FM,0.9186251129339735,0.07933000006912634,0.0020448869969000513,0.9186251129339735,0.8392951128648471,0.2654861286596341,True,False,450.1612069491163,211.11752031792048,6.438182416256325,4.4937930227729055,450.1612069491163,0.0,6.438182416256325,,413.5293895721258,16.747952901414415,430.2773424735402,5.925010393310967,1.028125,False,557.6544502225535,0.0005576544502225534,0.0007238749845511974,Easy-Axis (Uniaxial),16418.38483127934,16.41838483127934,206.31951268718822,3.610618777977372,Hard Magnet,81.18427213787112,6.480718668762528,600.2444160351708,0.7542893791097552,81.07551270811298,10.188249602319976,4.401992652368432,464.9973051824719,114.41274269240239,2.2025519458652014,0.035095345769846006,Soft / Non-Viable,404.84125017789074,16.379913203086144
mp-1225767,Dy(Co5Mo)2,mmm,71,Immm,orthorhombic,3,"Co,Dy,Mo",13,167.27177688719297,9.36840985337592,1,0,0,Dy(Co5Mo)2,0.0,-0.2,0.0,9.017094483874324,0,FM,0.9281942699554427,0.06983429481651848,0.0019714352280388097,0.9281942699554427,0.8583599751389243,0.2433222305366497,True,False,838.0021703610134,250.99089496296796,15.519594410630305,4.21293826498065,838.0021703610134,0.0,15.519594410630305,,777.8288127393174,17.52777215510573,795.3565848944231,14.408202695548514,6.938461538461539,False,10848.617336821268,0.010848617336821268,2.648661031045681e-05,Easy-Axis (Uniaxial),233574.1260235071,233.5741260235071,2935.179090558007,21.83127226624256,Hard Magnet,54.208292551212665,5.280174268252914,507.84550207146526,0.6381774793865341,81.02389060743916,10.181762577704362,9.071482379582426,275.0286471244917,66.75368958931226,1.0957714110110264,0.18295768355185218,Semi-Hard (0.1 <= kappa < 1.0),739.5694212198612,17.16617203985598
mp-1216006,YFe6Co5Re,mm2,44,Imm2,orthorhombic,4,"Co,Fe,Re,Y",13,165.77199385691816,9.063876173654108,0,1,0,YFe6Co5Re,0.0,-0.2,0.0,4.418639634656378,0,FM,0.924758894797755,0.0732682828658133,0.0019728223364316928,0.924758894797755,0.8514906119319416,0.25133526352092905,True,False,893.187600361599,289.3125537060736,28.861723162633666,2.412947629177353,893.187600361599,0.0,28.861723162633666,,825.9831781574512,21.1974340215674,847.1806121790186,26.69072073457938,3.9000000000000004,False,3672.3938549577124,0.003672393854957712,0.0011415236619855414,Easy-Axis (Uniaxial),31044.969029322565,31.044969029322566,390.12259411266234,6.778036956540137,Hard Magnet,98.34572500962945,4.8625741813170436,891.3934736955193,1.120158075367892,80.95017609121528,10.172499338219131,23.094046695856658,236.12992396518865,8.84142261098583,0.8161758656524953,0.06064573221029107,Soft / Non-Viable,753.4928390699092,20.944741203414836
mp-863,PuCo2,m-3m,227,Fd-3m,cubic,2,"Co,Pu",6,90.40728705421698,13.293027540217803,1,0,0,PuCo2,0.0,-0.2,0.0,2.824768352296283,0,FM,0.5146984633584887,0.48104077865365447,0.004260757987856935,0.5146984633584887,0.03365768470483421,0.6527626733651425,False,True,397.5926888258431,137.98342960394302,7.905170527680241,4.4325878734931905,397.5926888258431,0.0,7.905170527680241,,204.64034598123118,66.37565641798247,271.0160023992137,4.593634417849378,5.366666666666666,False,141.21724518866105,0.00014121724518866105,9.796647305147414e-05,Easy-Axis (Uniaxial),75549.05292942298,75.54905292942298,949.3774171184755,19.79424293562233,Hard Magnet,76.25348318466416,1.5697590730697257,1013.6396520112759,1.2737771536583755,80.67642947091342,10.138099322699428,17.307610799669423,378.7088614371649,45.0766038859926,2.7445966702246896,0.01045816150769785,Soft / Non-Viable,199.38640097909717,64.93647329755176
mp-864655,PaCo3,m-3m,221,Pm-3m,cubic,2,"Co,Pa",4,54.15471744036167,12.505405906132864,1,0,0,PaCo3,0.0,-0.2,0.0,2.6573987550532334,0,FM,0.9098902468588125,0.08476677425466478,0.005342978886522852,0.9098902468588125,0.8251234726041476,0.29406939513860597,True,False,384.13537915729853,143.49089085390395,23.740631478406982,16.868273759068977,384.13537915729853,0.0,23.740631478406982,,349.5210349686379,12.163259952613618,361.6842949212515,21.64864129793911,6.025,False,66.73153382056358,6.673153382056358e-05,0.00010511259184661849,Easy-Axis (Uniaxial),25009.25553726116,25.00925553726116,314.27557997585444,0.6753450201833853,Hard Magnet,60.93368974868142,2.44454398700778,762.0005236656282,0.9575580988718051,80.67431254189167,10.137833301547746,7.022899700174674,337.89431653425095,17.822056135996036,2.3548137064552757,0.009563246535187822,Soft / Non-Viable,323.8898682928687,11.217187043344532
mp-1226606,CeMn5Co7,mm2,44,Imm2,orthorhombic,3,"Ce,Co,Mn",13,160.42490283823355,8.563683241282696,0,1,0,CeMn5Co7,0.0,-0.2,0.0,5.031163904253584,0,FM,0.9006161968141326,0.09725644785737105,0.002127355328496272,0.9006161968141326,0.8033597489567615,0.3040282275656429,True,False,378.4092038931384,219.77368464723395,9.17773160663026,3.447982666222927,378.4092038931384,0.0,9.17773160663026,,340.801458049702,21.374407901316015,362.175865951018,8.272413333241614,5.115384615384615,False,34245.2551936766,0.034245255193676605,0.03183947633393972,Easy-Axis (Uniaxial),78797.42054363558,78.79742054363558,990.1976092433647,26.33348340561674,Hard Magnet,59.14495767311128,7.537615543262187,506.4986828315975,0.6364850164146613,80.5947056140184,10.127829599762142,15.219495906291282,228.37139648025834,8.463018444030197,1.0391207520901553,0.32592445736512465,Semi-Hard (0.1 <= kappa < 1.0),330.6849975372485,21.01216008259261
mp-1227780,Ce2Ti2Fe22H,m,8,Cm,monoclinic,4,"Ce,Fe,H,Ti",27,343.3364325584984,7.765274515587187,0,1,0,Ce2Ti2Fe22H,0.0,-0.2,0.0,2.1354504917864765,0,FM,0.9043065799928808,0.09368505105810829,0.0020083689490109366,0.9043065799928808,0.8106215289347725,0.29606732624838616,True,False,463.52137793136745,214.53761480256833,15.843099410665957,3.4684869152487323,463.52137793136745,0.0,15.843099410665957,,419.16543203070245,20.098967396663383,439.26439942736584,14.330703548630154,0.8333333333333333,False,15203.600231873459,0.015203600231873459,0.0017623962707817079,Easy-Axis (Uniaxial),68187.56501390733,68.18756501390733,856.8702299018469,10.270225493644707,Hard Magnet,100.06027509603722,12.534978892957767,776.9955042259011,0.9764013471793551,80.46044105563388,10.110957417424038,7.839785457699738,274.9405534136364,132.38537393041307,1.2815494087908772,0.1415630082254909,Semi-Hard (0.1 <= kappa < 1.0),398.13955044086106,19.756344288376468
mp-1215820,YUCo10,mmm,47,Pmmm,orthorhombic,3,"Co,U,Y",12,162.19908481345828,9.38042696884284,1,0,0,YUCo10,0.0,-0.2,0.0,1.993340730879104,0,FM,0.9308096402473873,0.06722110028975624,0.001969259462856358,0.9308096402473873,0.8635885399576311,0.23710782312005815,True,False,842.1674609623727,187.5570372885874,63.53019785306708,18.667409076329477,842.1674609623727,0.0,63.53019785306708,,783.8975913664418,12.607790413625684,796.5053817800675,59.147833100618186,7.508333333333334,False,680.5760573320586,0.0006805760573320586,0.0007476023701409399,Easy-Axis (Uniaxial),35297.439488487114,35.297439488487115,443.56071496727793,7.604218858773439,Hard Magnet,58.44995703167311,8.667896417508633,548.2855532676117,0.6889959464859776,80.24243571512618,10.083562057844535,13.872133358445106,304.7086630132709,8.50236930965005,1.624618662238871,0.042445005912970415,Soft / Non-Viable,646.9043804305471,11.531476470940145
mp-1225176,DyV2(FeCo)5,mm2,44,Imm2,orthorhombic,4,"Co,Dy,Fe,V",13,163.37138202074112,8.520382632067374,0,1,0,DyV2(FeCo)5,0.0,-0.2,0.0,10.543973507183376,0,FM,0.9305784655156115,0.06753998638455284,0.001881548099835673,0.9305784655156115,0.8630384791310587,0.23737645829230714,True,False,654.5862960631239,268.3775574312498,10.604436966442563,39.133109050607814,654.5862960631239,0.0,10.604436966442563,,609.1439109379696,18.12621657482616,627.2701275127957,10.216079498106524,4.5,False,513.5465845000139,0.0005135465845000139,0.0011696679297842863,Easy-Axis (Uniaxial),63592.61108807506,63.59261108807506,799.1283347921849,0.49419552320149357,Hard Magnet,74.87312333066077,6.725708788625276,637.9476596352006,0.8016686723538992,80.22008948525448,10.080753947725967,9.430879642186216,355.2246293405681,16.605648678046293,1.3236003514621966,0.03168837304275846,Soft / Non-Viable,588.3469504369453,15.159938869853526
mp-1247737,LaFe9,4/mmm,140,I4/mcm,tetragonal,2,"Fe,La",20,272.8172489218648,7.809280408522273,1,0,0,LaFe9,0.0,-0.2,0.0,2.147552112343625,0,FM,0.8930383878244685,0.104929805242525,0.0020318069330064734,0.8930383878244685,0.7881085825819435,0.3187483575372469,True,False,480.2636528696966,306.58656743691995,38.101344557933714,19.237628613897556,480.2636528696966,0.0,38.101344557933714,,428.89387828944405,32.17006881113027,461.0639471005743,34.085787774285315,1.09,False,125.81229340868656,0.00012581229340868656,0.00015487661635624905,Easy-Axis (Uniaxial),12308.617884350699,12.3086178843507,154.67465709013743,5.904972074478052,Hard Magnet,100.56681071042354,6.800158173186013,785.3544246284785,0.9869054763508267,80.10871780634159,10.066758569522452,2.7985762120684448,173.23815160521661,11.102166780577022,0.5650546044906559,0.012740630267092446,Soft / Non-Viable,380.56093404498694,29.347214722692907
mp-1223140,LaCe(CoNi)5,mmm,47,Pmmm,orthorhombic,4,"Ce,Co,La,Ni",12,167.7085079647939,8.585991564676124,1,0,0,LaCe(CoNi)5,0.0,-0.2,0.0,2.4684725748443856,0,FM,0.9382053107193091,0.05805333057252767,0.003741358708163173,0.9382053107193091,0.8801519801467814,0.22391454574110006,True,False,545.5902058693533,201.3285726865107,21.380654989550294,12.260948792018624,545.5902058693533,0.0,21.380654989550294,,511.87562862306845,11.687794183865172,523.5634228069337,20.072068636972265,6.666666666666667,False,10773.168720207303,0.010773168720207303,0.010967813814648227,Easy-Axis (Uniaxial),26467.781410736476,26.467781410736475,332.6039570086417,6.501142450500224,Hard Magnet,58.70912278678846,4.3272656625570605,504.07603301690057,0.6334406248706324,79.82555933413376,10.031175825787594,3.6038020638797805,174.13776041157035,29.999370322003912,0.8649431031467191,0.18368375539302684,Semi-Hard (0.1 <= kappa < 1.0),477.82181722143054,11.012665542466145
mp-1217540,Th2(FeCo)5,mm2,25,Pmm2,orthorhombic,3,"Co,Fe,Th",12,173.47415632464708,9.93568696351118,0,1,0,Th2(FeCo)5,0.0,-0.2,0.0,4.843647394711701,0,FM,0.9291610580414099,0.06889205997644304,0.0019468819821471493,0.9291610580414099,0.8602689980649669,0.2409594085429311,True,False,747.7729294996184,243.32323290064272,28.09936187845102,1.1925573802403164,747.7729294996184,0.0,28.09936187845102,,694.8014863485901,16.7630387546531,711.5645251032431,26.108962077505755,3.3916666666666666,False,2321.022591147915,0.002321022591147915,0.0035362662793077433,Easy-Axis (Uniaxial),20267.990965256562,20.267990965256562,254.69509102584638,11.471739370171163,Hard Magnet,92.8830365027268,8.295446793473516,922.8567749114758,1.1596960257509847,79.67371825876658,10.012094913141443,3.2127172615806856,352.6268012564453,4.583005804566369,1.449211392816053,0.04656937902948733,Soft / Non-Viable,635.2967122861905,16.663676800898845
mp-1225484,ErV2Fe10N,mmm,71,Immm,orthorhombic,4,"Er,Fe,N,V",14,172.81848919106338,8.086562544573784,1,0,0,ErV2Fe10N,0.0,-0.6,0.5,2.2238046997577907,0,FM,0.92593294766805,0.07215825401997183,0.001908798311978011,0.92593294766805,0.8537746936480781,0.24840577537058484,True,False,687.5294499803905,180.71445091611207,18.105350684802374,27.504788047930887,687.5294499803905,0.0,18.105350684802374,,636.6061702289361,13.040039254284547,649.6462094832207,16.88141416313263,1.364285714285714,False,2294.5837894051515,0.0022945837894051517,0.0013583948105564568,Easy-Axis (Uniaxial),70267.20998866975,70.26720998866975,883.0038199086971,4.004735780836287,Hard Magnet,107.38689408578688,2.921768826758189,868.3908354922362,1.0912521076908448,79.67310399014357,10.012017721868208,8.319247432633404,118.56283209880829,51.37366075588915,0.6560783130389796,0.049207556185195886,Soft / Non-Viable,600.3729602710046,11.463529507376576
mp-1190738,Dy2Fe17C3,-3m,166,R-3m,trigonal,3,"C,Dy,Fe",22,269.07562290916,8.086817961521822,1,0,0,Dy2Fe17C3,0.0,-0.2,0.0,8.288988410559867,0,FM,0.9298813058906956,0.06825165808972014,0.0018670360195842197,0.9298813058906956,0.8616296478009755,0.23899003396940344,True,False,660.8977438124514,240.41096145426735,21.265556345840878,13.207558735099326,660.8977438124514,0.0,21.265556345840878,,614.5564570765367,16.408446742197544,630.9649038187342,19.79497911374501,1.0,False,4452.046965840426,0.004452046965840426,0.0015708614644835478,Easy-Axis (Uniaxial),133315.3069686884,133.31530696868842,1675.289588481368,38.48385117611061,Hard Magnet,62.269389017459936,5.35705728195547,503.56121355938467,0.6327936836603695,79.66258881918226,10.010696346488807,22.120338926178764,410.00488919084523,29.110672060565292,1.705433424127956,0.11820141214708327,Semi-Hard (0.1 <= kappa < 1.0),573.8770729735212,15.391993454213592
mp-1217031,U(Fe5Re)2,mmm,71,Immm,orthorhombic,3,"Fe,Re,U",13,166.09415117474612,11.686096895708802,1,0,0,U(Fe5Re)2,0.0,-0.2,0.0,3.2136766463199207,0,FM,0.9192240731142318,0.07859572926680469,0.0021801976189634756,0.9192240731142318,0.8406283438474271,0.2645941014639501,True,False,408.938667915259,201.90887634232217,2.301180108672952,0.6352635642572153,408.938667915259,0.0,2.301180108672952,,375.9062679749726,15.869175381565901,391.7754433565385,2.1158893261144076,0.1,False,1415.508225399212,0.001415508225399212,0.0006594229716733531,Easy-Axis (Uniaxial),36863.79186211413,36.86379186211413,463.24407978934397,10.324772046535909,Hard Magnet,70.70983777396886,9.052828785352872,826.3220157064504,1.0383868696171576,79.53526285244162,9.994696093309026,6.267523400656106,321.01268927202784,17.870746749590552,1.589888939443027,0.04061644820079778,Soft / Non-Viable,373.04479047006004,15.818929434090732
mp-1184721,HfCo3,6/mmm,194,P6_3/mmc,hexagonal,2,"Co,Hf",8,104.4977681616331,11.291575830793375,1,0,0,HfCo3,0.0,-0.2,0.0,2.399459864043592,0,FM,0.9220184550703375,0.07556789630627252,0.0024136486233900345,0.9220184550703375,0.846450558764065,0.25903209884878786,True,False,484.90162441876726,230.24563573374405,15.926940715580969,5.173894200173223,484.90162441876726,0.0,15.926940715580969,,447.08824660768886,17.399178326099364,464.48742493378825,14.690137195252772,6.025,True,5528.754143097146,0.0055287541430971456,0.009881617972978547,Easy-Axis (Uniaxial),67932.3072756716,67.9323072756716,853.6625664986785,19.539634358147428,Hard Magnet,61.257064013027104,1.101921672538296,691.6887834748595,0.8692017602940318,79.12052567271832,9.942578681216972,7.915523432002241,274.7183610103811,33.801966159987714,1.193153390877147,0.09589544387901253,Soft / Non-Viable,424.54902288012363,16.960421201660534
mp-1223858,HoCo4Cu,-6m2,187,P-6m2,hexagonal,3,"Co,Cu,Ho",6,82.96526138978382,9.291085615661189,0,0,0,HoCo4Cu,0.0,-0.2,0.0,1.9743556933280024,0,FM,0.9273646094377439,0.07055096078676963,0.00208442977548655,0.9273646094377439,0.8568136486509743,0.24563633782070984,True,False,718.511308819762,162.56559879053594,24.985969488896956,5.073065253188517,718.511308819762,0.0,24.985969488896956,,666.3219592802408,11.469159185548826,677.7911184657896,23.173867875329638,7.333333333333333,False,1963.6398741043688,0.001963639874104369,0.0010937478463485656,Easy-Axis (Uniaxial),71343.65139253561,71.3436513925356,896.5307817971042,12.300378040179606,Hard Magnet,54.01326464798399,0.7851227853551102,501.841866225785,0.6306330880794871,79.11952145638492,9.942452487668294,12.858709456317564,262.79976479311745,54.87843986052461,1.6165767342433386,0.07876968334811243,Soft / Non-Viable,615.0929780090141,11.185436928432024
mp-1224982,GdTm(FeNi4)2,mm2,25,Pmm2,orthorhombic,4,"Fe,Gd,Ni,Tm",12,164.7235003386633,9.147502937841592,0,1,0,GdTm(FeNi4)2,0.0,-0.2,0.0,11.20569109885595,0,FM,0.926642297838103,0.07114372211302962,0.0022139800488674105,0.926642297838103,0.8554985757250734,0.24773919867995264,True,False,393.7294829504054,151.51195859058367,16.13406612941867,5.709353375019674,393.7294829504054,0.0,16.13406612941867,,364.84639280777185,10.779124678769335,375.6255174865412,14.956024831684642,4.35,False,22526.01163620876,0.02252601163620876,0.04170351100513383,Easy-Axis (Uniaxial),91339.94276994528,91.33994276994528,1147.8115950399688,15.640158198119646,Hard Magnet,54.86089740167397,9.385282669991948,501.8402201544388,0.6306310195652277,79.11900242370803,9.94238726409724,11.86205392388185,211.18219485218847,11.41430796139349,1.3938318586643448,0.2667913563690616,Semi-Hard (0.1 <= kappa < 1.0),346.22626780602445,10.479955823028025
mp-1216329,VFe4,mmm,69,Fmmm,orthorhombic,2,"Fe,V",5,59.28081959692189,7.684130740634873,1,0,0,VFe4,0.0,-0.2,0.0,2.11313595367459,0,FM,0.9148439414043461,0.08313413801972461,0.0020219205759293185,0.9148439414043461,0.8317098033846215,0.2737505116359896,True,False,667.6975959413542,185.24403035601722,70.22882886532358,22.519114608679885,667.6975959413542,0.0,70.22882886532358,,610.839100337195,15.40010278694719,626.2392031241421,64.2756880773737,0.8800000000000001,True,21.251794891700854,2.1251794891700853e-05,8.69405132700119e-06,Easy-Axis (Uniaxial),14304.42604590716,14.30442604590716,179.75472261064795,4.907410988811506,Hard Magnet,110.49056369181571,0.8156796216507374,849.0239370143564,1.066914945298474,78.88476694032825,9.912952364573572,4.917344122839578,249.38328979467582,45.68711238019186,1.3462419777597718,0.004843652090616261,Soft / Non-Viable,494.9688295824719,13.841599912915052
mp-1226230,CrFe4,mmm,69,Fmmm,orthorhombic,2,"Cr,Fe",5,57.25187645456947,7.987035552619415,1,0,0,CrFe4,0.0,-0.2,0.0,4.193193665125193,0,FM,0.898513116243147,0.09947016298679404,0.0020167207700590587,0.898513116243147,0.799042953256353,0.307876352491594,True,False,956.6155325908077,160.67999715545122,6.6277675998088625,6.96881514116302,956.6155325908077,0.0,6.6277675998088625,,859.5316032347644,15.982865505770334,875.5144687405347,5.995344647490988,0.48000000000000004,True,6.441609592419184,6.441609592419183e-06,2.3873546833518576e-07,Easy-Axis (Uniaxial),13132.289049632702,13.132289049632702,165.02521441851192,7.260566748541789,Hard Magnet,118.50041405847321,5.1360629678950716,946.467020085147,1.1893655348658085,78.70720521883936,9.890639300148568,8.86624871505262,135.92164908188596,17.065489654078796,0.8459151822761574,0.0023921410430219783,Soft / Non-Viable,840.9528040753673,15.444708899617778
mp-1018723,HoCo3Cu2,6/mmm,191,P6/mmm,hexagonal,3,"Co,Cu,Ho",6,83.95224754710014,9.27309407864556,1,0,0,HoCo3Cu2,0.0,-0.2,0.0,1.9705324917121811,0,FM,0.905326150809968,0.086826033535278,0.007847815654753957,0.905326150809968,0.8185001172746901,0.3097324628568398,True,False,506.46985876960434,169.19202762194604,44.997997812662675,27.713342942529067,506.46985876960434,0.0,44.997997812662675,,458.52040774115403,14.690272664204768,473.2106804053588,40.80886625531256,6.333333333333333,False,3314.3272169019524,0.0033143272169019523,0.00267088098907515,Easy-Axis (Uniaxial),70387.63394701267,70.38763394701267,884.517112029481,15.896829009052272,Hard Magnet,53.95922782241523,2.1105870038122525,500.3689960083254,0.6287822247775422,78.65578262995498,9.884177346924321,4.447306438625941,238.3078963645612,52.94121180243697,1.408505469873866,0.10263662616178439,Semi-Hard (0.1 <= kappa < 1.0),398.71571195911855,12.902425895976013
mp-1226156,Dy4Fe28BC,mmm,65,Cmmm,orthorhombic,4,"B,C,Dy,Fe",68,904.634755216314,8.210529649364602,1,0,0,Dy4Fe28BC,0.0,-0.2,0.0,8.415792890598716,0,FM,0.9292104125882563,0.06891720979932202,0.001872377612421549,0.9292104125882563,0.8602932027889343,0.24059935103758726,True,False,572.513542877138,205.0035512527605,3.9557929386623414,9.156735083878289,572.513542877138,0.0,3.9557929386623414,,531.9855453892297,14.12827275129256,546.1138181405223,3.729540638484798,1.2647058823529411,False,24735.361779894203,0.024735361779894202,0.013677256672676403,Easy-Axis (Uniaxial),344118.578315957,344.118578315957,4324.321674413084,16.715291325010547,Hard Magnet,82.59328419642597,4.900943694411879,678.1346087331523,0.8521690819764239,78.53582719916295,9.869103302626101,8.960777290114237,366.2145523077151,9.507992212322222,1.786381504465688,0.20688942477302202,Semi-Hard (0.1 <= kappa < 1.0),525.0620890419253,13.509746884915456
mp-16484,Ce2Al2Co15,-3m,166,R-3m,trigonal,3,"Al,Ce,Co",19,247.17892286915023,8.183776554074932,1,0,0,Ce2Al2Co15,0.0,-0.2,0.0,1.7390525177409228,0,FM,0.9266106251406013,0.07148824356354419,0.0019011312958545144,0.9266106251406013,0.8551223815770571,0.2468031849182617,True,False,659.4149317944684,128.29251618555338,5.070489498741779,8.060471629020526,659.4149317944684,0.0,5.070489498741779,,611.0208821771193,9.171406644452775,620.1922888215721,4.733573200809707,7.378947368421053,False,2269.4731055617626,0.0022694731055617626,0.005463246396106604,Easy-Axis (Uniaxial),17021.945871688127,17.02194587168813,213.90408455669834,2.786704337561126,Hard Magnet,69.04525386999674,1.4807521954753255,565.0509297914308,0.7100639399747364,78.46408320947866,9.8600876868137,3.1611389795879057,271.60177692263835,9.034248997610206,2.117050822589,0.07520903119399754,Soft / Non-Viable,600.8652785601271,8.816097140071596
mp-1189139,Th2Fe7,-3m,166,R-3m,trigonal,2,"Fe,Th",18,280.1676704042947,10.134974933338375,1,0,0,Th2Fe7,0.0,-0.2,0.0,2.787118106668053,0,FM,0.9171601526252842,0.08086055371957993,0.0019792936551359407,0.9171601526252842,0.8362995989057043,0.2685183265242811,True,False,508.1850235649549,233.12454270026169,2.6227975654300337,14.941965634388822,508.1850235649549,0.0,2.6227975654300337,,466.0870537747177,18.850579608367013,484.9376333830847,2.6919022077684396,0.1,False,109.21973114548057,0.00010921973114548057,3.771318955974576e-05,Easy-Axis (Uniaxial),27203.583990479616,27.203583990479615,341.8503251043243,6.776430185237598,Hard Magnet,105.04922559543304,2.1802528909728807,1064.671268176322,1.3379053738363447,78.3829791845999,9.849895854266277,5.808055811232927,323.237189018973,35.42139635868321,1.3865429408458854,0.008756490593023056,Soft / Non-Viable,462.04752998552107,17.540157458531297
mp-1225766,DyThFe6,3m,160,R3m,trigonal,3,"Dy,Fe,Th",24,380.8645821983953,9.543098087271018,0,1,0,DyThFe6,0.0,-0.2,0.0,9.781675539452792,0,FM,0.9249754624765696,0.07304153819461542,0.001982999328814956,0.9249754624765696,0.8519339242819541,0.25086858094563874,True,False,519.647438165714,259.8391207665566,11.703728715148173,12.466335450754912,519.647438165714,0.0,11.703728715148173,,480.6611294420959,18.979049063925736,499.64017850602164,10.863888587999396,1.3375,False,578.1923536088541,0.000578192353608854,0.00013779007496121418,Easy-Axis (Uniaxial),73317.72276471995,73.31772276471995,921.3376947610918,11.315928336680246,Hard Magnet,68.67067356248965,4.012566200683935,655.3309735258075,0.8235131888394096,77.96550438612577,9.797434422849303,2.1461103656912006,395.4979307381295,15.64606403640039,1.5220877040045515,0.03273184945717372,Soft / Non-Viable,462.6134548566952,17.865464685180367
mp-1218046,TaCo4Si,-3m,164,P-3m1,trigonal,3,"Co,Si,Ta",12,144.64403520989,10.211988128536742,1,0,0,TaCo4Si,0.0,-0.2,0.0,2.170047477314057,0,FM,0.9202372626082302,0.07724009198649309,0.0025226454052766486,0.9202372626082302,0.8429971706217372,0.2634090507636586,True,False,390.30781397650634,166.46179254760267,19.47159528181885,1.9684794030282973,390.30781397650634,0.0,19.47159528181885,,359.1757943083425,12.857524168613361,372.03331847695586,17.91913261269869,6.35,True,1178.5455802247707,0.0011785455802247706,0.003793556300860808,Easy-Axis (Uniaxial),37609.76933159409,37.609769331594094,472.6183093229037,9.97225936767171,Hard Magnet,58.060414004386516,0.32493046319565266,592.9122585507235,0.745075518274514,77.946742014924,9.795076673702242,10.354659128890264,324.61820745659213,26.867397092368435,1.950106402727592,0.05165089248880325,Soft / Non-Viable,337.28425275946586,12.73220871555522
mp-1226066,DyThFe14B,4/mmm,136,P4_2/mnm,tetragonal,4,"B,Dy,Fe,Th",68,916.3709163848137,8.605062320008786,1,0,0,DyThFe14B,0.0,-0.2,0.0,8.820188878009004,0,FM,0.9287059058315397,0.06942500677074259,0.0018690873977177727,0.9287059058315397,0.8592808990607971,0.24178135952991167,True,False,533.2568486212306,188.44388973702345,3.814917908728887,16.277954458853742,533.2568486212306,0.0,3.814917908728887,,495.2387846396522,13.082718320897923,508.3215029605501,3.718806336029305,0.6823529411764706,False,8546.694372870565,0.008546694372870565,0.022439112863413737,Easy-Axis (Uniaxial),245818.089636666,245.818089636666,3089.041278098763,38.37701661004095,Hard Magnet,105.74460380263972,8.958662631113135,909.9389057263528,1.143462952578178,77.84900318540724,9.782794449912423,2.687030165537516,375.6532718486203,4.389763711902958,1.9934489378926037,0.09063207448041334,Soft / Non-Viable,489.0202114319122,12.098059974380673
mp-1226526,CePrFe4,-43m,216,F-43m,cubic,3,"Ce,Fe,Pr",6,101.1838248274075,8.277824728997343,0,0,0,CePrFe4,0.0,-0.2,0.0,2.276401800474269,0,FM,0.9342569181132564,0.062261100413389114,0.0034819814733544723,0.9342569181132564,0.8719958176998672,0.23311631074353806,True,False,448.1402240470655,211.53124363589006,8.882573472866795,51.72238131030571,448.1402240470655,0.0,8.882573472866795,,418.6781046007956,13.170168000583228,431.8482726013788,8.901524579913515,3.4,False,30.069106446105106,3.0069106446105107e-05,5.478954073978544e-05,Easy-Axis (Uniaxial),16052.663573485173,16.052663573485173,201.72372373091494,2.811401397840631,Hard Magnet,70.72819418800367,1.3539468544906867,585.4755948867829,0.7357303311009724,77.82604410596498,9.779909326844015,0.7566586749963893,394.2399352383409,41.64039610013958,1.8637432866274275,0.008355001509558665,Soft / Non-Viable,406.6381277779405,10.464042118168242
mp-1225630,ErFe10Mo2N,mmm,71,Immm,orthorhombic,4,"Er,Fe,Mo,N",14,177.65169128194705,8.707775564223274,1,0,0,ErFe10Mo2N,0.0,-0.6,0.5,2.394638280161401,0,FM,0.9252336388958271,0.07282293671866853,0.0019434243855044728,0.9252336388958271,0.8524107021771585,0.2501413659509274,True,False,460.0148815293933,211.0024268393861,49.64042808046105,27.260079484075845,460.0148815293933,0.0,49.64042808046105,,425.6212427836733,15.3658163772101,440.9870591608834,45.971875510371426,0.807142857142857,False,64536.16455956476,0.06453616455956476,0.016095045947224235,Easy-Axis (Uniaxial),107891.07361215456,107.89107361215456,1355.7992433304873,45.69454450093757,Hard Magnet,96.57878481179664,0.22482213360459014,840.9863824065407,1.0568146562949778,77.78316661927808,9.77452118285214,4.537600587699373,111.03279368965866,23.921215940493823,0.5262157187138716,0.2694682984772498,Semi-Hard (0.1 <= kappa < 1.0),365.1933889227425,13.522670952235398
mp-1225106,DyV2Fe10N,mmm,71,Immm,orthorhombic,4,"Dy,Fe,N,V",14,173.23605283806043,8.021453926638948,1,0,0,DyV2Fe10N,0.0,-0.6,0.5,8.22199027480492,0,FM,0.9261986596932077,0.07190348854848952,0.0018978517583027935,0.9261986596932077,0.8542951711447182,0.24775189304800496,True,False,700.956836302076,199.98946108715933,8.17645422395799,18.8935751639967,700.956836302076,0.0,8.17645422395799,,649.225282285774,14.379939925099151,663.6052222108732,7.693907095978962,1.364285714285714,False,1682.4816550057312,0.0016824816550057313,0.00044234467875788454,Easy-Axis (Uniaxial),106881.7672551185,106.88176725511849,1343.1159253381452,9.18598041104621,Hard Magnet,108.09930408293924,3.2608744566126546,867.1135872030306,1.0896470701539733,77.69946582593015,9.764003030748546,6.510338736588042,116.26316700668498,48.90335315262605,0.5813464688322512,0.042198231013405425,Soft / Non-Viable,632.0002129175992,13.138750111167578
mp-1224024,HoFe10Mo2N,mmm,71,Immm,orthorhombic,4,"Fe,Ho,Mo,N",14,178.5339581290661,8.643085093387855,1,0,0,HoFe10Mo2N,0.0,-0.6,0.5,2.37684840068166,0,FM,0.9262877321209254,0.07178712676549344,0.0019251411135811248,0.9262877321209254,0.8545006053554319,0.24763469437458308,True,False,477.59520641986285,213.15897500738447,48.86921192673523,20.75143398088275,477.59520641986285,0.0,48.86921192673523,,442.39058062648,15.302070360057757,457.6926509865378,45.291456818004946,0.807142857142857,False,50180.60096994648,0.050180600969946476,0.013373477326568763,Easy-Axis (Uniaxial),121569.31598604165,121.56931598604164,1527.685109693003,32.08124866637606,Hard Magnet,98.74485408235915,0.4878688948570371,853.4601763679973,1.0724896880836599,77.61055823431765,9.752830573065172,6.6427595146072305,101.71789564924697,27.861266484128855,0.4771926476270734,0.23414222224948744,Semi-Hard (0.1 <= kappa < 1.0),380.42099919042283,13.86362034810875
mp-1217390,Th2Fe17C,2/m,12,C2/m,monoclinic,3,"C,Fe,Th",20,268.73228775528,8.80809097315703,1,0,0,Th2Fe17C,0.0,-0.2,0.0,2.4222250176181834,0,FM,0.9224037482284413,0.07568109037378681,0.0019151613977719754,0.9224037482284413,0.8467226578546545,0.2565415355116511,True,False,495.54108914433357,225.8441153611495,16.774532374975365,12.489562046500794,495.54108914433357,0.0,16.774532374975365,,457.08895802793745,17.09212890503509,474.18108693297256,15.50173604225444,0.1,False,1005.7468450702685,0.0010057468450702684,0.001788586402331574,Easy-Axis (Uniaxial),14195.654592126673,14.195654592126674,178.38786018362575,3.466075761289149,Hard Magnet,122.09298335197307,9.469217130685891,1075.4061045483256,1.3513951670698547,77.57602208508847,9.748490632472793,8.288012530989782,512.5466563520956,98.49650939787983,2.2694709380958513,0.026306732580142066,Soft / Non-Viable,432.8841917318667,16.087499772148508
mp-1183687,CoPd3,m-3m,221,Pm-3m,cubic,2,"Co,Pd",4,57.08329526533481,11.001547352480026,1,0,0,CoPd3,0.0,-0.2,0.0,2.3378288124020057,0,FM,0.8331049697536163,0.14777744506607768,0.019117585180306113,0.8331049697536163,0.6853275246875385,0.46452235497678407,True,False,457.6246120101729,155.93341938851268,4.072327721175128,5.918894313513917,457.6246120101729,0.0,4.072327721175128,,381.24933854724543,23.043442317651582,404.292780864897,3.5036148581346573,8.75,False,1007.6586169547196,0.0010076586169547196,3.4522889332170805e-05,Easy-Axis (Uniaxial),10817.81044468822,10.81781044468822,135.94061792474955,0.28231975027988726,Hard Magnet,45.14993234676523,2.4793610905650993,496.7191186742073,0.6241956536497946,77.51247874029919,9.740505540110686,3.3794553192715884,170.50480853050442,6.220180951662584,1.0934462233890139,0.05700866923070867,Soft / Non-Viable,376.14340779162177,22.381085907121932
mp-1216844,TmFe10Mo2N,mmm,71,Immm,orthorhombic,4,"Fe,Mo,N,Tm",14,177.1560426367853,8.747840518874455,1,0,0,TmFe10Mo2N,0.0,-0.6,0.5,2.405656142690475,0,FM,0.9243951706374283,0.07363876360964405,0.001966065752927791,0.9243951706374283,0.8507564070277842,0.2521515179590254,True,False,465.10449898712125,209.92522311731165,52.2511963427356,25.31131104722992,465.10449898712125,0.0,52.2511963427356,,429.94035270543554,15.458633880837498,445.39898658627305,48.336703382971635,0.807142857142857,False,49557.31907098164,0.04955731907098164,0.004851950230431407,Easy-Axis (Uniaxial),73764.2571799749,73.7642571799749,926.9490118242625,52.64896548338938,Hard Magnet,97.65941284533724,0.32718244572998145,854.3089687379295,1.0735563120331806,77.49869639642029,9.73877359966587,7.463797658237751,110.77228600033457,18.200262970083813,0.5276749709034829,0.23245238384318642,Semi-Hard (0.1 <= kappa < 1.0),366.165132015997,13.722022040515354
mp-1221065,Nd4Sc3Fe25B2,mm2,35,Cmm2,orthorhombic,4,"B,Fe,Nd,Sc",68,970.546601543796,7.287141757027668,0,1,0,Nd4Sc3Fe25B2,0.0,-0.2,0.0,6.558427581324901,0,FM,0.9300339778315899,0.06804978026862636,0.0019162418997836692,0.9300339778315899,0.8619841975629635,0.2387873904832382,True,False,569.7449999720302,157.15079310071343,8.742478951126088,5.5743255514042716,569.7449999720302,0.0,8.742478951126088,,529.8822086736463,10.694076939543912,540.5762856131903,8.139646268270305,2.138235294117647,False,210544.03785355244,0.21054403785355244,0.10529465610222638,Easy-Axis (Uniaxial),494890.7854199109,494.8907854199109,6218.9811440337435,18.343286940607616,Hard Magnet,92.04878934047541,1.7688102847332772,670.7725764868217,0.8429176794081986,77.47798962550816,9.736171510040236,4.215904327196712,271.48952698522737,7.59613581410585,1.727573381136152,0.6102267520538661,Semi-Hard (0.1 <= kappa < 1.0),514.8778462300875,10.404097798554941
mp-1220755,Nd2Ga3(Fe7C)2,2/m,12,C2/m,monoclinic,4,"C,Fe,Ga,Nd",21,274.39282524588634,7.888398615267996,1,0,0,Nd2Ga3(Fe7C)2,0.0,-0.2,0.0,7.099558753741197,0,FM,0.9253724522794653,0.07245439191520447,0.0021731558053303315,0.9253724522794653,0.8529180603642608,0.2505651432839571,True,False,546.815018337107,225.188633370055,7.590784703376585,0.8862356111135625,546.815018337107,0.0,7.590784703376585,,506.00755446184945,16.315905497043257,522.3234599588927,7.024596540424039,1.8857142857142857,False,13760.883997816696,0.013760883997816695,0.012146350910398666,Easy-Axis (Uniaxial),167453.17691997005,167.45317691997005,2104.2787226079195,5.759263788833689,Hard Magnet,62.915427238652605,8.644916235967223,496.30196910838157,0.623671448045216,77.3823419353791,9.724152066581043,17.309894402196655,473.38255117887905,104.24644234527426,2.102160060632209,0.2108493354788423,Semi-Hard (0.1 <= kappa < 1.0),493.5202024499677,16.24392576963657
mp-1225877,ErFe2Co2B,mm2,35,Cmm2,orthorhombic,4,"B,Co,Er,Fe",12,150.32553763999277,9.005516384565958,0,1,0,ErFe2Co2B,0.0,-0.2,0.0,4.390189237475905,0,FM,0.9310645148952402,0.0670357578543838,0.001899727250375982,0.9310645148952402,0.8640287570408565,0.23627328636721937,True,False,602.4798924311692,124.25414785053349,16.582155445139676,3.2735143671303177,602.4798924311692,0.0,16.582155445139676,,560.9476487805631,8.329470967711167,569.2771197482742,15.44061595614547,4.383333333333333,False,176272.7439040709,0.1762727439040709,0.026299330398946483,Easy-Axis (Uniaxial),106731.89863246624,106.73189863246624,1341.2326206458465,44.34747231090173,Hard Magnet,64.28974482877557,7.83740794100682,578.962350415103,0.7275455467076668,77.34803877746296,9.719841404541128,1.3840292486948158,401.7829822282446,14.637322900707545,3.233557906747332,0.6469002630062107,Semi-Hard (0.1 <= kappa < 1.0),531.5659513327522,8.195333261831044
mp-1219018,SmYCo10,mmm,47,Pmmm,orthorhombic,3,"Co,Sm,Y",12,164.36552733521935,8.37109241596024,1,0,0,SmYCo10,0.0,-0.2,0.0,1.7788571383915508,0,FM,0.9304725605104754,0.06763936977214706,0.0018880697173775185,0.9304725605104754,0.8628331907383284,0.23765049406242833,True,False,907.8449294688446,186.0889937809443,6.518495507596981,24.99038631774802,907.8449294688446,0.0,6.518495507596981,,844.7247960693278,12.586942260876066,857.3117383302039,6.296416843755997,8.333333333333334,False,80731.07826848705,0.08073107826848705,0.05004116558420914,Easy-Axis (Uniaxial),277296.7295711527,277.2967295711527,3484.613541636253,93.81946340337124,Hard Magnet,70.59218114948563,4.362946197402479,590.9336722465505,0.7425891533954406,77.30465059862352,9.714389085079423,2.3549144287174886,313.8695077515612,19.96688806601199,1.6866634687757753,0.42892040473982945,Semi-Hard (0.1 <= kappa < 1.0),826.7606768757531,11.188871193011648
mp-1219324,Sm2ZrCo16,-3m,164,P-3m1,trigonal,3,"Co,Sm,Zr",38,499.179212614755,8.881028027102396,1,0,0,Sm2ZrCo16,0.0,-0.2,0.0,1.887218455759259,0,FM,0.9275945492591221,0.07052368709745382,0.00188176364342406,0.9275945492591221,0.8570708621616683,0.2444381832243792,True,False,876.7842083647824,175.43063755249008,58.08262245707459,7.213151273460937,876.7842083647824,0.0,58.08262245707459,,813.3002525556466,12.372015390058642,825.6722679457052,53.87952546152907,7.794736842105262,False,168042.96304893674,0.16804296304893673,0.01609084539957191,Easy-Axis (Uniaxial),330895.36549437547,330.8953654943755,4158.153878156411,36.79642320646775,Hard Magnet,55.782599004918296,3.9608524099058897,495.4068251872936,0.6225465770186578,77.10345581300756,9.689106202170985,12.133129281688959,349.83715439726717,26.8576217328536,1.9941622471308265,0.7381476608009843,Semi-Hard (0.1 <= kappa < 1.0),681.3792696570816,11.941341863703613
mp-1217799,Tb3(VFe8)4,m,8,Cm,monoclinic,3,"Fe,Tb,V",39,502.4247949424405,8.155482056294872,0,1,0,Tb3(VFe8)4,0.0,-0.2,0.0,2.24275756548109,0,FM,0.9278153376900043,0.0703015197854468,0.0018831425245489635,0.9278153376900043,0.8575138179045576,0.24392455886770278,True,False,549.4442332178089,207.76429830388884,11.924046122321158,16.361014032582673,549.4442332178089,0.0,11.924046122321158,,509.7827867848069,14.606145927920311,524.3889327127272,11.122943021648517,1.2615384615384615,False,393.0149075321607,0.0003930149075321607,0.00024808564054828704,Easy-Axis (Uniaxial),206248.5682891199,206.2485682891199,2591.795998152742,35.73788097576081,Hard Magnet,60.74025841829156,12.278026717943124,495.36608762509036,0.6224953846882006,77.09077581941739,9.687512787151613,5.656207636162334,461.59112932714334,101.07570748658688,2.22170571698508,0.03570041858242321,Soft / Non-Viable,490.2951149058531,13.501643069319977
mp-1222931,LaFeNi4,-6m2,187,P-6m2,hexagonal,3,"Fe,La,Ni",6,87.14112690960053,8.184901028608907,0,0,0,LaFeNi4,0.0,-0.2,0.0,2.864715360013118,0,FM,0.9228409728088921,0.0739700248455698,0.0031890023455380715,0.9228409728088921,0.8488709479633223,0.2594711036288685,True,False,361.2784411127648,231.52047980512094,7.328846869893482,7.759572293464146,361.2784411127648,0.0,7.328846869893482,,333.4025480513839,17.12557564344304,350.52812369482695,6.787671841229558,4.35,False,5440.203521253348,0.005440203521253348,0.00544251736185443,Easy-Axis (Uniaxial),11901.145944268252,11.901145944268253,149.55421357663482,5.912494095137872,Hard Magnet,63.87631566432014,9.341154149468203,522.8213217846411,0.6569966494634935,76.97460913257842,9.672914850469413,1.06642536397604,179.36362575249353,0.9051851593760176,0.7747203439776486,0.1258488788376259,Semi-Hard (0.1 <= kappa < 1.0),325.4519236775668,16.48595581362947
mp-1217798,Th3Fe33C4,-1,2,P-1,triclinic,3,"C,Fe,Th",80,1004.8342172350028,8.550433906494776,1,0,0,Th3Fe33C4,0.0,-0.2,0.0,2.351369324286064,0,FM,0.9249634018888148,0.07310255252434462,0.0019340455868406365,0.9249634018888148,0.8518608493644702,0.2507351728204469,True,False,519.3162618439774,211.44581964800722,24.47170096763716,8.314077335389797,519.3162618439774,0.0,24.47170096763716,,480.3485362113878,15.457229136871549,495.80576534825934,22.64358601264408,0.1,False,3286.129933429519,0.003286129933429519,0.00501842532951276,Easy-Axis (Uniaxial),10591.970033392321,10.591970033392322,133.1026235615724,6.306298195577468,Hard Magnet,133.64196482494629,10.20198433143888,1142.696787369803,1.4359551329926523,76.7938426722283,9.650199066674059,5.636790406953293,420.5249710600857,25.629086323541486,1.9888072119852334,0.04475137949504898,Soft / Non-Viable,444.1205825767509,14.840311643447027
mp-1226639,CeDyFe4,-43m,216,F-43m,cubic,3,"Ce,Dy,Fe",6,98.665432625485,8.852511815470798,0,0,0,CeDyFe4,0.0,-0.2,0.0,9.073824610857567,0,FM,0.9287865457548301,0.06910283463982554,0.0021106196053442936,0.9287865457548301,0.8596837111150045,0.24237139510435157,True,False,474.92002309246175,209.06855098904242,6.597992745734672,32.413657536058324,474.92002309246175,0.0,6.597992745734672,,441.0993277578517,14.447229507383733,455.54655726523544,6.524644202839306,3.4,False,20.585667092801234,2.0585667092801233e-05,3.0632303525676355e-05,Easy-Axis (Uniaxial),24545.62324950907,24.54562324950907,308.44940470599363,2.5806988350798807,Hard Magnet,56.07207810772087,0.9528648303052698,496.37873396660046,0.6237679136110698,76.74270367005775,9.64377275000798,4.265416647559874,390.17874107962484,33.39586338311102,1.8662718004874614,0.008153881086380415,Soft / Non-Viable,431.6068645534094,12.432341249259231
mp-1220607,Nd(Fe5W)2,mmm,71,Immm,orthorhombic,3,"Fe,Nd,W",13,177.54614102123313,10.010887953151713,1,0,0,Nd(Fe5W)2,0.0,-0.2,0.0,9.00979915783654,0,FM,0.919356638849864,0.07861430992181528,0.002029051228320706,0.919356638849864,0.8407423289280487,0.2637992543924606,True,False,517.2564943121115,209.42984419833033,1.2780758728094384,17.483464875867597,517.2564943121115,0.0,1.2780758728094384,,475.5431920340466,16.464182678685027,492.00737471273163,1.8082469314087741,1.6153846153846154,False,18557.484599487016,0.018557484599487015,0.007600040186019818,Easy-Axis (Uniaxial),81068.99962905506,81.06899962905506,1018.7431144651251,4.761903984229876,Hard Magnet,70.32872216663772,6.428072467354351,704.0529574985474,0.8847390396062412,76.59526174857736,9.625244651353876,0.1743205960834153,331.7933402117865,20.58631496860832,1.5842696225165396,0.1726033796881535,Semi-Hard (0.1 <= kappa < 1.0),473.5258521447874,15.140629369761275
mp-1216220,Y2Er4Fe23,mm2,44,Imm2,orthorhombic,3,"Er,Fe,Y",29,432.3064619466341,8.186503098582374,0,1,0,Y2Er4Fe23,0.0,-0.2,0.0,2.251288352110153,0,FM,0.924477721655547,0.07362591286568851,0.0018963654787645854,0.924477721655547,0.8508518087898584,0.25173040464899565,True,False,535.6622618115334,269.12095206787353,4.7070466382766085,34.335313302478795,535.6622618115334,0.0,4.7070466382766085,,495.20782737638353,19.81427576728039,515.0221031436639,5.032563805285064,2.1482758620689655,False,2793.2007101146,0.0027932007101146,0.0008447564729781548,Easy-Axis (Uniaxial),65639.85876446815,65.63985876446816,824.8548083329132,2.9646437467918725,Hard Magnet,61.650991977962775,11.575974486829377,504.7060368582694,0.6342323110465434,76.5599798456998,9.620810996592352,17.04951342596309,315.5766581488308,27.079543753716564,1.172620175887461,0.09341306895706815,Soft / Non-Viable,487.55796707673835,16.91104553388778
mp-16932,Th2Co17,-3m,166,R-3m,trigonal,2,"Co,Th",19,243.5410132437245,9.995242003000923,1,0,0,Th2Co17,0.0,-0.2,0.0,2.123988925637696,0,FM,0.9258152245252725,0.0722443174216736,0.0019404580530538926,0.9258152245252725,0.853570907103599,0.248783618372446,True,False,993.3285466533384,357.50853555665844,14.804497341505396,37.708797619110356,993.3285466533384,0.0,14.804497341505396,,919.6386914472232,25.827960123712916,945.4666515709362,13.974341929966988,7.168421052631579,False,290.7212917163939,0.0002907212917163939,0.0003279223437032899,Easy-Axis (Uniaxial),29947.152178554865,29.947152178554866,376.32702043122083,4.913606050976483,Hard Magnet,95.0462385778212,6.174261714532648,950.0101560602852,1.193817970845874,76.55367745888846,9.620019015292701,4.790918780157891,271.93341585876925,22.403062475253364,0.7606347508189014,0.016010512708594975,Soft / Non-Viable,876.3902986267536,21.730756608426432
mp-1225167,Gd3Y3Fe23,3m,160,R3m,trigonal,3,"Fe,Gd,Y",29,436.629810985851,7.693264711606567,0,1,0,Gd3Y3Fe23,0.0,-0.2,0.0,8.847254418347552,0,FM,0.928607260517434,0.06950916914999314,0.0018835703325728586,0.928607260517434,0.8590980913674409,0.24206178760294586,True,False,554.3176017034933,317.5212109207033,3.1263957763886765,46.52872875396176,554.3176017034933,0.0,3.1263957763886765,,514.743349574475,22.070635558597814,536.8139851330728,4.346079972552111,2.1482758620689655,False,318.8600220875344,0.0003188600220875344,6.748315641406642e-05,Easy-Axis (Uniaxial),18939.077384476004,18.939077384476004,237.99547013088005,2.5805990735814297,Hard Magnet,91.78927334597739,4.267648761364306,706.1591775366171,0.8873857937656187,76.47281693357172,9.609857781803282,5.137292868154309,279.6798927073965,9.707009825788987,0.8808227075489543,0.022557579475170862,Soft / Non-Viable,509.4343713513415,17.905122595772227
mp-1226561,CeSmFe4,-43m,216,F-43m,cubic,3,"Ce,Fe,Sm",6,92.64764629307015,9.209925971565438,0,0,0,CeSmFe4,0.0,-0.2,0.0,2.532729642180496,0,FM,0.9270050932224082,0.07077905356549483,0.0022158532120969817,0.9270050932224082,0.8562260396569134,0.24689653991636973,True,False,534.7641475063297,228.31019424101544,2.107055370919568,14.543676276369197,534.7641475063297,0.0,2.107055370919568,,495.7290884111068,16.15957946773336,511.8886678788401,2.2079014070921663,3.4,False,15.094101286406243,1.5094101286406244e-05,2.53008979580219e-05,Easy-Axis (Uniaxial),25519.000390465037,25.519000390465038,320.6812228444186,0.5748438912631075,Hard Magnet,68.77575300646207,1.8349620335714718,633.4195938281847,0.7959785370441823,76.44877002848212,9.606835958529734,7.256736791093833,392.29624482232373,32.93343190782295,1.718259870639839,0.005471510090728257,Soft / Non-Viable,492.2716099454839,15.064139617815664
mp-1217368,ThFe3Co2,6/mmm,191,P6/mmm,hexagonal,3,"Co,Fe,Th",6,83.66492505559458,10.269876199070604,1,0,0,ThFe3Co2,0.0,-0.2,0.0,5.00656464704692,0,FM,0.9262482380454214,0.07174729048034795,0.002004471474230673,0.9262482380454214,0.8545009475650736,0.24798646009180914,True,False,758.9756940835952,241.03663963126513,5.477718051254328,15.884684151707049,758.9756940835952,0.0,5.477718051254328,,702.9998993642308,17.29372580003133,720.2936251642622,5.200151921830549,2.7333333333333334,False,696.968294286554,0.0006969682942865541,0.0013278025253567998,Easy-Axis (Uniaxial),20131.547884125164,20.131547884125165,252.98049666727482,11.359101435080099,Hard Magnet,97.87463982773367,0.26423330629388886,1005.1604340594498,1.2631218541281182,76.38955824043522,9.59939518565182,1.2209346519167956,354.5616036235348,5.959182691042514,1.470986337039625,0.023429671192499165,Soft / Non-Viable,690.3939546054995,16.021262340109907
mp-1219065,SmFeNi4,-6m2,187,P-6m2,hexagonal,3,"Fe,Ni,Sm",6,84.49582420328834,8.666253045782438,0,0,0,SmFeNi4,0.0,-0.2,0.0,3.0331885660238536,0,FM,0.924367766955237,0.07341817444404915,0.002214058600713898,0.924367766955237,0.8509495925111878,0.2530185116708707,True,False,453.1406101067323,129.6428402550968,6.085554043111387,5.136298002910998,453.1406101067323,0.0,6.085554043111387,,418.8685738810939,9.518140661270692,428.3867145423646,5.637915414252076,4.35,False,2160.220806110372,0.002160220806110372,0.003966700658798386,Easy-Axis (Uniaxial),74034.60895106547,74.03460895106547,930.346352442035,0.533123983710346,Hard Magnet,56.81924254095195,0.7692287466997101,492.4099337295759,0.618780572143789,76.17342513061806,9.572235097524217,2.2940260048309655,175.89264043034763,6.697505074353288,1.3567478164181348,0.08420101653473552,Soft / Non-Viable,410.5406821866189,9.279821030148087
mp-1183704,CoRh3,m-3m,221,Pm-3m,cubic,2,"Co,Rh",4,53.42919509637539,11.426275112750814,1,0,0,CoRh3,0.0,-0.2,0.0,2.428083461459548,0,FM,0.49388702422802266,0.1333211455161039,0.3727918302558735,0.49388702422802266,0.12109519397214918,0.8964946202096941,False,True,474.7558192504844,200.7787420582946,7.746888018713662,28.922075415208525,474.7558192504844,0.0,7.746888018713662,,234.47573880455874,26.768051886494188,261.24379069105294,5.432043534619574,8.75,False,129.3594204862248,0.00012935942048622478,0.0002623295328406539,Easy-Axis (Uniaxial),10484.7147774905,10.4847147774905,131.75481423938837,0.7414294886466909,Hard Magnet,43.083540186005266,3.8445547635620336,492.2843829965515,0.6186228004395802,76.13458590549939,9.567354416457245,5.840572948097836,185.70962823288096,13.67396058166058,0.9249466668087878,0.020610002289112105,Soft / Non-Viable,228.57329961721717,23.386169147683557
mp-974000,Lu2Fe17C3,-3m,166,R-3m,trigonal,3,"C,Fe,Lu",22,264.09916899497165,8.395972883716786,1,0,0,Lu2Fe17C3,0.1328617328999483,-0.1335691335500258,0.0,2.3088925430221163,0,FM,0.9105986429924505,0.08744923967787525,0.0019521173296742189,0.9105986429924505,0.8231494033145753,0.2826716660104113,True,False,664.7858967430607,213.49448991677178,2.9365745463143753,17.601002644687185,664.7858967430607,0.0,2.9365745463143753,,605.3531354547504,18.669930818637496,624.0230662733878,3.0853870540328177,1.0,False,9331.9149963347,0.0093319149963347,0.014705145065246816,Easy-Axis (Uniaxial),27118.435809568728,27.118435809568727,340.78032148507265,8.754869549149838,Hard Magnet,86.27408615757386,3.1212855590656545,724.3548879464358,0.9102511978257523,76.1220160074552,9.565774836452478,1.456122806760307,391.43992029779673,12.079682541420084,1.8334895689832313,0.11896769850331138,Semi-Hard (0.1 <= kappa < 1.0),599.4850272153597,17.1597838169183
mp-3868,Pr6Fe13Ag,4/mmm,140,I4/mcm,tetragonal,3,"Ag,Fe,Pr",40,765.056670216036,7.289765248801156,1,0,0,Pr6Fe13Ag,0.0,-0.2,0.0,2.004685443420318,0,FM,0.6271123769093355,0.3696879529659015,0.003199670124762967,0.6271123769093355,0.257424423943434,0.6179480511222091,False,True,430.53023374057506,265.231490915987,10.302984236309953,48.293183777915445,430.53023374057506,0.0,10.302984236309953,,269.99083821238384,98.05288693882534,368.0437251512092,18.986584035796163,3.465,False,1281.8761751995837,0.0012818761751995837,0.0009219151960430392,Easy-Axis (Uniaxial),62334.261010475595,62.33426101047559,783.3154410472662,5.6234328676068275,Hard Magnet,67.48362032222464,2.748759692978041,491.9397502882446,0.6181897222057386,76.0280243931626,9.553963501624592,6.524078159286287,360.58869977110487,61.34159526943827,1.3595244611633337,0.06492413760823745,Soft / Non-Viable,261.0263374136036,78.98153742837196
mp-1219085,SmY3Fe34,-6m2,187,P-6m2,hexagonal,3,"Fe,Sm,Y",38,520.2099275409407,7.392186710185888,0,0,0,SmY3Fe34,0.0,-0.2,0.0,2.032851345301119,0,FM,0.9268036554236941,0.07123155769750351,0.0019647868788023872,0.9268036554236941,0.8555720977261906,0.2465617940213263,True,False,407.5596628886242,303.62361559687304,6.857062827202839,30.328467206043655,407.5596628886242,0.0,6.857062827202839,,377.7277853684254,21.62758309271329,399.35536846113865,6.712304292466796,1.1421052631578947,False,18.51127714860881,1.8511277148608807e-05,1.735632394970065e-05,Easy-Axis (Uniaxial),23473.92203172311,23.47392203172311,294.9820097538048,3.7363130143926764,Hard Magnet,91.40660948199151,13.241759264407236,675.6947238359289,0.8491030321889353,75.9103476818674,9.53917580966917,8.478021751209354,251.66650855076375,3.8226347372891922,0.8288765946483763,0.005680188284669663,Soft / Non-Viable,369.2870373146319,18.77977425462223
mp-1226692,CeCo4Cu,-6m2,187,P-6m2,hexagonal,3,"Ce,Co,Cu",6,84.93060113448958,8.590922342750389,0,0,0,CeCo4Cu,0.0,-0.2,0.0,1.8255709978344576,0,FM,0.924659437608646,0.07267904513268357,0.002661517258670496,0.924659437608646,0.8519803924759625,0.25373004524948617,True,False,706.1300138900425,161.2389920996544,2.7120460739497503,5.3065202007167045,706.1300138900425,0.0,2.7120460739497503,,652.9297815221521,11.718695983959192,664.6484775061112,2.53720280928501,7.333333333333333,False,389.8358433727009,0.0003898358433727009,0.000649382839693695,Easy-Axis (Uniaxial),68056.08491040702,68.05608491040702,855.21800216075,0.4217763837555985,Hard Magnet,57.20930268881146,6.617402051660136,491.4806766824803,0.6176128332988081,75.88619330937053,9.536140481642672,3.1814462267765897,240.9605296133966,10.173388047040632,1.4944308847110008,0.03583682321531827,Soft / Non-Viable,647.0800782364446,11.415804985153397
mp-1220174,NdFeNi4,-6m2,187,P-6m2,hexagonal,3,"Fe,Nd,Ni",6,85.4095792898411,8.454590478469687,0,0,0,NdFeNi4,0.0,-0.2,0.0,8.243225716507943,0,FM,0.9234868255862979,0.07430985949252997,0.00220331492117207,0.9234868255862979,0.8491769660937679,0.2550100366981403,True,False,433.1114067765161,116.18673315370756,6.381706364659692,3.090102837098236,433.1114067765161,0.0,6.381706364659692,,399.97267816926063,8.633819815548081,408.6064979848087,5.897893492016986,4.35,False,7236.06916717803,0.00723606916717803,0.011691270515822737,Easy-Axis (Uniaxial),74751.8517959732,74.7518517959732,939.3594920267407,9.507955662230934,Hard Magnet,58.075233126804896,0.9680477009692368,491.002313028792,0.6170117038027395,75.73854343324524,9.517586250636674,17.215625731250473,184.60291358200857,14.956829678321029,1.5888467518730456,0.15454782045763202,Semi-Hard (0.1 <= kappa < 1.0),391.64154046443724,8.502452551785257
mp-1217733,Tb2Ga3Co14,3m,160,R3m,trigonal,3,"Co,Ga,Tb",19,248.92519145068803,9.019533167410254,0,1,0,Tb2Ga3Co14,0.0,-0.2,0.0,1.9166507980746788,0,FM,0.92774658056063,0.07031675655911235,0.0019366628802576912,0.92774658056063,0.8574298240015177,0.2442616879894716,True,False,733.2233073018774,176.01680540504952,3.5239746223038537,8.331777038273472,733.2233073018774,0.0,3.5239746223038537,,680.2454161366728,12.376930855979518,692.6223469926523,3.3214335541161137,7.894736842105263,False,3278.8724799225465,0.0032788724799225465,0.0005161928424521631,Easy-Axis (Uniaxial),59335.77854040517,59.335778540405165,745.6353983156937,8.097636232058118,Hard Magnet,54.31157535998704,7.295652389513911,489.86505533370456,0.6155825836346895,75.38809909866801,9.473548115901147,4.12539566820863,306.9760476832811,26.725155489974412,1.7440155613372734,0.10427516153184452,Semi-Hard (0.1 <= kappa < 1.0),672.3476295239774,11.88194238241985
mp-1212172,Pr4Co,m-3m,227,Fd-3m,cubic,2,"Co,Pr",10,343.43956086314336,6.020223773256891,1,0,0,Pr4Co,0.0,-0.2,0.0,1.2792975518170893,0,FM,0.7968067515811782,0.18384656235790275,0.019346686060919036,0.7968067515811782,0.6129601892232754,0.5176428396615532,False,True,367.7368967516745,107.4949174987575,15.323149947292364,12.28087223304707,367.7368967516745,0.0,15.323149947292364,,293.0152421372449,19.762571053092934,312.77781319033784,12.416590317595533,9.6,False,3606.8104257543578,0.0036068104257543578,0.001187475732756994,Easy-Axis (Uniaxial),41165.16919310305,41.165169193103054,517.296782532833,22.25043310461991,Hard Magnet,81.28994052096921,10.871968134014494,489.38363245097753,0.6149776097980314,75.23999413974512,9.45493669750309,2.2990311417357163,140.77123788225302,15.558908984110026,1.3095618021557172,0.10947306713447955,Semi-Hard (0.1 <= kappa < 1.0),278.7761464892987,18.619266865831516
mp-1226594,CePuFe4,-43m,216,F-43m,cubic,3,"Ce,Fe,Pu",6,85.33605437949774,11.821156362895827,0,0,0,CePuFe4,0.0,-0.2,0.0,3.250817999796353,0,FM,0.925619306242344,0.07041391833311032,0.003966775424545567,0.925619306242344,0.8552053879092337,0.2551513926743042,True,False,433.07997539302056,188.35829457220615,3.7997973169408965,17.93636162281291,433.07997539302056,0.0,3.7997973169408965,,400.8671863707391,13.263045571371261,414.13023194211036,3.7370505645522134,1.7499999999999998,False,21.682454549136185,2.1682454549136185e-05,4.655356426890651e-05,Easy-Axis (Uniaxial),23920.30079907229,23.92030079907229,300.5913708876682,1.4875766287018897,Hard Magnet,75.49296098911533,4.220913102566726,892.4140961503272,1.1214406273703372,75.20959676277751,9.451116850382087,6.209194876249764,414.21444837264846,55.65602351295561,2.1990772921012063,0.004654605397214898,Soft / Non-Viable,395.8533118630083,12.17148480649218
mp-1225304,Dy2Fe3Ni,-3m,166,R-3m,trigonal,3,"Dy,Fe,Ni",6,95.94193931617323,9.540523160385606,1,0,0,Dy2Fe3Ni,0.0,-0.2,0.0,10.494575476424169,0,FM,0.9204280515488293,0.07743768102505848,0.0021342674261122336,0.9204280515488293,0.8429903705237709,0.2617401891203995,True,False,542.2551972451565,254.95847979087955,9.821130570568755,42.92973991257577,542.2551972451565,0.0,9.821130570568755,,499.10689464258553,19.743393432679948,518.8502880752654,9.631545260387021,4.05,False,236.1251095617645,0.0002361251095617645,2.291455739130679e-05,Easy-Axis (Uniaxial),22202.798645249382,22.20279864524938,279.008601872482,4.929322661653444,Hard Magnet,51.2551407946483,4.566114260388726,489.00085784016716,0.6144966010359104,75.12234126160679,9.440152000510546,16.782714444634887,398.90779828872354,49.69321842724071,1.5645990618390617,0.028032158056161684,Soft / Non-Viable,483.2855270943852,16.25440626560181
mp-1218090,Ta3AlFe8,3m,156,P3m1,trigonal,3,"Al,Fe,Ta",12,151.82931412692605,11.11827064264492,0,1,0,Ta3AlFe8,0.0,-0.2,0.0,3.057524426727353,0,FM,0.8287905422640077,0.16768017711645566,0.0035292806195366473,0.8287905422640077,0.6611103651475521,0.4323557860063356,True,False,389.6752959242487,199.18988475583194,9.673517995148131,16.22640707533718,389.6752959242487,0.0,9.673517995148131,,322.95919981594574,33.40019515566429,356.35939497161,8.46642964674529,1.575,True,788.0194315389906,0.0007880194315389906,0.001345728541586886,Easy-Axis (Uniaxial),25064.1460633412,25.064146063341198,314.9653546831936,0.4616324789563694,Hard Magnet,81.13738644991537,3.1326115938563817,902.1074217870297,1.1336216196139846,74.85317588633512,9.406327681231273,9.275743181864291,341.81045689628934,58.27324931299498,1.716003085775578,0.027759093232401378,Soft / Non-Viable,312.8706664103636,30.893724413620827
mp-1024962,HoInCo4,-43m,216,F-43m,cubic,3,"Co,Ho,In",6,86.88347689090315,9.852005657124886,0,0,0,HoInCo4,0.0,-0.2,0.0,2.093551202139038,0,FM,0.9278633061536067,0.07012246677323537,0.002014227073157926,0.9278633061536067,0.8577408393803713,0.24423955314624002,True,False,427.5487270730771,85.26280077430306,0.4006095557239462,11.969259788786232,427.5487270730771,0.0,0.4006095557239462,,396.70677544379134,5.978837914289054,402.6856133580804,0.9179417331879017,8.166666666666666,False,2953.232184407239,0.002953232184407239,0.0013645333569501747,Easy-Axis (Uniaxial),55594.89618904545,55.59489618904545,698.6260833505444,26.295019190843426,Hard Magnet,53.651000402572734,1.8466601168116945,528.5699594765562,0.6642206006399214,74.80889006970796,9.400762561276194,2.735382944992726,269.27329818043415,12.10467270215915,3.1581568484152953,0.09171521476559555,Soft / Non-Viable,396.1777334911194,5.641231110819165
mp-1217382,ThFe4Co,-6m2,187,P-6m2,hexagonal,3,"Co,Fe,Th",6,90.09984206774152,9.479487804577705,0,0,0,ThFe4Co,0.0,-0.2,0.0,4.621250304731632,0,FM,0.9227069100021238,0.07532018245412284,0.0019729075437534237,0.9227069100021238,0.8473867275480009,0.25604318026519746,True,False,667.2041926453462,218.10193739496867,6.535148022573765,12.119838260861755,667.2041926453462,0.0,6.535148022573765,,615.6339189362492,16.427477718186715,632.061396654436,6.098733081850886,1.4166666666666665,False,747.748327869147,0.000747748327869147,0.001330257037328383,Easy-Axis (Uniaxial),17570.074794757984,17.570074794757986,220.7920758822564,8.351492987996009,Hard Magnet,104.64292516493606,1.2121003946736835,991.9613329363488,1.246535374479189,74.72775248634537,9.390566511645238,0.6018688929524098,364.14457347472,8.511442949505096,1.6696072388173124,0.024591105315380623,Soft / Non-Viable,602.5089679675946,15.488865023538679
mp-1211224,LaCo3Ni2,6/mmm,191,P6/mmm,hexagonal,3,"Co,La,Ni",6,86.83072338563176,8.282390352370816,1,0,0,LaCo3Ni2,0.0,-0.2,0.0,2.3811872263066096,0,FM,0.9313004025435331,0.066360824044895,0.002338773411571971,0.9313004025435331,0.8649395784986381,0.23708634975952905,True,False,588.3164291910246,283.9321166570534,12.147431971867888,6.663581426028884,588.3164291910246,0.0,12.147431971867888,,547.8993273285752,18.841969234173323,566.7412965627485,11.321547393278312,7.0,False,8683.469602404968,0.008683469602404969,0.004216043766325085,Easy-Axis (Uniaxial),10326.242791991735,10.326242791991735,129.76339649893035,10.174991631884655,Hard Magnet,62.25243076813938,6.370223574545225,515.5989320056698,0.6479207267951022,74.64784189307451,9.380524650139607,10.485201806618413,236.28732106521994,1.9485398403740106,0.8321965258710725,0.16122400414528704,Semi-Hard (0.1 <= kappa < 1.0),526.5774482276896,18.2344359893109
mp-1188906,Sm2Ga2Co15,-3m,166,R-3m,trigonal,3,"Co,Ga,Sm",19,251.262305913992,8.751117375598783,1,0,0,Sm2Ga2Co15,0.0,-0.2,0.0,1.859612442314741,0,FM,0.92770598970153,0.07042417934242046,0.0018698309560496586,0.92770598970153,0.8572818103591096,0.2441373506436747,True,False,985.9672618747526,173.05419182194635,20.14622442182906,0.3210315937102308,985.9672618747526,0.0,20.14622442182906,,914.6877344908249,12.187199440826381,926.8749339316513,18.68978674029743,8.0,False,7283.363033138096,0.007283363033138097,0.00805965309164484,Easy-Axis (Uniaxial),136545.5858584555,136.5455858584555,1715.882470986518,5.706158050638947,Hard Magnet,55.701151102434274,6.638879426329986,487.44731125336585,0.6125443568182686,74.64577493862184,9.380264908977608,6.999140159055718,330.13329557487583,0.8456265669043432,1.907687367171935,0.15618285865979814,Semi-Hard (0.1 <= kappa < 1.0),857.1280852767013,12.167668410917907
mp-1213839,CeCo5H3,mmm,66,Cccm,orthorhombic,3,"Ce,Co,H",18,177.95289697269106,8.170629864021217,1,0,0,CeCo5H3,0.0,-0.2,0.0,1.7362588461045083,0,FM,0.8832982005969852,0.11191772189566924,0.0047840775073455105,0.8832982005969852,0.7713804787013159,0.34613503558880904,True,False,392.7985843934115,186.93717399349063,1.6607090058718654,0.48261524768378194,392.7985843934115,0.0,1.6607090058718654,,346.9582827917434,20.921582650965817,367.8798654427092,1.4678953576362845,5.5888888888888895,False,1236.08425992151,0.00123608425992151,0.0028166047031359396,Easy-Axis (Uniaxial),18019.940302583316,18.019940302583315,226.44525269003043,0.007850695086922358,Hard Magnet,72.31300312576164,4.902061089385434,590.8427828964077,0.7424749384695614,74.59310522399024,9.373646237306895,12.675414766997504,202.16920735236494,30.39751140199246,1.0814820992180223,0.0530819869743153,Soft / Non-Viable,345.04820061102794,20.87121880879148
mp-1226123,ErThFe14B,4/mmm,136,P4_2/mnm,tetragonal,4,"B,Er,Fe,Th",68,918.2360855189386,8.622007989346821,1,0,0,ErThFe14B,0.0,-0.2,0.0,2.371052197070376,0,FM,0.9284457586762785,0.06968536593056343,0.0018688753931580724,0.9284457586762785,0.8587603927457151,0.2423943264150705,True,False,538.3949064861621,161.4190344336235,4.931144779978126,4.390767778017548,538.3949064861621,0.0,4.931144779978126,,499.8704674199888,11.248544482665272,511.1190119026541,4.588513276918013,0.6823529411764706,False,5407.943190389596,0.005407943190389596,0.016307210664324258,Easy-Axis (Uniaxial),172043.4722986268,172.0434722986268,2161.962076686112,22.578348739774114,Hard Magnet,104.00993033286672,5.388867405247112,896.7744503013831,1.12692000999754,74.44838341665123,9.355459958283571,5.251031490436166,363.8094332010046,5.910387462281932,2.2538199071597425,0.07315228593616863,Soft / Non-Viable,491.78689285478043,11.006900756771916
mp-1219008,SmMnCo3Cu,-6m2,187,P-6m2,hexagonal,4,"Co,Cu,Mn,Sm",6,87.57995140188274,8.449521227005619,0,0,0,SmMnCo3Cu,0.0,-0.2,0.0,4.964093720865801,0,FM,0.9172264650177576,0.08013520758322525,0.00263832739901712,0.9172264650177576,0.8370912574345324,0.2705039789366237,True,False,474.4401828853829,213.2031207523258,4.55598501089375,11.950504509446446,474.4401828853829,0.0,4.55598501089375,,435.1690918103382,17.085076338879066,452.25416814921726,4.287197221496172,6.016666666666667,False,71995.0218234103,0.07199502182341029,0.07581378900408597,Easy-Axis (Uniaxial),586256.1432358623,586.2561432358623,7367.11211396721,59.29519831909925,Hard Magnet,57.60458281242428,1.1475991907402836,486.73114524638197,0.611644396071752,74.42659434588387,9.352721862844328,8.327883161361319,266.766090482775,36.22550244573287,1.25122976409277,0.49176448931641503,Semi-Hard (0.1 <= kappa < 1.0),428.65920871143527,16.12176048216729
mp-1219372,Sm2HfCo16,-3m,164,P-3m1,trigonal,3,"Co,Hf,Sm",38,502.7398021475589,9.394604848034357,1,0,0,Sm2HfCo16,0.0,-0.2,0.0,1.9963535302073008,0,FM,0.9279142749093472,0.0702033077602269,0.0018824173304259402,0.9279142749093472,0.8577109671491203,0.24368975259382625,True,False,893.5391297216108,165.91826370319268,46.57282699408256,2.693770306639294,893.5391297216108,0.0,46.57282699408256,,829.1277136587577,11.64801092979772,840.7757245885554,43.216004765211025,7.794736842105262,False,50011.64606898274,0.05001164606898274,0.01824899570294846,Easy-Axis (Uniaxial),322513.8462730668,322.5138462730668,4052.8285992639226,10.023036371424473,Hard Magnet,54.37691594174859,4.266889654672482,510.849638127508,0.6419525880921534,74.4258293091691,9.352625725493548,24.842437893915847,345.8186572919644,21.404819783510874,2.084271192173222,0.39051484919510854,Semi-Hard (0.1 <= kappa < 1.0),717.7086451208545,11.493210582817984
mp-1201769,Sm6InFe13,4/mmm,140,I4/mcm,tetragonal,3,"Fe,In,Sm",40,739.7229808167708,7.8252487275339,1,0,0,Sm6InFe13,0.0,-0.2,0.0,2.1519434000718225,0,FM,0.9167304022284185,0.08133613829602099,0.0019334594755605178,0.9167304022284185,0.8353942639323975,0.2693116886243292,True,False,457.7743143500787,196.4897132103292,8.687586686241758,19.381510769125697,457.7743143500787,0.0,8.687586686241758,,419.65563132398614,15.981714487420838,435.637345811407,8.118692761410108,3.415,False,540.8133411944547,0.0005408133411944546,0.00016788826764462875,Easy-Axis (Uniaxial),77170.45711314789,77.17045711314789,969.7525834026626,15.568282845117112,Hard Magnet,62.18893014203974,0.4802278457670326,486.64384646069107,0.6115346931822345,74.39989883359029,9.349367205766944,16.12906452870729,357.9114172948316,51.509675100927865,1.8215275061840575,0.04262923411686208,Soft / Non-Viable,407.845001960382,14.56979162135481
mp-1218027,TaAlFe4,-3m,164,P-3m1,trigonal,3,"Al,Fe,Ta",12,152.17602814818352,9.41286415598986,1,0,0,TaAlFe4,0.0,-0.2,0.0,2.588537642897212,0,FM,0.8926617143906468,0.10434049284573461,0.0029977927636186145,0.8926617143906468,0.7883212215449121,0.3227671015115977,True,False,463.1143503505833,196.9671709309819,16.841698745783418,19.853376248631378,463.1143503505833,0.0,16.841698745783418,,413.40444994286236,20.551651689368704,433.9561016322311,15.175984325678037,1.0833333333333333,True,220.33552933901584,0.00022033552933901584,0.0005137135541933745,Easy-Axis (Uniaxial),18561.22937585311,18.56122937585311,233.24729192638452,1.4283889223932185,Hard Magnet,76.10778207492959,4.590206870281207,716.3922138849923,0.9002450064920079,74.38401186292137,9.347370790114509,8.47446701314752,356.42728405214916,81.37635008498728,1.8095771105787104,0.018483596428224232,Soft / Non-Viable,391.4299647861903,18.695779923913395
mp-1220467,Nd2FeCo17Si8,mmm,69,Fmmm,orthorhombic,4,"Co,Fe,Nd,Si",28,345.33716974883004,7.553496647739542,1,0,0,Nd2FeCo17Si8,0.0,-0.2,0.0,8.40326502061024,0,FM,0.9298206912881649,0.06779132347297982,0.0023879852388553587,0.9298206912881649,0.8620293678151851,0.24077851544826612,True,False,993.9636774000709,156.2565817465424,16.843621167018455,18.69896917087634,993.9636774000709,0.0,16.843621167018455,,924.2079936354604,10.59284047796197,934.8008341134224,15.712763913297858,5.603571428571428,False,12968.579388447024,0.012968579388447024,0.011731721001132229,Easy-Axis (Uniaxial),54502.668186303184,54.50266818630318,684.9007412060622,0.9620619944690003,Hard Magnet,64.40369455570197,9.757575377362365,486.47309092853624,0.6113201154520835,74.34769652769117,9.34280727041098,12.64517372944003,340.33046721008014,45.284782937119246,2.1780232448839607,0.2088249797814827,Semi-Hard (0.1 <= kappa < 1.0),875.0764716973242,9.687142576045206
mp-1227640,Ce4AlCo25,mmm,65,Cmmm,orthorhombic,3,"Al,Ce,Co",30,404.6010893521441,8.457708534675344,1,0,0,Ce4AlCo25,0.0,-0.2,0.0,1.7972630636185103,0,FM,0.9334465715746838,0.06430790450156136,0.0022455239237548826,0.9334465715746838,0.8691386670731225,0.23160902320686344,True,False,761.8865494047659,102.68726136174453,84.43230197205492,7.026406246840004,761.8865494047659,0.0,84.43230197205492,,711.1803874707447,6.6036025971779395,717.7839900679226,78.81433808570104,8.003333333333334,False,15250.54645134659,0.01525054645134659,0.018552287633127475,Easy-Axis (Uniaxial),60123.77894301285,60.123778943012844,755.5377036114976,2.7118668100462147,Hard Magnet,63.13763779230278,8.533229818808547,533.9997380151998,0.6710438615869704,74.19422234128179,9.323521134974733,7.506481152930142,231.90123653152352,16.637274000416127,2.2583252630975004,0.20629881185980148,Semi-Hard (0.1 <= kappa < 1.0),554.9848832857248,6.379478557246834
mp-1191404,Ce2Fe17C3,-3m,166,R-3m,trigonal,3,"C,Ce,Fe",22,274.51717887693246,7.655719674484296,1,0,0,Ce2Fe17C3,0.0,-0.2,0.0,2.105322910483182,0,FM,0.9274757804258666,0.07063991029469532,0.0018843092794381614,0.9274757804258666,0.8568358701311714,0.2447250405019298,True,False,684.2945679010202,188.06458818545275,7.154867955569841,16.262310653625306,684.2945679010202,0.0,7.154867955569841,,634.6666384051799,13.284865639029201,647.9515040442092,6.734665759001453,1.0,False,5635.988505839234,0.005635988505839234,0.0015619689134165771,Easy-Axis (Uniaxial),28894.52548359885,28.894525483598848,363.0993230068617,5.937513024508848,Hard Magnet,95.1663596811852,4.937563817981825,728.5669721602986,0.9155442589547814,73.93454635936519,9.29088928805668,13.027809576804025,409.56573571893773,14.070870378304306,2.1777929575718957,0.09192013165320449,Soft / Non-Viable,619.8827086442122,12.285881528665245
mp-1188546,Th2Co7,-3m,166,R-3m,trigonal,2,"Co,Th",18,265.09623038660175,10.981994239348046,1,0,0,Th2Co7,0.0,-0.2,0.0,2.33367377586146,0,FM,0.9263186904062957,0.07166661932434631,0.00201469026935788,0.9263186904062957,0.8546520710819494,0.24785563127528515,True,False,599.1356426008725,218.21686296556783,0.4009548093218882,19.059019329007725,599.1356426008725,0.0,0.4009548093218882,,554.9905438297747,15.638864848306396,570.6294086780811,1.4154918915228074,6.2444444444444445,False,2241.8091422299053,0.0022418091422299054,0.002815295095654661,Easy-Axis (Uniaxial),30145.558264565607,30.145558264565608,378.82026488861237,0.8872260601593623,Hard Magnet,83.51011904114193,13.529008369247371,917.1076462370903,1.152471457587788,73.86237927047874,9.281820504029437,4.936280096293321,278.72070411710604,8.187703720401174,1.2772647371485908,0.04605471208544627,Soft / Non-Viable,554.2497801134343,14.278220450551888
mp-1101922,EuFe2,6/mmm,194,P6_3/mmc,hexagonal,2,"Eu,Fe",12,223.7329036015404,7.827329116628324,1,0,0,EuFe2,0.0,-0.2,0.0,2.1525155070727893,0,FM,0.9160116261538749,0.0819342624585033,0.0020541113876218257,0.9160116261538749,0.8340773636953716,0.271301492459528,True,False,569.3954129478358,224.3501595224152,8.626549134670427,9.124287222817529,569.3954129478358,0.0,8.626549134670427,,521.5728181389042,18.38196485291665,539.9547829918208,7.937304482524759,3.4,False,32.413428918871475,3.241342891887147e-05,1.315387779819335e-05,Easy-Axis (Uniaxial),31838.889917260487,31.838889917260488,400.0992984227883,3.852698427068803,Hard Magnet,61.79030182215227,3.697137358709764,483.65302857778465,0.607776320586569,73.48821453738918,9.23480157604774,18.10037953872068,386.9311146813248,38.226074416264,1.7246750147403656,0.010500830406100583,Soft / Non-Viable,506.99411920454753,17.579942623623676
mp-1191346,Gd2Fe17C3,-3m,166,R-3m,trigonal,3,"C,Fe,Gd",22,270.33962571562614,7.984511757800516,1,0,0,Gd2Fe17C3,0.0,-0.2,0.0,9.182188521470591,0,FM,0.9282188450239048,0.06991011303161748,0.0018710419444777438,0.9282188450239048,0.8583087319922873,0.24293596134184092,True,False,693.7441443760902,231.24305006412158,10.954366151639306,4.476816020066721,693.7441443760902,0.0,10.954366151639306,,643.9463884348716,16.16622776775872,660.1126162026303,10.172864671052595,1.0,False,7454.3419646224875,0.0074543419646224875,0.0031872261492637615,Easy-Axis (Uniaxial),130377.52116225107,130.37752116225107,1638.3722825348816,14.351530058688375,Hard Magnet,84.31419192066205,8.12598421986742,673.2076567399754,0.8459776915018823,73.21045979555007,9.199897885111207,8.980941911650238,407.9832276842104,4.177475102286081,1.7643048194143798,0.11440649409711465,Semi-Hard (0.1 <= kappa < 1.0),621.2613089222675,15.812284328774188
mp-1024940,DyInCo4,-43m,216,F-43m,cubic,3,"Co,Dy,In",6,87.76283608378726,9.707307814398009,0,0,0,DyInCo4,0.0,-0.2,0.0,9.343283771358085,0,FM,0.9281312905651251,0.0698600933939125,0.0020086160409624,0.9281312905651251,0.8582711971712126,0.24359094874013107,True,False,452.32847997290685,162.2952739426296,3.252578118202024,12.826219937750253,452.32847997290685,0.0,3.252578118202024,,419.8202158766154,11.337962995022716,431.15817887163814,3.1489935961940247,8.166666666666666,False,2657.8264269807455,0.0026578264269807453,0.0021734165579347067,Easy-Axis (Uniaxial),68323.67964182989,68.3236796418299,858.5806967955866,25.26605565685861,Hard Magnet,53.88667234255185,0.9751725023566706,523.0945155227586,0.6573399548397642,73.18116595023726,9.19621671187049,0.5814279191871536,324.07014442950197,17.30191637066966,1.996793477449373,0.08791808280735222,Soft / Non-Viable,415.317375187799,10.654667454356863
mp-1207201,TmInCo4,-43m,216,F-43m,cubic,3,"Co,In,Tm",6,86.12296392445427,10.016203371370226,0,0,0,TmInCo4,0.0,-0.2,0.0,2.128443216416173,0,FM,0.926910038478875,0.07099729878154776,0.0020926627395771494,0.926910038478875,0.8559127396973272,0.24672720367963355,True,False,449.5572823680503,106.12032928984627,13.654404154917728,0.433509118071278,449.5572823680503,0.0,13.654404154917728,,416.699157898228,7.534256725387449,424.23341462361543,12.656441703688103,8.166666666666666,False,4398.116627990477,0.004398116627990477,5.72222582536239e-05,Easy-Axis (Uniaxial),34876.82315476756,34.876823154767564,438.27509412862156,4.839521424030005,Hard Magnet,49.60849009374294,3.4024338885220615,496.88872572553447,0.6244087881563731,72.97929076388918,9.170848327282732,0.5680038481976276,258.4660231181414,17.21746005125459,2.4355938663947563,0.11906093697370569,Semi-Hard (0.1 <= kappa < 1.0),398.5588779034793,7.517961201736155
mp-1217349,ThFe4Ni,-6m2,187,P-6m2,hexagonal,3,"Fe,Ni,Th",6,90.10018739276288,9.475032070555642,0,0,0,ThFe4Ni,0.0,-0.2,0.0,3.316261224694475,0,FM,0.9216445477550999,0.07633521525375224,0.002020236991147928,0.9216445477550999,0.8453093325013477,0.25861571416294304,True,False,481.56376787077477,196.85317738104672,32.83495512586342,17.48275957473848,481.56376787077477,0.0,32.83495512586342,,443.8306210545021,15.026829668767274,458.8574507232694,30.29156966574715,0.75,False,686.1545207969524,0.0006861545207969523,0.001606333658027088,Easy-Axis (Uniaxial),14836.524642335895,14.836524642335895,186.44127090665103,8.91015757390642,Hard Magnet,83.19615866428268,0.24345503205299224,788.286271491114,0.9905897437768691,72.95146289017542,9.16735137346983,2.6120270312255154,344.8445372595147,26.3900081331835,1.7517854771122265,0.0296429942256301,Soft / Non-Viable,400.04568109740615,13.818869779057836
mp-1009820,SnC,-43m,216,F-43m,cubic,2,"C,Sn",2,32.90242381949338,6.597289933939977,0,0,0,SnC,0.098717526940971,-0.1506412365295144,0.0,0.0,0,FM,0.5675483726507011,0.09851036536893466,0.3339412619803642,0.5675483726507011,0.2336071106703369,0.8338214567688569,False,True,382.6310688759123,56.5458890710811,26.459930533270693,7.978186379661388,382.6310688759123,0.0,26.459930533270693,,217.16164046612238,5.570356192503448,222.73199665862583,15.037842489510782,1.05,True,146.8772750870258,0.0001468772750870258,0.00022250086530100887,Easy-Axis (Uniaxial),10782.488807651194,10.782488807651195,135.49675313441347,1.2779408233851486,Hard Magnet,73.0161992744303,5.6499748099562055,481.7090364877545,0.6053334280790988,72.89864559845304,9.160714156714588,6.400804845970424,125.97656603781417,17.967519526547,2.2278642728466984,0.022443344609665024,Soft / Non-Viable,199.56045458141514,5.356673494916277
mp-1220564,Nd2Co19Si3,2/m,12,C2/m,monoclinic,3,"Co,Nd,Si",24,296.8842813517638,8.347719636271966,1,0,0,Nd2Co19Si3,0.0,-0.2,0.0,6.991215195377772,0,FM,0.9305781078939427,0.06749649553546291,0.0019253965705944122,0.9305781078939427,0.8630816123584798,0.23751974995809333,True,False,762.9001963497574,116.75937622899242,23.524433144368743,10.909315008645521,762.9001963497574,0.0,23.524433144368743,,709.9382212310746,7.880848716363622,717.8190699474383,21.903702826478437,7.179166666666666,False,8379.525593531118,0.008379525593531117,0.0035924116625036156,Easy-Axis (Uniaxial),171094.78214517768,171.09478214517767,2150.040484388077,22.677401246516755,Hard Magnet,57.57105332577436,1.2883520186460977,480.5870123284271,0.6039234509366616,72.5594417401809,9.11808854191782,8.258444213235059,439.3721521761181,108.32780318483537,3.763056692889543,0.1699154045646255,Semi-Hard (0.1 <= kappa < 1.0),658.3164810748067,7.473210669752137
mp-1217307,ThFeCo4,-6m2,187,P-6m2,hexagonal,3,"Co,Fe,Th",6,86.81651772373607,10.015197363619228,0,0,0,ThFeCo4,0.0,-0.2,0.0,4.882408714764374,0,FM,0.9276624442746474,0.07037632052564545,0.0019612351997070738,0.9276624442746474,0.8572861237490019,0.24453943022861618,True,False,705.73227270856,230.35047276344028,4.971326969538779,2.326485612254885,705.73227270856,0.0,4.971326969538779,,654.6813251043249,16.211218704433836,670.8925438087587,4.614618853872189,5.366666666666666,False,1558.251355925534,0.001558251355925534,0.00220255752922795,Easy-Axis (Uniaxial),19877.03962665615,19.877039626656153,249.78225151737232,13.575366219912597,Hard Magnet,78.4071682686736,2.0804106714378605,785.263264933269,0.9867909216993174,72.47464760081425,9.107432995898744,1.9421013532906402,344.2035791781352,14.597636269412192,1.4942603548793973,0.04484340105527641,Soft / Non-Viable,644.009387646186,16.02481124048341
mp-1219230,Sm2VCo16,3m,160,R3m,trigonal,3,"Co,Sm,V",19,247.64375115849745,8.68070207218608,0,1,0,Sm2VCo16,0.0,-0.2,0.0,1.8446491903395417,0,FM,0.9278804601592949,0.07023937598798173,0.0018801638527233388,0.9278804601592949,0.8576410841713132,0.2437617780588661,True,False,893.6078629948652,182.2938093842505,56.32173099754414,5.142825357177202,893.6078629948652,0.0,56.32173099754414,,829.1612751176397,12.804203417621842,841.9654785352615,52.261082097609886,8.0,False,69997.95205799442,0.06999795205799442,0.021480382972362586,Easy-Axis (Uniaxial),246597.59536574144,246.59759536574143,3098.8368361766393,49.85964296140767,Hard Magnet,55.32811998764994,6.057748322855492,480.2869258269529,0.6035463511172724,72.46885539304736,9.106705125589864,3.989031131583195,339.1500786913715,31.885160806639732,1.860458563222459,0.4914020572991604,Semi-Hard (0.1 <= kappa < 1.0),698.1005111276986,12.483208608761485
mp-1219005,SmYCo4,-43m,216,F-43m,cubic,3,"Co,Sm,Y",6,93.69231390358824,8.418553773899992,0,0,0,SmYCo4,0.0,-0.2,0.0,1.7889426769537482,0,FM,0.9187887753726807,0.07880846024988547,0.0024027643774337725,0.9187887753726807,0.8399803151227951,0.26628440340397885,True,False,628.1464075754325,231.81078346118412,42.14769428760104,8.071140022161387,628.1464075754325,0.0,42.14769428760104,,577.1338685709803,18.268650913895538,595.4025194848758,38.73005198016543,8.666666666666666,False,1247.558166687363,0.0012475581666873629,0.002651169593104565,Easy-Axis (Uniaxial),42417.74600798321,42.41774600798321,533.0371273173577,14.61490459107093,Hard Magnet,57.02671722756685,5.009082023876601,480.0824855292606,0.6032894438623413,72.40717392574953,9.098954003658262,6.7825773694848746,338.65421023661816,16.99467699123406,1.4609079231783217,0.06563108855403847,Soft / Non-Viable,506.03924405159563,17.560004632982512
mp-1222300,LuTiFe11C,mm2,44,Imm2,orthorhombic,4,"C,Fe,Lu,Ti",14,174.0120304478393,8.103058410341742,0,1,0,LuTiFe11C,0.0,-0.2,0.0,2.2283410628439797,0,FM,0.9259210329431704,0.07218042944230744,0.001898537614522205,0.9259210329431704,0.853740603500863,0.24839949810707873,True,False,605.3920315659182,205.49562972970745,23.950032346162004,7.958083210861346,605.3920315659182,0.0,23.950032346162004,,560.5452152030794,14.832762802407684,575.3779780054871,22.183276977079526,0.807142857142857,False,3515.2459718058567,0.003515245971805857,0.003902232782217265,Easy-Axis (Uniaxial),33432.45990444557,33.432459904445565,420.1246898707079,2.842465518370735,Hard Magnet,110.38746994364315,10.006838776979336,894.4761167231838,1.1240318388436323,72.30593235443104,9.086231612343422,2.589353058373462,331.7194703751295,5.366325944278998,1.6142409977839765,0.0591294961841847,Soft / Non-Viable,519.103404136197,14.265146680898999
mp-1218133,Ta3Co8Si,3m,156,P3m1,trigonal,3,"Co,Si,Ta",12,149.5352316353865,11.575446840552644,0,1,0,Ta3Co8Si,0.0,-0.2,0.0,2.4597824536174366,0,FM,0.9203887945589634,0.07517035456444118,0.004440850876595402,0.9203887945589634,0.8452184399945222,0.26847602613708416,True,False,371.3524500474987,168.41684647935432,35.22701401637528,4.172385276848999,371.3524500474987,0.0,35.22701401637528,,341.788633855735,12.659954064478121,354.44858792021313,32.4240659284225,6.841666666666667,True,3158.3011301795696,0.0031583011301795695,0.0058227005127200904,Easy-Axis (Uniaxial),49195.20707501766,49.195207075017656,618.2052165646589,1.9872060006146919,Hard Magnet,65.15893489726983,3.462555352399619,754.2437870903775,0.9478106962155496,72.29634034650292,9.085026245054399,9.468515603138908,288.8698720421251,28.191340483797717,1.715207700896696,0.06646761480861949,Soft / Non-Viable,305.8720982185277,12.401240302219879
mp-1210178,Nd4Fe,m-3m,227,Fd-3m,cubic,2,"Fe,Nd",10,333.1080463452094,6.309128352495493,1,0,0,Nd4Fe,0.0,-0.2,0.0,5.678215517245944,0,FM,0.8309909238916112,0.16295598654104998,0.006053089567338632,0.8309909238916112,0.6680349373505612,0.4372861380077801,True,False,476.7438662471086,217.62199725125745,9.958312447045358,8.056201065727095,476.7438662471086,0.0,9.958312447045358,,396.1698258723435,35.462807255112324,431.63263312745585,8.378753387951141,8.02,False,30.134101875485747,3.0134101875485746e-05,5.5337017319920335e-05,Easy-Axis (Uniaxial),37877.32235739734,37.87732235739734,475.9804798694572,12.354144353451026,Hard Magnet,75.97269661067301,9.995721808287982,479.3214942019353,0.602333153956993,72.17780684050757,9.07013088509946,2.3817424008738297,182.4124987039007,22.740415771490973,0.8382079983086208,0.010216385913409577,Soft / Non-Viable,383.4417177697341,34.08964219615762
mp-1215205,ZrTaCo4,-43m,216,F-43m,cubic,3,"Co,Ta,Zr",6,79.68077939948355,10.584679737984532,0,0,0,ZrTaCo4,0.0,-0.2,0.0,2.2492444443217128,0,FM,0.9104429484622363,0.0840966174105202,0.005460434127243453,0.9104429484622363,0.8263463310517161,0.2931671310658629,True,False,363.35941148702284,215.79480189905445,44.17283983975503,9.779727285957108,363.35941148702284,0.0,44.17283983975503,,330.818013945748,18.14761289448378,348.9656268402318,40.22525921145376,6.35,True,1932.0031519099741,0.001932003151909974,0.002087780244443554,Easy-Axis (Uniaxial),41209.03360783527,41.20903360783527,517.8479990358486,0.7409193718826945,Hard Magnet,65.2118230404428,2.4107144728171868,690.2462620132077,0.8673890343634035,71.88127279630142,9.032867317382848,11.848624724101843,280.45006066002486,37.7387060014606,1.2996145328431736,0.056806092920783834,Soft / Non-Viable,288.3591983316653,17.301588794370215
mp-978695,SmFeP,4/mmm,129,P4/nmm,tetragonal,3,"Fe,P,Sm",6,108.60586190603664,7.252731919016005,1,0,0,SmFeP,0.0,-0.6,0.5,1.9945012777294016,0,FM,0.7004328957298919,0.28691196265474916,0.012655141615358976,0.7004328957298919,0.4135209330751427,0.6034207032329806,False,True,366.2975917369954,184.31562317942692,44.94001113195125,3.486804887735559,366.2975917369954,0.0,44.94001113195125,,256.5668828792294,52.88235719434255,309.44924007357196,31.49335540171749,3.4,False,444.8049885783106,0.0004448049885783106,0.00031713085199020077,Easy-Axis (Uniaxial),46285.06188765383,46.285061887653825,581.6352528882085,15.097979848540094,Hard Magnet,89.16760157407731,4.0104023607809935,646.7087100784123,0.8126781330379486,71.79516984863642,9.022047301659178,8.250000817878796,116.80695397522337,1.1471132702549696,0.6337333317725028,0.029091839469111574,Soft / Non-Viable,223.14043711886225,51.976202804420616
mp-1025066,ErInCo4,-43m,216,F-43m,cubic,3,"Co,Er,In",6,86.77593503630554,9.90877677779129,0,0,0,ErInCo4,0.0,-0.2,0.0,2.105615065280649,0,FM,0.9272886942204092,0.0706706513869448,0.002040654392645916,0.9272886942204092,0.8566180428334643,0.24567349477298867,True,False,458.1610369113457,101.03871925756995,15.090097236333207,12.967902528307832,458.1610369113457,0.0,15.090097236333207,,424.84754966019045,7.140472105235112,431.9880217654256,14.022855461634427,8.166666666666666,False,3401.5857224323017,0.003401585722432302,0.0014923140564617973,Easy-Axis (Uniaxial),38866.83547946116,38.86683547946116,488.41506873064895,12.64876326067352,Hard Magnet,52.48632809721416,1.341136219800127,520.0753090012103,0.6535459080286575,71.7803049737938,9.020179326358805,4.539644667137998,267.86347111814587,11.961714146955444,2.6510972534727295,0.10003904615397241,Semi-Hard (0.1 <= kappa < 1.0),404.50101737872177,6.70567913799686
mp-1206795,SmFe2SiC,mmm,63,Cmcm,orthorhombic,4,"C,Fe,Si,Sm",10,136.1012299566255,7.372829323961473,1,0,0,SmFe2SiC,0.0,-0.2,0.0,2.027528064089405,0,FM,0.6646076930512594,0.2973490618283619,0.03804324512037877,0.6646076930512594,0.36725863122289754,0.6886278073638528,False,True,389.4517226532578,144.1044489788896,3.1726122194654636,9.579443857903613,389.4517226532578,0.0,3.1726122194654636,,258.83261094742056,42.84932270916587,301.6819336565864,3.543946124417922,2.08,False,8503.18805605987,0.008503188056059869,0.008984344882568588,Easy-Axis (Uniaxial),291741.9278347297,291.7419278347297,3666.137260140712,52.74149888396893,Hard Magnet,66.7439545852363,4.486444538345069,492.09178556318295,0.6183807753668717,71.77205331457522,9.019142392259418,0.5641703654158147,288.3765878066438,31.44940185509654,2.0011636687836694,0.16716287987200656,Semi-Hard (0.1 <= kappa < 1.0),256.12400380023706,40.89076859867805
mp-1218035,Ta3AlCo8,3m,160,R3m,trigonal,3,"Al,Co,Ta",12,151.14896812604223,11.439733760590236,0,1,0,Ta3AlCo8,0.0,-0.2,0.0,2.430943424125425,0,FM,0.9167970873474696,0.07946005785282484,0.003742854799705704,0.9167970873474696,0.8373370294946447,0.2746999405219507,True,False,420.7889581503186,157.23880806874922,18.716953206849325,0.603613664380859,420.7889581503186,0.0,18.716953206849325,,385.77809122018834,12.494204785852034,398.2722960060404,17.159715215206084,6.841666666666667,True,5081.669535787213,0.005081669535787213,0.007335994243854977,Easy-Axis (Uniaxial),33972.09202102595,33.97209202102595,426.9059071748065,2.0957764841888324,Hard Magnet,62.51929674521188,8.558172550033966,715.2041096645596,0.8987519906957637,71.53880071489868,8.989831005547007,4.902995236315866,330.70142508106335,48.1741516410961,2.103179419526453,0.08891361671200189,Soft / Non-Viable,363.1229095332898,12.456609886156306
mp-1221744,Mn7Sb4,-6m2,187,P-6m2,hexagonal,2,"Mn,Sb",11,186.4003226264765,7.764666489741958,0,0,0,Mn7Sb4,0.0,-0.6,0.5,2.911749933653234,0,FM,0.8628762148888798,0.13475033533837363,0.0023734497727465713,0.8628762148888798,0.7281258795505061,0.37473506698136017,True,False,477.5009500661866,251.02676947611278,18.763951487372708,11.124179914147334,477.5009500661866,0.0,18.763951487372708,,412.02421239895506,33.82594136581481,445.85015376476986,16.260208745713754,1.1545454545454545,True,137.61930208800226,0.00013761930208800225,0.00017923366453842968,Easy-Axis (Uniaxial),22326.14891972657,22.32614891972657,280.55866716705833,2.0430228465352,Hard Magnet,61.39213222174799,8.833518963049265,476.68943179601416,0.5990256067897003,71.38729403296121,8.970792114019359,0.8962867441977782,217.45181130400863,25.146275770956436,0.8662494910715127,0.021953270052682775,Soft / Non-Viable,387.7705215502795,32.0436450051055
mp-1220102,PrGa3Co10,mm2,42,Fmm2,orthorhombic,3,"Co,Ga,Pr",28,369.50489173653966,8.443323576304266,0,1,0,PrGa3Co10,0.0,-0.2,0.0,1.7942062599646564,0,FM,0.9269694199894518,0.07091233443336144,0.0021182455771867415,0.9269694199894518,0.8560570855560904,0.24667021068853542,True,False,632.9711234334409,133.28756092518472,7.79801497434471,5.779959783106406,632.9711234334409,0.0,7.79801497434471,,586.7448751591684,9.451732096133737,596.1966072553021,7.240132296212756,7.714285714285714,False,3415.9366726939847,0.0034159366726939848,0.00236390173457053,Easy-Axis (Uniaxial),23692.088508596906,23.692088508596907,297.7235706110901,7.311658837644351,Hard Magnet,56.38261682005936,6.855051575017569,476.05667789053666,0.598230464781309,71.19790191917542,8.946992398624312,7.840975205566973,287.57857170306204,46.96738293565325,2.157579970005468,0.1095194645385074,Semi-Hard (0.1 <= kappa < 1.0),571.8797847426738,9.186251281316153
mp-1217317,ThMnCo4,-6m2,187,P-6m2,hexagonal,3,"Co,Mn,Th",6,87.62530840170531,9.905568848157335,0,0,0,ThMnCo4,0.0,-0.2,0.0,5.8195216982924345,0,FM,0.9186038872825548,0.07930687982917581,0.002089232888269453,0.9186038872825548,0.839297007453379,0.26568067915650306,True,False,510.303747401937,181.6107560204013,11.667571186145324,5.4100664279798,510.303747401937,0.0,11.667571186145324,,468.76700605827426,14.402982403395734,483.16998846167,10.72646073279798,5.366666666666666,False,3171.5826268316205,0.0031715826268316205,0.004909625685885902,Easy-Axis (Uniaxial),28678.33548486723,28.678335484867233,360.3825993069047,7.012252223868689,Hard Magnet,63.750681217105964,4.09243269845021,631.4867619129737,0.7935496688260021,71.17140789774602,8.943663061636167,7.841855900866351,275.12600202790145,13.87227339856068,1.514921296825586,0.07955524771996444,Soft / Non-Viable,451.21826849765546,14.02363832879209
mp-1220235,NdYCo14B,4/mmm,136,P4_2/mnm,tetragonal,4,"B,Co,Nd,Y",68,869.6348569469649,8.165061029953554,1,0,0,NdYCo14B,0.0,-0.2,0.0,6.838238612586101,0,FM,0.9269032676273035,0.07121378112437395,0.0018829512483226347,0.9269032676273035,0.8556894865029295,0.24606010958987407,True,False,937.6912092198652,141.2175714724915,7.057339615885837,10.342977992730098,937.6912092198652,0.0,7.057339615885837,,869.1490458512905,10.056637225757644,879.2056830770481,6.582808613094181,7.770588235294118,False,256880.6436584768,0.2568806436584768,0.1337804791416597,Easy-Axis (Uniaxial),397645.7427071476,397.64574270714763,4996.963873155902,49.52233228932539,Hard Magnet,67.77368293972876,4.7808749785326015,553.3762574276074,0.6953931140022341,71.03563356198799,8.926601155074167,13.801983810039339,330.9717980778023,7.4591178486053025,2.3437012450130825,0.8170342011653594,Semi-Hard (0.1 <= kappa < 1.0),849.1727117859043,9.562132590996427
mp-1197659,Dy2Nb2Fe15,6/mmm,194,P6_3/mmc,hexagonal,3,"Dy,Fe,Nb",38,529.3104590652424,8.460881779645362,1,0,0,Dy2Nb2Fe15,0.0,-0.2,0.0,8.672403824136495,0,FM,0.92737538849948,0.07067828970172395,0.0019463217987960926,0.92737538849948,0.856697098797756,0.245163963789153,True,False,459.76249073386026,241.1535696557558,4.8074930143424695,2.868338261834154,459.76249073386026,0.0,4.8074930143424695,,426.3724184618022,17.044321858734374,443.4167403205366,4.462957553776565,1.657894736842105,False,324.62733603761933,0.00032462733603761936,0.00047131314150616866,Easy-Axis (Uniaxial),168544.22245189862,168.5442224518986,2117.9892053856274,22.74054410391024,Hard Magnet,60.995085889385386,6.7353657570134615,516.0722108494048,0.648515466530533,70.88466219503292,8.907629533212468,10.55675200735439,329.7331925320324,23.42047907542556,1.3673162416908158,0.031144197002727598,Soft / Non-Viable,419.6475758308274,16.803333634779364
mp-672221,Co21(B3W)2,m-3m,225,Fm-3m,cubic,3,"B,Co,W",29,281.5450412676563,9.850423390330423,1,0,0,Co21(B3W)2,0.0,-0.2,0.0,2.093214970445215,0,FM,0.9282936881934575,0.06943901605539923,0.0022672957511433406,0.9282936881934575,0.8588546721380582,0.2440285242912355,True,False,594.9978886830561,129.05056857995436,32.11422548934826,12.41497516956808,594.9978886830561,0.0,32.11422548934826,,552.3327845529144,8.96114450358185,561.2939290564963,29.823895037307118,6.158620689655172,True,1537.2315523967047,0.0015372315523967048,0.002049200761428272,Easy-Axis (Uniaxial),15909.71112520671,15.90971112520671,199.9273302507193,3.3329585896092153,Hard Magnet,74.43347156744022,4.713821913567557,733.2012093514077,0.9213678131606137,70.76117507059568,8.892111683193205,7.188588206247375,451.32873078819296,13.560504358641907,3.4973013738298135,0.047702543952010255,Soft / Non-Viable,498.92423343723567,8.43739429993416
mp-1223872,HoCo4Ni,-6m2,187,P-6m2,hexagonal,3,"Co,Ho,Ni",6,82.13598130193382,9.286787626099631,0,0,0,HoCo4Ni,0.0,-0.2,0.0,2.669951442503644,0,FM,0.9281987830706308,0.06990194747953682,0.0018992694498323505,0.9281987830706308,0.8582968355910939,0.24307602217142316,True,False,718.0562127941974,157.71855868068843,10.866101466576652,3.607480788991552,718.0562127941974,0.0,10.866101466576652,,666.49890289188,11.024834405445729,677.5237372973257,10.089054069418406,7.666666666666666,False,507.9665727377774,0.0005079665727377774,0.0003783757213969402,Easy-Axis (Uniaxial),39213.52159049129,39.21352159049129,492.77165497333965,12.414236633630814,Hard Magnet,51.05859399981856,0.7172018916126532,474.1703189635599,0.5958599962424995,70.6347811189829,8.876228550490849,8.04592136452302,314.1148141603105,38.69101254994848,1.9916160582994964,0.04240121188362992,Soft / Non-Viable,643.2019120909584,10.829498368845599
mp-1102437,ThCo3,-3m,166,R-3m,trigonal,2,"Co,Th",12,181.3043156808472,11.233448246694929,1,0,0,ThCo3,0.0,-0.2,0.0,2.3871077524226725,0,FM,0.9206986207262822,0.07712796961418081,0.002173409659536963,0.9206986207262822,0.8435706511121014,0.2612575795580794,True,False,477.5946857004425,220.85556638135148,7.245346563267134,27.47335011262105,477.5946857004425,0.0,7.245346563267134,,439.72076839059963,17.03414141298357,456.7549098035832,6.999237162865166,6.025,False,1804.7104968562141,0.0018047104968562141,0.0020231205622678623,Easy-Axis (Uniaxial),25939.800037275814,25.939800037275813,325.9691472633625,3.927231296979748,Hard Magnet,80.04218443104179,13.327266165684712,899.1497363585185,1.1299048824884483,70.63214067030331,8.875896741917444,5.989501368878849,294.0331139615787,20.411236573618595,1.3313366684807548,0.042147014719107194,Soft / Non-Viable,429.35143523814463,14.976823794567618
mp-1227012,Ce2MgCo9,3m,160,R3m,trigonal,3,"Ce,Co,Mg",12,169.98846245589712,8.156103191858827,0,1,0,Ce2MgCo9,0.0,-0.2,0.0,1.7331719282700009,0,FM,0.9283730705263535,0.06962907255551638,0.0019978569181301428,0.9283730705263535,0.8587439979708371,0.24298651851965267,True,False,432.38341547336216,135.68867012687656,28.262522764674827,15.769831699416628,432.38341547336216,0.0,28.262522764674827,,401.41311906767726,9.447876257225817,410.86099532490306,26.26113085470263,7.675,False,5913.556307137804,0.005913556307137803,0.0016735402069758532,Easy-Axis (Uniaxial),43835.573522394225,43.83557352239423,550.854073676811,8.377944573812979,Hard Magnet,59.27592899528382,1.2516162006614628,483.4605936788316,0.6075344997606309,70.61150699121418,8.873303837281354,6.111458292751034,266.1288812661104,8.350550050985333,1.961319843560003,0.14189214537025333,Semi-Hard (0.1 <= kappa < 1.0),366.85252616130293,8.757365367358128
mp-1215961,YFeNi4,-6m2,187,P-6m2,hexagonal,3,"Fe,Ni,Y",6,83.24736435279392,7.570391948561719,0,0,0,YFeNi4,0.0,-0.2,0.0,2.649637181996602,0,FM,0.92248898318238,0.07434881957227797,0.003162197245341927,0.92248898318238,0.848140163610102,0.26020196025287257,True,False,390.790637790277,247.83740871229043,15.871835597274242,6.851731842769439,390.790637790277,0.0,15.871835597274242,,360.5000580923464,18.426418783610995,378.9264768759574,14.650452776285386,4.35,False,19351.613926333863,0.019351613926333864,0.017921162944497287,Easy-Axis (Uniaxial),11667.15275625861,11.667152756258611,146.61376839774638,8.437199703768615,Hard Magnet,62.55659877432876,5.60727227043003,473.5779716905844,0.5951156307060379,70.45841332778207,8.854065519773632,1.2426592880144591,172.66099729180502,10.811960507729623,0.6966704428879975,0.26203672953405943,Semi-Hard (0.1 <= kappa < 1.0),342.3857566256445,17.816064307952853
mp-1225713,Gd(Co5Mo)2,mmm,71,Immm,orthorhombic,3,"Co,Gd,Mo",13,169.4025441554084,9.199110559049386,1,0,0,Gd(Co5Mo)2,0.0,-0.2,0.0,10.004032732966206,0,FM,0.9289310197067745,0.06907625366332847,0.001992726629897058,0.9289310197067745,0.859854766043446,0.24165227029676614,True,False,812.5062134979748,208.83929142309995,16.526222223386412,0.2439912929996666,812.5062134979748,0.0,16.526222223386412,,754.762225422764,14.425835869211829,769.1880612919758,15.351729713517551,6.938461538461539,False,4780.932033722321,0.004780932033722321,0.002764988043349138,Easy-Axis (Uniaxial),127515.37417854894,127.51537417854894,1602.4054820861852,32.85169700094452,Hard Magnet,67.36357858298125,0.9148981803269436,619.6850070380558,0.7787191462601981,70.45455351978583,8.8535804819864,2.8067107246459635,236.4134718415957,32.62852791507095,1.1320354049786139,0.0995360412831771,Soft / Non-Viable,715.3551640566087,14.408258421201516
mp-14127,La2Fe14C,4/mmm,136,P4_2/mnm,tetragonal,3,"C,Fe,La",68,929.4458376758344,7.658410396207892,1,0,0,La2Fe14C,0.0,-0.2,0.0,2.1060628589571704,0,FM,0.9211146033341532,0.07698152869783927,0.001903867968007562,0.9211146033341532,0.8441330746363139,0.25942688606262576,True,False,562.7916421381889,288.72518777649356,23.833829608001224,19.7684110575085,562.7916421381889,0.0,23.833829608001224,,518.3956002078945,22.22650632860517,540.6221065364997,22.006370028849183,1.2647058823529411,False,3924.5187818458476,0.003924518781845848,0.005548730581681538,Easy-Axis (Uniaxial),10320.406594019858,10.320406594019857,129.6900566708122,3.861177236683686,Hard Magnet,112.79941982597958,9.395587644613478,863.8642494815007,1.085563831947977,70.44698402696189,8.852629271446036,0.0926995744623075,282.9445063110771,15.138469259710746,0.9799786034951291,0.06469083734042519,Soft / Non-Viable,480.2422287091584,20.227207560588848
mp-1196845,Sm6TlFe13,4/mmm,140,I4/mcm,tetragonal,3,"Fe,Sm,Tl",40,743.0500452039377,8.19052459977005,1,0,0,Sm6TlFe13,0.0,-0.2,0.0,2.252394264936764,0,FM,0.9141977400460481,0.08384189932959796,0.001960360624353904,0.9141977400460481,0.8303558407164502,0.2749491349346118,True,False,461.9167117837453,193.46413501485318,10.931815008412372,19.52138742831397,461.9167117837453,0.0,10.931815008412372,,422.28321400220176,16.22040053180307,438.50361453400484,10.12697732404039,3.07,False,896.5419090297714,0.0008965419090297714,0.000965197555513158,Easy-Axis (Uniaxial),211816.43581772316,211.81643581772317,2661.7638864080895,21.103020588605183,Hard Magnet,57.81050931954465,3.941247148466651,473.4983987069662,0.5950156363457343,70.43473775382792,8.85109035934768,11.057582369649765,373.28917897235385,57.116462894295836,1.9295006743430487,0.05641074704896078,Soft / Non-Viable,407.4364799151641,14.777968308076533
mp-1102349,GdFe4B,6/mmm,191,P6/mmm,hexagonal,3,"B,Fe,Gd",12,158.4817140600462,8.20287788445849,1,0,0,GdFe4B,0.0,-0.2,0.0,9.433309567127262,0,FM,0.9269667776319324,0.0711119835905911,0.0019212387774766072,0.9269667776319324,0.8558547940413412,0.24603794896067546,True,False,539.7046422245005,132.49101962689375,14.809361386447279,20.497570962674246,539.7046422245005,0.0,14.809361386447279,,500.28827307584015,9.42169921360835,509.7099722894485,13.804954659652259,1.7499999999999998,False,3907.4593516688296,0.00390745935166883,0.004054789822707402,Easy-Axis (Uniaxial),85526.02830924072,85.52602830924071,1074.751789787244,61.99892640971688,Hard Magnet,57.61975689451694,1.9187375799216824,472.64782953790757,0.5939467796045805,70.18191406028373,8.819319596398795,3.5030544509825785,345.5497580794121,3.695402377922875,2.6080994700811444,0.11797897929693936,Semi-Hard (0.1 <= kappa < 1.0),476.7535541565803,8.545853065386606
mp-1224127,HoTiFe11C,mm2,44,Imm2,orthorhombic,4,"C,Fe,Ho,Ti",14,175.16920875999776,7.954385119520807,0,1,0,HoTiFe11C,0.0,-0.2,0.0,2.187455907868222,0,FM,0.9300244844190225,0.0681140343123941,0.001861481268583406,0.9300244844190225,0.8619104501066284,0.2386312991866761,True,False,607.0797318152274,209.39916202338532,7.218886436308367,1.483367527113117,607.0797318152274,0.0,7.218886436308367,,564.5990145826953,14.26302170704744,578.8620362897427,6.714501377495662,0.807142857142857,False,2024.4856690836723,0.0020244856690836725,0.003727993048880793,Easy-Axis (Uniaxial),192027.9646829629,192.0279646829629,2413.0946194062576,70.39838550736667,Hard Magnet,96.04781849787136,8.339113457876692,764.0013382219032,0.9600723965962807,70.1410385707846,8.814183030798114,2.1362217118401166,362.75469497078734,8.713487712797075,1.7323598216227607,0.052536157119298675,Soft / Non-Viable,551.3323296610668,14.158014015849819
mp-1184819,InC,6mm,186,P6_3mc,hexagonal,2,"C,In",4,69.37067003637554,6.071845963139771,0,1,0,InC,0.0,-0.2,0.0,0.0,0,FM,0.4779251403711477,0.08881024664527686,0.43326461298357544,0.4779251403711477,0.04466052738757226,0.8467684084227717,False,True,395.9115892812424,57.67164429680123,36.934659493594125,0.05927932140662051,395.9115892812424,0.0,36.934659493594125,,189.21610188180196,5.121832954437592,194.33793483623955,17.652003108106943,3.55,True,460.878091575841,0.000460878091575841,0.0007069757333247421,Easy-Axis (Uniaxial),18619.937362675115,18.619937362675113,233.98503826114495,5.447320009399686,Hard Magnet,77.7657496888796,1.3286678005651638,472.1816533189615,0.5933609652906928,70.04354040147356,8.801931049262254,3.0558265672645546,93.96801985588235,20.28890456254382,1.6293625923388888,0.04055822978660245,Soft / Non-Viable,168.4742989927393,5.120315310352663
mp-1225686,DyGaCo4,mmm,65,Cmmm,orthorhombic,3,"Co,Dy,Ga",6,85.28451211250342,9.11137129086078,1,0,0,DyGaCo4,0.0,-0.2,0.0,8.7696948674535,0,FM,0.9306189165194014,0.06734412779142027,0.002036955689178327,0.9306189165194014,0.8632747887279811,0.2377804374040897,True,False,523.5879674425005,179.6466496675657,0.8773325585430598,15.680505037503934,523.5879674425005,0.0,0.8773325585430598,,487.2608669639354,12.098146932513052,499.35901389644846,1.3348128668781014,8.0,False,7576.332106628068,0.007576332106628067,0.00015719814990665872,Easy-Axis (Uniaxial),98221.81324911375,98.22181324911375,1234.291731681263,12.463949865237089,Hard Magnet,51.81056091166937,3.365984371071306,472.06525725397796,0.5932146976816292,70.00901221697976,8.797592109548061,1.5959855127627192,291.3895384514385,32.76981461244904,1.6220148774867325,0.1644835728887218,Semi-Hard (0.1 <= kappa < 1.0),485.8400559661239,11.218581791070404
mp-1217796,Tb2Ti2Fe22H,m,8,Cm,monoclinic,4,"Fe,H,Tb,Ti",27,344.85729410620866,7.912168359851383,0,1,0,Tb2Ti2Fe22H,0.0,-0.2,0.0,2.1758462989591303,0,FM,0.9275604454044746,0.07055216533538075,0.0018873892601446937,0.9275604454044746,0.8570082800690938,0.2445367116641968,True,False,541.5276416668553,232.37814458792644,4.670616354784272,11.508867598829328,541.5276416668553,0.0,4.670616354784272,,502.299620503343,16.3947812772964,518.6944017806394,4.407714314289325,0.8333333333333333,False,32864.606740948744,0.032864606740948744,0.01679654570771076,Easy-Axis (Uniaxial),168929.23992406635,168.92923992406634,2122.827477727884,32.242000516818756,Hard Magnet,83.50683677887788,12.559878630528729,660.7201517931113,0.8302854299807886,69.88307746862732,8.781766682030394,0.08806570944907233,325.7042040611722,129.75443814495134,1.4016128953897098,0.24476072731170634,Semi-Hard (0.1 <= kappa < 1.0),494.59934126212823,15.50268928524786
mp-1219786,PrY(Co3Ni2)2,mmm,47,Pmmm,orthorhombic,4,"Co,Ni,Pr,Y",12,169.40329765986607,8.020093385176203,1,0,0,PrY(Co3Ni2)2,0.0,-0.2,0.0,2.305776848238158,0,FM,0.9345816335616618,0.06267924938282983,0.0027391170555082518,0.9345816335616618,0.8719023841788319,0.2302866358415731,True,False,575.7158533597752,178.2143090094351,9.025397687135182,3.6767584748258173,575.7158533597752,0.0,9.025397687135182,,538.0534627003249,11.17033911799108,549.2238018183159,8.438118540313459,7.0,False,54437.04122448577,0.054437041224485776,0.02267369322183647,Easy-Axis (Uniaxial),147090.04940369827,147.09004940369826,1848.3881103998187,56.5177451743486,Hard Magnet,58.693324352463705,3.3983645537024074,470.7259423931955,0.591531664990638,69.61232511453352,8.747742937106887,3.467809220803166,232.8817141647147,1.0195291037278622,1.3067509307144656,0.44215464374289903,Semi-Hard (0.1 <= kappa < 1.0),522.3390699217512,10.96869294428772
mp-1077930,Ta(MnB2)2,mmm,71,Immm,orthorhombic,3,"B,Mn,Ta",7,61.90503999438353,8.961029924382956,1,0,0,Ta(MnB2)2,0.0,-0.2,0.0,3.3603862216436085,0,FM,0.7859597356392468,0.21037382285199335,0.0036664415087599043,0.7859597356392468,0.5755859127872535,0.4895328607136235,False,True,354.6975780805104,118.35313177279795,8.967860355876013,8.300077951391444,354.6975780805104,0.0,8.967860355876013,,278.7780147000391,24.898400777549224,303.6764154775883,7.26144286792333,0.9428571428571428,True,2685.039832117889,0.002685039832117889,0.002885636136029662,Easy-Axis (Uniaxial),57078.0149732886,57.078014973288596,717.2635040205298,11.29701221288572,Hard Magnet,52.445763094427406,2.9917270632619193,469.9680524962632,0.5905792724576651,69.38834763039722,8.719597095810814,2.5697199204107606,134.98532616154918,21.310082557399177,1.1405302431766655,0.09835628074508151,Soft / Non-Viable,270.68642127916127,23.90628080644259
mp-1208129,U2(Fe7B2)3,m-3m,225,Fm-3m,cubic,3,"B,Fe,U",29,308.022339690498,9.238336510459982,1,0,0,U2(Fe7B2)3,0.0,-0.2,0.0,2.5405425403764954,0,FM,0.9267587595046386,0.07121969877677649,0.002021541718584879,0.9267587595046386,0.8555390607278621,0.24685139702414705,True,False,570.6951772880072,124.77574498113007,6.944767406273343,4.316172790487386,570.6951772880072,0.0,6.944767406273343,,528.8967545587134,8.886490972203964,537.7832455309174,6.443460646928265,0.1,False,8.248173661388497,8.248173661388497e-06,1.1906090734749003e-05,Easy-Axis (Uniaxial),31111.105096845524,31.111105096845524,390.95368446427767,29.564578390647345,Hard Magnet,81.47333076702535,2.503969847645152,752.6780462537928,0.9458431282516936,69.37626273109764,8.718078462546954,13.62903928719971,387.93866623423867,37.40768106831675,3.109087157066519,0.0034038053548413657,Soft / Non-Viable,516.9302207312076,8.698764127024313
mp-1194066,Hf2(Co7B2)3,m-3m,225,Fm-3m,cubic,3,"B,Co,Hf",29,294.5304098810983,9.355808430815152,1,0,0,Hf2(Co7B2)3,0.0,-0.2,0.0,1.98810929154822,0,FM,0.9279058925007411,0.06998137196988474,0.0021127355293742503,0.9279058925007411,0.8579245205308563,0.24445546825766098,True,False,585.979102524966,127.89248156027597,19.57044200744872,9.221333483912787,585.979102524966,0.0,19.57044200744872,,543.7334621152119,8.950091324221297,552.6835534394331,18.170990994650527,5.820689655172414,True,2194.131813631753,0.0021941318136317533,0.003483647892307379,Easy-Axis (Uniaxial),13831.676381482861,13.831676381482861,173.81397500426766,2.046868408917341,Hard Magnet,70.32755318644254,4.317050056200976,657.9711150203202,0.8268308884888491,69.25416476417753,8.702735179213102,5.621743564981249,399.25424972895553,30.475083037600314,3.1217960966750518,0.06350670741246414,Soft / Non-Viable,510.4353131343777,8.555620189572567
mp-1224958,La4TaCo33,m,8,Cm,monoclinic,3,"Co,La,Ta",38,504.69838029468417,8.822123942105884,0,1,0,La4TaCo33,0.0,-0.2,0.0,1.8747013376975004,0,FM,0.931531344348619,0.06635451800987453,0.002114137641506499,0.931531344348619,0.8651768263387444,0.23583684485507775,True,False,1016.0251931791461,271.7813554244119,12.729326669635384,23.24672192504569,1016.0251931791461,0.0,12.729326669635384,,946.4593140942352,18.033920843257253,964.4932349374925,11.957676053340078,8.157894736842106,False,23222.322856232367,0.023222322856232366,0.0014225988463397409,Easy-Axis (Uniaxial),99745.42242507951,99.74542242507951,1253.43796962984,51.43424815083422,Hard Magnet,71.35137326210102,10.695924916337443,629.470658357715,0.7910161583787712,69.24826790195607,8.701994157637339,7.625538182199474,398.9546241264163,94.56215664314036,1.4679249189239325,0.21595954623315547,Semi-Hard (0.1 <= kappa < 1.0),907.9346579101615,16.156045372358996
mp-1220026,PrErCo17,3m,160,R3m,trigonal,3,"Co,Er,Pr",19,244.43194023222432,8.899645426087744,0,1,0,PrErCo17,0.0,-0.2,0.0,1.8911746530436453,0,FM,0.9267901365682226,0.07134065030201935,0.0018692131297581543,0.9267901365682226,0.8554494862662033,0.24627878015103108,True,False,1131.2599839566064,182.09593976475486,3.4428467855094596,20.977968862599468,1043.0,0.0,3.4428467855094596,,1048.4405950253085,12.990842760174955,1061.4314377854835,3.5243353192885607,8.210526315789474,False,2577.748767600322,0.002577748767600322,0.003113895211967118,Easy-Axis (Uniaxial),108504.41017208187,108.50441017208188,1363.5066580036016,3.230632231933815,Hard Magnet,52.693190722250016,1.3254169827465105,468.9507137972415,0.5893008469444414,69.08826320397868,8.681887373898501,18.932943699445406,299.66443014503955,40.27643032944525,1.6456403724990707,0.09658021340636593,Soft / Non-Viable,1036.5450424669975,11.757590882964855
mp-510113,Mn5(NiBi2)2,-43m,216,F-43m,cubic,3,"Bi,Mn,Ni",22,435.3516627656886,9.367781808565317,0,0,0,Mn5(NiBi2)2,0.0,-0.6,0.5,4.2155018138543925,0,FM,0.8605257359958235,0.1368274868593472,0.002646777144829313,0.8605257359958235,0.7236982491364763,0.37968146452466645,True,False,510.1450311832415,218.13183850830353,1.8941907678158714,2.822437610648521,510.1450311832415,0.0,1.8941907678158714,,438.9929284235712,29.846431267100147,468.83935969067136,1.6751239126574788,1.8636363636363635,True,16.276103865080827,1.6276103865080827e-05,3.309266235991268e-05,Easy-Axis (Uniaxial),45257.445572158795,45.257445572158794,568.7218451674676,5.910659267639812,Hard Magnet,50.62501781700177,5.667204986351145,474.2441209644042,0.5959527385719686,69.08490078109187,8.681464839368715,2.725633847330886,154.2600244707188,32.299252588349326,0.7071871099864527,0.007588716670944649,Soft / Non-Viable,436.23853175882743,29.431094132095332
mp-1217955,Ta11(Co52B15)2,4/m,87,I4/m,tetragonal,3,"B,Co,Ta",145,1452.361267083612,9.654123244922332,1,0,0,Ta11(Co52B15)2,0.0,-0.2,0.0,2.051501189545996,0,FM,0.9261859336334295,0.07164607236669415,0.0021679939998764082,0.9261859336334295,0.8545398612667353,0.248658080956511,True,False,548.2052493827589,123.98207438217764,2.9565160072440335,12.992291298482902,548.2052493827589,0.0,2.9565160072440335,,507.7399907223176,8.882828673358357,516.622819395676,2.8921743047518667,6.213793103448276,True,10679.95998010626,0.01067995998010626,0.013637691260695362,Easy-Axis (Uniaxial),18924.944376516047,18.924944376516045,237.8178695115093,6.248655629590451,Hard Magnet,80.90909791224293,6.8226983501944005,781.1064028802813,0.9815672547842563,68.7826271922357,8.643480019185793,6.613049066484895,418.766362415505,13.842893874069176,3.3776363599519064,0.11802382428588298,Semi-Hard (0.1 <= kappa < 1.0),502.78501754704985,8.340986069688455
mp-1207921,UFe4B,6/mmm,191,P6/mmm,hexagonal,3,"B,Fe,U",12,154.30372391387422,10.163586332039,1,0,0,UFe4B,0.0,-0.2,0.0,2.794986241310725,0,FM,0.9031873567264634,0.09406226589566258,0.002750377377873944,0.9031873567264634,0.8091250908308009,0.30085935917768286,True,False,510.7594738450602,132.592164111167,23.74907532058586,7.789808694249864,510.7594738450602,0.0,23.74907532058586,,461.31149910511914,12.47191939630592,473.78341850142505,21.462375887398274,0.1,False,3.965150429847074,3.965150429847074e-06,1.0943020288985371e-05,Easy-Axis (Uniaxial),54912.37461433678,54.912374614336784,690.0492641238378,49.025074981637594,Hard Magnet,54.98182940065968,0.5761882662278488,558.8125698070447,0.702224585615778,68.66948195965554,8.629261769651075,1.900106944016199,363.3244179231091,29.142363117416124,2.740165079578105,0.003178767291569445,Soft / Non-Viable,427.47133592426314,12.004361017202335
mp-1199952,Nd6InFe13,4/mmm,140,I4/mcm,tetragonal,3,"Fe,In,Nd",40,773.7331342640471,7.323721742212969,1,0,0,Nd6InFe13,0.0,-0.2,0.0,6.5913495679916725,0,FM,0.8210547837694216,0.1763440961894523,0.002601120041126076,0.8210547837694216,0.6447106875799693,0.43998971994108294,True,False,447.47081019463735,172.55980446642684,12.810319288064335,2.0082664555392284,447.47081019463735,0.0,12.810319288064335,,367.3980493074859,30.429902757260653,397.82795206474657,10.523934387803584,3.415,False,349.3223115715382,0.0003493223115715382,0.00012589371212573893,Easy-Axis (Uniaxial),46969.52674264891,46.96952674264891,590.2364920956761,9.009873975940145,Hard Magnet,63.664712979275436,2.3553705976978137,466.2626426580677,0.5859229171271794,68.29849193341066,8.582641787105151,0.734146357498012,353.5752892818384,45.97025565546798,2.0490014483681795,0.035758361439725675,Soft / Non-Viable,352.3522339131839,30.127383687001824
mp-1220554,Nd(TiCo5)2,mmm,71,Immm,orthorhombic,3,"Co,Nd,Ti",13,168.94032488620124,8.151388675667409,1,0,0,Nd(TiCo5)2,0.0,-0.2,0.0,6.826788015871455,0,FM,0.9291805889490082,0.06892579710089614,0.0018936139500957362,0.9291805889490082,0.860254791848112,0.24073955963959326,True,False,672.6451630631678,145.62729016423773,4.314877721809921,4.407807520443214,672.6451630631678,0.0,4.314877721809921,,625.008828768736,10.037477054213577,635.0463058229495,4.020795070714062,6.938461538461539,False,56353.9291130796,0.0563539291130796,0.04717726773549413,Easy-Axis (Uniaxial),182028.0321128679,182.0280321128679,2287.4317581705964,79.51185461797515,Hard Magnet,57.19000527325356,2.404180090836576,466.1779613457585,0.5858165034517205,68.2736858254559,8.579524559584,18.649112336005278,299.15406887004144,12.632080824798464,2.0542445618033334,0.4542609767128624,Semi-Hard (0.1 <= kappa < 1.0),616.1468346021081,9.82103098308484
mp-623452,Mn3Bi,4/mmm,139,I4/mmm,tetragonal,2,"Bi,Mn",4,68.7371963805661,9.030051584876295,1,0,0,Mn3Bi,0.0,-0.6,0.5,3.3862693443286105,0,FM,0.5334485882607066,0.4628197103363934,0.003731701402899968,0.5334485882607066,0.07062887792431322,0.6486757633103871,False,True,514.181608393716,271.2522760798014,21.9001468200091,1.6564415202619216,514.181608393716,0.0,21.9001468200091,,274.2894531072473,125.5408998433411,399.8303529505884,11.70772933944927,0.825,True,72.69436784848008,7.269436784848009e-05,5.369252241543229e-05,Easy-Axis (Uniaxial),152066.97972895135,152.06697972895134,1910.9300626037916,18.734600157793775,Hard Magnet,51.55386402077858,6.487256829694793,465.5340515073287,0.5850073424845265,68.08520957708926,8.555839935234088,0.34706869248445205,125.72489733710955,0.25445401620476105,0.4634980364187682,0.016337815869213655,Soft / Non-Viable,255.62845107425503,124.50968478557336
mp-1220439,Nd2(CoNi)5,mmm,47,Pmmm,orthorhombic,3,"Co,Nd,Ni",12,169.0580586070526,8.610395431367156,1,0,0,Nd2(CoNi)5,0.0,-0.2,0.0,7.85698583112253,0,FM,0.9270568975547553,0.07089906026204004,0.0020440421832047416,0.9270568975547553,0.8561578372927152,0.2462272000270661,True,False,548.6212516505361,146.25705025014986,8.554757793117403,15.075990160977852,548.6212516505361,0.0,8.554757793117403,,508.6031154877527,10.369487419433593,518.9726029071862,8.00245225450739,6.666666666666667,False,202373.1710488757,0.2023731710488757,0.009942191371006286,Easy-Axis (Uniaxial),245232.06281084876,245.23206281084876,3081.677047672523,52.853208343911795,Hard Magnet,53.96819210403294,1.6651827715727272,464.6874747317102,0.5839435027329334,67.83780791773908,8.524750525210099,19.96754918116265,192.2847724727382,1.9119966909498913,1.3147042972893623,0.8635958960338881,Semi-Hard (0.1 <= kappa < 1.0),494.5019669689542,9.6426266936373
mp-1219955,Pr2(CoNi)5,mmm,47,Pmmm,orthorhombic,3,"Co,Ni,Pr",12,170.85526606285458,8.455010675793998,1,0,0,Pr2(CoNi)5,0.0,-0.2,0.0,2.4308155692907745,0,FM,0.9344358569791702,0.06277854514896,0.0027855978718697876,0.9344358569791702,0.8716573118302102,0.23077718149485987,True,False,483.87999914480395,168.8427413009023,31.83442933456908,6.12847403240994,483.87999914480395,0.0,31.83442933456908,,452.154821675955,10.599701657832869,462.7545233337879,29.74972015413464,6.666666666666667,False,207653.3694380783,0.2076533694380783,0.07253178933279746,Easy-Axis (Uniaxial),221636.54403486525,221.63654403486524,2785.167008135157,11.375069119337985,Hard Magnet,54.945537218115426,2.720773923160017,464.5651037664024,0.5837897268426838,67.80208375710777,8.520261294699086,22.01143922278419,210.99413572296527,8.502862695386952,1.249648839489896,0.8750199905856844,Semi-Hard (0.1 <= kappa < 1.0),408.7774941702092,10.284558412018573
mp-541853,U2(Co7B2)3,m-3m,225,Fm-3m,cubic,3,"B,Co,U",29,294.0802042481076,10.042510245800912,1,0,0,U2(Co7B2)3,0.0,-0.2,0.0,2.1340334272326937,0,FM,0.9239313053529786,0.07389526034015478,0.002173434306866566,0.9239313053529786,0.8500360450128238,0.2538934936472851,True,False,522.64447591028,97.61382816689701,10.716590145049963,3.8918239312615484,522.64447591028,0.0,10.716590145049963,,482.8875928633084,7.213199245191988,490.1007921085004,9.905568748388891,5.820689655172414,False,57.5837610606452,5.7583761060645203e-05,9.676278453121745e-05,Easy-Axis (Uniaxial),13371.069343599132,13.371069343599132,168.02581614619228,5.188558870123734,Hard Magnet,62.208637227898826,4.559164411860202,624.730876738486,0.7850599731329353,67.78471839208534,8.518079098529437,10.934716987184187,372.2992857066638,26.686075457783346,3.814001486245559,0.010835578693118306,Soft / Non-Viable,466.2328387144229,7.075515934002129
mp-1210591,Pr6GaFe13,4/mmm,140,I4/mcm,tetragonal,3,"Fe,Ga,Pr",40,762.2935537661756,7.150001874202777,1,0,0,Pr6GaFe13,0.0,-0.2,0.0,1.966250515405764,0,FM,0.9019986891005685,0.09603254126813553,0.001968769631295935,0.9019986891005685,0.8059661478324329,0.3006620730997448,True,False,405.72785927439907,183.0845404066957,28.77943880725948,5.493728119756014,405.72785927439907,0.0,28.77943880725948,,365.96599719708786,17.58207368216363,383.5480708792515,25.964376611840002,3.365,False,1382.622551122661,0.001382622551122661,0.0012259711156474245,Easy-Axis (Uniaxial),40762.44015865631,40.76244015865631,512.2359401304956,15.51357743037528,Hard Magnet,64.92800463113143,0.9339700014729004,464.2353548008363,0.5833753520715834,67.70586588775359,8.508170200403907,6.637435435430139,351.67651604857303,45.34866142294296,1.9208422254952535,0.07145105967112439,Soft / Non-Viable,333.9314634680926,17.112029494075156
mp-1104217,Tb(VFe2)4,4/mmm,139,I4/mmm,tetragonal,3,"Fe,Tb,V",13,170.0070115093459,7.906295035314738,1,0,0,Tb(VFe2)4,0.0,-0.2,0.0,2.1742311347115533,0,FM,0.9028701282363085,0.09479650370723827,0.00233336805645325,0.9028701282363085,0.8080736245290703,0.300138755343104,True,False,479.690622397953,193.16795547957372,84.30189545503876,25.84714295748043,479.690622397953,0.0,84.30189545503876,,433.0983337581945,18.31164680773905,451.40998056593355,76.15309115018096,2.0615384615384618,False,545.1514267016772,0.0005451514267016773,0.0009685385199492894,Easy-Axis (Uniaxial),126558.00547104211,126.55800547104211,1590.3748318593455,9.587610846357927,Hard Magnet,66.13727704335645,8.190891768183604,522.9008251371245,0.6570965563227325,67.47085046320817,8.478637290580885,4.262751976772671,379.1224315260748,39.47457161908139,1.9626569561438703,0.039832202150899595,Soft / Non-Viable,338.092269812027,16.215964982285854
mp-4585,Pr6Fe13Au,4/mmm,140,I4/mcm,tetragonal,3,"Au,Fe,Pr",40,756.8855205039686,7.759411448903114,1,0,0,Pr6Fe13Au,0.0,-0.2,0.0,2.1338381484483566,0,FM,0.8372843086157852,0.16019470962136317,0.0025209817628516506,0.8372843086157852,0.677089598994422,0.41611857739904345,True,False,444.55420316037157,260.93983501598683,5.6663147111633805,44.996455166399485,444.55420316037157,0.0,5.6663147111633805,,372.218258635373,41.801181099032426,414.0194397344054,8.629403212319106,3.515,False,3925.440470897934,0.003925440470897934,0.0018023780327872654,Easy-Axis (Uniaxial),122127.98708568721,122.12798708568721,1534.7055779190669,30.247226407757623,Hard Magnet,59.64370006065451,1.1082115845452059,462.80000910558596,0.5815716434749593,67.28784047394043,8.455639576621428,13.51213938136307,327.23823392859447,50.40570421063333,1.254075422821302,0.12076634067796525,Semi-Hard (0.1 <= kappa < 1.0),365.31823173295743,34.123906870931194
mp-1225715,DyTiFe11C,mm2,44,Imm2,orthorhombic,4,"C,Dy,Fe,Ti",14,176.80791077444405,7.857836791144283,0,1,0,DyTiFe11C,0.0,-0.2,0.0,8.05428271092289,0,FM,0.9300475832508376,0.0680918488578003,0.001860567891362104,0.9300475832508376,0.8619557343930373,0.23857334143860906,True,False,612.858078769719,247.0901432720147,7.536669125090441,7.743086924326221,612.858078769719,0.0,7.536669125090441,,569.9871750355286,16.824824689930246,586.8119997254588,7.029262078538304,0.807142857142857,False,1228.414608914535,0.0012284146089145348,0.002597774501280254,Easy-Axis (Uniaxial),194215.51131644793,194.21551131644793,2440.5841416728617,39.324618658151884,Hard Magnet,97.16597163260359,8.591761980924716,763.5143467419542,0.9594604250539733,67.27214191597314,8.453666837607821,2.4330447451919457,350.8185380739048,14.59588314968795,1.4197998083950212,0.04094966490849524,Soft / Non-Viable,556.0187440318083,16.197722811405953
mp-1190841,Hf2Co,m-3m,227,Fd-3m,cubic,2,"Co,Hf",24,425.5142719620773,12.984572411961656,1,0,0,Hf2Co,0.0,-0.2,0.0,2.759221637541852,0,FM,0.5305407857572794,0.05551214034017451,0.41394707390254626,0.5305407857572794,0.1165937118547331,0.7845263573383292,False,True,378.7808906338627,199.61159256171345,18.178280282074468,9.049109350448148,378.7808906338627,0.0,18.178280282074468,,200.95871134673163,11.08086673981157,212.0395780865432,9.657392602207542,2.7333333333333334,True,144.13744840331424,0.00014413744840331423,6.796268538856933e-05,Easy-Axis (Uniaxial),12683.687964492736,12.683687964492735,159.3879268151241,2.252000736356406,Hard Magnet,74.72110268055901,6.180148543752168,970.2215684573407,1.2192163807279792,67.22751598667672,8.448058977833389,7.919719147318849,194.0065742235613,6.227581524721742,0.9719203766363456,0.01103856343847352,Soft / Non-Viable,189.47746323404834,10.601209231880246
mp-1225513,ErTiFe11C,mm2,44,Imm2,orthorhombic,4,"C,Er,Fe,Ti",14,176.15736524849933,7.931716109097943,0,1,0,ErTiFe11C,0.0,-0.2,0.0,2.1812219300019344,0,FM,0.9299922625557515,0.06814414022808321,0.0018635972161652075,0.9299922625557515,0.8618481223276683,0.23871489322636266,True,False,608.8087346008947,210.20834182953303,5.788580252452675,4.156438873794471,608.8087346008947,0.0,5.788580252452675,,566.1874125551901,14.324466722744548,580.5118792779347,5.390780763078631,0.807142857142857,False,3023.700043604778,0.003023700043604778,0.004752693469295962,Easy-Axis (Uniaxial),143787.6594794807,143.7876594794807,1806.889053892775,60.30655261653907,Hard Magnet,95.0057081813973,6.274372083853137,753.5583060386472,0.9469492953210332,67.04874382631999,8.425593805171236,1.2374605518430017,357.40501984991374,8.284352278301014,1.70024184929706,0.06509498929319937,Soft / Non-Viable,555.4694803394138,14.03283364635847
mp-1209804,Pr4Fe,m-3m,227,Fd-3m,cubic,2,"Fe,Pr",10,339.5396593084947,6.059165154006636,1,0,0,Pr4Fe,0.0,-0.2,0.0,1.666270417351825,0,FM,0.8172448256483389,0.17043221698842195,0.012322957363239245,0.8172448256483389,0.646812608659917,0.47393846400698053,True,False,441.3274340089678,229.08008758589247,13.463736247319332,8.695055952347843,441.3274340089678,0.0,13.463736247319332,,360.6725618604877,39.04262719516553,399.71518905565324,11.102513373323845,8.02,False,82.55909266864035,8.255909266864035e-05,9.426072694649455e-05,Easy-Axis (Uniaxial),30359.578834687705,30.359578834687706,381.50972674411116,10.711233189809207,Hard Magnet,76.15442054552034,8.756089087872773,461.4322112929839,0.5798528180510926,66.89069201444597,8.405732428342592,7.100926782458166,187.69969638213615,29.96066263083287,0.8193627755260878,0.017565868026665366,Soft / Non-Viable,345.18113595371796,37.41595795549683
mp-1226473,CeYFe4,-43m,216,F-43m,cubic,3,"Ce,Fe,Y",6,99.70590947528385,7.534467623134299,0,0,0,CeYFe4,0.0,-0.2,0.0,2.0719785963619324,0,FM,0.9231196426402851,0.07324355548419823,0.00363680187551655,0.9231196426402851,0.8498760871560869,0.26008175503144354,True,False,435.89744987444135,257.3653838878543,15.320895286009062,24.464656067993886,435.89744987444135,0.0,15.320895286009062,,402.3854981559059,18.850355774502034,421.2358539304079,14.256080295808733,3.4,False,12.434575685679846,1.2434575685679847e-05,4.106115086591503e-06,Easy-Axis (Uniaxial),11458.91780582991,11.458917805829909,143.997010784961,4.206296258267066,Hard Magnet,68.48603033739832,3.687736002997525,516.005778214121,0.6484319848189467,66.81909190786433,8.396734893414472,10.437740011416185,286.7917874738661,21.567850248535308,1.1143370687288474,0.006096154822974076,Soft / Non-Viable,382.83428485536206,16.79583423484895
mp-1106291,Pr2Al3Co14,-3m,166,R-3m,trigonal,3,"Al,Co,Pr",19,254.41698285701128,7.752742011273338,1,0,0,Pr2Al3Co14,0.0,-0.2,0.0,1.6474576773955842,0,FM,0.9279218076922116,0.07016619596850082,0.0019119963392877214,0.9279218076922116,0.8577556117237107,0.24376926601824453,True,False,631.3067277174882,138.3197513376049,47.34912398408528,12.43268196513634,631.3067277174882,0.0,47.34912398408528,,585.8032799918665,9.70537077866869,595.5086507705352,43.9449441516637,6.963157894736842,False,22037.133448852026,0.022037133448852025,0.00019583746321829982,Easy-Axis (Uniaxial),186484.6020700086,186.4846020700086,2343.434669008811,1.6493164840454366,Hard Magnet,59.438752013896824,0.3027584271492074,460.8133098357957,0.5790750835426132,66.71137647267787,8.383198972357109,3.601663262582996,259.885425993162,21.307064514782198,1.8788743001629957,0.28737408686918675,Semi-Hard (0.1 <= kappa < 1.0),505.9491211085132,9.137361246760985
mp-1225614,Dy2Fe15Si2C,2/m,12,C2/m,monoclinic,4,"C,Dy,Fe,Si",20,257.669324335126,7.932203974477209,1,0,0,Dy2Fe15Si2C,0.0,-0.2,0.0,8.130509073839137,0,FM,0.9308819200418238,0.06723268005341106,0.0018853999047651656,0.9308819200418238,0.8636492399884127,0.23666378719691775,True,False,570.2467175929283,222.19428909261785,15.57073929366129,2.9406863418396796,570.2467175929283,0.0,15.57073929366129,,530.8323593704528,14.938717548259097,545.7710769187119,14.495868045099002,1.09,False,5997.127308590455,0.005997127308590455,0.0006933048159427631,Easy-Axis (Uniaxial),139016.5025510441,139.0165025510441,1746.9329265060085,42.252471099372826,Hard Magnet,58.086106805775785,5.478528416301824,460.75084726668234,0.5789965907633128,66.69329243967923,8.380926465704329,4.565765151013801,497.6571451320548,109.67976956416052,2.2397386861937525,0.14993414920246934,Semi-Hard (0.1 <= kappa < 1.0),504.64028498834455,14.722249951491593
mp-1215983,YThCo10,mmm,47,Pmmm,orthorhombic,3,"Co,Th,Y",12,168.50132579383026,8.970544426897904,1,0,0,YThCo10,0.0,-0.2,0.0,1.9062406907158045,0,FM,0.9301505145619529,0.06795383643484784,0.001895649003199273,0.9301505145619529,0.862196678127105,0.2384429182182852,True,False,869.4837639321013,245.12815880788082,41.411015941594144,23.363174785501656,869.4837639321013,0.0,41.411015941594144,,808.7507704247075,16.65739880920614,825.4081692339137,38.55118234078788,7.508333333333334,False,7554.413417929093,0.0075544134179290935,0.009489525770357202,Easy-Axis (Uniaxial),25304.80293884045,25.30480293884045,317.9895382303615,17.926580491613002,Hard Magnet,66.93476672458975,12.783453891045081,600.4412986069799,0.7545367890462413,66.53040646423545,8.360457609953603,0.9978996724101241,293.69309595196796,29.057837037451666,1.1981205969166109,0.12912932667248567,Semi-Hard (0.1 <= kappa < 1.0),710.6543719987015,14.915080630638816
mp-1219231,Sm2Fe4Co13,3m,160,R3m,trigonal,3,"Co,Fe,Sm",19,249.730406403702,8.579171045582223,0,1,0,Sm2Fe4Co13,0.0,-0.2,0.0,4.182345884721334,0,FM,0.928040928523826,0.07006825646997253,0.0018908150062014954,0.928040928523826,0.8579726720538535,0.2434196578855654,True,False,1056.5778418009745,225.43009405500146,2.1663687224063324,6.8955583126918185,1043.0,0.0,2.1663687224063324,,980.5474813626765,15.795493646295872,996.3429750089724,2.067720607626244,6.5473684210526315,False,8863.249218614415,0.008863249218614415,0.007662855032098694,Easy-Axis (Uniaxial),127360.28560236981,127.36028560236981,1600.4565815220037,0.032087445702498094,Hard Magnet,53.482399004408315,5.024019255745152,458.83464898689533,0.5765886249878727,66.1397098390368,8.311361223099553,6.796630880993081,325.05467920154814,6.041803843200398,1.4419311696788797,0.18303550517315675,Semi-Hard (0.1 <= kappa < 1.0),973.5174885695014,15.269050505592137
mp-1219699,PrYFe4,-43m,216,F-43m,cubic,3,"Fe,Pr,Y",6,101.62610758896813,7.405041188572368,0,0,0,PrYFe4,0.0,-0.2,0.0,2.0363863268574014,0,FM,0.9071654152123619,0.09003172083448197,0.0028028639531560585,0.9071654152123619,0.81713369437788,0.29274937623725394,True,False,553.0265262212563,241.13850908867386,0.23586960604637852,41.244776245432774,553.0265262212563,0.0,0.23586960604637852,,501.6865382829561,21.710114932714678,523.3966532156708,3.7194979207437395,3.4,False,5.33565105534371,5.33565105534371e-06,5.008157121743997e-06,Easy-Axis (Uniaxial),14197.646235631066,14.197646235631066,178.41288791451984,5.278866009728792,Hard Magnet,68.82566300061973,2.753946094422929,509.65686935039037,0.6404537106411038,65.98564135449806,8.292000405956365,3.6140158638439384,305.51084751297435,31.853687270793614,1.2669517144631133,0.004043066601988864,Soft / Non-Viable,501.2924061417871,17.99841245940818
mp-1221878,Mn5(Bi2Pd)2,-43m,216,F-43m,cubic,3,"Bi,Mn,Pd",22,472.9433820169771,9.293473784847617,0,0,0,Mn5(Bi2Pd)2,0.0,-0.6,0.5,3.4850526693178563,0,FM,0.7694962346889141,0.22806414475763753,0.002439620553448335,0.7694962346889141,0.5414320899312766,0.5037331469453667,False,True,469.1646223740819,226.70342495336703,9.136662616387952,3.9408479488273827,469.1646223740819,0.0,9.136662616387952,,361.0204103661023,51.702922725616915,412.7233330917192,7.087841935938532,2.772727272727273,False,14.900053342025455,1.4900053342025454e-05,3.4949072613796534e-05,Easy-Axis (Uniaxial),57871.8325494681,57.871832549468095,727.2389100767855,9.56670890056801,Hard Magnet,49.58730619924477,8.285718734439492,460.838330223893,0.5791065250895878,65.82246932511148,8.271495603606333,5.241073262407467,154.60004249908056,12.517978574614347,0.6819484201920718,0.0074720605959957,Soft / Non-Viable,350.35030200940383,50.70384206560733
mp-1191845,Y2Co17H3,-3m,166,R-3m,trigonal,3,"Co,H,Y",22,245.3402734473432,8.004879326280886,1,0,0,Y2Co17H3,0.0,-0.2,0.0,1.701036856834688,0,FM,0.9228804075329722,0.07502655142149814,0.002093041045529668,0.9228804075329722,0.847853856111474,0.2560419705782323,True,False,659.5909033324988,247.3087681426406,6.947103661527024,30.633949098708527,659.5909033324988,0.0,6.947103661527024,,608.7235216725377,18.554724010041184,627.2782456825789,6.810859884747941,7.1045454545454545,False,11622.9315579567,0.0116229315579567,0.0007810172728163529,Easy-Axis (Uniaxial),10593.023502861392,10.593023502861392,133.11586184960882,9.99928053753146,Hard Magnet,76.46905569529558,3.306317420663291,612.1255630354932,0.7692196687627285,65.8223483672346,8.27148040359094,1.0138893451645334,237.6994745449153,43.48146652169169,0.9611445495042742,0.157113097810992,Semi-Hard (0.1 <= kappa < 1.0),594.9463419701609,16.09019321097432
mp-1193985,Ta2(Co7B2)3,m-3m,225,Fm-3m,cubic,3,"B,Co,Ta",29,289.19131573060605,9.556763129100982,1,0,0,Ta2(Co7B2)3,0.0,-0.2,0.0,2.0308121649339586,0,FM,0.9276631318577531,0.07015738838747025,0.002179479754776673,0.9276631318577531,0.8575057434702829,0.2452380816010631,True,False,589.9644364095062,127.56176198251092,19.833758527114014,10.944553047767194,589.9644364095062,0.0,19.833758527114014,,547.2882567643368,8.949400078797055,556.2376568431339,18.415061613070378,6.227586206896552,True,1348.6108182849523,0.0013486108182849523,0.0026663845823625136,Easy-Axis (Uniaxial),12385.297367291787,12.385297367291788,155.63823991001203,0.6992427773810789,Hard Magnet,75.7603275327884,6.807756937739825,724.0235048139662,0.9098347694999561,65.6641454778055,8.251600041796442,6.274045833714698,442.7034160089155,8.889838350884446,3.4705025168091628,0.04524657623593022,Soft / Non-Viable,513.3494281072961,8.48507339914154
mp-1225043,DyYFe4,-43m,216,F-43m,cubic,3,"Dy,Fe,Y",6,98.31310220355316,8.01928161785639,0,0,0,DyYFe4,0.0,-0.2,0.0,8.2197636583028,0,FM,0.9192746894413018,0.07866196456162357,0.0020633459970746623,0.9192746894413018,0.8406127248796782,0.26409656822792765,True,False,569.1340840222431,255.87231243020528,0.4074323783278828,74.70504336495348,569.1340840222431,0.0,0.4074323783278828,,523.1905583400072,20.12741877268548,543.3179771126927,5.888369326073665,3.4,False,33.699058671154624,3.369905867115462e-05,5.273988238073575e-05,Easy-Axis (Uniaxial),13763.608215009406,13.763608215009405,172.95860518070512,2.381387474074647,Hard Magnet,60.400726954716106,1.437716809870473,484.3704393731178,0.6086778455802588,65.64817262642056,8.249592834054734,0.08751556546009068,330.4909679707645,39.006151131635505,1.2916245795875747,0.010691196754359993,Soft / Non-Viable,522.4809727887592,14.653840006821886
mp-505807,Nd5Co21B4,6/mmm,191,P6/mmm,hexagonal,3,"B,Co,Nd",30,394.64938195622943,8.423892734210042,1,0,0,Nd5Co21B4,0.0,-0.2,0.0,7.055010164900911,0,FM,0.9286601386424997,0.06922380129261393,0.0021160600648862716,0.9286601386424997,0.8594363373498858,0.24268752092870483,True,False,531.9978151671635,116.29799456724217,40.479209757479,18.134143120183666,531.9978151671635,0.0,40.479209757479,,494.045164790645,8.050589266652267,502.09575405729726,37.612382457573545,7.279999999999999,False,369777.79831373313,0.36977779831373314,0.06948924435739105,Easy-Axis (Uniaxial),372581.0968722745,372.5810968722745,4681.992238158294,142.79926607143827,Hard Magnet,54.138447402457174,3.5820220469378654,456.05647371497156,0.5730974669780085,65.34120247124321,8.211017825930279,10.936941186555888,312.9417125831701,41.95198003466899,2.6908607818016224,1.1894518311031017,High-Performance (kappa >= 1.0),435.30866258402386,7.381319725098419
mp-542034,Pr5Co19B6,6/mmm,191,P6/mmm,hexagonal,3,"B,Co,Pr",30,378.9411237998308,8.278284414697051,1,0,0,Pr5Co19B6,0.0,-0.2,0.0,1.7591354381231232,0,FM,0.9332492009214699,0.06413749900812805,0.0026133000704021006,0.9332492009214699,0.8691117019133419,0.23318642960910457,True,False,371.7895669428142,88.08846328663799,8.27599480070009,12.062804442633109,371.7895669428142,0.0,8.27599480070009,,346.97231626032067,5.649773726674269,352.6220899869949,7.762218908389973,6.753333333333333,False,62369.77859874713,0.06236977859874713,0.005545370873496824,Easy-Axis (Uniaxial),404248.2543157957,404.24825431579575,5079.933482627629,79.1787371812786,Hard Magnet,55.25858740582741,4.465000556829224,457.4463028998358,0.5748439778407742,65.2962336759567,8.205366880343984,12.847550662008635,245.7852402244333,6.040759141600631,2.790209194870994,0.487014674334964,Semi-Hard (0.1 <= kappa < 1.0),337.6574778240236,5.328396690332968
mp-1219759,PrSm(Co2Ni3)2,mmm,47,Pmmm,orthorhombic,4,"Co,Ni,Pr,Sm",12,170.80222495630866,8.547200754864713,1,0,0,PrSm(Co2Ni3)2,0.0,-0.2,0.0,2.457320217023605,0,FM,0.9287104603221294,0.06887029159432756,0.0024192480835429895,0.9287104603221294,0.8598401687278019,0.24351141822485156,True,False,535.7408093112531,155.6048692426241,9.847733205235272,0.9889284037970612,535.7408093112531,0.0,9.847733205235272,,497.54809362880405,10.716552718236732,508.2646463470408,9.145946433298162,6.333333333333333,False,137309.59426513445,0.13730959426513445,0.10134441046092144,Easy-Axis (Uniaxial),348468.79798826104,348.46879798826103,4378.988148131136,53.14199807859557,Hard Magnet,53.28007450680937,3.6295288416818074,455.3954930438492,0.5722668541697834,65.15193655182527,8.187233968587499,29.76542878511956,194.61894253032727,9.695962399473174,1.2507252727861053,0.7258665473321247,Semi-Hard (0.1 <= kappa < 1.0),481.73477515735846,10.663823926367355
mp-1224920,GdYCo6,3m,160,R3m,trigonal,3,"Co,Gd,Y",24,343.70373202614314,8.692806184733048,0,1,0,GdYCo6,0.0,-0.2,0.0,9.453426725897188,0,FM,0.9297292295830022,0.06835925088493283,0.001911519532065053,0.9297292295830022,0.8613699786980693,0.23949673484083983,True,False,371.6599011034234,291.2029305026398,55.28935672843272,28.33225993550286,371.6599011034234,0.0,55.28935672843272,,345.54307351978065,19.906414184657613,365.44948770443824,51.440604326959246,8.5,False,1566.2991891457154,0.0015662991891457155,0.0004317713642707534,Easy-Axis (Uniaxial),50004.173478550365,50.00417347855036,628.3709884035062,16.11554161769886,Hard Magnet,58.86780450466658,0.2746715112226461,511.7264150798216,0.6430543785050434,64.90947256368861,8.156765044639972,5.923017268935593,301.62365131144014,8.442169973026523,1.0357850822133325,0.06899134217597849,Soft / Non-Viable,291.7704121803161,17.43635716677143
mp-1211097,LiFe,mmm,63,Cmcm,orthorhombic,2,"Fe,Li",4,49.05760101757275,4.250456761791715,1,0,0,LiFe,0.0,-0.2,0.0,1.1688756094927215,0,FM,0.6864619700711644,0.30926714174619113,0.004270888182644503,0.6864619700711644,0.37719482832497325,0.5866420230803863,False,True,576.2960655769534,242.86755389165967,28.285814981067062,0.49014207349857486,576.2960655769534,0.0,28.285814981067062,,395.6053325202164,75.11095421496262,470.716286735179,19.41772796085166,3.05,True,87.66061822081042,8.766061822081043e-05,9.255356871731256e-05,Easy-Axis (Uniaxial),15015.823034708628,15.015823034708628,188.694400999537,0.9569269884647251,Hard Magnet,106.91349098490107,2.237817710574433,454.4311706835303,0.5710550509526352,64.87630383228726,8.152596938843024,2.1318835212461287,170.97162674698987,59.0096859795581,0.7039706375239332,0.018379310694608002,Soft / Non-Viable,361.5191224845019,74.92732903289316
mp-1209806,Pr3Co13B2,6/mmm,191,P6/mmm,hexagonal,3,"B,Co,Pr",18,245.54475234032347,8.186057637939442,1,0,0,Pr3Co13B2,0.0,-0.2,0.0,1.7395372480621314,0,FM,0.9256418260165343,0.07236020103251695,0.0019979729509488195,0.9256418260165343,0.8532816249840174,0.249374690879217,True,False,546.218393399787,91.61633540203388,14.131379169723346,19.709999829238512,546.218393399787,0.0,14.131379169723346,,505.60259107039656,6.629376447553671,512.2319675179502,13.158118556511747,7.455555555555556,False,247402.83443583455,0.24740283443583455,0.0781656214286481,Easy-Axis (Uniaxial),271321.23053738935,271.32123053738934,3409.5232047134614,49.60041099227388,Hard Magnet,55.451646574249494,4.526549446768055,453.93037497545356,0.570425732505658,64.73339166298527,8.134638065646628,15.436445364780631,300.58368150530623,27.522136592354883,3.280896143534609,0.9774806269476619,Semi-Hard (0.1 <= kappa < 1.0),482.8577702807803,6.034660646038969
mp-1224828,GdTiFe9Si2,m,8,Cm,monoclinic,4,"Fe,Gd,Si,Ti",13,165.5477252451983,7.66228692720317,0,1,0,GdTiFe9Si2,0.0,-0.2,0.0,8.811629966283645,0,FM,0.9290904286994974,0.06903913253125128,0.0018704387692513016,0.9290904286994974,0.8600512961682462,0.24087699419572647,True,False,493.4553449340384,205.42163864726922,7.423859348047131,5.947608364762459,493.4553449340384,0.0,7.423859348047131,,458.4646379688241,14.18213173535563,472.64676970417975,6.909648287106545,0.8615384615384616,False,2233.88619142725,0.0022338861914272504,0.004512720514275988,Easy-Axis (Uniaxial),84767.7398288306,84.7677398288306,1065.222855524693,3.66614467026773,Hard Magnet,59.215161424757255,2.2536148523361135,453.72355727714296,0.570165837721,64.67441803216859,8.127227220489491,6.7945088451413245,470.2085553832426,130.22866737086335,2.288992330504386,0.09292536195673506,Soft / Non-Viable,447.3933535358206,13.77256269005762
mp-1226659,CeCo3Cu2,6/mmm,191,P6/mmm,hexagonal,3,"Ce,Co,Cu",6,85.14459818455946,8.659292045646433,1,0,0,CeCo3Cu2,0.0,-0.2,0.0,1.840099559699867,0,FM,0.8797741340930954,0.07630702630855686,0.04391883959834776,0.8797741340930954,0.8034671077845384,0.40623251216733264,True,False,499.21582578602727,172.9968902809297,20.9127154470566,10.560121986049978,499.21582578602727,0.0,20.9127154470566,,439.1971708564717,13.200878257965428,452.39804911443713,18.41610403691281,6.333333333333333,False,1133.8572275588717,0.0011338572275588718,0.0013913635627947555,Easy-Axis (Uniaxial),87969.14864852178,87.96914864852178,1105.4529460225585,18.616728658038483,Hard Magnet,52.32159303908671,2.1317900889242622,453.0679544189133,0.5693419828717653,64.48765188612967,8.10375749394014,1.055591663843428,234.91689660037449,15.122562310976633,1.3579255454759496,0.06629960009181542,Soft / Non-Viable,410.57628730413717,12.538820868312389
mp-1219057,SmYFe6,3m,160,R3m,trigonal,3,"Fe,Sm,Y",24,377.8403183752012,7.572302937713474,0,1,0,SmYFe6,0.0,-0.2,0.0,2.082383307871205,0,FM,0.9284361751913051,0.06963909868759723,0.0019247261210977638,0.9284361751913051,0.8587970765037078,0.24260011267256262,True,False,564.8736925049839,278.3933416244145,6.679264000137323,2.682672325089527,564.8736925049839,0.0,6.679264000137323,,524.4491705355166,19.38706139135257,543.8362319268691,6.204083727175387,2.575,False,163.9634186614797,0.00016396341866147969,9.470314696493042e-05,Easy-Axis (Uniaxial),25264.246371842866,25.264246371842866,317.47988936872287,2.4819224941283213,Hard Magnet,92.15624780438246,1.1339970251726612,697.8350259777761,0.8769253564117696,64.44407227676184,8.0982811186083,2.3578030947373523,312.29283794652184,28.66146994821321,1.121768344473704,0.01636876020365703,Soft / Non-Viable,513.027027352539,19.1304576449012
mp-1225443,ErTiCo11,mm2,44,Imm2,orthorhombic,3,"Co,Er,Ti",13,162.02791331081198,8.848442831463675,0,1,0,ErTiCo11,0.0,-0.2,0.0,1.8802941016860308,0,FM,0.9296870344878684,0.06841692480427504,0.0018960407078565812,0.9296870344878684,0.8612701096835933,0.23954650683155007,True,False,984.4803464773834,213.34515715360743,8.049130950210781,5.288974019301264,984.4803464773834,0.0,8.049130950210781,,915.2586138281478,14.5964195743346,929.8550334024824,7.491916490034421,7.546153846153846,False,6458.775333737813,0.0064587753337378125,0.004508771588059248,Easy-Axis (Uniaxial),138875.02908627148,138.87502908627147,1745.1551184810407,15.089946295129094,Hard Magnet,51.18469086597899,4.293319170757442,452.90481097375607,0.5691369707722503,64.44121804144554,8.097922444813278,17.48399131566966,350.930386857876,57.5238025585673,1.6448950214754952,0.1582935514638834,Semi-Hard (0.1 <= kappa < 1.0),891.3434792089175,14.220363898318519
mp-1191958,ErCo9Si2,4/mmm,141,I4_1/amd,tetragonal,3,"Co,Er,Si",24,291.2387383613704,8.596123620063416,1,0,0,ErCo9Si2,0.0,-0.2,0.0,1.826676269263476,0,FM,0.9282317567403938,0.06984846612435693,0.0019197771352493693,0.9282317567403938,0.8583832906160369,0.24306558782626295,True,False,558.8058045999431,165.94674303157808,24.587705000239907,5.667091052059547,558.8058045999431,0.0,24.587705000239907,,518.7012936805345,11.591125459088545,530.292419139623,22.826521000000433,6.85,False,1603.797780434141,0.001603797780434141,0.001712401125078007,Easy-Axis (Uniaxial),73700.45712668324,73.70045712668323,926.1472766938083,13.918791284171915,Hard Magnet,52.60970799453292,2.79318422958098,452.23955353644357,0.5683009836211276,64.25204577678511,8.074150356474654,17.314318146116268,379.9461459135622,46.32563783378217,2.289566754806764,0.0789953137486414,Soft / Non-Viable,479.40937289675014,11.271735696552968
mp-1196352,Pr6InFe13,4/mmm,140,I4/mcm,tetragonal,3,"Fe,In,Pr",40,783.4454831110261,7.148122591132635,1,0,0,Pr6InFe13,0.0,-0.2,0.0,1.9657337125614749,0,FM,0.8958544289927705,0.10215763010029003,0.0019879409069395696,0.8958544289927705,0.7936967988924805,0.3130639334976112,True,False,418.78693048372884,168.08359046299842,16.324177089600852,1.2518787365914221,418.78693048372884,0.0,16.324177089600852,,375.17212647813597,17.171021260447628,392.3431477385836,14.624645535003914,3.415,False,1297.7177175159857,0.0012977177175159857,0.0010742932146363463,Easy-Axis (Uniaxial),35230.14860282609,35.23014860282609,442.7151127426656,14.658591298350975,Hard Magnet,63.26328876288923,0.019560958331144462,452.2137435953559,0.5682685498926033,64.24471207860961,8.073228776764278,4.288727762621825,347.19221796735064,47.02386269364621,2.065592584088575,0.07106265475278437,Soft / Non-Viable,355.811051115324,17.064209654332643
mp-1191470,Th2Fe17H3,-3m,166,R-3m,trigonal,3,"Fe,H,Th",22,265.6334380257728,8.854666001790081,1,0,0,Th2Fe17H3,0.0,-0.2,0.0,2.4350331504922726,0,FM,0.8405582150443658,0.15696005025866405,0.0024817346969700765,0.8405582150443658,0.6835981647857017,0.4110059250410363,True,False,535.2587768552711,236.66619085439896,13.19373529582947,8.735387257327076,535.2587768552711,0.0,13.19373529582947,,449.91616206029715,37.14713721103304,487.0632992713302,11.174538441354334,0.1,False,2351.7928475485132,0.0023517928475485133,0.0037121177520125725,Easy-Axis (Uniaxial),19601.992449269877,19.60199244926988,246.32590668275677,9.253881029639427,Hard Magnet,113.03537559993605,6.0291709001728435,1000.8904973243258,1.2577560933767746,64.20735263934687,8.068534051075872,2.5891159197245357,266.8359208360463,27.73623072925733,1.1274779886080486,0.04322231604576299,Soft / Non-Viable,430.9627984435821,35.5925631002264
mp-1202421,Nd6CdFe13,4/mmm,140,I4/mcm,tetragonal,3,"Cd,Fe,Nd",40,745.4691297488824,7.590672929553177,1,0,0,Nd6CdFe13,0.0,-0.2,0.0,6.83160563659786,0,FM,0.8412254396598046,0.1565734494271816,0.0022011109130138855,0.8412254396598046,0.6846519902326229,0.40891178268026646,True,False,458.8458573370973,188.13039011841965,13.333371244063727,16.32045588860572,458.8458573370973,0.0,13.333371244063727,,385.9928080744796,29.456224122922325,415.44903219740195,11.50377304905285,3.07,False,292.46909807892314,0.00029246909807892314,3.980531489012943e-07,Easy-Axis (Uniaxial),30536.355719590145,30.536355719590144,383.731170639003,3.0715092719638815,Hard Magnet,59.371809678123086,4.024582305972018,450.6719885023122,0.5663311233030272,63.807393372430866,8.018273686312327,8.486414399486097,407.3110542862276,41.95589450361399,2.1650465617481767,0.03385123326979861,Soft / Non-Viable,369.56753748436796,27.233877630223574
mp-1225558,ErCo3Ni2,6/mmm,191,P6/mmm,hexagonal,3,"Co,Er,Ni",6,80.78951811429559,9.484498829183435,1,0,0,ErCo3Ni2,0.0,-0.2,0.0,2.7267934133902374,0,FM,0.9278551705608832,0.07018872956097932,0.0019560998781374657,0.9278551705608832,0.8576664409999039,0.24407004938069463,True,False,556.4100801117213,199.2120703864274,8.468291517162015,12.808095145108368,556.4100801117213,0.0,8.468291517162015,,516.2679697838558,13.98244213363573,530.2504119174915,7.908608650905706,7.0,False,1420.9490183784178,0.0014209490183784178,0.00041225025230586497,Easy-Axis (Uniaxial),59630.71853636284,59.630718536362835,749.3417236858979,16.563747997339796,Hard Magnet,47.39405425338964,1.2920785984991916,449.5088520765303,0.5648694829628834,63.47845821492723,7.976938474536477,9.224811891932925,268.0007449154442,34.23094420079461,1.345303747888278,0.07480765955446818,Soft / Non-Viable,502.0950133104355,13.140893088772268
mp-1201794,Pr6TlFe13,4/mmm,140,I4/mcm,tetragonal,3,"Fe,Pr,Tl",40,772.9640008766773,7.629873719599994,1,0,0,Pr6TlFe13,0.0,-0.2,0.0,2.0982152728899983,0,FM,0.9032565788333944,0.09475669917232149,0.001986721994284006,0.9032565788333944,0.808499879661073,0.29815230213108207,True,False,436.2221912650114,162.08589597064406,7.852722499492813,4.446246385497389,436.2221912650114,0.0,7.852722499492813,,394.0205640932408,15.358724484566515,409.3792885778073,7.105524783522554,3.07,False,1464.3207934011712,0.0014643207934011712,0.000194330296089661,Easy-Axis (Uniaxial),164455.82619112436,164.45582619112437,2066.612901756293,25.220667700376932,Hard Magnet,58.851507141032826,4.22761174625224,449.02956769421775,0.564267196445102,63.343163820943104,7.959936879237691,3.677197939069004,350.5069161796083,27.160174345306444,2.1624763467580785,0.07602181662454069,Soft / Non-Viable,383.9698680207936,15.02470674429169
mp-1201588,Nd6Fe13Hg,4/mmm,140,I4/mcm,tetragonal,3,"Fe,Hg,Nd",40,752.0191213934928,7.913976550344798,1,0,0,Nd6Fe13Hg,0.0,-0.2,0.0,7.122578895310318,0,FM,0.8715584667130417,0.12622252733642264,0.0022190059505357274,0.8715584667130417,0.745335939376619,0.359197441610398,True,False,456.0285720833788,184.28467651152096,14.27707468873652,14.518236827744445,456.0285720833788,0.0,14.27707468873652,,397.4555630623274,23.260877618659258,420.7164406809867,12.577519957269372,3.07,False,3168.211616999519,0.003168211616999519,0.0009052010226082849,Easy-Axis (Uniaxial),79645.49450306386,79.64549450306386,1000.8548211329646,19.617404123128885,Hard Magnet,56.60142305964997,3.0740598228770395,447.94233481021513,0.5629009393086525,63.03679025519525,7.92143684075345,8.356520938023465,367.9052096421222,31.5824519177786,1.9963961008940525,0.11209340190153229,Semi-Hard (0.1 <= kappa < 1.0),379.39983066468193,21.686620179838105
mp-1198585,Sm6Fe13Pb,4/mmm,140,I4/mcm,tetragonal,3,"Fe,Pb,Sm",40,751.6288123404635,8.109487096315528,1,0,0,Sm6Fe13Pb,0.0,-0.2,0.0,2.2301089514867702,0,FM,0.8904333551430899,0.10753635205460403,0.0020302928023061733,0.8904333551430899,0.7828970030884859,0.3237877783929291,True,False,463.6458448319436,199.7281701847687,14.08966036929175,15.891107171113191,463.6458448319436,0.0,14.08966036929175,,412.84572521185993,21.478038824211154,434.3237640360711,12.661751004254688,3.14,False,3566.771176819925,0.0035667711768199253,0.0004951652044613904,Easy-Axis (Uniaxial),198792.3894411089,198.79238944110892,2498.0988895614414,30.25291675911773,Hard Magnet,55.22002554376955,6.233902756010195,447.806084605413,0.56272972225167,62.99844840315297,7.916618661431806,15.26832866465187,394.0183684725519,54.16801489278964,1.972773135146861,0.11897143553537462,Semi-Hard (0.1 <= kappa < 1.0),394.3259941060672,19.897103781294586
mp-1227057,Ce2Mn17C2,2/m,12,C2/m,monoclinic,3,"C,Ce,Mn",21,260.7108828946558,7.886436217380615,1,0,0,Ce2Mn17C2,0.0,-0.2,0.0,2.9574135815177307,0,FM,0.6301006538464229,0.3628741210465146,0.007025225107062489,0.6301006538464229,0.26722653279990827,0.6314386192055407,False,True,390.4105667232401,190.35825162284058,21.634658147499835,20.827461464367644,390.4105667232401,0.0,21.634658147499835,,245.9979533608661,69.07608324158954,315.07403660245564,15.586894947717193,1.0428571428571427,False,354.2372342233757,0.0003542372342233757,0.00024071913066666013,Easy-Axis (Uniaxial),37521.6851570943,37.5216851570943,471.5114109193758,1.8857198365620025,Hard Magnet,56.71927499936662,8.924674910554003,447.31294457857575,0.5621100242174687,62.85977252746261,7.899192136601303,3.9595300072252337,171.20198364470417,8.789991524732159,0.8993672834519882,0.03753450613688095,Soft / Non-Viable,229.45097531876013,62.56113509028908
mp-30770,LuMn5,6mm,186,P6_3mc,hexagonal,2,"Lu,Mn",12,161.77786574147638,9.230847326516804,0,1,0,LuMn5,0.0,-0.2,0.0,3.4615677474438016,0,FM,0.740976158229924,0.25555316457259625,0.003470677197479775,0.740976158229924,0.4854229936573278,0.5374491751872125,False,True,361.77309786215426,306.9708492276603,7.104108943171667,22.34842515210238,361.77309786215426,0.0,7.104108943171667,,268.0652402048374,78.44737195166591,346.5126121565033,7.767069265760405,1.7499999999999998,False,181.2728115549743,0.0001812728115549743,0.00016489768446813227,Easy-Axis (Uniaxial),36164.6342531753,36.1646342531753,454.45820598688675,0.6462821771539095,Hard Magnet,48.402769806240194,6.59146080937186,446.7985782619406,0.5614636524408307,62.71529041407988,7.881035978409452,11.236537479064248,257.03102376917013,2.504494001809192,0.8373141111472345,0.02688125996315184,Soft / Non-Viable,261.86420083468346,70.56256134758073
mp-1217504,TbSm(Co2Ni3)2,mmm,47,Pmmm,orthorhombic,4,"Co,Ni,Sm,Tb",12,167.18027643816708,8.911338302591142,1,0,0,TbSm(Co2Ni3)2,0.0,-0.2,0.0,2.562009761994953,0,FM,0.9277593075646247,0.07022057468027572,0.002020117755099593,0.9277593075646247,0.8575387328843489,0.24450299455795788,True,False,520.2151321018623,151.87291963047244,2.821256737695876,8.708612393772327,520.2151321018623,0.0,2.821256737695876,,482.6344307434635,10.664603694823102,493.2990344382866,2.6879343646882936,6.333333333333333,False,58098.728071168814,0.058098728071168816,0.02206537993563976,Easy-Axis (Uniaxial),165827.00191004822,165.8270019100482,2083.8436043524407,37.00731797510355,Hard Magnet,50.08504800538067,2.3591092025198748,446.32480667746484,0.5608682935091233,62.582358167994755,7.86433121937588,14.435860927717135,186.56809208837223,14.814938843279407,1.2284487092387364,0.4817562468508434,Semi-Hard (0.1 <= kappa < 1.0),478.1379312102142,10.219610558956813
mp-1196608,Nd6TlFe13,4/mmm,140,I4/mcm,tetragonal,3,"Fe,Nd,Tl",40,764.8003604758958,7.798191326829581,1,0,0,Nd6TlFe13,0.0,-0.2,0.0,7.018372194146624,0,FM,0.8653540939237819,0.13239298322685736,0.0022529228493606856,0.8653540939237819,0.7329611106969246,0.37007894708178907,True,False,451.60086634268157,164.58339872873256,16.4364880869733,7.555155312094513,451.60086634268157,0.0,16.4364880869733,,390.79465850916614,21.789687147312268,412.58434565647843,14.258509808450173,3.07,False,614.2874454433802,0.0006142874454433802,0.0005523359379417228,Easy-Axis (Uniaxial),166644.78773836044,166.64478773836044,2094.1202043538256,38.24723703382948,Hard Magnet,57.085232476654426,2.576509951009111,445.1615647894969,0.559406520641288,62.25657052053094,7.8233915353844425,2.7432351270774964,366.0571724251628,34.59017453884982,2.2241439613754763,0.049666462382826834,Soft / Non-Viable,370.49582449077934,20.996527033547075
mp-1055905,Fe7Se3,2/m,11,P2_1/m,monoclinic,2,"Fe,Se",40,570.6432837601474,7.307389077838023,1,0,0,Fe7Se3,0.0061419486987149,-1.1969290256506424,1.2,2.0095319964054563,0,FM,0.8678395993749145,0.1296920316022526,0.002468369022832929,0.8678395993749145,0.7381475677726619,0.36659285528670815,True,False,577.9993623090288,263.4976727418588,15.438042248979912,8.149770086412062,577.9993623090288,0.0,15.438042248979912,,501.6107350252236,34.173548500357164,535.7842835255808,13.439372007980563,0.09999999999999999,True,93.03869782166268,9.303869782166268e-05,3.9718932522269725e-05,Easy-Axis (Uniaxial),10332.40282817662,10.33240282817662,129.8408057981313,1.601358476731661,Hard Magnet,60.76967570218609,0.35523653281644485,444.06766448991334,0.5580318849833155,61.9509789688612,7.784989767689423,0.565609578652875,220.10177716500473,205.87534551991442,0.8353082396315211,0.019376606923379128,Soft / Non-Viable,477.0611034568508,32.83553807065963
mp-1219109,SmEr(Co2Ni3)2,mmm,47,Pmmm,orthorhombic,4,"Co,Er,Ni,Sm",12,162.90083014314555,9.230390974383798,1,0,0,SmEr(Co2Ni3)2,0.0,-0.2,0.0,2.6537374051353417,0,FM,0.9283155900353108,0.06939213372611489,0.002292276238574288,0.9283155900353108,0.858923456309196,0.2440545000502635,True,False,543.8751994934938,154.3674091490018,1.1950005504853607,5.416910958754372,543.8751994934938,0.0,1.1950005504853607,,504.8878267233751,10.711883898621423,515.5997106219966,1.1712916174548436,6.333333333333333,False,26991.928743139295,0.026991928743139295,0.019945096751527214,Easy-Axis (Uniaxial),136818.2622030384,136.81826220303842,1719.3090230568828,11.408816504390668,Hard Magnet,48.07955419578696,2.923800358635127,443.79308310118864,0.5576868358338635,61.87439006991417,7.775365322611308,18.590449079454533,193.3949240371224,3.533318408125268,1.2528222446905852,0.33024138595887903,Semi-Hard (0.1 <= kappa < 1.0),502.8846685375982,10.429408025488476
mp-1216167,Y2(CoNi)5,mmm,47,Pmmm,orthorhombic,3,"Co,Ni,Y",12,165.1134740267175,7.70307247767632,1,0,0,Y2(CoNi)5,0.0,-0.2,0.0,2.214633337331942,0,FM,0.9448700320566813,0.050258206274764884,0.0048717616685539,0.9448700320566813,0.8946118257819164,0.2091926050254753,True,False,565.9048331846649,268.7260140544049,29.277224040634223,10.169809077736062,565.9048331846649,0.0,29.277224040634223,,534.7065178722252,13.50568744574165,548.2122053179668,27.667893015046022,6.666666666666667,False,45769.60506185144,0.04576960506185144,0.016616975102759137,Easy-Axis (Uniaxial),11850.04308889127,11.85004308889127,148.91203614404014,8.74446819811357,Hard Magnet,57.60350155627073,9.887629687668674,443.7239474558941,0.5575999574197201,61.85511355187917,7.772942963866427,3.015934957742897,176.61967364159588,35.071161481541594,0.6572481427341023,0.43010132708618726,Semi-Hard (0.1 <= kappa < 1.0),487.163835364064,12.852167021521408
mp-1219302,Sm2Co18Si4C3,2/m,12,C2/m,monoclinic,4,"C,Co,Si,Sm",27,312.0923234474908,8.033629217609892,1,0,0,Sm2Co18Si4C3,0.0,-0.2,0.0,1.707146208742102,0,FM,0.9235885711162946,0.07394668955906677,0.0024647393246386706,0.9235885711162946,0.8496418815572278,0.25559946244720577,True,False,659.1731823626089,179.9587225048549,15.641790276595032,29.437885456613813,659.1731823626089,0.0,15.641790276595032,,608.8048176164626,13.307351786512749,622.1121694029754,14.609662695396931,6.1,False,21586.838481543724,0.021586838481543726,0.005830814828456198,Easy-Axis (Uniaxial),129138.43382245382,129.13843382245383,1622.8014514969352,2.6642937781505913,Hard Magnet,55.12306934228786,8.524266539930597,442.8383004325399,0.5564870205468228,61.60844159793072,7.741945251329392,11.368383974854627,452.980487032866,161.36768140542196,2.517135489337815,0.29596776551026943,Semi-Hard (0.1 <= kappa < 1.0),578.6351836519847,11.599960276855969
mp-1190466,CoBi6(SO8)2,1,5,C2,monoclinic,4,"Bi,Co,O,S",50,755.9878826019866,7.173538304372096,0,1,1,CoBi6(SO8)2,0.001,-2.4995,2.5,1.5243768896790704,0,FM,0.4582301151548627,0.38688624824999723,0.1548836365951401,0.4582301151548627,0.0713438669048655,0.9228575007634228,False,True,448.1830911642478,49.994809871244996,52.02898082457338,2.039534188551329,448.1830911642478,0.0,52.02898082457338,,205.3709894746556,19.342304423057904,224.7132938977135,23.85430008903864,1.1119999999999999,True,781.2220978304139,0.0007812220978304138,0.000489314045126973,Easy-Axis (Uniaxial),31181.03995541468,31.18103995541468,391.8325118329934,2.948352419927035,Hard Magnet,61.7090247927283,1.3974960185168754,442.67205307608384,0.5562781079573343,61.56219303268815,7.736133485104283,11.266404751209054,59.54133154061317,38.925145605202914,1.1909502545154982,0.05632487321855398,Soft / Non-Viable,175.0176837659268,19.147049116641593
mp-1196648,Nd6ZnFe13,4/mmm,140,I4/mcm,tetragonal,3,"Fe,Nd,Zn",40,737.7802572198848,7.458203136394995,1,0,0,Nd6ZnFe13,0.0,-0.2,0.0,6.712382822755496,0,FM,0.8492908258017788,0.14851558578298502,0.0021935884152361473,0.8492908258017788,0.7007752400187939,0.3963120316754354,True,False,455.1177653420812,188.13039011841965,18.347036971301748,16.32045588860572,455.1177653420812,0.0,18.347036971301748,,386.52734276443636,27.94029509201859,414.4676378564549,15.769362861750588,3.14,False,313.2015407649806,0.00031320154076498063,3.799276026837968e-05,Easy-Axis (Uniaxial),37038.265002637214,37.03826500263721,465.4365739780017,0.2741523199498521,Hard Magnet,59.316305553852445,3.647133165319591,442.39305612110616,0.5559275100436817,61.48461753750533,7.7263850606843025,10.888116775580052,403.6434515843125,37.81523465322644,2.145551557779884,0.03568606903804541,Soft / Non-Viable,364.25092544456214,25.83231897995486
mp-1222814,LaYCo10,mmm,47,Pmmm,orthorhombic,3,"Co,La,Y",12,171.2048096639929,7.925585311552266,1,0,0,LaYCo10,0.0,-0.2,0.0,1.6841868787048564,0,FM,0.9293128842258584,0.06879015450752125,0.0018969612666203636,0.9293128842258584,0.8605227297183372,0.24043713271677739,True,False,901.5521495485318,246.3591735169615,14.05943111675441,14.385655445654265,901.5521495485318,0.0,14.05943111675441,,837.8240283769686,16.94708561057702,854.7711139875456,13.103032798494546,8.333333333333334,False,28326.25814739953,0.02832625814739953,0.00099720650842814,Easy-Axis (Uniaxial),30971.411047720027,30.971411047720025,389.1982372362432,30.72398133974083,Hard Magnet,62.24296013380948,8.380109628044032,493.3118905840537,0.6199140045549419,61.43999050043682,7.72077706170312,1.5333621146724077,268.4863740908897,39.79508346965315,1.0898168323023893,0.3043463437222535,Semi-Hard (0.1 <= kappa < 1.0),800.3173399994156,15.809906288131321
mp-1197249,Ho2Fe5Co12,6/mmm,194,P6_3/mmc,hexagonal,3,"Co,Fe,Ho",38,490.6058747227255,8.910374242129983,1,0,0,Ho2Fe5Co12,0.0,-0.2,0.0,4.343807443038367,0,FM,0.9274580217503974,0.07058850192692426,0.001953476322678396,0.9274580217503974,0.8568695198234731,0.24499366751729434,True,False,1004.5364938514593,236.3837893377119,5.667161993076661,12.406511495863455,1004.5364938514593,0.0,5.667161993076661,,931.6654293635547,16.685977569158734,948.3514069327134,5.328514148087282,6.13157894736842,False,140.2772557565803,0.00014027725575658031,7.861694778741642e-05,Easy-Axis (Uniaxial),74283.50669532671,74.28350669532671,933.4740938022621,13.784215617813464,Hard Magnet,49.6131419836565,0.1151481247542776,442.0716624023105,0.5555236347853303,61.39531418333124,7.71516287000972,12.772056567858394,367.24865151123936,25.165904802746724,1.553611829898226,0.023899896590253218,Soft / Non-Viable,914.392069421566,15.711361626014641
mp-1218992,SmYFe4,-43m,216,F-43m,cubic,3,"Fe,Sm,Y",6,100.6366422680598,7.633814997050307,0,0,0,SmYFe4,0.0,-0.2,0.0,2.0992991241888346,0,FM,0.9195287475030003,0.0782621211270138,0.0022091313699858523,0.9195287475030003,0.8412666263759865,0.264005645384135,True,False,565.749730630482,256.52033933502844,7.1940582358463985,8.45106534648366,565.749730630482,0.0,7.1940582358463985,,520.2231412068069,20.07582586858068,540.2989670753875,6.648125252433523,3.4,False,0.16949356015042594,1.6949356015042595e-07,1.3863117788002964e-07,Easy-Axis (Uniaxial),19678.558685863773,19.678558685863774,247.2880664070342,0.8557242633951202,Hard Magnet,68.93454355719683,0.6191302535361558,526.2335524217468,0.6612845849442477,61.17974459687138,7.6880735963170705,2.405220306343849,320.86416911786614,34.800797375351834,1.2508332475687296,0.0006978998965033502,Soft / Non-Viable,508.0402376865721,19.26190766663725
mp-1198021,Pr6Fe13Hg,4/mmm,140,I4/mcm,tetragonal,3,"Fe,Hg,Pr",40,758.7436252767957,7.75626927822775,1,0,0,Pr6Fe13Hg,0.0,-0.2,0.0,2.1329740515126314,0,FM,0.8868014621546231,0.11098922979174634,0.002209308053630644,0.8868014621546231,0.7758122323628768,0.331359215820176,True,False,435.7800776817561,198.35454756179124,7.8637611454727505,47.396819446449626,435.7800776817561,0.0,7.8637611454727505,,386.4504100660365,22.01521845957353,408.46562852561004,8.735231518706776,3.07,False,2329.9564225992754,0.0023299564225992752,0.0004620990577431822,Easy-Axis (Uniaxial),69635.71696215533,69.63571696215533,875.0682443429696,17.58912965030842,Hard Magnet,56.832269850665725,2.283957008585329,440.8063886546677,0.5539336449011805,61.044372390801605,7.671062222863029,6.624207678716809,359.1747738191582,23.108203725153118,1.8107715615003401,0.09768347189794077,Soft / Non-Viable,376.5793108888478,17.79749514066719
mp-1220135,NdY3(Co4B)4,6/mmm,191,P6/mmm,hexagonal,4,"B,Co,Nd,Y",24,301.72200193953745,7.689186367464704,1,0,0,NdY3(Co4B)4,0.0,-0.2,0.0,6.43969358275169,0,FM,0.9303122961809519,0.06746803689116079,0.002219666927887282,0.9303122961809519,0.8628442592897911,0.2390877782797396,True,False,396.74998177027635,170.85734142017262,25.22032219404096,24.483656045396486,396.74998177027635,0.0,25.22032219404096,,369.1013865504566,11.52740941406186,380.6287959645185,23.52085257785218,7.016666666666667,False,30824.60297109725,0.03082460297109725,0.023890168101919265,Easy-Axis (Uniaxial),77485.61724362624,77.48561724362624,973.7130024820623,11.657291418756238,Hard Magnet,57.25699198132377,0.3269918361162141,440.25968218483064,0.5532466332894564,60.89304673546091,7.652046079808884,5.92325772255605,274.8432129128311,24.62538202806796,1.6086122529375915,0.35574179982505355,Semi-Hard (0.1 <= kappa < 1.0),340.4781571401011,10.270154733875785
mp-1219445,Sc4TaFe19P12,m,6,Pm,monoclinic,4,"Fe,P,Sc,Ta",36,431.9897877541352,6.894135663260303,0,1,0,Sc4TaFe19P12,0.0,-0.6,0.5,1.8958873073965836,0,FM,0.8824278059538222,0.10798970553018034,0.009582488515997502,0.8824278059538222,0.7744381004236418,0.35978571869722853,True,False,360.83154008325744,232.61748373880138,18.83692671757308,7.176082524422043,360.83154008325744,0.0,18.83692671757308,,318.4077842346075,25.120293570124673,343.52807780473216,16.640282375853864,1.363888888888889,False,7231.692214571106,0.007231692214571106,0.00010175091816884477,Easy-Axis (Uniaxial),20660.053485429333,20.660053485429334,259.62189405404985,5.318266191121095,Hard Magnet,63.797278391608046,2.5924912993559417,439.82709217853096,0.5527030246551334,60.77344104308656,7.637015984937263,5.517690388956207,293.01181721754904,193.577639763862,1.259629381713038,0.17247774192165882,Semi-Hard (0.1 <= kappa < 1.0),299.5962113102297,24.25018685944453
mp-1224084,Ho2(CoNi)5,mmm,47,Pmmm,orthorhombic,3,"Co,Ho,Ni",12,163.71919978177596,9.3108460385737,1,0,0,Ho2(CoNi)5,0.0,-0.2,0.0,2.6768682360899385,0,FM,0.9293190806833346,0.06859959109859454,0.0020813282180707363,0.9293190806833346,0.8607194895847401,0.24101690756794436,True,False,476.49509721042625,195.30320005603414,26.019253736461195,13.791905201368465,476.49509721042625,0.0,26.019253736461195,,442.81598568970946,13.397719664090948,456.21370535380044,24.19869169045297,6.666666666666667,False,2707.3295863226654,0.0027073295863226654,0.0009184593957699646,Easy-Axis (Uniaxial),31475.875717454215,31.475875717454215,395.53752736112637,11.655031882020737,Hard Magnet,47.23779766818289,3.449099107588051,439.8238612897467,0.5526989646005457,60.77254818536425,7.63690378512464,8.778196319656836,207.8104525928743,10.991163566365003,1.0640401823075696,0.10553265047987,Semi-Hard (0.1 <= kappa < 1.0),407.4753076218572,12.533420899609618
mp-1219088,SmCo3Ni2,6/mmm,191,P6/mmm,hexagonal,3,"Co,Ni,Sm",6,84.79182711515486,8.70587019238456,1,0,0,SmCo3Ni2,0.0,-0.2,0.0,2.502937680310561,0,FM,0.9287007040830607,0.06932918914573967,0.0019701067711994876,0.9287007040830607,0.859371514937321,0.24212352509033597,True,False,718.0136770062959,184.64168717736607,2.348191308401283,1.5092959143056106,718.0136770062959,0.0,2.348191308401283,,666.8198073770143,12.801058454508107,679.6208658315223,2.18327587159257,7.0,False,18720.830905553707,0.018720830905553706,0.012992346828689353,Easy-Axis (Uniaxial),231911.9832105205,231.9119832105205,2914.291987550251,47.759369078847946,Hard Magnet,50.45707439453729,2.8268370340892126,439.27273996633244,0.5520064051201958,60.62034151402844,7.617776930333226,0.31620675736817916,278.4879968355157,4.752084804198461,1.5082617641378093,0.277858300634039,Semi-Hard (0.1 <= kappa < 1.0),661.6409423433704,12.70517908012732
mp-17849,Ho6Fe16O,m-3m,229,Im-3m,cubic,3,"Fe,Ho,O",23,415.54865029178166,7.588839322383211,1,0,0,Ho6Fe16O,0.0,-2.5,2.5,2.0869308136553832,0,FM,0.8922191648456161,0.1055943639167874,0.002186471237596419,0.8922191648456161,0.7866248009288287,0.3208929424157136,True,False,560.7856264591467,221.14098913527937,0.6482583459691682,31.434505508247952,560.7856264591467,0.0,0.6482583459691682,,500.3436832968055,23.35124208366902,523.6949253804745,3.3693218426076896,2.6826086956521737,False,645.5270790750536,0.0006455270790750536,0.00015006674616503202,Easy-Axis (Uniaxial),29263.15094675238,29.26315094675238,367.73160728472993,11.7469093116044,Hard Magnet,57.847272976625405,4.250013952134363,438.9936598576506,0.5516557027125166,60.54333897877794,7.608100506183212,2.277508022483276,125.2348796360451,15.487949684933959,0.566312378929601,0.051629040328256375,Soft / Non-Viable,499.26484129607496,20.179568325291772
mp-1221363,Mn5Sb4,-6m2,187,P-6m2,hexagonal,2,"Mn,Sb",9,173.5273748960466,7.289240670801728,0,0,0,Mn5Sb4,0.0,-0.6,0.5,2.733465251550648,0,FM,0.8803516280682426,0.11709798794928991,0.0025503839824675026,0.8803516280682426,0.7632536401189527,0.3445815221961481,True,False,382.0170641953973,291.7306596986,57.63399422357,20.436524073154914,382.0170641953973,0.0,57.63399422357,,336.30934441426837,34.16107327382506,370.47041768809345,50.7945842326621,1.3888888888888888,True,42.80180946672124,4.280180946672124e-05,2.7380970910717498e-05,Easy-Axis (Uniaxial),20646.170937491526,20.646170937491526,259.44744080820266,4.18218540553562,Hard Magnet,60.12081110385378,18.44870460966453,438.2350614597991,0.5507024198510305,60.334277202369115,7.581829028036341,2.662266235758074,185.29092777898165,21.303673948043254,0.6351438274277171,0.01331738673837122,Soft / Non-Viable,282.1118935947928,30.994022807661615
mp-1223880,HoCo3Ni2,6/mmm,191,P6/mmm,hexagonal,3,"Co,Ho,Ni",6,81.23309037089841,9.385106763332493,1,0,0,HoCo3Ni2,0.0,-0.2,0.0,2.698218194458092,0,FM,0.9286168783390775,0.06942363447647618,0.001959487184446478,0.9286168783390775,0.8591932438626013,0.2422870135129465,True,False,541.1418050007561,188.80453531957693,36.64503453992245,8.771436062657642,541.1418050007561,0.0,36.64503453992245,,502.5134136985759,13.107497047527245,515.6209107461032,34.03464561282601,7.0,False,986.2732480588616,0.0009862732480588616,0.000216334895302602,Easy-Axis (Uniaxial),50428.96119207252,50.42896119207252,633.7090283477537,12.223846446538507,Hard Magnet,46.56494433774275,0.4346734266858405,437.01697403835055,0.5491717260531693,59.99934148679351,7.539739763879589,8.120361450236981,289.62020129988616,23.97476959001861,1.5339684547813708,0.06410551434755986,Soft / Non-Viable,447.8130037343384,12.556791575254913
mp-1226649,CeAlCo4,mmm,65,Cmmm,orthorhombic,3,"Al,Ce,Co",6,85.5961809237866,7.814781862480311,1,0,0,CeAlCo4,0.0,-0.2,0.0,1.660641145777066,0,FM,0.9299220311954169,0.06681270070840092,0.0032652680961821707,0.9299220311954169,0.863109330487016,0.24307096558588154,True,False,399.9127739280419,116.131202031589,16.5495870750197,8.700917251928594,399.9127739280419,0.0,16.5495870750197,,371.88769903215825,7.759039244243397,379.64673827640166,15.400801261836667,7.016666666666667,False,1863.341260610671,0.001863341260610671,0.002889637519923905,Easy-Axis (Uniaxial),22010.97802899233,22.01097802899233,276.59811287029265,3.658126405029077,Hard Magnet,55.741319040286726,3.1306729795116333,435.60624902676113,0.5473989567201115,59.61260156450254,7.491140590986688,7.663347734859351,208.25991256375474,16.703210483515477,1.793315740476928,0.08839896232409848,Soft / Non-Viable,352.44496996676594,7.4355583544247175
mp-1221312,Nd6Ga3Fe11,4mm,108,I4cm,tetragonal,3,"Fe,Ga,Nd",40,774.3771707364887,7.243268805191656,0,1,0,Nd6Ga3Fe11,0.0,-0.2,0.0,6.5189419246724905,0,FM,0.8023558021930182,0.19337946347809307,0.004264734328888781,0.8023558021930182,0.6089763387149251,0.4712285539200534,True,False,453.77827327034606,207.465770553906,1.1580277199821296,5.371535290631357,453.77827327034606,0.0,1.1580277199821296,,364.09163046759113,40.1196193997835,404.21124986737465,1.3936680294086405,3.955,False,212.3090872474123,0.0002123090872474123,0.00010536375022260384,Easy-Axis (Uniaxial),38165.25346088424,38.16525346088424,479.59872889756656,1.2200216447112184,Hard Magnet,59.99397114700935,1.75687479014357,434.55245970870106,0.5460747260080919,59.32452884289284,7.45494030444708,14.253708541443238,298.0877069652454,44.202373214929054,1.4368042794210867,0.029911427995066027,Soft / Non-Viable,362.6916073505352,39.070282396251514
mp-1215821,YZr2Co9,3m,160,R3m,trigonal,3,"Co,Y,Zr",12,162.80343251261326,8.177601071818543,0,1,0,YZr2Co9,0.0,-0.2,0.0,1.7377402277614404,0,FM,0.9291666140103363,0.06890499847084756,0.001928387518816046,0.9291666140103363,0.8602616155394888,0.24088613285464325,True,False,409.90166068151404,272.02172994355715,27.129486981035313,40.08588900515625,409.90166068151404,0.0,27.129486981035313,,380.8669381326562,18.743656885798114,399.61059501845426,25.358690046754347,6.85,False,21216.721808029524,0.021216721808029523,0.017163985336298537,Easy-Axis (Uniaxial),12327.09302106471,12.327093021064709,154.9068225097469,12.333542350145084,Hard Magnet,54.66730675900188,1.8965582335698414,447.0474263458469,0.5617763641657346,59.11827044018172,7.429021108635612,0.08198994120120404,267.7550810210321,1.1530457275072195,0.9843150437892945,0.2906568817414313,Semi-Hard (0.1 <= kappa < 1.0),349.28089942078765,15.61412623079698
mp-1217588,TbCo2Ni3,mmm,65,Cmmm,orthorhombic,3,"Co,Ni,Tb",6,81.64356305135375,9.210910468404949,1,0,0,TbCo2Ni3,0.0,-0.2,0.0,2.6481367596664227,0,FM,0.9300533788807595,0.06793471885740267,0.0020119022618379444,0.9300533788807595,0.8621186600233568,0.2390498265854164,True,False,356.9006922778214,160.3656285740729,41.916227211305056,10.34310845448546,356.9006922778214,0.0,41.916227211305056,,331.93669477786995,10.894393891570303,342.83108866944025,38.99066059460044,6.333333333333333,False,6689.196128234848,0.006689196128234849,0.004410040533011133,Easy-Axis (Uniaxial),33129.42346670328,33.12942346670328,416.316621610404,5.504843460983441,Hard Magnet,47.05381255422181,11.460081634778746,433.4084546340458,0.5446371268328094,59.01258386923369,7.415740142182666,6.859114238019752,183.84990522715933,9.12778337836832,1.146442082769869,0.1683389654622228,Semi-Hard (0.1 <= kappa < 1.0),291.2438793722992,10.358688688797862
mp-1194037,Pr6Mn23,m-3m,225,Fm-3m,cubic,2,"Mn,Pr",29,455.836609560104,7.682822279494685,1,0,0,Pr6Mn23,0.0,-0.2,0.0,2.881058354810506,0,FM,0.8657576400705163,0.13170928917542357,0.00253307075406018,0.8657576400705163,0.7340483508950927,0.3704111771893011,True,False,401.4960704611293,150.62171263558616,2.858590018762584,2.632723387484006,401.4960704611293,0.0,2.858590018762584,,347.598290460013,19.83827870561797,367.436569165631,2.499020184587901,2.1482758620689655,False,212.55906129787846,0.00021255906129787847,4.171307218546545e-05,Easy-Axis (Uniaxial),62773.17916944022,62.77317916944022,788.8310494093392,24.059240610659906,Hard Magnet,56.39909671293867,2.3377195755343116,433.3042367695407,0.5445061628018085,58.98420682228722,7.412174177224687,0.2670478943923084,162.67573994895685,21.541301933486878,1.0800284839579148,0.03001524856465426,Soft / Non-Viable,344.31741603084004,19.58052813383183
mp-1065741,NbFe3,m-3m,221,Pm-3m,cubic,2,"Fe,Nb",4,51.76050104238525,8.355272417075318,1,0,0,NbFe3,0.0,-0.2,0.0,2.2976999146957127,0,FM,0.9097672627912737,0.08752336650464783,0.002709370704078501,0.9097672627912737,0.8222438962866259,0.2869460148833129,True,False,362.04628173646665,213.25430372876724,1.9290444240133695,15.955057705989375,362.04628173646665,0.0,1.9290444240133695,,329.3778547391436,18.66473458394638,348.04258932308994,2.2427674047957993,1.325,True,54.246463858534916,5.424646385853492e-05,2.3749610178176248e-05,Easy-Axis (Uniaxial),10863.638185499149,10.863638185499148,136.51650631138622,3.461436861677434,Hard Magnet,80.11064055367238,10.00397633038456,669.3462253323343,0.8411252736848478,58.894205786516146,7.400864313293215,7.147892029413534,212.92987749464046,10.200347526837533,0.998478688455735,0.009815896399102863,Soft / Non-Viable,327.27343806969014,17.28575823341666
mp-1221705,Mn3Sb2,-6m2,187,P-6m2,hexagonal,2,"Mn,Sb",5,86.73981261112024,7.817111473148667,0,0,0,Mn3Sb2,0.0,-0.6,0.5,2.93141680243075,0,FM,0.8619424315308956,0.13573581961219044,0.002321748856914101,0.8619424315308956,0.7262066119187052,0.37611899624512446,True,False,413.2137533416923,257.7056484628507,46.697425909255344,17.256361541586926,413.2137533416923,0.0,46.697425909255344,,356.166467297346,34.97988741279607,391.1463547101421,40.3185884249707,1.2600000000000002,True,24.718684367739318,2.4718684367739317e-05,2.8749026205474916e-05,Easy-Axis (Uniaxial),22073.755697924844,22.073755697924845,277.38700033972987,2.272373531532398,Hard Magnet,55.28829211247175,12.415012350968372,432.1947426031979,0.5431119313129352,58.682530339629935,7.3742643916211374,1.6742241452091278,186.55066582408398,36.308711900782455,0.7238904810073498,0.010261911486999467,Soft / Non-Viable,308.19363572999447,32.20148507007033
mp-2812,HoFe5,6/mmm,191,P6/mmm,hexagonal,2,"Fe,Ho",6,88.77026181351198,8.30838218184011,1,0,0,HoFe5,0.0,-0.2,0.0,2.28480510000603,0,FM,0.927940905155571,0.07019698340516785,0.0018621114392611716,0.927940905155571,0.8577439217504031,0.24356018779649907,True,False,504.955395984632,214.02733562449777,2.3230183991940123,8.546367401779477,504.955395984632,0.0,2.3230183991940123,,468.5687672131692,15.024073327085159,483.5928405402544,2.2375497777440723,1.7499999999999998,False,1201.8537976261498,0.0012018537976261497,0.001305681850349412,Easy-Axis (Uniaxial),48904.86587400898,48.90486587400898,614.5566813572859,21.8066194801725,Hard Magnet,51.99938772518623,2.39466809473884,432.0307864425326,0.5429058979249924,58.63801551120594,7.36867049319436,3.9081962244959207,336.90686277900693,2.0634605381671633,1.5741300605175794,0.07158238963739201,Soft / Non-Viable,464.96833389754727,14.40837691326477
mp-1219225,Sm2(CoNi)5,mmm,47,Pmmm,orthorhombic,3,"Co,Ni,Sm",12,167.7393684026464,8.799216937375718,1,0,0,Sm2(CoNi)5,0.0,-0.2,0.0,2.529774869495519,0,FM,0.9260156423792212,0.07180358625573631,0.002180771365042501,0.9260156423792212,0.8542120561234848,0.24909526958725198,True,False,681.6963632076981,174.25532316677368,27.698362755518758,4.3207037524836664,681.6963632076981,0.0,27.698362755518758,,631.2614956833555,12.51215712752664,643.7736528108821,25.65099339640242,6.666666666666667,False,74579.70009512086,0.07457970009512085,0.0038747165309970066,Easy-Axis (Uniaxial),213252.46260477664,213.25246260477664,2679.809531576923,28.74973135698581,Hard Magnet,49.08096666749083,0.3662922803140134,431.8740732033583,0.5427089662606284,58.59548295574038,7.3633256945389665,2.3961348733209356,208.99630993256562,12.696434588436844,1.1993682955242781,0.5640898062125157,Semi-Hard (0.1 <= kappa < 1.0),577.904775332349,12.247566592844162
mp-1223090,La2VCo16,3m,160,R3m,trigonal,3,"Co,La,V",19,249.1191013728832,8.4765890011882,0,1,0,La2VCo16,0.0,-0.2,0.0,1.8012751627524926,0,FM,0.9289121453593705,0.06920438500024484,0.0018834696403847023,0.9289121453593705,0.8597077603591257,0.24134141212815355,True,False,755.3892254612547,298.39036516621184,61.0982979912352,14.041791200016007,755.3892254612547,0.0,61.0982979912352,,701.6902260045673,20.649921711326172,722.3401477158935,56.76326959649938,8.0,False,22997.432300062705,0.022997432300062706,0.006712281033435965,Easy-Axis (Uniaxial),21078.970647222515,21.078970647222516,264.88616246812717,20.225609086785607,Hard Magnet,69.36274040969136,7.588513630351876,587.9594424490621,0.7388516260026896,58.59326347959013,7.36304678693481,0.3903958047027429,280.2387477656117,22.541668064927563,0.9391682188180267,0.23008450550394743,Semi-Hard (0.1 <= kappa < 1.0),582.9633342843387,19.29522416678844
mp-568006,DyFe5,6/mmm,191,P6/mmm,hexagonal,2,"Dy,Fe",6,89.21897698445032,8.221363268338376,1,0,0,DyFe5,0.0,-0.2,0.0,8.426897350046834,0,FM,0.9288249938730011,0.06932528304412773,0.0018497230828711203,0.9288249938730011,0.8594997108288733,0.24143634408502168,True,False,502.88817411139445,217.6088888137325,11.359772598651432,10.909353392598604,502.88817411139445,0.0,11.359772598651432,,467.09510523782063,15.085797809930126,482.18090304775075,10.578310888048666,1.7499999999999998,False,0.8526431930313629,8.52643193031363e-07,9.755887143445735e-08,Easy-Axis (Uniaxial),47541.92315601923,47.54192315601923,597.4294377041546,13.805377624191037,Hard Magnet,52.51067993973593,2.9397601694288724,431.70937525201776,0.5425020007110313,58.55079994998225,7.357710662324681,0.08591308035612895,334.2469675921162,10.470447098036146,1.5359986874351574,0.0019080390224469489,Soft / Non-Viable,450.0534234137384,14.305480119555027
mp-1208354,TbGaCo4,6/mmm,191,P6/mmm,hexagonal,3,"Co,Ga,Tb",18,258.449205490299,8.950962040351426,1,0,0,TbGaCo4,0.0,-0.2,0.0,1.902079433574678,0,FM,0.9266272942398635,0.07142911062291393,0.0019435951372227013,0.9266272942398635,0.8551981836169495,0.24690405609636,True,False,503.74585374599155,121.84860627379675,9.631305350555067,0.022418783788005214,503.74585374599155,0.0,9.631305350555067,,466.78465744119814,8.703537576778913,475.48819501797703,8.924630560648875,8.0,False,4954.327291275093,0.004954327291275092,0.0013221186532551231,Easy-Axis (Uniaxial),91659.22747176456,91.65922747176457,1151.8238450124709,10.57210554231365,Hard Magnet,48.130585616526055,1.7126133500310416,430.81504483340905,0.541378151961838,58.30846320231684,7.3272577278866535,1.804834495772512,296.6422927701978,6.388440390419646,2.434515271382222,0.1457459694917543,Semi-Hard (0.1 <= kappa < 1.0),452.26498358690077,8.70256207249139
mp-31222,Th6Mn23,m-3m,225,Fm-3m,cubic,2,"Mn,Th",29,449.1027734460354,9.81972403093563,1,0,0,Th6Mn23,0.0,-0.2,0.0,3.682396511600861,0,FM,0.6546330460368442,0.31016015860872476,0.035206795354431004,0.6546330460368442,0.3444728874281195,0.690206573234986,False,True,363.3502845947551,265.4720091867147,18.875087653362755,6.107031036375446,363.3502845947551,0.0,18.875087653362755,,237.8611035826188,82.33884047552826,320.199944058147,12.500595940546706,0.1,False,85.14555200416338,8.514555200416338e-05,2.798144952443069e-05,Easy-Axis (Uniaxial),21027.985530704897,21.027985530704896,264.24546458570364,6.678924508957842,Hard Magnet,56.156555262066604,4.577542243413475,551.4418752014801,0.6929622976058998,58.217068995480574,7.315772792912438,13.682029772247345,171.98170134972884,21.25947168147529,0.6478336525067273,0.014927129768441714,Soft / Non-Viable,223.78145498890973,79.89910878973986
mp-1216311,YThFe14B,4/mmm,136,P4_2/mnm,tetragonal,4,"B,Fe,Th,Y",68,919.9922430428344,8.03985582964819,1,0,0,YThFe14B,0.0,-0.2,0.0,2.2109603531532525,0,FM,0.9255943393033934,0.07252938883742831,0.0018762718591782627,0.9255943393033934,0.8530649504659651,0.24908359970583155,True,False,556.2056871622124,226.30225081647148,18.55644844542843,8.678182413352104,556.2056871622124,0.0,18.55644844542843,,514.8208355256979,16.413563944253088,531.234399469951,17.18727270947062,0.6823529411764706,False,7318.786654150427,0.007318786654150427,0.011684562394677356,Easy-Axis (Uniaxial),17814.13653679998,17.814136536799978,223.85904624512412,11.774655233685488,Hard Magnet,113.3985072271795,8.184915666754357,911.7076494038414,1.1456856214354907,58.134443596743374,7.305389778883819,3.204487025970568,276.07052545188,9.122990739137265,1.2199194858020657,0.08370646720247747,Soft / Non-Viable,484.8316567170901,15.730982275608394
mp-1216086,Zr3Co8Si,3m,160,R3m,trigonal,3,"Co,Si,Zr",12,158.46306060953992,8.102627168634749,0,1,0,Zr3Co8Si,0.0,-0.2,0.0,1.721808273334884,0,FM,0.9240528295288776,0.07355684748934174,0.0023903229817806545,0.9240528295288776,0.8504959820395358,0.2542999989305824,True,False,454.13686152478795,194.50702635004404,26.24921289898694,18.880330336346233,454.13686152478795,0.0,26.24921289898694,,419.64645188534433,14.307323672835565,433.9537755581799,24.29538471862557,5.366666666666666,True,3074.8452169769535,0.0030748452169769534,0.0015975589632550846,Easy-Axis (Uniaxial),11843.641223760105,11.843641223760105,148.83158793261592,3.6610886933015885,Hard Magnet,58.44579516030268,5.12740385030672,473.5644877583298,0.595098686297033,58.06674749756804,7.296882836004718,6.7205517050384875,334.6356238532983,39.77610273062729,1.7204294885012132,0.10445459990877938,Semi-Hard (0.1 <= kappa < 1.0),385.88272580624584,13.073192690133434
mp-1220644,Nd2Mn22C3,2/m,12,C2/m,monoclinic,3,"C,Mn,Nd",27,318.7943212350741,7.985903245444391,1,0,0,Nd2Mn22C3,0.0,-0.2,0.0,7.985903245444391,0,FM,0.5548730418853219,0.4373148712236501,0.007812086891028013,0.5548730418853219,0.11755817066167185,0.6612322608969273,False,True,396.66688883380357,220.36988178522202,13.501399076191746,21.415475451334913,396.66688883380357,0.0,13.501399076191746,,220.09976322239942,96.37102647447536,316.47078969687476,11.993017185779149,0.8333333333333333,False,120.15676833992268,0.00012015676833992268,1.7050815504392996e-05,Easy-Axis (Uniaxial),104553.62554380445,104.55362554380444,1313.8596331826639,11.46629877996348,Hard Magnet,53.69497851235501,7.95119661601888,428.80290316588264,0.538849620169565,57.76507037463565,7.258972969941825,2.5830609421154005,129.68965805015966,11.548629928701857,0.5885089967809596,0.022804023012786796,Soft / Non-Viable,210.62084303704256,87.04994651167173
mp-1200417,Tm2Fe15Si2,6/mmm,194,P6_3/mmc,hexagonal,3,"Fe,Si,Tm",38,496.7665153408303,8.234491870929968,1,0,0,Tm2Fe15Si2,0.0,-0.2,0.0,2.2644852645057414,0,FM,0.928572566400016,0.06954810705477017,0.0018793265452138944,0.928572566400016,0.8590244593452457,0.2421296968062044,True,False,487.6940875045801,181.42544948271444,8.184806470750459,0.7811544059804731,487.6940875045801,0.0,8.184806470750459,,452.8593504522419,12.617796583083623,465.4771470353256,7.600380921133632,1.1421052631578947,False,2435.045873175917,0.0024350458731759173,0.003994929830010443,Easy-Axis (Uniaxial),88177.44950283454,88.17744950283453,1108.070531807992,4.219052928621046,Hard Magnet,52.03060278089826,10.02872798300525,428.44557563889293,0.5384005891560785,57.6688375863238,7.246880000875096,5.459528987729629,392.74715602349346,45.895935241172936,2.164785354774127,0.10274317425697727,Semi-Hard (0.1 <= kappa < 1.0),440.83226130281906,12.568706082414863
mp-1196232,Nd6Fe13Pb,4/mmm,140,I4/mcm,tetragonal,3,"Fe,Nd,Pb",40,769.8668589735206,7.759022159460922,1,0,0,Nd6Fe13Pb,0.0,-0.2,0.0,6.983119943514829,0,FM,0.8381332127577958,0.15958143197494332,0.0022853552672609623,0.8381332127577958,0.6785517807828525,0.4139384335047686,True,False,450.3530688701019,169.59860925232982,17.710136704642338,5.607934801141411,450.3530688701019,0.0,17.710136704642338,,377.45586448743137,27.064788925445665,404.52065341287704,14.870407049643426,3.14,False,3101.8852213796845,0.0031018852213796845,0.000695967056534846,Easy-Axis (Uniaxial),176253.64231187594,176.25364231187595,2214.8686344498756,43.51972688812863,Hard Magnet,55.20184040709867,5.565101429448063,428.3123029617039,0.5382331137706459,57.63296612233853,7.24237225967834,11.37163139544336,370.3866337461529,22.808780687542594,2.1839013620394105,0.11599716642806716,Semi-Hard (0.1 <= kappa < 1.0),356.41531781373226,26.32659965348324
mp-504491,Dy6Fe16O,m-3m,229,Im-3m,cubic,3,"Dy,Fe,O",23,420.32966774725406,7.444913671236139,1,0,0,Dy6Fe16O,0.0,-2.5,2.5,7.631036513017042,0,FM,0.8913310310427407,0.10647301378183444,0.0021959551754248117,0.8913310310427407,0.7848580172609063,0.32264791675550025,True,False,555.9157223578754,222.96286449139234,8.057319619259545,27.9225718130143,555.9157223578754,0.0,8.057319619259545,,495.50493398211506,23.7395281438293,519.2444621259443,7.772779833339861,2.6826086956521737,False,333.033554525942,0.00033303355452594203,0.0001430375071029319,Easy-Axis (Uniaxial),28918.759713442323,28.918759713442324,363.4038593265446,13.050793785100264,Hard Magnet,57.50964561090226,4.053743323496484,428.15434683655167,0.5380346202496988,57.59046535211548,7.237031455274399,0.9310751023239012,137.61914593826486,11.143578919518582,0.6172290002292187,0.038022328246313075,Soft / Non-Viable,482.54487307218955,20.83122172147566
mp-1217499,TbPrMn4,-43m,216,F-43m,cubic,3,"Mn,Pr,Tb",6,101.31059990961955,8.51630028636231,0,0,0,TbPrMn4,0.0,-0.2,0.0,3.193612607385866,0,FM,0.8691567303560107,0.12617649213528886,0.004666777508700441,0.8691567303560107,0.7429802382207218,0.3714922798088997,True,False,363.42419611759203,124.45225622213036,49.169769146726,1.9381805348629726,363.42419611759203,0.0,49.169769146726,,315.8725860298279,15.702949128430586,331.5755351582585,42.73693548982862,3.4,False,806.9427551374949,0.0008069427551374949,0.000532848191727358,Easy-Axis (Uniaxial),83839.20207429986,83.83920207429986,1053.5545057451543,4.650262765082418,Hard Magnet,50.22395627604972,1.3520018469747122,427.7222932159703,0.5374916856575487,57.47429409349105,7.222432944084682,7.649692683024443,173.6707389880176,16.346999117750897,1.395480839479832,0.059245387554995144,Soft / Non-Viable,271.39169590918436,15.552233942921557
mp-1219076,SmCo2Ni3,6/mmm,191,P6/mmm,hexagonal,3,"Co,Ni,Sm",6,82.73726140199919,8.917245250466953,1,0,0,SmCo2Ni3,0.0,-0.2,0.0,2.563708009509249,0,FM,0.9284958872265923,0.0694395749918362,0.0020645377815715128,0.9284958872265923,0.8590563122347561,0.2429112398525717,True,False,532.173043316343,160.74321710728844,3.726899962936386,3.7798038209826217,532.173043316343,0.0,3.726899962936386,,494.1204820120836,11.161940678750563,505.28242269083415,3.4703509499358343,6.333333333333333,False,8159.850470162929,0.00815985047016293,0.013760710087178224,Easy-Axis (Uniaxial),131996.34616250044,131.99634616250043,1658.715037843003,19.367491488777468,Hard Magnet,47.888298796605845,1.9227447208520445,427.0317049969758,0.5366238669073692,57.28885120688103,7.199129503222586,4.070928123032607,201.61470726771273,12.577860384064437,1.2542657220375557,0.18870180211192497,Semi-Hard (0.1 <= kappa < 1.0),488.0573456671577,10.954903743607638
mp-1219352,Sm2Mn17C2,2/m,12,C2/m,monoclinic,3,"C,Mn,Sm",21,265.2565892042137,7.879543651828428,1,0,0,Sm2Mn17C2,0.0,-0.2,0.0,2.9548288694356604,0,FM,0.515834919932224,0.47703437934227116,0.007130700725504824,0.515834919932224,0.0388005405899528,0.6642934533942311,False,True,402.46004554178813,255.64253965778875,20.63818524800439,9.551647702428184,402.46004554178813,0.0,20.63818524800439,,207.6029453679675,121.9502802391352,329.5532256071027,11.580003557159188,1.0428571428571427,False,101.54861374913048,0.00010154861374913048,2.3248397655216323e-05,Easy-Axis (Uniaxial),150714.8774266576,150.71487742665758,1893.9390436345561,19.33003815111824,Hard Magnet,54.15381588851496,3.912133591504478,426.7073562066335,0.5362162781965931,57.20185760605723,7.188197564719918,6.374540779553268,113.96009109971716,28.181447839069975,0.445779060293595,0.02106696324968867,Soft / Non-Viable,194.24038207494775,116.39162142242807
mp-1219039,SmY(CoNi)2,mm2,44,Imm2,orthorhombic,4,"Co,Ni,Sm,Y",6,94.70178498823604,8.320407107049702,0,1,0,SmY(CoNi)2,0.0,-0.2,0.0,2.392117043276789,0,FM,0.8798989167415112,0.1149529050157645,0.005148178242724249,0.8798989167415112,0.7649460117257467,0.35351665528805243,True,False,485.88162166939856,175.47252489476062,24.150241134088702,5.776615611613991,485.88162166939856,0.0,24.150241134088702,,427.5267125715126,20.17107648710379,447.69778905861637,21.260143827307704,7.333333333333333,False,76882.10906641014,0.07688210906641013,0.022090023443608095,Easy-Axis (Uniaxial),170558.66644725174,170.55866644725174,2143.303455704884,1.8342956471112766,Hard Magnet,51.090048090452356,9.767615896229245,425.08999923131086,0.5341838474798308,56.769052828645,7.133809711297054,9.394591076192878,193.3454119500376,26.017172263763754,1.101855758136473,0.5818711496336065,Semi-Hard (0.1 <= kappa < 1.0),395.6745900380135,19.604828689742856
mp-1226068,GdFe10Mo2N,mmm,71,Immm,orthorhombic,4,"Fe,Gd,Mo,N",14,178.8788492023556,8.555123915270038,1,0,0,GdFe10Mo2N,0.0,-0.6,0.5,9.838392502560543,0,FM,0.9213513927567338,0.07672503401731354,0.0019235732259526516,0.9213513927567338,0.8446263587394203,0.2589577737338764,True,False,472.1045791434989,206.31898529503366,21.63693239842783,12.685431333727735,472.1045791434989,0.0,21.63693239842783,,434.9742115206944,15.829831165179069,450.80404268587347,19.958962960576287,0.807142857142857,False,45465.548559651616,0.04546554855965162,0.006204615103544479,Easy-Axis (Uniaxial),169717.75515573044,169.71775515573043,2132.7362525565395,54.763996467872374,Hard Magnet,107.6136288013771,6.062263899898504,920.6479293676538,1.1569203085776303,56.637897399327755,7.11732823364801,2.1388637377850954,98.41322536154519,41.53389808809547,0.4769954893914172,0.20660589312360844,Semi-Hard (0.1 <= kappa < 1.0),405.71293378261976,14.885675117389923
mp-1188855,Sm2Ga2Co5,-3m,166,R-3m,trigonal,3,"Co,Ga,Sm",18,277.92124731455067,8.781028549415693,1,0,0,Sm2Ga2Co5,0.0,-0.2,0.0,1.8659685667508343,0,FM,0.8653200464194699,0.12713136727476243,0.007548586305767592,0.8653200464194699,0.7381886791447074,0.3861888232610524,True,False,415.0607067806309,169.80502876024786,0.4236244737028585,4.428582603795775,415.0607067806309,0.0,0.4236244737028585,,359.1603500583135,21.58754547642067,380.74789553473414,0.6718306020146073,8.0,False,15941.901068246321,0.01594190106824632,0.004081835051841345,Easy-Axis (Uniaxial),247634.5499469056,247.63454994690562,3111.8675920069536,1.2914182518140767,Hard Magnet,48.35153403194107,4.982897553910934,424.576200742519,0.5335381892567052,56.63190433641374,7.116575123136453,14.513940592816226,273.30545114687607,24.81109088832949,1.609525072032838,0.26528303428342676,Semi-Hard (0.1 <= kappa < 1.0),358.6539014907785,21.119889598079947
mp-1221938,Mn6GaGe,-6m2,187,P-6m2,hexagonal,3,"Ga,Ge,Mn",8,96.59529401821476,8.113852253261697,0,0,0,Mn6GaGe,0.0,-0.2,0.0,3.0426945949731365,0,FM,0.7034276477868386,0.2921053681870794,0.0044669840260820924,0.7034276477868386,0.41132227959975926,0.5744581477815096,False,True,497.3887442887632,235.7070460305261,10.41216669204502,25.36341182472013,497.3887442887632,0.0,10.41216669204502,,349.876994430694,68.8512934650357,418.72828789572975,10.417972123236135,1.575,True,5524.416354234476,0.005524416354234476,0.0034953478741224886,Easy-Axis (Uniaxial),27176.296510780394,27.176296510780393,341.5074205146305,15.603709270231427,Hard Magnet,51.997995975940526,0.775043727195893,421.9040568144777,0.5301802741632375,55.92130212812049,7.027278214313736,8.007140486594686,217.8439157252991,15.214572007657026,0.9242146952920806,0.15715368456095855,Semi-Hard (0.1 <= kappa < 1.0),338.1410575743973,61.10245927461007
mp-1220651,Nd2Mn17C2,2/m,12,C2/m,monoclinic,3,"C,Mn,Nd",21,265.6105875935357,7.79254523050041,1,0,0,Nd2Mn17C2,0.0,-0.2,0.0,7.79254523050041,0,FM,0.5170206128507127,0.47614626292955736,0.006833124219729944,0.5170206128507127,0.040874349921155295,0.6630628347716517,False,True,399.89026969149336,206.56074578761684,23.698237520210796,33.52399816501912,399.89026969149336,0.0,23.698237520210796,,206.75151230893266,98.35312717471606,305.1046394836487,20.122600855171516,1.0428571428571427,False,116.77075457768174,0.00011677075457768175,5.459364981252941e-05,Easy-Axis (Uniaxial),121402.50529204994,121.40250529204994,1525.5889046491418,18.360269441515015,Hard Magnet,54.07410083433876,5.20639696428298,421.37487655022477,0.5295152866309969,55.7811096338983,7.009661105574015,2.848309170414991,126.5772007790245,9.319093237246292,0.6127843908405016,0.022876705059070156,Soft / Non-Viable,191.61504915147123,84.23385000903855
mp-1217565,TbAlCo4,mmm,65,Cmmm,orthorhombic,3,"Al,Co,Tb",6,84.53282937349924,8.282570782331764,1,0,0,TbAlCo4,0.0,-0.2,0.0,1.7600462912454995,0,FM,0.9306294986311171,0.06727304889981302,0.002097452469069924,0.9306294986311171,0.8633564497313041,0.2379469413692372,True,False,445.37112622592053,132.51830323802943,21.542275607885614,14.23112485533484,445.37112622592053,0.0,21.542275607885614,,414.4755079044044,8.914910293852204,423.3904181982566,20.070723397268477,7.016666666666667,False,45572.30715648448,0.04557230715648448,0.007836165899700561,Easy-Axis (Uniaxial),313385.8375822504,313.3858375822504,3938.1226568556453,47.28855535941811,Hard Magnet,50.86045033980317,6.0862520469468535,421.2552799606894,0.5293649971241654,55.749450016232466,7.005682640605747,3.8980959427418713,260.5326803366294,43.02482729185307,1.9660127995199312,0.45206430720326546,Semi-Hard (0.1 <= kappa < 1.0),386.70701118926803,8.322703155176196
mp-1219263,Sm6Al3Fe11,4mm,108,I4cm,tetragonal,3,"Al,Fe,Sm",40,763.7212167532423,6.946368419592387,0,1,0,Sm6Al3Fe11,0.0,-0.2,0.0,1.9102513153879064,0,FM,0.5364823189698942,0.45815428022323984,0.005363400806866017,0.5364823189698942,0.07832803874665434,0.6551281804740964,False,True,481.6214104043472,197.4609315468872,10.769368419265021,12.915274304560441,481.6214104043472,0.0,10.769368419265021,,258.3813711192753,90.46757096507454,348.8489420843498,8.270036136514825,3.07,False,547.3045871200711,0.0005473045871200711,0.0003754301758550268,Easy-Axis (Uniaxial),115052.20348456835,115.05220348456835,1445.7886570730175,32.24694874960831,Hard Magnet,60.25731233101048,3.300707209477853,418.56949142564616,0.5259899357118504,55.040834971479384,6.916635446123053,5.3516040438260255,288.6425270596691,87.97272736350467,1.4617703096935444,0.04985882524673913,Soft / Non-Viable,249.42745074928484,84.97987874337939
mp-1220018,Pr2Mn17C2,2/m,12,C2/m,monoclinic,3,"C,Mn,Pr",21,269.83449211804106,7.629524544745427,1,0,0,Pr2Mn17C2,0.0,-0.2,0.0,2.861071704279535,0,FM,0.5717255545241094,0.42141915733745927,0.0068552881384313005,0.5717255545241094,0.15030639718665018,0.6535221601617773,False,True,405.233603355361,196.60243417870845,18.810302411878183,36.62742036465605,405.233603355361,0.0,18.810302411878183,,231.6824065901468,82.85203214208461,314.5344387322314,18.812500690764768,1.0428571428571427,False,201.19045243465303,0.00020119045243465302,6.300510350660908e-05,Easy-Axis (Uniaxial),94636.4637581763,94.63646375817629,1189.2369003208607,13.936190446807258,Hard Magnet,54.82993011591575,7.741729403841369,418.32629760605573,0.5256843293450408,54.976894801108344,6.90860048718668,0.6660241905622926,135.8310028701771,8.497949223338587,0.6908917655958873,0.030247089038237782,Soft / Non-Viable,218.01278519302468,70.02741441748805
mp-1193262,CeFe9Si4,4/mmm,140,I4/mcm,tetragonal,3,"Ce,Fe,Si",28,350.36254018170735,7.157224116172246,1,0,0,CeFe9Si4,0.0,-0.2,0.0,1.968236631947368,0,FM,0.9088920537408589,0.08907886657532853,0.0020290796838126277,0.9088920537408589,0.8198131871655304,0.28656116075875226,True,False,444.03112812939366,179.27730202908953,77.64203129759585,7.255502376318347,444.03112812939366,0.0,77.64203129759585,,403.57636397039505,15.96981886743414,419.5461828378292,70.57118490330214,0.807142857142857,False,518.1210265806135,0.0005181210265806134,0.001462530074862473,Easy-Axis (Uniaxial),17096.223764869508,17.096223764869507,214.83748810900255,0.9309833787877632,Hard Magnet,58.428798564712366,8.820866520231181,418.18800616632967,0.5255105471966017,54.940551987880944,6.904033514496119,5.819829816753324,350.88612984054805,21.09376562047001,1.9572256268315176,0.048555575260375815,Soft / Non-Viable,320.6023142474536,15.410755019123586
mp-1209713,Pr5Fe2Sb,4/mmm,140,I4/mcm,tetragonal,3,"Fe,Pr,Sb",16,445.46327763123696,6.993016993882412,1,0,0,Pr5Fe2Sb,0.0,-0.6,0.5,1.9230796733176636,0,FM,0.7076753715165657,0.27546710818847797,0.01685752029495651,0.7076753715165657,0.4322082633280877,0.6086564942632745,False,True,466.42158873490246,107.5347632484417,30.8550324672986,6.209605117855091,466.42158873490246,0.0,30.8550324672986,,330.0750710913189,29.622290261780858,359.6973613530997,21.90224448322731,6.65,False,3435.5071625619084,0.0034355071625619083,0.0022931312464172827,Easy-Axis (Uniaxial),43268.86965799238,43.268869657992376,543.7326627498006,23.16846479796273,Hard Magnet,59.723234658573844,0.39174747015443145,417.64559489703396,0.5248289330930642,54.7981229952071,6.886135359066718,10.12609544797174,87.60650811660116,10.373675781872343,0.8146808108388213,0.12519373379737628,Semi-Hard (0.1 <= kappa < 1.0),299.2927766247078,28.730272040287172
mp-1102752,TmCo4B,6/mmm,191,P6/mmm,hexagonal,3,"B,Co,Tm",12,145.38526529878007,9.490885245537218,1,0,0,TmCo4B,0.0,-0.2,0.0,2.016813114676659,0,FM,0.9284019592346873,0.06971593729071492,0.0018821034745977688,0.9284019592346873,0.8586860219439724,0.242541087017401,True,False,399.22714529861946,96.30617233757631,15.678601507123602,8.084117630079021,399.22714529861946,0.0,15.678601507123602,,370.64326387490945,6.7140750713952535,377.3573389463047,14.566951056775423,7.016666666666667,False,117219.50743250568,0.11721950743250567,0.1077176918849155,Easy-Axis (Uniaxial),55621.839353714604,55.621839353714606,698.9646611498782,27.747624562917863,Hard Magnet,43.97627900542307,3.633838045286062,417.37381756619794,0.5244874076266776,54.72682789663625,6.877176152576382,6.084066098435941,313.4986807971884,48.650415211132014,3.2552293709514286,0.7317619313980068,Semi-Hard (0.1 <= kappa < 1.0),352.23476862736817,6.453231652529274
mp-672646,Sm2(InCo3)3,mm2,38,Amm2,orthorhombic,3,"Co,In,Sm",14,219.37568686924405,8.898362967628827,0,1,0,Sm2(InCo3)3,0.0,-0.2,0.0,1.8909021306211256,0,FM,0.9237576897421412,0.07382133087157722,0.00242097938628164,0.9237576897421412,0.849936358870564,0.25507483439173856,True,False,607.0604504655839,167.8895336984972,16.140184994902995,28.503345075562052,607.0604504655839,0.0,16.140184994902995,,560.7767592559113,12.393828817031574,573.1705880729429,15.057364853735386,8.071428571428571,False,12453.663707831169,0.012453663707831169,0.0017010585489247347,Easy-Axis (Uniaxial),243583.07170635706,243.58307170635706,3060.9552139111365,27.623977914038544,Hard Magnet,46.84246134287975,5.344738849681967,416.8212233260661,0.5237929972245919,54.58200946819529,6.858977731787061,11.408574537840192,263.25996581028846,21.87344708482979,1.5680546607691541,0.23883271254073565,Semi-Hard (0.1 <= kappa < 1.0),532.1469264639221,10.847831407398566
mp-1018080,CrCo2Bi,m-3m,225,Fm-3m,cubic,3,"Bi,Co,Cr",4,58.73783977823978,10.710019677308836,1,0,0,CrCo2Bi,0.0,-0.6,0.5,4.953384100755336,0,FM,0.9062945370320361,0.0911853599861998,0.0025201029817640804,0.9062945370320361,0.8151091770458363,0.2936671514754884,True,False,557.1107521546407,453.308210207147,5.005652088480986,0.7248280087590331,557.1107521546407,0.0,5.005652088480986,,504.90643119955956,41.33507233243863,546.2415035319982,4.537076576458366,5.25,True,1832.4729430627556,0.0018324729430627556,0.0022196793794467145,Easy-Axis (Uniaxial),56134.50233147051,56.13450233147051,705.4069742537745,2.3229106340446246,Hard Magnet,38.792889827216094,7.278039232220969,415.47261338915814,0.5220982839964526,54.22938462450026,6.814665586189189,1.556900212422693,153.56931632302405,48.39123883579539,0.3387746192658807,0.09191183814739111,Soft / Non-Viable,496.62007350580654,41.1858091921094
mp-1216240,YZrCo6,3m,160,R3m,trigonal,3,"Co,Y,Zr",24,329.3606982227723,8.072710812571739,0,1,0,YZrCo6,0.0,-0.2,0.0,1.7154510476714944,0,FM,0.9310701486441255,0.06697777440633619,0.0019520769495382576,0.9310701486441255,0.8640923742377893,0.2364289246788924,True,False,406.3706377340022,272.2781443832653,29.414416422306317,37.117150526854516,406.3706377340022,0.0,29.414416422306317,,378.3595700796055,18.236584130278178,396.59615420988365,27.499487083723366,7.2625,False,23850.562073096073,0.023850562073096073,0.021953531210245802,Easy-Axis (Uniaxial),12984.142022813023,12.984142022813023,163.16354393791386,12.323694006576577,Hard Magnet,51.45736580028221,2.17806112488487,415.4004332823974,0.5220075797991987,54.21054370632069,6.8122979665376,0.2747236805649521,266.58509985258536,6.5995644393504165,0.9790910704802428,0.3316480376511015,Semi-Hard (0.1 <= kappa < 1.0),344.5746918324473,15.381919097592064
mp-1197720,Tm2Ga3Fe14,6/mmm,194,P6_3/mmc,hexagonal,3,"Fe,Ga,Tm",38,518.0536998584191,8.51894801225426,1,0,0,Tm2Ga3Fe14,0.0,-0.2,0.0,2.3427107033699217,0,FM,0.927203044487529,0.07088774419552982,0.0019092113169411687,0.927203044487529,0.8563153002919992,0.24544582947272514,True,False,557.3549808880443,167.22993878287235,17.176082094418803,19.70592249080356,557.3549808880443,0.0,17.176082094418803,,516.7812351396832,11.854553122274366,528.6357882619576,15.98686244258267,2.0736842105263156,False,1685.6503331104295,0.0016856503331104296,0.0008360089993424201,Easy-Axis (Uniaxial),17090.80179843694,17.09080179843694,214.76935366802863,3.6270389360371245,Hard Magnet,48.72346075252604,0.24883905895222824,415.07262912788013,0.5215956489497396,54.125019337807814,6.801550657215894,15.61173324528031,366.2220516212519,27.93666443417024,2.1899311468190303,0.08823780933957268,Soft / Non-Viable,488.7959064194299,10.79129136609467
mp-1210208,Nd6AlFe13,4/mmm,140,I4/mcm,tetragonal,3,"Al,Fe,Nd",40,742.948021800867,7.234549751395741,1,0,0,Nd6AlFe13,0.0,-0.2,0.0,6.511094776256167,0,FM,0.8285514530373712,0.1694860540666135,0.001962492896015306,0.8285514530373712,0.6590653989707578,0.4268105760359509,True,False,454.7732717050079,167.3441054868738,11.327766596064947,0.9149313813714031,454.7732717050079,0.0,11.327766596064947,,376.8030550737435,28.362492110277362,405.16554718402085,9.386918391577877,3.07,False,524.185871661995,0.0005241858716619949,0.00018315485855245354,Easy-Axis (Uniaxial),80474.24690533863,80.47424690533863,1011.26923116981,25.16071901734795,Hard Magnet,57.311294094915056,3.9465340550118526,414.6214084465359,0.521028628318676,54.00740592861403,6.786770920037295,5.472562416099235,322.38987124990206,56.68293591550727,1.9265086769081916,0.049259046503773427,Soft / Non-Viable,363.0929478538579,28.233334292552335
mp-1208993,SmZnCo2,6/mmm,194,P6_3/mmc,hexagonal,3,"Co,Sm,Zn",24,383.2958238320749,8.67238146761671,1,0,0,SmZnCo2,0.0,-0.2,0.0,1.8428810618685507,0,FM,0.8834766327919406,0.0937851072232174,0.02273825998484199,0.8834766327919406,0.7896915255687231,0.37998394478335906,True,False,449.5655915200659,211.997692972496,10.75545792955188,15.284474183088335,449.5655915200659,0.0,10.75545792955188,,397.1806950152648,19.88222636650026,417.0629213817651,9.60970969529912,6.875,False,29235.155079665667,0.029235155079665665,0.00761933974434056,Easy-Axis (Uniaxial),241266.59646301443,241.26659646301442,3031.8455269187925,28.86020928940102,Hard Magnet,47.808576388576455,0.01410291516507911,414.6142118654282,0.5210195848281405,54.00553113249301,6.786535326203888,3.2085498750428108,246.2683375008219,10.800379583515365,1.1616557427951448,0.36787780326260916,Semi-Hard (0.1 <= kappa < 1.0),383.4340008006928,18.470655110587725
mp-1219012,SmY(Co2Ni3)2,mmm,47,Pmmm,orthorhombic,4,"Co,Ni,Sm,Y",12,165.2129862929313,8.313692018674788,1,0,0,SmY(Co2Ni3)2,0.0,-0.2,0.0,2.390186455369001,0,FM,0.927562118460876,0.07005508189951434,0.002382799639609627,0.927562118460876,0.8575070365613616,0.2461095299042452,True,False,594.5272688648834,185.8957056177342,13.075436438227428,4.749966265433443,594.5272688648834,0.0,13.075436438227428,,551.46097299107,13.022938881818378,564.4839118728884,12.132843562417621,6.333333333333333,False,62129.654516934555,0.06212965451693456,0.06373073849802001,Easy-Axis (Uniaxial),168768.56174057815,168.76856174057815,2120.8083360853034,24.76838522842797,Hard Magnet,49.85023729091124,3.432842393252546,414.439519894493,0.5208000604231281,53.96003175069604,6.780817705148962,4.252683166617226,192.43224233568247,38.07931697322009,1.035162386867557,0.5365168614845618,Semi-Hard (0.1 <= kappa < 1.0),528.4294858116838,12.720821516459468
mp-1197005,Pr6ZnFe13,4/mmm,140,I4/mcm,tetragonal,3,"Fe,Pr,Zn",40,759.1810652109161,7.160443609751987,1,0,0,Pr6ZnFe13,0.0,-0.2,0.0,1.9691219926817964,0,FM,0.7216039804195414,0.27539779291356287,0.0029982266668957406,0.7216039804195414,0.44620618750597857,0.5534246219764976,False,True,412.45902104114555,203.15149358025502,22.88623330417184,47.874310343426245,412.45902104114555,0.0,22.88623330417184,,297.632071343238,55.94747295909607,353.57954430233406,21.13217969770191,3.14,False,427.5240806005465,0.0004275240806005465,0.00026833632783498473,Easy-Axis (Uniaxial),23631.716550400302,23.631716550400302,296.9649141949386,5.546980731955637,Hard Magnet,57.52314504738081,0.3456858824785769,411.89123636735457,0.5175977928998793,53.29849871463631,6.697687010486298,10.271345739468739,388.6796613795708,33.350930309571055,1.9132503262941696,0.04478089890329072,Soft / Non-Viable,276.53585750389357,45.141808266925004
mp-1213148,ErCo9Si4,4/mmm,140,I4/mcm,tetragonal,3,"Co,Er,Si",28,336.9976738220103,7.982466013718101,1,0,0,ErCo9Si4,0.0,-0.2,0.0,1.6962740279150963,0,FM,0.9237853435376925,0.07427741293777752,0.0019372435245299424,0.9237853435376925,0.8495079305999149,0.25345793086137997,True,False,399.02220006993997,156.48351143826886,130.70262103627164,20.93468682893898,399.02220006993997,0.0,130.70262103627164,,368.61086017077537,11.62319039705373,380.2340505678291,120.75117818862053,5.885714285714286,False,4753.918626795847,0.004753918626795846,0.003322608151378608,Easy-Axis (Uniaxial),67985.00590350409,67.98500590350409,854.3247969997549,16.04159719634697,Hard Magnet,51.56583241849184,8.198995573661794,411.62250474969414,0.5172600947895475,53.22897395608443,6.688950271488203,12.247501771825423,331.11059608766686,11.369772655841047,2.1159455909722897,0.1494245060092122,Semi-Hard (0.1 <= kappa < 1.0),256.75083607610514,10.521833908365062
mp-1210011,NdGaCo4,6/mmm,191,P6/mmm,hexagonal,3,"Co,Ga,Nd",18,265.254535272836,8.445556628788722,1,0,0,NdGaCo4,0.0,-0.2,0.0,7.073153676610555,0,FM,0.9256362593873756,0.07232421494110977,0.002039525671514614,0.9256362593873756,0.8533120444462658,0.24952297318032582,True,False,546.1197733494763,139.3585171961139,18.278084103579772,12.00171088770633,546.1197733494763,0.0,18.278084103579772,,505.5082641806906,10.078995351566084,515.5872595322567,16.94110930617189,8.0,False,13483.692565499638,0.013483692565499637,0.011438985848023829,Easy-Axis (Uniaxial),128927.69574785524,128.92769574785524,1620.1532386975261,43.88106355726419,Hard Magnet,48.65419075972727,0.7095243744929539,410.91172328916565,0.5163669004636658,53.0453032297525,6.665869526858858,5.815871074752961,289.69618777636873,0.5088684524860128,2.0787835118013662,0.2520872943872917,Semi-Hard (0.1 <= kappa < 1.0),476.47791924263845,9.508409445718819
mp-1200053,LuFe5P3,mmm,62,Pnma,orthorhombic,3,"Fe,Lu,P",36,435.7488969692157,8.339692817098598,1,0,0,LuFe5P3,0.0,-0.6,0.5,2.293415524702114,0,FM,0.6916537232659322,0.3021319678915054,0.0062143088425622795,0.6916537232659322,0.3895217553744268,0.590003692664546,False,True,367.8720147063333,205.920583250362,2.5524294056919246,35.16897133915708,367.8720147063333,0.0,2.5524294056919246,,254.4400486569752,62.215191046798445,316.65523970377365,10.77132775569171,1.2,False,1480.5178474735417,0.0014805178474735416,0.001260705324215598,Easy-Axis (Uniaxial),24825.07008610048,24.82507008610048,311.9610372898319,6.885370062155209,Hard Magnet,55.39834745585752,6.979795206012657,462.0052003567473,0.5805728573444151,52.88678274147782,6.64594925441558,6.699681624732553,100.39392717844612,14.828817902036569,0.4875371154926526,0.07429422000573528,Soft / Non-Viable,252.2935107380649,52.91105428791679
mp-1203663,Er2Co12Ni5,6/mmm,194,P6_3/mmc,hexagonal,3,"Co,Er,Ni",38,478.59295377861207,9.265176525213509,1,0,0,Er2Co12Ni5,0.0,-0.2,0.0,2.6637382509988834,0,FM,0.9260000047081214,0.07200568251804342,0.0019943127738352704,0.9260000047081214,0.853994322190078,0.2485308829689831,True,False,837.2363652771903,176.59835874996543,11.20490009313852,4.9539591967856325,837.2363652771903,0.0,11.20490009313852,,775.2808781884887,12.716085353357546,787.9969635418463,10.381867548502163,7.157894736842104,False,272.8904785317697,0.0002728904785317697,1.1775780060802593e-05,Easy-Axis (Uniaxial),58946.77136482795,58.94677136482795,740.7469898807784,9.087244432938004,Hard Magnet,44.26585029677851,1.3749970275469536,410.13091703832765,0.5153857103910621,52.84390350778406,6.640560890888346,7.8689257831608135,281.41074561520344,43.07932080166745,1.5935071401973522,0.03593078870326822,Soft / Non-Viable,747.3669707223053,12.40872379649739
mp-1246911,MnPbN2,mm2,33,Pna2_1,orthorhombic,3,"Mn,N,Pb",16,237.5174376303238,8.114062110689934,0,1,0,MnPbN2,0.0,-0.6,0.5,3.042773291508725,0,FM,0.6028785813545493,0.39186739639787993,0.005254022247570847,0.6028785813545493,0.21101118495666937,0.6369592757307834,False,True,440.2922761676375,109.3548486583376,119.46589021968978,3.1025324336639457,440.2922761676375,0.0,119.46589021968978,,265.44278283731074,42.852599827226946,308.29538266453767,72.03368709759184,0.45,True,244.91849822487666,0.00024491849822487667,3.177451306952392e-06,Easy-Axis (Uniaxial),76512.90460181778,76.51290460181778,961.48953468636,14.244825552464649,Hard Magnet,50.49599680233062,2.9396947059584484,409.727654395311,0.5148789556083547,52.74003669472966,6.62750860196104,10.687618054051397,3.5828388693557796,4.95648767075085,0.03276342030841091,0.03407301656731096,Soft / Non-Viable,189.8434096977148,42.19799656237491
mp-1196052,Dy2Al2Fe15,6/mmm,194,P6_3/mmc,hexagonal,3,"Al,Dy,Fe",38,510.8013525641157,7.910218129944055,1,0,0,Dy2Al2Fe15,0.0,-0.2,0.0,8.107973583192656,0,FM,0.9272934723096006,0.07082190321281559,0.0018846244775838426,0.9272934723096006,0.856471569096785,0.2451531351671613,True,False,499.6773732691725,177.83425040456683,18.5657658824652,2.9068033310380343,499.6773732691725,0.0,18.5657658824652,,463.3475664933114,12.594560070075843,475.9421265633872,17.217144320890338,1.1421052631578947,False,2445.780834895225,0.002445780834895225,0.002043703374117729,Easy-Axis (Uniaxial),124899.95897927534,124.89995897927534,1569.5392047431935,35.734909643208745,Hard Magnet,51.69764045040383,0.9224880013461885,408.93961276611356,0.5138886732911508,52.537358765143765,6.602039341680976,4.697443520332277,324.4314762213931,29.095331768822064,1.8243475341972797,0.10788092345993071,Semi-Hard (0.1 <= kappa < 1.0),436.34402950654476,12.414132856381451
mp-1225671,DyTiCo11,mm2,44,Imm2,orthorhombic,3,"Co,Dy,Ti",13,162.98652440307552,8.747914760590954,0,1,0,DyTiCo11,0.0,-0.2,0.0,8.419867957068792,0,FM,0.9301367521730548,0.06798408760760273,0.0018791602193424777,0.9301367521730548,0.862152664565452,0.23842190353942508,True,False,990.1098267055891,306.1234052948807,1.164083610592968,3.682780281756038,990.1098267055891,0.0,1.164083610592968,,920.9375385065628,20.811520404304847,941.7490589108676,1.1113271238040765,7.546153846153846,False,6417.1088015444275,0.0064171088015444275,0.004965147574165178,Easy-Axis (Uniaxial),185150.24531935726,185.15024531935725,2326.6666472226025,21.11817481362162,Hard Magnet,46.64103227197463,1.497029357720912,408.0117746612059,0.5127227175415114,52.29922647330708,6.572114754754967,15.947076912498224,344.020905633202,49.640441061241546,1.12379811436442,0.17514271308924967,Semi-Hard (0.1 <= kappa < 1.0),917.3778567473611,20.435228128284677
mp-1216318,Y3Th3Mn23,3m,160,R3m,trigonal,3,"Mn,Th,Y",29,446.1576356875132,8.286388309578715,0,1,0,Y3Th3Mn23,0.0,-0.2,0.0,3.107395616092018,0,FM,0.7215814018043157,0.2602103738917164,0.018208224303967915,0.7215814018043157,0.4613710279125993,0.5995849213988209,False,True,360.93174802272597,352.1357881741135,24.480138297315676,11.046118372723896,360.93174802272597,0.0,24.480138297315676,,260.44163669392066,91.62938510144032,352.071021795361,17.896735838100682,1.1241379310344828,False,686.0262812771074,0.0006860262812771074,0.0011547684778376028,Easy-Axis (Uniaxial),13166.727192488452,13.166727192488452,165.4579768933148,3.2845550091909748,Hard Magnet,49.02436248632245,1.5431138262598623,406.2349041912117,0.5104898362555457,51.844697430464734,6.514996949571874,12.348276916344414,170.6986388729315,25.06584114660565,0.4847523160256849,0.05751593828163981,Soft / Non-Viable,240.7928307050483,86.83351848207478
mp-1201674,SmCo5P3,mmm,62,Pnma,orthorhombic,3,"Co,P,Sm",36,441.79404147788455,8.087772672721483,1,0,0,SmCo5P3,0.0,-0.6,0.5,1.718651692953315,0,FM,0.7601962806725112,0.2353399523251883,0.0044637670023004805,0.7601962806725112,0.5248563283473229,0.5216202479739984,False,True,380.0175210775352,204.0683011594346,33.73352765857172,3.81652818892708,380.0175210775352,0.0,33.73352765857172,,288.8879061135299,48.02542426594351,336.9133303794734,25.659826788974918,5.5888888888888895,False,7853.742943637016,0.007853742943637016,0.007503537048534503,Easy-Axis (Uniaxial),86195.26454582057,86.19526454582056,1083.1616605280435,37.92226173541272,Hard Magnet,50.02979103437644,6.786690553368651,404.629576749796,0.5084725222969226,51.435755371476255,6.463607773843055,5.694986401474184,117.45058042685982,29.245246901297108,0.5755454412054812,0.19537805619756832,Semi-Hard (0.1 <= kappa < 1.0),259.6873393036002,47.12613318722268
mp-1185989,MnBi3,m-3m,221,Pm-3m,cubic,2,"Bi,Mn",4,114.21740831084504,9.913437394119724,1,0,0,MnBi3,0.0,-0.6,0.5,3.717539022794896,0,FM,0.7327419995460436,0.2631601898615483,0.004097810592408136,0.7327419995460436,0.46958180968449525,0.5476894688953929,False,True,378.5222685643872,141.36732852651141,9.417400962994293,11.938088977226414,378.5222685643872,0.0,9.417400962994293,,277.3591639405736,37.20225301525662,314.5614169558302,7.582023856725686,2.275,True,32.04601241486184,3.204601241486184e-05,1.9037222270266738e-05,Easy-Axis (Uniaxial),104782.36754367189,104.7823675436719,1316.7340899839098,43.41406631669479,Hard Magnet,47.381817361061024,3.4939475022129223,469.7166800284935,0.5902633884984411,50.39924677742634,6.3333562599346696,8.82829988886176,95.42762769436834,14.337042446391116,0.6750331118867557,0.01075093122602964,Soft / Non-Viable,268.91748467670556,35.10671743317847
mp-510028,Nd2Fe12P7,-6,174,P-6,hexagonal,3,"Fe,Nd,P",21,269.0274724567679,7.255261256283161,0,0,0,Nd2Fe12P7,0.0,-0.6,0.5,6.529735130654845,0,FM,0.36436311853604314,0.6302274766040774,0.005409404859879412,0.6302274766040774,0.26586435806803427,0.6253867089408522,False,True,382.11999920152704,218.52644506161306,7.1523875044291,31.1752927291614,382.11999920152704,0.0,7.1523875044291,,139.2304345640587,137.72137004243996,276.9518046064986,19.819608012227146,1.0428571428571427,False,1132.975972422404,0.0011329759724224041,0.0003406351373442524,Easy-Axis (Uniaxial),30736.253324625555,30.736253324625554,386.24315807760104,5.65025288892736,Hard Magnet,71.41292854143974,12.09299548787395,518.1194536444257,0.6510881077005141,50.36969242698732,6.329642350653686,16.04264854256927,85.19709836774835,12.880327575513476,0.38987088424802413,0.05795294613260972,Soft / Non-Viable,135.98829788882986,119.14886614097685
mp-505207,Sm2Co7B3,6/mmm,191,P6/mmm,hexagonal,3,"B,Co,Sm",24,277.6658367652827,8.918919922806944,1,0,0,Sm2Co7B3,0.0,-0.2,0.0,1.8952704835964755,0,FM,0.9137647479320796,0.08352637058140079,0.002708881486519601,0.9137647479320796,0.8302383773506788,0.27833296482913356,True,False,464.1849571109848,153.8352158975196,3.1677570274379434,24.719127495858345,464.1849571109848,0.0,3.1677570274379434,,424.1558503283822,12.84929725152602,437.0051475799082,3.5555031389365044,6.358333333333333,False,109996.95820689863,0.10999695820689863,0.008121840088324951,Easy-Axis (Uniaxial),773540.6180251637,773.5406180251637,9720.598280206239,162.83892945587394,Hard Magnet,44.762861862886226,2.609626216083928,399.23638047075116,0.5016952319730765,50.073747128091235,6.292452766856151,0.9444128943678508,287.8327758439953,29.52806259588675,1.871046068123575,0.7410632832378017,Semi-Hard (0.1 <= kappa < 1.0),419.7239058208894,11.435873211783306
mp-1205177,Ho2Al3Co14,6/mmm,194,P6_3/mmc,hexagonal,3,"Al,Co,Ho",38,491.17422627607647,8.356343984437856,1,0,0,Ho2Al3Co14,0.0,-0.2,0.0,1.7757230966930444,0,FM,0.9251559289806854,0.07291359503179282,0.0019304759875217949,0.9251559289806854,0.8522423339488926,0.2502783727415161,True,False,632.8343066675159,148.03765503021503,69.70018032611677,10.666825724983255,632.8343066675159,0.0,69.70018032611677,,585.4704108758336,10.793957628329347,596.264368504163,64.48822529520403,6.963157894736842,False,32157.563293373183,0.03215756329337318,0.006755592603503256,Easy-Axis (Uniaxial),128638.59199664056,128.63859199664057,1616.5202537431833,49.86796753373996,Hard Magnet,47.43103370923748,2.473796757588701,396.3500332118558,0.49806814103537467,49.352331060284506,6.201796948342854,0.9118436794256515,301.31251611433413,25.25771056105563,2.0353775264329546,0.40360611318514583,Semi-Hard (0.1 <= kappa < 1.0),475.0907156924161,10.247420391115977
mp-1204922,Ho2Co12Ni5,6/mmm,194,P6_3/mmc,hexagonal,3,"Co,Ho,Ni",38,477.62264481342527,9.251614830222836,1,0,0,Ho2Co12Ni5,0.0,-0.2,0.0,2.659839263689065,0,FM,0.9262512986167252,0.0717376305688952,0.0020110708143795857,0.9262512986167252,0.85451366804783,0.24800081501455384,True,False,813.063060568893,164.56567735845272,10.228780402178359,4.460262074046909,813.063060568893,0.0,10.228780402178359,,753.1007157092262,11.805551766660683,764.9062674758868,9.479822555800975,7.157894736842104,False,174.0706306811924,0.0001740706306811924,5.553730385231693e-05,Easy-Axis (Uniaxial),46055.697049337636,46.05569704933764,578.7529692680307,1.9878244303605077,Hard Magnet,42.805906387991485,0.4357438383318417,396.02375836027244,0.4976581319646605,49.27111094979932,6.191590528047614,8.78879361959144,284.68827352312377,36.79573856816533,1.7299371174647986,0.029719163304124205,Soft / Non-Viable,728.2696802658785,11.548015880352544
mp-1219690,PrCo4Si,mmm,65,Cmmm,orthorhombic,3,"Co,Pr,Si",6,84.38574832171291,7.96417916930477,1,0,0,PrCo4Si,0.0,-0.2,0.0,1.6923880734772636,0,FM,0.9295180106587585,0.06833164423278183,0.0021503451084597257,0.9295180106587585,0.8611863664259767,0.24076305258887495,True,False,412.5222612004219,138.52448181987637,15.428289600495788,19.841540725841803,412.5222612004219,0.0,15.428289600495788,,383.4468715834689,9.465605609246246,392.9124771927152,14.404820287685972,7.016666666666667,False,14965.307288413636,0.014965307288413636,0.01125073023070811,Easy-Axis (Uniaxial),184149.13389364426,184.14913389364426,2314.086309776426,4.223969807686229,Hard Magnet,49.41522864789671,2.997707447227679,393.5517346440113,0.4945516953460582,48.65791939364445,6.114534603028275,11.063967382442137,288.34775387172033,4.9188387457225815,2.0815652950549164,0.277291180350692,Semi-Hard (0.1 <= kappa < 1.0),364.6916439255861,8.611298463424196
mp-1192337,EuCo9Si2,4/mmm,141,I4_1/amd,tetragonal,3,"Co,Eu,Si",24,299.8974294683895,8.178557289187804,1,0,0,EuCo9Si2,0.0,-0.2,0.0,1.7379434239524083,0,FM,0.9289100612399379,0.06922414791065068,0.00186579084941146,0.9289100612399379,0.8596859133292872,0.241288265850247,True,False,522.8544306167294,144.01047537999364,26.513738176508014,8.766961078191812,522.8544306167294,0.0,26.513738176508014,,485.68474116375893,9.969002448387798,495.65374361214674,24.636354214625396,6.85,False,3439.3912446752183,0.0034393912446752184,0.0060545378571176525,Easy-Axis (Uniaxial),170053.63073624446,170.05363073624446,2136.9569896635876,34.4460911765431,Hard Magnet,48.00601398226444,0.03685721298488431,392.61993557950046,0.4933807621077826,48.427780758730606,6.085614528676346,7.049295233348399,371.26417045636106,33.58319219024631,2.578035864937768,0.13324886278570422,Semi-Hard (0.1 <= kappa < 1.0),446.24591652055295,9.550364096792114
mp-1202860,Pr6CdFe13,4/mmm,140,I4/mcm,tetragonal,3,"Cd,Fe,Pr",40,778.3410328715454,7.184730452970835,1,0,0,Pr6CdFe13,0.0,-0.2,0.0,1.97580087456698,0,FM,0.7478055016256542,0.24929781968238426,0.0028966786919615915,0.7478055016256542,0.4985076819432699,0.5284408559294511,False,True,429.62937467211015,203.182263026653,7.631138287198667,47.90168092537769,429.62937467211015,0.0,7.631138287198667,,321.27921003979344,50.65289517067731,371.93210521047075,13.235240286407414,3.07,False,427.4431818400766,0.0004274431818400766,0.00021703424616122572,Easy-Axis (Uniaxial),19410.95266420773,19.41095266420773,243.92522989494046,6.098197401204318,Hard Magnet,54.605098521955725,3.2311084244563766,392.32291423816804,0.49300751408222687,48.35453616651348,6.076410341584556,9.820696146470262,389.2834630161766,39.38936108452134,1.9159323122860938,0.04701003672633011,Soft / Non-Viable,313.30951589808166,40.86530997417854
mp-1217669,Tb4Fe29Si5,2/m,12,C2/m,monoclinic,3,"Fe,Si,Tb",38,499.28119045914025,7.967541661485321,1,0,0,Tb4Fe29Si5,0.0,-0.2,0.0,2.1910739569084634,0,FM,0.9307844302487723,0.06734769820085926,0.0018678715503684645,0.9307844302487723,0.863436732047913,0.23683979897069657,True,False,550.9913839406661,171.02255604539477,13.491428178751619,8.496529174830485,550.9913839406661,0.0,13.491428178751619,,512.8542013731955,11.517975490084785,524.3721768632803,12.57064194780464,1.1421052631578947,False,6239.719432469617,0.006239719432469617,0.0031649952061304425,Easy-Axis (Uniaxial),137900.82826777978,137.9008282677798,1732.912949705234,28.675666401070153,Hard Magnet,49.23523364198354,0.8823314392450783,392.28377525546756,0.4929583305860185,48.34488874147904,6.075198010376434,0.2941745504794475,511.1590310975596,71.77947821266969,2.988839851989359,0.17962933117769858,Semi-Hard (0.1 <= kappa < 1.0),490.78298984376175,11.048601658425328
mp-1222959,LaCo5H3,2/m,10,P2/m,monoclinic,3,"Co,H,La",9,93.77592960700892,7.731019013900497,1,0,0,LaCo5H3,0.0,-0.2,0.0,1.6428415404538554,0,FM,0.8814043486033922,0.11521504872844543,0.0033806026681623648,0.8814043486033922,0.7661892998749468,0.34541445534127596,True,False,380.6392211586277,212.33043824416012,14.978300910846059,1.4945997444476828,380.6392211586277,0.0,14.978300910846059,,335.4970647782228,24.463661788833083,359.9607265670559,13.203062563353917,5.5888888888888895,False,3060.170257228144,0.003060170257228144,0.007081095070291051,Easy-Axis (Uniaxial),14292.212986759105,14.292212986759104,179.60124878007687,1.0274454583592256,Hard Magnet,72.27261784316445,5.773848971051245,558.7409827298687,0.7021346266414789,47.873977124858946,6.016021510216264,2.7533454486740903,276.5199829656918,75.39836203858567,1.302309670023474,0.08831964923490705,Soft / Non-Viable,319.5430261145366,24.282200932292923
mp-862288,AlFe2W,m-3m,225,Fm-3m,cubic,3,"Al,Fe,W",4,49.26950432955548,10.869665065851745,1,0,0,AlFe2W,0.0,-0.2,0.0,2.98915789310923,0,FM,0.6889059633879278,0.26144755865397845,0.0496464779580938,0.6889059633879278,0.4274584047339493,0.688631031032748,False,True,445.8015592570656,201.14986173980515,33.39828336990075,18.51938238352507,445.8015592570656,0.0,33.39828336990075,,307.11535265982917,52.590140275457365,359.70549293528654,23.51221547609855,1.325,True,1881.7687497788627,0.0018817687497788627,0.0023263011526737255,Easy-Axis (Uniaxial),17561.997961402838,17.561997961402838,220.69057939895345,4.42792449985614,Hard Magnet,51.45012284251727,2.696667305795664,559.2456028950908,0.7027687510430447,47.76908786828528,6.002840737244509,3.526829933452199,266.6047928960503,0.2043029450215954,1.3254038088324094,0.0691951437471426,Soft / Non-Viable,276.3499705717641,48.133158442811265
mp-569415,Nd5Co19B6,6/mmm,191,P6/mmm,hexagonal,3,"B,Co,Nd",30,376.0646625705425,8.4152189940701,1,0,0,Nd5Co19B6,0.0,-0.2,0.0,7.047745907533709,0,FM,0.9289723038958606,0.06879312766671333,0.0022345684374260604,0.9289723038958606,0.8601791762291473,0.24232176290563193,True,False,426.015810391725,109.48119641551993,2.101750361507129,24.501933757024986,426.015810391725,0.0,2.101750361507129,,395.75688887566287,7.53155392211738,403.28844279778025,2.579391210741692,6.753333333333333,False,170725.46824066926,0.17072546824066925,0.04685649225746707,Easy-Axis (Uniaxial),517567.52828914626,517.5675282891463,6503.94550479107,198.77184696701093,Hard Magnet,46.284563635273,3.4905262090408193,389.49473903579565,0.4894535243066917,47.65989317999634,5.989118927756353,8.154832021406028,291.3139795755538,14.064915395156788,2.6608585685336688,0.9463300440560347,Semi-Hard (0.1 <= kappa < 1.0),393.0035708850587,6.709567081296204
mp-1221132,Pr3Gd3Mn23,3m,160,R3m,trigonal,3,"Gd,Mn,Pr",29,460.3419919291056,7.784479918244037,0,1,0,Pr3Gd3Mn23,0.0,-0.2,0.0,9.730599897805046,0,FM,0.8528134792943403,0.14410896617656938,0.003077554529090432,0.8528134792943403,0.7087045131177709,0.39390185361766855,True,False,403.9739263852674,165.22464972129666,16.822686660410426,26.617168509115785,403.9739263852674,0.0,16.822686660410426,,344.5144097048156,23.81035345822186,368.32476316303746,14.850538149080057,2.1482758620689655,False,330.4555546213218,0.0003304555546213218,0.0001428130143101689,Easy-Axis (Uniaxial),72231.88076463428,72.23188076463427,907.6926014942957,2.7065252035866547,Hard Magnet,50.00919497228535,2.662017030969828,389.295573989306,0.48920324612793015,47.61116462470107,5.9829955167839675,17.175403155808347,175.9003678231059,3.677568475364069,1.0646133498834296,0.041655478730629754,Soft / Non-Viable,326.2213448187378,21.013724260052324
mp-5568,Nd3Co11B4,6/mmm,191,P6/mmm,hexagonal,3,"B,Co,Nd",18,221.9764613198165,8.410064606966424,1,0,0,Nd3Co11B4,0.0,-0.2,0.0,7.04342910833438,0,FM,0.9265290580159679,0.071526323345159,0.0019446186388731557,0.9265290580159679,0.8550027346708089,0.24713651442643159,True,False,430.2438048710462,113.70401184532025,7.74912197073769,17.76098624936762,430.2438048710462,0.0,7.74912197073769,,398.63338724437637,8.132829916890165,406.7662171612665,7.291309700494161,6.577777777777778,False,75529.27727841614,0.07552927727841613,0.009335885702718863,Easy-Axis (Uniaxial),485451.66532416514,485.45166532416516,6100.365660332819,236.72673334622235,Hard Magnet,46.11960452899749,3.6425104931668457,387.8688537366102,0.48741037658209146,47.26282601605634,5.939221995378382,9.983917655899724,285.46043890300706,8.851116960644674,2.510557316933895,0.632073853825138,Semi-Hard (0.1 <= kappa < 1.0),388.5957997458856,7.46950136199044
mp-24813,LaFe5H2,mmm,65,Cmmm,orthorhombic,3,"Fe,H,La",8,96.5067911079828,7.229226263035771,1,0,0,LaFe5H2,0.0,-0.2,0.0,1.988037222334837,0,FM,0.8745331674488662,0.1219136370216192,0.003553195529514594,0.8745331674488662,0.752619530427247,0.358492494285555,True,False,515.2649838587772,237.0486199695161,8.04967147260578,14.616640939081108,515.2649838587772,0.0,8.04967147260578,,450.61631840950537,28.899459411439338,479.5157778209447,7.261738880400184,1.3375,False,1161.7672973534225,0.0011617672973534224,0.0024142225238057806,Easy-Axis (Uniaxial),11155.521923064383,11.155521923064383,140.1844256051918,4.626730258644378,Hard Magnet,70.81519839230414,4.26168430081016,511.93909203973357,0.6433216362549824,47.2445915665313,5.936930586827063,1.6771632270657397,235.70808559775918,15.672358024377033,0.9943448969585678,0.05939314842547685,Soft / Non-Viable,438.8412260808833,26.93123821618515
mp-1221726,Mn4InSb3,-6m2,187,P-6m2,hexagonal,3,"In,Mn,Sb",8,161.72998895076807,7.185609631337176,0,0,0,Mn4InSb3,0.0,-0.6,0.5,2.694603611751441,0,FM,0.7002172158170464,0.29617669423883614,0.003606089944117516,0.7002172158170464,0.4040405215782103,0.5736372569640895,False,True,363.03523729969857,273.8914766792269,13.094948477756247,11.778047127002168,363.03523729969857,0.0,13.094948477756247,,254.20352310547568,81.1202721430467,335.3237952485224,9.810455253078105,2.05,True,528.7570776435263,0.0005287570776435263,0.0002436601032322131,Easy-Axis (Uniaxial),16482.10604059656,16.482106040596562,207.1202570350196,3.001860829404215,Hard Magnet,53.724468670385775,15.495730640924034,386.0430595163964,0.4851160158984153,46.81891774945726,5.883438836326068,7.462078188665943,172.71593085935592,21.086840484260748,0.6305998746417195,0.05313582353075728,Soft / Non-Viable,243.57166189495598,76.60876398052656
mp-1018062,FeSnRh2,4/mmm,139,I4/mmm,tetragonal,3,"Fe,Rh,Sn",4,59.910360193472265,10.542627376118563,1,0,0,FeSnRh2,0.0,-0.2,0.0,2.899222528432605,0,FM,0.8521873919831057,0.13954273758810234,0.008269870428792032,0.8521873919831057,0.7126446543950034,0.4103129243131807,True,False,412.1979472150066,216.04660476826135,34.71198110404788,22.463285165787767,412.1979472150066,0.0,34.71198110404788,,351.2698936179463,30.147734675977954,381.4176282939243,29.74672871640664,5.025,False,270.6590756202059,0.0002706590756202059,0.00017725846147750323,Easy-Axis (Uniaxial),11391.844904995378,11.391844904995377,143.15414783851983,0.6529681252372894,Hard Magnet,36.60006839201805,1.8741191672166622,385.8608829975012,0.4848870861330482,46.77473980234585,5.877887271654383,15.25729886321044,238.77220716183894,47.182176051385525,1.1051884264413867,0.03803431607849664,Soft / Non-Viable,314.8407407998502,27.10355972088676
mp-1220149,NdAlCo4,-6m2,187,P-6m2,hexagonal,3,"Al,Co,Nd",6,88.35461309924422,7.648348429980676,0,0,0,NdAlCo4,0.0,-0.2,0.0,6.405491810108817,0,FM,0.9255472999297126,0.07253143449269289,0.0019212655775945578,0.9255472999297126,0.8530158654370197,0.2493418213455939,True,False,543.6362181546577,144.14273830362637,35.26981647880277,25.497451762412773,543.6362181546577,0.0,35.26981647880277,,503.1610338570437,10.454879580866852,513.6159134379105,32.69622732875208,7.016666666666667,False,18432.80043869408,0.01843280043869408,0.007175281437150433,Easy-Axis (Uniaxial),250511.99614020722,250.51199614020723,3148.026647997319,16.432567643106953,Hard Magnet,49.996345496777,1.2481646914339777,382.38947058504584,0.4805247806400281,45.936904117983914,5.772601732372732,6.43168690571469,249.91827946454697,24.538623366826258,1.7338249738124996,0.31672679309766794,Semi-Hard (0.1 <= kappa < 1.0),450.229345851826,9.272725256232391
mp-567852,SmCo9Si4,4/mmm,140,I4/mcm,tetragonal,3,"Co,Si,Sm",28,340.10965873161587,7.744412753103771,1,0,0,SmCo9Si4,0.0,-0.2,0.0,1.6456877100345513,0,FM,0.9281111750763202,0.06997091256759061,0.0019179123560891741,0.9281111750763202,0.8581402625087297,0.24334332083406035,True,False,666.0119133259309,163.8426522162847,85.76816858449229,32.1564549364675,666.0119133259309,0.0,85.76816858449229,,618.1330994917581,11.464219893067813,629.5973193848259,79.63418851252167,5.885714285714286,False,3121.0916405929574,0.0031210916405929575,0.003468094202720384,Easy-Axis (Uniaxial),110215.7270594122,110.21572705941219,1385.0117006661833,39.57847865198572,Hard Magnet,48.27374110571566,7.990128128992691,373.85177625913406,0.46979599753087625,43.908517039087464,5.517707089593005,11.779749885090652,328.425375150523,14.926851020690265,2.004516960070792,0.1333057491290874,Semi-Hard (0.1 <= kappa < 1.0),480.7030360435551,9.876287864754946
mp-1222740,LaY(Co4B)2,6/mmm,191,P6/mmm,hexagonal,4,"B,Co,La,Y",12,151.18548912272487,7.917960658307225,1,0,0,LaY(Co4B)2,0.0,-0.2,0.0,1.6825666398902852,0,FM,0.929133121669423,0.06872834050249282,0.0021385378280842876,0.929133121669423,0.8604047811669302,0.2416392245619433,True,False,382.27385906092655,216.85171165194225,12.70771205673401,5.947272311349025,382.27385906092655,0.0,12.70771205673401,,355.1833040018957,14.903858276963078,370.0871622788588,11.814229145543338,7.016666666666667,False,19768.460417291,0.019768460417291002,0.016263512699715408,Easy-Axis (Uniaxial),10979.37376777155,10.97937376777155,137.97088255974398,0.3810496695273615,Hard Magnet,57.19692523984188,1.3092834211510578,452.88300382520754,0.5691095671011801,43.32615242590402,5.444524992551789,6.235896831018623,247.10799746774316,15.133613359765974,1.1395252340196593,0.2769462374687618,Semi-Hard (0.1 <= kappa < 1.0),340.7494829588233,14.47346994179323
mp-1220060,Pr3Tm3Mn23,3m,160,R3m,trigonal,3,"Mn,Pr,Tm",29,457.24523030256137,7.964499161358619,0,1,0,Pr3Tm3Mn23,0.0,-0.2,0.0,2.9866871855094823,0,FM,0.7715175924795299,0.22516581350804038,0.0033165940124298176,0.7715175924795299,0.5463517789714896,0.5049698328812863,False,True,396.5953007342505,133.34792102448836,3.864004660028513,11.640281752218428,396.5953007342505,0.0,3.864004660028513,,305.9802516111841,30.025393117084842,336.0056447282689,3.9694896183694612,2.1482758620689655,False,275.32106081582174,0.00027532106081582175,0.000238774926325679,Easy-Axis (Uniaxial),81315.75053554279,81.31575053554279,1021.8438778657172,14.927231347934184,Hard Magnet,46.625554513736425,0.7336453535872138,371.3491898225343,0.46665115466519813,43.32263205366787,5.444082609520994,6.19636517285765,153.5596771507564,12.351794248614098,1.1515715878506745,0.03985954201446481,Soft / Non-Viable,302.08933626757465,28.373987095932524
mp-1212222,Sm4Co10Si,4/mmm,141,I4_1/amd,tetragonal,3,"Co,Si,Sm",30,586.8315146216545,6.897926797520765,1,0,0,Sm4Co10Si,0.0,-0.2,0.0,1.4658094444731624,0,FM,0.9253546334237812,0.07262308144388062,0.0020222851323381474,0.9253546334237812,0.8527315519799006,0.25011981788420085,True,False,552.2689272415176,187.425132729396,3.0564642078544466,28.21785681996279,552.2689272415176,0.0,3.0564642078544466,,511.04461071891944,13.611390678837061,524.6560013977565,3.492685840540698,8.006666666666666,False,47623.88284875423,0.047623882848754226,0.01332540211240153,Easy-Axis (Uniaxial),521234.0474385875,521.2340474385875,6550.020344182688,28.561928876401222,Hard Magnet,52.94916119835267,4.885052067566342,365.2394379363636,0.458973414008858,41.9087979400823,5.266414971484052,10.992275267534655,322.80284956624826,31.895609602782912,1.722302899645323,0.533003183312112,Semi-Hard (0.1 <= kappa < 1.0),505.89049013164833,11.928418633406814
mp-1193010,Gd2Mn17C3,-3m,166,R-3m,trigonal,3,"C,Gd,Mn",22,266.9600609372522,7.989687038001738,1,0,0,Gd2Mn17C3,0.0,-0.2,0.0,9.987108797502172,0,FM,0.7706598512496134,0.22411177879335517,0.0052283699570313605,0.7706598512496134,0.5465480724562582,0.512842566374175,False,True,386.8225405582131,252.5425430648929,5.057575530182419,5.132126893259596,386.8225405582131,0.0,5.057575530182419,,298.1086015665901,56.59775854727065,354.70636011386074,4.063831421352554,1.0,False,121.64387162612118,0.00012164387162612119,2.1835448538474097e-05,Easy-Axis (Uniaxial),105609.53931958835,105.60953931958835,1327.128637283748,16.48543583859504,Hard Magnet,45.651725390810114,2.602344150013309,364.7429986173704,0.45834956996185716,41.79494914071749,5.252108309137937,11.923821658453718,140.58238856442938,8.51421865844928,0.5566681433484479,0.02697448866892601,Soft / Non-Viable,293.1662336676788,55.181759585344004
mp-1221538,Mn2SiNi,-42m,119,I-4m2,tetragonal,3,"Mn,Ni,Si",4,45.62599011183551,7.157177152597571,0,0,0,Mn2SiNi,0.002755805787573,-0.1986220971062134,0.0,3.220729718668907,0,FM,0.8570311840941569,0.14039150026566208,0.002577315640180829,0.8570311840941569,0.7166396838284949,0.38523188979486456,True,False,350.55040527530616,226.2840261038832,39.02573425178312,31.044520837150344,350.55040527530616,0.0,39.02573425178312,,300.4326289177822,31.768353910878403,332.2009828286606,33.72904676343003,1.075,True,8.1357545428588,8.1357545428588e-06,2.2067470067958917e-06,Easy-Axis (Uniaxial),11022.04987874219,11.02204987874219,138.5071663969989,0.937799170280763,Hard Magnet,50.82742512504856,13.93856204289446,363.7808858303613,0.4571405433764201,41.5747479546117,5.224437011457099,0.15272197884924318,116.00266802542852,41.51332023773752,0.5126418776558874,0.006994458705942464,Soft / Non-Viable,265.8494018875814,27.499768266108365
mp-1222983,LaFe4(BiO4)3,m,6,Pm,monoclinic,4,"Bi,Fe,La,O",20,249.38910406058991,7.8650632564421565,0,1,0,LaFe4(BiO4)3,0.0,-2.5,2.5,2.162892395521593,0,FM,0.5156992813699828,0.48152008557214415,0.002780633057873057,0.5156992813699828,0.034179195797838624,0.6460649948685866,False,True,832.7876629888847,509.3492692596261,202.23505762101462,6.951015299928116,832.7876629888847,0.0,202.23505762101462,,429.4679993371552,245.26190372000426,674.7299030571595,104.34616847609918,1.03,False,253.43328660639804,0.000253433286606398,0.00015242995926554348,Easy-Axis (Uniaxial),46255.22243750837,46.255222437508365,581.2602792914673,11.500240519318425,Hard Magnet,45.978699123399664,1.7328957691254345,361.6253770544599,0.454431851162372,41.08352238053724,5.1627077840671785,5.070458702192015,68.52228991598409,4.166248922575015,0.13452908259903054,0.03927064156068875,Soft / Non-Viable,256.5340627781688,237.02411255586574
mp-1106052,Dy2Al3Fe14,-3m,166,R-3m,trigonal,3,"Al,Dy,Fe",19,260.6320639076821,7.567549920895237,1,0,0,Dy2Al3Fe14,0.0,-0.2,0.0,7.756738668917618,0,FM,0.9289531198811013,0.06917720331548936,0.0018696768034093248,0.9289531198811013,0.8597759165656119,0.2411992561299369,True,False,504.95529085672285,178.42195454835155,20.302673001170348,16.662108734314245,504.95529085672285,0.0,20.302673001170348,,469.07979284182164,12.342731825738317,481.42252466755997,18.895420186057937,1.1421052631578947,False,8392.777759814,0.008392777759814,0.006608099645198771,Easy-Axis (Uniaxial),121719.17347322743,121.71917347322743,1529.5682744529001,13.209480123667255,Hard Magnet,47.65833678858098,2.9788429325652537,360.65684279442456,0.4532147551159412,40.86375067199091,5.135090456129217,0.16631486357364547,325.2884825467229,43.64536942987971,1.8231415711712269,0.22659678986595713,Semi-Hard (0.1 <= kappa < 1.0),439.34674829276963,11.393530597335605
mp-1196549,La6Fe13Pb,4/mmm,140,I4/mcm,tetragonal,3,"Fe,La,Pb",40,781.3517109164166,7.508879468682928,1,0,0,La6Fe13Pb,0.0,-0.2,0.0,2.064941853887805,0,FM,0.8481969144693744,0.14955610274194958,0.002246982788676033,0.8481969144693744,0.6986408117274248,0.3982486070348658,True,False,520.5091382494343,207.26464251454547,7.53405578915465,1.5286252699849285,520.5091382494343,0.0,7.53405578915465,,441.4942450162832,30.997692170678814,472.491937186962,6.394450921374727,3.14,False,56.3873585057083,5.63873585057083e-05,0.00023975590167627775,Easy-Axis (Uniaxial),29115.609065769742,29.115609065769743,365.8775412911436,2.140649109742298,Hard Magnet,62.175195330253615,3.745123919206719,466.86604767669206,0.5866811782366391,40.8115051280178,5.128525087316523,2.462591732098949,240.77447350760494,16.83581952595975,1.1616765435074523,0.014348075446523702,Soft / Non-Viable,430.67839483667296,30.762569961613806
mp-1219945,Pr4Ho2Mn23,mm2,44,Imm2,orthorhombic,3,"Ho,Mn,Pr",29,449.1090538948966,7.975552469546716,0,1,0,Pr4Ho2Mn23,0.0,-0.2,0.0,2.9908321760800183,0,FM,0.7807810267649548,0.21495495742323595,0.004264015811809296,0.7807810267649548,0.5658260693417188,0.49784584396961984,False,True,379.5033202042322,132.53088949854416,9.25328724355714,1.495524929327246,379.5033202042322,0.0,9.25328724355714,,296.3089920097698,28.488171709423145,324.79716371919295,7.231939569423892,2.1482758620689655,False,255.59797377804756,0.00025559797377804755,0.00022494965905418956,Easy-Axis (Uniaxial),83936.42527737655,83.93642527737654,1054.776248571066,0.7824205897794597,Hard Magnet,45.178233909087226,1.3172650511660322,360.3213750233798,0.4527931938819291,40.787766555191126,5.125542010218611,9.89140155633163,147.3785570605031,10.983824111851376,1.1120317506215942,0.03958072502424748,Soft / Non-Viable,287.44301603145817,28.276728944144164
mp-1079575,SmInCo2,mmm,51,Pmma,orthorhombic,3,"Co,In,Sm",8,146.81904322462924,8.664545971090059,1,0,0,SmInCo2,0.0,-0.2,0.0,1.841216018856637,0,FM,0.8601999576506104,0.13252782717405143,0.00727221517533812,0.8601999576506104,0.727672130476559,0.39429543885104323,True,False,385.4146371503313,149.92909357890676,0.13156756335177988,19.461081501544513,385.4146371503313,0.0,0.13156756335177988,,331.53365455464035,19.86977700218754,351.4034315568279,2.581616741644713,8.25,False,8462.031099429509,0.008462031099429508,0.003425608059541071,Easy-Axis (Uniaxial),239246.63761227627,239.2466376122763,3006.461974881537,45.83755870941325,Hard Magnet,41.5507786684686,4.01732123939734,360.01863190753437,0.45241275566246314,40.7192553377794,5.116932636558991,8.860895918583635,253.0999105586297,10.537866078602462,1.688130732448034,0.22793310113270013,Semi-Hard (0.1 <= kappa < 1.0),331.38832137475197,18.107791018106052
mp-1229206,BaCa(Fe12O19)2,-6m2,187,P-6m2,hexagonal,4,"Ba,Ca,Fe,O",64,729.7136310587729,4.837164855074692,0,0,0,BaCa(Fe12O19)2,0.0,-2.5,2.5,1.3302203351455406,0,FM,0.902395155623766,0.09551453661703443,0.0020903077591994004,0.902395155623766,0.8068806190067316,0.3002790750169218,True,False,732.0495880625958,209.75101159017277,2.688494115734386,1.8672455385538884,732.0495880625958,0.0,2.688494115734386,,660.59800194406,20.03427067698957,680.6322726210495,2.432630735204338,0.1,True,119449.90924201954,0.11944990924201954,0.019598006255472724,Easy-Axis (Uniaxial),69006.47560277818,69.00647560277818,867.1609640615387,3.2645903206756706,Hard Magnet,74.25140316026875,4.780032446065768,359.16627780683393,0.4513416559100561,40.420567121520776,5.0793983675933365,55.38361013221589,594.0763666489356,28.82926186512549,2.832293213487268,0.858405370612352,Semi-Hard (0.1 <= kappa < 1.0),654.730537948506,19.848956301494983
mp-1222445,LuAl3Fe7Si2,m,8,Cm,monoclinic,4,"Al,Fe,Lu,Si",13,170.2658026430306,6.85607437472879,0,1,0,LuAl3Fe7Si2,0.0,-0.2,0.0,1.8854204530504173,0,FM,0.8253653709986164,0.1693846614163621,0.005249967585021487,0.8253653709986164,0.6559807095822543,0.44303897292680705,True,False,371.7591022859968,209.60184998262486,2.8155628289394485,13.704495679121095,371.7591022859968,0.0,2.8155628289394485,,306.83708938039433,35.50333839155003,342.34042777194435,3.284652499164133,0.8615384615384616,False,2027.0080853883253,0.002027008085388325,0.00393092073400078,Easy-Axis (Uniaxial),16703.74687606009,16.70374687606009,209.90547797083883,2.1250225349854817,Hard Magnet,56.13184255670498,2.031345018560618,384.84408735933596,0.48360934305022335,39.68379886233829,4.9868133357768585,3.4086542665041057,350.6999530253505,156.21755259506344,1.673172030945443,0.10436094185346684,Semi-Hard (0.1 <= kappa < 1.0),303.9841346137087,33.22657137251671
mp-1212817,Er(AlFe2)4,4/mmm,139,I4/mmm,tetragonal,3,"Al,Er,Fe",13,178.20947430129567,6.7270168390254055,1,0,0,Er(AlFe2)4,0.0,-0.2,0.0,1.8499296307319864,0,FM,0.8380685863992701,0.15896953645661932,0.0029618771441106933,0.8380685863992701,0.6790990499426508,0.41656633939248733,True,False,481.3087117830261,161.57848708382824,21.390606792237577,27.854444191087254,481.3087117830261,0.0,21.390606792237577,,403.3697117056544,25.686057193078028,429.0557688987325,18.465569472134174,0.8615384615384616,False,4822.719002495253,0.004822719002495254,0.004153408383506618,Easy-Axis (Uniaxial),77835.76002299732,77.83576002299732,978.1130265010601,27.11612573959391,Hard Magnet,52.7859322210342,2.6078311973588733,355.0918549145508,0.4462215850996502,39.61241258898647,4.977842671925417,5.253097869702728,266.0390751717558,9.550820140195725,1.6465005953034613,0.17446179501828224,Semi-Hard (0.1 <= kappa < 1.0),376.5228695371413,22.546022557748966
mp-757738,Fe19Co5O32,2/m,12,C2/m,monoclinic,3,"Co,Fe,O",56,619.4228318168006,5.006905795484131,1,0,0,Fe19Co5O32,0.0,-2.5,2.5,2.440866575298514,0,FM,0.6538352605630574,0.34206623334315095,0.004098506093791602,0.6538352605630574,0.31176902721990646,0.6073993566466034,False,True,798.4474484347213,292.9503282196282,17.707862121265464,59.42760554097103,798.4474484347213,0.0,17.707862121265464,,522.0530954932243,100.208415330728,622.2615108239523,23.394132646519434,0.8053571428571429,True,2378.8401190808027,0.0023788401190808026,0.0020556501380967415,Easy-Axis (Uniaxial),16997.76243028412,16.997762430284123,213.60018646338116,0.07655909029636875,Hard Magnet,70.53384909671814,1.5018219846355763,353.1563378201612,0.44378934258579744,39.18175474780428,4.923724610471315,7.72596320148253,399.82487344795663,42.546712084870336,1.3648213875637079,0.1231999950889553,Semi-Hard (0.1 <= kappa < 1.0),492.95578523703256,77.25347125011507
mp-1221734,Mn4Sb3As,-6m2,187,P-6m2,hexagonal,3,"As,Mn,Sb",8,166.13565423334967,6.596290485798985,0,0,0,Mn4Sb3As,0.0,-0.6,0.5,2.4736089321746197,0,FM,0.8171263963000435,0.17989988423064485,0.0029737194693117857,0.8171263963000435,0.6372265120693986,0.44685565732296795,True,False,368.334981692193,268.4697464262313,5.595017031877717,29.34155881276166,368.334981692193,0.0,5.595017031877717,,300.97623622138417,48.29767630150959,349.27391252289374,6.983172769131559,1.1875,True,0.721049186725994,7.21049186725994e-07,6.69877336811026e-07,Easy-Axis (Uniaxial),16709.738195876558,16.709738195876557,209.98076711758438,1.5097865290342207,Hard Magnet,53.17019459979102,9.437424943927695,350.726048766682,0.4407353512911935,38.644342077538965,4.856191341285286,5.5372177191382885,183.29091231784085,28.083768485109232,0.6827246449841772,0.002159779880167996,Soft / Non-Viable,295.4657826014109,42.118555879303706
mp-1103635,U(AlFe2)4,4/mmm,139,I4/mmm,tetragonal,3,"Al,Fe,U",13,174.13195587506917,7.559407050490127,1,0,0,U(AlFe2)4,0.0,-0.2,0.0,2.078836938884785,0,FM,0.7870169843789263,0.20901538343945442,0.003967632181619328,0.7870169843789263,0.578001600939472,0.48935909145345907,False,True,486.50074540837625,150.55654710543365,24.885039919663853,11.22258214917538,486.50074540837625,0.0,24.885039919663853,,382.88434954940004,31.468634422562495,414.35298397196254,19.72492085253158,0.1,False,1.4071684550371746,1.4071684550371747e-06,3.0586175550073964e-06,Easy-Axis (Uniaxial),47072.87742984014,47.07287742984014,591.5352351594005,36.35525079574987,Hard Magnet,46.79140247841619,2.9787717940819505,353.7152577976605,0.4444917021439,38.48680628177233,4.836394808954385,1.5251637328268508,288.2207322310065,16.198811948208686,1.9143686393735346,0.0029916743612631476,Soft / Non-Viable,353.55676855180343,29.796657253567574
mp-781625,BaOsO3,m-3m,221,Pm-3m,cubic,3,"Ba,O,Os",5,67.13281089520898,9.289408171952024,1,0,0,BaOsO3,0.0,-2.5,2.5,0.0,0,FM,0.7120361340364458,0.284275667509157,0.003688198454397152,0.7120361340364458,0.42776046652728883,0.5643983909544321,False,True,387.42884031247775,88.8862059903665,18.674610797405364,12.001584086604097,387.42884031247775,0.0,18.674610797405364,,275.8633336703202,25.26818554026787,301.13151921058807,13.72771802237513,1.8800000000000001,False,3.369557962937276,3.369557962937276e-06,4.073924319868293e-06,Easy-Axis (Uniaxial),27404.430817530592,27.404430817530592,344.374240818797,1.155243285420324,Hard Magnet,40.3110774746565,8.568554862930139,374.46605251326525,0.4705679198377775,38.393739525288616,4.824699695188678,28.492933200137575,-36.46381451674506,42.26055251937571,0.4102302951337243,0.004372895320188052,Soft / Non-Viable,259.69750114077766,23.83773276896426
mp-1221837,Mn7CoSb4,-42m,115,P-4m2,tetragonal,3,"Co,Mn,Sb",12,200.34484866366725,7.712687507741724,0,0,0,Mn7CoSb4,0.0,-0.6,0.5,4.531203910798263,0,FM,0.8829676321384984,0.11436223640316272,0.0026701314583390235,0.8829676321384984,0.7686053957353357,0.34015966479672766,True,False,410.492645239131,264.1564046533113,32.46042447429727,39.101849208758,410.492645239131,0.0,32.46042447429727,,362.4517189770641,30.2095171963715,392.6612361734356,29.008250383574136,1.7249999999999999,True,160.05748457976577,0.00016005748457976576,9.833574680917766e-05,Easy-Axis (Uniaxial),13565.520053113902,13.565520053113902,170.46935587565048,9.147270579890465,Hard Magnet,45.28088167693673,8.623615620479086,349.2372904492411,0.4388645224139762,38.31696417053932,4.815051819382964,2.605220223037042,277.98482294565576,18.185468331991757,1.052349358367795,0.0323156169462163,Soft / Non-Viable,327.0630357434488,25.269162322534616
mp-1225378,Fe7(CoO6)2,2/m,15,C2/c,monoclinic,3,"Co,Fe,O",42,465.8810021136003,4.995537125173521,1,0,0,Fe7(CoO6)2,0.0,-2.5,2.5,2.435324348522092,0,FM,0.7513411739335877,0.2460024896234481,0.002656336442964057,0.7513411739335877,0.5053386843101396,0.5238940816843531,False,True,803.5829773570754,300.79647382604406,15.654015393335044,59.29451780083433,803.5829773570754,0.0,15.654015393335044,,603.7649775605126,73.99668143116118,677.7616589916738,18.73771333138205,0.8523809523809524,True,2437.4529410177747,0.0024374529410177747,0.0015832241535207166,Easy-Axis (Uniaxial),15041.786741051137,15.041786741051137,189.0206705622978,1.9566634193895127,Hard Magnet,69.89468317153593,0.5635058942921063,349.16148463564866,0.4387692620191437,38.30033173477303,4.812961725821772,6.6499425757038875,390.0518766583857,38.13439115512233,1.2967302166047319,0.12613536155144814,Semi-Hard (0.1 <= kappa < 1.0),573.8228707227094,57.075392151559846
mp-1220971,Nd(GaFe)6,mmm,71,Immm,orthorhombic,3,"Fe,Ga,Nd",13,188.68706860301413,7.899761792113749,1,0,0,Nd(GaFe)6,0.0,-0.2,0.0,7.109785612902374,0,FM,0.9010699104008726,0.09625873178718403,0.002671357811943361,0.9010699104008726,0.8048111786136886,0.3049385181706799,True,False,443.9813156398574,265.1521687637299,28.342448940964914,3.9060613527224746,443.9813156398574,0.0,28.342448940964914,,400.05820430326787,25.52321149581803,425.5814157990859,25.541295563987656,3.5846153846153848,False,65.62080205643444,6.562080205643444e-05,2.3072746655111798e-05,Easy-Axis (Uniaxial),28501.651867043423,28.501651867043424,358.1623274407118,13.027843406696643,Hard Magnet,59.65733994669304,2.165716723124362,471.27877473002695,0.5922263745938606,37.92095931744506,4.765288380925538,2.974532159012776,143.7920982145573,3.9733409076235375,0.542300290753747,0.015333381969843358,Soft / Non-Viable,365.52526692203355,25.034284244907518
mp-1217002,UAl3Fe7Si2,m,8,Cm,monoclinic,4,"Al,Fe,Si,U",13,165.1794798748655,7.701148911916346,0,1,0,UAl3Fe7Si2,0.0,-0.2,0.0,2.117815950776995,0,FM,0.8045857011864719,0.1899257827562238,0.005488516057304406,0.8045857011864719,0.6146599184302481,0.4724118186033108,True,False,373.90002310166597,188.14978869079994,12.608617431208842,10.210458236945783,373.90002310166597,0.0,12.608617431208842,,300.83461226089196,35.73449589251828,336.56910815341024,10.328398619775943,0.1,False,9.242150680669486,9.242150680669486e-06,1.8998513686284654e-05,Easy-Axis (Uniaxial),36393.37701844283,36.39337701844283,457.33267240643397,13.814764569416836,Hard Magnet,44.78407926014617,4.892930804327875,344.8888632654501,0.43340012765586905,37.36871934158341,4.695891857529952,6.85282987755097,362.83171314377796,156.90363321196367,1.9284194559476513,0.007863256081809017,Soft / Non-Viable,288.70088233612967,33.99878026262513
mp-1223162,LaFe5Bi4O15,1,1,P1,triclinic,4,"Bi,Fe,La,O",50,644.5769611188825,7.697814343465527,0,1,1,LaFe5Bi4O15,0.0211091330532349,-2.4894454334733824,2.5,2.11689894445302,0,FM,0.5799837913156066,0.4171320092667166,0.002884199417676741,0.5799837913156066,0.16285178204889,0.6349262995960908,False,True,955.1369673321926,533.1361536823429,128.80099539123353,1.6419885239370726,955.1369673321926,0.0,128.80099539123353,,553.9639595390158,222.3881549982447,776.3521145372605,74.70562951238038,0.96,False,190.24516686669395,0.00019024516686669396,0.0001900809117951302,Easy-Axis (Uniaxial),54240.396628049835,54.24039662804984,681.6049395394177,13.252376511659133,Hard Magnet,44.775083162393784,1.7548719189848043,344.6702773973367,0.43312544455289165,37.32136678047249,4.689941359089763,7.833324252145653,56.32794112842461,5.913826528453601,0.10565395113306524,0.03569834238062404,Soft / Non-Viable,387.56716903158184,220.57722860816247
mp-865419,U2Fe12P7,-6,174,P-6,hexagonal,3,"Fe,P,U",21,253.81193173009711,8.91738319305953,0,0,0,U2Fe12P7,0.0,-0.6,0.5,2.452280378091371,0,FM,0.6050346982696624,0.3871639432427668,0.007801358487570872,0.6050346982696624,0.21787075502689557,0.6455941078744796,False,True,358.3646235483109,204.512026217363,17.465641895228146,26.992350461902106,358.3646235483109,0.0,17.465641895228146,,216.82303187907343,79.17968251088237,296.0027143899558,14.862047442196575,0.1,False,5.52799721399794,5.5279972139979406e-06,1.3237329822557738e-05,Easy-Axis (Uniaxial),15581.372751551524,15.581372751551523,195.80130848029629,5.348303652729182,Hard Magnet,58.278135207676215,10.71009667463267,519.6884634237828,0.6530597835390095,37.12607640115886,4.66540044577427,4.676904969325326,144.07160890034677,8.25485147023008,0.7044652168631985,0.004035858207753265,Soft / Non-Viable,204.89432864419763,69.76418575318617
mp-1220507,NdGa7Fe5,mm2,44,Imm2,orthorhombic,3,"Fe,Ga,Nd",13,193.8743663733616,7.807261396793312,0,1,0,NdGa7Fe5,0.0,-0.2,0.0,7.026535257113982,0,FM,0.8677178720302293,0.12786231476990415,0.004419813199866603,0.8677178720302293,0.7398555572603251,0.373261255273365,True,False,388.23470045574504,167.924862472076,1.0227842879622528,2.420872879671606,388.23470045574504,0.0,1.0227842879622528,,336.8781881277526,21.471261623097444,358.34944975085006,0.9399198598651602,4.038461538461538,False,43.120522400050525,4.3120522400050525e-05,4.062585558861709e-06,Easy-Axis (Uniaxial),29858.344617320145,29.858344617320146,375.2110316817077,4.963359645797072,Hard Magnet,52.82713527249051,7.885331744060881,412.43525391609353,0.5182814255136962,37.026499933655,4.652887297579956,5.269382737057207,132.14241488968867,7.1216227514844235,0.7869139384387612,0.014203039479024963,Soft / Non-Viable,335.7335780325757,21.2144739004865
mp-1105153,SrOsO3,mmm,62,Pnma,orthorhombic,3,"O,Os,Sr",20,251.6055924228432,8.602092845820753,1,0,0,SrOsO3,0.0,-2.5,2.5,0.0,0,FM,0.6557514224518427,0.34101031334254944,0.003238264205607836,0.6557514224518427,0.31474110910929326,0.6027123367329894,False,True,392.74333790551725,79.9840177784648,30.567742062967227,10.813185162155051,392.74333790551725,0.0,30.567742062967227,,257.54200249002764,27.275374965030327,284.81737745505797,20.381182484514426,1.8800000000000001,False,4.088407454841879,4.088407454841879e-06,3.2464076145565873e-06,Easy-Axis (Uniaxial),77534.25447960415,77.53425447960414,974.3241960268923,8.356194110664532,Hard Magnet,39.6822179297622,7.477058146429837,341.3501229599074,0.4289532154371271,36.60580820837775,4.600021615210656,23.151541011849673,-48.84347215947518,19.272793450765633,0.6106653993646464,0.0052841129239631175,Soft / Non-Viable,233.72698214543618,25.876346343375467
mp-1246959,Mn2Pb3N4,mmm,52,Pnna,orthorhombic,3,"Mn,N,Pb",36,680.5720640520515,7.685765459996282,1,0,0,Mn2Pb3N4,0.0,-0.6,0.5,2.8821620474986056,0,FM,0.6551829261480148,0.33866700984480347,0.00615006400718174,0.6551829261480148,0.3165159163032113,0.6144455836051435,False,True,364.9096493410726,87.24366309453126,30.949887752804415,16.4481217822322,364.9096493410726,0.0,30.949887752804415,,239.08257183492995,29.546550508132334,268.6291223430623,21.029038840093314,0.5666666666666667,True,530.2564223989259,0.000530256422398926,0.0003103908876145546,Easy-Axis (Uniaxial),66046.06344008744,66.04606344008744,829.959326931196,8.338964184096739,Hard Magnet,44.39300589864955,1.6930497409824419,341.1942314012519,0.4287573163269555,36.57238075045975,4.595820996880115,2.3725217557057774,-21.745993141684956,46.56257968820375,0.24925584701919826,0.060205526234193577,Soft / Non-Viable,216.72396397382133,27.301276873965236
mp-1104436,Yb(GaFe)6,mmm,71,Immm,orthorhombic,3,"Fe,Ga,Yb",13,182.16395606958795,8.44515639929951,1,0,0,Yb(GaFe)6,0.0,-0.2,0.0,2.322418009807365,0,FM,0.8985102316528367,0.09912143887120782,0.0023683294759554454,0.8985102316528367,0.7993887927816289,0.30910283830196983,True,False,415.47084237985416,298.018932950709,26.397856832122557,31.22507786669405,415.47084237985416,0.0,26.397856832122557,,373.304802831722,29.540065444936282,402.84486827665825,23.91983122232562,3.5846153846153848,False,432.28168775585226,0.0004322816877558523,0.0001988538676333535,Easy-Axis (Uniaxial),13891.897224130515,13.891897224130515,174.57073244638858,2.813037776069243,Hard Magnet,59.06715324124007,3.6013772048194355,498.83134718366335,0.6268499582769985,36.4744253436,4.583511557178181,7.115280979819235,158.4152750339727,6.600811759089538,0.5315611107841054,0.03718131537893335,Soft / Non-Viable,343.11328492306114,25.550918367052496
mp-22289,Mn2CoGe,-43m,216,F-43m,cubic,3,"Co,Ge,Mn",4,47.13039306098121,8.506951562795908,0,0,0,Mn2CoGe,0.0,-0.2,0.0,4.997834043142596,0,FM,0.9205639669492207,0.07750800956534498,0.001928023485434361,0.9205639669492207,0.8430559573838757,0.2607503230559646,True,False,470.5109595911607,233.2780092159972,34.081334016639715,0.8904309677971014,470.5109595911607,0.0,34.081334016639715,,433.1354354543234,18.080914169698147,451.2163496240215,31.37412395016238,3.55,True,306.39067383017283,0.00030639067383017284,0.00015793072484380786,Easy-Axis (Uniaxial),12188.233416422152,12.188233416422152,153.16186122054586,3.133657331933151,Hard Magnet,39.91878612112241,0.31046118681200596,339.5871799779979,0.4267378359488612,36.228674574946815,4.552629604201643,1.818703860609378,190.3855272878698,22.462162798162012,0.8161314816073713,0.04598133247603314,Soft / Non-Viable,388.9490893550641,18.000771945774293
mp-1219212,Sm2Al4Fe13,3m,160,R3m,trigonal,3,"Al,Fe,Sm",19,267.52000565828035,7.042835379951643,0,1,0,Sm2Al4Fe13,0.0,-0.2,0.0,1.936779729486702,0,FM,0.9269038229743285,0.07111732444236729,0.001978852583304253,0.9269038229743285,0.8557864985319612,0.2463736893326877,True,False,506.7192544522186,206.384347303361,0.2559731390967386,23.90712821633815,506.7192544522186,0.0,0.2559731390967386,,469.68001412646294,14.677502586999337,484.35751671346225,1.716686025045222,1.1421052631578947,False,520.035315883601,0.000520035315883601,1.3294681311627775e-05,Easy-Axis (Uniaxial),79942.08436150217,79.94208436150217,1004.5818792869661,2.5585009452583805,Hard Magnet,48.08139088554917,0.8305307575213483,338.6293208460301,0.4255341546639957,36.0245854476646,4.526983007585513,3.3475656132723617,303.6537990967972,55.887648006804724,1.471302465833135,0.0600740521615297,Soft / Non-Viable,469.2796042151129,13.110348655642614
mp-1198100,Tm2Al2Fe15,6/mmm,194,P6_3/mmc,hexagonal,3,"Al,Fe,Tm",38,502.2425860706046,8.13010935637611,1,0,0,Tm2Al2Fe15,0.0,-0.2,0.0,2.2357800730034305,0,FM,0.925966181512066,0.07210931549510433,0.0019245029928295703,0.925966181512066,0.8538568660169616,0.2483804280171611,True,False,452.1261585219114,171.62003891169576,10.284868905392187,10.199549644006638,452.1261585219114,0.0,10.284868905392187,,418.65353256825335,12.375403531165551,431.0289360994189,9.551798731534616,1.1421052631578947,False,4081.642200356112,0.004081642200356112,0.00781797358386952,Easy-Axis (Uniaxial),55677.562261737956,55.677562261737954,699.664895877413,4.4064000897974545,Hard Magnet,41.52081539398495,0.565930067814211,337.56876971900226,0.42420142681222484,35.79928844051203,4.4986713501336535,9.261340546719786,318.4184445597609,45.65900210416149,1.8553686771018496,0.16883025359486498,Semi-Hard (0.1 <= kappa < 1.0),404.7766177369449,11.77490965335035
mp-561036,FeTe6O13,-3,148,R-3,trigonal,3,"Fe,O,Te",40,571.5815878208988,5.981370730000654,1,0,0,FeTe6O13,0.0,-2.5,2.5,1.64487695075018,0,FM,0.24021097776512365,0.7456904904187124,0.014098531816164049,0.7456904904187124,0.5054795126535887,0.5657139806906524,False,True,387.1324857332756,41.34307448253522,26.601567221920163,5.584365687209349,387.1324857332756,0.0,26.601567221920163,,92.9934729226329,30.829137486299043,123.82261040893195,7.627095395801715,0.1,True,245.94358328497373,0.00024594358328497375,7.056171521413556e-05,Easy-Axis (Uniaxial),12827.191983297356,12.827191983297356,161.19125153510603,1.503110927152291,Hard Magnet,55.834341362575785,2.7914425477005516,333.9658951549756,0.4196739211073642,35.03919418395487,4.403155086980632,0.8262879767596994,-8.176176630526609,22.058263823008325,0.19776411727629292,0.04189003251848021,Soft / Non-Viable,85.41919169001913,29.99171399366495
mp-686514,Co(Bi5O8)5,2,5,C2,monoclinic,3,"Bi,Co,O",198,3339.2008809103672,8.836906804067334,0,1,1,Co(Bi5O8)5,0.0019813918708426,-2.499009304064579,2.5,1.8778426958643084,0,FM,0.46988084707637495,0.09927022684400466,0.4308489260796204,0.46988084707637495,0.039031920996754566,0.8619682141503553,False,True,350.8129827589936,43.84405595237687,59.56325703948485,3.800087825254792,350.8129827589936,0.0,59.56325703948485,,164.84030150418565,4.352409380153684,169.19271088433933,27.9901758704783,1.3181818181818181,True,353.75379685964634,0.00035375379685964636,0.00011942503697071484,Easy-Axis (Uniaxial),42894.233777924586,42.89423377792458,539.0248493439736,5.150345917614517,Hard Magnet,37.77147355934346,1.3963582045658853,333.78299169621164,0.41944407784241655,35.00082478787512,4.39833344637309,8.500340872235732,56.043494251932145,7.694759312889058,1.2782461164817012,0.05026682097408756,Soft / Non-Viable,137.5337704370199,4.271253684527938
mp-1199551,Er2Al3Fe14,6/mmm,194,P6_3/mmc,hexagonal,3,"Al,Er,Fe",38,513.3628327333598,7.74559839043886,1,0,0,Er2Al3Fe14,0.0,-0.2,0.0,2.1300395573706865,0,FM,0.927411313981691,0.07070440429866284,0.0018842817196461695,0.927411313981691,0.8567069096830281,0.24487601391992425,True,False,471.4238596543435,157.68361610481384,10.72316983327238,9.373042934751822,471.4238596543435,0.0,10.72316983327238,,437.203821124355,11.1489261443499,448.3527472687049,9.966846064747738,1.1421052631578947,False,16671.100080085835,0.016671100080085835,0.009382398006526885,Easy-Axis (Uniaxial),80099.15454053621,80.09915454053622,1006.5556814075165,12.424243706830653,Hard Magnet,43.07541304672541,0.4943587868286059,333.6448499622054,0.4192704838197333,34.971859416904046,4.394693550436329,8.174120389815815,342.1726998939133,47.055964908957634,2.1699952623262253,0.3452174750157299,Semi-Hard (0.1 <= kappa < 1.0),422.11575791945245,10.649820041851621
mp-705834,BaFe15O23,-3m,166,R-3m,trigonal,3,"Ba,Fe,O",78,851.7717648822385,5.236342567675663,1,0,0,BaFe15O23,0.0,-2.5,2.5,1.4399942061108075,0,FM,0.8915441954551548,0.10648520690075036,0.001970597644094697,0.8915441954551548,0.7850589885544045,0.3214285436447886,True,False,745.5000732014075,205.53612197582294,12.429163095643105,11.312425059976775,745.5000732014075,0.0,12.429163095643105,,664.6462629741079,21.886556474173368,686.5328194482813,11.146430869678566,0.1,True,16109.192325043407,0.016109192325043407,0.0098252047037628,Easy-Axis (Uniaxial),20742.461166108067,20.74246116610807,260.65745953104647,1.741943424259942,Hard Magnet,72.53427347242052,1.4114894905636959,379.8143037990632,0.4772887306173835,34.237993937798095,4.3024732927294735,35.44213324194331,477.4318942449857,0.9416788141537609,2.322861255021371,0.29809907952734865,Semi-Hard (0.1 <= kappa < 1.0),638.2050795661238,20.71487889835282
mp-1208588,Tb(GaCo2)4,4/mmm,139,I4/mmm,tetragonal,3,"Co,Ga,Tb",13,173.093928233252,8.723008439219246,1,0,0,Tb(GaCo2)4,0.0,-0.2,0.0,1.8536392933340895,0,FM,0.9210602590408311,0.07688774739693156,0.0020519935622372964,0.9210602590408311,0.8441725116438995,0.260043321387474,True,False,354.33406419763907,163.9533171873122,8.20396914159403,2.845356827557083,354.33406419763907,0.0,8.20396914159403,,326.36302495686795,12.606001236787058,338.969026193655,7.559516262041059,7.538461538461539,False,1094.8997350085165,0.0010948997350085164,0.0003193668005484553,Easy-Axis (Uniaxial),63372.05450080911,63.37205450080911,796.3567389213191,18.189214511762618,Hard Magnet,43.014074617647424,7.5353776805439345,375.2121358949448,0.4715054758661175,34.17623484144066,4.2947124156423495,6.16448154497895,206.64407816803657,30.775636570077168,1.2603836367150252,0.07866931461708714,Soft / Non-Viable,317.6756865258909,12.429174060418521
mp-1221528,Mn2SbAs,-6m2,187,P-6m2,hexagonal,3,"As,Mn,Sb",4,78.58307564826296,6.477870927340297,0,0,0,Mn2SbAs,0.0,-0.6,0.5,2.429201597752612,0,FM,0.8289466098354819,0.16840459483043796,0.002648795334080083,0.8289466098354819,0.6605420150050438,0.4289234638961418,True,False,371.102153810607,251.48196071263686,4.140222904397859,25.79631974508358,371.102153810607,0.0,4.140222904397859,,307.6238723039482,42.35071770097573,349.9745900049239,5.536336669586442,0.825,True,0.7651842833752571,7.651842833752571e-07,6.87505498210208e-07,Easy-Axis (Uniaxial),15978.428626509602,15.9784286265096,200.7908598565599,1.3364498808931145,Hard Magnet,50.83850570437597,13.204403754357024,329.32527809180095,0.413842349717847,34.072186726748576,4.28163734367888,5.301460846988385,183.2116885466334,47.846399705271935,0.7285281537787338,0.0023694798583675054,Soft / Non-Viable,303.43622691495693,37.51231884451284
mp-1017515,Mn2CoAs,-43m,216,F-43m,cubic,3,"As,Co,Mn",4,47.33310228279193,8.550562657543919,0,0,0,Mn2CoAs,0.0,-0.6,0.5,5.023455561307053,0,FM,0.9030417102707103,0.09483343585987933,0.002124853869410365,0.9030417102707103,0.808208274410831,0.2990748911044684,True,False,417.4582009518704,206.77698524433526,25.690286777438416,3.887862961272006,417.4582009518704,0.0,25.690286777438416,,376.98216775411095,19.609371967467883,396.59153972157884,23.202330124780737,2.075,True,174.49781681455315,0.00017449781681455314,0.0002484213379951804,Easy-Axis (Uniaxial),10014.87601226386,10.01487601226386,125.85064607185751,1.392915988294207,Hard Magnet,38.41948874860698,3.909113472683547,328.5082458157676,0.4128156366793942,33.90333516271676,4.260418829942289,3.18835968685949,191.11028493477647,23.575261700401327,0.9242338295480687,0.03587102541812377,Soft / Non-Viable,347.24600308242196,19.235448037623147
mp-1219387,Sm(GaFe)6,mmm,71,Immm,orthorhombic,3,"Fe,Ga,Sm",13,186.7288593463916,8.037011946052413,1,0,0,Sm(GaFe)6,0.0,-0.2,0.0,2.210178285164414,0,FM,0.9019195284512376,0.0954871435930968,0.0025933279556655626,0.9019195284512376,0.8064323848581407,0.3029500515963326,True,False,467.21947571653243,272.2879960402702,39.59843677499512,5.907624878219536,467.21947571653243,0.0,39.59843677499512,,421.3943692214894,26.000002976573853,447.39437219806325,35.719058064552456,3.5846153846153848,False,240.90128217327646,0.00024090128217327646,0.00029880726647404774,Easy-Axis (Uniaxial),43164.13719314245,43.16413719314245,542.4165557555731,6.28698499374439,Hard Magnet,58.86351350668811,0.7350074147978383,473.0867612398699,0.5944983574487055,33.840874987497585,4.2525698526853875,5.049840628001846,134.84339086100422,3.3508642791288423,0.49522341352522015,0.029266704912373587,Soft / Non-Viable,372.25822346822736,25.25404582948407
mp-1220563,Nd2Fe14Si3,2/m,12,C2/m,monoclinic,3,"Fe,Nd,Si",19,258.5499160183592,7.415239009152723,1,0,0,Nd2Fe14Si3,0.0,-0.2,0.0,6.673715108237451,0,FM,0.9295641677195949,0.06855818216143347,0.0018776501189716125,0.9295641677195949,0.8610059855581614,0.23977806998468545,True,False,523.7032111975559,197.46676931324384,6.980167422314992,19.71155676620846,523.7032111975559,0.0,6.980167422314992,,486.8157396489353,13.537962741407133,500.3537023903424,6.627749133889497,1.1421052631578947,False,1869.8803293988726,0.0018698803293988725,0.0027983754152916167,Easy-Axis (Uniaxial),133055.836363901,133.055836363901,1672.028984634734,3.68687962999624,Hard Magnet,44.00770461491639,0.2948130397493749,326.3276479637983,0.410075416602522,33.45473654691894,4.204046264215102,9.209615177980954,486.3170421917411,89.14545173684274,2.462779149540299,0.11820833595832053,Semi-Hard (0.1 <= kappa < 1.0),475.7464403026588,12.323396129601559
mp-1104317,Lu(GaFe)6,mmm,71,Immm,orthorhombic,3,"Fe,Ga,Lu",13,185.1297683414197,8.32714788075331,1,0,0,Lu(GaFe)6,0.0,-0.2,0.0,2.2899656672071607,0,FM,0.8968629720701466,0.10061902504294212,0.0025180028869110794,0.8968629720701466,0.7962439470272045,0.312901003093088,True,False,387.22689920066495,285.9808663817323,5.798141989814155,28.60041903293927,387.22689920066495,0.0,5.798141989814155,,347.28946768261545,28.775115956265807,376.06458363888123,5.94330444977932,3.5846153846153848,False,106.10748758501569,0.00010610748758501569,0.00013595358284790917,Easy-Axis (Uniaxial),11553.370427753605,11.553370427753606,145.18393746061045,1.264166874835944,Hard Magnet,57.97375579112606,4.104250515583978,482.7560376753853,0.6066491285748431,33.15514655169059,4.166398674359789,4.143549425605872,193.95652970353964,19.59913159784699,0.6782150573830454,0.019034451631762678,Soft / Non-Viable,340.7046217705763,25.175033429942726
mp-1211163,Lu2Mn17C3,6/mmm,194,P6_3/mmc,hexagonal,3,"C,Lu,Mn",44,514.7502426916926,8.515845931190277,1,0,0,Lu2Mn17C3,0.0,-0.2,0.0,3.193442224196354,0,FM,0.7238992309609399,0.2661039504449419,0.009996818594118134,0.7238992309609399,0.457795280515998,0.5754722408946091,False,True,354.3709590695403,320.67813333377524,11.395260587659834,33.272766438894195,354.3709590695403,0.0,11.395260587659834,,256.5288647453309,85.3337181014274,341.8625828467583,12.101235951439772,1.0,False,151.3514662511584,0.0001513514662511584,5.4504006523877066e-05,Easy-Axis (Uniaxial),39745.236883324265,39.74523688332427,499.453386534207,2.648970086775804,Hard Magnet,37.85796085798147,6.461814201919484,322.39256193560226,0.40513044165955214,32.65276025118126,4.103266948695562,0.5869140566676949,110.59395360823343,21.9283828079338,0.344875256876722,0.034041083185740964,Soft / Non-Viable,247.14139604554097,73.162177826515
mp-1104438,Hf(GaFe)6,mmm,71,Immm,orthorhombic,3,"Fe,Ga,Hf",13,180.1592425458093,8.589362473895484,1,0,0,Hf(GaFe)6,0.0,-0.2,0.0,2.3620746803212582,0,FM,0.8624507025430395,0.13394959601711148,0.0035997014398490004,0.8624507025430395,0.7285011065259279,0.3797118029411674,True,False,422.765136621557,289.0684636935355,11.408860069222953,23.266353937168414,422.765136621557,0.0,11.408860069222953,,364.6140890899659,38.72060393303614,403.33469302300205,10.321337669460483,2.823076923076923,True,204.79256746187167,0.00020479256746187168,0.00020254954489773173,Easy-Axis (Uniaxial),12527.66073664628,12.527660736646279,157.42723080598415,1.4454454244198334,Hard Magnet,61.32278922454182,6.49378506167956,526.7236645598819,0.6619004780212877,32.51591096213821,4.086069959517211,2.5489419246083074,169.77285812197988,15.145568779778543,0.5873102031011228,0.02423646814649452,Soft / Non-Viable,351.25598771555434,34.68557017232689
mp-755338,Sm(FeO2)2,-3m,166,R-3m,trigonal,3,"Fe,O,Sm",7,92.8641399135695,5.830181366364949,1,0,0,Sm(FeO2)2,0.0,-2.5,2.5,1.603299875750361,0,FM,0.8323989057782937,0.1654318042742215,0.0021692899474848224,0.8323989057782937,0.6669671015040721,0.4220301165447348,True,False,606.6828773131097,280.2478299329143,64.7035257120695,22.005438497893095,606.6828773131097,0.0,64.7035257120695,,505.00216322985926,46.36190414973719,551.3640673795965,53.9820331263843,1.514285714285714,False,445.53027245793066,0.00044553027245793065,1.1380502083332307e-05,Easy-Axis (Uniaxial),12674.934482830931,12.674934482830931,159.27792731825892,1.0439890530210318,Hard Magnet,79.66713362238855,10.230632353498287,464.47383795695623,0.5836750388440919,32.13861681055043,4.038657777201315,2.0718805694965954,413.9737937663639,48.26989003956547,1.4771703811781909,0.04053894295141203,Soft / Non-Viable,415.4076895011054,41.766458032222644
mp-1104283,Dy(Fe2Si)2,4/mmm,136,P4_2/mnm,tetragonal,3,"Dy,Fe,Si",14,188.4678623329742,7.789582232946323,1,0,0,Dy(Fe2Si)2,0.0,-0.2,0.0,7.98432178876998,0,FM,0.7167443782571128,0.28009322844402085,0.0031623932988663096,0.7167443782571128,0.43665114981309194,0.5583057873314107,False,True,428.5230427371688,196.41727631615134,1.1232825091619247,8.875630170331945,428.5230427371688,0.0,1.1232825091619247,,307.1414818354982,55.015149045572144,362.1566308810703,2.613122995261457,1.514285714285714,False,226.6918547802201,0.0002266918547802201,0.0003225768715750755,Easy-Axis (Uniaxial),98384.50601902459,98.38450601902458,1236.3361893639567,1.7703870141681766,Hard Magnet,40.99829616077841,2.0912524037946447,319.35959935507094,0.4013191084749082,32.04127742402024,4.026425748898555,8.274306146892158,342.23161296433955,37.217635334242544,1.7423702200894327,0.04205649262831458,Soft / Non-Viable,305.9957495908539,52.677422445796005
mp-1201385,Ba3Fe26O41,6/mmm,194,P6_3/mmc,hexagonal,3,"Ba,Fe,O",140,1661.195118115374,5.037862430934868,1,0,0,Ba3Fe26O41,0.0,-2.5,2.5,1.3854121685070888,0,FM,0.8880175520763619,0.10982715936912792,0.0021552885545101496,0.8880175520763619,0.778190392707234,0.3288592905093235,True,False,715.619542042685,207.14783674500922,0.6510337101341861,1.5240226835073116,715.619542042685,0.0,0.6510337101341861,,635.4827139427523,22.75045847916422,658.2331724219165,0.6018715111007388,0.1,True,15190.230767488718,0.015190230767488717,0.006797428548722457,Easy-Axis (Uniaxial),13851.06377680843,13.85106377680843,174.05760420390885,2.1841738445121655,Hard Magnet,68.81131367603423,4.574993820586627,346.6619319917675,0.43562823152983254,31.93944914213904,4.01362962935854,31.394856748634414,467.53410253561935,0.8635272416311466,2.257006927429975,0.3171546627821505,Semi-Hard (0.1 <= kappa < 1.0),634.1066313000989,22.578408446018095
mp-19415,Er(FeO2)2,-3m,166,R-3m,trigonal,3,"Er,Fe,O",7,89.0010378869837,6.398534684240628,1,0,0,Er(FeO2)2,0.0,-2.5,2.5,1.759597038166173,0,FM,0.863368023997362,0.13474094916673612,0.001891026835901917,0.863368023997362,0.7286270748306258,0.37208205212502815,True,False,568.2579604286975,214.37844744186356,23.287149890123374,20.124272904972642,568.2579604286975,0.0,23.287149890123374,,490.6157524160957,28.88555548920795,519.5013079053036,20.287407567442163,1.514285714285714,False,351.91993997760585,0.00035191993997760586,0.00014365380489675595,Easy-Axis (Uniaxial),10726.4996144126,10.7264996144126,134.7931721681099,2.038676409647919,Hard Magnet,82.82534683490624,8.619070293482558,529.9608544574073,0.6659684508214242,31.34641700955636,3.939107012268216,5.956133171121641,223.32798212638045,1.2404276458863848,1.0417464292297567,0.031577170625220884,Soft / Non-Viable,455.27552138973925,26.24477083604297
mp-1220447,Nd(FeO2)3,3,146,R3,trigonal,3,"Fe,Nd,O",10,116.64374750202532,5.805057506014931,0,1,1,Nd(FeO2)3,0.0,-2.5,2.5,5.224551755413438,0,FM,0.802209077140619,0.19571423856693002,0.002076684292451044,0.802209077140619,0.6064948385736889,0.4631777127951713,True,False,577.4568154409425,214.13040798667487,16.31450142579081,2.376739596546585,577.4568154409425,0.0,16.31450142579081,,463.24109900343916,41.90836975313814,505.1494687565773,13.095904928745028,1.09,False,417.23931725095997,0.00041723931725095995,0.00035433639345411794,Easy-Axis (Uniaxial),17118.051940950285,17.118051940950284,215.1117890647979,2.723396114439252,Hard Magnet,60.96248513142599,4.563155189061888,353.8907318975081,0.4447122094010906,31.287057550352127,3.931647682485021,4.822941799755651,396.46642525093137,9.459842431088845,1.851518562817118,0.05148947836448099,Soft / Non-Viable,439.34858842896097,41.416192233045805
mp-1216045,ZrMnGa,mm2,38,Amm2,orthorhombic,3,"Ga,Mn,Zr",12,191.09731706729252,7.50372756916971,0,1,0,ZrMnGa,0.0,-0.2,0.0,2.813897838438641,0,FM,0.6977284073348502,0.2984410198852189,0.0038305727799308785,0.6977284073348502,0.3992873874496313,0.5764691412439825,False,True,382.5226765635865,166.91625465035,104.40277799458798,0.969226396879634,382.5226765635865,0.0,104.40277799458798,,266.8969378881753,49.81465727327136,316.7115951614466,72.84535830953327,2.066666666666667,True,7680.4086072926775,0.007680408607292678,0.0007970716194975344,Easy-Axis (Uniaxial),12345.262785696017,12.345262785696017,155.1351505105153,1.2113005956725482,Hard Magnet,44.60252312090602,6.151982267560321,334.68518239687194,0.4205778041133491,30.907538339806965,3.8839558910087195,8.303615370800195,78.70841971895429,8.893146233940143,0.47154436746636674,0.23358811695362133,Semi-Hard (0.1 <= kappa < 1.0),197.99340094425395,49.574413124222296
mp-684707,Fe7S12,m,7,Pc,monoclinic,2,"Fe,S",76,1102.4439223649958,4.673514278359623,0,1,0,Fe7S12,0.0,-1.2,1.2,1.2852164265488966,0,FM,0.5803934370783896,0.2968049393064156,0.12280162361519471,0.5803934370783896,0.28358849777197404,0.8500025950693132,False,True,390.6835468455239,230.1911811880321,7.295108512657663,12.137444860477686,390.6835468455239,0.0,7.295108512657663,,226.75016656364966,68.32187956138598,295.0720461250356,5.559200316130601,0.1,True,2030.5755877622487,0.0020305755877622488,0.0021271570181330152,Easy-Axis (Uniaxial),12401.901425644368,12.401901425644368,155.8468926650265,1.327189424949034,Hard Magnet,67.00875934328042,2.446644607541529,313.16639356598483,0.3935364965512431,30.810601340386356,3.8717744281624378,7.055685518578356,72.89795150780795,68.50481798844164,0.31668438005129795,0.12835993760900377,Semi-Hard (0.1 <= kappa < 1.0),221.36717469517708,64.41284291542318
mp-1224868,Ho4Fe29Si5,-1,2,P-1,triclinic,3,"Fe,Ho,Si",38,495.5419237111026,8.108152797365294,1,0,0,Ho4Fe29Si5,0.0,-0.2,0.0,2.229742019275456,0,FM,0.9302673587555297,0.06785529054706818,0.0018773506974021116,0.9302673587555297,0.8624120682084615,0.23810486731975306,True,False,520.2943680868868,162.66538720065574,13.751369911305062,13.400792783244029,520.2943680868868,0.0,13.751369911305062,,484.01286757556556,11.03770711045184,495.0505746860174,12.824727860738916,1.1421052631578947,False,2610.8990712449804,0.0026108990712449803,0.002010368129487294,Easy-Axis (Uniaxial),149338.04828678953,149.33804828678953,1876.6372980542046,29.728638458668566,Hard Magnet,38.33198432380719,3.111466221314405,310.8015859236399,0.3905647916247056,30.347039160723615,3.813521485506339,4.48939457237414,408.11102410826925,36.780970076385586,2.5088989804871287,0.1466583800765976,Semi-Hard (0.1 <= kappa < 1.0),462.7991275821922,10.344579292789309
mp-1208545,Tb(Fe2Si)2,4/mmm,136,P4_2/mnm,tetragonal,3,"Fe,Si,Tb",14,190.2052120457437,7.656016385053975,1,0,0,Tb(Fe2Si)2,0.0,-0.2,0.0,2.1054045058898434,0,FM,0.7456514883926818,0.25129976305314117,0.0030487485541771738,0.7456514883926818,0.49435172533954064,0.5311976159538231,False,True,436.05234491840804,197.6527630935912,14.37245848800248,17.226027037180074,436.05234491840804,0.0,14.37245848800248,,325.14308000553,49.67009253221811,374.81317253774813,11.558118927068104,1.514285714285714,False,874.8630955574052,0.0008748630955574052,0.0007755353804257545,Easy-Axis (Uniaxial),100612.86438813359,100.61286438813359,1264.3385670357902,1.187235514584758,Hard Magnet,39.83486465353964,3.2709637264785876,304.9763764839069,0.38324461755211076,29.220138692000862,3.671910993400627,2.573578797650058,336.75479361564055,42.79492017296715,1.7037697239586915,0.08651649492094406,Soft / Non-Viable,310.2782109819635,45.731253487149274
mp-1193230,NdGa4Co9,4/mmm,140,I4/mcm,tetragonal,3,"Co,Ga,Nd",28,373.4704611055226,8.479269757963774,1,0,0,NdGa4Co9,0.0,-0.2,0.0,7.101388422294661,0,FM,0.9234631284528932,0.07449017234303809,0.002046699204068582,0.9234631284528932,0.8489729561098551,0.2545574427471516,True,False,434.3453817001711,137.2228636573621,13.66360480179668,1.7853599004321552,434.3453817001711,0.0,13.66360480179668,,401.10194501390606,10.22175476324212,411.3236997771482,12.618536082215535,7.571428571428571,False,1776.7400882601644,0.0017767400882601643,0.0004255542713449665,Easy-Axis (Uniaxial),38889.223304565116,38.889223304565114,488.6964024436202,19.10659202834933,Hard Magnet,35.698719257675435,4.33935177504906,302.6990705996463,0.38038287057772274,28.78538534897555,3.617278275996403,6.107611933089186,259.1994636196971,5.339029120658978,1.8888941442506537,0.12422126031327224,Semi-Hard (0.1 <= kappa < 1.0),383.6294095395876,10.131314549564832
mp-1221904,Mn2Al2Cu,4mm,107,I4mm,tetragonal,3,"Al,Cu,Mn",5,63.82536997324328,5.915860009692,0,1,0,Mn2Al2Cu,0.0,-0.2,0.0,2.2184475036345,0,FM,0.8455802965252446,0.15119345636203776,0.0032262471127177347,0.8455802965252446,0.6943868401632068,0.40594129284741204,True,False,360.8718324475385,207.15277440154583,11.630644684531006,20.76843201825909,360.8718324475385,0.0,11.630644684531006,,305.146111088598,31.32014395675517,336.46625504535314,10.323765913854858,0.48000000000000004,True,1274.5671034445677,0.0012745671034445677,0.001788461725860042,Easy-Axis (Uniaxial),12339.765558613835,12.339765558613836,155.0660703163073,1.6456430826772857,Hard Magnet,51.16108474969564,5.713857288809038,302.6618153231877,0.38033605421659084,28.77830015051293,3.6163879236815304,7.724686239962222,91.47576975948412,4.43026131569971,0.44158602279768217,0.10522496451983107,Semi-Hard (0.1 <= kappa < 1.0),293.75748145453014,28.373752234798474
mp-1101422,Sr2Fe23O38,3m,156,P3m1,trigonal,3,"Fe,O,Sr",63,727.3372490389442,4.7205299379003085,0,1,0,Sr2Fe23O38,0.0099847713313899,-2.495007614334305,2.5,1.298145732922585,0,FM,0.8785199381470717,0.11936470163258094,0.0021153602203473187,0.8785199381470717,0.7591552365144908,0.34637217686015354,True,False,715.1418539979743,201.35408317135227,2.452594270209147,12.25977971696014,715.1418539979743,0.0,2.452594270209147,,628.2663773406825,24.03457006025035,652.3009474009328,2.6046160777252076,0.1,True,28896.436462668,0.028896436462668,0.007393082746755708,Easy-Axis (Uniaxial),38910.596218271945,38.91059621827195,488.96498240358665,2.808984070680772,Hard Magnet,64.05539343199358,3.8413686776016363,302.3754023797085,0.3799761370969399,28.723859337343615,3.6095466892002994,18.993764088196,475.51494532486265,9.366755411530761,2.3615858086185395,0.5014997870061385,Semi-Hard (0.1 <= kappa < 1.0),623.1717524426921,22.646372376622157
mp-1221730,Mn7Al4V5,3m,160,R3m,trigonal,3,"Al,Mn,V",16,199.8866387983435,6.207292037844855,0,1,0,Mn7Al4V5,0.0,-0.2,0.0,2.3277345141918206,0,FM,0.8388846752218293,0.08247361241783521,0.07864171236033549,0.8388846752218293,0.7564110628039941,0.5034949904632647,True,False,390.2234931243528,282.0987777544252,43.19034129401379,7.577886460319775,390.2234931243528,0.0,43.19034129401379,,327.35250829355044,23.2657052600635,350.61821355361394,36.237105258670965,1.31875,True,583.2121208977497,0.0005832121208977498,0.0006097854550769616,Easy-Axis (Uniaxial),10085.502821636812,10.085502821636812,126.73816875098959,3.6602373550327765,Hard Magnet,48.44251278169506,10.274130187599862,300.69682388301334,0.3778667731474634,28.40583463409134,3.5695825255680207,5.279416181627711,91.26088729300913,10.211170686527979,0.3235068511089199,0.07164394598468668,Soft / Non-Viable,286.15535075310146,22.416362028535186
mp-1208363,Tb(AlFe2)4,4/mmm,139,I4/mmm,tetragonal,3,"Al,Fe,Tb",13,179.22388010226717,6.611729320952171,1,0,0,Tb(AlFe2)4,0.0,-0.2,0.0,1.8182255632618471,0,FM,0.8359448452879781,0.1612424689125937,0.0028126857994283257,0.8359448452879781,0.6747023763753843,0.41921839442105713,True,False,479.2053427677172,189.79752023755628,26.798740501311983,11.584021020030647,479.2053427677172,0.0,26.798740501311983,,400.5892361211318,30.603420756591543,431.1926568777234,22.480001499884022,0.8615384615384616,False,4869.43158360537,0.00486943158360537,0.004848143708725132,Easy-Axis (Uniaxial),165241.57467038563,165.24157467038563,2076.486908548181,33.67427907222704,Hard Magnet,44.66379244144731,3.34582167227002,295.3049060700392,0.37109108939146357,27.396254824043663,3.4427149825250365,5.232943819724093,259.45197649156034,3.2096562992208533,1.3669935000563889,0.21079657000087293,Semi-Hard (0.1 <= kappa < 1.0),367.7393941359363,28.927912995560586
mp-1366463,Ca3Fe2(ReO6)2,1,1,P1,triclinic,4,"Ca,Fe,O,Re",19,230.0459543439256,5.748148925094259,0,1,1,Ca3Fe2(ReO6)2,0.0,-2.5,2.5,1.5807409544009212,0,FM,0.5429121738845972,0.45380722235109566,0.0032806037643071453,0.5429121738845972,0.08910495153350156,0.645290780930745,False,True,392.0302166819224,186.38765272124527,22.056537224215134,8.097469026984001,392.0302166819224,0.0,22.056537224215134,,212.8379771672322,84.58406296196895,297.42204012920115,12.52590454758592,0.1,True,86.30556054791573,8.630556054791574e-05,9.626982876208772e-05,Easy-Axis (Uniaxial),37083.36858873437,37.083368588734366,466.0033623679462,23.294183574370148,Hard Magnet,51.07964496614509,3.044871942721066,293.6134063063432,0.36896548809899316,27.08330344255698,3.403388351320666,19.795551347347363,90.12670493234943,35.890168002956536,0.4835443958680016,0.0282253005652676,Soft / Non-Viable,198.26144098952554,81.29273590636602
mp-756971,Dy(FeO2)2,-3m,166,R-3m,trigonal,3,"Dy,Fe,O",7,91.35089993876264,6.147435031299548,1,0,0,Dy(FeO2)2,0.0,-2.5,2.5,6.301120907082035,0,FM,0.8559232322187483,0.14206133486198858,0.002015432919263157,0.8559232322187483,0.7138618973567598,0.38494173359468314,True,False,578.235872653772,299.31304013836393,21.636804884809237,24.10586996023534,578.235872653772,0.0,21.636804884809237,,494.92551710664515,42.52081002365595,537.4463271303011,18.833403513661032,1.514285714285714,False,480.805965627376,0.000480805965627376,0.00019197030248543055,Easy-Axis (Uniaxial),11223.766834196285,11.223766834196285,141.04201646767967,2.1065241249166973,Hard Magnet,80.74363260048435,9.762221500800827,496.36623560259767,0.6237522077036565,26.895857968839977,3.379833257935943,3.1104899751757022,295.23738439181,57.66713767712402,0.9863833004246327,0.03940739799044935,Soft / Non-Viable,461.63142052467913,37.94707388182265
mp-1147775,Ba2OsO4,4/mmm,139,I4/mmm,tetragonal,3,"Ba,O,Os",7,110.52967056876466,7.94563627226719,1,0,0,Ba2OsO4,0.0,-2.5,2.5,0.0,0,FM,0.7438829418324572,0.2512615170417406,0.004855541125802204,0.7438829418324572,0.4926214247907166,0.5397901663392006,False,True,541.5067205920027,52.59468622239014,40.3930084283744,1.5328987193497525,541.5067205920027,0.0,40.3930084283744,,402.8176123360254,13.215020648572079,416.03263298459746,30.05013836591068,1.3714285714285712,False,2.865360548434695,2.865360548434695e-06,1.7222698823633803e-06,Easy-Axis (Uniaxial),98160.00788191055,98.16000788191056,1233.5150625159426,14.932449869378111,Hard Magnet,36.704161506962066,0.8117984935857834,291.63791701287096,0.36648301503834607,26.720085781594978,3.357745073020665,16.791942463621428,-0.5148413164148526,0.8822181145173393,0.009788846619179545,0.005177745725734019,Soft / Non-Viable,355.01693838766346,13.114504611949263
mp-1219806,PuMnAl,mm2,38,Amm2,orthorhombic,3,"Al,Mn,Pu",12,217.1142285230573,9.970828822698977,0,1,0,PuMnAl,0.0,-0.2,0.0,3.739060808512116,0,FM,0.6548438917091387,0.3409006721807032,0.004255436110158237,0.6548438917091387,0.3139432195284355,0.6074313453685058,False,True,352.73794812806943,97.58306125090448,75.56470017390225,1.332208733445981,352.73794812806943,0.0,75.56470017390225,,230.9882907056813,33.26613117388407,264.25442187956537,49.48516636970969,0.1,False,14715.690789359609,0.014715690789359609,0.012773337809876438,Easy-Axis (Uniaxial),294027.44749416225,294.02744749416223,3694.8579477855005,0.37661742664347847,Hard Magnet,48.017874461667674,4.5306065788194445,478.7780066871371,0.6016501874034699,26.560888957443904,3.33773980970291,4.123682423258743,101.99203896019543,10.652552371597672,1.0451817933642666,0.2260222545018336,Semi-Hard (0.1 <= kappa < 1.0),184.51278083274917,33.04601025653755
mp-1225082,Gd3Y(FeO3)4,m,6,Pm,monoclinic,4,"Fe,Gd,O,Y",20,236.3516507190932,6.857298016659532,0,1,0,Gd3Y(FeO3)4,0.0,-2.5,2.5,7.885892719158461,0,FM,0.7389097800129177,0.25761620894136034,0.0034740110457220355,0.7389097800129177,0.4812935710715574,0.5394543229768193,False,True,479.9329589560572,373.72193384494267,12.211464075005182,9.67721672552932,479.9329589560572,0.0,12.211464075005182,,354.6271571231689,96.27682779536799,450.9039849185369,9.361233325711051,2.08,False,154.65058176471723,0.00015465058176471723,1.3967309302131276e-05,Easy-Axis (Uniaxial),13725.19609684327,13.72519609684327,172.47590425836947,0.7947141820955248,Hard Magnet,42.39167111130122,5.796315801390321,290.692322234409,0.3652947455946305,26.547094474232697,3.3360063437845784,3.462220688186708,298.14080033185263,20.237288841416103,0.7977610445940573,0.03816254115787413,Soft / Non-Viable,340.7566965939219,91.83337064359819
mp-1194086,CeCo9Ge4,4/mmm,140,I4/mcm,tetragonal,3,"Ce,Co,Ge",28,365.0155116497822,8.744297860751852,1,0,0,CeCo9Ge4,0.0,-0.2,0.0,1.8581632954097684,0,FM,0.9177276841782573,0.08007037149911016,0.00220194432263243,0.9177276841782573,0.8376573126791472,0.2680009660893792,True,False,453.98959931478873,122.65530612035079,10.67530637896121,8.51406995840636,453.98959931478873,0.0,10.67530637896121,,416.638823620176,9.821055927393568,426.4598795475696,9.820714425306447,7.571428571428571,False,912.0070477561393,0.0009120070477561393,0.001464380189860605,Easy-Axis (Uniaxial),13514.926987681694,13.514926987681694,169.83358465256174,8.029012784975095,Hard Magnet,32.72391054998345,3.608891335349286,286.14762101765524,0.3595837056125048,25.723505479432784,3.2325110963483485,3.7512372251613497,218.01714675020426,23.286899718426326,1.7774783141977026,0.09414646668780516,Soft / Non-Viable,402.3224392787376,9.420041467084342
mp-1226270,Er4Fe29Si5,-1,2,P-1,triclinic,3,"Er,Fe,Si",38,493.3030591680229,8.176306666795272,1,0,0,Er4Fe29Si5,0.0,-0.2,0.0,2.2484843333687,0,FM,0.9298338719550348,0.06824738078742545,0.0019187472575398577,0.9298338719550348,0.8615864911676093,0.23927155329841318,True,False,496.1621076152095,167.57562472526524,7.063813033194208,2.450100027033713,496.1621076152095,0.0,7.063813033194208,,461.3483336412209,11.436597471315885,472.7849311125368,6.570300736508948,1.1421052631578947,False,7605.025472534176,0.0076050254725341755,0.008457993190139547,Easy-Axis (Uniaxial),143196.82822398285,143.19682822398286,1799.4644492214045,14.094645367591538,Hard Magnet,34.87957159826549,5.220585802643141,285.18607379386117,0.35837538973476435,25.550917585700567,3.2108230615651094,2.535061118694665,401.62877977336683,34.91536346099423,2.396701670853527,0.2727828674318835,Semi-Hard (0.1 <= kappa < 1.0),450.73530066991145,11.298189005378338
mp-864988,Mn2AlCr,m-3m,225,Fm-3m,cubic,3,"Al,Cr,Mn",4,57.94069836208003,5.412413096780222,1,0,0,Mn2AlCr,0.0,-0.2,0.0,3.3827581854876385,0,FM,0.7417507879504612,0.09485213759770085,0.163397074451838,0.7417507879504612,0.5783537134986232,0.6745016409368827,False,True,469.9072718408678,320.5961432016021,55.82767157690037,17.299590933597273,469.9072718408678,0.0,55.82767157690037,,348.55408915161524,30.409229488250567,378.9633186398658,41.442717484228375,0.575,True,382.51388770271654,0.0003825138877027165,7.022639120277964e-05,Easy-Axis (Uniaxial),10052.499631883164,10.052499631883164,126.32343842903228,4.592549361683534,Hard Magnet,52.638225431127026,0.9227755521585159,284.89982071470166,0.35801567350654234,25.49965029876677,3.2043806241599246,9.760977778334315,56.99564528061645,10.532506709909406,0.1777801963287362,0.06123877516061715,Soft / Non-Viable,293.86760810952285,27.988298880454927
mp-1207574,Y2Mn17C3,6/mmm,194,P6_3/mmc,hexagonal,3,"C,Mn,Y",44,522.1659666389421,7.300173499963673,1,0,0,Y2Mn17C3,0.0,-0.2,0.0,2.737565062486377,0,FM,0.7386162343709815,0.24567695385330499,0.015706811775713616,0.7386162343709815,0.49293928051767644,0.5769918857664418,False,True,351.83540147445285,311.9399091340939,20.573471807986948,40.0704737010648,351.83540147445285,0.0,20.573471807986948,,259.8713393554628,76.63644666134094,336.5077860168037,18.106005561747864,1.0,False,544.3020503725874,0.0005443020503725874,0.0003067304536800011,Easy-Axis (Uniaxial),10121.311082101829,10.12131108210183,127.18814863179023,1.3679783312119622,Hard Magnet,38.82856088110846,6.511295540272332,283.4552311859941,0.35620034876620615,25.24171305201417,3.1719672731508264,13.634651253607116,130.28476607304017,15.854113663992393,0.41765981927318746,0.07342273818587593,Soft / Non-Viable,243.19355362422243,63.84495809073835
mp-1221763,Mn7SnN2,4/mmm,123,P4/mmm,tetragonal,3,"Mn,N,Sn",10,114.16188032870224,7.727862629213063,1,0,0,Mn7SnN2,0.0,-0.6,0.5,2.8979484859548985,0,FM,0.6362698107194522,0.3603305083738551,0.0033996809066926276,0.6362698107194522,0.2759393023455971,0.6142328872697149,False,True,372.71448491544925,237.787571246872,39.946675714664394,27.849524930601604,372.71448491544925,0.0,39.946675714664394,,237.146974769551,85.68211643236968,322.8290912019207,27.326157104230035,0.29000000000000004,True,102.02678554061356,0.00010202678554061356,1.1851942727628903e-06,Easy-Axis (Uniaxial),20201.80017898775,20.20180017898775,253.86331305817774,9.05966546976319,Hard Magnet,36.662198353583854,2.4020426220250926,283.3204325614573,0.3560309558187827,25.21771110196165,3.1689510990939582,5.050186522314013,69.8037011042554,9.94023845028839,0.29355487647327416,0.03180345289278216,Soft / Non-Viable,209.2801533690548,75.20938782599326
mp-21133,Np(MnGe)2,4/mmm,139,I4/mmm,tetragonal,3,"Ge,Mn,Np",5,81.62386118883579,10.01232242078358,1,0,0,Np(MnGe)2,0.0,-0.2,0.0,3.7546209077938415,0,FM,0.7522623252616213,0.24546127689500188,0.0022763978433768084,0.7522623252616213,0.5068010483666194,0.5213647795400147,False,True,355.13265145986327,108.45286385883892,8.560492180631115,9.31515958623769,355.13265145986327,0.0,8.560492180631115,,267.15291416352164,26.620978445710403,293.77389260923206,6.8336175610627645,2.4600000000000004,False,106249.84679495318,0.10624984679495318,0.06718246375203313,Easy-Axis (Uniaxial),273702.21705806535,273.70221705806534,3439.443564341331,107.5315957803075,Hard Magnet,28.249035782973632,8.527724069699264,282.83845433538454,0.3554252841170945,25.13198449784848,3.158178376096712,9.238137163112167,163.2129663842103,12.816098191738746,1.5049207607523074,1.028065461514073,High-Performance (kappa >= 1.0),259.74120563088536,25.436264146689844
mp-1048359,BaAlFe4O7,6mm,186,P6_3mc,hexagonal,4,"Al,Ba,Fe,O",26,310.51120044348306,5.344382844726233,0,1,0,BaAlFe4O7,0.0,-2.5,2.5,1.4697052822997143,0,FM,0.8133527236836077,0.18401300450172067,0.0026342718146716926,0.8133527236836077,0.629339719181887,0.4507177005972193,True,False,609.7307068894089,195.45700227955916,14.430206711419146,1.4047909286399403,609.7307068894089,0.0,14.430206711419146,,495.92613116203216,35.96663024036135,531.8927614023935,11.739694268864115,0.1,True,172.59678250634377,0.00017259678250634378,3.77510886982181e-05,Easy-Axis (Uniaxial),14819.62190925608,14.81962190925608,186.2288648942481,3.524648187666229,Hard Magnet,57.171046165961805,0.1485171254089508,305.5439583444178,0.38395786195342746,24.651014398293178,3.0977378896681658,7.388920574926761,329.95185985338094,4.261642431649221,1.6881045754577564,0.038356389053810294,Soft / Non-Viable,473.16649664374154,35.71576433164864
mp-766058,Na(Fe2O3)4,2/m,12,C2/m,monoclinic,3,"Fe,Na,O",42,473.246411865836,4.643878378388889,1,0,0,Na(Fe2O3)4,0.0,-2.5,2.5,1.2770665540569446,0,FM,0.5535327583851716,0.44226670175008637,0.004200539864742068,0.5535327583851716,0.11126605663508521,0.6473491639177493,False,True,693.7036050655665,390.0252432409532,20.330405990455063,18.80891647109354,693.7036050655665,0.0,20.330405990455063,,383.9876700136807,172.49517792745155,556.4828479411323,13.99430916649879,0.1,True,793.9458911295953,0.0007939458911295954,0.0010178657714718104,Easy-Axis (Uniaxial),11957.348548429578,11.957348548429579,150.2604763437387,3.1786987022785516,Hard Magnet,60.22331319613911,5.303028754081389,279.66974202649266,0.35144336279271277,24.57201865229026,3.087810991263012,18.440644076349102,498.24707506856294,3.5792654403978474,1.2774739166324973,0.08987626972361788,Soft / Non-Viable,359.61712921981166,157.6674120135681
mp-1178270,Fe5(O4F)2,mm2,31,Pmn2_1,orthorhombic,3,"F,Fe,O",30,327.144984944323,4.519710020317918,0,1,0,Fe5(O4F)2,0.0087021342883916,-2.495648932855804,2.5,1.2429202555874277,0,FM,0.655455895727853,0.3418700199466048,0.0026740843255421273,0.655455895727853,0.3135858757812482,0.6004481096607017,False,True,579.2733156442387,230.09204353866394,0.5745579506032072,11.041192548261307,579.2733156442387,0.0,0.5745579506032072,,379.6881099768378,78.66157151411811,458.3496814909559,3.793392773039554,0.1,True,867.7935125611526,0.0008677935125611527,0.00018204453612327386,Easy-Axis (Uniaxial),12712.38680457626,12.712386804576258,159.74856708282203,2.1548562310069412,Hard Magnet,61.87133425376398,8.62409508865435,279.6404893971763,0.35140660285456937,24.566878599912737,3.087165073218932,4.763010174900348,201.093230584548,32.10981347701339,0.8739686409484947,0.09397302650886384,Soft / Non-Viable,378.9623239228746,74.54617798952175
mp-1198962,CoTe6O13,-3,148,R-3,trigonal,3,"Co,O,Te",40,566.7343354404939,6.050626019392041,1,0,0,CoTe6O13,0.0,-2.5,2.5,1.2857580291208086,0,FM,0.1705105744378764,0.7817825818365327,0.04770684372559085,0.7817825818365327,0.6112720073986563,0.5818621092340182,False,True,369.5735367700723,42.53069792626664,41.431493109041014,6.412194085405698,369.5735367700723,0.0,41.431493109041014,,63.01619605170266,33.2497588321064,96.26595488380906,8.66238147736056,0.495,True,349.171208875022,0.000349171208875022,5.6946971596596316e-05,Easy-Axis (Uniaxial),22877.647884496713,22.877647884496714,287.48900768643074,3.6892481259889998,Hard Magnet,46.18533200635329,8.868313400989717,279.45017155190124,0.35116744239674413,24.533450505303136,3.082964374879364,4.098525368924145,7.957835023558253,31.337140279316927,0.18710802812016764,0.05964992482442154,Soft / Non-Viable,55.369405567614876,32.216855190589065
mp-1195916,Ho2Cr2Co15,6/mmm,194,P6_3/mmc,hexagonal,3,"Co,Cr,Ho",38,478.4039577652255,9.148514123967711,1,0,0,Ho2Cr2Co15,0.0,-0.2,0.0,4.231187782335066,0,FM,0.9262891316447615,0.07173487578711549,0.00197599256812314,0.9262891316447615,0.854554255857646,0.2477983120730623,True,False,873.0851914332271,205.9978659574195,19.45575644567748,3.404786977988877,873.0851914332271,0.0,19.45575644567748,,808.7293238245843,14.777231326866353,823.5065551514507,18.023310735814047,7.578947368421053,False,1686.1251285724868,0.0016861251285724868,2.6666088132643807e-05,Easy-Axis (Uniaxial),215330.00270697262,215.3300027069726,2705.916670974493,31.05301040835146,Hard Magnet,30.31433429745894,1.4301689837515443,277.3311154789819,0.3485045580002529,24.16278945492992,3.0363857326615085,12.12269868168528,283.17782256964915,49.5015038156819,1.3746638648585954,0.13208131068310433,Semi-Hard (0.1 <= kappa < 1.0),759.4754273543101,14.529875669509634
mp-1044425,BaMg(FeO2)4,-3m,162,P-31m,trigonal,4,"Ba,Fe,Mg,O",14,186.5852741622049,4.565571972720085,1,0,0,BaMg(FeO2)4,0.0,-2.5,2.5,1.2555322924980237,0,FM,0.8049337350864797,0.1927295755508682,0.002336689362652132,0.8049337350864797,0.6122041595356115,0.4607156131019206,True,False,568.5646677778946,219.54650261514325,11.540668714126298,9.776894148455426,568.5646677778946,0.0,11.540668714126298,,457.6568816726641,42.31310426269413,499.96998593535824,9.478654607734702,0.09999999999999999,True,422.74627883543695,0.00042274627883543694,0.00011842738029674406,Easy-Axis (Uniaxial),12483.636187943535,12.483636187943535,156.874002000108,1.3774519345982272,Hard Magnet,60.40472825586589,0.38327903892179904,275.7821343447543,0.3465580508995174,23.893629737856728,3.0025621244124405,20.176077006616865,363.3218371741101,31.415042871012957,1.6548741740195223,0.06650722637411326,Soft / Non-Viable,440.7035045167242,40.34105322652922
mp-1221596,MnMoAs2,mm2,31,Pmn2_1,orthorhombic,3,"As,Mn,Mo",8,128.14946593255902,7.793389891137898,0,1,0,MnMoAs2,0.0,-0.6,0.5,2.922521209176712,0,FM,0.6339353767919811,0.3625092511265384,0.003555372081480644,0.6339353767919811,0.27142612566544266,0.6160888916797519,False,True,388.4099908798674,162.695322038595,51.13550123312808,18.895955113829075,388.4099908798674,0.0,51.13550123312808,,246.22683391819868,58.97855935400208,305.20539327220075,33.13243271622471,0.1,True,37.57840174917622,3.757840174917622e-05,1.1553809059524323e-06,Easy-Axis (Uniaxial),11171.450787416965,11.171450787416966,140.38459362200086,1.1685718080940248,Hard Magnet,35.27809313447631,2.4102747377799325,274.93593441284895,0.3454946847037006,23.74722599342114,2.9841644869359554,2.887106885629382,77.65670094940731,30.862405458468537,0.47731366812738096,0.019889905249602532,Soft / Non-Viable,210.36907380782517,53.88729940060553
mp-1224041,Ho2(Fe3Si)3,mm2,38,Amm2,orthorhombic,3,"Fe,Ho,Si",14,190.6512286151588,7.984490526870458,0,1,0,Ho2(Fe3Si)3,0.0,-0.2,0.0,2.195734894889376,0,FM,0.9192919700379473,0.07840664812844805,0.0023013818336047364,0.9192919700379473,0.8408853219094992,0.26483433469952733,True,False,455.8742369276689,160.41874886636526,13.159788741909978,17.142009163256503,455.8742369276689,0.0,13.159788741909978,,419.0815253547827,12.577896395570976,431.65942175035366,12.172120662673779,1.514285714285714,False,1423.4377757068671,0.001423437775706867,0.0022486738972874085,Easy-Axis (Uniaxial),71621.07638479461,71.6210763847946,900.0170071352433,3.402390295552842,Hard Magnet,34.33760703500259,3.675213673783265,274.16829808637857,0.34453004444615337,23.61480398135656,2.9675238458016517,2.844526442402332,410.89316947539413,30.133019819716424,2.561378719002997,0.12275722867663302,Semi-Hard (0.1 <= kappa < 1.0),401.4706297750455,11.584949816057366
mp-1233089,Ca(Fe2O3)4,2,3,P2,monoclinic,3,"Ca,Fe,O",21,238.56269197787967,4.725068514446249,0,1,1,Ca(Fe2O3)4,0.0,-2.5,2.5,1.2993938414727186,0,FM,0.7256789392417659,0.2704733272737876,0.003847733484446625,0.7256789392417659,0.45520561196797826,0.5531957461716637,False,True,689.386151057168,226.33041029464678,19.091807906279882,27.517100697490918,689.386151057168,0.0,19.091807906279882,,500.27301082712944,61.21633913563462,561.4893499627641,15.727069712995764,0.1,True,2664.3668766864603,0.0026643668766864604,0.00017360338125948537,Easy-Axis (Uniaxial),11820.652701368235,11.820652701368235,148.5427056347511,1.6422679463872953,Hard Magnet,57.65293864300466,4.390751324396678,272.4140851473628,0.3423256354533358,23.313581201127523,2.9296710741278305,20.512336952862512,503.5359642778095,7.8014457752786655,2.2247826247576916,0.1690295058973801,Semi-Hard (0.1 <= kappa < 1.0),470.340822075317,53.81251690353465
mp-1219594,RbTl(FeSe)8,-42m,119,I-4m2,tetragonal,4,"Fe,Rb,Se,Tl",18,417.2166215182772,5.445854052835205,0,0,0,RbTl(FeSe)8,0.0,-1.2,1.2,1.4976098645296816,0,FM,0.5246593664980049,0.4627549116878886,0.012585721814106448,0.5246593664980049,0.061904454810116305,0.6827274685529259,False,True,410.7036339344205,357.298515530184,27.568201809952853,20.26378447972084,410.7036339344205,0.0,27.568201809952853,,215.47950839846158,165.34164300038398,380.8211513988456,17.23763568802654,0.1,True,4086.8852775949363,0.004086885277594936,0.0012676317683544347,Easy-Axis (Uniaxial),57386.42073920126,57.38642073920126,721.1390452498837,4.810362853382862,Hard Magnet,49.80867396769401,6.142780735678919,271.25076899331384,0.34086376925999073,23.114889883432994,2.9047027862827246,4.4898383858198,105.47619608852912,21.61421680545883,0.2952046860088862,0.21024240377088177,Semi-Hard (0.1 <= kappa < 1.0),197.34471222284049,150.13057492944927
mp-1205466,Sm2Ga5Fe12,-3m,166,R-3m,trigonal,3,"Fe,Ga,Sm",19,275.68913044122297,7.947501537171946,1,0,0,Sm2Ga5Fe12,0.0,-0.2,0.0,2.1855629227222853,0,FM,0.9007240032877117,0.09696841769974633,0.002307579012541763,0.9007240032877117,0.8037555855879654,0.3044297263806612,True,False,559.5835451103433,253.9641561468914,48.05038344361043,11.35162213915116,559.5835451103433,0.0,48.05038344361043,,504.0303309257182,24.626502374015367,528.6568332997335,43.294129210644726,2.694736842105263,False,62.687693971450116,6.268769397145012e-05,1.4380811100285809e-05,Easy-Axis (Uniaxial),47721.0642313572,47.721064231357204,599.6805908928394,0.8352586234811606,Hard Magnet,34.073447719541726,3.474339741959417,270.7987781278058,0.3402957807869628,23.037920409789297,2.8950305167768335,8.71727358232546,291.04821035681846,2.2704935031459,1.14602081952257,0.02608191736724786,Soft / Non-Viable,434.44600687306433,23.303821494023452
mp-1226028,Dy4Fe29Si5,-1,2,P-1,triclinic,3,"Dy,Fe,Si",38,502.9928056141137,7.955952898420063,1,0,0,Dy4Fe29Si5,0.0,-0.2,0.0,8.154851720880563,0,FM,0.930323400822252,0.06780485921476664,0.0018717399629814822,0.930323400822252,0.8625185416074853,0.2379529658143621,True,False,553.4851057275666,194.12895302375728,6.79183251949479,7.179902788530242,553.4851057275666,0.0,6.79183251949479,,514.9201458649335,13.162886329285909,528.0830321942194,6.337327578547768,1.1421052631578947,False,657.1463558394967,0.0006571463558394967,0.0005384059910549783,Easy-Axis (Uniaxial),109976.66282802467,109.97666282802467,1382.0075308755688,19.220668573697036,Hard Magnet,34.032645092603325,2.099973615117392,270.76212136539874,0.34024971654076985,23.03168376113861,2.894246796378247,7.630024898629285,402.9845154655518,25.160279672263897,2.0758599332487773,0.08445749805984824,Soft / Non-Viable,503.5207179111068,12.70672121390205
mp-1224655,GdY(FeO3)2,mm2,26,Pmc2_1,orthorhombic,4,"Fe,Gd,O,Y",20,236.17098467857127,6.382009951622452,0,1,0,GdY(FeO3)2,0.0,-2.5,2.5,7.339311444365819,0,FM,0.5807106196992857,0.41642686862713885,0.0028625116735754266,0.5807106196992857,0.16428375107214688,0.6346090154275766,False,True,455.6868670597595,347.2312860545188,10.698511648293419,13.740948325945654,455.6868670597595,0.0,10.698511648293419,,264.62220295909896,144.59643714105758,409.21864010015656,8.44633407672339,2.08,False,192.27251340477045,0.00019227251340477044,9.643882757536337e-06,Easy-Axis (Uniaxial),14691.04794729111,14.69104794729111,184.61315680545147,3.581477176584756,Hard Magnet,46.58414226038308,3.647101375683583,297.3004594935609,0.3735987757815363,23.001259618623948,2.8904235857993408,5.137868388504571,280.314845678936,6.125020414382902,0.807285682301461,0.041606203536348925,Soft / Non-Viable,255.51027092654482,135.30064152289088
mp-1178327,Fe4O7F,mmm,59,Pmmn,orthorhombic,3,"F,Fe,O",24,256.0890390613933,4.595684466525899,1,0,0,Fe4O7F,0.0031792717400984,-2.498410364129951,2.5,1.2638132282946224,0,FM,0.7930659888652978,0.20458269626047418,0.0023513148742281024,0.7930659888652978,0.5884832926048236,0.4758109646646172,False,True,561.6874651764865,215.84859266477653,5.023807329964882,12.705135427785478,561.6874651764865,0.0,5.023807329964882,,445.45522500343276,44.15888707138879,489.61411207482155,4.757104178979528,0.1,True,2473.79222518412,0.00247379222518412,0.00046498345457570344,Easy-Axis (Uniaxial),11152.77776033746,11.15277776033746,140.14994143866926,5.253524183876279,Hard Magnet,58.839819220750144,6.195278551100618,270.40924320599345,0.33980627676748987,22.97168953433582,2.886707699344528,8.909077894095745,181.27906790966455,11.941231505410698,0.8398436407282944,0.16407981036102467,Semi-Hard (0.1 <= kappa < 1.0),438.118482195936,41.521223248867884
mp-1522063,BaDy(FeO3)4,4/mmm,123,P4/mmm,tetragonal,4,"Ba,Dy,Fe,O",18,228.07896065759505,5.207044115597702,1,0,0,BaDy(FeO3)4,0.0,-2.5,2.5,5.337220218487644,0,FM,0.5961883047043179,0.40051818816504453,0.003293507130637509,0.5961883047043179,0.1956701165392734,0.6313832891920866,False,True,476.7845560400005,167.049792977307,10.095377428414622,7.14137761650106,476.7845560400005,0.0,10.095377428414622,,284.25337617468875,66.90648041661677,351.1598565913055,6.6638083867974895,0.65,False,237.43896277925373,0.00023743896277925373,0.0001317038518030379,Easy-Axis (Uniaxial),21114.40928202026,21.11440928202026,265.331497495714,4.8658366229495895,Hard Magnet,51.875897318710415,0.879483299406072,270.1200858747417,0.33944291094845297,22.9225870637421,2.8805373007890425,10.333310916925738,134.41589064393318,12.37962425233578,0.8046456583289092,0.050887859336014245,Soft / Non-Viable,274.99930363229146,64.59982180912844
mp-27491,Ca(Fe2O3)2,mmm,63,Cmcm,orthorhombic,3,"Ca,Fe,O",22,242.4090112893281,4.92463602339254,1,0,0,Ca(Fe2O3)2,0.0,-2.5,2.5,1.354274906432949,0,FM,0.6528251360798581,0.34433157143412574,0.0028432924860161126,0.6528251360798581,0.3084935646457324,0.6027362601232005,False,True,632.6722980590491,229.27856316893363,6.348051268977713,10.262892627897116,632.6722980590491,0.0,6.348051268977713,,413.0243790743553,78.94784795211739,491.9722270264727,5.446295469926285,0.1,True,236.19557280848474,0.00023619557280848475,8.34990118698656e-05,Easy-Axis (Uniaxial),13922.066311166971,13.92206631116697,174.9498483825506,1.8652722696825683,Hard Magnet,54.79214877366297,7.886105256565173,269.83138964986404,0.3390801245727751,22.873615304030228,2.874383327847722,11.472345421518634,399.49207625866916,15.674010438762792,1.7423873856201781,0.05080874578751143,Soft / Non-Viable,404.465813342205,75.09441819753867
mp-1217643,TbAlFe2,-3m,164,P-3m1,trigonal,3,"Al,Fe,Tb",24,397.9131571170049,7.451443886245111,1,0,0,TbAlFe2,0.0,-0.2,0.0,2.0491470687174056,0,FM,0.8081217871395129,0.1880907495742397,0.003787463286247481,0.8081217871395129,0.6200310375652731,0.46199302171547435,True,False,475.6704026505238,191.84031690117354,11.89241360384878,10.099370322007971,475.6704026505238,0.0,11.89241360384878,,384.399615879313,36.08338900450142,420.48300488381443,9.796455460092032,2.575,False,3566.6076579540563,0.003566607657954056,0.0006376256129987875,Easy-Axis (Uniaxial),194932.7810022235,194.9327810022235,2449.597618549867,38.554989153454294,Hard Magnet,35.997894538919226,3.4267442760225357,268.2362911797259,0.3370756647185598,22.60398153776182,2.840500148818732,10.65023013838706,238.50197980238735,1.8057000026666117,1.2432317859715147,0.19861187035774472,Semi-Hard (0.1 <= kappa < 1.0),369.7425129110958,34.34887877026795
mp-865554,Mn2VGe,m-3m,225,Fm-3m,cubic,3,"Ge,Mn,V",4,47.03708490527804,8.24169801150681,1,0,0,Mn2VGe,0.0,-0.2,0.0,3.090636754315053,0,FM,0.8356281155095504,0.15584698380518025,0.008524900685269395,0.8356281155095504,0.6797811317043702,0.4372563122624072,True,False,361.1104040631834,255.70671074613676,7.880503368256626,14.93057222320617,361.1104040631834,0.0,7.880503368256626,,301.75400643821024,39.85111960852909,341.6051260467393,6.984186312484124,2.55,True,43.2175988788798,4.32175988788798e-05,2.3467277238561024e-05,Easy-Axis (Uniaxial),18234.08684669501,18.234086846695007,229.13629758140095,1.1984504276520185,Hard Magnet,32.40682265814005,5.6064977326627385,267.0872458608467,0.3356317317855867,22.410738716529686,2.816216539245302,11.843440145934567,150.71253498966408,51.33677155854408,0.5893960880021255,0.021956961246654392,Soft / Non-Viable,294.0303167660619,37.0827837066786
mp-1197186,Dy2Al5Fe12,6/mmm,194,P6_3/mmc,hexagonal,3,"Al,Dy,Fe",38,535.5393831765658,7.007844438401426,1,0,0,Dy2Al5Fe12,0.00888272421768,-0.19555863789116,0.0,7.18304054936146,0,FM,0.89283151506712,0.10432931668403231,0.002839168248847769,0.89283151506712,0.7885021983830877,0.32191888828128734,True,False,471.8010635852595,162.46450558517466,3.4914006651291913,9.215213683352644,471.8010635852595,0.0,3.4914006651291913,,421.23885841110587,16.949810853110424,438.1886692642163,3.2621252717247526,1.1421052631578947,False,5944.012108234953,0.005944012108234953,0.0036959243679967157,Easy-Axis (Uniaxial),144816.29093641692,144.81629093641692,1819.8152182573397,24.636417523735066,Hard Magnet,37.87238099227376,3.9542234432603536,265.40375450572554,0.33351619415613454,22.129112529374655,2.7808263481327886,10.222163956468881,282.7380629541209,4.822887494471615,1.7403066715141102,0.2591360582842454,Semi-Hard (0.1 <= kappa < 1.0),416.3928771832636,16.203229731432415
mp-1412406,Ba(FeO2)4,-3m,162,P-31m,trigonal,3,"Ba,Fe,O",13,211.1064335037813,3.844075629048129,1,0,0,Ba(FeO2)4,0.0,-2.5,2.5,1.0571207979882355,0,FM,0.8918929722793147,0.10601940498285593,0.002087622737829396,0.8918929722793147,0.7858735672964589,0.3211748253765492,True,False,574.7035357421705,199.43777591130197,6.888060322537115,10.215388363275494,574.7035357421705,0.0,6.888060322537115,,512.5740446725158,21.144274333220395,533.7183190057362,6.238146437553799,0.1,True,769.5910741127341,0.0007695910741127341,0.00018716453475552873,Easy-Axis (Uniaxial),13219.370384518501,13.2193703845185,166.11951076753886,0.9200847895047735,Hard Magnet,68.41850608258301,3.351563860429877,263.0059118079385,0.33050297615460184,21.7310591496946,2.730805484227458,10.026449811773709,320.9488032885307,9.538103123873697,1.6092678622292178,0.09409348810256203,Soft / Non-Viable,501.0693907092419,20.116771182022834
mp-1225501,DyAlFe2,-3m,164,P-3m1,trigonal,3,"Al,Dy,Fe",24,390.150177392317,7.690993908571207,1,0,0,DyAlFe2,0.0,-0.2,0.0,7.883268756285487,0,FM,0.8110268024028816,0.1848542136195104,0.004118983977608027,0.8110268024028816,0.6261725887833712,0.4592736284137241,True,False,458.8278919540867,182.16033893523633,5.610798744359386,8.729626875231546,458.8278919540867,0.0,5.610798744359386,,372.1217180647778,33.673106206536595,405.7948242713144,4.8281651866355535,2.575,False,315.1759440121984,0.0003151759440121984,5.652475999433513e-05,Easy-Axis (Uniaxial),126113.28835401573,126.11328835401574,1584.7863516396756,14.404833947523928,Hard Magnet,33.84809924798616,3.336977475357564,260.32552513297526,0.3271347029198641,21.29037833170837,2.675427898337101,8.274920272490997,239.3829816726099,5.394542997764077,1.3141333787137826,0.060835186811004104,Soft / Non-Viable,365.2898257460341,32.26480755093262
mp-1178259,FeCo3O8,1,1,P1,triclinic,3,"Co,Fe,O",48,531.9672618432468,4.502957198714774,0,1,1,FeCo3O8,0.0471817001615229,-2.4764091499192387,2.5,2.1951916343734523,0,FM,0.4110756823023991,0.5859060879982736,0.003018229699327429,0.5859060879982736,0.1748304056958745,0.6336859459285326,False,True,572.9984620055066,168.486885071671,5.914266500382212,2.0059278381225596,572.9984620055066,0.0,5.914266500382212,,235.54573372713892,98.71749171135748,334.2632254384964,2.70038575117401,2.075,True,448.99420575285757,0.00044899420575285755,0.00045473770315023355,Easy-Axis (Uniaxial),10124.461257632867,10.124461257632868,127.22773490578258,0.2035169435547472,Hard Magnet,57.63840302951726,1.314856910353008,259.5432618441882,0.32615168187937343,21.162617842735145,2.659373041482111,2.855489841232284,95.36813254510213,2.131017099793098,0.566027038273836,0.0728292232127018,Soft / Non-Viable,230.99190804837272,97.73722263285734
mp-865780,TiMn2Ga,m-3m,225,Fm-3m,cubic,3,"Ga,Mn,Ti",4,57.45835067160506,6.573741238384237,1,0,0,TiMn2Ga,0.0,-0.2,0.0,2.465152964394089,0,FM,0.8942279492721752,0.09575595700141729,0.010016093726407549,0.8942279492721752,0.7984719922707579,0.3374424752860197,True,False,424.2184380610158,242.02499782364748,39.167375261916334,6.355436888729329,424.2184380610158,0.0,39.167375261916334,,379.3479839107474,23.175335284869302,402.5233191956167,35.029848386546796,1.575,True,176.35596414236002,0.00017635596414236003,0.0001370350146304338,Easy-Axis (Uniaxial),12274.484833329356,12.274484833329355,154.24572851247163,7.5504458403880506,Hard Magnet,39.44566596565194,2.5992732760409574,259.3056010339357,0.3258530284971593,21.123878850796018,2.6545049560882017,7.7734799314080565,195.50765126024308,73.37479982628074,0.8077994133593611,0.045685485663942045,Soft / Non-Viable,335.54051325054684,22.461569837256935
mp-1221555,MnVP2,mm2,26,Pmc2_1,orthorhombic,3,"Mn,P,V",8,97.79658597470014,5.699246085521382,0,1,0,MnVP2,0.0,-0.6,0.5,2.137217282070518,0,FM,0.7416509401604988,0.25408887014594256,0.00426018969355857,0.7416509401604988,0.48756207001455626,0.5398045682916219,False,True,362.82405382472064,186.0417594102479,74.45437159996865,6.996078815010023,362.82405382472064,0.0,74.45437159996865,,269.0888006319475,47.271140448513165,316.35994108046066,55.247760123903284,1.075,True,94.97455431993917,9.497455431993917e-05,4.652937527568887e-05,Easy-Axis (Uniaxial),10052.56762993816,10.05256762993816,126.324292917809,1.0288495590902558,Hard Magnet,45.34448170281082,4.59898602112181,258.4293598447405,0.3247519113440599,20.981357139250328,2.636595149261509,2.3160185603794687,126.24247566168896,35.52885382945734,0.6785706395267247,0.03364006670734395,Soft / Non-Viable,215.58471822522847,45.67346465607093
mp-1245448,Mn2NbN3,mm2,36,Cmc2_1,orthorhombic,3,"Mn,N,Nb",12,127.94884461699276,6.354168071995792,0,1,0,Mn2NbN3,0.0,-0.6,0.5,2.382813026998422,0,FM,0.551999772993081,0.443961542041166,0.004038684965753064,0.551999772993081,0.108038230951915,0.6469684809756244,False,True,359.61333225124895,182.17054664905243,93.25280896890129,2.8154568005365945,359.61333225124895,0.0,93.25280896890129,,198.50647776797484,80.87671680479548,279.3831945727703,51.490703155962834,0.9166666666666666,True,37.09131771835659,3.709131771835659e-05,1.3946420475406546e-05,Easy-Axis (Uniaxial),12003.887278779572,12.003887278779573,150.8452992885998,2.4864088484683524,Hard Magnet,40.629725250424315,7.089640235133512,258.1681029602074,0.3244236062604004,20.938956745939212,2.631266958592578,2.7592535920257086,58.55928736955455,40.47732928057846,0.3214531023083975,0.021044015630397445,Soft / Non-Viable,151.43424782275838,79.75399713675225
mp-1225906,DyMn6GaGe5,-6m2,187,P-6m2,hexagonal,4,"Dy,Ga,Ge,Mn",13,190.4273986047905,8.066506111218915,0,0,0,DyMn6GaGe5,0.0,-0.2,0.0,9.07481937512128,0,FM,0.8831832573607542,0.11460965724094005,0.002207085398305722,0.8831832573607542,0.7685736001198141,0.3381357601638355,True,False,394.41309786962324,347.64366110167174,4.755737946397886,15.269921270815018,394.41309786962324,0.0,4.755737946397886,,348.3390445222398,39.84332084084812,388.1823653630879,4.55020459865941,3.5846153846153848,False,67248.866458175,0.067248866458175,0.16644865527531935,Easy-Axis (Uniaxial),373708.7092948533,373.70870929485335,4696.162234045055,26.480219089315835,Hard Magnet,31.969236455625946,3.9550113722705778,257.88004124030925,0.3240616172271954,20.892255803737616,2.6253983450011185,18.87696553504978,144.43510539907516,20.315161450510963,0.41546883076010904,0.8970565490333494,Semi-Hard (0.1 <= kappa < 1.0),342.9031855506927,37.017081258393006
mp-1216913,TiMnAl,mm2,38,Amm2,orthorhombic,3,"Al,Mn,Ti",12,171.95648890309448,5.013261065382763,0,1,0,TiMnAl,0.0,-0.2,0.0,1.879972899518536,0,FM,0.7399650712185417,0.25491596356090607,0.00511896522055221,0.7399650712185417,0.48504910765763565,0.5445672673580438,False,True,406.41838864758927,231.3175246779307,94.5632510495484,20.85526302272733,406.41838864758927,0.0,94.5632510495484,,300.73541190013833,58.96652969179837,359.7019415919367,70.17517053134823,0.1,True,21282.623294499288,0.021282623294499287,0.0020604851173681256,Easy-Axis (Uniaxial),12130.098209274329,12.13009820927433,152.43131264759143,5.580202319578394,Hard Magnet,65.33200705956767,5.574172296957634,327.52640731504243,0.4115818220310382,20.57979849382616,2.5861338006631978,2.1402144899423585,135.1335615035154,21.073550571922553,0.5841907641527174,0.397339120009917,Semi-Hard (0.1 <= kappa < 1.0),228.65946924872583,53.398346849203556
mp-1177997,Li2Fe3BiO8,432,212,P4_332,cubic,4,"Bi,Fe,Li,O",56,655.8878981877201,5.249745681952784,0,0,1,Li2Fe3BiO8,0.0,-2.5,2.5,1.4436800625370156,0,FM,0.6149942296900781,0.381480126575813,0.003525643734108992,0.6149942296900781,0.23351410311426513,0.6248952394112842,False,True,624.6089794024257,379.0260804588329,33.777106136885436,28.475761042085253,624.6089794024257,0.0,33.777106136885436,,384.1309181451006,144.59091714896985,528.7218352940705,23.441619354530047,1.15,True,218.2379411882083,0.00021823794118820832,5.120224270924143e-05,Easy-Axis (Uniaxial),17819.81141710881,17.81981141710881,223.9303588956624,1.5165514723629587,Hard Magnet,48.74380892539469,3.4325057057673405,255.89260042802232,0.3215641254450653,20.571470066125134,2.585087219551606,14.284068335899612,55.820328543488564,0.03623918057881781,0.14727305433946614,0.05149943545511038,Soft / Non-Viable,345.25817776210624,126.57002781344161
mp-18950,BaCa(FeO2)4,-3m,162,P-31m,trigonal,4,"Ba,Ca,Fe,O",14,206.821987066158,4.245487597459637,1,0,0,BaCa(FeO2)4,0.0,-2.5,2.5,1.1675090893014004,0,FM,0.8140869317137358,0.18361563671933645,0.0022974315669276922,0.8140869317137358,0.6304712949943994,0.4484013369699674,True,False,567.3073641081689,226.49419147659063,5.15146183073216,14.611095208666313,567.3073641081689,0.0,5.15146183073216,,461.8375113854264,41.5878751812055,503.4253865666319,4.978452499939263,0.09999999999999999,True,97.72410758706258,9.772410758706258e-05,1.5936011093945073e-05,Easy-Axis (Uniaxial),12900.059012417774,12.900059012417774,162.10692564638927,0.14889605322309754,Hard Magnet,60.00064400871649,0.558737682470607,254.73198997859674,0.32010565934042734,20.38528790179946,2.561690878310087,23.06763130313902,402.7668958340673,7.942253676609511,1.7782658937445441,0.03461883399612664,Soft / Non-Viable,454.04092965637653,38.75650058145374
mp-2224255,MgFe4(CoO4)2,mm2,44,Imm2,orthorhombic,4,"Co,Fe,Mg,O",15,171.90647884106207,4.767437507605327,0,1,0,MgFe4(CoO4)2,0.0611261017376699,-2.469436949131165,2.5,2.324125784957597,0,FM,0.767000705847575,0.230797042499819,0.0022022516526060756,0.767000705847575,0.5362036633477559,0.5054857259275933,False,True,638.8842652995594,274.67692857421554,12.32464112205173,22.803398596656493,638.8842652995594,0.0,12.32464112205173,,490.0246824396714,63.39462275786297,553.4193051975343,10.81933844909935,1.1533333333333333,True,418.56634610161916,0.00041856634610161914,0.00036882076277498685,Easy-Axis (Uniaxial),10714.72669888717,10.714726698887171,134.64522934553173,2.481149041677198,Hard Magnet,53.32852689214691,2.6751102720844564,254.24041933096052,0.3194879334462936,20.306686542641927,2.551813540018541,6.088862464299685,404.8033760665513,21.677682477128172,1.4737436382727596,0.0717848215792022,Soft / Non-Viable,470.6878208641026,56.906333706899126
mp-1522927,SrDy(FeO3)4,mmm,65,Cmmm,orthorhombic,4,"Dy,Fe,O,Sr",18,220.52666990005696,5.01108004299791,1,0,0,SrDy(FeO3)4,0.0,-2.5,2.5,5.136357044072857,0,FM,0.5885613158660352,0.4081087589061472,0.0033299252278176,0.5885613158660352,0.18045255695988804,0.6341942527322574,False,True,481.3533526008057,175.18066375017617,10.985974084016704,16.533156693790446,481.3533526008057,0.0,10.985974084016704,,283.3059626032578,71.49276326743949,354.7987258706973,9.345294118225928,0.65,False,233.0334660991128,0.0002330334660991128,8.687491868958145e-05,Easy-Axis (Uniaxial),30777.925437018435,30.777925437018435,386.76682529638646,0.575249512071087,Hard Magnet,50.5563693966345,1.249628998051179,253.34201372990543,0.31835896367180616,20.163425236395295,2.533810792978879,9.386758702552738,95.02798831466151,12.408490002781555,0.5424570627850812,0.053752293213514254,Soft / Non-Viable,273.29782004257135,66.03401008792451
mp-1215136,Ca3(Fe3O5)5,2,5,C2,monoclinic,3,"Ca,Fe,O",86,1020.7637872885068,4.4179389326528895,0,1,1,Ca3(Fe3O5)5,0.0,-2.5,2.5,1.2149332064795446,0,FM,0.82948402916058,0.16799016424297852,0.0025258065964416216,0.82948402916058,0.6614938649176014,0.4276757093880902,True,False,619.6330783934229,232.4590385506035,36.98500036978487,20.55600964430566,619.6330783934229,0.0,36.98500036978487,,513.9757424669499,39.05083206588076,553.0265745328306,30.87220411231454,0.1,True,1860.9679527871986,0.0018609679527871986,0.00048583878572880016,Easy-Axis (Uniaxial),11844.833383964316,11.844833383964316,148.84656905986475,2.063543743251273,Hard Magnet,57.25626341682259,2.7027874332714674,252.95467528740988,0.3178722198296474,20.101816037474162,2.526068752559507,19.049448579225324,489.7779193633894,22.583298657342993,2.106942893755326,0.15213243074292507,Semi-Hard (0.1 <= kappa < 1.0),457.5655372520562,35.411260957122586
mp-1043921,LaZn(FeO3)2,mm2,31,Pmn2_1,orthorhombic,4,"Fe,La,O,Zn",20,228.27283005377743,5.994086470149394,0,1,0,LaZn(FeO3)2,0.0,-2.5,2.5,1.6483737792910835,0,FM,0.5896126710800278,0.40768580297146234,0.0027015259485099314,0.5896126710800278,0.18192686810856545,0.6310345937448485,False,True,385.19451272828877,335.70568737658425,29.561484406838872,2.129848592023876,385.19451272828877,0.0,29.561484406838872,,227.1155655350961,136.86244272020946,363.97800825530555,17.451440839530942,1.23,False,1406.5165815640253,0.0014065165815640253,0.00033442994061037146,Easy-Axis (Uniaxial),12127.452461531646,12.127452461531647,152.39806520025888,3.740767910582164,Hard Magnet,42.19830685693515,1.5638623557113505,252.94030019436738,0.3178541555549686,20.099531381025226,2.5257816541572917,1.9972639870118094,204.39612773799547,65.68685749823373,0.6088551234722164,0.13226637971838687,Semi-Hard (0.1 <= kappa < 1.0),206.74342386568927,135.4203188431123
mp-1214823,AlTlFe2F2,4/mmm,123,P4/mmm,tetragonal,4,"Al,F,Fe,Tl",6,151.85707572342972,4.166754435276593,1,0,0,AlTlFe2F2,0.2205443558726399,-1.88972782206368,3.5,1.145857469701063,0,FM,0.6467488960933757,0.3405019037153986,0.012749200191225642,0.6467488960933757,0.3062469923779771,0.6410828268455102,False,True,351.64243005539515,187.5967094034757,20.81413146939198,16.193062519411527,351.64243005539515,0.0,20.81413146939198,,227.4243534579189,63.877036682627896,291.3013901405468,14.546960926258842,0.1,True,2313.2451502429867,0.0023132451502429867,0.0010066437274487711,Easy-Axis (Uniaxial),12070.93105780627,12.07093105780627,151.68779627960365,3.444654957050622,Hard Magnet,60.38249648595772,3.3350247085071167,251.59903504593757,0.31616867206023935,19.886933200527924,2.4990657783576085,5.165805165294026,104.24762883737091,36.256815357083326,0.5557007325387524,0.17052848236284474,Semi-Hard (0.1 <= kappa < 1.0),212.6692665465862,59.09258691119426
mp-1178199,K3(Fe11O17)2,1,1,P1,triclinic,3,"Fe,K,O",59,768.7406667636653,4.082252927279751,0,1,1,K3(Fe11O17)2,0.0602576095613425,-2.4698711952193286,2.5,1.1226195550019318,0,FM,0.6798952683762293,0.31602544746208144,0.0040792841616893285,0.6798952683762293,0.3638698209141478,0.59056171629869,False,True,676.6579363899814,369.59055629150873,16.96719031943809,4.773085167117472,676.6579363899814,0.0,16.96719031943809,,460.05652926077187,116.80002092978364,576.8565501905555,11.634113426819528,0.1,True,918.9736335690817,0.0009189736335690817,0.00047826266418678193,Easy-Axis (Uniaxial),11650.156060151867,11.650156060151867,146.40018161110004,0.9342476808256033,Hard Magnet,61.01567307277299,2.996656631312824,249.08141001127183,0.3130049311348795,19.490927396889205,2.449302220451241,18.14448253722619,441.3636366956106,42.628934945583524,1.19419619679755,0.10856886009512264,Semi-Hard (0.1 <= kappa < 1.0),435.42979523886584,114.0775125153405
mp-607225,Mn2Ga5,4/mmm,127,P4/mbm,tetragonal,2,"Ga,Mn",14,211.4802801066189,7.200126340979699,1,0,0,Mn2Ga5,0.0,-0.2,0.0,2.700047377867387,0,FM,0.6352845316066859,0.3591171970399516,0.005598271353362592,0.6352845316066859,0.27616733456673426,0.6235323489465968,False,True,351.6806017640257,122.05242367723045,2.592825986634665,1.6662121892807917,351.6806017640257,0.0,2.592825986634665,,223.4172463668165,43.83112428289962,267.2483706497161,1.7524983745844938,4.314285714285714,True,257.01557394200535,0.00025701557394200534,9.677579826141924e-05,Easy-Axis (Uniaxial),69574.94568395306,69.57494568395306,874.3045699235356,25.797081833047024,Hard Magnet,66.45114160961887,2.5077987301845326,478.45661509158896,0.6012463148132701,19.338859932082467,2.43019285886853,0.2706480959262494,131.8940108076354,6.902768857701858,1.080634098315255,0.02989043426029087,Soft / Non-Viable,221.50285186538233,43.46898154834227
mp-1518402,BaEu(FeO3)4,4/mmm,123,P4/mmm,tetragonal,4,"Ba,Eu,Fe,O",18,229.5660532101062,5.097102790205205,1,0,0,BaEu(FeO3)4,0.0,-2.5,2.5,1.4017032673064314,0,FM,0.537184430477449,0.45945185285344625,0.0033637166691047812,0.537184430477449,0.07773257762400276,0.6465380212560781,False,True,491.60419273053196,155.80384859471388,6.815805039598132,2.1486401965132558,491.60419273053196,0.0,6.815805039598132,,264.0821182922769,71.5843669185391,335.666485210816,3.7920970188891423,0.65,False,175.868873456425,0.000175868873456425,6.420728652713212e-05,Easy-Axis (Uniaxial),30993.359908886243,30.993359908886244,389.47405476557924,12.24157572465248,Hard Magnet,48.51318243948427,0.5205455608921596,247.2766775740294,0.3107370374682651,19.20950555608732,2.4139377082593,8.869599366775294,132.27163771880035,29.42522872761628,0.8489625828362758,0.047841677806693864,Soft / Non-Viable,258.2156270517362,70.82349586813973
mp-652683,Ba2Fe6O11,mmm,58,Pnnm,orthorhombic,3,"Ba,Fe,O",76,1128.0587142192055,4.626406137851825,1,0,0,Ba2Fe6O11,0.0,-2.5,2.5,1.272261687909252,0,FM,0.8406659431985682,0.15705061408453969,0.0022834427168921595,0.8406659431985682,0.6836153291140286,0.41008542369812323,True,False,564.4558317524538,220.00967683083613,8.217766352713681,8.939962510030426,564.4558317524538,0.0,8.217766352713681,,474.5187941941089,34.552654850823934,509.0714490449329,7.049626242812134,0.1,True,946.158796679941,0.000946158796679941,0.0007070754958393771,Easy-Axis (Uniaxial),12511.367183576915,12.511367183576915,157.22247997551207,0.6995664499058275,Hard Magnet,53.13588999985402,6.239475001156428,245.82820763554406,0.3089168364611886,18.985118053924122,2.3857403425773804,23.793003501497072,353.5160592900987,19.210952037483736,1.6068205016360018,0.11162086122709347,Semi-Hard (0.1 <= kappa < 1.0),461.8670751618057,33.074242414650755
mp-1217328,ThMn3Al2,mmm,65,Cmmm,orthorhombic,3,"Al,Mn,Th",6,99.81114231118596,7.500128292490327,1,0,0,ThMn3Al2,0.0,-0.2,0.0,2.8125481096838727,0,FM,0.7295878752032233,0.26558883260630284,0.004823292190473924,0.7295878752032233,0.4639990425969205,0.5533064597299172,False,True,365.8221330082923,258.66681454560796,36.580246215657496,23.36954255292609,365.8221330082923,0.0,36.580246215657496,,266.89939272383094,68.69901730915905,335.59841003299,27.400716168360123,0.1,False,44103.36576468003,0.044103365764680026,0.02613973627571491,Easy-Axis (Uniaxial),17052.70301687493,17.05270301687493,214.29059024966398,0.5448869594996422,Hard Magnet,48.45311386238805,0.5941597977066557,363.4045701385519,0.45666765113129254,18.892638281133113,2.3741189913593774,1.8992815024080782,103.47282647970619,1.1192524708397755,0.40002358501794566,0.5155141024468112,Semi-Hard (0.1 <= kappa < 1.0),237.89220763076526,61.51153512156316
mp-1412163,Ba2Fe3O8,4/mmm,123,P4/mmm,tetragonal,3,"Ba,Fe,O",13,185.1911604736174,5.112625992296101,1,0,0,Ba2Fe3O8,0.0,-2.5,2.5,1.4059721478814278,0,FM,0.5082667505729753,0.4879765653885086,0.0037566840385161275,0.5082667505729753,0.020290185184466736,0.6508796419502934,False,True,469.32142694879826,137.18599773781222,18.9126466912509,2.3160634270149245,469.32142694879826,0.0,18.9126466912509,,238.5404766495377,66.94355199549331,305.484028645031,9.678880715529598,0.1,True,123.88829778886671,0.0001238882977888667,1.0465365041812488e-05,Easy-Axis (Uniaxial),11701.006224212297,11.701006224212296,147.03918363089824,3.524737965677717,Hard Magnet,47.742631088672844,0.2639689784999746,244.09021664455267,0.3067328125694671,18.71761966801855,2.352125503364024,10.694181054961131,162.37696632071055,40.60875387015132,1.183626383146208,0.04067802304801641,Soft / Non-Viable,224.39418360270554,66.1771990434591
mp-1519459,CaDy(FeO3)4,mm2,38,Amm2,orthorhombic,4,"Ca,Dy,Fe,O",18,216.6686836227049,4.735947202491056,0,1,0,CaDy(FeO3)4,0.0,-2.5,2.5,4.854345882553332,0,FM,0.6731025761404038,0.32361076683954143,0.0032866570200547284,0.6731025761404038,0.3494918093008624,0.591971894637964,False,True,490.44516453270916,187.49992836628059,8.276707031263072,14.905658321104852,490.44516453270916,0.0,8.276707031263072,,330.11990370257075,60.676995600971146,390.7968993035419,7.369143332467364,0.65,False,286.50374914941904,0.00028650374914941906,4.386913489689508e-05,Easy-Axis (Uniaxial),31340.670672652173,31.340670672652173,393.8384906262058,2.7927496309630477,Hard Magnet,51.49199270461611,1.122556130132569,243.86335880011654,0.30644773459447117,18.682843463723604,2.347755396561816,9.608238062309605,93.55282998634266,10.287420601600907,0.4989486172154022,0.06191753688696325,Soft / Non-Viable,321.2567438665671,56.46849512943918
mp-1203481,NbAgO3,mm2,26,Pmc2_1,orthorhombic,3,"Ag,Nb,O",40,514.8489876818317,6.418921747658203,0,1,0,NbAgO3,0.0061749710476927,-2.4969125144761537,2.5,0.0,0,FM,0.7590569521477991,0.2260301295437019,0.014912918308498951,0.7590569521477991,0.5330268226040972,0.5535153871390158,False,True,383.55568585992916,85.68158390477258,66.89831054606242,29.196861588608687,383.55568585992916,0.0,66.89831054606242,,291.14060988779653,19.366619509505313,310.50722939730184,51.20666245543833,2.66,False,26.406577436151483,2.6406577436151484e-05,1.7475383198298598e-05,Easy-Axis (Uniaxial),15373.895698465118,15.373895698465118,193.19407488658683,5.151379386503697,Hard Magnet,37.88981380785117,3.915237082571924,243.21174986593593,0.3056288986582171,18.583134813065943,2.335225637742183,3.209232964374433,-10.44588152313317,22.503731768386867,0.12191513096609925,0.018848056435174225,Soft / Non-Viable,238.05556050761248,16.89955034747985
mp-19193,CaFe3O5,mmm,63,Cmcm,orthorhombic,3,"Ca,Fe,O",18,200.2884253159964,4.768998916024107,1,0,0,CaFe3O5,0.0,-2.5,2.5,1.3114747019066295,0,FM,0.7267153841119297,0.27090851789308557,0.002376097994984702,0.7267153841119297,0.45580686621884414,0.5462700101279248,False,True,585.3115976790104,232.94004409987508,20.515338686072084,2.255359686029749,585.3115976790104,0.0,20.515338686072084,,425.35494253246935,63.105442105047146,488.4603846375165,14.921326968703847,0.1,True,354.2775109832405,0.00035427751098324054,0.00017923648705782332,Easy-Axis (Uniaxial),14075.962754244736,14.075962754244737,176.8837681600676,0.3415081256392622,Hard Magnet,50.792895822598005,4.886352064409273,242.23126511969528,0.30439678518791846,18.433604593609402,2.316435115819767,18.36797416845301,373.47648933025255,9.259116479756472,1.6033159552855636,0.06931650594487074,Soft / Non-Viable,398.1290982292883,62.40175014695147
mp-1182448,Ba4Fe9O20,2/m,12,C2/m,monoclinic,3,"Ba,Fe,O",33,450.4027494767858,5.057906977337028,1,0,0,Ba4Fe9O20,0.0,-2.5,2.5,1.3909244187676828,0,FM,0.7802087319884246,0.21680387004789187,0.0029873979636836335,0.7802087319884246,0.5634048619405327,0.49376046276599794,False,True,564.292410211012,204.05898594495375,1.065980845739091,4.435881115247312,564.292410211012,0.0,1.065980845739091,,440.2658658414256,44.24077787091434,484.50664371233995,1.2714567392093896,0.1,True,343.382016869193,0.00034338201686919304,0.00010722940168618781,Easy-Axis (Uniaxial),10009.089630419765,10.009089630419766,125.77793225167581,0.03899663679578146,Hard Magnet,47.84144306465993,0.06090298476495093,241.9775686826156,0.3040779808427299,18.39501262356069,2.3115855057418497,13.757462994959486,280.67007386976127,2.4537878969432256,1.3754359925393036,0.06831384544134056,Soft / Non-Viable,438.7070215684814,43.28083468476294
mp-753096,Fe(CoO3)2,mmm,64,Cmce,orthorhombic,3,"Co,Fe,O",18,207.46611234757228,4.317431096763997,1,0,0,Fe(CoO3)2,0.0,-2.5,2.5,2.104747659672449,0,FM,0.5783510569545053,0.41927050329388627,0.002378439751608603,0.5783510569545053,0.15908055366061902,0.6330761974382257,False,True,540.2804800528775,182.15366047173472,21.809350813127423,4.81905644537683,540.2804800528775,0.0,21.809350813127423,,312.4717866904692,76.3716569028079,388.8434435932771,12.774262148113957,1.8555555555555554,True,357.25738065721885,0.00035725738065721884,0.0003123856691986241,Easy-Axis (Uniaxial),10133.33405141818,10.13333405141818,127.3392337230397,1.4708003993117202,Hard Magnet,55.928219577028145,1.5054908730849128,241.46623438850625,0.3034354192179689,18.317352014665182,2.3018263856170824,1.3834260893704808,112.5220291902935,38.51376782653167,0.6177313642717261,0.069827945361752,Soft / Non-Viable,291.29525220532156,74.57475708387071
mp-684805,Mn14Sb13,2/m,15,C2/c,monoclinic,2,"Mn,Sb",54,1060.9952739502876,7.3621607156966,1,0,0,Mn14Sb13,0.0,-0.6,0.5,2.760810268386225,0,FM,0.8915752242142787,0.10583537299258713,0.0025894027931341766,0.8915752242142787,0.7857398512216915,0.32353353558375586,True,False,461.61590690353256,302.9460598663769,18.692000732029157,53.23819641493067,461.61590690353256,0.0,18.692000732029157,,411.56530569839464,32.06240924259263,443.6277149409873,17.592056815065128,1.4962962962962962,True,9.283298897761938,9.283298897761938e-06,1.9753615118554935e-06,Easy-Axis (Uniaxial),13375.75421520818,13.37575421520818,168.08468798025598,1.2071503523713296,Hard Magnet,32.21139703288934,2.3286590400631884,237.1454818332439,0.29800580142373234,17.667682341933254,2.22018648518648,3.8572178820806124,166.98080838007485,71.19629332133388,0.5511898997918195,0.011461234017957239,Soft / Non-Viable,387.4260772969237,25.321937761757226
mp-684881,Mn27Sb26,1,1,P1,triclinic,2,"Mn,Sb",53,1059.4981526314746,7.286460043511959,0,1,1,Mn27Sb26,0.0,-0.6,0.5,2.732422516316985,0,FM,0.8830117077056847,0.11404533205127407,0.0029429602430412222,0.8830117077056847,0.7689663756544106,0.34099805884851475,True,False,436.1211754446505,298.30149091630983,10.604036205138613,41.50047766037065,436.1211754446505,0.0,10.604036205138613,,385.10010389599137,34.01989258294067,419.119996478932,10.491691503224835,1.5226415094339625,True,7.546176277240731,7.546176277240731e-06,2.233455757713144e-06,Easy-Axis (Uniaxial),13670.543046971938,13.670543046971938,171.789113765139,0.003835736663620038,Hard Magnet,32.147629180460974,5.336135027518873,234.242415517068,0.29435770069901945,17.237764709447116,2.166161441102251,3.03731709938894,124.76893974769231,26.395064282147473,0.41826455296764486,0.010461476965307527,Soft / Non-Viable,371.95276848397276,28.17376836064388
mp-999566,Mn2CuSb,-43m,216,F-43m,cubic,3,"Cu,Mn,Sb",4,60.38480415432419,8.11729705436759,0,0,0,Mn2CuSb,0.0,-0.6,0.5,3.0439863953878463,0,FM,0.6365891764088539,0.3596778258405378,0.003732997750608213,0.6365891764088539,0.2769113505683161,0.61546742291289,False,True,368.16342235134994,267.6123493392381,3.920484418382614,12.510468757399877,368.16342235134994,0.0,3.920484418382614,,234.3688498185109,96.25422797841564,330.62307779692657,5.14551764110386,1.3,True,5.484426837804256,5.484426837804256e-06,3.0367522892864766e-06,Easy-Axis (Uniaxial),15939.677237419715,15.939677237419716,200.30389552997494,5.680261154301583,Hard Magnet,28.77634655748382,3.3678667766837975,233.58615314652434,0.2935330170821685,17.14131207042919,2.154040844780462,12.42568635111225,155.36922573754703,71.48223839923278,0.5805756951096215,0.008943625328329808,Soft / Non-Viable,231.34556092889844,90.58775178581779
mp-1517148,CaEu(FeO3)4,4/mmm,123,P4/mmm,tetragonal,4,"Ca,Eu,Fe,O",18,217.7457485310476,4.63217313423876,1,0,0,CaEu(FeO3)4,0.0,-2.5,2.5,1.2738476119156592,0,FM,0.6333075652115505,0.3634543794139783,0.0032380553744711872,0.6333075652115505,0.2698531857975722,0.6150578445166995,False,True,521.1394699999878,165.8312394494949,8.265079700954459,2.8005267866610097,521.1394699999878,0.0,8.265079700954459,,330.04156888133014,60.272090221567,390.31365910289713,5.332385549155698,0.65,False,117.3179685996819,0.00011731796859968191,4.3667578775630545e-05,Easy-Axis (Uniaxial),37255.23303615264,37.25523303615264,468.16307475159283,13.278312891150977,Hard Magnet,50.29207228696083,2.845210282607251,232.96158611285367,0.2927481630003068,17.049769096043924,2.1425372151243214,9.69997385402475,167.94815213474476,13.167882571540076,1.012765463806924,0.041475632783640255,Soft / Non-Viable,321.19262668496305,59.43977678615313
mp-1522788,KTb(FeO3)4,mm2,38,Amm2,orthorhombic,4,"Fe,K,O,Tb",18,223.9068526501709,4.549073679103656,0,1,0,KTb(FeO3)4,0.0,-2.5,2.5,1.2509952617535054,0,FM,0.6034370670910434,0.39322288259905114,0.0033400503099055034,0.6034370670910434,0.21021418449199225,0.6288608718116879,False,True,524.9715032897885,208.32415212342434,15.983272183440704,9.675715627604461,524.9715032897885,0.0,15.983272183440704,,316.787264251566,81.91782361297616,398.7050878645422,10.368216529066716,0.65,False,150.86345658013144,0.00015086345658013145,5.599029677668571e-05,Easy-Axis (Uniaxial),33271.34851786968,33.271348517869676,418.1001044374705,1.8466520730490308,Hard Magnet,50.97666965696693,0.945073380115975,231.89662618487026,0.2914098948858587,16.89424286522958,2.122993212177967,10.096476176461032,74.42408345000298,18.81611796784892,0.35725134455802066,0.047249004727476666,Soft / Non-Viable,300.7633240163978,78.13763588957215
mp-1521076,SrSm(FeO3)4,4/mmm,123,P4/mmm,tetragonal,4,"Fe,O,Sm,Sr",18,225.19736975300884,4.817631091243149,1,0,0,SrSm(FeO3)4,0.0,-2.5,2.5,1.324848550091866,0,FM,0.5501004495109763,0.4463433223835515,0.003556228105472091,0.5501004495109763,0.10375712712742474,0.6452449831522744,False,True,513.8123037407468,146.08084352999356,6.906786779855963,0.016974041621409697,513.8123037407468,0.0,6.906786779855963,,282.64837925205507,65.20220903776907,347.85058828982415,3.7994340659821964,0.65,False,101.25422446461722,0.00010125422446461723,7.428918394999988e-05,Easy-Axis (Uniaxial),31841.388316222336,31.841388316222336,400.1306942306954,13.897057551251287,Hard Magnet,48.0875206250891,1.0037688223373493,231.6679344642254,0.29112251239405285,16.86093778059152,2.1188079717276156,1.4377463566287703,110.84027436427702,46.198888624370696,0.7587598187815715,0.038746788956114706,Soft / Non-Viable,276.28751604127797,65.19667578232753
mp-1105082,Tb(CrGe)6,6/mmm,191,P6/mmm,hexagonal,3,"Cr,Ge,Tb",13,188.77901991435567,7.975888602911459,1,0,0,Tb(CrGe)6,0.0,-0.2,0.0,1.9939721507278647,0,FM,0.6619957019968036,0.33206196739459604,0.0059423306086004895,0.6619957019968036,0.32993373460220754,0.6095010540010235,False,True,374.28157891254057,73.96626456917852,6.4615336586495005,16.969914310324672,374.28157891254057,0.0,6.4615336586495005,,247.77279657667933,24.561383333670623,272.33417991035,7.074673632553019,4.461538461538462,False,135.1336935721546,0.0001351336935721546,0.0001412541871170671,Easy-Axis (Uniaxial),318634.1438741624,318.6341438741624,4004.0748200987337,124.38349277365057,Hard Magnet,29.036708246227683,1.211048565475343,231.59355036715255,0.2910290385808897,16.850112076221816,2.1174475735684757,6.7327819128100135,65.36812402974297,5.0925894336501045,0.883755917788792,0.044776529650580946,Soft / Non-Viable,242.54867514889457,22.640358606162618
mp-1522719,KGd(FeO3)4,mm2,38,Amm2,orthorhombic,4,"Fe,Gd,K,O",18,197.65351871603244,5.139229457847863,0,1,0,KGd(FeO3)4,0.0,-2.5,2.5,5.910113876525042,0,FM,0.6892701895286573,0.30767487125980336,0.0030549392115394414,0.6892701895286573,0.3815953182688539,0.5796800787933717,False,True,522.7352035132928,210.47457114884324,20.511960535614264,7.886755602683564,522.7352035132928,0.0,20.511960535614264,,360.3057927989086,64.75773658168266,425.06352938059126,14.345006818205341,0.65,False,208.1362028508158,0.0002081362028508158,9.683628220272886e-05,Easy-Axis (Uniaxial),17059.256252384563,17.059256252384564,214.37294063740103,1.2942285060174246,Hard Magnet,45.04397935796745,2.3723226955590277,231.4913456151574,0.2909006043016777,16.835243082514452,2.1155790806762833,3.230996680580785,113.27368751473547,40.381447085220074,0.5381822939296105,0.05559479359629345,Soft / Non-Viable,337.2471269372856,62.300973810422704
mp-1398614,Ca(FeO2)4,m,8,Cm,monoclinic,3,"Ca,Fe,O",13,149.98835189845084,4.333825420615667,0,1,0,Ca(FeO2)4,0.0,-2.5,2.5,1.1918019906693085,0,FM,0.8292497248962188,0.16848316447864847,0.0022671106251327625,0.8292497248962188,0.6607665604175703,0.4270147329253505,True,False,609.8362828355979,216.66051454464983,24.50908064223904,24.17710930336085,609.8362828355979,0.0,24.50908064223904,,505.70656977315224,36.503649108054844,542.2102188812071,20.728335371411212,0.1,True,682.239401987012,0.000682239401987012,4.9449110759791415e-05,Easy-Axis (Uniaxial),11527.475943860509,11.527475943860509,144.8585377728207,0.22109432717630764,Hard Magnet,52.907598096717834,6.810347163864787,229.29229357527282,0.2881371940083325,16.51690951962848,2.075576104597002,6.569943904579196,318.4631114728377,14.999384377377737,1.4698714813917244,0.10161878745582785,Semi-Hard (0.1 <= kappa < 1.0),467.51225152680183,32.56679437208497
mp-1221333,MnNiSb2,-3m,164,P-3m1,trigonal,3,"Mn,Ni,Sb",4,75.50466221353838,7.854666328636234,1,0,0,MnNiSb2,0.0,-0.6,0.5,3.534599847886305,0,FM,0.6408348639929947,0.3530565228655106,0.006108613141494657,0.6408348639929947,0.2877783411274841,0.6224941236483503,False,True,352.734841778598,248.96784830995466,7.963149843614502,39.79477820003473,352.734841778598,0.0,7.963149843614502,,226.04478435677837,87.89972282962049,313.9445071863988,14.947853085091646,2.525,True,98.07630325082187,9.807630325082186e-05,4.673717846798992e-05,Easy-Axis (Uniaxial),13095.773338576648,13.095773338576647,164.56634445122026,3.7467774344252454,Hard Magnet,29.14324825830395,2.286206405482181,228.91049080158658,0.28765740649275934,16.461949525742263,2.068669627941459,2.4606743580239603,139.67184853279602,60.568195810522546,0.561003557209967,0.038593255563478895,Soft / Non-Viable,220.19983670601357,73.31245783533726
mp-1199146,Sr8Fe5Re5O28,4/mmm,123,P4/mmm,tetragonal,4,"Fe,O,Re,Sr",46,797.4788750718853,4.912417378790068,1,0,0,Sr8Fe5Re5O28,0.0,-2.5,2.5,1.3509147791672689,0,FM,0.5759672717915925,0.4183466315312095,0.005686096677198079,0.5759672717915925,0.15762064026038297,0.6478403257408132,False,True,375.9723289184002,178.76907728859356,49.884776475326845,2.009412639969142,375.9723289184002,0.0,49.884776475326845,,216.54775655626221,74.78744130562556,291.33519786188776,28.744293427450575,0.1,True,21.307873926761356,2.1307873926761356e-05,1.3017833534691718e-05,Easy-Axis (Uniaxial),56071.90486203366,56.07190486203366,704.6203512380283,14.153539149080036,Hard Magnet,46.559147018311,4.120107456501508,228.71796295439276,0.2874154688646171,16.43427014007423,2.0651913336870633,21.70554367478286,171.1733728946724,16.143276007451092,0.9575110835211219,0.01800382790128738,Soft / Non-Viable,185.67348834469743,74.04352136691305
mp-1079231,KCo,mmm,62,Pnma,orthorhombic,2,"Co,K",8,231.68419911038865,2.810465764297974,1,0,0,KCo,0.0027220103435777,-0.1986389948282111,0.0,0.5972239749133195,0,FM,0.8229479886924492,0.16303027807470075,0.014021733232850081,0.8229479886924492,0.6599177106177485,0.46959404142603084,True,False,395.53653789271004,184.50797641515055,38.38128453988716,4.567085801431304,395.53653789271004,0.0,38.38128453988716,,325.50599831318044,30.080386701962322,355.58638501514275,31.594575623473474,4.05,True,117.7257018258949,0.0001177257018258949,0.0001151581646008566,Easy-Axis (Uniaxial),13678.236132352262,13.678236132352263,171.88578792907416,1.0219579745180214,Hard Magnet,81.01400139955673,3.7893661093402926,227.68707736224235,0.28612001982342056,16.28645777210537,2.0466166833533874,8.49748936663452,141.4635608840158,25.58860451813436,0.7667070206532262,0.04251011987481935,Soft / Non-Viable,288.5851078517414,29.408823598494898
mp-556809,Sr11(OsO6)4,4/m,88,I4_1/a,tetragonal,3,"O,Os,Sr",78,1135.3261174592192,6.168485319915218,1,0,0,Sr11(OsO6)4,0.0,-2.5,2.5,0.0,0,FM,0.6339447756182744,0.31936714273739575,0.04668808164432986,0.6339447756182744,0.3145776328808787,0.7250443984351895,False,True,746.4029112040704,43.55695500648717,7.065174796849419,0.8541189701130243,746.4029112040704,0.0,7.065174796849419,,473.17822606409123,13.910660266763113,487.08888633085434,4.48722936372906,1.0128205128205128,False,2.8546053527754274,2.8546053527754274e-06,1.0419117608643328e-06,Easy-Axis (Uniaxial),55548.5703619289,55.548570361928896,698.0439358266717,14.851094858923535,Hard Magnet,36.89743210337788,3.410224530143932,227.60126827225494,0.2860121889407343,16.274184236058737,2.045074345296318,21.804943021599446,-46.339057865436445,28.621139521684622,1.063872758289346,0.006622064829267766,Soft / Non-Viable,462.2910035732383,13.851506096156298
mp-1517111,CaSm(FeO3)4,4/mmm,123,P4/mmm,tetragonal,4,"Ca,Fe,O,Sm",18,219.9689639075972,4.573247443199581,1,0,0,CaSm(FeO3)4,0.0,-2.5,2.5,1.257643046879885,0,FM,0.5840378785482944,0.4125315870149905,0.003430534436715309,0.5840378785482944,0.17150629153330388,0.6361032252857939,False,True,531.3279893787872,158.16740950732344,6.689172365077241,0.6953596269561331,531.3279893787872,0.0,6.689172365077241,,310.3156717301175,65.24905245810604,375.5647241882235,3.917247373871263,0.65,False,79.09351431042525,7.909351431042524e-05,5.0234701151814574e-05,Easy-Axis (Uniaxial),34142.31629713169,34.14231629713169,429.04500855746846,11.272779659817273,Hard Magnet,49.57882049266509,1.4483982858349123,226.73621405493162,0.2849251297510944,16.15071130221833,2.0295582785200796,2.2807355437365695,132.6806871192462,57.94876620014603,0.8388623644563314,0.03499005407338006,Soft / Non-Viable,303.5474020850563,65.02298068015938
mp-1065918,Mn2CuGe,-43m,216,F-43m,cubic,3,"Cu,Ge,Mn",4,52.78706854907514,7.74045092966747,0,0,0,Mn2CuGe,0.0,-0.2,0.0,2.902669098625301,0,FM,0.6656016123769279,0.33149840475594505,0.0028999828671270544,0.6656016123769279,0.3341032076209829,0.5952102263196557,False,True,370.42838682474155,272.81170394334185,8.225723986576185,11.766459329541988,370.42838682474155,0.0,8.225723986576185,,246.55773154073233,90.43664465596899,336.9943761967013,6.722396646603034,2.05,True,47.044559453164766,4.704455945316476e-05,7.889224425563369e-06,Easy-Axis (Uniaxial),30101.823238610697,30.1018232386107,378.2706743329575,1.430169174580791,Hard Magnet,28.98168187521246,5.3256047094431676,224.33128641431514,0.2819030085478241,15.809916137899764,1.986732694304024,11.96377555471521,166.33262779448032,63.89839868187877,0.6096975510589702,0.02727469634408557,Soft / Non-Viable,239.9777620943835,85.41167939653306
mp-1221668,MnCrSb2,-3m,164,P-3m1,trigonal,3,"Cr,Mn,Sb",4,80.65255705046121,7.215429007084739,1,0,0,MnCrSb2,0.0,-0.6,0.5,4.509643129427962,0,FM,0.7424345284653637,0.25510568098832553,0.0024597905463106876,0.7424345284653637,0.4873288474770382,0.5319292606500059,False,True,383.94194578864824,305.2399014681928,1.3477971321392772,40.09290021171742,383.94194578864824,0.0,1.3477971321392772,,285.0517574796693,77.86843292885271,362.920190408522,10.276759481800996,2.025,True,160.5022948833362,0.0001605022948833362,0.00011893967293001006,Easy-Axis (Uniaxial),17817.40403007136,17.817404030071362,223.90010677734992,1.5465403107198459,Hard Magnet,30.91886860137247,2.8481755860070628,223.0929013725845,0.2803468080080575,15.635845697265115,1.964858357178874,6.324917643429803,136.20660285553137,57.41387623395701,0.44622803965137775,0.050658221613618125,Soft / Non-Viable,283.77684541826176,64.86525245868344
mp-1519988,KEu(FeO3)4,mm2,38,Amm2,orthorhombic,4,"Eu,Fe,K,O",18,223.37312268366503,4.508193126442101,0,1,0,KEu(FeO3)4,0.0,-2.5,2.5,1.2397531097715777,0,FM,0.53969513513273,0.4567911903766027,0.0035136744906671463,0.53969513513273,0.08290394475612733,0.64683660540279,False,True,541.3240466850094,204.66144051630647,8.126565393462442,3.120308014390659,541.3240466850094,0.0,8.126565393462442,,292.14995452626243,93.4875430376339,385.6374975638963,4.611659115130418,0.65,False,185.16292919589748,0.00018516292919589747,0.00011202126565970446,Easy-Axis (Uniaxial),38221.14763359097,38.22114763359097,480.30111580062754,12.839946085794539,Hard Magnet,49.383962530757756,0.04434008576439297,222.63244043763638,0.27976817573185825,15.57136792999228,1.9567558418220985,10.157556936323983,93.66568587043548,23.288773048812722,0.4576616173234285,0.05452348942684824,Soft / Non-Viable,284.4447581011407,92.05139944058227
mp-1067840,EuMg2Fe,-3m,164,P-3m1,trigonal,3,"Eu,Fe,Mg",4,104.30829528779051,4.082070043792934,1,0,0,EuMg2Fe,0.0,-0.2,0.0,1.1225692620430567,0,FM,0.6586184108880534,0.3351105865120672,0.00627100259987943,0.6586184108880534,0.3235078243759862,0.6127969679728683,False,True,351.06085113970397,212.63320122607493,50.71472284218362,46.864492832463014,351.06085113970397,0.0,50.71472284218362,,231.2151399026393,71.25563677480838,302.4707766774477,36.9094918677954,2.575,False,2465.983269705302,0.002465983269705302,0.0033993848618972923,Easy-Axis (Uniaxial),82044.19791856105,82.04419791856105,1030.997817831618,19.53253055699361,Hard Magnet,54.165279727370674,4.845800931748631,221.1064657887645,0.2778505794332742,15.358639908962907,1.9300236497796306,1.0095933260833794,150.63831555275726,11.855855160470497,0.7084421185598211,0.20034969615025153,Semi-Hard (0.1 <= kappa < 1.0),197.78052489118,57.728542454395594
mp-1183914,CsOsO3,m-3m,221,Pm-3m,cubic,3,"Cs,O,Os",5,66.6889474096607,9.241140439437036,1,0,0,CsOsO3,0.0,-2.5,2.5,0.0,0,FM,0.7371111397618461,0.25816923607477,0.004719624163384042,0.7371111397618461,0.47894190368707606,0.5458766904301054,False,True,350.7208309574284,89.12752738043784,12.804054092607771,12.564129868584324,350.7208309574284,0.0,12.804054092607771,,258.5202314452518,23.009985657040783,281.53021710229257,9.979852537450768,1.8800000000000001,False,3.2498005325370682,3.249800532537068e-06,2.12238870271411e-06,Easy-Axis (Uniaxial),35538.24298529731,35.53824298529731,446.58674101221493,6.155916176219189,Hard Magnet,23.914265485595422,9.438550859692548,220.9950858583692,0.2777106152848393,15.343170317163402,1.928079683503811,25.301121550607768,-67.28181390982678,26.23586317688673,0.7548937560293424,0.007276806123080665,Soft / Non-Viable,247.93818500387638,21.64992341018824
mp-1216396,VFeCoO4,mmm,74,Imma,orthorhombic,4,"Co,Fe,O,V",14,157.17731070200512,4.853811805920595,1,0,0,VFeCoO4,0.0,-2.5,2.5,2.36623325538629,0,FM,0.6572252811467602,0.34042025573529805,0.0023544631179418184,0.6572252811467602,0.3168050254114621,0.5979654360788802,False,True,430.55692133181293,206.5166484605162,8.4953218965872,3.675187876341468,430.55692133181293,0.0,8.4953218965872,,282.97289367198425,70.30245028252557,353.2753439545098,5.721797040330366,1.7857142857142856,True,303.2888080628703,0.00030328880806287033,0.00010206691003705667,Easy-Axis (Uniaxial),11441.601612863455,11.441601612863455,143.7794090822874,3.7032516941456124,Hard Magnet,44.41367275217482,3.7597703455754576,215.57560914879997,0.27090029999800586,14.599874297665693,1.8346743491173685,3.724294503190339,257.38674226013086,30.741829515345458,1.2463244207129407,0.07206487508719424,Soft / Non-Viable,275.1804065607596,69.0338877460211
mp-1221559,MnVAs2,mm2,26,Pmc2_1,orthorhombic,3,"As,Mn,V",8,121.70126468394582,6.978359838523229,0,1,0,MnVAs2,0.0,-0.6,0.5,2.616884939446211,0,FM,0.6466014457508904,0.3498697909980655,0.0035287632510442838,0.6466014457508904,0.2967316547528249,0.6092158236575204,False,True,389.29338593521754,193.3767010853095,84.18918588472147,9.025704000951606,389.29338593521754,0.0,84.18918588472147,,251.71766616697101,67.65666599261262,319.3743321595836,54.52836323711445,1.075,True,136.95244464184916,0.00013695244464184916,1.1256658519103481e-05,Easy-Axis (Uniaxial),10724.87703621919,10.72487703621919,134.7727822487846,0.7277958464993002,Hard Magnet,30.63447886016446,3.658618627622932,213.77841695186052,0.2686418816768083,14.357459047959276,1.8042115498217366,5.116777263559537,74.75511092179276,19.107147341936443,0.386577651300474,0.048833303618445754,Soft / Non-Viable,196.55758835635257,64.7352595375587
mp-1233399,MgFe10(O4F)4,1,1,P1,triclinic,4,"F,Fe,Mg,O",31,344.6608197851859,4.407114999512919,0,1,1,MgFe10(O4F)4,0.0066236197328506,-2.4966881901335745,2.5,1.2119566248660527,0,FM,0.6247781985815855,0.372368790135398,0.0028530112830165676,0.6247781985815855,0.2524094084461875,0.6175416270905895,False,True,593.8401689634887,227.9011300846578,0.945050418963433,17.913106742953175,593.8401689634887,0.0,0.945050418963433,,371.0183910103928,84.86326808011398,455.8816590905068,6.6963637872334285,0.1,True,340.48628463661186,0.00034048628463661184,0.0001391236394345763,Easy-Axis (Uniaxial),10147.71872705831,10.147718727058312,127.5199968918126,1.1851485280158935,Hard Magnet,48.05670025495759,5.797654573158621,211.7914045207199,0.2661449282143031,14.091802038143355,1.770828104756705,2.8796780915397058,231.77477400710842,40.82756797310013,1.016997036921281,0.07772067231943554,Soft / Non-Viable,369.85329098505804,77.88725455620927
mp-1221807,Mn3Al2V3,3m,160,R3m,trigonal,3,"Al,Mn,V",8,104.41417595652544,5.909725911571512,0,1,0,Mn3Al2V3,0.0,-0.2,0.0,2.216147216839317,0,FM,0.7941368005288634,0.07643097456267368,0.129432224908463,0.7941368005288634,0.6647045756204004,0.5863916981461947,False,True,355.1684739005722,269.4185689929142,33.53140684324353,11.555258055444739,355.1684739005722,0.0,33.53140684324353,,282.05235551211956,20.591923793409368,302.6442793055289,26.64316618858902,1.5625,True,564.2383142169002,0.0005642383142169002,0.0002803497390563961,Easy-Axis (Uniaxial),16813.87691859548,16.81387691859548,211.28941292799934,2.8071102912268606,Hard Magnet,35.77638509777806,0.12878646152925555,211.42863003469992,0.265689052350227,14.043568088406541,1.7647668477530813,5.546940249065432,87.58618245070818,15.779193984557388,0.32509333999547646,0.10022188316791124,Semi-Hard (0.1 <= kappa < 1.0),253.69636837050376,19.467182222445736
mp-1185009,KOsO3,m-3m,221,Pm-3m,cubic,3,"K,O,Os",5,60.75217475613986,7.580164659871722,1,0,0,KOsO3,0.0,-2.5,2.5,0.0,0,FM,0.7235289931766692,0.27227277443011483,0.004198232393216039,0.7235289931766692,0.45125621874655436,0.5564614638799161,False,True,360.2610073303867,88.20814312902922,9.428102154555347,11.889554897350408,360.2610073303867,0.0,9.428102154555347,,260.6592839145673,24.01667585706946,284.67595977163677,7.550656357706814,1.8800000000000001,False,3.399488340987566,3.399488340987566e-06,2.8099135505412793e-06,Easy-Axis (Uniaxial),34806.10785729738,34.80610785729738,437.38645947524316,4.883464891979703,Hard Magnet,27.72661251539723,7.645162158621538,210.17228832717106,0.26411028679871856,13.877165836808029,1.7438561237003423,26.461855154145557,-43.62206944068644,29.591683555087716,0.49453562781473465,0.007825757627999556,Soft / Non-Viable,252.71714052433222,22.66905121274553
mp-761206,LiFe8(BO3)8,1,1,P1,triclinic,4,"B,Fe,Li,O",41,488.9079048160691,3.1388897882124684,0,1,1,LiFe8(BO3)8,0.0052538517877413,-2.4973730741061293,2.5,0.8631946917584289,0,FM,0.532899513740602,0.4637146100744544,0.0033858761849436605,0.532899513740602,0.06918490366614755,0.6472132367415808,False,True,426.2930738730828,167.12370110916885,3.8097663709280596,11.222603368147773,426.2930738730828,0.0,3.8097663709280596,,227.17137177795232,77.4977018940379,304.6690736719902,5.5860814700167944,0.24390243902439027,True,168.33049154192534,0.00016833049154192534,9.161284912232819e-05,Easy-Axis (Uniaxial),12945.501680827407,12.945501680827407,162.6779750704239,3.088625838969907,Hard Magnet,66.42933649946846,0.6350210719075804,208.51436597591137,0.26202688012714265,13.65909219458932,1.7164521810745328,6.5168358384273635,81.13496168710012,59.990129283271955,0.4854784877825377,0.05550607037147822,Soft / Non-Viable,224.32264883209226,73.38012187925196
mp-1519502,KSm(FeO3)4,mm2,38,Amm2,orthorhombic,4,"Fe,K,O,Sm",18,226.61061210773727,4.432032826293077,0,1,0,KSm(FeO3)4,0.0,-2.5,2.5,1.2188090272305965,0,FM,0.5269345630692317,0.46937254248874233,0.0036928944420260047,0.5269345630692317,0.05756202058048937,0.6492690374506236,False,True,545.7042503942287,191.57856530839118,3.694411960813568,1.4264109825513458,545.7042503942287,0.0,3.694411960813568,,287.55043074650547,89.92171828514513,377.4721490316506,2.0586275595212813,0.65,False,172.36744055077546,0.00017236744055077545,0.00015253042668585197,Easy-Axis (Uniaxial),40861.99488258907,40.861994882589066,513.4869817121487,16.555138460450284,Hard Magnet,47.019239082440414,1.3210530105567457,208.39081108069828,0.2618716164666961,13.642909638627087,1.7144186210779366,8.216191461086382,103.6895812820443,35.016060422687175,0.5412379047474926,0.05620100987419394,Soft / Non-Viable,284.05240869259933,89.28493323840699
mp-1211190,LiFe2SiO4,mm2,31,Pmn2_1,orthorhombic,4,"Fe,Li,O,Si",16,184.80780764774,3.7866256829284417,0,1,0,LiFe2SiO4,0.0,-2.5,2.5,1.0413220628053217,0,FM,0.6086899298921599,0.3884915023820662,0.0028185677257739753,0.6086899298921599,0.22019842751009366,0.6244638354169822,False,True,646.4649915792976,142.08385156266502,0.7572473055946602,3.965848439891559,646.4649915792976,0.0,0.7572473055946602,,393.4967304021384,55.19836895781022,448.6950993599486,1.6081688295917025,0.8375,True,78.41385123998457,7.841385123998457e-05,1.3398462064902939e-05,Easy-Axis (Uniaxial),13517.642033374843,13.517642033374843,169.8677029236396,1.0204969640538077,Hard Magnet,54.95196768320812,1.1542708341003944,208.0825321566896,0.26148422174552716,13.602574744957652,1.7093499887540595,13.481406631860128,124.3567211924663,0.09782228397529737,0.8752347281184146,0.03796259013340295,Soft / Non-Viable,392.50598340758785,54.12510906116433
mp-1275116,Co5SbO8,2/m,15,C2/c,monoclinic,3,"Co,O,Sb",28,316.9936524118798,5.703790117918159,1,0,0,Co5SbO8,0.0410193226810439,-2.479490338659478,2.5,1.212055400057609,0,FM,0.5604784444256367,0.4365790983357896,0.002942457238573672,0.5604784444256367,0.12389934608984704,0.6403330700191137,False,True,352.779899834649,116.42379125780404,105.35404419318641,12.03568762377752,352.779899834649,0.0,105.35404419318641,,197.72552948395597,50.828193812166276,248.55372329612226,59.28200068732067,3.1285714285714286,True,778.4883912456714,0.0007784883912456714,0.0004360792462182938,Easy-Axis (Uniaxial),11192.405489296827,11.192405489296828,140.6479181770522,2.4071195874514557,Hard Magnet,35.99644291561172,4.185705629186408,205.3161553822713,0.25800789016489756,13.243297016737023,1.664201817013914,3.411454471477823,56.38613476297266,40.98467267162988,0.4843179744775149,0.1212266251803913,Semi-Hard (0.1 <= kappa < 1.0),146.3354311987986,47.94305560708492
mp-1247106,MnSnN2,mm2,33,Pna2_1,orthorhombic,3,"Mn,N,Sn",16,221.951822779943,6.034944050887469,0,1,0,MnSnN2,0.0,-0.6,0.5,2.263104019082801,0,FM,0.6317320253027366,0.3639605943845657,0.004307380312697637,0.6317320253027366,0.26777143091817096,0.6203014715342097,False,True,440.33790319829177,110.03491890037344,130.9898195479977,0.04927836475074088,440.33790319829177,0.0,130.9898195479977,,278.17555540501723,40.048374486037396,318.22392989105464,82.75046594075916,0.575,True,73.58346441496322,7.358346441496322e-05,9.374370156258274e-06,Easy-Axis (Uniaxial),12941.702322900728,12.941702322900728,162.63023092969314,1.3542587388383962,Hard Magnet,34.01871370596602,0.8302288148995807,205.30103389866363,0.2579888879481723,13.241346357531567,1.663956689943971,3.2913625333460814,-16.98876695727811,43.361402285331096,0.15439432433862094,0.037272974061978374,Soft / Non-Viable,193.6302502667615,40.038509324704506
mp-1517987,KNd(FeO3)4,mm2,38,Amm2,orthorhombic,4,"Fe,K,Nd,O",18,225.07425081987145,4.41714896307646,0,1,0,KNd(FeO3)4,0.0,-2.5,2.5,3.9754340667688144,0,FM,0.5333922862798589,0.4628972858758563,0.0037104278442847997,0.5333922862798589,0.07049500040400258,0.6485896341519028,False,True,551.7448855416757,189.96308200872957,9.899834238621679,2.245393620259165,551.7448855416757,0.0,9.899834238621679,,294.2964659422935,87.93339507845363,382.2298610207471,5.381817005541508,0.65,False,135.13020206681605,0.00013513020206681604,0.00012757367763469054,Easy-Axis (Uniaxial),47956.34170296496,47.956341702964956,602.6371748557092,7.463131402936566,Hard Magnet,46.41321450754928,3.120963288323871,205.01408233506663,0.25762829397851933,13.20435706838873,1.6593084786923646,11.550452823667685,96.50370891724693,35.44685566632528,0.5080129670290998,0.05058102053039716,Soft / Non-Viable,284.89508553497933,86.95713015205627
mp-1521034,NaDy(FeO3)4,mm2,38,Amm2,orthorhombic,4,"Dy,Fe,Na,O",18,212.0838979716893,4.704533351580885,0,1,0,NaDy(FeO3)4,0.0,-2.5,2.5,4.822146685370407,0,FM,0.6554317021341464,0.3412397084026378,0.0033285894632158405,0.6554317021341464,0.3141919937315086,0.6032842267648616,False,True,518.6827000309235,226.7825933030969,2.0520150159956074,17.444289943186106,518.6827000309235,0.0,2.0520150159956074,,339.96108494880303,77.38722600954279,417.3483109583458,6.102733612700344,0.65,False,116.0073168061218,0.00011600731680612181,4.0211908639783935e-06,Easy-Axis (Uniaxial),33010.66093152778,33.01066093152778,414.8242075492948,1.8434151222577035,Hard Magnet,43.49297162293449,1.9675891836285473,204.61413555945632,0.2571257060376856,13.152888517753977,1.6528407497441144,8.905852090503068,62.56546362888972,17.59731448086762,0.2758830063525662,0.04695719277302327,Soft / Non-Viable,337.651531572269,71.17889922955672
mp-1200195,ScMnGe2,mmm,55,Pbam,orthorhombic,3,"Ge,Mn,Sc",48,809.3276378450379,6.036431950317213,1,0,0,ScMnGe2,0.0,-0.2,0.0,2.263661981368955,0,FM,0.7118842986993761,0.2830999955706507,0.005015705729973215,0.7118842986993761,0.4287843031287254,0.5695778549765231,False,True,367.8976462321988,169.6893778088462,106.51805925474693,7.657419700657741,367.8976462321988,0.0,106.51805925474693,,261.90055788116,48.03906210607083,309.93961998723086,75.85951475668514,5.525,False,2396.5273879861584,0.0023965273879861583,0.0002113793769688973,Easy-Axis (Uniaxial),17602.211518069744,17.602211518069744,221.1959178655685,4.201150580755745,Hard Magnet,33.85150101400781,6.906971837451794,204.34228228715227,0.2567840851404357,13.117961503153763,1.648451691559654,11.340542486778574,124.45715090144918,5.239724263139173,0.7334410232893259,0.21371156595620935,Semi-Hard (0.1 <= kappa < 1.0),193.27595804326012,46.267609580548665
mp-1235046,LiFe8(O7F)2,1,1,P1,triclinic,4,"F,Fe,Li,O",25,266.05262696447426,4.466899027078778,0,1,1,LiFe8(O7F)2,0.0030960449650118,-2.4984519775174943,2.5,1.228397232446664,0,FM,0.7679105578612104,0.22961450082273163,0.002474941316057981,0.7679105578612104,0.5382960570384788,0.5056277980980519,False,True,760.438901186498,358.8584259961074,6.269471938616391,16.57011312509377,760.438901186498,0.0,6.269471938616391,,583.9490608294896,82.39909835112739,666.3481591806169,6.136319729246624,0.336,True,199.11981360654877,0.00019911981360654877,0.00021496490314871057,Easy-Axis (Uniaxial),10635.874611430492,10.635874611430491,133.65434477158536,0.37312105185917166,Hard Magnet,45.617354433424936,3.556535260825438,203.76811613657364,0.2560625666761966,13.044346706176087,1.6392009831647183,10.749837191486996,216.6182386907065,50.50997136171618,0.6036314685643084,0.061775472542512616,Soft / Non-Viable,571.9953645394928,76.09461634582293
mp-772328,Mn2Fe3Co3O16,m,8,Cm,monoclinic,4,"Co,Fe,Mn,O",24,254.6720286284689,4.630726971382246,0,1,0,Mn2Fe3Co3O16,0.0,-2.5,2.5,3.9940020128171874,0,FM,0.7082156255710523,0.2888141358415719,0.002970238587375817,0.7082156255710523,0.41940148972948044,0.5646417100145947,False,True,374.6671015973353,189.09447258334387,7.439515909325422,9.8574075499386,374.6671015973353,0.0,7.439515909325422,,265.34509573864983,54.61315669157627,319.9582524302261,5.9887587278969745,1.0875,True,427.6411878340613,0.00042764118783406133,0.000414487462203777,Easy-Axis (Uniaxial),10806.998221510145,10.806998221510144,135.80474751848914,4.774814834013261,Hard Magnet,43.98492517703336,0.38198505129933835,203.68217935151839,0.25595457532715554,13.033346429406855,1.6378186475904366,9.929988102765028,119.71797033252372,0.16115050238133932,0.6331119503229145,0.09056946417782726,Soft / Non-Viable,258.9241935479523,52.04787129430281
mp-1235270,Li(FeO2)8,2,3,P2,monoclinic,3,"Fe,Li,O",25,320.1972694299704,3.68045080045341,0,1,1,Li(FeO2)8,0.0197541039402304,-2.4901229480298848,2.5,1.0121239701246878,0,FM,0.8217191865015385,0.17585636184110504,0.0024244516573564507,0.8217191865015385,0.6458628246604334,0.4383749934524326,True,False,767.1345516403092,373.93428904882353,3.25498982795267,16.44091011351881,767.1345516403092,0.0,3.25498982795267,,630.3691797110973,65.75872363976627,696.1279033508636,3.938681833329962,0.33599999999999997,True,1044.158453251328,0.0010441584532513279,0.00045582994180645795,Easy-Axis (Uniaxial),15648.010934670745,15.648010934670745,196.63870860270808,1.6191898385649788,Hard Magnet,54.77849328766597,8.873009341645695,201.60954946822196,0.2533500318011656,12.769446442298173,1.6046559965148643,9.420798536799326,225.45214748317926,11.337674790561394,0.6029191600927045,0.1429773269026366,Semi-Hard (0.1 <= kappa < 1.0),623.6031071429969,60.76367319401602
mp-685404,Li10Fe21O32,1,1,P1,triclinic,3,"Fe,Li,O",63,598.8721731616696,4.863827639065985,0,1,1,Li10Fe21O32,0.0,-2.5,2.5,1.337552600743146,0,FM,0.5104616364292324,0.48462495878696804,0.004913404783799656,0.5104616364292324,0.025836677642264327,0.6557599579939278,False,True,767.6096442496419,281.6579607699423,22.118839817806474,3.189650597233907,767.6096442496419,0.0,22.118839817806474,,391.8352751425331,136.49847763015475,528.3337527726878,11.396141741087929,1.0365079365079364,True,26.253725255685033,2.6253725255685034e-05,2.1493042175952688e-05,Easy-Axis (Uniaxial),10174.941359198363,10.174941359198362,127.86208658302861,2.7471344705065284,Hard Magnet,41.14228247719157,3.554936550911048,200.1089706468245,0.25146434884059177,12.580068000216205,1.5808579991568221,15.478723022267154,160.72353113984167,17.458094356866624,0.5706337243246619,0.022841466204642644,Soft / Non-Viable,364.9292373251055,134.35573832520083
mp-1215711,Zr(MnAl)6,mmm,71,Immm,orthorhombic,3,"Al,Mn,Zr",13,180.94861177153427,5.3477339285127,1,0,0,Zr(MnAl)6,0.0,-0.2,0.0,2.0054002231922627,0,FM,0.8046238636755476,0.19139962416918693,0.003976512155265532,0.8046238636755476,0.6132242395063607,0.4672690889072258,True,False,402.82228272105726,220.66562773854957,1.9259993916766405,60.534965201505486,402.82228272105726,0.0,1.9259993916766405,,324.1204214976209,42.2353182162161,366.355739713837,11.689548582181265,0.1,True,91547.46610954289,0.09154746610954288,0.058453444778122296,Easy-Axis (Uniaxial),17816.944890582254,17.816944890582253,223.89433706025403,5.937085355435796,Hard Magnet,64.55074862501786,3.276665592961116,345.20022853290254,0.4337914007905937,12.572101959050414,1.5798569568811893,1.2407061639944468,92.65954518247015,4.321703763802759,0.41990928144122025,0.7818926983787304,Semi-Hard (0.1 <= kappa < 1.0),322.0528428992486,32.42199616742425
mp-1245991,MnTeN2,mmm,62,Pnma,orthorhombic,3,"Mn,N,Te",16,264.09425261975474,5.295516990193033,1,0,0,MnTeN2,0.0,-1.2,1.2,1.9858188713223872,0,FM,0.5496681920471111,0.4459834226684422,0.004348385284446536,0.5496681920471111,0.10368476937866894,0.6487364077924589,False,True,395.7900259185771,112.37089164844971,141.8053792960074,3.2237783190186704,395.7900259185771,0.0,141.8053792960074,,217.55318797694355,50.115554865680274,267.66874284262383,77.95916536122658,0.1,True,14.978585727754458,1.4978585727754459e-05,6.408815993858745e-06,Easy-Axis (Uniaxial),21606.02897565451,21.60602897565451,271.50937288725703,2.125915280947165,Hard Magnet,37.395457889744435,1.921177188522723,198.02828261118975,0.24884967914172684,12.319818647195444,1.5481541002994244,3.3927538570411446,-22.234826040040264,9.910783199252005,0.19786997961715488,0.017434249288948062,Soft / Non-Viable,147.72558110786423,49.32056207222894
mp-1177659,Li3Fe8(BO3)8,1,1,P1,triclinic,4,"B,Fe,Li,O",43,489.9737434603699,3.1791083786599854,0,1,1,Li3Fe8(BO3)8,0.0093213019551285,-2.495339349022436,2.5,0.874254804131496,0,FM,0.4991769041998017,0.49720172363556875,0.0036213721646295234,0.4991769041998017,0.001975180564232959,0.6504617437533298,False,True,400.88590817011493,138.76548772513266,17.88866319604074,0.2678384243830294,400.88590817011493,0.0,17.88866319604074,,200.11298657768396,68.99443967806631,269.1074262557503,8.93060045789288,0.5116279069767442,True,177.93076569011444,0.00017793076569011445,2.2117501485678008e-05,Easy-Axis (Uniaxial),10522.777358585803,10.522777358585802,132.23312274926312,2.8403427265530143,Hard Magnet,62.27908680414869,0.743075949492468,197.99196667436163,0.24880404318958785,12.315300456909826,1.5475863277520416,5.897065087721517,45.60336024977056,9.175185410135605,0.32863618322807986,0.060099799377485975,Soft / Non-Viable,188.8519564357113,68.90216643958753
mp-1235242,LiFe8(O3F)4,2,5,C2,monoclinic,4,"F,Fe,Li,O",25,282.6344403934884,4.240071177574031,0,1,1,LiFe8(O3F)4,0.0070429851517699,-2.496478507424115,2.5,1.1660195738328587,0,FM,0.7149538690532455,0.282368853945423,0.0026772770013315282,0.7149538690532455,0.43258501510782255,0.5578110408722904,False,True,705.8735680735304,355.496910669302,2.9699156684956165,6.924035965839408,705.8735680735304,0.0,2.9699156684956165,,504.66703855659,100.38125524682923,605.0482938034193,2.886376311177424,0.33599999999999997,True,188.38551136679104,0.00018838551136679104,0.00019590944664171864,Easy-Axis (Uniaxial),11242.654404552739,11.24265440455274,141.2793646813946,1.141504750662744,Hard Magnet,46.5860716460077,4.80024803376196,197.5282596626361,0.24822133177300584,12.257681919065911,1.5403457686033384,10.003852056464783,251.749672967803,23.2985029057957,0.7081627586969131,0.06198542450607485,Soft / Non-Viable,499.7199515104211,97.02232491096484
mp-1215824,ZnCr8Cu3Se16,3m,160,R3m,trigonal,4,"Cr,Cu,Se,Zn",28,568.7090744598936,5.650986195348532,0,1,0,ZnCr8Cu3Se16,0.0,-1.2,1.2,1.412746548837133,0,FM,0.852978144801097,0.13819910256002216,0.00882275263888083,0.852978144801097,0.7147790422410749,0.41040991258840775,True,False,381.5623345153583,70.05543442094961,6.8870963544960375,4.9961988290808605,381.5623345153583,0.0,6.8870963544960375,,325.4643322208859,9.681598166427722,335.1459303873136,5.914981038761063,0.8964285714285714,True,4.955879682195951,4.955879682195951e-06,2.491910791329257e-06,Easy-Axis (Uniaxial),13625.669850741742,13.625669850741742,171.2252205397048,2.5066863081978052,Hard Magnet,34.64658588211516,5.516421043252361,195.7873785357901,0.24603367602945686,12.042572115332804,1.513314272913276,10.794405219510825,243.5459055423445,1.1372218940698815,3.4764741315987577,0.010143101082802182,Soft / Non-Viable,318.1603294049196,9.445636769587054
mp-1233028,CaFe8(O7F)2,1,1,P1,triclinic,4,"Ca,F,Fe,O",25,291.0536294005478,4.272255619100776,0,1,1,CaFe8(O7F)2,0.0,-2.5,2.5,1.1748702952527137,0,FM,0.7405889760243305,0.25690584536238853,0.0025051786132811405,0.7405889760243305,0.48368313066194196,0.5339073458721053,False,True,579.469291391428,216.26012472181986,2.563629053123634,17.868848474191225,579.469291391428,0.0,2.563629053123634,,429.14856914912207,55.55849015983471,484.7070593089568,4.967733851934938,0.1,True,351.5622015415495,0.0003515622015415495,0.00030271261623808255,Easy-Axis (Uniaxial),10204.019713238149,10.204019713238148,128.2274959638469,2.494673642140453,Hard Magnet,45.807911720999684,5.056991179792902,195.7031082493132,0.24592777886429215,12.032207682147932,1.5120118398018851,9.26691205335912,284.8177037159174,44.8461780171278,1.3170144245606288,0.0854669945650382,Soft / Non-Viable,425.5123827924864,51.001775195425594
mp-1180309,Mn2Al3,432,213,P4_132,cubic,2,"Al,Mn",20,254.05365864176244,4.98894979641441,0,0,1,Mn2Al3,0.0,-0.2,0.0,1.870856173655404,0,FM,0.7173551032494857,0.27884923186971583,0.003795664880798452,0.7173551032494857,0.4385058713797699,0.5603110844159751,False,True,420.4503096347593,188.56980054148318,27.3858863775622,24.638053186313797,420.4503096347593,0.0,27.3858863775622,,301.612175279321,52.582544034818106,354.1947193141391,20.812087924151797,0.1,True,25724.55485843885,0.025724554858438848,0.02892040736123553,Easy-Axis (Uniaxial),20440.785065484313,20.440785065484313,256.8664857714666,1.3577112348462461,Hard Magnet,86.51097826840362,4.862360048492619,431.59892741976364,0.5423632078716655,11.811267036474119,1.4842476188893814,3.7144523520581116,143.62640259922279,36.02869987821077,0.7616617410995598,0.33150390259487067,Semi-Hard (0.1 <= kappa < 1.0),276.3822643210856,46.815348770144816
mp-1194040,Mn5Al8,3m,160,R3m,trigonal,2,"Al,Mn",26,352.4968789251464,4.6216865512439576,0,1,0,Mn5Al8,0.0,-0.2,0.0,1.733132456716484,0,FM,0.7721362060784619,0.22392994334750554,0.003933850574032481,0.7721362060784619,0.5482062627309563,0.5065935802243873,False,True,408.6888886955308,160.86435315832745,24.321161796138142,29.920759137194793,408.6888886955308,0.0,24.321161796138142,,315.56348798378997,36.022345489377386,351.5858334731673,19.93871303967415,0.1,True,49540.75994843287,0.04954075994843287,0.00039207582439102894,Easy-Axis (Uniaxial),25977.93008428032,25.97793008428032,326.4483035748726,0.31603895174531044,Hard Magnet,83.39002590804503,7.167613367330709,385.4025612470969,0.48431114203542797,11.659769516687362,1.4652098787115702,2.6500152559239933,144.93425965288935,38.30684261838249,0.9009718859854599,0.5151833320414113,Semi-Hard (0.1 <= kappa < 1.0),291.89907273039455,31.33457424597549
mp-1221891,Mn2CrNiSb2,3m,160,R3m,trigonal,4,"Cr,Mn,Ni,Sb",6,110.46300872936304,6.976382975461547,0,1,0,Mn2CrNiSb2,0.0,-0.6,0.5,4.883468082823082,0,FM,0.8670793145930594,0.13026320882700254,0.0026574765799380717,0.8670793145930594,0.7368161057660569,0.36858236297077746,True,False,352.0778574922299,262.42575461055833,22.387916655051782,57.25868965635287,352.0778574922299,0.0,22.387916655051782,,305.27942735775554,34.18442087441888,339.4638482321744,20.795716375582842,2.033333333333333,True,587.7604248897184,0.0005877604248897183,0.0006003309215143574,Easy-Axis (Uniaxial),10562.32278765379,10.56232278765379,132.73006527668934,2.5365813196674085,Hard Magnet,27.526086826563642,2.3859112739634813,192.03252351791497,0.24131518605367633,11.585091035270656,1.4558255037852619,4.702775611246172,308.7237134719518,35.67415673384912,1.1764230760433554,0.11262127748602077,Semi-Hard (0.1 <= kappa < 1.0),284.0795931732126,26.575911523208458
mp-1214121,Ca2NbFeO6,2/m,14,P2_1/c,monoclinic,4,"Ca,Fe,Nb,O",40,483.8328762708055,4.460345270359982,1,0,0,Ca2NbFeO6,0.0,-2.5,2.5,1.2265949493489952,0,FM,0.5590993117543895,0.43804159231126294,0.002859095934347489,0.5590993117543895,0.1210577194431266,0.6402624498923728,False,True,382.25884019098413,109.55288841475912,16.87122505107385,16.16936366267602,382.25884019098413,0.0,16.87122505107385,,213.72065446281042,47.9887216834992,261.70937614630964,11.795866420018747,0.59,True,82.56477286151559,8.25647728615156e-05,8.054889182034793e-05,Easy-Axis (Uniaxial),11436.918324743834,11.436918324743834,143.72055714693911,10.167223642154438,Hard Magnet,42.665274570655626,1.5806646109090892,190.30185563983383,0.23914036465704291,11.37721378815545,1.4297028779823546,9.208350611959307,212.0463091410286,10.834787938346054,1.9355610993864165,0.042594099404637556,Soft / Non-Viable,202.341491653301,44.399188553271365
mp-1228024,BaSr(FeO2)4,mm2,36,Cmc2_1,orthorhombic,4,"Ba,Fe,O,Sr",28,437.3664451340671,4.376218340630006,0,1,0,BaSr(FeO2)4,0.0,-2.5,2.5,1.2034600436732517,0,FM,0.7244142287589705,0.27336300995684754,0.002222761284181899,0.7244142287589705,0.451051218802123,0.5476577891781663,False,True,587.922439201209,224.69790118247445,8.214523155766301,7.086628996575342,587.922439201209,0.0,8.214523155766301,,425.8993803640366,61.424094598227505,487.3234749622641,6.258104203911898,0.09999999999999999,True,294.8517150827872,0.0002948517150827872,0.00012176355652444829,Easy-Axis (Uniaxial),13777.266650741602,13.777266650741602,173.13024214946267,2.7337223569517155,Hard Magnet,42.80050818419914,3.8223849957789326,187.30436890397692,0.23537361173360255,11.021626450603032,1.3850184544197033,25.064119374286253,368.393332660675,52.656587157425434,1.6395050008122116,0.0817803546635926,Soft / Non-Viable,414.5483243326542,59.322125137536815
mp-1045238,Ca2CrWO6,-1,2,P-1,triclinic,4,"Ca,Cr,O,W",20,240.9059067139416,5.679586769186975,1,0,0,Ca2CrWO6,0.0043634450707202,-2.49781827746464,2.5,1.4198966922967438,0,FM,0.7411519381686019,0.2563973398467997,0.0024507219845983437,0.7411519381686019,0.48475459832180223,0.5331341019218394,False,True,382.4720413133997,67.24758119787609,3.9908243322244346,1.1422497128348894,382.4720413133997,0.0,3.9908243322244346,,283.4698947147278,17.242100930267092,300.7119956449949,2.9722711986371637,0.78,True,8.552571804361422,8.552571804361422e-06,5.112931285362424e-06,Easy-Axis (Uniaxial),79376.55582826228,79.37655582826228,997.4752380072183,15.688154298281159,Hard Magnet,32.59235509511411,7.494578472839187,185.1111087748538,0.2326174797699767,10.765019900158128,1.3527723236436302,17.857676913178125,8.631973349556848,61.57641486784274,0.12836109783870525,0.014093243328887815,Soft / Non-Viable,279.7484713600403,17.144186221326603
mp-22557,Ba5Co5O14,-3m,164,P-3m1,trigonal,3,"Ba,Co,O",24,331.11105401949004,6.044604630290835,1,0,0,Ba5Co5O14,0.0,-2.5,2.5,1.2844784839368024,0,FM,0.6942455806570769,0.2985241990498894,0.007230220293033729,0.6942455806570769,0.39572138160718745,0.5915454999989667,False,True,360.6230972726173,219.84570738423332,119.26170428851958,12.637255612538283,360.6230972726173,0.0,119.26170428851958,,250.36099156438172,65.62926371143462,315.99025527581637,82.88281155945049,1.7458333333333333,True,9.949648535759719,9.94964853575972e-06,1.0494422944864003e-05,Easy-Axis (Uniaxial),25252.786085226515,25.252786085226514,317.3358751569573,2.129657786954293,Hard Magnet,30.444007119336767,3.677475033398885,184.02198639815018,0.23124884822697178,10.638718100752923,1.3369007711294318,10.459715558734338,155.96435171918233,16.574518842008786,0.7094264135282708,0.015290765345463699,Soft / Non-Viable,179.14418774968274,61.72884758353206
mp-1516706,NaSm(FeO3)4,4/mmm,123,P4/mmm,tetragonal,4,"Fe,Na,O,Sm",18,221.131419306188,4.420886141425154,1,0,0,NaSm(FeO3)4,0.0,-2.5,2.5,1.2157436888919173,0,FM,0.5709185250770725,0.4256707682182161,0.003410706704711428,0.5709185250770725,0.14524775685885644,0.639844705844424,False,True,537.5166435842891,192.51538430895573,9.579195310669832,5.4041360942152465,537.5166435842891,0.0,9.579195310669832,,306.87820935952084,81.94817153261829,388.8263808921391,5.933048644280894,0.65,False,77.11398049520868,7.711398049520868e-05,3.968323559872548e-05,Easy-Axis (Uniaxial),34561.91742573382,34.561917425733824,434.3178719521219,18.111311022883182,Hard Magnet,41.54457720880675,2.187840413960565,183.66384563378105,0.23079879526925454,10.597348576698751,1.3317021233143942,6.41906611650061,136.99942551805538,6.6923232156088375,0.7116284550963142,0.0426518580438472,Soft / Non-Viable,297.38258966487865,79.7921337816003
mp-754471,LiFe5O3F5,m,8,Cm,monoclinic,4,"F,Fe,Li,O",14,176.32150575559197,4.041654818475082,0,1,0,LiFe5O3F5,0.0,-2.5,2.5,1.1114550750806476,0,FM,0.5628981525038199,0.43210737658012155,0.0049944709160586395,0.5628981525038199,0.13079077592369837,0.6485582830216743,False,True,575.7636203599154,300.19129033572017,17.73950687410013,0.9552340321837676,575.7636203599154,0.0,17.73950687410013,,324.0962781795071,129.71487093916963,453.8111491186768,9.994063036692692,0.5214285714285715,True,68.28570433585364,6.828570433585364e-05,9.132260793161628e-05,Easy-Axis (Uniaxial),10016.83348916637,10.016833489166372,125.87524445256139,1.0435951808084378,Hard Magnet,45.086887676066574,1.8111170172925242,182.22563682601924,0.22899148877933748,10.432029967638254,1.3109275738017625,13.346012546710613,481.09839582404396,11.826292272346848,1.6026394213036814,0.04045297704216714,Soft / Non-Viable,306.00187055863256,129.09827560738756
mp-1517740,LiSm(FeO3)4,4/mmm,123,P4/mmm,tetragonal,4,"Fe,Li,O,Sm",18,220.6056570942958,4.310620276797366,1,0,0,LiSm(FeO3)4,0.0,-2.5,2.5,1.1854205761192755,0,FM,0.6203072214353715,0.3763316516941952,0.003361126870433315,0.6203072214353715,0.24397556974117635,0.6218281698711853,False,True,563.3047676804895,192.35547572533437,8.990433652962054,5.603324928210085,563.3047676804895,0.0,8.990433652962054,,349.4220152611819,72.38945389213775,421.81146915331965,5.962188754210176,0.9777777777777777,False,69.32266781007058,6.932266781007059e-05,2.9275037345588377e-05,Easy-Axis (Uniaxial),36756.4855475291,36.756485547529095,461.89562884481114,14.681859529648086,Hard Magnet,42.15875715556108,2.4798279903686584,181.7303934393376,0.2283691475852023,10.375403760016242,1.3038117145488846,6.09090675755461,136.47517958163414,8.466733217522716,0.7094946430145193,0.04087004680149075,Soft / Non-Viable,339.25517802952106,70.41661793885265
mp-2229112,MgCr2(Fe2O5)2,1,1,P1,triclinic,4,"Cr,Fe,Mg,O",17,183.0462813841515,4.641722364509849,0,1,1,MgCr2(Fe2O5)2,0.0,-2.5,2.5,2.4369042413676705,0,FM,0.5896300543128037,0.40607795688133586,0.004291988805860472,0.5896300543128037,0.18355209743146783,0.6379276643724703,False,True,538.0113771144833,225.16036659569406,12.377837730954298,0.642623951942511,538.0113771144833,0.0,12.377837730954298,,317.22767750891904,91.43266163783203,408.6603391467511,7.303008929256462,0.3235294117647059,True,103.14456979912629,0.00010314456979912629,6.255530048235434e-05,Easy-Axis (Uniaxial),14667.167786113409,14.667167786113408,184.31306984393206,1.7761689497181499,Hard Magnet,39.135540910407016,5.542575149089139,181.65631549102636,0.22827605848991925,10.36694692502319,1.3027489973007673,8.135471673406213,316.410025749773,49.23690120017764,1.40526519179963,0.04987325932112394,Soft / Non-Viable,304.6576669585713,91.13981848615754
mp-752527,Li(FeO2)3,mmm,70,Fddd,orthorhombic,3,"Fe,Li,O",20,217.57787659785643,4.128452711161191,1,0,0,Li(FeO2)3,0.0,-2.5,2.5,1.1353244955693276,0,FM,0.7682696025112773,0.22944947435872315,0.0022809231299995773,0.7682696025112773,0.5388201281525542,0.5044259567862647,False,True,854.8014066045204,285.14430362522467,12.053122089652675,12.811934357260185,854.8014066045204,0.0,12.053122089652675,,656.7179368781356,65.42621058319196,722.1441474613275,9.715465147663842,0.6900000000000001,True,60.848938800209964,6.0848938800209965e-05,2.840132727197901e-05,Easy-Axis (Uniaxial),12935.688036795804,12.935688036795804,162.55465318004963,0.40366882248043773,Hard Magnet,43.926803703786035,3.037140440220778,181.3497318435409,0.2278907941160588,10.331983600639713,1.2983553762942843,23.566005422734097,217.91716257362552,14.598906891680087,0.7642346692643098,0.03837113578859325,Soft / Non-Viable,631.3520587268416,61.4873510555635
mp-1520442,LiNd(FeO3)4,4/mmm,123,P4/mmm,tetragonal,4,"Fe,Li,Nd,O",18,222.48054930757712,4.228630518718269,1,0,0,LiNd(FeO3)4,0.0,-2.5,2.5,3.8057674668464414,0,FM,0.5967000543905272,0.40019205754042236,0.0031078880690505795,0.5967000543905272,0.19650799685010484,0.6303816819669119,False,True,566.7362417763471,194.99162850535242,15.823146853157255,3.185678118727239,566.7362417763471,0.0,15.823146853157255,,338.1715462930293,78.03410101471466,416.20564730774396,9.5273557783608,0.9777777777777777,False,48.81027985663143,4.8810279856631435e-05,2.8965714125799613e-05,Easy-Axis (Uniaxial),37032.69665953699,37.03269665953699,465.366600113537,5.660112038267662,Hard Magnet,41.343605994533746,0.008476495511459348,174.82683406234898,0.21969387901625495,9.602096332822144,1.2066350353714619,10.58615251718175,145.04452409977915,5.682983020930905,0.7438500063391068,0.03564861190477714,Soft / Non-Viable,321.22871581378706,76.8106312779753
mp-1521193,NaNd(FeO3)4,4/mmm,123,P4/mmm,tetragonal,4,"Fe,Na,Nd,O",18,221.6152743222922,4.365392466648379,1,0,0,NaNd(FeO3)4,0.0,-2.5,2.5,3.9288532199835418,0,FM,0.6179271405223913,0.37889388879975616,0.003178970677852572,0.6179271405223913,0.23903325172263512,0.6221118738267036,False,True,544.7207734886526,194.68139241528417,8.444966058418458,2.5163446110428396,544.7207734886526,0.0,8.444966058418458,,336.5977499449883,73.76358984917837,410.3613397941667,5.304757161966951,0.65,False,73.57600946922818,7.357600946922818e-05,6.38575806944249e-05,Easy-Axis (Uniaxial),40397.75797797041,40.39775797797041,507.65320860251535,8.234533631836664,Hard Magnet,39.814741200987115,0.09750154814688017,173.806971300344,0.2184122816719411,9.49039429304943,1.1925981427971297,10.94430821515728,144.35915011813228,14.641521395518282,0.7415148840223665,0.04402465800132184,Soft / Non-Viable,327.3819841312351,72.84704846006409
mp-1522287,NaPr(FeO3)4,4/mmm,123,P4/mmm,tetragonal,4,"Fe,Na,O,Pr",18,223.9408888471201,4.295333628120791,1,0,0,NaPr(FeO3)4,0.0,-2.5,2.5,1.1812167477332176,0,FM,0.6082208166228835,0.3885252613811494,0.003253921995967029,0.6082208166228835,0.21969555524173412,0.626578345926097,False,True,541.5330073957257,188.439101128402,7.7030624042558316,7.039577737355373,541.5330073957257,0.0,7.7030624042558316,,329.3716479864743,73.21335102034124,402.5849990068155,5.4250595054495765,0.65,False,77.35443046379832,7.735443046379832e-05,6.200152544898644e-05,Easy-Axis (Uniaxial),36288.80981634944,36.28880981634944,456.0186421652943,7.049246519014683,Hard Magnet,40.11163321834343,0.5927589662424388,172.29284704159753,0.2165095770127811,9.325762858826018,1.171909946222972,10.749819710085212,134.6475565349038,17.491533088311897,0.7145414923368545,0.045537629249419016,Soft / Non-Viable,321.1261325248859,70.72401501245106
mp-638137,CSeN,222,19,P2_12_12_1,orthorhombic,3,"C,N,Se",24,521.6650981352182,2.673271793367445,0,0,1,CSeN,0.0,-1.2,1.2,0.0,0,FM,0.5225935755397577,0.11126872303790519,0.3661377014223372,0.5225935755397577,0.1564558741174205,0.865944891197946,False,True,375.66417836557,64.85489035699524,37.935732224913835,18.276018034395836,375.66417836557,0.0,37.935732224913835,,196.31968617426853,7.216320832786212,203.53600700705474,19.928992839318617,0.1,True,397.94452055445703,0.000397944520554457,0.0002047811236364611,Easy-Axis (Uniaxial),11889.356752015296,11.889356752015296,149.4060662146622,0.91215284509085,Hard Magnet,63.884681216701004,0.392898678768951,170.78111632487781,0.21460988016724,9.162828727327375,1.1514350390038002,2.270794164197122,56.28818390809532,8.264556826402877,0.8679096302261203,0.10419970382024389,Semi-Hard (0.1 <= kappa < 1.0),174.2813802628077,6.612105991093412
mp-1214299,CaAlFe3O7,-1,2,P-1,triclinic,4,"Al,Ca,Fe,O",96,1149.6018812110706,4.005051192499521,1,0,0,CaAlFe3O7,0.0,-2.5,2.5,1.1013890779373685,0,FM,0.7151061920621805,0.2824906086195883,0.002403199318231187,0.7151061920621805,0.4326155834425922,0.5565068026013215,False,True,608.2286596195726,196.75423440932664,12.403861948331723,29.3017188100076,608.2286596195726,0.0,12.403861948331723,,434.9480806836367,55.58122342677183,490.52930411040853,12.132379926123843,0.1,True,695.1436101202122,0.0006951436101202122,0.00033891093287881694,Easy-Axis (Uniaxial),15191.746287657441,15.191746287657441,190.90511783872293,0.7413666668195893,Hard Magnet,41.79983469556794,6.408147198030676,167.41047779376723,0.21037421086834251,8.804711789238988,1.106432736456561,14.120613565757223,302.32171231994846,10.893007181068157,1.5365448841675229,0.14049138684214996,Semi-Hard (0.1 <= kappa < 1.0),417.6786528543996,48.47868015575124
mp-769545,Li10FeNi9O20,-1,2,P-1,triclinic,4,"Fe,Li,Ni,O",40,348.20347489730153,4.642422225193643,1,0,0,Li10FeNi9O20,0.0,-2.5,2.5,1.624847778817775,0,FM,0.5391678491097294,0.4553513848974955,0.005480765992775193,0.5391678491097294,0.08381646421223388,0.6552024258266267,False,True,403.96015327460407,83.66336375205556,36.83171922437316,16.105070751160028,403.96015327460407,0.0,36.83171922437316,,217.80232696710488,38.09622854968142,255.8985555167863,21.169291653446514,2.4525,True,15.959857992692108,1.5959857992692106e-05,7.185564661795213e-06,Easy-Axis (Uniaxial),10569.426736874018,10.569426736874018,132.8193361371506,0.9455450795853879,Hard Magnet,35.917983344535315,3.9450778891601708,166.74644416280586,0.2095397615976366,8.73500253928199,1.0976728135842957,19.33744887801139,47.265502617426066,35.574909617568544,0.5649486286195943,0.021372385443908393,Soft / Non-Viable,193.98617873813177,35.25713526042001
mp-1221561,MnZn3(CrSe2)8,3m,160,R3m,trigonal,4,"Cr,Mn,Se,Zn",28,600.3912768669758,5.339285521702115,0,1,0,MnZn3(CrSe2)8,0.0,-1.2,1.2,3.337053451063822,0,FM,0.8001581108394499,0.19522733602246378,0.004614553138086311,0.8001581108394499,0.6049307748169861,0.4752660215125535,True,False,988.8508227393743,71.3237068643254,3.2951628868617604,2.247885740846037,988.8508227393743,0.0,3.2951628868617604,,791.2370062251734,13.924337286369362,805.1613435115428,2.6729231851702417,0.7928571428571428,True,12.501621683916488,1.2501621683916489e-05,5.142428007831503e-06,Easy-Axis (Uniaxial),11109.920583803372,11.109920583803373,139.61138226439434,0.694051826152607,Hard Magnet,30.88693495954843,8.399312832820318,164.91416463927183,0.20723725124145362,8.544089542655806,1.0736819784112017,11.025164857017936,137.3269229463179,4.058798804589301,1.9254036138018773,0.019125829724577513,Soft / Non-Viable,782.6405789270652,13.76957512842588
mp-1222391,LiV(FeO2)4,2/m,12,C2/m,monoclinic,4,"Fe,Li,O,V",14,152.38121265752898,4.459791258084353,1,0,0,LiV(FeO2)4,0.0,-2.5,2.5,1.2264425959731973,0,FM,0.7808898612438541,0.21605638324755597,0.00305375550858982,0.7808898612438541,0.5648334779962981,0.4932232062982571,False,True,617.2697104651356,295.3544636830768,3.3246919833357538,1.5995175419051009,617.2697104651356,0.0,3.3246919833357538,,482.01965855515374,63.81321719938719,545.832875754541,2.6191179675094327,0.7999999999999999,True,137.44984490972556,0.00013744984490972556,1.7987817912740567e-05,Easy-Axis (Uniaxial),37277.10205134038,37.27710205134038,468.4378889067518,21.089650016081023,Hard Magnet,36.92934730275542,1.3802671155771904,164.6971802675896,0.20696458063824533,8.521620711595792,1.070858461772634,20.515495016342715,562.8394869591716,10.686360353704856,1.9056407001287556,0.06350106824470225,Soft / Non-Viable,476.73632047894927,63.306914597276034
mp-772565,Li2Fe5B3O13,2/m,11,P2_1/m,monoclinic,4,"B,Fe,Li,O",46,457.3243596986658,3.874497580713165,1,0,0,Li2Fe5B3O13,0.0,-2.5,2.5,1.0654868346961204,0,FM,0.5337242056361199,0.4636594979009972,0.0026162964628828793,0.5337242056361199,0.07006470773512269,0.6435755989726146,False,True,564.81850657943,124.8354984729767,3.77326045734668,13.090486237791106,564.81850657943,0.0,3.77326045734668,,301.45730875268583,57.88116454220108,359.3384732948869,6.394911095893198,0.6130434782608696,True,148.8183445799543,0.0001488183445799543,4.124615980609768e-05,Easy-Axis (Uniaxial),12120.713750426918,12.120713750426917,152.31338405740868,0.7102030903687452,Hard Magnet,41.83940625641564,5.599521683805815,162.10667831895768,0.2037092598818725,8.255657865565915,1.0374365841947368,7.305387746603117,163.42756058116512,44.231653517452834,1.3091433332686415,0.06713088857379922,Soft / Non-Viable,297.71281543888284,54.32543288451701
mp-1220922,NaTiFeO4,mm2,26,Pmc2_1,orthorhombic,4,"Fe,Na,O,Ti",28,301.81261810492543,4.196825899409598,0,1,0,NaTiFeO4,0.0,-2.5,2.5,1.1541271223376397,0,FM,0.7205720962239363,0.27763435804542846,0.0017935457306352328,0.7205720962239363,0.4429377381785078,0.5491061504787504,False,True,407.7449305285147,132.97936663011973,2.9222279020510484,7.709754267595812,407.7449305285147,0.0,2.9222279020510484,,293.8096193156151,36.91964108764096,330.7292604032561,3.002595515897909,0.09999999999999999,True,28.40734531163381,2.840734531163381e-05,3.902583649077536e-05,Easy-Axis (Uniaxial),12880.740570317137,12.880740570317137,161.8641629385445,2.734177425800849,Hard Magnet,38.194155630129025,1.1507696237544494,160.2942215546064,0.20143165953953845,8.072082765585705,1.0143678563273881,7.875587286904477,122.22898572414557,30.174389637825854,0.9191575266268474,0.02966146016046171,Soft / Non-Viable,290.97529885850855,35.54926076324446
mp-1520090,LiLa(FeO3)4,mm2,38,Amm2,orthorhombic,4,"Fe,La,Li,O",18,213.99432768526376,4.354912273358996,0,1,0,LiLa(FeO3)4,0.0,-2.5,2.5,1.1976008751737242,0,FM,0.5649939194318255,0.4320753286427236,0.00293075192545099,0.5649939194318255,0.13291859078910195,0.639215241925408,False,True,575.0415428173894,251.36098596831732,19.97348709672525,32.96104556338423,575.0415428173894,0.0,19.97348709672525,,324.8949751125208,108.60688062021974,433.5018557327405,18.170681483996635,0.9777777777777777,False,232.2560646672172,0.0002322560646672172,7.97096651523747e-05,Easy-Axis (Uniaxial),11837.836152942682,11.837836152942682,148.7586392598644,0.5670418339054061,Hard Magnet,36.03465260815018,0.3024462440635709,156.927750909461,0.19720122776061266,7.736586287264327,0.9722081246443657,15.830041647553436,217.02429334543967,23.611816420662535,0.8633968891767253,0.0866321014061594,Soft / Non-Viable,304.6142773207092,93.2403787573746
mp-756080,LiMn2Fe3O8,mm2,44,Imm2,orthorhombic,4,"Fe,Li,Mn,O",14,154.1204999792837,4.442749569981426,0,1,0,LiMn2Fe3O8,0.0,-2.5,2.5,2.887787220487927,0,FM,0.7809405487962183,0.21646588689340365,0.0025935643103780796,0.7809405487962183,0.5644746619028147,0.4913461930381986,False,True,540.9410594867231,232.14499123911176,41.29872784599306,10.018170657026872,540.9410594867231,0.0,41.29872784599306,,422.44280786196936,50.25147141643575,472.69427927840513,32.32467628929701,0.5214285714285714,True,75.70960872900643,7.570960872900643e-05,2.5616492464372955e-06,Easy-Axis (Uniaxial),20553.25143318087,20.553251433180872,258.27977985704837,1.012599207060337,Hard Magnet,35.18767736145994,0.06761080207633796,156.3300384662713,0.19645012015241908,7.677763710032823,0.9648162614409359,23.68128276944111,366.011853106606,6.820669649833064,1.5766519499428269,0.04965101534769786,Soft / Non-Viable,371.3252702652249,47.85440351111297
mp-1523161,NaLa(FeO3)4,mm2,38,Amm2,orthorhombic,4,"Fe,La,Na,O",18,221.35248347938472,4.330541575118855,0,1,0,NaLa(FeO3)4,0.0,-2.5,2.5,1.1908989331576851,0,FM,0.5827734597759887,0.4142547285964613,0.00297181162754999,0.5827734597759887,0.16851873117952743,0.6344696937629771,False,True,540.8942344860782,250.13573014703718,14.929166582278413,34.545398802280545,540.8942344860782,0.0,14.929166582278413,,315.2188044043367,103.61990900433857,418.8387134086753,16.747797695099575,0.65,False,328.52636912674745,0.00032852636912674744,0.0001327859313878757,Easy-Axis (Uniaxial),13074.98463906858,13.07498463906858,164.30510594353626,0.11397493087220356,Hard Magnet,36.026721498768076,0.42068088122109515,156.0152152656434,0.19605450165071017,7.646871319708496,0.96093420910573,16.08077511960229,217.97930020662892,26.450333923172835,0.8714440758962914,0.10363661756291614,Semi-Hard (0.1 <= kappa < 1.0),300.2759075876029,88.35808294128091
mp-1104327,Cr5Se8,2/m,12,C2/m,monoclinic,2,"Cr,Se",13,266.13762134314567,5.563426504641655,1,0,0,Cr5Se8,0.0,-1.2,1.2,1.3908566261604138,0,FM,0.6340765732935404,0.3623301704842175,0.0035932562222421318,0.6340765732935404,0.2717464028093229,0.6161762957967121,False,True,372.05371530674665,103.23185418426594,36.304623436276614,3.9488512270200005,372.05371530674665,0.0,36.304623436276614,,235.91054488283237,37.40401532598696,273.31456020881933,23.0643332192324,0.8307692307692308,True,21.30965773687689,2.130965773687689e-05,6.343155587055773e-06,Easy-Axis (Uniaxial),18505.311837715137,18.505311837715137,232.5446114046493,5.170267672078125,Hard Magnet,27.948054351574825,1.4876684532861812,155.48694633271694,0.19539065933118957,7.595174240335712,0.9544377623887405,6.52518011691894,120.18525219006563,23.964961676595884,1.1642264215804778,0.026484353184109518,Soft / Non-Viable,210.4436232297588,36.67979996058102
mp-754450,Li2CrWO6,1,146,R3,trigonal,4,"Cr,Li,O,W",20,202.0670289483092,5.682000046519186,0,1,1,Li2CrWO6,0.0,-2.5,2.5,1.4205000116297966,0,FM,0.6508640721020067,0.34568831933996896,0.003447608558024346,0.6508640721020067,0.30517575276203773,0.6064568361905882,False,True,378.83253194885924,52.47035887289421,21.378246151103355,1.505733000900186,378.83253194885924,0.0,21.378246151103355,,246.56848438894806,18.13839017393583,264.7068745628839,13.92406477057596,1.9600000000000002,True,2.6564503708173564,2.6564503708173564e-06,1.7555445739176492e-06,Easy-Axis (Uniaxial),126077.26736562546,126.07726736562546,1584.3336985408741,27.950703183978863,Hard Magnet,26.915758986475705,5.780068530183076,152.93534381325415,0.19218422103917937,7.3479399800273315,0.923369388349156,19.002081429661725,17.792050414122336,37.152835832888094,0.339087644840058,0.009506880994777672,Soft / Non-Viable,230.1666220491647,18.00285272663165
mp-1025180,Mn(CrSe2)2,2/m,12,C2/m,monoclinic,3,"Cr,Mn,Se",7,144.72272747809123,5.44748260567828,1,0,0,Mn(CrSe2)2,0.0,-1.2,1.2,3.404676628548925,0,FM,0.5240839325336542,0.47319032594833255,0.002725741518013412,0.5240839325336542,0.050893606585321605,0.6451559221535456,False,True,613.0642153061931,113.16471690345156,15.423214451650438,9.83711017149345,613.0642153061931,0.0,15.423214451650438,,321.2971048533285,53.54844927739502,374.84555413072354,9.327552739205196,0.6428571428571428,True,9.874639480937855,9.874639480937856e-06,1.8976383755308085e-06,Easy-Axis (Uniaxial),12986.277527291371,12.98627752729137,163.19037947915874,5.092207368445213,Hard Magnet,27.69116246586521,1.1661409286128102,150.847125863812,0.18956008897155469,7.148648649961879,0.8983257007243229,6.177603963530603,67.67839414240062,59.73694954741591,0.598052078371226,0.01858312090420358,Soft / Non-Viable,305.5866754245304,51.03811164157904
mp-1227714,Ca6V3Fe7O24,-43m,220,I-43d,cubic,4,"Ca,Fe,O,V",80,1006.414424739188,3.854933385112151,0,0,0,Ca6V3Fe7O24,0.0,-2.5,2.5,1.0601066809058417,0,FM,0.732477919188232,0.2649514690532068,0.0025706117585611037,0.732477919188232,0.4675264501350252,0.5418449333011279,False,True,485.2026200213026,206.25402338469422,0.8059378411044804,16.30438133192588,485.2026200213026,0.0,0.8059378411044804,,355.40020549788215,54.647306493909205,410.04751199179134,4.360019088384393,0.39249999999999996,True,169.46226075945108,0.00016946226075945108,0.0001069088947315828,Easy-Axis (Uniaxial),11969.853258192328,11.969853258192328,150.41761516409517,2.9925989223394773,Hard Magnet,38.11058991060949,0.9161945500076847,146.91378537272684,0.1846173075352105,6.780706873829655,0.8520887725922494,9.694417175693559,287.0283016928184,28.100764422796942,1.3916252249657608,0.0790440195799109,Soft / Non-Viable,354.4479953240978,50.52815496145794
mp-1185215,Li3Fe,6/mmm,194,P6_3/mmc,hexagonal,2,"Fe,Li",8,122.70955833309004,2.074984395109307,1,0,0,Li3Fe,0.0,-0.2,0.0,0.5706207086550595,0,FM,0.588040144967166,0.1575918345016014,0.25436802053123264,0.588040144967166,0.3336721244359333,0.866218828338285,False,True,449.17633239217696,143.49700216293738,6.014193479749821,1.2311414565144787,449.17633239217696,0.0,6.014193479749821,,264.13371561571563,22.61395581633757,286.7476714320532,3.541905135088269,4.525,True,177.28023817832616,0.00017728023817832617,0.0001860912902698732,Easy-Axis (Uniaxial),14062.157708891878,14.062157708891878,176.71028884044537,7.575816930952096,Hard Magnet,70.43239121477517,3.9041322389546167,146.14611268089234,0.183652621579599,6.710029181878339,0.843207151707429,4.558425510436672,139.60459508838622,25.84876630941082,0.9728746453523021,0.08127144155638168,Soft / Non-Viable,258.9426123790507,22.475602585819836
mp-1247531,RbMnN,mmm,62,Pnma,orthorhombic,3,"Mn,N,Rb",12,269.60013448306205,3.8042720445301055,1,0,0,RbMnN,0.0,-0.6,0.5,1.4266020166987896,0,FM,0.5093725524515298,0.48333788954460827,0.007289558003861774,0.5093725524515298,0.026034662906921524,0.665284867352372,False,True,413.3839632319076,149.83631515496023,112.78552148536963,11.800223499956616,413.3839632319076,0.0,112.78552148536963,,210.56644449396612,72.42156834413929,282.9880128381054,57.73227002272992,0.1,True,14.126858563259198,1.4126858563259197e-05,3.7253741184038677e-06,Easy-Axis (Uniaxial),12789.334042244065,12.789334042244064,160.71551460789172,4.31865934090804,Hard Magnet,37.79831397267802,3.6024807822783096,143.79506917663065,0.18069821317909557,6.4958780160454,0.8162961220110918,14.657865928532724,67.76868518252412,17.48117845805595,0.45228478231353975,0.023317064413768143,Soft / Non-Viable,153.03330679060352,68.38667792449627
mp-31630,Ba2TaCrO6,6/mmm,194,P6_3/mmc,hexagonal,4,"Ba,Cr,O,Ta",40,561.5493819657122,7.139475757319905,1,0,0,Ba2TaCrO6,0.0,-2.5,2.5,1.784868939329976,0,FM,0.7215750598258953,0.27565606927143455,0.00276887090267014,0.7215750598258953,0.44591899055446077,0.5524979968936578,False,True,356.2329407903822,56.14140755637496,8.456300875730676,0.020076657922700747,356.2329407903822,0.0,8.456300875730676,,257.04880556277465,15.475719730355934,272.5245252931306,6.101858320034943,0.8800000000000001,True,6.665071488321424,6.665071488321424e-06,4.611160210634633e-06,Easy-Axis (Uniaxial),116753.18238896968,116.75318238896968,1467.163788808185,34.59150925596587,Hard Magnet,19.62405296252711,5.405161468341571,140.10545038632415,0.17606170146462607,6.166800994870996,0.7749430831202595,23.300847659683527,-3.2051488239631,54.20377076889105,0.057090638861247246,0.016437752739667796,Soft / Non-Viable,250.00183640242753,15.474166382630417
mp-1044389,CaFe3O7,mmm,62,Pnma,orthorhombic,3,"Ca,Fe,O",44,627.0293209074821,3.3856336951040045,1,0,0,CaFe3O7,0.0,-2.5,2.5,0.9310492661536012,0,FM,0.7367946918635013,0.2603545299479281,0.002850778188570531,0.7367946918635013,0.4764401619155732,0.5389699140213003,False,True,597.1937718157069,195.11880497617003,1.031056680092263,1.8135370204774688,597.1937718157069,0.0,1.031056680092263,,440.0092010877559,50.80006475357221,490.8092658413281,0.8944533414035708,0.1,True,300.5534802958023,0.00030055348029580227,0.00011746220192393978,Easy-Axis (Uniaxial),10350.629248288316,10.350629248288316,130.06984575267742,3.339398691013836,Hard Magnet,40.46732318448894,5.642045818063892,137.00753292406924,0.17216874356828704,5.89710370073193,0.7410519209434441,16.390829254157097,230.99332035449987,5.944271415237594,1.18385985596166,0.11287857093396811,Semi-Hard (0.1 <= kappa < 1.0),438.5021325776596,50.34356515778985
mp-614006,B2O,-3m,164,P-3m1,trigonal,2,"B,O",6,58.02326309759813,2.1533364789355627,1,0,0,B2O,0.0,-2.5,2.5,0.0,0,FM,0.8307581475375085,0.08576473625558513,0.0834771162069064,0.8307581475375085,0.7449934112819234,0.5206350702281971,True,False,419.36042828519567,35.043434738365704,44.39825189182838,0.5152776546919036,419.36042828519567,0.0,44.39825189182838,,348.38709255274534,3.0054909378257446,351.3925834905711,36.884235970164696,0.1,True,1089.7657921956056,0.0010897657921956057,0.0004608843753607682,Easy-Axis (Uniaxial),16130.79762453833,16.13079762453833,202.70558519312476,2.47169805854383,Hard Magnet,62.38978150587216,7.1715463546765434,134.34619242941383,0.16882440446960287,5.670228982413615,0.7125420024554204,10.958957992434323,60.51701414512745,0.43752601828715143,1.7269144590690808,0.2191978505874004,Semi-Hard (0.1 <= kappa < 1.0),303.4746175153379,2.9977675247284763
mp-1043297,CaFe2O5,mmm,63,Cmcm,orthorhombic,3,"Ca,Fe,O",16,251.459019846332,3.0609746076591784,1,0,0,CaFe2O5,0.0761003361954376,-2.461949831902281,2.5,0.8417680171062741,0,FM,0.6919062359496904,0.30467840956542097,0.0034153544848887713,0.6919062359496904,0.3872278263842694,0.5792213053945081,False,True,601.9195193222918,186.6906290953035,6.671625990572295,2.483048936933443,601.9195193222918,0.0,6.671625990572295,,416.47186895893384,56.880603953524975,473.35247291245884,4.67772218230072,0.1,True,270.2402494812899,0.0002702402494812899,0.00011174056754674407,Easy-Axis (Uniaxial),12586.7385254716,12.586738525471599,158.1696242098624,1.7610700013104692,Hard Magnet,43.654117146297786,5.210315854119948,133.62414410459667,0.1679170517844899,5.6094430813174245,0.704903420694001,14.03284375102793,220.9876771583844,0.004818881481639892,1.1837106030939166,0.10974510241020305,Semi-Hard (0.1 <= kappa < 1.0),407.4115441365322,56.18307730168696
mp-1227452,Ca8Fe5(WO8)3,-1,2,P-1,triclinic,4,"Ca,Fe,O,W",40,480.6254177955274,5.304580664168451,1,0,0,Ca8Fe5(WO8)3,0.0,-2.5,2.5,1.4587596826463245,0,FM,0.572333353028032,0.4233376826918059,0.0043289642801621385,0.572333353028032,0.14899567033622613,0.6433899677904139,False,True,353.3415310066937,219.11470516032864,16.348434784044287,11.208168706306566,353.3415310066937,0.0,16.348434784044287,,202.22914320511933,92.75951152627181,294.98865473139114,10.491061096257596,0.4675,True,82.24635702363778,8.224635702363778e-05,0.00013376241764128958,Easy-Axis (Uniaxial),23961.296227829727,23.961296227829727,301.10653464893676,17.944577453833784,Hard Magnet,25.031552031549232,0.856779968357607,132.78188690068257,0.16685864016679006,5.538951271757102,0.6960451584797935,15.561970079739822,190.07498549562183,42.627961566731,0.8674679563680671,0.06092766961791739,Soft / Non-Viable,191.77823023828583,87.83704919600683
mp-1323661,Mg2TaCrO6,2/m,11,P2_1/m,monoclinic,4,"Cr,Mg,O,Ta",40,423.522688747894,5.921167135853565,1,0,0,Mg2TaCrO6,0.0,-2.5,2.5,1.4802917839633911,0,FM,0.652719201283184,0.34383496566056815,0.003445833056247945,0.652719201283184,0.3088842356226158,0.6053739630548214,False,True,363.5962919863505,54.731372115915846,0.8265352643076369,0.9470125520322732,363.5962919863505,0.0,0.8265352643076369,,237.32628129485803,18.818559452031703,256.1448407468897,0.6301437336273383,0.8800000000000001,True,27.689516663328053,2.7689516663328052e-05,2.0013696299396738e-05,Easy-Axis (Uniaxial),65512.556537238954,65.51255653723895,823.2550813344399,8.587546880459286,Hard Magnet,21.520057740209097,4.300910437575611,127.42385865299725,0.16012554329452813,5.100953648874086,0.6410047528369632,16.400073015505587,45.35213925586251,23.648848619271376,0.8286315051596183,0.036838505516513964,Soft / Non-Viable,236.6742160092447,18.72987233105435
mp-20354,MgMnGe,4/mmm,129,P4/nmm,tetragonal,3,"Ge,Mg,Mn",6,105.1755522110447,4.795938311271343,1,0,0,MgMnGe,0.0,-0.2,0.0,1.798476866726754,0,FM,0.5576461220569807,0.4393252602895462,0.003028617653473085,0.5576461220569807,0.1183208617674345,0.641353735675889,False,True,352.84499599659887,163.08571313199656,54.28694311021067,13.817511283528319,352.84499599659887,0.0,54.28694311021067,,196.76264370471424,71.64767337122065,268.41031707593487,30.87552767032777,2.066666666666667,True,17.266098976359384,1.7266098976359383e-05,2.4683090466181737e-06,Easy-Axis (Uniaxial),12648.478988502811,12.648478988502811,158.94547776528722,0.09225471050629289,Hard Magnet,26.53892037104906,6.601782330910696,127.27902494729368,0.15994353989219592,5.089364451024316,0.6395484112556375,11.035362159345288,137.80663610982847,46.496548475260305,0.8449951468053614,0.029122948446650233,Soft / Non-Viable,166.61295105377832,67.01759172214264
mp-1218513,Sr4Fe3MoO12,m-3m,229,Im-3m,cubic,4,"Fe,Mo,O,Sr",20,250.215956569652,5.3486109669332,1,0,0,Sr4Fe3MoO12,0.0,-2.5,2.5,1.47086801590663,0,FM,0.6495393152458416,0.3474546253562702,0.0030060593978881753,0.6495393152458416,0.30208468988957143,0.6053356416013437,False,True,352.8599605248677,161.71316807062072,30.69393217259426,6.13714335884579,352.8599605248677,0.0,30.69393217259426,,229.19641713699727,56.18798822715308,285.3844053641503,20.050627087433355,0.1,True,80.81049693743455,8.081049693743456e-05,0.00010604749417867592,Easy-Axis (Uniaxial),15702.308237874091,15.70230823787409,197.32102865137696,5.789138141183,Hard Magnet,23.61779833703946,0.9696766198088387,126.32241520030595,0.15874142863080032,5.013150164247423,0.6299710413321036,12.41709385130067,272.3476015792859,9.342002219025204,1.6841399177854872,0.06348169822150976,Soft / Non-Viable,207.92315325947024,54.51515172046448
mp-1120783,AlC,2,3,P2,monoclinic,2,"Al,C",60,1959.738512229202,0.9911751263126348,0,1,1,AlC,0.0,-0.2,0.0,0.0,0,FM,0.6322034899567005,0.06807130544420481,0.2997252045990947,0.6322034899567005,0.3324782853576058,0.7590939435230903,False,True,351.7425080208822,68.59242096935664,30.2330125408767,7.263382220217306,351.7425080208822,0.0,30.2330125408767,,222.37284113692445,4.669175638962555,227.042016775887,19.119809928067543,0.1,True,281.38712798235696,0.00028138712798235694,0.00043784031692327126,Easy-Axis (Uniaxial),11112.908253424464,11.112908253424465,139.6489264288556,1.1539289543189624,Hard Magnet,105.73538857944669,7.37679872684032,104.8022871309486,0.1316984381319985,3.4505743819517947,0.43361197358395465,5.781693013256402,152.93298699296395,55.64288461570846,2.2295901621738365,0.14278297312903998,Semi-Hard (0.1 <= kappa < 1.0),202.01448615867758,4.505548050935072
mp-35308,CuCN,3m,160,R3m,trigonal,3,"C,Cu,N",3,52.74651270734923,2.819589717152764,0,1,0,CuCN,0.0,-0.6,0.5,0.0,0,FM,0.6765436987223643,0.12328458744006794,0.20017171383756774,0.6765436987223643,0.4763719848847966,0.768627722926809,False,True,354.1495436061042,55.64731052150976,55.48334432226045,28.932544368152,354.1495436061042,0.0,55.48334432226045,,239.597642132111,6.860455719793682,246.45809785190468,37.705999842564836,0.7333333333333333,True,1036.4950277736739,0.001036495027773674,8.385295001455122e-05,Easy-Axis (Uniaxial),10116.248985760853,10.116248985760853,127.12453645184814,1.3229048209564802,Hard Magnet,36.74217829569265,1.8337308016305514,103.59786810832847,0.13018492055067563,3.371720057225529,0.42370284670089775,17.760870830146246,10.645664739321784,3.8675871647536786,0.19130600633802128,0.27722210773031203,Semi-Hard (0.1 <= kappa < 1.0),202.20157649487993,5.993429845222195
mp-1097158,Fe2CoIr,mmm,71,Immm,orthorhombic,3,"Co,Fe,Ir",4,599.2706954677485,1.0054059444735135,1,0,0,Fe2CoIr,0.0,-0.2,0.0,0.4901353979308379,0,FM,0.8852516550129857,0.11043925085936665,0.004309094127647612,0.8852516550129857,0.7748124041536191,0.3410655687495776,True,False,852.4334789787513,360.7895905764923,16.964362454810384,64.06624595336629,852.4334789787513,0.0,16.964362454810384,,754.6181480544168,39.845332101125415,794.4634801555422,16.601020958503632,4.3,False,564.8209070757277,0.0005648209070757277,6.456242693528627e-05,Easy-Axis (Uniaxial),57050.587535962055,57.05058753596205,716.9188406713866,34.14472213758506,Hard Magnet,102.44688180103725,1.9000738741584655,103.00070395553826,0.12943450194451844,3.3329612041049708,0.4188322654772727,17.64317523505975,256.9659670778523,1.5138381136849404,0.7122322089926596,0.20583075025852401,Semi-Hard (0.1 <= kappa < 1.0),714.2299615736795,30.178284965782442
mp-1096013,Ta2MnFe,mmm,71,Immm,orthorhombic,3,"Fe,Mn,Ta",4,711.663509138169,1.1029111548847583,1,0,0,Ta2MnFe,0.0,-0.2,0.0,0.716892250675093,0,FM,0.7021809056876738,0.26905614915876175,0.028762945153564628,0.7021809056876738,0.433124756528912,0.6404102223887428,False,True,374.7134478320722,236.26252160174715,3.5389679754305234,13.976459349397999,374.7134478320722,0.0,3.5389679754305234,,263.11662817207537,63.56788425270485,326.6845124247802,4.507350170079377,3.05,True,382.0432172245251,0.0003820432172245251,9.889655558685251e-05,Easy-Axis (Uniaxial),21935.65363676063,21.93565363676063,275.6515586228191,4.139619294297519,Hard Magnet,84.71872653447392,13.815457972831972,93.43722852250265,0.117416684279234,2.742772390338333,0.34466695037406103,13.732394442956654,135.27341775890852,12.812677280490348,0.5725555489792427,0.18660847623566817,Semi-Hard (0.1 <= kappa < 1.0),260.0489452082866,59.41577353507479
mp-1093628,BeFePt2,mmm,71,Immm,orthorhombic,3,"Be,Fe,Pt",4,599.3063366897292,1.2607694025511589,1,0,0,BeFePt2,0.0,-0.2,0.0,0.3467115857015687,0,FM,0.7100247098829525,0.2401771689006063,0.049798121216441185,0.7100247098829525,0.4698475409823462,0.6691338890004609,False,True,419.9427700165328,227.94648644580022,60.91660432892829,1.7274608911312441,419.9427700165328,0.0,60.91660432892829,,298.16974344843214,54.747541775392726,352.9172852238249,43.25428421342491,4.55,False,109888.2118829277,0.1098882118829277,0.08402027298239266,Easy-Axis (Uniaxial),169139.25352629187,169.13925352629187,2125.466586538776,34.420733285405184,Hard Magnet,72.66043613506653,8.384725911922082,91.60805465511447,0.11511807660566395,2.6364357633708293,0.3313042954709203,22.432335510800332,120.69200237916846,37.19400938269309,0.5294751599861396,3.2280255274084895,High-Performance (kappa >= 1.0),247.84374551248638,54.27871994575791
mp-1518750,NaEu(FeO3)4,mm2,38,Amm2,orthorhombic,4,"Eu,Fe,Na,O",18,473.6543884247309,2.069568773491313,0,1,0,NaEu(FeO3)4,0.0,-2.5,2.5,0.5691314127101111,0,FM,0.5567730519320528,0.44007769237492333,0.003149255693023879,0.5567730519320528,0.11669535955712951,0.642086429274733,False,True,530.7594017942963,204.05571909697275,4.174797816280659,4.085126851340533,530.7594017942963,0.0,4.174797816280659,,295.51253197864105,89.80036997610134,385.3129019547424,2.938518878177111,0.65,False,143.45513851031225,0.00014345513851031226,3.162971822095439e-05,Easy-Axis (Uniaxial),38243.38268601437,38.243382686014364,480.5805297154379,11.763265352253374,Hard Magnet,41.59642562184341,0.5324701156479215,86.08666355582109,0.10817969191960948,2.3282071854639494,0.292571149279306,9.217695942121724,113.32746006870153,18.671100292826985,0.5553750738779601,0.12411299227722396,Semi-Hard (0.1 <= kappa < 1.0),291.45662372442354,88.00285582938498
mp-1221710,MnCr2(SeS)2,-43m,216,F-43m,cubic,4,"Cr,Mn,S,Se",14,281.6560619849043,4.492234797652749,0,0,0,MnCr2(SeS)2,0.0,-1.2,1.2,2.807646748532968,0,FM,0.808271187258766,0.18918972016800548,0.002539092573228574,0.808271187258766,0.6190814670907605,0.45714217674660673,True,False,353.58357312874335,118.30826420810445,20.217309291236234,13.362199176610353,353.58357312874335,0.0,20.217309291236234,,285.7914144479661,22.38270739909374,308.17412184705984,16.53545462220494,0.6428571428571428,True,56.56409087492596,5.656409087492596e-05,2.0424174373052696e-05,Easy-Axis (Uniaxial),12052.64098511577,12.052640985115769,151.45795644314614,0.16024484232856684,Hard Magnet,18.07055761611814,3.0738288998832353,81.17718773611482,0.1020102626523431,2.0702265605849095,0.2601523472139676,8.929440609126681,100.4796147363746,1.0885789129676198,0.8493034312432374,0.08264783317320003,Soft / Non-Viable,267.74762589867373,20.980949282929423
mp-1093570,LiFePt2,mmm,71,Immm,orthorhombic,3,"Fe,Li,Pt",4,739.9750954512624,1.0164501725087165,1,0,0,LiFePt2,0.0,-0.2,0.0,0.2795237974398971,0,FM,0.5221000934111195,0.27535142104874233,0.20254848554013813,0.5221000934111195,0.24674867236237719,0.9264942627187914,False,True,448.5371366688653,240.31681098386824,26.987627198557107,14.794340239664763,448.5371366688653,0.0,26.987627198557107,,234.18128095317064,66.17157540631013,300.35285635948077,14.667293646742966,6.025,False,45346.33328583423,0.045346333285834234,0.03521395401038005,Easy-Axis (Uniaxial),149693.1431532011,149.69314315320108,1881.0995518354766,24.63449280658583,Hard Magnet,73.98448881713512,1.7212873514565672,75.20154642114619,0.09450105031010586,1.7766562804356243,0.2232612170801138,8.982829785134305,90.79924232187138,6.813358278806277,0.3778314215727774,2.5260351205569127,High-Performance (kappa >= 1.0),214.8533413568292,61.613891066661004
mp-1097235,MgFePt2,mmm,71,Immm,orthorhombic,3,"Fe,Mg,Pt",4,814.5144082465213,0.9588306921391428,1,0,0,MgFePt2,0.0,-0.2,0.0,0.2636784403382643,0,FM,0.6105746187076133,0.30669765914891345,0.08272772214347339,0.6105746187076133,0.30387695955869987,0.7918059423949685,False,True,406.5799461098516,226.5651946183022,39.6735160025662,2.4792239124379734,406.5799461098516,0.0,39.6735160025662,,248.2473955701846,69.4870148340513,317.7344104042359,24.235572884305604,4.55,False,34567.47340447955,0.03456747340447955,0.016628489310052078,Easy-Axis (Uniaxial),124036.41156869891,124.03641156869891,1558.6875477280053,12.679258249485624,Hard Magnet,75.97750889079022,2.90211782021602,72.84956743676426,0.09154546635061313,1.667261906109756,0.20951431430400538,10.316038543548578,131.68528816251083,27.375837988115883,0.5812247039284345,2.2766795643393993,High-Performance (kappa >= 1.0),219.2523560491326,68.63619238692945
mp-1096246,Hf2MnFe,4/mmm,139,I4/mmm,tetragonal,3,"Fe,Hf,Mn",4,1080.912812584278,0.7185952485496346,1,0,0,Hf2MnFe,0.0,-0.2,0.0,0.4670869115572625,0,FM,0.859720134661725,0.09706255796437327,0.04321730737390168,0.859720134661725,0.7626575766973518,0.44793031679243955,True,False,388.1851505576808,240.1907154252021,22.203505619986316,1.1342562870431294,388.1851505576808,0.0,22.203505619986316,,333.73058991113135,23.31352523846296,357.0441151495943,19.089118319551748,0.1,True,1161.1372745664335,0.0011611372745664334,9.630302523553106e-05,Easy-Axis (Uniaxial),18989.178276821898,18.9891782768219,238.6250565244396,3.4515810383367183,Hard Magnet,91.85702866259204,8.352856683642642,66.00802434282625,0.08294812974135966,1.3688105417898946,0.1720098090313621,1.3124516795966599,154.82720819925896,4.676723893515302,0.6446011367474102,0.4605111153020002,Semi-Hard (0.1 <= kappa < 1.0),310.73273638252124,23.182053290009154
mp-1096665,BeFe2W,mmm,71,Immm,orthorhombic,3,"Be,Fe,W",4,568.9790701782321,0.8887922559027238,1,0,0,BeFe2W,0.0,-0.2,0.0,0.244417870373249,0,FM,0.8509147739914709,0.13358447977713278,0.015500746231396375,0.8509147739914709,0.717330294214338,0.42860655722262225,True,False,436.3875476850522,243.99334162637547,11.333591944587454,17.80719958694084,436.3875476850522,0.0,11.333591944587454,,371.3286115111184,32.5937236102436,403.92233512136204,9.932962005802386,1.325,True,11348.251550855819,0.01134825155085582,0.005686463369673417,Easy-Axis (Uniaxial),43499.25235404169,43.49925235404169,546.6277371477339,7.401720168908001,Hard Magnet,70.20826076773179,6.4421819737297525,62.40055847075904,0.07841485442865477,1.2232826771878327,0.1537222378630324,1.334610751886925,223.11024177381296,53.63496746881698,0.9144111896113108,1.5228988841406559,High-Performance (kappa >= 1.0),357.81099867039967,29.928968070895518
mp-1093669,Zr2FePt,mmm,71,Immm,orthorhombic,3,"Fe,Pt,Zr",4,866.824259371082,0.8302022379870538,1,0,0,Zr2FePt,0.0,-0.2,0.0,0.2283056154464398,0,FM,0.5593663839313645,0.28531274592589273,0.15532087014274282,0.5593663839313645,0.2740536380054718,0.8847915898382093,False,True,418.26646637475943,241.22070731707873,33.0515860515668,5.761920008631449,418.26646637475943,0.0,33.0515860515668,,233.96420081579885,68.82334237882182,302.78754319462064,18.560892293389458,2.325,False,5537.46111094592,0.0055374611109459205,0.004266505787813565,Easy-Axis (Uniaxial),51507.771592362165,51.50777159236217,647.2657599237845,3.6298212856774814,Hard Magnet,70.17843488750725,6.04099339263982,58.262293702037255,0.07321455755024445,1.0664120138142628,0.13400928853534333,0.1254876816074079,137.50385948912222,24.356068741866615,0.570033398121069,1.1393648954320454,High-Performance (kappa >= 1.0),210.74591199776532,66.89609270358166
mp-1097456,Be2FePt,mmm,71,Immm,orthorhombic,3,"Be,Fe,Pt",4,506.8273275454635,0.88118288885952,1,0,0,Be2FePt,0.0,-0.2,0.0,0.242325294436368,0,FM,0.6657895063034553,0.23363124609947206,0.1005792475970726,0.6657895063034553,0.4321582602039833,0.7660071043962345,False,True,365.2819002776583,227.09189246068354,64.17005477140714,14.612481218507824,365.2819002776583,0.0,64.17005477140714,,243.20085604745012,53.0557618146768,296.2566178621269,42.85993080928116,2.325,False,51848.06573838468,0.05184806573838468,0.015014535866910154,Easy-Axis (Uniaxial),132117.6949853058,132.1176949853058,1660.2399521536158,10.079217750753353,Hard Magnet,59.64108966958692,5.935425063064148,52.55470768977628,0.06604219343590406,0.8677070428038998,0.10903928496393511,7.830113814820141,109.35816960612658,10.19361793966742,0.4815591099319399,3.865001997070767,High-Performance (kappa >= 1.0),200.34666732835257,49.44331430627098
mp-1097451,ScMnPt2,mmm,71,Immm,orthorhombic,3,"Mn,Pt,Sc",4,854.236592304826,0.9526248736245988,1,0,0,ScMnPt2,0.0,-0.2,0.0,0.3572343276092246,0,FM,0.4946140375059635,0.49408301572994323,0.011302946764093377,0.4946140375059635,0.0005310217760202685,0.6801479405518366,False,True,359.227918143603,217.9433245803608,40.96926526129596,34.24244087064373,359.227918143603,0.0,40.96926526129596,,177.67917097786923,107.68209506687454,285.3612660447438,26.398256424005123,7.025,False,271.0411401223485,0.00027104114012234853,1.097570725616252e-05,Easy-Axis (Uniaxial),62961.832631306,62.961832631306,791.2017387748818,0.16132317244947303,Hard Magnet,45.075134711587395,2.0878670878982426,42.93969450823771,0.05395961152578783,0.579252308675128,0.07279099331445546,6.141211694639397,95.94028493583339,7.016913899950865,0.44020749486391336,0.34202175047469646,Semi-Hard (0.1 <= kappa < 1.0),156.3300764146949,91.94072147356087
mp-1096589,HfTiFe2,mmm,71,Immm,orthorhombic,3,"Fe,Hf,Ti",4,830.4278771389498,0.6759650850898324,1,0,0,HfTiFe2,0.0,-0.2,0.0,0.1858903983997039,0,FM,0.8773890792728349,0.11119908792182577,0.011411832805339306,0.8773890792728349,0.7661899913510092,0.37324753233723673,True,False,400.6364579465105,266.8414989436502,14.399374755218815,8.22498374950581,400.6364579465105,0.0,14.399374755218815,,351.51405296081873,29.672531302226737,381.18658426304546,12.666916894679797,0.1,True,63.21029543238518,6.321029543238518e-05,4.1323042413279056e-05,Easy-Axis (Uniaxial),27784.593448693777,27.784593448693776,349.15150542853115,5.905992306255662,Hard Magnet,59.71471804959975,3.0034955577715827,40.36506446751305,0.05072423599712696,0.5118717640223439,0.06432370418691923,11.696512969165468,291.62732148479216,37.1651519144029,1.0928859365550785,0.17570467930295341,Semi-Hard (0.1 <= kappa < 1.0),335.41483970936287,28.50045250854501
mp-1095877,TaFe2Ge,mmm,71,Immm,orthorhombic,3,"Fe,Ge,Ta",4,522.9462756660911,1.15988624257756,1,0,0,TaFe2Ge,0.8,0.2,0.0,0.318968716708829,0,FM,0.8435545098756868,0.14763926863910962,0.008806221485203653,0.8435545098756868,0.6959152412365772,0.42564577906485346,True,False,433.8588495258132,205.4479318604868,15.744664082076042,17.221829764338352,433.8588495258132,0.0,15.744664082076042,,365.9835891669767,30.332182403299896,396.3157715702766,13.522672910052707,3.05,True,591.9760010411943,0.0005919760010411943,0.0014791507840432665,Easy-Axis (Uniaxial),34209.90811265217,34.20990811265217,429.89439237829714,0.8452228255623836,Hard Magnet,34.6737267766723,0.692504072882766,40.21757866715536,0.05053889987436194,0.5081380453621599,0.06385451125326802,9.113760378422684,266.1390278202197,21.40388660568344,1.2954086488490248,0.5396736307332112,Semi-Hard (0.1 <= kappa < 1.0),347.73375211038376,27.92737952369424
mp-1097109,HfMnCo2,mmm,71,Immm,orthorhombic,3,"Co,Hf,Mn",4,645.5393496304973,0.903644579289514,1,0,0,HfMnCo2,0.0,-0.2,0.0,0.5308911903325895,0,FM,0.8938641323300548,0.10338344314471085,0.002752424525234482,0.8938641323300548,0.790480689185344,0.31961076356293877,True,False,356.6599338910585,267.2899431880836,12.553972175116087,34.380107715816024,356.6599338910585,0.0,12.553972175116087,,318.8055223444257,27.633354644738233,346.43887698916393,11.770997058072355,4.05,True,15106.814862103156,0.015106814862103156,0.011540085450636133,Easy-Axis (Uniaxial),79332.13885777925,79.33213885777926,996.9170778837182,2.0797016719539068,Hard Magnet,42.23445098981399,11.307427271031624,38.164932696214066,0.04795946887327,0.45759247542363074,0.05750276748225732,14.061513656865968,229.96641367013385,14.46937903603208,0.8603631357290298,2.872876921714102,High-Performance (kappa >= 1.0),306.00045181874094,23.579948754220602
mp-1095727,MnTc2As,mmm,71,Immm,orthorhombic,3,"As,Mn,Tc",4,718.9196278174986,0.7526608685724508,1,0,0,MnTc2As,0.8,-0.1999999999999999,0.5,0.282247825714669,0,FM,0.6216074245307679,0.37343787046210836,0.004954705007123741,0.6216074245307679,0.24816955406865954,0.6277696430196754,False,True,363.1122420761335,199.5043369450231,21.284380409639994,13.317279604349395,363.1122420761335,0.0,21.284380409639994,,225.71326561253807,74.50247473670436,300.2157403492424,14.134333360415209,0.1,False,65.96782327123584,6.596782327123584e-05,1.3063380453631177e-06,Easy-Axis (Uniaxial),16209.240945322437,16.20924094532244,203.69133305346898,1.6103504936756137,Hard Magnet,32.18359620138959,4.308757684131535,24.22333347072292,0.03043993859083155,0.18433919582851005,0.023164746985360307,2.0916287353825482,99.3902839021828,4.522748610524729,0.4981860816868935,0.2991074546229547,Semi-Hard (0.1 <= kappa < 1.0),210.7602604192136,69.85132650752715
mp-1097252,MnTc2Sb,mmm,71,Immm,orthorhombic,3,"Mn,Sb,Tc",4,864.7998527779735,0.7156334065559719,1,0,0,MnTc2Sb,0.8,-0.1999999999999999,0.5,0.2683625274584894,0,FM,0.7074786150779938,0.28721994665321726,0.005301438268788955,0.7074786150779938,0.42025866842477655,0.5742778641949067,False,True,358.39292439476765,206.49401384217916,6.519645912027187,17.416738958896644,358.39292439476765,0.0,6.519645912027187,,253.55532980456235,59.3091996399594,312.86452944452174,6.804381186735285,0.825,False,119.30795446501594,0.00011930795446501594,2.2935777186840928e-05,Easy-Axis (Uniaxial),16802.882714057767,16.802882714057766,211.1512556764844,0.941824116720275,Hard Magnet,32.773761623912634,1.552843307380872,23.453998676573978,0.029473163975851816,0.17281588722101907,0.021716685290575216,0.7770371099871332,133.13508474534635,5.83216380879756,0.6447406501919221,0.4154443639554579,Semi-Hard (0.1 <= kappa < 1.0),248.16223023825438,54.558080416404366
mp-1182806,K4Fe,4/m,88,I4_1/a,tetragonal,2,"Fe,K",20,4122.44028589544,0.3419623316054461,1,0,0,K4Fe,0.0,-0.2,0.0,0.0940396411914976,0,FM,0.5677759616400637,0.2555204284521141,0.1767036099078222,0.5677759616400637,0.31225553318794963,0.888666547891712,False,True,406.4476908373001,125.3379196792438,2.8383810748318865,0.789347303959417,406.4476908373001,0.0,2.8383810748318865,,230.77122852153138,32.026398937737035,262.7976274592684,1.6241369695041035,0.10000000000000002,True,160.4238708015276,0.00016042387080152763,0.0002411506349584397,Easy-Axis (Uniaxial),12323.721479128086,12.323721479128086,154.86445446340636,4.2883629723517664,Hard Magnet,61.4285677800883,0.5896177119473656,21.006256265262177,0.02639724014494889,0.13862679779511572,0.01742035752017697,8.800003859617156,123.9283837589426,4.647026456842859,0.9887541142863359,0.5378744365743717,Semi-Hard (0.1 <= kappa < 1.0),228.60830358009417,31.900496084839354
mp-1097510,Mn2NbGa,mmm,71,Immm,orthorhombic,3,"Ga,Mn,Nb",4,753.2021426387458,0.600776277460007,1,0,0,Mn2NbGa,0.8,0.2,0.0,0.2252911040475026,0,FM,0.859513896467244,0.1357726482166641,0.004713455316092054,0.859513896467244,0.7237412482505798,0.38819802053984687,True,False,374.75321211550204,234.9770929740504,27.155607047071868,6.6672767194638425,374.75321211550204,0.0,27.155607047071868,,322.10559355901074,31.903462183340118,354.0090557423509,23.358169150335257,2.8,True,162.30296159140497,0.00016230296159140496,4.583106626353324e-05,Easy-Axis (Uniaxial),16788.799935423343,16.788799935423345,210.97428625744627,5.045935505308009,Hard Magnet,30.57760730745408,4.04496924663691,18.37030109180617,0.023084801181700327,0.10601868708807947,0.013322701398785292,4.3423706439458645,82.98445774062026,48.84977316412961,0.353159776939553,0.6186457244185196,Semi-Hard (0.1 <= kappa < 1.0),295.3691637441496,30.874227105287503
mp-1093883,Mn2GaMo,mmm,71,Immm,orthorhombic,3,"Ga,Mn,Mo",4,804.0720385751648,0.569032875176759,1,0,0,Mn2GaMo,0.0,-0.2,0.0,0.2133873281912846,0,FM,0.852998012486608,0.14341115635891621,0.0035908311544757938,0.852998012486608,0.7095868561276918,0.3953617632740998,True,False,392.1539391678087,242.13252517044856,35.332902469529074,4.512770198951273,392.1539391678087,0.0,35.332902469529074,,334.50653069893497,34.724505426798416,369.2310361257334,30.14584334381732,1.575,True,108.2534416488748,0.0001082534416488748,6.820025013375265e-05,Easy-Axis (Uniaxial),17189.7942540836,17.1897942540836,216.01332957787676,4.204120356956513,Hard Magnet,30.658835214236724,0.9712695151358108,17.44588515152759,0.021923145850964134,0.09561717116902722,0.012015608333492786,5.326000594212952,114.615734338577,44.188282584002025,0.4733595135882449,0.5320138213783528,Semi-Hard (0.1 <= kappa < 1.0),299.26070024935666,33.958275948262994
