material_id,formula,point_group,spacegroup_number,spacegroup_symbol,crystal_system,nelements,elements,nsites,volume,density,is_centrosymmetric,is_polar,is_chiral,reduced_formula,energy_above_hull,formation_energy_per_atom,band_gap,total_magnetization,Predicted_Class,Predicted_Phase,P_FM,P_AFM,P_NM,max_probability,probability_margin,phase_entropy,High_Confidence,Boundary_Case,TC_if_FM,TN_if_AFM,TC_uncertainty,TN_uncertainty,Predicted_Curie_K,Predicted_Neel_K,Curie_Uncertainty_K,Neel_Uncertainty_K,Expected_TC_soft_K,Expected_TN_soft_K,Expected_ordering_temperature_K,Expected_temperature_uncertainty_K,Material_Criticality_Index,Rare_Earth_Free,Predicted_K1_J_m3,Predicted_K1_MJ_m3,K1_Uncertainty_MJ_m3,Anisotropy_Type,Predicted_Hc_A_m,Predicted_Hc_kA_m,Predicted_Hc_Oe,Hc_Uncertainty_kA_m,Magnetic_Hardness_Class,Predicted_Ms_emu_g,Ms_Uncertainty_emu_g,Predicted_Ms_kA_m,Predicted_Ms_Tesla,Predicted_BH_max_kJ_m3,Predicted_BH_max_MGOe,BH_max_Uncertainty_kJ_m3,Predicted_Curie_Weiss_theta_p_K,Curie_Weiss_Uncertainty_K,Magnetic_Frustration_Index,Hardness_Parameter_kappa,Permanent_Magnet_Viability,FM_screening_score,AFM_screening_score,TC_rank_component,BH_rank_component,K1_rank_component,Hc_rank_component,Confidence_rank_component,Criticality_rank_component,Uncertainty_rank_component,Discovery_Score
mp-1229206,BaCa(Fe12O19)2,-6m2,187,P-6m2,hexagonal,4,"Ba,Ca,Fe,O",64,729.7136310587729,4.837164855074692,0,0,0,BaCa(Fe12O19)2,0.0,-2.5,2.5,1.3302203351455406,0,FM,0.902395155623766,0.0955145366170344,0.0020903077591994,0.902395155623766,0.8068806190067316,0.3002790750169218,True,False,732.0495880625958,209.7510115901728,2.688494115734386,1.8672455385538884,732.0495880625958,0.0,2.688494115734386,,660.59800194406,20.03427067698957,680.6322726210495,2.432630735204338,0.1,True,119449.90924201954,0.1194499092420195,0.0195980062554727,Easy-Axis (Uniaxial),69006.47560277818,69.00647560277818,867.1609640615387,3.2645903206756706,Hard Magnet,74.25140316026875,4.780032446065768,359.16627780683393,0.4513416559100561,40.420567121520776,5.0793983675933365,55.38361013221589,594.0763666489356,28.82926186512549,2.832293213487268,0.858405370612352,Semi-Hard (0.1 <= kappa < 1.0),654.730537948506,19.848956301494983,0.5097713756599809,0.2183856157803442,1.0,0.9316973771681013,0.880786546510569,1.0,0.9714272633176776,0.6242069210169655
mp-1184324,Fe3Sb,6/mmm,194,P6_3/mmc,hexagonal,2,"Fe,Sb",8,113.9503511869861,8.43149046824657,1,0,0,Fe3Sb,0.0,-0.6,0.5,2.318659878767807,0,FM,0.9129702128641174,0.0849111425608468,0.0021186445750358,0.9129702128641174,0.8280590703032705,0.2781471216010327,True,False,614.1959692670421,215.80991269446488,3.3749159768969434,17.92825699118667,614.1959692670421,0.0,3.3749159768969434,,560.7426248020143,18.32466626284361,579.067291064858,3.436743176391025,0.825,True,-0.4588124702232519,-4.58812470223252e-07,5.250067300729504e-07,Easy-Plane / Cubic,11277.952113874924,11.277952113874925,141.7229287871922,2.679916690416679,Hard Magnet,102.95679431711466,6.194080484474036,868.0792299259749,1.090860532587731,177.9064420530568,22.356383289523627,15.405023191426984,176.41945254923675,71.58741480742185,0.817476131409239,0.0,Soft / Non-Viable,554.5046033186708,16.817154889266778,0.32811790496900456,1.0,0.0,0.1516188800330607,0.9125367340386229,0.9033333333333333,0.9637660211827042,0.5787783709827529
mp-1225227,Fe3Co3Si2,3m,160,R3m,trigonal,3,"Co,Fe,Si",8,86.69779519486819,7.670958295056223,0,1,0,Fe3Co3Si2,0.0,-0.2,0.0,3.7395921688399087,0,FM,0.9295637801713524,0.068461455619785,0.0019747642088625,0.9295637801713524,0.8611023245515672,0.2400947026303387,True,False,869.6218519256661,215.3838923492046,66.68602111963366,7.82282672283921,869.6218519256661,0.0,66.68602111963366,,808.3689759956342,14.745494787281638,823.1144707829158,61.99122336630592,3.0625,True,571.2461103067312,0.0005712461103067,1.637221793071256e-05,Easy-Axis (Uniaxial),4495.362894569149,4.495362894569149,56.49039727663054,0.1852825723325691,Soft Magnet,108.38578185381236,17.596863677268665,831.422812377656,1.0447967197570436,134.75263571153127,16.93351594509492,1.4978041361704195,758.5410184103375,49.59731016500484,3.521809408015087,0.0256439404409546,Soft / Non-Viable,661.3578888505531,14.190447719149558,0.721818145686565,0.7546683556608115,0.004782306775547971,0.059966579140635815,0.9623566888426305,0.605,0.25714268388138384,0.5703047159345436
mp-1225232,GaFe19N5,4/m,83,P4/m,tetragonal,3,"Fe,Ga,N",25,265.2502493055507,7.517408241382945,1,0,0,GaFe19N5,0.0,-0.6,0.5,2.06728726638031,0,FM,0.9278258128117268,0.0702365290632852,0.001937658124988,0.9278258128117268,0.8575892837484416,0.2440788448307959,True,False,583.3506673956915,184.4699422511841,9.664371569297488,9.919886982623396,583.3506673956915,0.0,9.664371569297488,,541.2478071306708,12.956528460227837,554.2043355908986,8.99388150109605,0.336,True,6159.050130062417,0.0061590501300624,0.0053892619872974,Easy-Axis (Uniaxial),441.8227041903615,0.4418227041903615,5.5521079545549945,0.0239468801415742,Soft Magnet,121.37684958027916,12.686732293720516,912.4393293478886,1.1466050775702898,176.95641985913244,22.236999977397176,35.37213708460334,291.05400211765414,45.14226619025284,1.577785511101529,0.0767269510736235,Soft / Non-Viable,524.3559060938487,12.344260133200567,0.280574552488995,0.994599074177846,0.05156178157978709,0.005191584931837209,0.9571386755182963,0.9685333333333334,0.8935686033601787,0.5693439869909174
mp-1225352,Ga3Fe4Co8Si,-3m,166,R-3m,trigonal,4,"Co,Fe,Ga,Si",16,180.17017835882405,8.59070341091701,1,0,0,Ga3Fe4Co8Si,0.0,-0.2,0.0,4.187967912822043,0,FM,0.9282282684993606,0.0697682182452581,0.0020035132553813,0.9282282684993606,0.8584600502541024,0.2433460645528088,True,False,1050.1014105566612,230.22160565473007,0.5030738167063191,20.512118457169063,1043.0,0.0,0.5030738167063191,,974.7338140697458,16.06215122809296,990.7959652978388,1.5053532505337752,5.15625,True,342.23800246267035,0.0003422380024626,0.0002239042662445,Easy-Axis (Uniaxial),394.3971964666369,0.3943971964666369,4.956141436346706,0.0343295502667118,Soft Magnet,72.39462291553785,16.389262810153056,621.9207340125618,0.7815286436356143,103.87512525655944,13.053333469455543,18.47081513596716,692.7858768453789,59.883763754323525,3.009213122613564,0.0265353089409863,Soft / Non-Viable,973.1020069341693,14.56804400635494,1.0,0.5791280950157309,0.0028651173084542556,0.0045507298301455685,0.9583469946095015,0.3258333333333333,0.9958190186285929,0.5530413018782854
mp-1225089,GaFe2Co4Si,-3m,166,R-3m,trigonal,4,"Co,Fe,Ga,Si",8,91.47045688951182,8.08265269778085,1,0,0,GaFe2Co4Si,0.0,-0.2,0.0,3.940293190168165,0,FM,0.9291727240476492,0.0688374083481933,0.0019898676041575,0.9291727240476492,0.8603353156994558,0.2410708722124909,True,False,1000.2644971726404,233.03220761172585,19.463847004985155,17.321335871576736,1000.2644971726404,0.0,19.463847004985155,,929.418487606054,16.04133323364934,945.4598208397034,18.124538923477257,4.7875,True,448.3278276374024,0.0004483278276374,0.0004272805850791,Easy-Axis (Uniaxial),338.4662284863418,0.3384662284863418,4.253292150232243,0.045915120036201,Soft Magnet,83.30933874487621,14.963870670701688,673.3604515566124,0.8461696991312636,109.80920225066548,13.799031591562972,9.359812097833336,781.8189209309526,96.1469523986156,3.3549822530695224,0.0280508038119107,Soft / Non-Viable,872.7921763161677,14.762778048749674,0.9231839600917329,0.6128636328516714,0.003753270559034376,0.003794941481362259,0.9611825954094341,0.375,0.7841954053950452,0.5492158241513694
mp-1225114,GaFe4Co8Si3,-3m,166,R-3m,trigonal,4,"Co,Fe,Ga,Si",16,180.85303831028665,7.793660465853463,1,0,0,GaFe4Co8Si3,0.0,-0.2,0.0,3.799409477103564,0,FM,0.9286348369900496,0.0693450120100072,0.002020150999943,0.9286348369900496,0.8592898249800425,0.2424407269302942,True,False,956.9429117562422,230.0007477438312,20.32348916914105,15.294214507447194,956.9429117562422,0.0,20.32348916914105,,888.6505248675414,15.94940461460661,904.599929482148,18.902876240649142,4.41875,True,481.6841417177209,0.0004816841417177,0.0005876025042763,Easy-Axis (Uniaxial),217.8162794592874,0.2178162794592874,2.737160146700912,0.0728682820476248,Soft Magnet,88.54664282726817,11.706342283441655,690.1024695869271,0.8672083394713855,116.0237421193617,14.579973718611775,6.275139514457285,850.0909575842882,24.731189066604717,3.696035625636736,0.028370217194808,Soft / Non-Viable,832.2685237718913,14.816380134594754,0.856410309633227,0.6481936167870999,0.004032519947267198,0.0021646134350449962,0.9595676618389058,0.4241666666666666,0.7746008293163104,0.5477554346305885
mp-1224758,Fe23(BC)3,3m,160,R3m,trigonal,3,"B,C,Fe",29,292.0389878261366,7.692614911174937,0,1,0,Fe23(BC)3,0.0,-0.2,0.0,2.115469100573108,0,FM,0.930859412771058,0.0672504203644908,0.0018901668644513,0.930859412771058,0.8636089924065671,0.2367331265569728,True,False,634.432335815772,181.16563236186525,13.595339273384411,10.523002010743028,634.432335815772,0.0,13.595339273384411,,590.5673115604402,12.183464931934244,602.7507764923745,12.675120415455664,0.1,True,187.75530445130605,0.0001877553044513,0.0002644726361852,Easy-Axis (Uniaxial),57.62735233422832,0.0576273523342283,0.7241666810245201,0.0307203626539318,Soft Magnet,131.36130096527012,6.130437391866792,1010.5119025567756,1.2698467077749644,142.14252400316246,17.86215671384909,41.36292711246082,555.7395558181834,43.934573318655,3.067577158940024,0.0120962218232644,Soft / Non-Viable,564.9643705759275,11.57447387275289,0.3593091934107156,0.7966802568062323,0.0015718329602987457,0.0,0.9662466515230352,1.0,0.8496945703351166,0.5256918154908969
mp-1025124,FeCoSn,6/mmm,194,P6_3/mmc,hexagonal,3,"Co,Fe,Sn",6,83.18855983540199,9.3213843513159,1,0,0,FeCoSn,0.0,-0.2,0.0,4.5441748712665015,0,FM,0.9172109357119465,0.0808302339070332,0.0019588303810204,0.9172109357119465,0.8363807018049131,0.2683368600756403,True,False,781.6252899505275,256.48344687940136,32.35555566395573,3.0097127064727687,781.6252899505275,0.0,32.35555566395573,,716.9152635716447,20.73161700454415,737.6468805761889,29.677866594420337,3.3666666666666667,True,13.316679044066635,1.3316679044066637e-05,1.870559956185663e-05,Easy-Axis (Uniaxial),4779.213767720954,4.779213767720954,60.05737261716104,1.056224004370241,Soft Magnet,80.41667207910231,5.099081402297891,749.5947087030465,0.9419684920125088,132.6389566060348,16.667903189939917,31.496863745398908,331.63549488469107,21.681566262264223,1.2930093498027038,0.0043427669299308,Soft / Non-Viable,647.1219614242135,20.424261212092382,0.5861847976823155,0.7426519794817804,0.00011148337515339159,0.06380222137010133,0.9252689342161609,0.5644444444444445,0.6403093971571492,0.5247100757744566
mp-1187951,ZnCo3,4/mmm,139,I4/mmm,tetragonal,2,"Co,Zn",4,45.687737793434856,8.803167712937729,1,0,0,ZnCo3,0.0,-0.2,0.0,1.8706731389992672,0,FM,0.9204437153600064,0.0757736946890385,0.0037825899509549,0.9204437153600064,0.8446700206709679,0.2666068042561701,True,False,837.8396383333732,199.86329269201556,3.729774220440788,13.493732726792093,837.8396383333732,0.0,3.729774220440788,,771.1842295834541,15.144380119990736,786.3286097034448,3.582074570168753,6.375,True,827.7825185228896,0.0008277825185228,6.183879135001001e-06,Easy-Axis (Uniaxial),4453.681832112359,4.453681832112359,55.96661758802283,1.4397561099847158,Soft Magnet,98.78331437049984,1.853875834210612,869.6060836433618,1.0927792335563906,139.21393627381164,17.494139518862767,36.3398929838021,209.44946002437624,36.37171421960159,1.04796362154972,0.0295141733600934,Soft / Non-Viable,761.7141568318006,14.187189409790308,0.6728306859523228,0.780031082512148,0.006929955190217983,0.05940334802722384,0.9349749204562285,0.16333333333333333,0.9598054029664131,0.5190276497019364
mp-1183752,Co3Cu,4/mmm,139,I4/mmm,tetragonal,2,"Co,Cu",4,44.52013264955726,8.96455626214091,1,0,0,Co3Cu,0.0,-0.2,0.0,1.9049682057049435,0,FM,0.9118662145203092,0.0854053951464535,0.0027283903332372,0.9118662145203092,0.8264608193738557,0.2825072653466897,True,False,836.8790679524793,221.24729291316748,30.846651540903167,4.489714610390735,836.8790679524793,0.0,30.846651540903167,,763.1217477051119,18.89571247633222,782.0174601814442,28.130632848702497,6.5,True,370.75913712683774,0.0003707591371268,0.000310404527648,Easy-Axis (Uniaxial),4435.647317616772,4.435647317616772,55.73998919061855,1.5633329741436277,Soft Magnet,100.53123531868395,4.460961653353323,901.2179151168696,1.132503832565867,138.9137802131515,17.456420795125997,37.88715730779866,198.3550172160261,29.293262745622044,0.8965308212556261,0.0190594859411204,Soft / Non-Viable,691.9717133157377,18.480843901937817,0.6713501124636544,0.7783246796206548,0.0031038879768053957,0.05915964983239678,0.9092221274459682,0.1466666666666666,0.6571504689516674,0.513305359593134
mp-1217983,TaCo6Mo,-6m2,187,P-6m2,hexagonal,3,"Co,Mo,Ta",8,92.27860747015208,11.345515582381944,0,0,0,TaCo6Mo,0.0,-0.2,0.0,2.410922061256163,0,FM,0.9142401394212106,0.0653538475056867,0.0204060130731026,0.9142401394212106,0.8488862919155239,0.3091833240789313,True,False,753.4281688317549,241.54685592141004,14.074569263531204,5.888782738147555,753.4281688317549,0.0,14.074569263531204,,688.814274116611,15.786016387365928,704.600290503977,12.873290179588228,6.7625,True,3487.706697928594,0.0034877066979285,0.0033421932905457,Easy-Axis (Uniaxial),72293.19824914822,72.29319824914822,908.4631397448072,24.309848420579,Hard Magnet,67.95484156479685,2.0821047772703665,770.9827138716989,0.9688454519776204,98.35563833182051,12.359734273007238,30.080072407097585,232.3587254704124,21.45076643506239,0.961961291460622,0.0683314135291786,Soft / Non-Viable,657.9465593777313,15.334508444243724,0.5427232140070238,0.547749523391289,0.029198069048859618,0.9761104594284311,0.9163495177823094,0.11166666666666658,0.8443458231570514,0.5047980352642123
mp-1225179,Fe12Ge3As2,32,155,R32,trigonal,3,"As,Fe,Ge",17,216.7212820384401,7.952513002628845,0,0,1,Fe12Ge3As2,0.0,-0.6,0.5,2.186941075722933,0,FM,0.9082426718803754,0.0894562066927487,0.0023011214268758,0.9082426718803754,0.8187864651876267,0.2888537486523674,True,False,620.0024904269421,237.86709838551627,16.391748983750517,5.480157735719587,620.0024904269421,0.0,16.391748983750517,,563.1127184778528,21.278688318579142,584.391406796432,14.89575512579807,1.1411764705882352,True,210.58147764681632,0.0002105814776468,3.542266802896817e-05,Easy-Axis (Uniaxial),5690.393212216151,5.690393212216152,71.50759143531644,3.692668350237282,Soft Magnet,82.08547597934982,6.034554713464132,652.7858150527572,0.8203148483749471,133.8724742240797,16.822911588428195,9.16610812930415,150.03673036452312,29.87948393792498,0.6307586521333665,0.01983053557904,Soft / Non-Viable,533.9387518352512,20.711185501372785,0.33706777627644574,0.7496645916059884,0.0017629270627584764,0.07611487807296652,0.8983429278616096,0.8611764705882353,0.8184834841039452,0.49299418826260283
mp-17977,Fe12As5,32,155,R32,trigonal,2,"As,Fe",17,213.15568093079835,8.138862936236986,0,0,1,Fe12As5,0.0,-0.6,0.5,2.2381873074651715,0,FM,0.8496276704615114,0.1473882933293822,0.0029840362091061,0.8496276704615114,0.7022393771321292,0.3986898379889536,True,False,526.6544725754417,221.40698806457968,71.66752461327587,0.196839911407352,526.6544725754417,0.0,71.66752461327587,,447.4602126724085,32.6327981020373,480.0930107744458,60.89071889640338,0.1,True,52.82020725942421,5.282020725942421e-05,8.625412231259561e-06,Easy-Axis (Uniaxial),7012.588768235132,7.012588768235132,88.12279113969232,0.2692124720449203,Soft Magnet,86.33881288678069,2.6583417700239096,702.6997641629196,0.8830385667094033,155.12774814336507,19.49392813611253,3.5391512640823346,66.32155455818459,45.14135842190994,0.2995458957187025,0.0092262519622512,Soft / Non-Viable,361.1778132657641,32.6007124952404,0.1931859710493668,0.8705019346720697,0.00044219545744822865,0.0939815453619052,0.7223592669973544,1.0,0.20154348662334198,0.4911474837185058
mp-1188610,Fe5Si2B,4/mmm,140,I4/mcm,tetragonal,3,"B,Fe,Si",16,167.02230489083294,6.883993725381037,1,0,0,Fe5Si2B,0.0,-0.2,0.0,1.8930982744797853,0,FM,0.923263076041106,0.0747207223842957,0.0020162015745984,0.923263076041106,0.8485423536568102,0.2549155275575474,True,False,606.9369981195298,168.55299397506724,0.970036444029006,16.620312823958585,606.9369981195298,0.0,0.970036444029006,,560.362519846992,12.594401469852864,572.9569213168448,1.5311327907985288,0.1,True,175.5787737339354,0.0001755787737339,0.0002953803967544,Easy-Axis (Uniaxial),644.197792311366,0.644197792311366,8.09522836440221,0.486079720658279,Soft Magnet,90.84623311832578,13.084211479906005,625.3848987610577,0.7858818414454941,122.86965896263598,15.44025701780114,22.983601779356068,539.6586420166957,38.60916454243923,3.201714957946836,0.0189009521949926,Soft / Non-Viable,558.5564527961259,11.62808907961276,0.31692930239517325,0.687113011819785,0.001469894576296051,0.007926254815250224,0.9434396718329465,1.0,0.9906071890550949,0.4807233059959929
mp-1184287,Fe3H,4/mmm,139,I4/mmm,tetragonal,2,"Fe,H",4,38.515692779212905,7.2664443105042,1,0,0,Fe3H,0.0,-0.2,0.0,1.9982721853886551,0,FM,0.9171924304376088,0.0806550000157874,0.0021525695466036,0.9171924304376088,0.8365374304218214,0.2690251732833919,True,False,554.8304680502815,209.2432433895937,5.629695312902697,13.330093122584657,554.8304680502815,0.0,5.629695312902697,,508.8863054718738,16.876513798891107,525.7628192707649,5.274258166914226,0.1,True,133.63221207085283,0.0001336322120708,5.531542300796353e-05,Easy-Axis (Uniaxial),6023.676797128597,6.023676797128597,75.69575656437176,0.8493225514001516,Soft Magnet,105.50760133600576,0.7640357218262324,766.6651094429643,0.9634197902358526,124.51980276882406,15.647620208185062,10.97019302204134,299.83718011699864,24.84962720322642,1.4329599143076102,0.0134507018936333,Soft / Non-Viable,499.5126258437136,15.821971998290415,0.2366149927500649,0.6964941655971447,0.001118730126450289,0.08061849850746897,0.9252133746180305,1.0,0.938600140794195,0.4688529946981771
mp-1229277,BaFe12,6mm,186,P6_3mc,hexagonal,2,"Ba,Fe",26,406.5047902079209,6.596874293549217,0,1,0,BaFe12,0.0,-0.2,0.0,1.8141404307260347,0,FM,0.9168337342656644,0.0812179880902361,0.0019482776440994,0.9168337342656644,0.8356157461754283,0.2691341625916831,True,False,587.5726768670941,329.66938852773603,51.64147275554086,6.456600863176078,587.5726768670941,0.0,51.64147275554086,,538.7064514845304,26.775084471161083,565.4815359556915,47.34954819713535,0.1,True,90.93431921035848,9.093431921035848e-05,2.347465634324435e-05,Easy-Axis (Uniaxial),14503.789524072296,14.503789524072296,182.25999801290865,7.031577133876359,Hard Magnet,106.2873443594056,1.2424081392057715,701.1642497341762,0.8811089823698748,108.12423538680216,13.587292406607318,2.4170643078364367,168.17571575889752,30.8986221679411,0.5101344608001067,0.0121321902837427,Soft / Non-Viable,459.59293191139255,25.937736414546123,0.2870821394566968,0.6032845081715188,0.000761275749704547,0.19520922752276337,0.9241364375891344,1.0,0.42505681125696615,0.4648046451892752
mp-1225101,Fe6Ge2N,4/mmm,123,P4/mmm,tetragonal,3,"Fe,Ge,N",9,101.071999747671,8.121919190099725,1,0,0,Fe6Ge2N,0.0,-0.6,0.5,2.233527777277424,0,FM,0.9071746481815586,0.0905745416451369,0.0022508101733046,0.9071746481815586,0.8166001065364217,0.2909319381555392,True,False,555.1226593842837,244.90011881455968,5.63398368105203,13.989004754354994,555.1226593842837,0.0,5.63398368105203,,503.5932032245488,22.18171601046831,525.774919235017,5.265719712032807,1.411111111111111,True,4031.5729339829454,0.0040315729339829,0.0005992470044383,Easy-Axis (Uniaxial),2981.919075076238,2.9819190750762385,37.471900967399925,1.159565359953584,Soft Magnet,80.04534542549429,0.9003639545531001,650.1218270894833,0.8169671823690778,132.78204931848302,16.685884750857625,14.44464584371012,217.8543927258333,36.74395694365151,0.8895642590144859,0.0871239548364644,Soft / Non-Viable,494.3100866853335,20.73164089522397,0.23706536135537173,0.7434654690303047,0.033751159457262224,0.03951559739267402,0.8951363303036833,0.8251851851851852,0.9385522777691154,0.463352366254678
mp-1216765,V2Co9W,3m,160,R3m,trigonal,3,"Co,V,W",12,132.47503699707224,10.22986737647038,0,1,0,V2Co9W,0.0,-0.2,0.0,2.173846817499956,0,FM,0.9249384611883592,0.0726509751509326,0.0024105636607079,0.9249384611883592,0.8522874860374267,0.2523174696816094,True,False,634.5283195822393,241.7109709868756,21.228637017322622,10.259013021325046,634.5283195822393,0.0,21.228637017322622,,586.8996474948319,17.560537746875305,604.4601852417072,19.64932361609443,7.083333333333333,True,2756.92328644732,0.0027569232864473,0.0033282696367912,Easy-Axis (Uniaxial),74061.10738789504,74.06110738789504,930.6793416264056,30.127237662128262,Hard Magnet,71.74237062301302,7.895144290522012,733.9149367470079,0.9222647094576872,98.478117421261,12.375125449610424,30.08025345056158,265.3791497134061,13.923854161507036,1.097919339903755,0.0638207174716278,Soft / Non-Viable,548.113941158225,16.703719374060093,0.3594571378224949,0.5484458234157132,0.023080162253296073,1.0,0.9484697904789273,0.06888888888888889,0.7644983584813568,0.45959592375511377
mp-1218042,TaCo4Mo,-3m,164,P-3m1,trigonal,3,"Co,Mo,Ta",12,148.64952189519585,11.452800151832394,1,0,0,TaCo4Mo,0.0,-0.2,0.0,2.433720032264384,0,FM,0.8952077559548925,0.1017796310062941,0.0030126130388134,0.8952077559548925,0.7934281249485985,0.3178081705966457,True,False,642.8822362364679,233.57084817316584,38.178492196734055,16.100964282723368,642.8822362364679,0.0,38.178492196734055,,575.5131640445115,23.77275474089196,599.2859187854035,34.21694713662376,6.35,True,2023.1258791156476,0.0020231258791156,0.003454287741985,Easy-Axis (Uniaxial),64967.02458610931,64.96702458610932,816.3997245213917,18.97379292639481,Hard Magnet,67.8679004282098,7.129574223470989,777.2775003287469,0.9767557139333716,103.6379753448939,13.02353233206508,29.050007768254183,214.7041896546188,1.529152653323564,0.9192251144947696,0.0516214767363295,Soft / Non-Viable,510.54089244951945,22.00152583288822,0.37233343275185365,0.5777798853740749,0.016937023158523377,0.8771127682452805,0.8592073453640204,0.16666666666666663,0.5753188581923173,0.4592565553015611
mp-1215431,ZnCo2,-3m,164,P-3m1,trigonal,2,"Co,Zn",3,35.49189300214985,8.574801728612087,1,0,0,ZnCo2,0.0,-0.2,0.0,1.8221453673300685,0,FM,0.9073958931435944,0.0900318462765294,0.0025722605798761,0.9073958931435944,0.8173640468670651,0.2915275514980588,True,False,681.3715655323224,194.06896328109903,11.11355936730638,6.039798565876723,681.3715655323224,0.0,11.11355936730638,,618.2737602688509,17.47238706916934,635.7461473380203,10.099048272192109,5.833333333333333,True,396.43518769133993,0.0003964351876913,0.0003569490166922,Easy-Axis (Uniaxial),7627.141808736576,7.627141808736576,95.8454925588433,0.8184095734800859,Soft Magnet,82.51537476606065,7.204971728574861,707.552978181091,0.8891372953117179,133.83655068651947,16.81839730347289,25.99737573063558,215.8706951088211,1.782541838929106,1.1123401262062875,0.0251028021108238,Soft / Non-Viable,596.1878629072276,16.960205931848577,0.4316588936296288,0.7494603644175365,0.0033188404261411024,0.10228592564518557,0.8958005885553995,0.23555555555555552,0.8773940331027699,0.4566148657722034
mp-1184373,Fe3S,6/mmm,194,P6_3/mmc,hexagonal,2,"Fe,S",8,98.38015085220889,6.738017685180042,1,0,0,Fe3S,0.0290675180289784,-1.1854662409855108,1.2,1.852954863424512,0,FM,0.9054048310040256,0.0924350350835985,0.002160133912376,0.9054048310040256,0.812969795920427,0.2943183459737851,True,False,570.1552202691237,214.05779805059427,0.9482330492588744,2.4017143329498936,570.1552202691237,0.0,0.9482330492588744,,516.2212908538288,19.786440072724528,536.0077309265533,0.8867734245275412,0.1,True,985.9682476954188,0.0009859682476954,0.0008400804374221,Easy-Axis (Uniaxial),7119.030462469656,7.119030462469657,89.46037694424886,2.442411536713899,Soft Magnet,96.319188058506,15.455803830493153,649.0003925603958,0.8155579461778525,114.295791304191,14.362833010925202,14.297651536830593,107.15860779318312,44.76629252760292,0.5006059520796122,0.0431600136169284,Soft / Non-Viable,514.5947716224015,19.551652650704256,0.26023577297286904,0.6383701260973541,0.008254240241386145,0.09541987899409893,0.8898226921833495,1.0,0.9908505395311644,0.4563323742263763
mp-1183699,Co3Te,4/mmm,139,I4/mmm,tetragonal,2,"Co,Te",4,51.561386550286784,9.803215880600147,1,0,0,Co3Te,0.0,-1.2,1.2,2.0831833746275312,0,FM,0.8724156631414711,0.1242726048776187,0.0033117319809101,0.8724156631414711,0.7481430582638524,0.3614825911656304,True,False,770.4773944672211,227.62504594025532,2.2551796762701883,8.229514604713131,770.4773944672211,0.0,2.2551796762701883,,672.1765470296335,28.28755739438316,700.4641044240167,2.2173852615524665,6.025,True,62.30007322605232,6.230007322605232e-05,2.3167645250739592e-05,Easy-Axis (Uniaxial),9126.48384907263,9.126483849072631,114.6867806814244,0.9532689156531036,Soft Magnet,61.99392875302672,2.131972454755868,607.7398668524656,0.763708440398938,114.63665844619103,14.40566764012365,0.7244691054317873,27.179205123150748,37.95794675371769,0.1194034031311495,0.0115856824328461,Soft / Non-Viable,667.1613182108907,27.169594519856684,0.5690020083361874,0.6403079736138917,0.0005215581461834775,0.12254635177130259,0.7907771511309633,0.20999999999999985,0.9762635411653747,0.4467534781803684
mp-1226343,CrFe11Si4,-3m,166,R-3m,trigonal,3,"Cr,Fe,Si",16,174.68117217478147,7.401774712220272,1,0,0,CrFe11Si4,0.0,-0.2,0.0,3.885931723915643,0,FM,0.9249106071619636,0.0731000342245146,0.0019893586135217,0.9249106071619636,0.8518105729374491,0.2510392954674287,True,False,591.388031832988,267.89193072347405,6.935973054077635,14.36977998270396,591.388031832988,0.0,6.935973054077635,,546.9810635909677,19.58290930435725,566.5639728953249,6.500586161491379,0.21875,True,233.75302820910903,0.0002337530282091,0.000303320831451,Easy-Axis (Uniaxial),3648.275321453754,3.648275321453754,45.84558068324809,0.9773779489541572,Soft Magnet,102.1179737289767,4.3996060992514,755.8542356103137,0.949834445511236,101.85796156788972,12.7998491995146,5.146658041301472,430.7453029445022,72.96793700352382,1.6079069712224,0.0180441172213037,Soft / Non-Viable,534.6206814552144,18.27021449192817,0.2929629302084427,0.5676604140254112,0.0019569125643744863,0.04851998807885948,0.9483861625097001,0.9841666666666666,0.9240206079487261,0.4419396753699128
mp-1105426,Fe4CoB2P,4/mmm,140,I4/mcm,tetragonal,4,"B,Co,Fe,P",16,149.8482881038479,7.422566045523848,1,0,0,Fe4CoB2P,0.0,-0.6,0.5,3.618500947192876,0,FM,0.9250835309857244,0.0726687334552879,0.0022477355589877,0.9250835309857244,0.8524147975304364,0.2514716131791779,True,False,582.4225115351537,201.46720467629652,9.636521823256317,8.416108482972064,582.4225115351537,0.0,9.636521823256317,,538.7894734965138,14.64036659660374,553.4298400931175,8.935542093780017,1.0875,True,1669.613135889892,0.0016696131358898,0.0011472531521118,Easy-Axis (Uniaxial),269.96213991380984,0.2699621399138098,3.392444367907271,0.1213113654645546,Soft Magnet,92.96261885814582,2.3466978497724758,690.0211782394481,0.8671061857513693,109.21832490668277,13.724779753199336,22.854961269631826,299.3691043626931,52.28118075377266,1.4859445975025989,0.0528251299486501,Soft / Non-Viable,522.0212431568976,14.049169906461318,0.27914394106499324,0.6095044642709254,0.013977516990046165,0.002869254087477352,0.9489053430406124,0.8683333333333333,0.893879437935665,0.43674474514217515
mp-1101422,Sr2Fe23O38,3m,156,P3m1,trigonal,3,"Fe,O,Sr",63,727.3372490389442,4.7205299379003085,0,1,0,Sr2Fe23O38,0.0099847713313899,-2.495007614334305,2.5,1.298145732922585,0,FM,0.8785199381470717,0.1193647016325809,0.0021153602203473,0.8785199381470717,0.7591552365144908,0.3463721768601535,True,False,715.1418539979743,201.35408317135227,2.452594270209147,12.25977971696014,715.1418539979743,0.0,2.452594270209147,,628.2663773406825,24.03457006025035,652.3009474009328,2.604616077725208,0.1,True,28896.436462668,0.028896436462668,0.0073930827467557,Easy-Axis (Uniaxial),38910.596218271945,38.91059621827195,488.96498240358665,2.808984070680772,Hard Magnet,64.05539343199358,3.841368677601636,302.3754023797085,0.3799761370969399,28.72385933734361,3.6095466892002994,18.993764088196,475.51494532486265,9.36675541153076,2.3615858086185395,0.5014997870061385,Semi-Hard (0.1 <= kappa < 1.0),623.1717524426921,22.64637237662216,0.4837106691178546,0.1518892207384572,0.24191258617133343,0.5250154296428727,0.8091044161041591,1.0,0.9740601716477106,0.43619330600140394
mp-1183714,Co3I,4/mmm,139,I4/mmm,tetragonal,2,"Co,I",4,54.176033051059214,9.308774015285127,1,0,0,Co3I,0.0,-2.0,3.5,1.9781144782480893,0,FM,0.8503313609109399,0.1462816219921385,0.0033870170969217,0.8503313609109399,0.7040497389188014,0.3989705100141671,True,False,832.4665281932892,212.98130026819047,16.233098730863503,8.066604994974412,832.4665281932892,0.0,16.233098730863503,,707.8723958314049,31.155250057225597,739.0276458886304,13.853857227197564,6.025,True,81.07858821631574,8.107858821631574e-05,9.975754375975318e-05,Easy-Axis (Uniaxial),13327.89702912795,13.32789702912795,167.48329683172824,0.8191711116240268,Hard Magnet,59.05440035457927,7.165746134151984,549.7240675089523,0.6908036367950496,94.9378462672379,11.930241846999898,2.522406439562681,104.7704258900054,15.608635121241733,0.491923120753213,0.0146117894537769,Soft / Non-Viable,671.5353946240654,29.9473815684916,0.6645488519677055,0.5283191968848036,0.0006787664279596984,0.1793195356544986,0.7244720029592744,0.20999999999999985,0.8202541998560392,0.43611394088293864
mp-1228933,AlCo4,-3m,166,R-3m,trigonal,2,"Al,Co",5,57.43921278387617,7.594940265658649,1,0,0,AlCo4,0.0,-0.2,0.0,1.613924806452463,0,FM,0.9277862223395806,0.0700248829371597,0.0021888947232596,0.9277862223395806,0.8577613394024208,0.2449784095875908,True,False,848.2093290802484,216.2308326802525,27.237276781141816,2.393153113516405,848.2093290802484,0.0,27.237276781141816,,786.9569291805539,15.141538745839258,802.0984679263931,25.270925779113764,6.42,True,191.02842029109385,0.000191028420291,8.87792943708116e-05,Easy-Axis (Uniaxial),1950.2243648984177,1.9502243648984177,24.507242626567766,0.72126105870204,Soft Magnet,92.30794157447656,7.101557883915852,701.0733023040581,0.8809946944585461,88.66120761470518,11.141496156475592,5.511428325228286,641.8403255345681,59.12850180353615,2.968310844382115,0.017586549191787,Soft / Non-Viable,721.4553338067979,14.96250096696385,0.6888139907792175,0.49263617811788185,0.001599234536913327,0.02557443260309842,0.9570198104486899,0.15733333333333333,0.6974351620171828,0.4342269939492181
mp-1025011,FeNiSn,6/mmm,194,P6_3/mmc,hexagonal,3,"Fe,Ni,Sn",6,83.00260826283419,9.332672528473008,1,0,0,FeNiSn,0.0,-0.2,0.0,3.266435384965553,0,FM,0.9004681515972365,0.0973982902285627,0.0021335581742008,0.9004681515972365,0.8030698613686738,0.3043496275630163,True,False,457.9463216678071,268.64876272531444,63.09152752871833,4.657955607533836,457.9463216678071,0.0,63.09152752871833,,412.3660778029637,26.165930161464477,438.5320079644282,56.813722586387165,2.033333333333333,True,16.19408408155545,1.619408408155545e-05,1.4272345927548555e-05,Easy-Axis (Uniaxial),4383.411760671074,4.383411760671074,55.08357781003937,0.3785715514205606,Soft Magnet,74.08428072437451,4.466837768360215,691.4043315080523,0.8688443074103437,142.38360340866168,17.892451646007554,21.500734721644644,239.5762050325862,19.273986393917752,0.8917822758690532,0.0051920775066748,Soft / Non-Viable,340.7125034915733,25.570401193337496,0.08728278195185864,0.7980508058256943,0.0001355721756870015,0.05845379712221886,0.8750009760101869,0.7422222222222222,0.297261286319209,0.4288239725974888
mp-1245531,Fe2CoN2,4/mmm,139,I4/mmm,tetragonal,3,"Co,Fe,N",10,93.45062451443944,7.0592107485332765,1,0,0,Fe2CoN2,0.0170305585619558,-0.591484720719022,0.5,3.441365239909973,0,FM,0.821007165139953,0.1753527207358078,0.0036401141242392,0.821007165139953,0.6456544444041452,0.4438737245739946,True,False,416.29494365822745,237.7465465321526,0.5356887019462704,4.476243208981643,416.29494365822745,0.0,0.5356887019462704,,341.78113155493776,41.689503779955295,383.4706353348931,0.8997385361263059,1.6800000000000002,True,3616.5734282205385,0.0036165734282205,0.0010930392423032,Easy-Axis (Uniaxial),3778.370935589693,3.778370935589693,47.48041041754272,0.1062091603834494,Soft Magnet,117.4805666211246,15.866009003556826,829.3200786356225,1.0421543466064724,160.41071113101344,20.157804857456945,33.31322392870527,131.40150725554147,8.736165483861804,0.5526957559308685,0.0646876734080434,Soft / Non-Viable,341.1719250693348,40.77686789007289,0.023083502779725113,0.9005358553530288,0.030276903943835563,0.050277954245767094,0.6364300478495103,0.7893333333333333,0.9954549997254005,0.4280773014352764
mp-1224812,GaCo4,-3m,166,R-3m,trigonal,2,"Co,Ga",5,58.11991738953303,8.72715033502059,1,0,0,GaCo4,0.0,-0.2,0.0,1.854519446191876,0,FM,0.92837777695394,0.0695152179407126,0.0021070051053475,0.92837777695394,0.8588625590132273,0.2433254772802306,True,False,877.5371484501762,284.22890155806647,26.24603390220375,23.599002127748776,877.5371484501762,0.0,26.24603390220375,,814.6859870726742,19.758234036858344,834.4442211095325,24.421396267962777,7.6,True,97.39789543000164,9.739789543000166e-05,1.28477956075967e-05,Easy-Axis (Uniaxial),2186.3531808041903,2.1863531808041903,27.474524897614742,1.2764800706112929,Soft Magnet,73.82799990805339,11.832821148511629,644.3080541314682,0.8096613798032621,84.832265434849,10.66033708219789,18.992527354478558,510.5475472175945,21.12951825167937,1.7962548650714618,0.0136639509429102,Soft / Non-Viable,749.1456469170929,17.67291790110036,0.7340183742405968,0.4708684417186972,0.0008153869353945018,0.028765212493345554,0.9587958736426865,0.0,0.7084985504955901,0.42364354272967075
mp-705834,BaFe15O23,-3m,166,R-3m,trigonal,3,"Ba,Fe,O",78,851.7717648822385,5.236342567675663,1,0,0,BaFe15O23,0.0,-2.5,2.5,1.4399942061108075,0,FM,0.8915441954551548,0.1064852069007503,0.0019705976440946,0.8915441954551548,0.7850589885544045,0.3214285436447886,True,False,745.5000732014075,205.5361219758229,12.429163095643103,11.312425059976777,745.5000732014075,0.0,12.429163095643103,,664.6462629741079,21.886556474173368,686.5328194482813,11.146430869678566,0.1,True,16109.192325043408,0.0161091923250434,0.0098252047037628,Easy-Axis (Uniaxial),20742.461166108067,20.74246116610807,260.65745953104647,1.741943424259942,Hard Magnet,72.53427347242052,1.411489490563696,379.8143037990632,0.4772887306173835,34.237993937798095,4.3024732927294735,35.44213324194331,477.4318942449857,0.9416788141537608,2.322861255021371,0.2980990795273486,Semi-Hard (0.1 <= kappa < 1.0),638.2050795661238,20.71487889835282,0.5305032575734341,0.18323736411962088,0.13486148651987914,0.27951163653160876,0.8482079975360763,1.0,0.862710411722485,0.4205982100139952
mp-1225391,Fe3Co3Ge2,3m,160,R3m,trigonal,3,"Co,Fe,Ge",8,93.632015160127,8.683185401009894,0,1,0,Fe3Co3Ge2,0.0,-0.2,0.0,4.233052882992324,0,FM,0.9295632786096072,0.0684691093889208,0.0019676120014719,0.9295632786096072,0.8610941692206865,0.2400727972198847,True,False,1028.6647011476948,235.2292141368725,18.556935699150813,6.96444791803313,1028.6647011476948,0.0,18.556935699150813,,956.208932188823,16.105934794207403,972.3148669830304,17.256435673382633,4.5375,True,394.6493151964103,0.0003946493151964,7.38898487750405e-05,Easy-Axis (Uniaxial),5008.512296406829,5.0085122964068285,62.9388229659328,1.868525552428636,Soft Magnet,28.935087690814346,15.077932757410434,251.2487310138202,0.3157284670307102,19.83159417160118,2.492111670753189,11.438075929544445,513.6120478803775,15.883384636639562,2.1834534871230864,0.0705337327278355,Soft / Non-Viable,900.5067776253462,15.56396275420796,0.9669585651749238,0.10133622854707226,0.003303889619512346,0.06690070442219145,0.9623551829709263,0.4083333333333333,0.7943175584062769,0.4163950153734246
mp-1095124,TaCo3,6/mmm,194,P6_3/mmc,hexagonal,2,"Co,Ta",8,93.38087930637572,12.7232394222921,1,0,0,TaCo3,0.001,-0.1995,0.0,2.703688377237071,0,FM,0.8946767595460362,0.0945191404274196,0.0108041000265441,0.8946767595460362,0.8001576191186166,0.3381141839492226,True,False,584.6354851248027,234.2904367476637,8.011700242549807,8.007402578131476,584.6354851248027,0.0,8.011700242549807,,523.0597813470833,22.1449306917539,545.2047120388372,7.207729094818433,7.5,True,5326.550377405003,0.005326550377405,0.0050205337120004,Easy-Axis (Uniaxial),61099.70695747998,61.09970695747998,767.8015769724769,16.062241495537222,Hard Magnet,62.32079433922475,0.9384664398439106,792.9223873653826,0.9964156588055864,100.16195768937936,12.58672306236669,16.658623542813125,227.75671277206584,3.7805067446256686,0.9721127158824888,0.0821083656206165,Soft / Non-Viable,509.4544599460245,21.29244480463704,0.28255490406481903,0.5580185433401781,0.044592335073380306,0.824854176801054,0.8576131000398833,0.013333333333333308,0.91201427929232,0.41431320029669233
mp-1215420,Zr3TaFe8,3m,160,R3m,trigonal,3,"Fe,Ta,Zr",12,173.98294829554433,8.603006911550038,0,1,0,Zr3TaFe8,0.0,-0.2,0.0,2.3658269006762604,0,FM,0.7912380643423556,0.2060717031400904,0.0026902325175539,0.7912380643423556,0.5851663612022651,0.4794150376719915,False,True,447.7590010237766,272.82173902408687,15.344923731961616,26.88262673857679,447.7590010237766,0.0,15.344923731961616,,354.2839652619198,56.22084041433485,410.50480567625465,13.345581299243603,0.5916666666666667,True,92.23883051212252,9.223883051212251e-05,2.7178546797235548e-05,Easy-Axis (Uniaxial),56522.859296996,56.522859296996,710.2872119080438,1.7776271472978722,Hard Magnet,74.20558262312163,2.9799463883943105,638.3911401823127,0.8022259664454261,101.1188481474556,12.706969466038014,17.112863210706383,343.21871595083246,27.895551331417096,1.2580328722284495,0.0134203892009096,Soft / Non-Viable,337.04423816543414,49.559405426943286,0.0715805729663184,0.5634585156029822,0.0007721967400179087,0.7630077925731141,0.5470523252156558,0.9344444444444444,0.8301672345506113,0.4114989836567984
mp-1225226,Fe4Mo,4/mmm,139,I4/mmm,tetragonal,2,"Fe,Mo",5,62.641065178715074,8.464787978536908,1,0,0,Fe4Mo,0.0,-0.2,0.0,2.32781669409765,0,FM,0.8912266204268116,0.1064521870389217,0.0023211925342667,0.8912266204268116,0.7847744333878899,0.3232891087832946,True,False,583.2537853294245,180.1469352139775,18.130924503548613,14.586755996670206,583.2537853294245,0.0,18.130924503548613,,519.8112999502881,19.177035241886845,538.988335192175,16.23319965523018,0.1,True,48.071342917114826,4.807134291711482e-05,1.872206795306937e-05,Easy-Axis (Uniaxial),8786.490213517207,8.786490213517206,110.4142945675102,4.507812413877613,Soft Magnet,120.27995605038232,1.2723470168603157,1018.1443260342238,1.2794378939852995,84.40302542812374,10.606397191079804,4.511962343524269,135.0982884524014,2.238931898714654,0.7499338708811916,0.0060747561587269,Soft / Non-Viable,490.1862031440045,17.87345649811158,0.2804252234843792,0.468428189847688,0.00040243934233316706,0.11795205924084257,0.8472545212120285,1.0,0.799072323815686,0.4072157867720383
mp-1226072,Co4H,-3m,164,P-3m1,trigonal,2,"Co,H",5,44.41484422082324,8.851032164150721,1,0,0,Co4H,0.0,-0.2,0.0,1.8808443348820283,0,FM,0.9191348373046536,0.0786022564485818,0.0022629062467645,0.9191348373046536,0.840532580856072,0.2650623268594921,True,False,705.0998403812634,235.37837392059976,37.368788198361074,22.249795901107547,705.0998403812634,0.0,37.368788198361074,,648.08182707237,18.50127130935717,666.5830983817272,34.39145123104408,6.42,True,117.61001393836187,0.0001176100139383,3.858639639291523e-06,Easy-Axis (Uniaxial),6111.074341665231,6.111074341665232,76.7940265211401,2.338077275198416,Soft Magnet,83.43873662786558,6.580452636793531,738.5189416293391,0.9280502726238564,101.23211963360492,12.721203581064453,7.122981098594285,347.8496660883479,37.57239193366832,1.4778318852932857,0.0130995259660279,Soft / Non-Viable,576.2967853665116,16.649078334892607,0.46823242886656424,0.5641024699214919,0.0009845969300822854,0.08179949086748552,0.9310451900761192,0.15733333333333333,0.5843560680193547,0.4034543391602948
mp-1221561,MnZn3(CrSe2)8,3m,160,R3m,trigonal,4,"Cr,Mn,Se,Zn",28,600.3912768669758,5.339285521702115,0,1,0,MnZn3(CrSe2)8,0.0,-1.2,1.2,3.337053451063822,0,FM,0.8001581108394499,0.1952273360224637,0.0046145531380863,0.8001581108394499,0.6049307748169861,0.4752660215125535,True,False,988.8508227393744,71.3237068643254,3.2951628868617604,2.247885740846037,988.8508227393744,0.0,3.2951628868617604,,791.2370062251734,13.924337286369362,805.1613435115428,2.6729231851702417,0.7928571428571428,True,12.501621683916488,1.2501621683916489e-05,5.142428007831503e-06,Easy-Axis (Uniaxial),11109.920583803372,11.109920583803373,139.61138226439434,0.694051826152607,Hard Magnet,30.88693495954843,8.399312832820318,164.91416463927183,0.2072372512414536,8.544089542655806,1.0736819784112015,11.025164857017936,137.3269229463179,4.058798804589301,1.9254036138018773,0.0191258297245775,Soft / Non-Viable,782.6405789270652,13.76957512842588,0.9055915128225798,0.03716617482829577,0.00010465995129880542,0.14934829046091072,0.573833565506351,0.9076190476190475,0.9646561556151027,0.40064352000545944
mp-1224713,Fe2NiP,-4,82,I-4,tetragonal,3,"Fe,Ni,P",16,179.73758383260264,7.441102237565599,0,0,0,Fe2NiP,0.0062013119029638,-0.5968993440485181,0.5,2.60438578314796,0,FM,0.898690220061462,0.0991416193478556,0.0021681605906823,0.898690220061462,0.7995486007136064,0.3080533725747574,True,False,627.7214816172375,224.56161456208,41.06722667781503,33.522583184555614,627.7214816172375,0.0,41.06722667781503,,564.1271564519021,22.263402111053605,586.3905585629557,37.056054176113946,1.075,True,1330.329521351277,0.0013303295213512,0.0005999860181659,Easy-Axis (Uniaxial),3715.046835644827,3.7150468356448263,46.68465629335573,1.0968145355107637,Soft Magnet,83.95876035081768,3.935942239450228,624.7457195097033,0.7850786251093415,79.52941251629629,9.993960918372537,26.11033296136901,266.7368901436985,49.7755168706861,1.187811597560273,0.0520800500696876,Soft / Non-Viable,496.2017271024383,19.06745104259024,0.3489654299444477,0.440721445741067,0.011137132960526546,0.04942226340643849,0.8696629756202237,0.87,0.5430773233936941,0.40003688505517726
mp-1201385,Ba3Fe26O41,6/mmm,194,P6_3/mmc,hexagonal,3,"Ba,Fe,O",140,1661.195118115374,5.037862430934868,1,0,0,Ba3Fe26O41,0.0,-2.5,2.5,1.3854121685070888,0,FM,0.8880175520763619,0.1098271593691279,0.0021552885545101,0.8880175520763619,0.778190392707234,0.3288592905093235,True,False,715.619542042685,207.1478367450092,0.6510337101341861,1.5240226835073116,715.619542042685,0.0,0.6510337101341861,,635.4827139427523,22.75045847916422,658.2331724219165,0.6018715111007388,0.1,True,15190.230767488718,0.0151902307674887,0.0067974285487224,Easy-Axis (Uniaxial),13851.06377680843,13.85106377680843,174.05760420390885,2.184173844512165,Hard Magnet,68.81131367603423,4.574993820586627,346.6619319917675,0.4356282315298325,31.93944914213904,4.01362962935854,31.39485674863441,467.53410253561935,0.8635272416311466,2.257006927429975,0.3171546627821505,Semi-Hard (0.1 <= kappa < 1.0),634.1066313000989,22.57840844601809,0.4844469527561179,0.17017001683063582,0.1271682068565788,0.18638902410867783,0.8376197249550075,1.0,0.994167619344928,0.39363884917307557
mp-1216400,VCo4,-3m,166,R-3m,trigonal,2,"Co,V",5,56.47298023696778,8.429408896024487,1,0,0,VCo4,0.0,-0.2,0.0,1.7912493904052034,0,FM,0.9239264422443628,0.073337052996778,0.0027365047588589,0.9239264422443628,0.8505893892475849,0.2556488010157696,True,False,807.8836619197612,299.84649308110613,21.07581615642647,1.059728357691483,807.8836619197612,0.0,21.07581615642647,,746.4250775048727,21.98985815398712,768.4149356588598,19.472658928339456,7.2,True,603.0871565523964,0.0006030871565523,0.0006425909034859,Easy-Axis (Uniaxial),6250.4458817531895,6.25044588175319,78.54542098100366,0.6758165403911529,Soft Magnet,104.88822720235602,21.351097945694804,884.1457554677775,1.1110503240320668,76.70116622412179,9.638553000506525,2.440052900352993,252.1098969292711,15.306107342147058,0.8407965500569564,0.0247777143301374,Soft / Non-Viable,697.4288064796679,21.873955897191383,0.6266580937223848,0.4246427177613359,0.005048870780892557,0.08368280149045873,0.9454313396674061,0.05333333333333323,0.7662040116442932,0.3930594168252507
mp-1225995,CoRe,-6m2,187,P-6m2,hexagonal,2,"Co,Re",2,25.89047004149309,15.722575546438089,0,0,0,CoRe,0.0,-0.2,0.0,3.341047303618094,0,FM,0.6998628308514429,0.2835865787022427,0.0165505904463144,0.6998628308514429,0.4162762521492001,0.6144357919857811,False,True,711.8258229392666,211.63813940390008,26.61110440076908,29.992318534886596,711.8258229392666,0.0,26.61110440076908,,498.180435515433,60.01773587646032,558.1981713918933,20.474376781890346,4.05,True,273.7884324106688,0.0002737884324106,0.0003106846697539,Easy-Axis (Uniaxial),25102.333963762547,25.102333963762547,315.44523800219514,10.323690230972565,Hard Magnet,110.7163851826185,19.669375845750476,1740.746730262258,2.187486855820945,98.3345875726066,12.357088956535888,4.368061249445921,211.40132923536052,29.310831688787047,0.9988810609977647,0.0084794371887135,Soft / Non-Viable,457.5904757703577,52.19107860539828,0.47859951040343035,0.5476298487250112,0.0022920773581826055,0.3384260659011389,0.27271047222916533,0.4733333333333334,0.7044239519956129,0.39272963096845204
mp-1225284,Fe3SnSb,3m,156,P3m1,trigonal,3,"Fe,Sb,Sn",5,82.88221856263685,8.174349752748098,0,1,0,Fe3SnSb,0.0,-0.6,0.5,2.247946182005727,0,FM,0.8937317212342661,0.1039521984132233,0.0023160803525105,0.8937317212342661,0.7897795228210428,0.3183958773305573,True,False,442.74837266166793,263.86379480141744,17.227597022120563,5.178686621088616,442.74837266166793,0.0,17.227597022120563,,395.6982651725828,27.429221551263005,423.1274867238458,15.406258259255774,1.06,True,45.682975212847786,4.5682975212847787e-05,3.447845086962352e-05,Easy-Axis (Uniaxial),17648.489841632636,17.648489841632635,221.7774684421688,19.069425846050496,Hard Magnet,70.66601256061173,9.21776974930156,577.6487023025305,0.7258947678037229,104.82804265750433,13.173080604033316,7.334718694335409,168.5900582103175,16.373026305041307,0.6389283468662212,0.0104377876283864,Soft / Non-Viable,374.2091818811625,26.73691113143502,0.06385744964077465,0.584545480241105,0.00038244462053368944,0.23770317937542246,0.8547757495709513,0.872,0.8091544773046134,0.38783326607024254
mp-774295,Fe23O32,-3m,166,R-3m,trigonal,2,"Fe,O",55,576.5993794245261,5.173468315041151,1,0,0,Fe23O32,0.0,-2.5,2.5,1.4227037866363166,0,FM,0.8592902699618662,0.1383653453458193,0.0023443846923144,0.8592902699618662,0.7209249246160468,0.3806383813608781,True,False,793.0901069903769,225.87607226073183,0.4565594847085208,13.685317476878396,793.0901069903769,0.0,0.4565594847085208,,681.4946121398463,31.25342074371341,712.7480328835596,1.9337874759523777,0.1,True,1566.779999425123,0.0015667799994251,0.0001729117197381,Easy-Axis (Uniaxial),2550.4978188966816,2.5504978188966816,32.050501466013955,0.1459705819571877,Soft Magnet,62.544306565566345,1.4977468154595464,323.5709883031777,0.4066112959072208,32.89190471798382,4.133318729281519,19.395935828382623,389.75220249562847,102.913187818397,1.7255134578652147,0.1091263180046926,Semi-Hard (0.1 <= kappa < 1.0),680.4590453694491,29.251818620710942,0.6038560735193221,0.17558477655618007,0.013116627792915442,0.03368585457554911,0.7513699228427076,1.0,0.9963381710337598,0.3841125232574476
mp-698680,Fe21Ni9O40,-4,82,I-4,tetragonal,3,"Fe,Ni,O",70,780.5162111130676,4.980368300227854,0,0,0,Fe21Ni9O40,0.0,-2.5,2.5,1.743128905079749,0,FM,0.876690545564014,0.1208883261179195,0.0024211283180665,0.876690545564014,0.7558022194460945,0.3507886797678665,True,False,825.8685093218464,203.23083075593092,7.643616882864023,16.07732185117689,825.8685093218464,0.0,7.643616882864023,,724.0311140015085,24.56823494563869,748.5993489471472,6.977248016355066,0.6014285714285714,True,1977.7575162692372,0.0019777575162692,0.0001130239089648,Easy-Axis (Uniaxial),2411.7237501528266,2.411723750152827,30.30661505263772,0.4955545422619334,Soft Magnet,57.57995552931729,5.950563915540659,286.76938524674136,0.3603650375862495,25.83541507325691,3.246574070934513,9.46973169161078,381.30011248644985,7.130436386156219,1.8761922640781328,0.1383403291043656,Semi-Hard (0.1 <= kappa < 1.0),706.0420638701419,22.740225337076367,0.6543790070369248,0.13546826414236202,0.016557212381484793,0.031810617509979086,0.8036119108387613,0.9331428571428572,0.9161225047203845,0.3835753514083223
mp-757565,Fe41O56,3,146,R3,trigonal,2,"Fe,O",97,1083.478033687803,4.882269897149725,0,1,1,Fe41O56,0.0,-2.5,2.5,1.3426242217161746,0,FM,0.8706766887613634,0.1270392617215899,0.0022840495170466,0.8706766887613634,0.7436374270397734,0.3609838923740028,True,False,794.8428010175958,228.2040459246178,2.729823578581602,10.473639056883483,794.8428010175958,0.0,2.729823578581602,,692.0510980758075,28.990873516143257,721.0419715919508,2.723884623276708,0.1,True,1321.0304095980748,0.001321030409598,8.540564189961613e-05,Easy-Axis (Uniaxial),3843.44642079113,3.84344642079113,48.298173098379856,0.4858515159307639,Soft Magnet,61.2987304693006,2.238023622015966,299.276946503761,0.3760825026100004,28.138205753653413,3.535951287927778,15.099176575591104,398.1399542043934,92.34492237101271,1.744666500505036,0.1083373507705948,Semi-Hard (0.1 <= kappa < 1.0),685.8106246966782,27.54822280457465,0.6065575854148201,0.14855974950797626,0.01105928349364785,0.051157311340462724,0.7855561143630273,1.0,0.9709659798998613,0.38153755630049413
mp-773699,LiMg(Fe5O8)2,3m,160,R3m,trigonal,4,"Fe,Li,Mg,O",28,296.59432073828606,4.73473431237226,0,1,0,LiMg(Fe5O8)2,0.0,-2.5,2.5,1.3020519359023717,0,FM,0.8976209441895788,0.1003058666744541,0.002073189135967,0.8976209441895788,0.7973150775151248,0.3098597410683352,True,False,792.1452064281289,367.0867693574537,27.654255737185167,16.924892053560455,792.1452064281289,0.0,27.654255737185167,,711.0461281292659,36.82095654512485,747.8670846743908,24.88102373615332,0.3107142857142857,True,258.4801528549544,0.0002584801528549,0.0002901141392614,Easy-Axis (Uniaxial),6043.099992166386,6.043099992166386,75.9398356364733,1.3315417172704629,Soft Magnet,56.66978668043588,2.8988359268872834,268.3163834706762,0.3371763116597033,22.6174821341283,2.842196683826251,16.463355205345827,543.1134889499256,18.10721832492021,1.4795234649850983,0.053451694466508,Soft / Non-Viable,651.0333215689436,33.94811558650766,0.6023996526784148,0.11717414720904326,0.0021639208811049743,0.08088096177309452,0.8664526185810226,0.9719047619047619,0.6927812065880447,0.3780005796903704
mp-530048,Fe21O32,32,155,R32,trigonal,2,"Fe,O",53,570.0575742870437,4.907492045547028,0,0,1,Fe21O32,0.0,-2.5,2.5,1.3495603125254327,0,FM,0.8482816072115051,0.1494030229363359,0.0023153698521587,0.8482816072115051,0.6988785842751692,0.3983751324986889,True,False,773.2429279834894,213.14585116372396,24.742432000337203,13.12303125868037,773.2429279834894,0.0,24.742432000337203,,655.9277537147645,31.844634490198697,687.7723882049632,21.079925600321904,0.1,True,4348.767818899134,0.0043487678188991,0.001433484519746,Easy-Axis (Uniaxial),6040.919051712483,6.040919051712484,75.9124291299093,2.1831180584951837,Soft Magnet,63.606054507659785,1.441775418665749,312.14620654497105,0.3922544917310413,30.61018789851757,3.8465897318069504,8.00083380719784,395.1484188433213,83.8833016769592,1.8538874516482875,0.1884604037601513,Semi-Hard (0.1 <= kappa < 1.0),605.9519998736262,29.883804018859824,0.5732646586194498,0.16261309719130831,0.03640662304805931,0.08085149099073598,0.7183178930699163,1.0,0.7252804435216896,0.377478025675529
mp-1184721,HfCo3,6/mmm,194,P6_3/mmc,hexagonal,2,"Co,Hf",8,104.4977681616331,11.291575830793375,1,0,0,HfCo3,0.0,-0.2,0.0,2.399459864043592,0,FM,0.9220184550703376,0.0755678963062725,0.00241364862339,0.9220184550703376,0.846450558764065,0.2590320988487878,True,False,484.90162441876726,230.24563573374405,15.926940715580969,5.173894200173223,484.90162441876726,0.0,15.926940715580969,,447.08824660768886,17.399178326099364,464.48742493378825,14.690137195252772,6.025,True,5528.754143097146,0.0055287541430971,0.0098816179729785,Easy-Axis (Uniaxial),67932.3072756716,67.9323072756716,853.6625664986785,19.539634358147428,Hard Magnet,61.257064013027104,1.101921672538296,691.6887834748595,0.8692017602940318,79.12052567271832,9.942578681216972,7.915523432002241,274.7183610103811,33.801966159987714,1.193153390877147,0.0958954438790125,Soft / Non-Viable,424.5490228801236,16.960421201660534,0.12883029104220028,0.4383969026662394,0.04628512636116949,0.9171822715731968,0.9397028647098173,0.20999999999999985,0.8236712685995519,0.3773579261428987
mp-773010,LiFe23O32,-3m,166,R-3m,trigonal,3,"Fe,Li,O",56,629.8148560729422,4.754642404395326,1,0,0,LiFe23O32,0.0,-2.5,2.5,1.3075266612087146,0,FM,0.8614629733444268,0.1363074671884718,0.0022295594671014,0.8614629733444268,0.7251555061559549,0.3765814115285008,True,False,787.7068305189412,328.7429664820229,4.521190703454806,2.405914469814803,787.7068305189412,0.0,4.521190703454806,,678.5802683425616,44.810121117189226,723.3903894597508,3.9086203952737857,0.2053571428571428,True,424.93892019333646,0.0004249389201933,0.0004390907954799,Easy-Axis (Uniaxial),5404.54500823209,5.40454500823209,67.91551689482073,0.0887184494000611,Soft Magnet,62.95616146761112,2.880228107084441,299.3340349318629,0.3761542420445324,28.14894175698162,3.53730041392138,22.141165176673205,452.42063039293095,17.291500511380832,1.3762138707769775,0.0614330705950238,Soft / Non-Viable,668.5054660153702,44.27748194470063,0.5955585696775287,0.148620784247978,0.0035574654086368875,0.07225224615556611,0.7578931726248378,0.9859523809523809,0.9509723024359165,0.37561927747834956
mp-760104,InFe29O40,-4,82,I-4,tetragonal,3,"Fe,In,O",70,801.3418033294275,4.920018192507669,0,0,0,InFe29O40,0.0,-2.5,2.5,1.353005002939609,0,FM,0.8672791674125322,0.1304096417934355,0.0023111907940322,0.8672791674125322,0.7368695256190967,0.3669891179934839,True,False,739.7166708864256,234.4431881872749,2.945043539754977,11.104552691766798,739.7166708864256,0.0,2.945043539754977,,641.5408584475493,30.57365219241351,672.1145106399629,2.9361405051433684,0.1985714285714285,True,852.2332008311038,0.0008522332008311,7.704644693842725e-05,Easy-Axis (Uniaxial),4697.250938338794,4.697250938338795,59.02739730653405,1.583955136562664,Soft Magnet,69.99044083895653,3.504043557076514,344.3542422292979,0.4327283030480169,37.252956721817455,4.681344697414664,4.678846962516291,389.2184577297117,12.061429038515996,1.660182412375322,0.0756256037801443,Soft / Non-Viable,635.3041967131848,28.96541244854536,0.5215890204574642,0.20037758511359544,0.007134649211866505,0.06269466765313053,0.7753555133162217,0.9868571428571429,0.9685638824025056,0.3740714604128742
mp-1220766,Nb2FeCo3,6/mmm,194,P6_3/mmc,hexagonal,3,"Co,Fe,Nb",12,153.37879471717184,9.06076712012707,1,0,0,Nb2FeCo3,0.0,-0.2,0.0,4.4171239710619465,0,FM,0.9083383403262416,0.0874134358453954,0.0042482238283629,0.9083383403262416,0.820924904480846,0.2945193815715208,True,False,708.0031150510291,226.23545697934583,17.51493320267764,3.1203184207068237,708.0031150510291,0.0,17.51493320267764,,643.1063744712608,19.77601860461778,662.8823930758786,15.911823311393134,5.683333333333334,True,30.341748317830323,3.034174831783032e-05,8.771992354129978e-05,Easy-Axis (Uniaxial),2407.5957524897467,2.4075957524897467,30.254741103100496,0.1563552009023739,Soft Magnet,73.22972276459997,2.376460055922749,663.5174642415082,0.8338006364758601,82.4652425760304,10.36288821145362,3.2805386167903943,208.60534739094925,28.807486769235325,0.9220718545899456,0.0074056470600157,Soft / Non-Viable,607.6309872903679,19.472220955913723,0.4727073862375977,0.4574117930618759,0.0002540123178859382,0.03175483638102277,0.8986301595075225,0.2555555555555554,0.8059474814643908,0.37403254147005516
mp-1224932,Ga2Fe6C,4/mmm,123,P4/mmm,tetragonal,3,"C,Fe,Ga",9,101.61602344585744,7.950484244772475,1,0,0,Ga2Fe6C,0.0,-0.2,0.0,2.1863831673124308,0,FM,0.9169277948499042,0.0809889531872804,0.0020832519628154,0.9169277948499042,0.8359388416626238,0.2693804713489307,True,False,580.9547109692539,259.54583287459684,9.140560407731812,33.115669816064525,580.9547109692539,0.0,9.140560407731812,,532.6935220367014,21.020345308634436,553.7138673453359,8.799899094356183,1.411111111111111,True,1019.2758897889393,0.0010192758897889,0.000935775430825,Easy-Axis (Uniaxial),600.8508628401656,0.6008508628401656,7.550514773090494,0.030687122056614,Soft Magnet,61.70906820926765,1.2297342895688177,490.6169745573724,0.6165274731983567,75.61971090801983,9.502653314816344,33.0637290711375,423.4359376929639,52.66940407242316,1.631449570980216,0.0580494853389765,Soft / Non-Viable,516.943025529346,18.034261982663057,0.27688154921141417,0.41849458777069476,0.00853308216186023,0.0073405130440474245,0.924418841846694,0.8251851851851852,0.8994149266910816,0.3717431799659337
mp-1217934,TaTiFe4,-3m,164,P-3m1,trigonal,3,"Fe,Ta,Ti",12,150.8544081708306,9.955125264291528,1,0,0,TaTiFe4,0.0,-0.2,0.0,2.7376594476801706,0,FM,0.7237192881230456,0.2727216291063171,0.0035590827706373,0.7237192881230456,0.4509976590167285,0.5538178304743615,False,True,401.3187677188433,257.44506787809354,35.70650845318454,25.00145355327618,401.3187677188433,0.0,35.70650845318454,,290.4421328838992,70.21083831710006,360.6529712009993,26.72589816194448,1.0833333333333333,True,92.31868429950124,9.231868429950122e-05,0.0001024750999632,Easy-Axis (Uniaxial),49568.28911471189,49.568289114711895,622.8935038360969,12.59380021344164,Hard Magnet,77.72535988175912,4.271492069685827,773.7656938350514,0.9723426477408026,106.56498905495408,13.391351729949957,27.88290379541855,343.72890786810785,30.65602570543095,1.335154371770182,0.0110772102923147,Soft / Non-Viable,259.55004645768054,62.40923088123555,0.0,0.5944201112862308,0.0007728652527684451,0.6690315339033565,0.3443362776421324,0.8688888888888888,0.6029089847377858,0.3666676332172223
mp-985475,Fe3Mo,6/mmm,194,P6_3/mmc,hexagonal,2,"Fe,Mo",8,93.6171260805054,9.346805429755724,1,0,0,Fe3Mo,0.0,-0.2,0.0,2.5703714931828245,0,FM,0.882741244461961,0.1142245072962958,0.0030342482417431,0.882741244461961,0.7685167371656652,0.3418043867367979,True,False,490.92078372606,198.30865484696784,4.544007708774672,9.792886265794904,490.92078372606,0.0,4.544007708774672,,433.3560235585834,22.65170839248609,456.0077319510695,4.164231916670494,0.1,True,2.4272882487926712,2.4272882487926714e-06,4.588495611395582e-06,Easy-Axis (Uniaxial),6082.105494135073,6.082105494135073,76.42999323973321,2.0302377378642817,Soft Magnet,101.90466854166924,3.58224900445466,952.4831092427316,1.196925575466132,83.9733754149558,10.552405777031588,9.953045498254562,142.76152367329473,5.145247605412507,0.7198955778478852,0.0014591450351629,Soft / Non-Viable,426.89005127921024,21.59435316961867,0.13810791178890297,0.4659856070686247,2.032055331138596e-05,0.08140803836395137,0.8217783207521342,1.0,0.9507176389229357,0.3646443440624184
mp-1224826,GaFe2,-3m,164,P-3m1,trigonal,2,"Fe,Ga",3,38.640023071419535,7.796148919300244,1,0,0,GaFe2,0.0085512596989312,-0.1957243701505344,0.0,2.1439409528075672,0,FM,0.896700011472107,0.1012309694072841,0.0020690191206087,0.896700011472107,0.7954690420648229,0.3116777983295533,True,False,740.3866799715644,258.3911360929336,9.59948729469636,25.00384240040249,740.3866799715644,0.0,9.59948729469636,,663.904744424297,26.157185192937146,690.0619296172341,8.972293311826704,2.066666666666667,True,12.4732335026364,1.24732335026364e-05,7.311848622822468e-06,Easy-Axis (Uniaxial),8199.70706730315,8.19970706730315,103.04055993867549,4.905920885697649,Soft Magnet,69.44862991340122,4.263877782696895,541.4318610462454,0.6803833428329338,38.70154545793537,4.8633797302094885,2.468712742990768,335.9348185192657,44.38761005966626,1.3001019446674926,0.0058188985513571,Soft / Non-Viable,643.3196161520292,23.250434227153765,0.5226217377974475,0.20861288778401268,0.00010442229367762991,0.11002293015215524,0.8636876419179289,0.7377777777777778,0.8942927850428971,0.36440379911340354
mp-1225160,Fe21HO32,3m,160,R3m,trigonal,3,"Fe,H,O",54,620.7742905808578,4.509250427312953,0,1,0,Fe21HO32,0.0649523990071699,-2.467523800496415,2.5,1.240043867511062,0,FM,0.8476273291412305,0.1500567969672059,0.0023158738915634,0.8476273291412305,0.6975705321740245,0.3994097250447058,True,False,753.2778648230048,329.4425611796375,16.56656152896926,6.1233370304100845,753.2778648230048,0.0,16.56656152896926,,638.4989046611324,49.4350955152892,687.9340001764216,14.072300362949646,0.1,True,2425.4838732404523,0.0024254838732404,0.0020261184109288,Easy-Axis (Uniaxial),7553.482328477297,7.553482328477298,94.91986021266192,0.3771844464595315,Soft Magnet,63.3140610311105,0.0412129339277242,285.4989567594534,0.3587685700652195,25.607013117925256,3.217872234179505,17.114277297451952,394.51876008496527,50.7124981480639,1.1975342793363095,0.1538826788456787,Semi-Hard (0.1 <= kappa < 1.0),605.0849795164195,47.966519684276086,0.542491543184123,0.1341697870896465,0.020305447602526727,0.10129057407220707,0.7163535111328193,1.0,0.8165323789411763,0.36068404758380634
mp-1217941,TaFe4Si,-3m,164,P-3m1,trigonal,3,"Fe,Si,Ta",12,149.16525656711443,9.62743373274299,1,0,0,TaFe4Si,0.0,-0.2,0.0,2.6475442765043224,0,FM,0.8865398485267884,0.1105880546261562,0.0028720968470553,0.8865398485267884,0.7759517939006321,0.3341337662111825,True,False,451.7694785911413,208.72208071895267,0.786144060313859,31.80403030484869,451.7694785911413,0.0,0.786144060313859,,400.5116451192165,23.08216886423254,423.593813983449,3.585533632493093,1.0833333333333333,True,51.81525507762774,5.181525507762774e-05,0.0001673259061297,Easy-Axis (Uniaxial),23476.7339543832,23.4767339543832,295.01734541677683,0.8403909840182924,Hard Magnet,66.63437804240982,0.4820253755717445,641.5180589258451,0.8061553684266476,83.51017419252693,10.49419819360014,17.08841903903997,363.8625615836708,45.83028826831597,1.7432873432955904,0.0100095603369618,Soft / Non-Viable,399.4648553746933,19.91524378059938,0.07776211560103288,0.4633522839114726,0.00043378228921584167,0.3164595312381987,0.8331831187274017,0.8688888888888888,0.9926596354559615,0.3603644353025313
mp-1101695,NaFe12O19,6/mmm,194,P6_3/mmc,hexagonal,3,"Fe,Na,O",64,721.4614596191112,4.5899998855139925,1,0,0,NaFe12O19,0.0023082201164582,-2.4988458899417707,2.5,1.262249968516348,0,FM,0.866965148589252,0.130911266058145,0.002123585352603,0.866965148589252,0.7360538825311069,0.3668339391153478,True,False,713.7544933205722,367.3090701437988,13.17055162054436,12.781442557179048,713.7544933205722,0.0,13.17055162054436,,618.8002703579161,48.08489540716469,666.8851657650808,11.540354605511013,0.1,True,1396.0002890078351,0.0013960002890078,0.0016891773129726,Easy-Axis (Uniaxial),8446.211820873232,8.446211820873232,106.13823009041668,0.0835573086263319,Soft Magnet,66.86062920874284,5.944043700169654,306.8902804135231,0.3856497001620943,29.58803615603406,3.718142353110002,27.1060900304497,442.7723153422945,11.325102376036057,1.205448902116554,0.1086062173923602,Semi-Hard (0.1 <= kappa < 1.0),592.7763007944219,45.19651227972404,0.4815722631467367,0.15680211111598866,0.011686909582989636,0.11335391882257492,0.7744127140197373,1.0,0.8544356796273569,0.3579633988431604
mp-1225019,Fe5NiO8,-3m,166,R-3m,trigonal,3,"Fe,Ni,O",14,155.23165785950303,4.983955890243702,1,0,0,Fe5NiO8,0.0,-2.5,2.5,1.7443845615852958,0,FM,0.8552587800609333,0.1426915337106494,0.0020496862284173,0.8552587800609333,0.7125672463502838,0.3861588356975035,True,False,774.2558706464893,211.20581185603092,17.250917298682282,11.36673554146354,774.2558706464893,0.0,17.250917298682282,,662.1891313841321,30.13728122233992,692.326412606472,14.842882154672084,0.3785714285714285,True,1604.398084699939,0.0016043980846999,0.0003907746654985,Easy-Axis (Uniaxial),1158.9723498932842,1.1589723498932842,14.564076363489368,0.4263054418629889,Soft Magnet,56.063364945180126,1.804708828953597,279.4173379454128,0.3511261824699701,24.52768579717358,3.082239960276895,13.907888763385271,384.5444237107977,16.528860074393776,1.8207094792113176,0.1278785739868871,Semi-Hard (0.1 <= kappa < 1.0),626.1817652309898,28.51657915341928,0.5748259560342036,0.12803375486378424,0.013431555493685656,0.014882340628168131,0.7392659164564667,0.9628571428571429,0.8088941967169712,0.3558318887859168
mp-985280,Co3Bi,4/mmm,139,I4/mmm,tetragonal,2,"Bi,Co",4,56.13702724696654,11.411411834859628,1,0,0,Co3Bi,0.0,-0.6,0.5,2.4249250149076707,0,FM,0.8741298839550504,0.1226558114324886,0.0032143046124608,0.8741298839550504,0.7514740725225617,0.3581078591357508,True,False,546.753120217929,467.4221657104728,20.64455396588869,22.65966602397737,546.753120217929,0.0,20.64455396588869,,477.93324152816,57.33204501674923,535.2652865449093,18.258795785321045,6.75,True,399.2518462482451,0.0003992518462482,0.0006854815499697,Easy-Axis (Uniaxial),38127.248582232605,38.1272485822326,479.1211454979984,4.36238966717,Hard Magnet,77.37127997110622,2.3168621754349488,882.9155399405192,1.1095043896069603,93.5390464811138,11.754463478307844,9.02035952764526,125.80919340944158,52.38841148155043,0.2691553859415588,0.0201882825215639,Soft / Non-Viable,447.16172685627856,51.49746789845212,0.22416498669407411,0.5203669469971521,0.0033424206747555496,0.5144301485768618,0.7959238686435607,0.11333333333333329,0.7710173840793918,0.35502142892925304
mp-1220480,NbAlCo4,-3m,164,P-3m1,trigonal,3,"Al,Co,Nb",12,148.24025049958462,7.967094790406853,1,0,0,NbAlCo4,0.0,-0.2,0.0,1.6930076429614562,0,FM,0.9228865287202872,0.0747721123454751,0.0023413589342375,0.9228865287202872,0.8481144163748122,0.2568236943860319,True,False,726.5909641614317,176.84405909604888,34.51137950290365,18.32199041598304,726.5909641614317,0.0,34.51137950290365,,670.5610127144704,13.223003854359613,683.78401656883,31.879537091460534,6.183333333333333,True,385.4407212663988,0.0003854407212663,3.88774707738101e-05,Easy-Axis (Uniaxial),1269.3018264901746,1.2693018264901743,15.95051748302848,0.0562438864157921,Soft Magnet,65.73716921449359,12.378219914102786,523.7342583848856,0.658143879430102,68.5270823809064,8.611367310484539,8.215868896783393,341.67646960312834,51.437862592154005,1.9320777375820943,0.0334397392912653,Soft / Non-Viable,601.3795528070965,12.113304600388595,0.5013577351882078,0.37817262392183304,0.0032267979415987,0.01637320938925712,0.9423091391296752,0.18888888888888888,0.6162479717203846,0.3540323644056238
mp-1228949,Al2CrFeCo4,-3m,166,R-3m,trigonal,4,"Al,Co,Cr,Fe",8,92.49298329164488,7.1370348893245,1,0,0,Al2CrFeCo4,0.0,-0.2,0.0,5.263563230876819,0,FM,0.9249640859350776,0.0729512912658147,0.0020846227991076,0.9249640859350776,0.8520127946692628,0.2512260886186771,True,False,798.735057761854,191.5353039398292,41.26662719697555,0.929850718951613,798.735057761854,0.0,41.26662719697555,,738.8012426069947,13.972747745400842,752.7739903523956,38.17020838001659,4.2875,True,385.4152067482446,0.0003854152067482,0.0002666328386196,Easy-Axis (Uniaxial),821.0486006146275,0.8210486006146275,10.317601208163913,0.1512702616312254,Soft Magnet,51.44071886197203,3.761029656934905,367.1342052498273,0.4613544488377538,37.08749004887886,4.660551541646004,2.832699071484253,390.07918280596425,19.99028996244513,2.0365915566589625,0.047701786261965,Soft / Non-Viable,649.4639531634305,13.908085528760052,0.6125569085891166,0.19943689843038395,0.003226584341452313,0.010316018218515577,0.9485467253356545,0.44166666666666665,0.5408517887107794,0.35350722534969586
mp-1215395,Zr3TiFe8,3m,160,R3m,trigonal,3,"Fe,Ti,Zr",12,171.27315887851714,7.44886422639683,0,1,0,Zr3TiFe8,0.0,-0.2,0.0,2.0484376622591283,0,FM,0.8630603444417605,0.1344175527399041,0.0025221028183354,0.8630603444417605,0.7286427917018564,0.3749658390869772,True,False,478.8186177888567,283.4145464312686,0.7089623561433314,17.746472126946543,478.8186177888567,0.0,0.7089623561433314,,413.2493611939783,38.09588974218105,451.34525093615935,2.462662215960056,0.1,True,8.711984511170424,8.711984511170425e-06,1.3203678726714496e-05,Easy-Axis (Uniaxial),4706.771210183266,4.706771210183266,59.14703257320527,1.5220775389868944,Soft Magnet,82.23279080739995,6.665925338629293,612.5408936820155,0.7697415886458986,84.33724768830216,10.598131316351497,0.273916422664411,342.1212987212019,40.71545410061816,1.2071409284709047,0.0042985158006912,Soft / Non-Viable,412.27506951177753,34.99105117071296,0.11945425933564438,0.4680542399591514,7.293420787385384e-05,0.06282331392543958,0.7626890645750692,1.0,0.9935210703220347,0.35284201480288846
mp-1221969,MgFe4NiO8,3m,160,R3m,trigonal,4,"Fe,Mg,Ni,O",14,154.82139475414763,4.658880217768513,0,1,0,MgFe4NiO8,0.0031540722966769,-2.4984229638516617,2.5,1.63060807621898,0,FM,0.8743497413936456,0.1235941994250077,0.0020560591813467,0.8743497413936456,0.7507555419686379,0.353654061809053,True,False,767.450048909461,219.44931435995116,0.8970349574775582,9.735140671306311,767.450048909461,0.0,0.8970349574775582,,671.0197517965279,27.122662322685017,698.1424141192128,1.4362688920317268,0.3785714285714285,True,105.0800026459952,0.0001050800026459,0.0001042540398441,Easy-Axis (Uniaxial),3018.0531490652047,3.0180531490652047,37.92597514177322,0.4794266333543164,Soft Magnet,52.50145095209789,2.1845247429022336,244.59797124487275,0.3073708758183439,18.79557316123166,2.361921428418327,3.466713789240636,465.57129278096215,50.19248829023354,2.1215436199418245,0.0373854192189618,Soft / Non-Viable,669.0193061138231,25.86372720934852,0.5643358145173788,0.09544639495899028,0.0008796993092141713,0.0400038727274502,0.7965839610427015,0.9628571428571429,0.9914219679779813,0.3497943246761534
mp-756921,LiZn(Fe5O8)2,3m,160,R3m,trigonal,4,"Fe,Li,O,Zn",28,315.12505774730664,4.6729070536942405,0,1,0,LiZn(Fe5O8)2,0.0,-2.5,2.5,1.2850494397659162,0,FM,0.8293775441892863,0.168149062200338,0.0024733936103756,0.8293775441892863,0.6612284819889482,0.4276296701496581,True,False,779.1140138746393,428.2586101813006,21.504359670135276,27.07963603644845,779.1140138746393,0.0,21.504359670135276,,646.179667470806,72.01128368120584,718.1909511520118,18.40731182048944,0.3607142857142857,True,107.83277452877238,0.0001078327745287,0.0001280801799818,Easy-Axis (Uniaxial),1538.24946734993,1.53824946734993,19.33021327958692,0.9877534135738948,Soft Magnet,59.76097651676724,2.6220234034813608,279.2574887008575,0.3509253099850194,24.499630196996616,3.078714389512084,12.644655974866597,541.8037396751415,5.394104925265367,1.265132157986905,0.0331715396487087,Soft / Non-Viable,602.9588539332302,63.42381460365503,0.5823140466632936,0.12787425731054722,0.0009027447171200288,0.020007466058409955,0.6615609855321132,0.9652380952380952,0.7614209827088001,0.3487568552494174
mp-1224401,HfTiFe4,-3m,164,P-3m1,trigonal,3,"Fe,Hf,Ti",12,162.95015142910577,9.166065237610832,1,0,0,HfTiFe4,0.0,-0.2,0.0,2.520667940342979,0,FM,0.7079175517297059,0.2882165292962951,0.003865918973999,0.7079175517297059,0.4197010224334108,0.5685039695267496,False,True,403.586589057057,260.03179160804086,13.877952839974938,24.041248904229263,403.586589057057,0.0,13.877952839974938,,285.7060300362148,74.94546048396701,360.65149052018177,12.022144998999885,0.1,True,46.77495268315694,4.677495268315694e-05,4.767407365260398e-05,Easy-Axis (Uniaxial),40406.01361934581,40.406013619345806,507.7569520537133,8.130163458465319,Hard Magnet,75.29237827781238,3.666082010374808,690.1348511893009,0.8672490313930371,97.6312964129757,12.268710781201726,12.83688029247492,352.1736816806254,35.66800992333128,1.3543485567775293,0.0088403159528193,Soft / Non-Viable,273.07368432647786,66.90326968852409,0.0034955024818390757,0.5436316017273777,0.0003915863392443892,0.5452228225973024,0.2968936886939575,1.0,0.8465402841930474,0.34823374521868566
mp-1212970,Fe7Ge4,6/mmm,194,P6_3/mmc,hexagonal,2,"Fe,Ge",22,280.8436126582701,8.058690395563344,1,0,0,Fe7Ge4,0.0,-0.2,0.0,2.21613985877992,0,FM,0.9114534295032022,0.0861485269432039,0.0023980435535938,0.9114534295032022,0.8253049025599982,0.2823395259138125,True,False,552.442476197386,253.16306410064684,3.3968455744160337,15.020195307738248,552.442476197386,0.0,3.3968455744160337,,503.5255895333486,21.80962504869865,525.3352145820472,3.3555894386122995,2.245454545454545,True,0.4976311212701618,4.976311212701618e-07,1.0094686189279827e-06,Easy-Axis (Uniaxial),7960.421879463161,7.96042187946316,100.03361352733582,2.138427901125808,Soft Magnet,58.60511210058855,3.074093222204631,472.28045401592607,0.5934851219081941,70.07285570662478,8.805614919225853,6.677446297165677,360.530766192397,24.90408114753251,1.424104924125367,0.0013324436833263,Soft / Non-Viable,497.8880929826732,20.286117792316745,0.23293426565408357,0.3869604260631525,4.1660234354963215e-06,0.10678949859292307,0.907982795931817,0.713939393939394,0.9635212621416216,0.34719348798239535
mp-1220669,Nb3AlCo8,3m,160,R3m,trigonal,3,"Al,Co,Nb",12,150.72016268692877,8.562324238738514,0,1,0,Nb3AlCo8,0.0,-0.2,0.0,1.8194939007319344,0,FM,0.931297698475378,0.0653208904701876,0.0033814110544342,0.931297698475378,0.8659768080051905,0.240074756037007,True,False,719.3282611009777,178.73290099396758,18.946212402115066,14.802101772223397,719.3282611009777,0.0,18.946212402115066,,669.9087540116363,11.674992249245848,681.5837462608822,17.671035860036714,6.591666666666667,True,811.1754647219939,0.0008111754647219,0.0006724063139356,Easy-Axis (Uniaxial),1791.973322529166,1.791973322529166,22.518601339413856,0.6280046590506629,Soft Magnet,65.20806205277596,10.794105145225796,558.3325702756487,0.7016214004151539,67.06789341860932,8.428000213956201,12.137099634538286,331.2135045744454,68.82576885283049,1.8531199501183289,0.0455050407909806,Soft / Non-Viable,630.1144782058499,10.870463699304054,0.4901633804368439,0.36987705841160223,0.006790925751800812,0.02343600556840752,0.9675625454219287,0.13444444444444437,0.7899727913648219,0.3470669010389398
mp-653005,Ca2(Fe2O3)11,32,155,R32,trigonal,3,"Ca,Fe,O",57,655.4969954817576,4.652890303131601,0,0,1,Ca2(Fe2O3)11,0.0,-2.5,2.5,1.2795448333611903,0,FM,0.8225115717926073,0.1750496499034321,0.0024387783039605,0.8225115717926073,0.6474619218891752,0.4373167982968036,True,False,726.9531558037759,205.9479355242823,5.61425463676369,13.779895877047592,726.9531558037759,0.0,5.61425463676369,,597.9273827997598,36.05111401186022,633.9784968116201,5.209848708080735,0.1,True,1662.3330742978012,0.0016623330742978,0.0001447379410179,Easy-Axis (Uniaxial),8369.710076997055,8.369710076997055,105.17688080554778,1.2810595077901827,Soft Magnet,63.6600041023255,5.515911444251785,296.20301578502824,0.3722196873445545,27.56314848150434,3.4636874584608357,19.141330272150437,477.617443624567,2.3361350219041697,2.3191174138681934,0.1227904567775017,Semi-Hard (0.1 <= kappa < 1.0),586.9432204761753,33.72731927289786,0.50191599864723,0.14529051886238697,0.01391657042559755,0.11232016008799359,0.6409468265538342,1.0,0.9387724761543018,0.34648033954854607
mp-1215842,ZnFe8Co3O16,-42m,115,P-4m2,tetragonal,4,"Co,Fe,O,Zn",28,312.281504743878,5.0247654417012,0,0,0,ZnFe8Co3O16,0.0,-2.5,2.5,2.4495731528293354,0,FM,0.8982701307474352,0.099587936474204,0.0021419327783607,0.8982701307474352,0.7986821942732312,0.308803882494611,True,False,677.9612663230986,265.47131366339227,0.1284717660354317,1.820310832140791,677.9612663230986,0.0,0.1284717660354317,,608.9923553417465,26.43774032083341,635.4300956625799,0.2148964941258789,0.9964285714285712,True,824.8986870657676,0.0008248986870657,0.000136737703121,Easy-Axis (Uniaxial),5454.900083518814,5.454900083518814,68.54829744548066,0.2501363450221608,Soft Magnet,66.50047627420167,4.66462954078596,334.1492950392792,0.4199043881990431,35.07768882515252,4.407992466354173,14.328897212824897,604.2780764511156,29.24125513615837,2.276246228311197,0.0766751836653098,Soft / Non-Viable,608.7316725650261,26.199286099427688,0.42640243486509255,0.18801107343804177,0.006905812589563034,0.07293268814643636,0.8684017139366472,0.8804761904761905,1.0,0.34622086189204754
mp-1218027,TaAlFe4,-3m,164,P-3m1,trigonal,3,"Al,Fe,Ta",12,152.17602814818352,9.41286415598986,1,0,0,TaAlFe4,0.0,-0.2,0.0,2.588537642897212,0,FM,0.8926617143906468,0.1043404928457346,0.0029977927636186,0.8926617143906468,0.7883212215449121,0.3227671015115977,True,False,463.1143503505833,196.9671709309819,16.841698745783418,19.853376248631378,463.1143503505833,0.0,16.841698745783418,,413.4044499428624,20.551651689368704,433.9561016322311,15.175984325678035,1.0833333333333333,True,220.33552933901584,0.000220335529339,0.0005137135541933,Easy-Axis (Uniaxial),18561.22937585311,18.56122937585311,233.2472919263845,1.4283889223932185,Hard Magnet,76.10778207492959,4.590206870281207,716.3922138849923,0.9002450064920079,74.38401186292137,9.347370790114509,8.47446701314752,356.4272840521492,81.37635008498728,1.8095771105787104,0.0184835964282242,Soft / Non-Viable,391.4299647861903,18.695779923913395,0.09524851398835532,0.4114695741196822,0.00184458515487504,0.25003691738047135,0.851563197887393,0.8688888888888888,0.8134615372946326,0.3445785889219001
mp-1220600,NbVCo6,3m,160,R3m,trigonal,3,"Co,Nb,V",24,278.47703119812604,8.898725949031435,0,1,0,NbVCo6,0.0,-0.2,0.0,1.89097926416918,0,FM,0.9421016642343616,0.0476806558676327,0.0102176798980058,0.9421016642343616,0.8944210083667288,0.2258542096197775,True,False,699.4580883488651,247.3865311540532,31.869934047510128,26.298537980149945,699.4580883488651,0.0,31.869934047510128,,658.9606290956508,11.795552058243818,670.7561811538947,30.0508906622065,7.125,True,486.8045898413844,0.0004868045898413,0.000713285665305,Easy-Axis (Uniaxial),3677.738462021234,3.6777384620212343,46.215825434274734,1.0077093477643395,Soft Magnet,81.51986574752321,5.439257249866742,725.4229446890437,0.9115933575122298,70.54400264329358,8.864820990576048,2.5278562193776555,239.35546045651228,18.68267147461343,0.9675363462187044,0.0271319565074318,Soft / Non-Viable,595.6797180078217,10.424770892049226,0.45953652416769475,0.3896389210210145,0.004075386854040859,0.048918119903921246,1.0,0.06333333333333324,0.6457294820933512,0.34361226070005957
mp-1184320,Fe3O,6/mmm,194,P6_3/mmc,hexagonal,2,"Fe,O",8,103.64319029065511,5.88106253456904,1,0,0,Fe3O,0.0,-2.5,2.5,1.617292197006486,0,FM,0.7261760917805559,0.2707531296167044,0.0030707786027397,0.7261760917805559,0.4554229621638514,0.5496645180578609,False,True,620.1945371062634,214.57975194915676,26.004048616392367,0.1346906408848411,620.1945371062634,0.0,26.004048616392367,,450.3704450994773,58.09813939261032,508.4685844920877,18.883553608166608,0.1,True,1590.5281312757056,0.0015905281312757,0.0001297709557004,Easy-Axis (Uniaxial),3990.009863742816,3.990009863742816,50.13994367680721,1.3452391915113178,Soft Magnet,80.1715122090675,9.846116407578949,471.4936767924912,0.5924964284901323,69.83957988880795,8.776300614835826,15.456504761683975,163.9009310556051,54.17866810181726,0.7638229123055392,0.075455321274598,Soft / Non-Viable,414.4461828105329,58.05903934651662,0.33736378709215015,0.38563424084749287,0.013315440265869971,0.05313780526968413,0.3517125003019888,1.0,0.7111993792025341,0.34251356562433316
mp-690495,Fe5SnO8,-3m,166,R-3m,trigonal,3,"Fe,O,Sn",14,165.95410544634012,5.262464837950589,1,0,0,Fe5SnO8,0.0,-2.5,2.5,1.4471778304364122,0,FM,0.8669223621272485,0.1309613052102,0.0021163326625514,0.8669223621272485,0.7359610569170485,0.3668803363345281,True,False,646.6836404955666,247.3905034108912,26.00926319206627,8.497616643312512,646.6836404955666,0.0,26.00926319206627,,560.6245091674649,32.39858322329875,593.0230923907636,22.575457802344044,0.2357142857142857,True,1445.005338838265,0.0014450053388382,0.0004527662718684,Easy-Axis (Uniaxial),5332.097770626162,5.332097770626162,67.00511803939182,0.0819787547699154,Soft Magnet,66.53309327995746,4.647172373399407,350.1280639458628,0.4399839014031759,38.51267789141035,4.839645931368557,1.1235343617160969,261.07037524541954,4.475941576540521,1.0552966732591489,0.0968507239770446,Soft / Non-Viable,515.8974659292211,31.07813292535104,0.3781927206059046,0.20753916579779388,0.012097165648828163,0.07127327546971302,0.7742842534202912,0.9819047619047618,0.7111411786568794,0.3413707338176152
mp-1221744,Mn7Sb4,-6m2,187,P-6m2,hexagonal,2,"Mn,Sb",11,186.4003226264765,7.764666489741958,0,0,0,Mn7Sb4,0.0,-0.6,0.5,2.911749933653234,0,FM,0.8628762148888798,0.1347503353383736,0.0023734497727465,0.8628762148888798,0.7281258795505061,0.3747350669813601,True,False,477.5009500661866,251.0267694761128,18.763951487372708,11.124179914147334,477.5009500661866,0.0,18.763951487372708,,412.0242123989551,33.82594136581481,445.85015376476986,16.260208745713754,1.1545454545454543,True,137.61930208800226,0.000137619302088,0.0001792336645384,Easy-Axis (Uniaxial),22326.14891972657,22.32614891972657,280.5586671670584,2.0430228465352,Hard Magnet,61.39213222174799,8.833518963049265,476.68943179601416,0.5990256067897003,71.38729403296121,8.970792114019359,0.8962867441977782,217.45181130400863,25.14627577095644,0.8662494910715127,0.0219532700526827,Soft / Non-Viable,387.7705215502795,32.0436450051055,0.11742327447928852,0.394433076643045,0.001152108887828179,0.3009118159942164,0.7621362403491055,0.8593939393939394,0.7920070287319391,0.340102757519636
mp-1216772,V2Co9Mo,3m,160,R3m,trigonal,3,"Co,Mo,V",12,133.9050314980165,9.030584299088869,0,1,0,V2Co9Mo,0.0,-0.2,0.0,1.9189991635563848,0,FM,0.924519056683506,0.0725660285988196,0.0029149147176741,0.924519056683506,0.8519530280846865,0.2548071043558291,True,False,686.209985041319,245.38705977744084,36.928253760875805,19.26000168635321,686.209985041319,0.0,36.928253760875805,,634.414208057203,17.80676439759003,652.2209724547931,34.16946951505451,6.675,True,192.3273586404378,0.0001923273586404,0.0002925776501727,Easy-Axis (Uniaxial),2683.3817869610248,2.6833817869610246,33.720370689857624,1.1370195626034791,Soft Magnet,82.3504818334424,7.024958170155969,743.672968267488,0.9345270135129824,70.79905790961662,8.896872181236299,0.8243029046210649,212.8851810379818,7.196453136645758,0.8675485220413116,0.0166354137118334,Soft / Non-Viable,564.8806839222143,16.2426017154394,0.43911658313844953,0.3910889235396612,0.0016101088720856392,0.035481499429013956,0.9472105848428206,0.1233333333333333,0.5892729291878682,0.33794988093784034
mp-1220724,Nb3Co8Si,3m,156,P3m1,trigonal,3,"Co,Nb,Si",12,149.05668058256515,8.670178808660156,0,1,0,Nb3Co8Si,0.001,-0.1995,0.0,1.842412996840283,0,FM,0.937772696430188,0.0581318768741427,0.0040954266956692,0.937772696430188,0.8796408195560452,0.2258790397642637,True,False,636.7237527122477,186.26889275577687,10.28089896977059,19.32186707625098,636.7237527122477,0.0,10.28089896977059,,597.1021504621127,10.828160339161718,607.9303108012745,9.706354516072974,6.591666666666667,True,372.576673175324,0.0003725766731753,0.0004871604926136,Easy-Axis (Uniaxial),4781.638096533402,4.781638096533402,60.08783763210117,1.3703901918234884,Soft Magnet,66.31664266466463,8.431883503644091,574.9771498926632,0.7225375960339152,77.03650443813066,9.6806928441091,2.829641801292558,315.28704606120573,59.23265794581013,1.692644656854157,0.0299469303444849,Soft / Non-Viable,577.3176683882361,9.874218639035316,0.3628410648653107,0.426549133033293,0.0031191038615225406,0.06383498102966441,0.987002856205736,0.13444444444444437,0.8866874622352874,0.3376710998735284
mp-1221814,MnFe5O8,-3m,166,R-3m,trigonal,3,"Fe,Mn,O",14,159.8772396407425,4.800131798437879,1,0,0,MnFe5O8,0.0,-2.5,2.5,3.120085668984621,0,FM,0.8052500378949949,0.1928178399882274,0.0019321221167776,0.8052500378949949,0.6124321979067675,0.4586451444805604,True,False,777.3807437565938,206.6438542757336,9.638460517293026,16.118881190128462,777.3807437565938,0.0,9.638460517293026,,625.9858733688366,39.84462162828898,665.8304949971256,8.360537537403523,0.1,True,156.42444754916764,0.0001564244475491,0.0001001553580247,Easy-Axis (Uniaxial),2645.181722259419,2.645181722259419,33.24033450999911,0.9163752887728556,Soft Magnet,51.52234463492907,1.988441252872942,247.31404481219823,0.3107839945246315,19.21531168719468,2.4146673282267805,16.318690462422932,370.5608188185908,25.01951887335804,1.793234161825766,0.0451126773635757,Soft / Non-Viable,606.50011531808,36.87287423372887,0.5796424737764726,0.09783263041530335,0.001309540112183474,0.03496530661371325,0.5891213918715684,1.0,0.8938577999237058,0.3368655084340648
mp-1215750,Zr3Fe8Si,3m,160,R3m,trigonal,3,"Fe,Si,Zr",12,167.75041029335767,7.409475484123702,0,1,0,Zr3Fe8Si,0.0,-0.2,0.0,2.037605758134018,0,FM,0.905623754535658,0.0919587108044383,0.0024175346599035,0.905623754535658,0.8136650437312196,0.2947291467695765,True,False,438.87655582784816,240.05276153105055,22.124132798412347,30.547517394188176,438.87655582784816,0.0,22.124132798412347,,397.4570342664942,22.07494247544069,419.5319767419349,20.232103581249454,0.1,True,300.2865960087747,0.0003002865960087,0.0001976507670896,Easy-Axis (Uniaxial),3346.6457045774973,3.3466457045774973,42.05519105567816,0.7478199584156596,Soft Magnet,77.63075418337493,4.964831923518226,575.20316993575,0.7228216211966854,76.1293662247338,9.566698492014613,0.6472492736354871,387.32314442094855,52.2262484242828,1.613491725529884,0.02687458525393,Soft / Non-Viable,370.1588864022421,19.150015341693862,0.057889631486940915,0.4213920048816237,0.002513912299424893,0.04444410385380256,0.8904799806524002,1.0,0.7545036156010003,0.33475950463175635
mp-1225001,Fe5O8,-3m,166,R-3m,trigonal,2,"Fe,O",13,130.93528483899823,5.164421894257893,1,0,0,Fe5O8,0.0,-2.5,2.5,1.420216020920921,0,FM,0.782651564946478,0.215109353056336,0.0022390819971859,0.782651564946478,0.567542211890142,0.4878915971481929,False,True,720.8348881380404,210.21096900419252,2.337892980827746,13.92035816378936,720.8348881380404,0.0,2.337892980827746,,564.1625532692567,45.218345547837366,609.380898817094,3.5091925507521724,0.1,True,7390.001461897073,0.007390001461897,0.0022382771333252,Easy-Axis (Uniaxial),2621.6780330209654,2.621678033020965,32.94497843448611,1.541388018521199,Soft Magnet,58.79521226858047,3.5308598517860297,303.64328151739727,0.3815694010107811,28.96524626238531,3.639880265404933,14.688648394327853,334.0723558345284,101.85392941604924,1.5892241847182842,0.2525536525582379,Semi-Hard (0.1 <= kappa < 1.0),559.8000446193149,42.27586933377858,0.4924856174043321,0.15326151802258983,0.06186694915710645,0.0346477041276253,0.5212725152503364,1.0,0.9753403674002997,0.3339719240692221
mp-1224901,GaFe3As,-6m2,187,P-6m2,hexagonal,3,"As,Fe,Ga",5,69.37238574850308,7.47251830431684,0,0,0,GaFe3As,0.0,-0.6,0.5,2.0549425336871314,0,FM,0.8937236383063583,0.1034620378262614,0.0028143238673802,0.8937236383063583,0.7902616004800967,0.3200902537788443,True,False,419.6321539575186,240.21028503928824,16.511415833683202,22.535542738357663,419.6321539575186,0.0,16.511415833683202,,375.0351753852474,24.852645596991888,399.8878209822393,14.93970331880278,1.2800000000000002,True,26.669145919076545,2.6669145919076543e-05,4.877493122987526e-05,Easy-Axis (Uniaxial),4641.610204500507,4.641610204500507,58.32819521028385,2.8488940818858994,Soft Magnet,71.80371568876973,1.0765054897666104,536.554579802294,0.6742543704627382,90.4435676058737,11.365474122999096,22.90109561578603,222.3197700306453,39.2634538604113,0.9255214446553908,0.0085858978188927,Soft / Non-Viable,355.47075709488774,22.335888722469797,0.028227306079847272,0.5027689878166867,0.000223266355649059,0.06194280120291022,0.8547514816666725,0.8426666666666667,0.8171478670953157,0.3338571077719401
mp-1183774,Co3Sn,6/mmm,194,P6_3/mmc,hexagonal,2,"Co,Sn",8,103.68638519246356,9.46518118501256,1,0,0,Co3Sn,0.0,-0.2,0.0,2.011351001815169,0,FM,0.9128384897732176,0.0843218789194376,0.0028396313073446,0.9128384897732176,0.82851661085378,0.2807514072252771,True,False,709.3570996051631,226.61299647021528,53.95602850265453,10.536434468077374,709.3570996051631,0.0,53.95602850265453,,647.528463513487,19.108433649932444,666.6368971634195,49.26115208377254,6.5,True,19.16791290852125,1.916791290852125e-05,3.7472950136781735e-05,Easy-Axis (Uniaxial),8971.217381729592,8.971217381729591,112.73564467090486,2.811810742144845,Soft Magnet,45.68297432796689,10.834629102600244,432.397629084484,0.5433668859845836,58.73763830568826,7.381189463008596,5.90509990314051,439.0276818803626,11.861514218168397,1.9373455570456035,0.009032317134607,Soft / Non-Viable,548.8211060447844,18.15213950802398,0.4747943479790702,0.32251912274205985,0.00016046820822345555,0.12044825493493179,0.9121412531686106,0.1466666666666666,0.3992237587031039,0.3334040115256399
mp-1220510,NbFe4Si,-3m,164,P-3m1,trigonal,3,"Fe,Nb,Si",12,149.77969916077618,7.635787282008137,1,0,0,NbFe4Si,0.0,-0.2,0.0,2.099841502552238,0,FM,0.8929493639187338,0.1046076934972445,0.0024429425840216,0.8929493639187338,0.7883416704214893,0.320361989642332,True,False,465.712205147741,265.6630529842316,2.9916765549876345,10.536429830839836,465.712205147741,0.0,2.9916765549876345,,415.8574173558662,27.79039922011674,443.6478165759829,2.889859527842773,0.9166666666666666,True,42.6397960561855,4.263979605618551e-05,7.650332367512226e-05,Easy-Axis (Uniaxial),1322.508363638022,1.3225083636380222,16.619130560924116,0.1067971004974234,Soft Magnet,76.22289993213,0.3582798898473101,582.0218498995372,0.731390227149251,79.17727813474453,9.949710406066506,19.03316843595041,320.87849606499526,78.0642880598987,1.2078401285407234,0.0100083696771503,Soft / Non-Viable,411.751328040586,26.399610977012912,0.09925271296907168,0.4387195433788337,0.00035696800714843824,0.017092182836482582,0.8524268269204606,0.8911111111111111,0.9680434053585837,0.33254559854379573
mp-1048821,Al(FeO2)3,-3m,164,P-3m1,trigonal,3,"Al,Fe,O",40,448.5776294669394,4.301668677908164,1,0,0,Al(FeO2)3,0.0,-2.5,2.5,1.1829588864247451,0,FM,0.8882634810991797,0.1096212247052707,0.0021152941955494,0.8882634810991797,0.7786422563939089,0.3282477644699121,True,False,691.4370283001725,190.30756524159392,6.706700016842547,3.76770416760462,691.4370283001725,0.0,6.706700016842547,,614.1782617187833,20.861748372461744,635.0400100912451,5.971616875947574,0.1,True,165.03285167630042,0.0001650328516763,9.509503522991334e-05,Easy-Axis (Uniaxial),4265.12668234823,4.26512668234823,53.59716364880952,0.1509137625317194,Soft Magnet,54.87157573370065,8.93273122326067,236.03933864112577,0.2966157808932616,17.503248188141633,2.1995230796030123,2.154267988392204,226.3907543497021,85.47059579519447,1.1896045964452375,0.0485507430411462,Soft / Non-Viable,600.7481365927672,20.47601061972252,0.4471732771893109,0.0880994599479832,0.0013816071751207792,0.05685542528529978,0.8383580937804038,1.0,0.9265795536243546,0.3279517502645612
mp-1225085,Fe3Ni3Ge2,3m,160,R3m,trigonal,3,"Fe,Ge,Ni",8,93.916534278313,8.64416033285124,0,1,0,Fe3Ni3Ge2,0.0,-0.2,0.0,3.025456116497934,0,FM,0.9260939270108002,0.0715880433797081,0.0023180296094916,0.9260939270108002,0.854505883631092,0.249345481786173,True,False,604.2872450325387,243.86836618887932,9.526798745710664,9.48088755001426,604.2872450325387,0.0,9.526798745710664,,559.6267477947215,17.458059177668037,577.0848069723895,8.848778349646766,3.0375,True,600.7791797778145,0.0006007791797778,0.0001906084561792,Easy-Axis (Uniaxial),2790.9578365803804,2.7909578365803807,35.072211224865285,0.0128371257977583,Soft Magnet,47.898944177108056,1.315841907518383,414.0461532412133,0.5203057413078838,53.85764767446178,6.7679517424293305,29.332895722671665,271.11586420672813,8.984516288710239,1.111730350449575,0.0528084901439346,Soft / Non-Viable,542.4022250052201,16.667925539030254,0.3128451100755378,0.2947761209673454,0.005029549068643921,0.036935161467173,0.9519389212562789,0.6083333333333334,0.8951040712296106,0.3271192877750632
mp-1025425,Co3H,6/mmm,194,P6_3/mmc,hexagonal,2,"Co,H",8,66.42097482420203,8.89045494414773,1,0,0,Co3H,0.0,-0.2,0.0,1.8892216756313929,0,FM,0.8880797000156309,0.1086401108953523,0.0032801890890169,0.8880797000156309,0.7794395891202786,0.3325302203929898,True,False,565.913687291214,207.12398644160447,15.35966055705154,9.26954954032196,565.913687291214,0.0,15.35966055705154,,502.5764576443209,22.501972856103365,525.0784305004242,13.67772578014532,6.025,True,107.7431180801272,0.0001077431180801,9.641849711081015e-05,Easy-Axis (Uniaxial),6543.647349647551,6.543647349647551,82.22989936281651,1.5663435125150411,Soft Magnet,73.85487113311517,2.6069513338583903,656.6034042147973,0.8251121724013025,89.19123716540244,11.208101635475774,5.981665108055505,305.4094776850477,12.666074199862322,1.4745249110544392,0.0141021947477491,Soft / Non-Viable,478.09836244423536,21.50525282395917,0.25369809348231287,0.4956494238137962,0.0009019941393324948,0.08764479716624951,0.8378063157867566,0.20999999999999985,0.8300027549620337,0.3257997609309175
mp-1080817,NbFeB,-6m2,189,P-62m,hexagonal,3,"B,Fe,Nb",9,99.32165580258884,8.00307537501664,0,0,0,NbFeB,0.0,-0.2,0.0,2.2008457281295764,0,FM,0.8064903059176995,0.0895587121287328,0.1039509819535676,0.8064903059176995,0.7025393239641319,0.5687786519201626,True,False,527.9809463560189,189.56080315191656,11.190858411305385,2.3680847328088674,527.9809463560189,0.0,11.190858411305385,,425.81151494538216,16.97682140037388,442.788336345756,9.027810305114818,1.7333333333333332,True,185.68620273160528,0.0001856862027316,0.0002313054201559,Easy-Axis (Uniaxial),515.7402226820327,0.5157402226820327,6.480982904860292,0.003286421327216,Soft Magnet,103.5392565977491,5.520786070544908,828.6324748249751,1.0412902781744284,82.83036772078037,10.40877119124048,11.957545315785625,144.01811240014302,12.678947442845311,0.7597462661345921,0.0146697575364083,Soft / Non-Viable,410.4987374493318,16.77816086740037,0.195230529107787,0.45948754859180924,0.0015545110407357281,0.0061904233439787956,0.5928451298533982,0.7822222222222223,0.8765312885918719,0.32501285105255984
mp-1225260,Fe4Mo2N,-42m,119,I-4m2,tetragonal,3,"Fe,Mo,N",28,323.66583026234315,8.809260165135115,0,0,0,Fe4Mo2N,0.0,-0.6,0.5,2.422546545412157,0,FM,0.8598032235112817,0.1361710462503772,0.0040257302383411,0.8598032235112817,0.7236321772609045,0.3855596907411788,True,False,435.9696400399348,240.9426905543342,44.65352672026114,0.8143890955034294,435.9696400399348,0.0,44.65352672026114,,374.8481018593891,32.80941825916458,407.6575201185537,38.39340637288697,0.0999999999999999,True,3285.838070836847,0.0032858380708368,0.0018764465838104,Easy-Axis (Uniaxial),2601.417123957101,2.6014171239571007,32.69037233725953,0.679825409987021,Soft Magnet,91.5783839826247,2.772558914257182,806.7378100055834,1.0137766309146636,77.24151892372171,9.706455724682089,10.582351237695672,98.96095369528317,12.624851814392578,0.4107240334521241,0.0633848890907944,Soft / Non-Viable,326.282547078332,32.67636189512402,0.05340906188477289,0.42771465109826623,0.027508083444243627,0.03437392093453589,0.7529099969072696,1.0,0.5030501701976823,0.32452126510149015
mp-758216,Fe7(SiO6)2,4/mmm,141,I4_1/amd,tetragonal,3,"Fe,O,Si",42,439.3953219278925,4.830344168719496,1,0,0,Fe7(SiO6)2,0.0,-2.5,2.5,1.3283446463978617,0,FM,0.8767656358213952,0.1211021823513186,0.0021321818272861,0.8767656358213952,0.7556634534700766,0.349608187387144,True,False,633.0062378107602,219.3394375555002,1.1839654664864838,5.356107445042966,633.0062378107602,0.0,1.1839654664864838,,554.9981165730605,26.562484563681863,581.5606011367424,1.224049877189889,0.1,True,1396.4509867158204,0.0013964509867158,0.0002169780406811,Easy-Axis (Uniaxial),5340.39154366692,5.34039154366692,67.10934066723809,0.2344558270154596,Soft Magnet,62.28851387128855,3.7831124171691854,300.8749597563821,0.3780906252879099,28.43950041694131,3.5738130926933604,9.619554408413396,242.37758150177245,47.49885735118799,1.105034207268097,0.1107954361425127,Semi-Hard (0.1 <= kappa < 1.0),552.8163981573082,25.86968061886396,0.3571110797269494,0.15027262541491368,0.011690682693499807,0.07138534821327551,0.8038373592405236,1.0,0.9882194998897629,0.3236354307056164
mp-1217955,Ta11(Co52B15)2,4/m,87,I4/m,tetragonal,3,"B,Co,Ta",145,1452.361267083612,9.654123244922332,1,0,0,Ta11(Co52B15)2,0.0,-0.2,0.0,2.051501189545996,0,FM,0.9261859336334296,0.0716460723666941,0.0021679939998764,0.9261859336334296,0.8545398612667353,0.248658080956511,True,False,548.2052493827589,123.98207438217764,2.956516007244033,12.992291298482902,548.2052493827589,0.0,2.956516007244033,,507.7399907223176,8.882828673358357,516.622819395676,2.8921743047518667,6.213793103448276,True,10679.95998010626,0.0106799599801062,0.0136376912606953,Easy-Axis (Uniaxial),18924.944376516047,18.924944376516045,237.8178695115093,6.248655629590451,Hard Magnet,80.90909791224293,6.8226983501944005,781.1064028802813,0.9815672547842564,68.7826271922357,8.643480019185793,6.613049066484895,418.766362415505,13.842893874069176,3.3776363599519064,0.1180238242858829,Semi-Hard (0.1 <= kappa < 1.0),502.78501754704985,8.340986069688455,0.22640322346082575,0.3796254095294246,0.08940952779183241,0.25495175382448937,0.9522151587702623,0.18482758620689654,0.968435836726381,0.3230993077729735
mp-1226789,CdFe4NiO8,3m,160,R3m,trigonal,4,"Cd,Fe,Ni,O",14,163.7013552332724,5.299881526804575,0,1,0,CdFe4NiO8,0.0,-2.5,2.5,1.8549585343816013,0,FM,0.8955803269459126,0.1023183627226058,0.0021013103314815,0.8955803269459126,0.7932619642233067,0.3140091398942998,True,False,526.0370419014018,195.64085365278615,18.14476814516669,11.36693817584218,526.0370419014018,0.0,18.14476814516669,,471.1084259717182,20.017651827406027,491.1260777991242,16.29166481002088,0.3785714285714285,True,1428.5001003742088,0.0014285001003742,0.0011647318321027,Easy-Axis (Uniaxial),3986.2273287017,3.9862273287017,50.09241093869534,0.2294756630070682,Soft Magnet,76.22490884762433,3.5001282331005754,403.9829862838868,0.50765999275389,51.2714999723932,6.442966831239192,12.106946569084275,416.9750264323104,5.046672088802353,2.1313290074492177,0.083458798926066,Soft / Non-Viable,444.23967307558127,18.9411380986678,0.1922342953520344,0.2800737361248298,0.011958988578885327,0.0530866923350046,0.8603259396716959,0.9628571428571429,0.7989178131620098,0.3215015204486747
mp-1220454,NbAlFe4,-3m,164,P-3m1,trigonal,3,"Al,Fe,Nb",12,154.1610844171352,7.394989365796041,1,0,0,NbAlFe4,0.0,-0.2,0.0,2.0336220755939114,0,FM,0.8899182929836789,0.1074779954634846,0.0026037115528364,0.8899182929836789,0.7824402975201942,0.326783021059655,True,False,492.6030183860064,228.81506820042244,2.5472184307723182,6.334054365286775,492.6030183860064,0.0,2.5472184307723182,,438.3764372406826,24.592584862021944,462.96902210270457,2.366834558337417,0.9166666666666666,True,71.16857257054158,7.116857257054159e-05,6.727876602796959e-05,Easy-Axis (Uniaxial),142.92438229869305,0.142924382298693,1.7960407926853297,0.0018342056602438,Soft Magnet,79.60255194051493,4.319569978957865,588.6600250903349,0.7397320041143117,67.59305687651613,8.493994201690017,3.6772437811236487,330.2012514697584,79.57039255537919,1.4430922494165914,0.0127842322259081,Soft / Non-Viable,434.68563966420027,23.8376403135898,0.14070082126100014,0.3728626401156929,0.0005958026508529674,0.0011526083627888446,0.8433264439710789,0.8911111111111111,0.9730040592962403,0.3206823840920837
mp-1159,Zr2Fe,4/mmm,140,I4/mcm,tetragonal,2,"Fe,Zr",6,111.28662257978525,7.111274062908435,1,0,0,Zr2Fe,0.0,-0.2,0.0,1.95560036729982,0,FM,0.8261743822926272,0.1589289728707613,0.0148966448366115,0.8261743822926272,0.6672454094218658,0.4667158327762935,True,False,403.66907448743393,231.84237592636052,9.269708210612151,6.13875779436863,403.66907448743393,0.0,9.269708210612151,,333.50104826529224,36.8464706738934,370.3475189391857,7.720289369901596,0.1,True,19.61842924370782,1.961842924370782e-05,3.753133925405882e-05,Easy-Axis (Uniaxial),8096.712733658892,8.096712733658892,101.74629494577914,3.5766637310898,Soft Magnet,87.34080652709079,12.955751843449832,621.1044120896045,0.7805028232531636,85.28623556457757,10.717384652286327,4.8973584358815705,223.33141202749664,12.19892623534804,0.9632898694000306,0.0063615445063711,Soft / Non-Viable,323.5050566654707,35.749192503283815,0.003622641256723915,0.47344928563141625,0.00016423980033302985,0.10863118028316575,0.6519439226084646,1.0,0.8979734915546913,0.3190225922628188
mp-16316,Co5As2,6mm,185,P6_3cm,hexagonal,2,"As,Co",42,493.8096956928836,8.968534129876153,0,1,0,Co5As2,0.0,-0.6,0.5,1.9058135025986824,0,FM,0.8694513550396483,0.1267976084894815,0.0037510364708702,0.8694513550396483,0.7426537465501668,0.3681372056184024,True,False,437.8364952123004,202.23174929082447,10.301227695851535,9.138719290135016,437.8364952123004,0.0,10.301227695851535,,380.6775340481451,25.64250217072096,406.3200362188661,9.031065111553623,5.742857142857143,True,87.74600024510463,8.774600024510462e-05,0.0001008117577347,Easy-Axis (Uniaxial),5590.297513203144,5.5902975132031445,70.24975176017966,0.0445421155874282,Soft Magnet,70.24453001720207,7.295848566984837,629.9904648963866,0.7916693665400426,115.37007421296154,14.497831385310633,6.238865347395868,-3.662803676747309,118.68143617300174,0.0181119121482746,0.0132640074204541,Soft / Non-Viable,368.0399883122033,24.52200363257222,0.05628653586311463,0.6444774805774744,0.0007345840679319475,0.07476229710022161,0.7818772146119741,0.24761904761904752,0.8864605707249589,0.31795092168233513
mp-1215291,ZrTiFe4,-3m,164,P-3m1,trigonal,3,"Fe,Ti,Zr",12,165.82177636912172,7.259568315209324,1,0,0,ZrTiFe4,0.0,-0.2,0.0,1.9963812866825643,0,FM,0.8126595355673446,0.1845917643063951,0.0027487001262603,0.8126595355673446,0.6280677712609495,0.4520943836927653,True,False,422.5698467704154,281.8912433253528,25.34778561510015,23.604106687105315,422.5698467704154,0.0,25.34778561510015,,343.4054154212098,52.03480194795021,395.44021736916,21.054886813865032,0.1,True,12.390055470147807,1.239005547014781e-05,1.4253700233380308e-05,Easy-Axis (Uniaxial),4242.386894732407,4.242386894732407,53.31140704438589,1.346593747810391,Soft Magnet,76.89216537714711,5.783541241211367,558.2039274597726,0.7014597430850364,82.64608298918264,10.385613288432348,1.819163114623089,340.5131594105544,40.48678171395386,1.207959337060859,0.0056252108470095,Soft / Non-Viable,316.65076321816974,46.54190186297766,0.03275531379603265,0.45843988026165844,0.00010372595131105631,0.056548145308670354,0.6113674124120648,1.0,0.7185240144474092,0.31252790719227586
mp-757008,Mg(Fe5O8)2,3m,160,R3m,trigonal,3,"Fe,Mg,O",27,296.61793756904973,4.69549993163414,0,1,0,Mg(Fe5O8)2,0.0,-2.5,2.5,1.2912624811993887,0,FM,0.7898136965236373,0.207659448276686,0.0025268551996767,0.7898136965236373,0.5821542482469513,0.4805028025106523,False,True,681.7412928952488,201.64278322689503,28.30691734163895,9.6824071206743,681.7412928952488,0.0,28.30691734163895,,538.4486106144002,41.87302911387242,580.3216397282727,22.44742027477603,0.1,True,2550.7516319832807,0.0025507516319832,0.0007704977188807,Easy-Axis (Uniaxial),5417.785534437897,5.417785534437897,68.08190225748439,1.923881802623876,Soft Magnet,60.43833691633553,5.124113235899717,283.7882068587346,0.3566187783371284,25.30105090911156,3.1794238883331625,8.289100823056122,436.3874428330327,31.0339672018321,2.1641609773953343,0.1587577044750075,Semi-Hard (0.1 <= kappa < 1.0),492.0230877018829,39.93947769759632,0.4322287722584854,0.13243037594246143,0.021354152951385496,0.07243116377132477,0.5427758523488548,1.0,0.6854967669936353,0.3125101304020856
mp-753617,Fe2CoO6,4/mmm,136,P4_2/mnm,tetragonal,3,"Co,Fe,O",18,179.86349258750073,4.922980730197321,1,0,0,Fe2CoO6,0.016615051311699,-2.49169247434415,2.5,2.3999531059711945,0,FM,0.8542277278475447,0.1434867866133789,0.0022854855390764,0.8542277278475447,0.7107409412341659,0.3887356463466477,True,False,640.2291606583852,213.11544318989516,4.459704594956406,18.185695941051705,640.2291606583852,0.0,4.459704594956406,,546.9015012109531,30.579250121004165,577.4807513319573,4.617584081629877,0.9777777777777776,True,271.67693878261645,0.0002716769387826,3.231419557393238e-06,Easy-Axis (Uniaxial),7663.205566660834,7.663205566660834,96.29868311547015,0.7900374819346313,Soft Magnet,62.54426583640342,0.161707859928164,307.90421549695265,0.3869238485658219,29.783871012430275,3.7427516874349327,11.37322609689504,160.24205580944968,12.87202208311902,0.7519025998818257,0.0477535673815812,Soft / Non-Viable,538.8905260272787,28.03048109007651,0.36824411931634327,0.15791544250924702,0.0022744005458568473,0.10277325080755534,0.7361703208126541,0.882962962962963,0.9516585567523884,0.3119674761220557
mp-1215698,Zr3Fe8Mo,3m,160,R3m,trigonal,3,"Fe,Mo,Zr",12,168.82152530343615,8.029885989572717,0,1,0,Zr3Fe8Mo,0.0,-0.2,0.0,2.2082186471324974,0,FM,0.7730720527203279,0.2242112145405658,0.0027167327391062,0.7730720527203279,0.548860838179762,0.5008683419939253,False,True,443.0709195331981,303.7937764913638,1.715830622732739,10.134497042659746,443.0709195331981,0.0,1.715830622732739,,342.5257452642127,68.11397159699389,410.6397168612066,2.6311023089302195,0.1,True,37.72793375373918,3.772793375373918e-05,4.442745144362633e-05,Easy-Axis (Uniaxial),6157.242270585464,6.157242270585464,77.37418983771994,2.364959557646161,Soft Magnet,86.19105822019455,3.1273829607841463,692.1043708287866,0.8697240027652408,79.87218333777317,10.037034770993996,5.072326617568452,268.3219802701652,42.06365929304985,0.8832372518262994,0.0079168968492439,Soft / Non-Viable,340.5778323503107,64.82892866768655,0.06435460670114132,0.44267011577491977,0.0003158473203801099,0.08242335246018423,0.492511317774544,1.0,0.9822832848947205,0.30643053052929115
mp-1215720,Zr3AlFe8,3m,160,R3m,trigonal,3,"Al,Fe,Zr",12,171.32669820529546,7.244109613306523,0,1,0,Zr3AlFe8,0.0,-0.2,0.0,1.992130143659294,0,FM,0.9005509712090468,0.0969113997136268,0.0025376290773261,0.9005509712090468,0.80363957149542,0.3055534065095455,True,False,428.4271820772845,223.88086999767327,16.747286016936414,26.38087433972842,428.4271820772845,0.0,16.747286016936414,,385.8205149120536,21.696608480579044,407.5171233926327,15.296943193302564,0.1,True,257.2599967550146,0.000257259996755,7.76827757232012e-05,Easy-Axis (Uniaxial),391.0103432281124,0.3910103432281124,4.913580982508144,0.112570880744147,Soft Magnet,71.16487152519086,2.0893764441863567,515.5261299453588,0.6478292410279665,64.86663819055251,8.151382318456783,2.11197461979466,316.8912859179595,60.23064726294487,1.415446017881085,0.027754315130307,Soft / Non-Viable,365.4211403959028,19.168234546191453,0.04178350740067156,0.3573628073989459,0.002153706088078821,0.0045049636954057285,0.8752496307593967,1.0,0.8145152898296923,0.3059532344285437
mp-1412406,Ba(FeO2)4,-3m,162,P-31m,trigonal,3,"Ba,Fe,O",13,211.1064335037813,3.844075629048129,1,0,0,Ba(FeO2)4,0.0,-2.5,2.5,1.0571207979882355,0,FM,0.8918929722793147,0.1060194049828559,0.0020876227378293,0.8918929722793147,0.7858735672964589,0.3211748253765492,True,False,574.7035357421705,199.437775911302,6.888060322537115,10.215388363275494,574.7035357421705,0.0,6.888060322537115,,512.5740446725158,21.144274333220395,533.7183190057362,6.238146437553799,0.1,True,769.5910741127341,0.0007695910741127,0.0001871645347555,Easy-Axis (Uniaxial),13219.3703845185,13.2193703845185,166.11951076753886,0.9200847895047736,Hard Magnet,68.41850608258301,3.351563860429877,263.0059118079385,0.3305029761546018,21.7310591496946,2.730805484227458,10.026449811773707,320.9488032885307,9.538103123873697,1.6092678622292178,0.094093488102562,Soft / Non-Viable,501.0693907092419,20.116771182022838,0.26724631112961167,0.1121347862166409,0.0064427932929896035,0.17785302834217626,0.8492551530569242,1.0,0.9245553680699411,0.30412925078125363
mp-1048391,BaFe4O7,6mm,186,P6_3mc,hexagonal,3,"Ba,Fe,O",24,385.3641334806176,4.073765040343883,0,1,0,BaFe4O7,0.1097254415429633,-2.4451372792285184,2.5,1.1202853860945678,0,FM,0.8949488206802327,0.1029289216073632,0.002122257712404,0.8949488206802327,0.7920198990728695,0.3153282818951786,True,False,562.3119056520528,213.2980201119985,1.9832117640021352,3.76088866790272,562.3119056520528,0.0,1.9832117640021352,,503.2403768177589,21.954535191113678,525.1949120088726,1.8165968026770187,0.1,True,827.1996105844461,0.0008271996105844,1.1626076470274667e-06,Easy-Axis (Uniaxial),9353.01446324082,9.35301446324082,117.53344838986234,2.427683146869266,Soft Magnet,70.0274001432621,1.5635206102435788,285.27517456979336,0.3584873570720034,25.56688584244491,3.2128296919272388,21.48382719766396,427.96664924106494,10.422536518891974,2.006425793433752,0.0899365551743389,Soft / Non-Viable,499.9354505948873,21.549312367689968,0.24814649360688035,0.1339416614314245,0.006925075253999539,0.12560743233209964,0.8584299270161833,1.0,0.9792990097987598,0.3016616190540756
mp-1048359,BaAlFe4O7,6mm,186,P6_3mc,hexagonal,4,"Al,Ba,Fe,O",26,310.51120044348306,5.344382844726233,0,1,0,BaAlFe4O7,0.0,-2.5,2.5,1.4697052822997143,0,FM,0.8133527236836077,0.1840130045017206,0.0026342718146716,0.8133527236836077,0.629339719181887,0.4507177005972193,True,False,609.7307068894089,195.4570022795592,14.430206711419146,1.4047909286399405,609.7307068894089,0.0,14.430206711419146,,495.92613116203216,35.96663024036135,531.8927614023935,11.739694268864117,0.1,True,172.59678250634377,0.0001725967825063,3.77510886982181e-05,Easy-Axis (Uniaxial),14819.62190925608,14.81962190925608,186.2288648942481,3.524648187666229,Hard Magnet,57.171046165961805,0.1485171254089508,305.5439583444178,0.3839578619534274,24.651014398293174,3.0977378896681658,7.388920574926761,329.95185985338094,4.261642431649221,1.6881045754577564,0.0383563890538102,Soft / Non-Viable,473.1664966437416,35.71576433164864,0.32123538055666545,0.12873488440650102,0.0014449302105085634,0.19947703202374115,0.613448616530714,1.0,0.8403765081414734,0.3004386148481385
mp-1184006,GaCo3,4/mmm,139,I4/mmm,tetragonal,2,"Co,Ga",4,44.66659445491001,9.164799527684885,1,0,0,GaCo3,0.0,-0.2,0.0,1.9475198996330376,0,FM,0.9255152167140206,0.0722538436915626,0.0022309395944167,0.9255152167140206,0.853261373022458,0.2504176202554429,True,False,708.3491835218072,234.73172642046688,23.917732803879915,25.42612423547304,708.3491835218072,0.0,23.917732803879915,,655.5879480963849,16.960269470235065,672.54821756662,22.21232883344027,7.5,True,79.60978925275329,7.960978925275328e-05,0.0001445600170821,Easy-Axis (Uniaxial),2432.7695184820304,2.4327695184820306,30.571083982464263,1.0020699067239331,Soft Magnet,55.81500573495005,0.416515209968761,511.5333381973993,0.6428117509388851,48.97152339337567,6.153943244661544,0.4949018817396179,468.6214765294922,44.66459801708757,1.996413027227801,0.0155598125900398,Soft / Non-Viable,607.1800476202878,15.047297226757,0.47324079827412247,0.2669982490726245,0.0006664700689847703,0.03209500641059688,0.9502014213988732,0.013333333333333308,0.7344850166713217,0.2980726209149461
mp-755444,LiZn(FeO2)4,3m,160,R3m,trigonal,4,"Fe,Li,O,Zn",14,152.7422401155755,4.606533520482207,0,1,0,LiZn(FeO2)4,0.0,-2.5,2.5,1.2667967181326072,0,FM,0.8640187901376704,0.1336425182426061,0.0023386916197234,0.8640187901376704,0.7303762718950642,0.372671047440386,True,False,645.6682082048195,284.0162520582599,32.6703531439058,18.732063472800636,645.6682082048195,0.0,32.6703531439058,,557.8694640834856,37.95664714689263,595.8261112303782,28.338589386819752,0.6214285714285714,True,20.60010905092936,2.060010905092936e-05,1.1859262542076476e-05,Easy-Axis (Uniaxial),2130.8097197440397,2.130809719744039,26.77654516716904,0.0309417495320671,Soft Magnet,53.85622560062167,2.0277547776396325,248.09050851591573,0.3117597275915827,19.336157338244785,2.4298532409040883,3.348789464786795,344.6676206933582,20.73848539082161,1.213548936708935,0.0163199821122737,Soft / Non-Viable,503.08312010192594,34.70606599165791,0.3766275858077455,0.09851964425711209,0.00017245813899440584,0.028014660478312466,0.7655666689122335,0.9304761904761905,0.6367959022441342,0.2961444104365928
mp-1183733,Co3S,6/mmm,194,P6_3/mmc,hexagonal,2,"Co,S",8,90.264335112934,7.684714080535338,1,0,0,Co3S,0.0,-1.2,1.2,1.6330017421137593,0,FM,0.7346229664223191,0.2619405364006975,0.0034364971769834,0.7346229664223191,0.4726824300216216,0.5433744873868479,False,True,559.0956290340455,223.5489277974722,30.849645169428754,10.894373574314614,559.0956290340455,0.0,30.849645169428754,,410.72448951474297,58.55652605907066,469.2810155738137,22.841817008963,6.025,True,1107.343530108216,0.0011073435301082,0.0007049814283871,Easy-Axis (Uniaxial),7863.203374247892,7.863203374247892,98.81192973649314,2.3781480286729453,Soft Magnet,75.56740448707133,8.30249446653859,580.7138972913064,0.7297466054271463,97.1104102098115,12.20325428916143,20.528121326953013,141.1381514847988,23.159100900419404,0.6313523973269298,0.0511180213264492,Soft / Non-Viable,372.4270182950417,55.53161525045296,0.24318909122641727,0.540670336440035,0.009270358907218525,0.10547579678905449,0.37707310571588765,0.20999999999999985,0.6571170566810299,0.29364381782519183
mp-1225401,Fe6ClO12,4/m,87,I4/m,tetragonal,3,"Cl,Fe,O",38,475.0137003670883,3.932852724302211,1,0,0,Fe6ClO12,0.0,-2.5,2.5,1.0815344991831082,0,FM,0.8487775680538325,0.1488924059581064,0.002330025988061,0.8487775680538325,0.699885162095726,0.397645794334684,True,False,606.9164098311342,201.75409615361215,18.3584476814612,8.616532983935187,606.9164098311342,0.0,18.3584476814612,,515.1370343484332,30.039652788214465,545.1766871366476,15.634963532682056,0.1,True,889.3517003807934,0.0008893517003807,7.048802568825691e-06,Easy-Axis (Uniaxial),9514.42461304436,9.514424613044358,119.56178819261731,1.5220353862600022,Soft Magnet,61.005165233740215,4.189317631311642,239.92433028602173,0.3014978053776068,18.084164759481908,2.2725232103360296,0.811063365333813,146.76068376617866,25.78738903113667,0.727423564448662,0.1108811053436638,Semi-Hard (0.1 <= kappa < 1.0),485.4311592169799,28.79891862696013,0.31689756867260394,0.0914020010156909,0.007445394525823953,0.12778854800025438,0.7198069488161473,1.0,0.7965329085436335,0.292521351333372
mp-1226575,Co12Ge4C,4/mmm,123,P4/mmm,tetragonal,3,"C,Co,Ge",17,188.76349174298272,8.882866734574353,1,0,0,Co12Ge4C,0.0,-0.2,0.0,1.88760918109705,0,FM,0.9185634423784876,0.0791902422850674,0.0022463153364448,0.9185634423784876,0.8393732000934203,0.2662854934713499,True,False,599.5134031892392,178.20426533384827,16.07131187373392,26.311892735874324,599.5134031892392,0.0,16.07131187373392,,550.6910953855498,14.112038948019896,564.8031343335697,14.908841700960703,7.064705882352942,True,103.73037501467606,0.0001037303750146,8.09100011808435e-06,Easy-Axis (Uniaxial),2424.4044322957984,2.4244044322957983,30.46596520718488,1.4272964116765092,Soft Magnet,52.34213884010264,5.680825641680798,464.94824391922,0.5842711949584387,67.91396651712758,8.534320897249884,7.376476080600296,435.5226347992957,54.7586869259294,2.443951798703508,0.0195408490657087,Soft / Non-Viable,522.6900462312851,12.471318919584906,0.3054869572396073,0.37468702819382516,0.0008684006180735569,0.03198197002119718,0.9293296536354156,0.07137254901960766,0.8220599236490239,0.2921765251283824
mp-1185853,MgCo3,6/mmm,194,P6_3/mmc,hexagonal,2,"Co,Mg",8,98.85833112033632,6.755971227654016,1,0,0,MgCo3,0.0,-0.2,0.0,1.4356438858764784,0,FM,0.9047677204562252,0.0926250386937298,0.0026072408500449,0.9047677204562252,0.8121426817624954,0.2971305287770392,True,False,538.526386567936,193.2675197964075,14.388812408118554,22.08847446751183,538.526386567936,0.0,14.388812408118554,,487.2412911805994,17.90141149938344,505.1427026799829,13.1783191555141,6.025,True,254.689233669301,0.0002546892336693,4.327597094366789e-05,Easy-Axis (Uniaxial),6795.045080285001,6.795045080285001,85.38905647898834,0.8182369560984103,Soft Magnet,70.90171393651913,5.534132407143673,479.00993934647903,0.6019416425789563,72.08400742546645,9.058343702742302,4.616947355558765,316.59697959571605,19.812365313811824,1.6381282272842672,0.0297204811699956,Soft / Non-Viable,464.9414406147144,16.120972997184637,0.21148472506745492,0.3983939286908044,0.00213218440504019,0.09104190403901612,0.8879098534242762,0.20999999999999985,0.8408385152518781,0.29160436328119027
mp-1221705,Mn3Sb2,-6m2,187,P-6m2,hexagonal,2,"Mn,Sb",5,86.73981261112024,7.817111473148667,0,0,0,Mn3Sb2,0.0,-0.6,0.5,2.93141680243075,0,FM,0.8619424315308956,0.1357358196121904,0.0023217488569141,0.8619424315308956,0.7262066119187052,0.3761189962451244,True,False,413.2137533416923,257.7056484628507,46.697425909255344,17.256361541586926,413.2137533416923,0.0,46.697425909255344,,356.166467297346,34.97988741279607,391.1463547101421,40.3185884249707,1.2600000000000002,True,24.71868436773932,2.471868436773932e-05,2.874902620547492e-05,Easy-Axis (Uniaxial),22073.755697924844,22.073755697924845,277.38700033972987,2.272373531532398,Hard Magnet,55.28829211247175,12.415012350968372,432.1947426031979,0.5431119313129352,58.682530339629935,7.3742643916211374,1.6742241452091278,186.550665824084,36.308711900782455,0.7238904810073498,0.0102619114869994,Soft / Non-Viable,308.19363572999447,32.20148507007033,0.018334315435474043,0.32220583107498696,0.00020693765717022332,0.2975012571707605,0.759332681365666,0.8453333333333333,0.48023795008592773,0.29149309601691614
mp-1221978,MgZn(FeO2)4,3m,160,R3m,trigonal,4,"Fe,Mg,O,Zn",14,153.96279047444108,4.757291337872047,0,1,0,MgZn(FeO2)4,0.0,-2.5,2.5,1.308255117914813,0,FM,0.8637664792702526,0.1339118020815382,0.0023217186482091,0.8637664792702526,0.7298546771887144,0.3730368584021165,True,False,605.9384865395696,193.66843704797355,65.83059287198512,15.718625494342843,605.9384865395696,0.0,65.83059287198512,,523.3893531726294,25.93448941140908,549.3238425840385,56.901205538386336,0.1999999999999999,True,95.24261226855778,9.524261226855776e-05,7.659020920511929e-05,Easy-Axis (Uniaxial),2054.7559399285037,2.054755939928503,25.820825164817418,0.1814378670685987,Soft Magnet,55.09232568012138,2.6366967255213787,262.0902437412672,0.3293523137260493,21.58000704530264,2.711823716600017,4.964949392288184,355.7191955422435,17.886584815436123,1.836743255454312,0.0332169583948344,Soft / Non-Viable,429.20632940814113,24.044738234334066,0.3153902483052046,0.11127604710894566,0.0007973435297936065,0.026986955027447315,0.7648091394564768,0.9866666666666667,0.26669022789933217,0.290196253853513
mp-1221853,Mn3Zn(FeO2)8,3m,160,R3m,trigonal,4,"Fe,Mn,O,Zn",28,316.6849497275272,4.89205125304771,0,1,0,Mn3Zn(FeO2)8,0.0,-2.5,2.5,3.179833314481012,0,FM,0.8991415343504329,0.0986866985773474,0.0021717670722196,0.8991415343504329,0.8004548357730854,0.3071592923517056,True,False,577.3515464684133,214.5331920294585,21.02320696789417,21.09908904925392,577.3515464684133,0.0,21.02320696789417,,519.1207553512044,21.171572456647368,540.2923278078517,19.017172779350087,0.15,True,32.007615657663806,3.2007615657663807e-05,2.167930260406386e-05,Easy-Axis (Uniaxial),1305.6357666310653,1.3056357666310652,16.407103249588925,0.3211261192267756,Soft Magnet,53.80178136061491,1.638475166433036,263.2010719213951,0.3307482215860854,21.763321614388204,2.734859705188944,9.336514174713116,496.9245984356157,23.00798880033267,2.3163063660908043,0.0191749427539288,Soft / Non-Viable,485.1245119513638,19.15120731404824,0.27132781786453325,0.11231820001451254,0.00026795847615767237,0.016864185490967895,0.8710179860928136,0.9933333333333333,0.7667911895223225,0.2896891587336222
mp-1221984,Mn3Fe8CuO16,3m,160,R3m,trigonal,4,"Cu,Fe,Mn,O",28,323.849881589418,4.774265821133541,0,1,0,Mn3Fe8CuO16,0.0,-2.5,2.5,3.103272783736802,0,FM,0.887008167537054,0.1108032295192274,0.0021886029437184,0.887008167537054,0.7762049380178265,0.330894131990848,True,False,577.1929469961779,347.5336432517614,12.085124038449976,1.6649384045960574,577.1929469961779,0.0,12.085124038449976,,511.9748582303917,38.507850038878246,550.4827082692699,10.72119103249595,0.1678571428571428,True,55.985645422570855,5.598564542257086e-05,6.075485290872596e-06,Easy-Axis (Uniaxial),4244.816140976646,4.244816140976647,53.34193385359758,3.6417222696780978,Soft Magnet,52.01951635018929,2.8363435452080275,248.35499894260616,0.3120920960641569,19.37740804700236,2.435036957948318,8.207325638324678,470.6424116266869,16.07972469152807,1.3542355416961536,0.0268757446801505,Soft / Non-Viable,492.1492427501747,38.18993062802099,0.2710833608433933,0.09875415669222755,0.0004686955877809617,0.056580971416889496,0.834589183589363,0.9909523809523809,0.8665502756169426,0.28567964515254707
mp-1215582,ZnNi4,-3m,166,R-3m,trigonal,2,"Ni,Zn",5,56.23478686260236,8.863996165360719,1,0,0,ZnNi4,0.0,-0.2,0.0,0.6647997124020539,0,FM,0.937521805357442,0.0331843209631955,0.0292938736793625,0.937521805357442,0.9043374843942464,0.2520616114230416,True,False,431.0760690270189,266.15298395725006,12.877629979292664,17.550957886728014,431.0760690270189,0.0,12.877629979292664,,404.1432144806,8.832106044949608,412.9753205255497,12.087098927728212,3.5,True,94.25498078931128,9.425498078931128e-05,1.5645171230952828e-05,Easy-Axis (Uniaxial),4450.814365067339,4.450814365067339,55.93058393371062,0.811055080386892,Soft Magnet,52.8959127219286,5.416645444807173,468.86916753043033,0.5891983728833448,69.06423765102448,8.678868233813475,42.5377484756156,205.4156165850036,1.3693198531563269,0.7717952792819252,0.0184712185891137,Soft / Non-Viable,387.5092135932002,8.119574494862219,0.04586636470115048,0.3812263797050563,0.0007890753654600077,0.0593646002947707,0.9862495894925872,0.5466666666666666,0.8577050155083592,0.285180952037026
mp-1228972,AlCoNi6,4/mmm,123,P4/mmm,tetragonal,3,"Al,Co,Ni",8,87.77340796267792,8.28771368629623,1,0,0,AlCoNi6,0.0,-0.2,0.0,2.3827176848101663,0,FM,0.7991510934496597,0.0108045306071828,0.1900443759431574,0.7991510934496597,0.6091067175065024,0.4948631669743448,False,True,532.8569034842419,171.09459276196992,89.7251519217312,2.17638655557262,532.8569034842419,0.0,89.7251519217312,,425.8331770716317,1.848596764220195,427.6817738358519,71.70395712395522,4.0125,True,91.02915548489092,9.102915548489093e-05,9.185753546037844e-05,Easy-Axis (Uniaxial),3764.625429635324,3.764625429635324,47.3076792920826,3.7124543055253736,Soft Magnet,58.682424230131176,8.276783702618598,486.3431304370997,0.611156802282022,74.30797810244154,9.33781610579496,6.5854041321587085,247.45469862643483,68.31230726028845,1.4463034432110813,0.0175001809361253,Soft / Non-Viable,327.79499216705835,1.828697006326273,0.20274607716082257,0.4110373182177072,0.0007620696914926508,0.05009221290025518,0.5708101311888658,0.4783333333333333,0.0,0.2840355929514871
mp-1216930,TiFe5O8,-3m,166,R-3m,trigonal,3,"Fe,O,Ti",14,159.03300542019213,4.751781388830253,1,0,0,TiFe5O8,0.0110899094026464,-2.4944550452986767,2.5,1.3067398819283196,0,FM,0.8386000190461086,0.1593018579271606,0.0020981230267308,0.8386000190461086,0.6792981611189479,0.412502519354709,True,False,597.6555156096501,192.97515660208427,1.2676385255088576,8.992089322156133,597.6555156096501,0.0,1.2676385255088576,,501.1939267732645,30.7413009804968,531.9352277537613,1.7838131529755012,0.1,True,548.513421285235,0.0005485134212852,8.884138014201898e-05,Easy-Axis (Uniaxial),2066.464954405448,2.066464954405448,25.96796498312208,1.149872048246661,Soft Magnet,55.74309006164923,1.2972649958742473,264.87897791083344,0.332856740438019,22.041688299488516,2.769840295185121,7.189018881415919,366.4113633445053,1.1209692904889437,1.8987488845522604,0.0788753329188615,Soft / Non-Viable,499.08506193322273,29.41862639892541,0.30262330544482047,0.11390072916720036,0.0045919952954827925,0.027145177512002343,0.6892502263108364,1.0,0.9872856141824246,0.2821543847879715
mp-1221938,Mn6GaGe,-6m2,187,P-6m2,hexagonal,3,"Ga,Ge,Mn",8,96.59529401821476,8.113852253261697,0,0,0,Mn6GaGe,0.0,-0.2,0.0,3.0426945949731365,0,FM,0.7034276477868386,0.2921053681870794,0.004466984026082,0.7034276477868386,0.4113222795997592,0.5744581477815096,False,True,497.3887442887632,235.7070460305261,10.41216669204502,25.36341182472013,497.3887442887632,0.0,10.41216669204502,,349.876994430694,68.8512934650357,418.72828789572975,10.417972123236137,1.575,True,5524.416354234476,0.0055244163542344,0.0034953478741224,Easy-Axis (Uniaxial),27176.296510780398,27.176296510780396,341.5074205146305,15.603709270231429,Hard Magnet,51.997995975940526,0.775043727195893,421.9040568144777,0.5301802741632375,55.92130212812049,7.027278214313736,8.007140486594686,217.8439157252991,15.214572007657026,0.9242146952920806,0.1571536845609585,Semi-Hard (0.1 <= kappa < 1.0),338.1410575743973,61.10245927461007,0.14807729157133967,0.3065081043863098,0.046248811650758864,0.3664512688513413,0.28341335578142857,0.8033333333333333,0.8852223664075589,0.281228871752952
mp-1218035,Ta3AlCo8,3m,160,R3m,trigonal,3,"Al,Co,Ta",12,151.14896812604223,11.439733760590236,0,1,0,Ta3AlCo8,0.0,-0.2,0.0,2.430943424125425,0,FM,0.9167970873474696,0.0794600578528248,0.0037428547997057,0.9167970873474696,0.8373370294946447,0.2746999405219507,True,False,420.7889581503186,157.23880806874922,18.716953206849325,0.603613664380859,420.7889581503186,0.0,18.716953206849325,,385.77809122018834,12.494204785852034,398.2722960060404,17.159715215206084,6.841666666666667,True,5081.669535787213,0.0050816695357872,0.0073359942438549,Easy-Axis (Uniaxial),33972.09202102595,33.97209202102595,426.9059071748065,2.0957764841888324,Hard Magnet,62.51929674521188,8.558172550033966,715.2041096645596,0.8987519906957637,71.53880071489868,8.989831005547007,4.902995236315866,330.7014250810633,48.1741516410961,2.103179419526453,0.0889136167120018,Soft / Non-Viable,363.1229095332898,12.456609886156306,0.030010344213759206,0.39529440004784344,0.042542263682186165,0.4582820247425505,0.9240264101445008,0.10111111111111104,0.7925315825484611,0.280814200219937
mp-1222057,MgFe4CoO8,3m,160,R3m,trigonal,4,"Co,Fe,Mg,O",14,155.69540018177847,4.635284802446733,0,1,0,MgFe4CoO8,0.0,-2.5,2.5,2.259701341192782,0,FM,0.8777995662288977,0.1200447677120544,0.002155666059048,0.8777995662288977,0.7577547985168432,0.3478265963861219,True,False,553.3931887526272,241.39200756483515,55.707288816175605,13.766077061730172,553.3931887526272,0.0,55.707288816175605,,485.7683010410827,28.977847475667115,514.7461485167498,48.92774946681551,0.6642857142857143,True,287.0696706334245,0.0002870696706334,0.0002168450316203,Easy-Axis (Uniaxial),8184.364228949403,8.184364228949402,102.84775614190048,2.436124533799,Soft Magnet,59.63064927181765,4.526390412382362,276.40504232968766,0.347340820159249,24.00168852473641,3.0161411923169217,3.7267449994175976,483.27400140799335,60.99745567067163,2.00202983637804,0.0546817949606084,Soft / Non-Viable,409.6921679545235,27.111736224919404,0.23439964480029923,0.12504343288051195,0.002403264033058102,0.10981560424874671,0.8069415962751847,0.9247619047619048,0.3796777184873522,0.2806253411977707
mp-1105063,Zr(Fe2P)2,4/mmm,136,P4_2/mnm,tetragonal,3,"Fe,P,Zr",14,172.41114039895191,7.253342395584176,1,0,0,Zr(Fe2P)2,0.0,-0.6,0.5,1.9946691587856489,0,FM,0.7394462836358481,0.2555248698669495,0.0050288464972023,0.7394462836358481,0.4839214137688985,0.5447483749587714,False,True,454.51207877374617,224.02321281122343,6.978894193226893,31.90556931933601,454.51207877374617,0.0,6.978894193226893,,336.08726751685043,57.24350230076382,393.3307698176143,9.648673991617445,0.0999999999999999,True,1794.9883619142065,0.0017949883619142,0.0015859256223935,Easy-Axis (Uniaxial),1977.675964552054,1.977675964552054,24.85220960847403,0.8018416822147457,Soft Magnet,75.77212098790753,0.9766814253613488,549.6011375649232,0.6906491584714224,69.19389585476046,8.695161564543389,22.167426988937635,105.72833922274032,13.444646497255022,0.4719526065891837,0.0687667126384571,Soft / Non-Viable,328.4466201496915,49.36794098458154,0.08198941763027422,0.3819634933694424,0.015027122023821244,0.02594538272112591,0.3915544671455445,1.0,0.9235415596282451,0.27909045570864155
mp-1044425,BaMg(FeO2)4,-3m,162,P-31m,trigonal,4,"Ba,Fe,Mg,O",14,186.5852741622049,4.565571972720085,1,0,0,BaMg(FeO2)4,0.0,-2.5,2.5,1.2555322924980237,0,FM,0.8049337350864797,0.1927295755508682,0.0023366893626521,0.8049337350864797,0.6122041595356115,0.4607156131019206,True,False,568.5646677778946,219.54650261514325,11.540668714126298,9.776894148455426,568.5646677778946,0.0,11.540668714126298,,457.6568816726641,42.31310426269413,499.96998593535824,9.478654607734702,0.0999999999999999,True,422.74627883543695,0.0004227462788354,0.0001184273802967,Easy-Axis (Uniaxial),12483.636187943535,12.483636187943535,156.874002000108,1.3774519345982272,Hard Magnet,60.40472825586589,0.383279038921799,275.7821343447543,0.3465580508995174,23.893629737856728,3.0025621244124405,20.176077006616865,363.3218371741101,31.41504287101296,1.6548741740195223,0.0665072263741132,Soft / Non-Viable,440.7035045167242,40.34105322652922,0.25778417765232853,0.12442911302977423,0.003539109251049045,0.16791114187654757,0.5881717352165019,1.0,0.8726270110872475,0.2779139324189767
mp-1048047,MgFe4O9,4/m,85,P4/n,tetragonal,3,"Fe,Mg,O",28,312.6336312335045,4.160776150235596,1,0,0,MgFe4O9,0.0,-2.5,2.5,1.1442134413147889,0,FM,0.814856531879315,0.1827706008071239,0.002372867313561,0.814856531879315,0.632085931072191,0.4476557106998753,True,False,629.3988975971727,192.00267083585123,4.807228762233706,3.177808462163952,629.3988975971727,0.0,4.807228762233706,,512.8698028646962,35.09244350524098,547.9622463699372,3.960026492082175,0.1,True,120.54619071149484,0.0001205461907114,1.727614330644735e-05,Easy-Axis (Uniaxial),3795.5720962111054,3.795572096211106,47.69656658110777,0.907456335540961,Soft Magnet,52.888658533994665,6.8994520783153845,220.0578690461993,0.2765328739040658,15.213308738137512,1.9117607958807328,8.511041473721296,167.523386682311,54.351806602735216,0.8725055018923759,0.0445076752378945,Soft / Non-Viable,504.78114145852095,34.543579115113786,0.35155091215247664,0.07508103449877569,0.0010091777505427761,0.05051039143133117,0.6179635984485182,1.0,0.9477797950987937,0.27741081403831824
mp-18950,BaCa(FeO2)4,-3m,162,P-31m,trigonal,4,"Ba,Ca,Fe,O",14,206.821987066158,4.245487597459637,1,0,0,BaCa(FeO2)4,0.0,-2.5,2.5,1.1675090893014004,0,FM,0.8140869317137358,0.1836156367193364,0.0022974315669276,0.8140869317137358,0.6304712949943994,0.4484013369699674,True,False,567.3073641081689,226.49419147659063,5.15146183073216,14.611095208666312,567.3073641081689,0.0,5.15146183073216,,461.8375113854264,41.5878751812055,503.4253865666319,4.978452499939263,0.0999999999999999,True,97.72410758706258,9.772410758706258e-05,1.5936011093945073e-05,Easy-Axis (Uniaxial),12900.059012417774,12.900059012417774,162.10692564638927,0.1488960532230975,Hard Magnet,60.00064400871649,0.558737682470607,254.73198997859677,0.3201056593404273,20.38528790179946,2.561690878310087,23.06763130313902,402.7668958340673,7.942253676609511,1.778265893744544,0.0346188339961266,Soft / Non-Viable,454.0409296563765,38.75650058145374,0.2558462348241633,0.1044840063401781,0.0008181178889727082,0.17353821271529915,0.6156529774255395,1.0,0.9439377658193576,0.2743485973055241
mp-1215554,Zr2FeCo3,-3m,166,R-3m,trigonal,3,"Co,Fe,Zr",6,85.57046074129613,8.055086400614083,1,0,0,Zr2FeCo3,0.0,-0.2,0.0,3.926854620299366,0,FM,0.9099925903862592,0.0877194351318096,0.0022879744819313,0.9099925903862592,0.8222731552544496,0.2851010964634994,True,False,442.39728718086167,249.4966596520959,45.47366100070545,23.802017770330863,442.39728718086167,0.0,45.47366100070545,,402.5782533415661,21.885706051955207,424.4639593935213,41.433334496613206,4.05,True,510.4794331802643,0.0005104794331802,0.0005965248552147,Easy-Axis (Uniaxial),2958.0799424368315,2.958079942436832,37.17232958570851,0.4294187921956766,Soft Magnet,68.46954137698566,3.6496511272605474,551.5280716020404,0.6930706151974062,70.163625299868,8.817021362939535,2.779539730190044,336.226914274801,34.81648697759471,1.347620904999866,0.0365440411011486,Soft / Non-Viable,349.58808625999194,19.558095382691917,0.06331630464455436,0.3874764559445058,0.004273585776828921,0.03919346210082083,0.9035968228957302,0.4733333333333334,0.4938965466591859,0.2743254126440031
mp-1044403,BaZn(FeO2)4,-3m,162,P-31m,trigonal,4,"Ba,Fe,O,Zn",14,188.12413267864287,4.891043392598201,1,0,0,BaZn(FeO2)4,0.0,-2.5,2.5,1.345036932964505,0,FM,0.850529792496882,0.1471579934408572,0.0023122140622606,0.850529792496882,0.7033717990560248,0.3947913366780904,True,False,499.1578433091111,190.50678781470256,13.145094204238944,18.880274727613823,499.1578433091111,0.0,13.145094204238944,,424.54861689288936,28.034596631674784,452.58321352456414,11.5203469320017,0.1999999999999999,True,344.99981478706667,0.000344999814787,6.161491115819376e-06,Easy-Axis (Uniaxial),5756.425816454364,5.756425816454364,72.33738162892541,0.4686964761080863,Soft Magnet,68.38058742266624,4.8674186180102765,334.4524202956153,0.4202853066304124,35.141359504306564,4.415993560024786,12.211144832922638,317.77688465997386,46.29845167017567,1.668060693821898,0.0495416145270834,Soft / Non-Viable,406.7270649458021,25.6163755884924,0.15080408927451153,0.18837304457656504,0.0028882384003154826,0.07700716860047255,0.7250677671165702,0.9866666666666667,0.8547198131048606,0.27352033169001566
mp-1226015,CoNiGe,6/mmm,194,P6_3/mmc,hexagonal,3,"Co,Ge,Ni",6,70.21589048001408,8.999248242755186,1,0,0,CoNiGe,0.001,-0.1995,0.0,2.587283869792116,0,FM,0.7763780591652734,0.2193004586386081,0.0043214821961182,0.7763780591652734,0.5570776005266652,0.5031689825187056,False,True,420.81809498935297,258.47674465029536,37.96311918406335,0.9019827211573386,420.81809498935297,0.0,37.96311918406335,,326.7139358494615,56.68406864922417,383.3980044986857,29.474396543441408,6.0,True,851.2712318962987,0.0008512712318962,0.0005867715281227,Easy-Axis (Uniaxial),3749.857257846575,3.749857257846575,47.12209696848335,0.3263965808919081,Soft Magnet,66.24198891999899,1.945065055354576,596.1281023849094,0.7491166668203422,111.64237426412976,14.02939478524886,3.977984828016651,170.48947795760068,42.822807980773966,0.6595931026145638,0.0436605749886504,Soft / Non-Viable,290.01442817628106,56.42957613603947,0.030055254230012002,0.6232853115527459,0.007126595886912101,0.04989265239605115,0.5024371576267818,0.21333333333333326,0.5777226639169986,0.2721347107419802
mp-1226203,CoNi2Sn,3m,156,P3m1,trigonal,3,"Co,Ni,Sn",12,157.68582291460805,9.3206001176036,0,1,0,CoNi2Sn,0.0,-0.2,0.0,2.679672533811035,0,FM,0.9291092929507404,0.0625886291679983,0.0083020778812612,0.9291092929507404,0.8665206637827421,0.2562665189983961,True,False,463.78754304082463,278.3044252959265,37.2457241141332,14.50304236997664,463.78754304082463,0.0,37.2457241141332,,430.9093161940216,17.418692470659643,448.3280086646813,34.61725152786314,4.5,True,356.63422028499446,0.0003566342202849,0.0003748988369855,Easy-Axis (Uniaxial),6133.150469363205,6.133150469363205,77.07144332891212,0.4714127322953298,Soft Magnet,47.33907900631768,12.312432888612127,441.22862535353073,0.5544642431856701,61.161373957124745,7.685765073597432,7.472728088706473,220.87862864797845,36.25897971554278,0.7936583416275682,0.0381806127744811,Soft / Non-Viable,383.31929988964674,16.240974746284238,0.0962861383725354,0.33629818658881594,0.002985638269195478,0.08209780288858728,0.9609921520693944,0.41333333333333333,0.5857296019942075,0.27105116513928945
mp-1248448,Al(FeO2)2,4/m,88,I4_1/a,tetragonal,3,"Al,Fe,O",14,148.08265829306097,4.5452995859061005,1,0,0,Al(FeO2)2,0.0043859990523126,-2.4978070004738435,2.5,1.2499573861241775,0,FM,0.7509553762387817,0.2465040974066292,0.002540526354589,0.7509553762387817,0.5044512788321525,0.5238059198350987,False,True,646.2409615270803,180.68695776173843,13.242429246004235,8.33777623385771,646.2409615270803,0.0,13.242429246004235,,485.2981244044807,44.54007543620708,529.8381998406878,10.154643942649017,0.0999999999999999,True,190.04975271641797,0.0001900497527164,2.125334015716588e-05,Easy-Axis (Uniaxial),4246.507449544032,4.2465074495440325,53.363187464291485,0.3266326161583948,Soft Magnet,52.710021883769926,11.243205806624331,239.5828406414009,0.3010686768340797,18.032722206014192,2.2660587482882018,10.4118920862499,204.79736125386611,46.92655038181236,1.13343743118372,0.051330206633252,Soft / Non-Viable,464.7819826700612,42.75756057433497,0.37751039814649057,0.09110954741075601,0.0015910414157899188,0.056603825863282727,0.4261089702669612,1.0,0.8536334442617723,0.27022039958524235
mp-1194040,Mn5Al8,3m,160,R3m,trigonal,2,"Al,Mn",26,352.4968789251464,4.6216865512439576,0,1,0,Mn5Al8,0.0,-0.2,0.0,1.733132456716484,0,FM,0.7721362060784619,0.2239299433475055,0.0039338505740324,0.7721362060784619,0.5482062627309563,0.5065935802243873,False,True,408.6888886955308,160.86435315832745,24.321161796138146,29.920759137194796,408.6888886955308,0.0,24.321161796138146,,315.56348798379,36.022345489377386,351.5858334731673,19.93871303967415,0.1,True,49540.75994843287,0.0495407599484328,0.000392075824391,Easy-Axis (Uniaxial),25977.93008428032,25.97793008428032,326.4483035748726,0.3160389517453104,Hard Magnet,83.39002590804503,7.167613367330709,385.4025612470969,0.4843111420354279,11.659769516687362,1.4652098787115702,2.6500152559239933,144.93425965288935,38.30684261838249,0.90097188598546,0.5151833320414113,Semi-Hard (0.1 <= kappa < 1.0),291.8990727303945,31.33457424597549,0.011359923170031393,0.054878978311132656,0.4147408755921064,0.35025788948696246,0.48970156405866183,1.0,0.7299822941200265,0.26551075097922605
mp-1048015,CaFe4O9,4/m,85,P4/n,tetragonal,3,"Ca,Fe,O",28,380.3595835337978,3.557638562683476,1,0,0,CaFe4O9,0.0,-2.5,2.5,0.978350604737956,0,FM,0.8086672621407972,0.188845088202247,0.0024876496569558,0.8086672621407972,0.6198221739385502,0.4564159311138594,True,False,608.9494473148716,195.83717939692028,1.3893535440607252,1.903221158552924,608.9494473148716,0.0,1.3893535440607252,,492.4374823422688,36.98288941649068,529.4203717587595,1.1796127378945565,0.1,True,138.7250004460262,0.000138725000446,4.610907001466307e-05,Easy-Axis (Uniaxial),6007.902788024547,6.007902788024547,75.49753451604514,1.8456603937326288,Soft Magnet,53.36880638644271,8.177269668795255,189.86692364479677,0.238593812992875,11.32526831840978,1.4231752176099317,8.712040946096918,274.7641172436792,21.84409061121839,1.403023256818823,0.0553379570207317,Soft / Non-Viable,490.1674294911134,36.63427379145013,0.3200311874680217,0.05297732151735173,0.0011613654738316034,0.08040534624629866,0.5993811482174386,1.0,0.9859271373020272,0.26405384758965944
mp-1213762,Co3P,-4,82,I-4,tetragonal,2,"Co,P",16,172.46138987283362,8.00215655059195,0,0,0,Co3P,0.0,-0.6,0.5,1.7004582670007893,0,FM,0.8453114227934668,0.1519181445746339,0.0027704326318992,0.8453114227934668,0.6933932782188328,0.4047339682984104,True,False,486.6644093823089,201.36349866474683,10.028675442653082,4.403311359979369,486.6644093823089,0.0,10.028675442653082,,411.3829843179017,30.59076910220513,441.9737534201069,8.50370588977365,6.025,True,727.4861090437427,0.0007274861090437,0.0003362966400221,Easy-Axis (Uniaxial),6974.776650174068,6.974776650174068,87.64763004119216,1.275241659006558,Soft Magnet,84.29255704023886,10.479175522237384,674.522237485693,0.8476296423872012,77.39228278349034,9.72540127042118,17.957747221767367,237.8107097114708,2.6347652912696877,1.1810020747971086,0.0356706602955306,Soft / Non-Viable,398.0757428943018,29.931774489045356,0.13154735658487746,0.4285717515202137,0.006090302735766237,0.0934705948222428,0.7094003137015717,0.20999999999999985,0.8895025612621621,0.2636590008650298
mp-757326,Zn2Fe7O12,4/mmm,141,I4_1/amd,tetragonal,3,"Fe,O,Zn",42,472.49973710291,5.0165935865401465,1,0,0,Zn2Fe7O12,0.0,-2.5,2.5,1.3795632362985404,0,FM,0.8553468602625316,0.1425317665799867,0.0021213731574817,0.8553468602625316,0.7128150936825448,0.3862909181371527,True,False,502.7411511711265,230.805163075593,30.181380318871334,16.860894077179907,502.7411511711265,0.0,30.181380318871334,,430.0180651789938,32.8970676289462,462.91513280794,25.92716717113383,0.2333333333333333,True,591.4560241504497,0.0005914560241504,0.0001085998256458,Easy-Axis (Uniaxial),2484.223750977331,2.484223750977331,31.21767695023894,0.2065177770333295,Soft Magnet,61.53939468348581,1.375956395685904,308.7181326887377,0.3879466470739589,29.941541116882338,3.762565097493341,12.318450323554382,343.52561039701465,7.12865470669135,1.4883792278273411,0.0702739166290276,Soft / Non-Viable,390.71076457767447,30.33932675500108,0.15632721462561797,0.1588118052931513,0.004951498313423084,0.03279030117876961,0.7395303654192189,0.9822222222222222,0.664575646099702,0.26292235887338444
mp-1216086,Zr3Co8Si,3m,160,R3m,trigonal,3,"Co,Si,Zr",12,158.46306060953992,8.102627168634749,0,1,0,Zr3Co8Si,0.0,-0.2,0.0,1.721808273334884,0,FM,0.9240528295288776,0.0735568474893417,0.0023903229817806,0.9240528295288776,0.8504959820395358,0.2542999989305824,True,False,454.136861524788,194.50702635004404,26.24921289898694,18.880330336346237,454.136861524788,0.0,26.24921289898694,,419.64645188534433,14.307323672835563,433.9537755581799,24.29538471862557,5.366666666666666,True,3074.845216976953,0.0030748452169769,0.001597558963255,Easy-Axis (Uniaxial),11843.641223760103,11.843641223760104,148.83158793261592,3.661088693301589,Hard Magnet,58.44579516030268,5.12740385030672,473.5644877583298,0.595098686297033,58.06674749756804,7.296882836004718,6.720551705038488,334.6356238532983,39.77610273062729,1.7204294885012132,0.1044545999087793,Semi-Hard (0.1 <= kappa < 1.0),385.8827258062458,13.073192690133434,0.08141107717511509,0.3187050734360592,0.025741712459127146,0.15926296798153755,0.9458108004961564,0.2977777777777778,0.7084630693061345,0.2601107028190128
mp-1215506,Zr2CrCo3,-3m,166,R-3m,trigonal,3,"Co,Cr,Zr",6,86.822287962135,7.865332990152833,1,0,0,Zr2CrCo3,0.0,-0.2,0.0,3.637716507945685,0,FM,0.9117624129700224,0.0828576253313534,0.0053799616986242,0.9117624129700224,0.8289047876386688,0.2900962672356681,True,False,429.53088231291184,253.9469779825175,26.96254767525573,18.62162326623857,429.53088231291184,0.0,26.96254767525573,,391.6301137027632,21.04144355570491,412.67155725846806,24.631810231835995,4.366666666666666,True,151.99463728108003,0.000151994637281,0.0002300466137457,Easy-Axis (Uniaxial),4311.8193134802905,4.3118193134802905,54.18392056797345,2.430907571603933,Soft Magnet,59.37616391893516,8.092227423491195,467.0133009003231,0.5868662220948698,65.51222807427834,8.232509537470635,1.307940747411575,268.0968519874002,40.29662704475543,1.0557197967752814,0.0235494056590217,Soft / Non-Viable,359.3348380301981,19.249187926923888,0.04348469384240448,0.36103301962749723,0.0012724550252528118,0.057486377114992424,0.9089104772475431,0.4311111111111111,0.700501448685491,0.25912274415000286
mp-20693,In(FeO2)2,-3m,166,R-3m,trigonal,3,"Fe,In,O",7,87.14468103982303,5.535574779596731,1,0,0,In(FeO2)2,0.0084922999071415,-2.4957538500464294,2.5,1.522283064389101,0,FM,0.7957346118154861,0.2020729924849084,0.0021923956996054,0.7957346118154861,0.5936616193305777,0.471850533129969,False,True,534.6272928015046,192.2015325000722,1.1281719889181543,2.924492766399084,534.6272928015046,0.0,1.1281719889181543,,425.4214413033695,38.83873883247498,464.2601801358445,1.0747771778127648,1.0857142857142856,True,237.7565755388423,0.0002377565755388,2.651404879739241e-05,Easy-Axis (Uniaxial),3275.4999107640624,3.2754999107640623,41.1611466255972,0.2755699917796666,Soft Magnet,62.22542000404172,3.4461355334192447,344.45346562418723,0.4328529908433964,37.27442820045062,4.684042883048509,3.3111840809144035,128.9349997810988,4.19713335283506,0.6708323190974056,0.0399328933051691,Soft / Non-Viable,423.8276065240008,38.279005459616975,0.20547486366090353,0.20049965159175914,0.0019904291016000467,0.043482719419188846,0.5605526044345651,0.8685714285714285,0.9888422180247582,0.2590778510005119
mp-1102168,VCo2Ni,-3m,166,R-3m,trigonal,3,"Co,Ni,V",12,131.47406341512175,8.620136256424132,1,0,0,VCo2Ni,0.0,-0.2,0.0,2.478289173721938,0,FM,0.9143516849996706,0.0814351357653232,0.0042131792350061,0.9143516849996706,0.8329165492343473,0.2814007491704055,True,False,507.53605410904174,305.1072607855087,7.154737699856014,33.75586575479821,507.53605410904174,0.0,7.154737699856014,,464.0664462726863,24.846451205053786,488.9128974777401,7.096026291246365,6.0,True,250.23344160113416,0.0002502334416011,0.0002796875840917,Easy-Axis (Uniaxial),3134.6091736873327,3.1346091736873327,39.390661372965646,1.1459762969978098,Soft Magnet,68.42557005925894,11.919859276749044,589.8377373343076,0.7412119609677947,60.96191741541458,7.660700624864623,1.7000408267397562,291.00019946742856,10.310445977084214,0.9537636001130848,0.0239240767840605,Soft / Non-Viable,453.2566709677392,21.258462220680144,0.1637178299431641,0.33516426572527264,0.0020948818060137473,0.04157888007259288,0.9166844183841251,0.21333333333333326,0.9215789477733912,0.25895263265327995
mp-1215552,Zr2AlFe3,-3m,166,R-3m,trigonal,3,"Al,Fe,Zr",6,91.9538995023412,6.807371382077862,1,0,0,Zr2AlFe3,0.0022672399090065,-0.1988663800454967,0.0,1.872027130071412,0,FM,0.8729281575395605,0.0900602183657309,0.0370116240947085,0.8729281575395605,0.7828679391738296,0.416381878400364,True,False,424.90022959906304,242.05141493636287,32.797798250455855,28.891589503344647,424.90022959906304,0.0,32.797798250455855,,370.9073745620464,21.799203284902983,392.70657784694936,28.748116069145787,0.1,True,53.114290173283415,5.311429017328341e-05,4.28755301361788e-05,Easy-Axis (Uniaxial),797.3111331543067,0.7973111331543067,10.01930738881629,0.2764746143751042,Soft Magnet,53.666342135189765,2.8860071507764467,365.3267216318901,0.4590830979355157,41.92883078134847,5.268932372611051,5.486682520841764,252.14765316944943,40.96937816647092,1.041711130817975,0.0177958738835597,Soft / Non-Viable,334.35381169461056,19.047622791386527,0.03634724532252111,0.2269601735107595,0.00044465743431975024,0.009995256715827943,0.7923158466554024,1.0,0.635373471119135,0.25747267233612914
mp-1221846,Mn4Cr(Co2Si)5,-3m,166,R-3m,trigonal,4,"Co,Cr,Mn,Si",20,224.39964154318184,7.411075624068492,1,0,0,Mn4Cr(Co2Si)5,0.0,-0.2,0.0,6.206775835157362,0,FM,0.9193623413443708,0.0784145081917801,0.0022231504638492,0.9193623413443708,0.8409478331525906,0.2644241697393491,True,False,418.3826365798517,226.72320905312935,25.69010636028904,17.531822449645432,418.3826365798517,0.0,25.69010636028904,,384.6452403438834,17.77838893356329,402.4236292774467,23.65849211638914,4.145,True,274.6975542726039,0.0002746975542726,0.0001901334209957,Easy-Axis (Uniaxial),4713.648938013596,4.713648938013597,59.23346065178493,1.7708037372571803,Soft Magnet,60.33497178977069,1.8261642839353271,447.1470387100297,0.5619015407543441,62.81315249872701,7.893333690896054,2.412026911271341,359.09894378680144,40.34769295871749,1.5838649483064244,0.0330652724429159,Soft / Non-Viable,354.3048126107733,16.345552327341583,0.02630136463942674,0.3456886339224391,0.0022996882627682085,0.06291625182277935,0.931728240367029,0.46066666666666667,0.7147033288528757,0.25615800046165116
mp-1215872,Zr3MnCo8,3m,160,R3m,trigonal,3,"Co,Mn,Zr",12,156.7385367678425,8.476261343182838,0,1,0,Zr3MnCo8,0.0,-0.2,0.0,4.979803539119917,0,FM,0.9228111180688012,0.0751453166229033,0.0020435653082953,0.9228111180688012,0.8476658014458979,0.2560384407688872,True,False,417.4876583255556,227.3972183776181,62.84000931082946,25.846108607959835,417.4876583255556,0.0,62.84000931082946,,385.2622527593316,17.087835974153602,402.3500887334852,58.02197497129902,5.366666666666666,True,2432.419190868324,0.0024324191908683,0.0015527845409135,Easy-Axis (Uniaxial),7494.284871697644,7.494284871697644,94.17596301688964,2.5676326840842747,Soft Magnet,61.68810796699085,0.8700865665613478,522.8845248946938,0.6570760728339837,65.95224151571006,8.287803258348129,3.617274000575992,275.9689448506704,28.80213904375823,1.213598595530723,0.0841411589772257,Soft / Non-Viable,318.53895067230087,15.13228284470105,0.024921891461196558,0.3635345190378496,0.02036350807048278,0.10049064605867031,0.9420827287876908,0.2977777777777778,0.300068513299626,0.2523804700496403
mp-760680,Li2Fe12P7,-6,174,P-6,hexagonal,3,"Fe,Li,P",21,248.6557234817196,6.015856894192005,0,0,0,Li2Fe12P7,0.0,-0.6,0.5,1.6543606459028015,0,FM,0.6964682545915061,0.2940136001910713,0.0095181452174225,0.6964682545915061,0.4024546544004347,0.5972525388423453,False,True,409.0925603640832,278.0575264525098,4.237164910505328,11.176430566992424,409.0925603640832,0.0,4.237164910505328,,284.9199814831434,81.75269441252647,366.6726758956698,4.416632831453136,0.6619047619047619,True,416.4020012558756,0.0004164020012558,0.0009143595920171,Easy-Axis (Uniaxial),3809.401430729358,3.8094014307293578,47.87035112739017,1.1542506585607362,Soft Magnet,85.70891373876381,21.901092135421063,515.6125596090501,0.6479378517465684,74.63290881897963,9.378648104668272,19.28948590979186,146.52250327875856,0.210484044592377,0.5269503226476537,0.0353043308514972,Soft / Non-Viable,280.951850409488,77.42596481342808,0.011982121795424227,0.4128845663226303,0.003485996798977225,0.0506972655420028,0.2625187134157925,0.9250793650793651,0.9541423506168972,0.2512133342692078
mp-1221586,MnZn3(FeO2)8,-42m,115,P-4m2,tetragonal,4,"Fe,Mn,O,Zn",28,317.72914317623184,4.985422013964004,0,0,0,MnZn3(FeO2)8,0.0,-2.5,2.5,3.2405243090766027,0,FM,0.873213865928547,0.1244919000224149,0.0022942340490381,0.873213865928547,0.748721965906132,0.3565492116428871,True,False,490.8040814967042,184.9966391868171,6.635130694529835,15.22535630530841,490.8040814967042,0.0,6.635130694529835,,428.57692941724673,23.030583110128,451.6075125273748,6.096048546980884,0.2499999999999999,True,30.160136852084136,3.016013685208413e-05,1.817551100295062e-05,Easy-Axis (Uniaxial),1511.2989640921985,1.5112989640921983,18.99154326082745,0.3393729280086264,Soft Magnet,54.08260456410582,0.6633818659343511,269.62460736640327,0.3388202742917299,22.838570855921187,2.8699795125330305,15.54207910932422,412.8373349251871,36.43468197328011,2.231593702133622,0.0181698857370771,Soft / Non-Viable,419.303158558367,21.401365996539845,0.13792803301032575,0.11843104814688951,0.0002524919193615808,0.019643287194864873,0.7931736476793103,0.98,0.9273783479791046,0.24933088997197003
mp-1222096,Mn2GaCo4Ge,-3m,166,R-3m,trigonal,4,"Co,Ga,Ge,Mn",8,93.99869284748269,8.62029385859328,1,0,0,Mn2GaCo4Ge,0.0,-0.2,0.0,5.064422641923552,0,FM,0.9261391622612414,0.0717414148961493,0.0021194228426093,0.9261391622612414,0.8543977473650921,0.2486118336124144,True,False,462.7845478925425,237.1609253607444,41.60647009118637,1.4597613776202394,462.7845478925425,0.0,41.60647009118637,,428.6028934926466,17.01426034345986,445.61715383610647,38.53352366498925,5.525,True,50.5954530604328,5.05954530604328e-05,4.936153337261163e-05,Easy-Axis (Uniaxial),2259.2892282166304,2.2592892282166304,28.39106631835154,0.6654903632098436,Soft Magnet,50.47533524795794,7.278580513777083,435.1122224484088,0.5467781446124196,59.47746342213184,7.474158630845118,4.75054241032988,356.12139520204016,8.545657529449727,1.501602317752579,0.0145830891126273,Soft / Non-Viable,376.4005641154027,16.89097636879256,0.09474017354231896,0.3267250671934971,0.0004235704604674122,0.0297507884064971,0.9520747340137651,0.2766666666666666,0.5370587587277459,0.24761531802139186
mp-2232109,MgFe4(CuO4)2,-3m,166,R-3m,trigonal,4,"Cu,Fe,Mg,O",15,164.17968226848302,5.085116923917493,1,0,0,MgFe4(CuO4)2,0.0018148669302362,-2.4990925665348818,2.5,1.3984071540773106,0,FM,0.6632990837955183,0.3340747598526578,0.0026261563518239,0.6632990837955183,0.3292243239428605,0.595465139085091,False,True,658.388800332066,187.71778136019887,23.462789814714935,0.6293671829941729,658.388800332066,0.0,23.462789814714935,,436.7086880414898,62.71177272798216,499.420460769472,15.564267210769133,0.3533333333333333,True,126.28264978300464,0.000126282649783,4.4996999889166326e-07,Easy-Axis (Uniaxial),1370.8779957002714,1.3708779957002717,17.22696129570683,0.4039347813192051,Soft Magnet,51.37335105794315,6.33185975894267,261.2394969031013,0.3282832337193107,21.44013670463899,2.694247090871196,15.63629696073256,210.78167431743972,12.091063192398778,1.122864721658867,0.0383732048706124,Soft / Non-Viable,405.0314612308056,62.515048129302734,0.3962344483951998,0.1104808769124229,0.0010572017223314633,0.017745795775212035,0.16293273775750164,0.9662222222222222,0.7395626935269195,0.24705153100637012
mp-1220667,Nb3AlFe8,3m,156,P3m1,trigonal,3,"Al,Fe,Nb",12,153.66183403469324,8.131429398137012,0,1,0,Nb3AlFe8,0.0,-0.2,0.0,2.2361430844876784,0,FM,0.7865062190102661,0.2094846488902335,0.0040091320995005,0.7865062190102661,0.5770215701200325,0.4901244217655569,False,True,405.3912403599296,241.0375190280688,4.240664974436839,7.783942683180484,405.3912403599296,0.0,4.240664974436839,,318.8427316753702,50.49366004296797,369.3363917183382,3.712573069694536,1.325,True,95.08257065904994,9.508257065904992e-05,6.776163239546579e-05,Easy-Axis (Uniaxial),292.9572019307108,0.2929572019307108,3.681408845125521,0.1586139574591482,Soft Magnet,71.57913142705529,2.959559910156983,582.0406535790703,0.7314138565498436,65.31865495341594,8.208184421220723,3.683656123837893,352.6595927895729,72.17683168328637,1.463090037648893,0.0149448722046566,Soft / Non-Viable,314.3985354839008,48.60208097981701,0.006277098633947838,0.35993254631895055,0.0007960037078504723,0.0031799835559543914,0.5328455958114567,0.8366666666666667,0.9541032859559586,0.24693766371375747
mp-19792,Zr(Fe2Si)2,4/mmm,136,P4_2/mnm,tetragonal,3,"Fe,Si,Zr",14,186.7489068810641,6.593734695014078,1,0,0,Zr(Fe2Si)2,0.0,-0.2,0.0,1.813277041128872,0,FM,0.7164208570152176,0.2770933127465642,0.0064858302382182,0.7164208570152176,0.4393275442686534,0.5709163448889824,False,True,489.3439646890462,230.98523313582243,29.617040848454764,23.04024065926602,489.3439646890462,0.0,29.617040848454764,,350.57622255775084,64.0044634451425,414.5806860028933,22.157934159524338,0.0999999999999999,True,86.41671459232317,8.641671459232317e-05,8.550160175022427e-05,Easy-Axis (Uniaxial),4018.192476790518,4.018192476790518,50.49409684412583,4.628856597635331,Soft Magnet,57.87119818984984,9.27517174297724,381.5873273464488,0.4795167777178268,45.74438140678167,5.748408614496247,3.333974185213075,330.22921290205335,35.11016040093614,1.429655084088748,0.0217320152136466,Soft / Non-Viable,319.0759388428576,57.39274962756232,0.1356774845041706,0.2486517782231853,0.0007234556739363678,0.05351863348254871,0.32242371952850624,1.0,0.6708743110662598,0.24621765824519418
mp-1221873,Mn3V2Ga2Co,3m,160,R3m,trigonal,4,"Co,Ga,Mn,V",8,96.6126252541799,7.993545501564955,0,1,0,Mn3V2Ga2Co,0.0,-0.2,0.0,4.696207982169411,0,FM,0.9121572372952288,0.0835107807313348,0.0043319819734364,0.9121572372952288,0.828646456563894,0.2865239309308713,True,False,505.5130276416304,233.4725077516725,5.885084711492112,33.88194270525025,505.5130276416304,0.0,5.885084711492112,,461.1073667103362,19.49747140164479,480.60483811198105,6.068183665543275,3.5375,True,105.2322554271303,0.0001052322554271,3.3721515189162474e-05,Easy-Axis (Uniaxial),7820.098950923631,7.82009895092363,98.27026356735934,0.5880075196173912,Soft Magnet,39.53957031218791,7.442315448283139,316.0613544028009,0.3971744116301917,31.38287061849348,3.943687907958557,7.30032201165861,189.28918021455,33.546694554886514,0.8107557589430738,0.0289533026784041,Soft / Non-Viable,452.2358785279592,16.67291726425967,0.1605996416103775,0.16700583883601827,0.0008809739253454529,0.10489333197383839,0.9100958841991111,0.5416666666666667,0.9357497070711417,0.24604939642616327
mp-1221707,Mn9Al4V3,-3m,166,R-3m,trigonal,3,"Al,Mn,V",16,196.1118551410769,6.394450650669807,1,0,0,Mn9Al4V3,0.0,-0.2,0.0,2.3979189940011776,0,FM,0.8478430621569575,0.1036540354490107,0.0485029023940319,0.8478430621569575,0.7441890267079467,0.4748473676647586,True,False,461.8027279983244,290.3348266487775,42.750729866547374,18.768761715551904,461.8027279983244,0.0,42.750729866547374,,391.5362390185359,30.09437641353476,421.6306154320706,36.29808228824693,0.83125,True,646.5927630539392,0.0006465927630539,0.0005074707085882,Easy-Axis (Uniaxial),8204.606739087107,8.204606739087106,103.10213103139752,4.052842357370238,Soft Magnet,51.3194150695478,11.762184610219688,328.1594670834638,0.4123773483981406,30.266316116647804,3.803377528419514,6.701837494493697,100.27514235118844,4.53232179433352,0.3453775887261807,0.0691234729241794,Soft / Non-Viable,342.7005735372032,27.512498747571783,0.09322684715318565,0.16065816814008402,0.005413087102007146,0.11008913881939092,0.7170012205068346,0.9025,0.5242875291088294,0.24527516122824525
mp-1221837,Mn7CoSb4,-42m,115,P-4m2,tetragonal,3,"Co,Mn,Sb",12,200.34484866366725,7.712687507741724,0,0,0,Mn7CoSb4,0.0,-0.6,0.5,4.531203910798263,0,FM,0.8829676321384984,0.1143622364031627,0.002670131458339,0.8829676321384984,0.7686053957353357,0.3401596647967276,True,False,410.492645239131,264.1564046533113,32.46042447429727,39.101849208758,410.492645239131,0.0,32.46042447429727,,362.4517189770641,30.2095171963715,392.6612361734356,29.008250383574136,1.725,True,160.05748457976577,0.0001600574845797,9.833574680917766e-05,Easy-Axis (Uniaxial),13565.520053113902,13.565520053113902,170.46935587565048,9.147270579890463,Hard Magnet,45.28088167693673,8.623615620479086,349.2372904492411,0.4388645224139762,38.31696417053932,4.815051819382964,2.605220223037042,277.98482294565576,18.18546833199176,1.052349358367795,0.0323156169462163,Soft / Non-Viable,327.0630357434488,25.269162322534616,0.014140140186489205,0.20642652306632697,0.0013399548446320275,0.1825305065962944,0.8224580193126938,0.7833333333333333,0.6391389429599701,0.24449617111744734
mp-2223661,MgFe2(NiO3)2,3,146,R3,trigonal,4,"Fe,Mg,Ni,O",11,113.43888168310312,5.114261903159791,0,1,1,MgFe2(NiO3)2,0.001,-2.4995,2.5,1.7899916661059272,0,FM,0.6762661798066525,0.3210854047938705,0.002648415399477,0.6762661798066525,0.355180775012782,0.5871203835623403,False,True,640.0845386443327,209.67540264459475,8.75123483429087,20.61689065769039,640.0845386443327,0.0,8.75123483429087,,432.8675257023065,67.32371153345748,500.191237235764,8.87953769452433,0.8090909090909091,True,63.73882014976304,6.373882014976304e-05,2.4361220281201956e-05,Easy-Axis (Uniaxial),2844.9555890188944,2.8449555890188942,35.75076700753234,0.5492635344307094,Soft Magnet,54.26998594923744,4.625104565919564,277.55092162520225,0.3487807745499247,24.201106355370875,3.041200776472395,1.330999781033115,219.5384630285572,13.243004446637729,1.0470396634968222,0.0256598671927172,Soft / Non-Viable,420.5983428062691,61.03223677276559,0.36802120642610325,0.1261771336695668,0.0005336029181957831,0.03766482651012188,0.2018647000807725,0.9054545454545454,0.9037602391821737,0.24443688934966917
mp-1221641,MnFe3Si8,4/mmm,123,P4/mmm,tetragonal,3,"Fe,Mn,Si",12,151.59804164869348,4.897963951843158,1,0,0,MnFe3Si8,0.0,-0.2,0.0,3.183676568698053,0,FM,0.7357234267155046,0.2264683807018538,0.0378081925826414,0.7357234267155046,0.5092550460136507,0.6243915881832385,False,True,450.6450216734052,191.9341550399168,32.05966994655353,3.621248647229464,450.6450216734052,0.0,32.05966994655353,,331.5500995778405,43.467017293268526,375.017116871109,23.60130292839612,0.1,True,454.1013031198879,0.0004541013031198,2.8626818537283936e-05,Easy-Axis (Uniaxial),2009.3863157507164,2.0093863157507164,25.25069364168924,0.3729677720633739,Soft Magnet,82.42265815751244,3.8198534147574463,403.70320847058736,0.5073084135847303,51.20050856206983,6.434045787340289,16.385596101614997,128.0119643399193,11.557635626998175,0.6669577090815153,0.0470878911752085,Soft / Non-Viable,299.5396275897085,42.6939895340436,0.07602893588337328,0.27967014624701564,0.0038016044214796143,0.02637388082936926,0.38037708978724555,1.0,0.6436118154709531,0.24415361556983142
mp-1215811,Zr3AlCo8,3m,160,R3m,trigonal,3,"Al,Co,Zr",12,161.7330385628119,7.92747072878776,0,1,0,Zr3AlCo8,0.0,-0.2,0.0,1.6845875298673991,0,FM,0.9185909965717056,0.0788426049097018,0.0025663985185925,0.9185909965717056,0.8397483916620038,0.2672414491688387,True,False,459.66906463362176,182.01673854929052,6.101445468682641,22.360832630872903,459.66906463362176,0.0,6.101445468682641,,422.2478641749824,14.350673804394214,436.5985379793766,5.875470300516545,5.366666666666666,True,3523.5640038190404,0.003523564003819,0.0006358848045568,Easy-Axis (Uniaxial),4145.287975345962,4.145287975345962,52.09122601341764,1.132120531310462,Soft Magnet,57.180810268760425,2.996382879822587,453.2991996539649,0.5696325742044116,53.50978466618905,6.724237986730295,7.577336838650048,288.4549708094572,49.149572598541496,1.5847716704985513,0.1168156952340372,Semi-Hard (0.1 <= kappa < 1.0),413.8313004649135,12.907555377090045,0.08993812883086767,0.29279850158543225,0.029498256015246083,0.055236059453521565,0.9294123813958401,0.2977777777777778,0.9333348770036152,0.24299144294834746
mp-1272388,FeNiO3,3,146,R3,trigonal,3,"Fe,Ni,O",10,101.26706381606004,5.330427569612597,0,1,1,FeNiO3,0.0,-2.5,2.5,1.8656496493644088,0,FM,0.6242465444786129,0.373388305798437,0.0023651497229499,0.6242465444786129,0.2508582386801758,0.615586959422987,False,True,666.60961887541,219.8826853235298,16.387169555690264,7.201524621613203,666.60961887541,0.0,16.387169555690264,,416.1287510991799,82.10162334736366,498.2303744465435,10.577142540728698,0.88,True,152.80518350129043,0.0001528051835012,7.073374671345875e-05,Easy-Axis (Uniaxial),3466.253428855376,3.466253428855376,43.55822607649346,0.132042840256424,Soft Magnet,51.469406272160825,2.8623657965360003,274.3539421847176,0.344763331700363,23.646794793183005,2.9715439298564035,2.9936556824641496,254.8307991465066,67.14085010087719,1.1589398172555287,0.0401932298282514,Soft / Non-Viable,394.575499079396,79.24808806044821,0.4089055927824565,0.12302584346931125,0.0012792406831519546,0.04606034844419755,0.04568273914498846,0.896,0.8185345956858956,0.2381003460977989
mp-973352,NaCo3,6/mmm,194,P6_3/mmc,hexagonal,2,"Co,Na",8,125.65550936105755,5.280437443979764,1,0,0,NaCo3,0.0,-0.2,0.0,1.1220929568457,0,FM,0.8798442975989378,0.117192059027019,0.0029636433740431,0.8798442975989378,0.7626522385719188,0.346923476137622,True,False,553.7219280929755,207.4454309345433,17.573332459317328,11.542304717171715,553.7219280929755,0.0,17.573332459317328,,487.1890808880936,24.310957186966405,511.50003807506,15.520852200744484,6.025,True,53.71662497479133,5.371662497479133e-05,4.858040926586127e-05,Easy-Axis (Uniaxial),8828.45460320951,8.82845460320951,110.94163465123368,1.282503016598203,Soft Magnet,67.52609959244961,8.663430551779413,356.56734473387763,0.4480757402903876,39.94229423875252,5.019296823429108,13.258038140140725,220.7268285954156,16.094125982317806,1.064023572854989,0.0183361376284839,Soft / Non-Viable,460.229840882976,22.98448740025757,0.2349063466117262,0.21566660944649338,0.00044970000660239233,0.11851911892063247,0.8130806272957971,0.20999999999999985,0.8052956798960937,0.23765399910951288
mp-1221599,MnV(Co2Si)2,-3m,166,R-3m,trigonal,4,"Co,Mn,Si,V",8,88.55812648893726,7.458770621236166,1,0,0,MnV(Co2Si)2,0.0,-0.2,0.0,4.382027739976247,0,FM,0.9206229694822952,0.0766821431778889,0.0026948873398158,0.9206229694822952,0.8439408263044063,0.2630684595372415,True,False,433.5490119294774,195.16311173912956,20.357807555502973,10.243393623067035,433.5490119294774,0.0,20.357807555502973,,399.13517877863046,14.965525677422262,414.1007044560527,18.758318157472274,4.5375,True,248.31960357618945,0.0002483196035761,5.465425430081607e-05,Easy-Axis (Uniaxial),4397.337174693118,4.397337174693118,55.25856972699833,0.3864518724087279,Soft Magnet,54.3190828212762,4.097392655043322,405.153579119829,0.5091310030953864,51.569062036241135,6.4803595837164885,1.843470785611579,340.1508173030343,13.90836851622899,1.742905276882994,0.0346961184113314,Soft / Non-Viable,373.7712982470193,14.23638138590273,0.049678030949867745,0.28176539200887935,0.002078859709076676,0.058641969543507054,0.9355131068573508,0.4083333333333333,0.774217797419344,0.23750979526991134
mp-1215656,ZnFe4CuO8,3m,160,R3m,trigonal,4,"Cu,Fe,O,Zn",14,154.62837800560587,5.158219166298445,0,1,0,ZnFe4CuO8,0.0,-2.5,2.5,1.4185102707320725,0,FM,0.86834197456142,0.1294887430476219,0.002169282390958,0.86834197456142,0.7388532315137981,0.3646276447971969,True,False,437.6724334925473,267.41932463753096,10.002946869056643,10.229656171319618,437.6724334925473,0.0,10.002946869056643,,380.04934511002034,34.62779221395783,414.6771373239782,8.78640182878568,0.3357142857142857,True,158.89652994476594,0.0001588965299447,0.0001077444332573,Easy-Axis (Uniaxial),876.2425476271254,0.8762425476271254,11.011188815466555,0.0812399316677364,Soft Magnet,59.58888544228818,1.0880837389845723,307.3725309867733,0.3862557141053392,29.68109911316541,3.7298369894350007,16.388817726776985,297.03359644106536,46.27711155900879,1.1107409565246438,0.0365836658203207,Soft / Non-Viable,367.7861926298567,32.94282342900192,0.056033659616247934,0.1573311788909008,0.0013302356691017407,0.01106184729285067,0.778546448884361,0.9685714285714285,0.8897897211608518,0.23722527639656152
mp-1222222,Mn4Ga3Co8Ge,-3m,166,R-3m,trigonal,4,"Co,Ga,Ge,Mn",16,187.30996436824813,8.626070280475458,1,0,0,Mn4Ga3Co8Ge,0.0,-0.2,0.0,5.067816289779332,0,FM,0.9255785023688072,0.0722922592352583,0.0021292383959343,0.9255785023688072,0.853286243133549,0.2499466187568365,True,False,462.4884404884115,237.28588989772817,39.60132116936552,0.7932705029533196,462.4884404884115,0.0,39.60132116936552,,428.0693581101492,17.153933065355535,445.2232911755048,36.654176401186895,5.525,True,63.45460520301269,6.345460520301268e-05,3.9024026460358025e-05,Easy-Axis (Uniaxial),3060.931483824602,3.060931483824602,38.464800198154094,0.822795687016495,Soft Magnet,47.466529724601145,9.747388689729764,409.4496213746869,0.5145295690103354,52.668484304340666,6.618517063226648,7.430644532168884,337.5923029376139,10.625446925200151,1.4227238841851004,0.017355061913396,Soft / Non-Viable,378.1516720572441,17.086163318509453,0.0942837689091189,0.28801566506060855,0.000531223553083211,0.04058328243546384,0.9503914280684962,0.2766666666666666,0.5594384821542883,0.23681946299548745
mp-1222031,Mn11Al4V,-3m,166,R-3m,trigonal,3,"Al,Mn,V",16,188.38788907849832,6.727080090638158,1,0,0,Mn11Al4V,0.0,-0.2,0.0,2.522655033989309,0,FM,0.7566483486736318,0.2310803704481988,0.0122712808781693,0.7566483486736318,0.525567978225433,0.5493534883884262,False,True,481.7377606810609,321.7793292925835,46.76807662321414,4.163184601943982,481.7377606810609,0.0,46.76807662321414,,364.506081113058,74.35688661550314,438.8629677285611,35.4000624037043,0.34375,True,1109.098486038059,0.001109098486038,0.0005991900286336,Easy-Axis (Uniaxial),8500.224308583249,8.500224308583249,106.81697104197016,3.736932553978462,Soft Magnet,53.225875508844496,9.500529752510602,358.05472744233293,0.4499448405263715,31.08554660153983,3.9063250693368143,6.386881563171973,99.894096884503,9.401215729475991,0.3104428650035271,0.0829718382569748,Soft / Non-Viable,315.3457071330565,72.84064143148669,0.12395367516378002,0.16531553626100343,0.009285050889329993,0.11408378298145046,0.44320135457187376,0.9675,0.4794494084364377,0.23445435105797796
mp-1184775,FeSn3,6/mmm,194,P6_3/mmc,hexagonal,2,"Fe,Sn",8,174.35265600048106,7.847320466588469,1,0,0,FeSn3,0.0,-0.2,0.0,2.158013128311829,0,FM,0.7813929515419716,0.1832219393205089,0.0353851091375195,0.7813929515419716,0.5981710122214627,0.5661031929043681,False,True,433.4651326766795,210.8977510585953,28.139781496063733,4.64912621999774,433.4651326766795,0.0,28.139781496063733,,338.70659941276296,38.641094947289744,377.3476943600527,22.00472048508162,1.525,True,0.0289956212557631,2.8995621255763162e-08,1.8743112462018026e-08,Easy-Axis (Uniaxial),5186.877708766242,5.186877708766242,65.18022888596786,1.963611353815243,Soft Magnet,50.99265243166364,3.7820692059314887,400.1556850726264,0.5028504642065416,50.3046179984142,6.321464856625148,14.124243665756715,166.3065817080396,4.339595998599208,0.7885649840895335,0.0003796053161024,Soft / Non-Viable,309.66065546992445,37.76326404223254,0.049548743809214604,0.2745769615719456,2.427429324957848e-07,0.06931093448534123,0.5174936977262174,0.81,0.6873621915304013,0.23444077405648311
mp-1221708,Mn5Al2V,-3m,166,R-3m,trigonal,3,"Al,Mn,V",8,96.95349065082225,6.501385305271768,1,0,0,Mn5Al2V,0.0,-0.2,0.0,2.438019489476913,0,FM,0.7977842247107866,0.1920583789917232,0.0101573962974903,0.7977842247107866,0.6057258457190634,0.4949324520156956,False,True,458.4872692399488,300.3398119102404,37.89711174556152,4.084420197861903,458.4872692399488,0.0,37.89711174556152,,365.7739106303583,57.68277742215981,423.4566880525181,30.243892872993253,0.5875,True,853.5408591644838,0.0008535408591644,0.000491041187739,Easy-Axis (Uniaxial),7847.015786740944,7.847015786740944,98.60851050857666,3.968452901114959,Soft Magnet,54.56472815870954,11.167929948444424,354.74632183718285,0.4457873754286776,30.966927614860435,3.891418967562105,6.5293500433804805,96.52817755165232,2.745507807792144,0.3213965439270527,0.0734664956737195,Soft / Non-Viable,324.750254958487,56.528349754710106,0.08811657055288456,0.16464118112251125,0.007145596548215255,0.1052570558933673,0.5667062915784415,0.9349999999999999,0.5784593813755823,0.2331896712043877
mp-1216459,VGa2FeCo4,-3m,166,R-3m,trigonal,4,"Co,Fe,Ga,V",8,94.77383271226724,8.444547977000571,1,0,0,VGa2FeCo4,0.0,-0.2,0.0,4.116717138787779,0,FM,0.9254094501539676,0.0723945716944576,0.0021959781515749,0.9254094501539676,0.8530148784595099,0.2505520773311196,True,False,533.2360297789319,222.4101451351549,16.25911447785387,14.244883617308972,533.2360297789319,0.0,16.25911447785387,,493.461661120006,16.101287197561707,509.5629483175677,15.081636983286622,6.0125,True,126.03628824939476,0.0001260362882493,0.0002081544620233,Easy-Axis (Uniaxial),1041.0149670904518,1.0410149670904518,13.08178014569264,0.2931065603578,Soft Magnet,41.69473961699836,1.7932705341730504,352.0932290842891,0.4424534007479642,38.94621164716893,4.894125390913902,6.218034877605611,381.6820369914858,20.59041150247572,1.7161179260035284,0.0284436415459399,Soft / Non-Viable,468.0924329419389,15.030732053627323,0.2033304428168328,0.2100038278564557,0.001055139255015554,0.013288396900844086,0.9498838715228246,0.21166666666666656,0.8199638347783917,0.23147592345843077
mp-1221808,Mn4Cr(Co2Sn)5,-3m,166,R-3m,trigonal,4,"Co,Cr,Mn,Sn",20,268.6268337195765,8.99191750243622,1,0,0,Mn4Cr(Co2Sn)5,0.0,-0.2,0.0,7.530730908290334,0,FM,0.92580159332527,0.0720607090568527,0.0021376976178773,0.92580159332527,0.8537408842684173,0.2494556248293112,True,False,467.7817536109733,241.95711166982096,43.37477864940817,16.183208616777435,467.7817536109733,0.0,43.37477864940817,,433.073092821528,17.43560102827539,450.50869384980336,40.173368896844586,4.62,True,17.27112573673813,1.727112573673813e-05,2.9350007984501432e-05,Easy-Axis (Uniaxial),5805.079735227952,5.805079735227952,72.94878481595296,1.1681270027303328,Soft Magnet,37.12248971912874,4.606498624038135,333.8023650394423,0.4194684231035241,35.00488792283044,4.398844034980057,2.032285680815716,277.40748478217284,24.319864502916744,1.1465151111603948,0.0111062125714601,Soft / Non-Viable,378.36770760356575,16.13039341939183,0.10244260789933672,0.18759719650364803,0.00014458885608481132,0.07766462307085974,0.951061228670282,0.3973333333333333,0.517322440873681,0.22451741776178882
mp-1048044,ZnFe4O9,-4,81,P-4,tetragonal,3,"Fe,O,Zn",28,366.7352084528611,3.919198700444486,0,0,0,ZnFe4O9,0.0,-2.5,2.5,1.0777796426222337,0,FM,0.7435825274686664,0.2536849203003169,0.0027325522310167,0.7435825274686664,0.4898976071683494,0.5319476925115365,False,True,552.1800768508001,164.97733182721055,35.65245771635966,10.06643397844779,552.1800768508001,0.0,35.65245771635966,,410.5914571625604,41.85226127594485,452.4437184385053,26.633256888201725,0.2,True,104.5604438088327,0.0001045604438088,0.0001066528726424,Easy-Axis (Uniaxial),2702.009898938384,2.702009898938384,33.95445845335851,0.4933896655863309,Soft Magnet,55.51888820789989,5.347573902632433,217.589554514524,0.2734310983842817,14.873937721963207,1.8691141754020588,10.765151485921193,193.41421910200137,20.761815715470405,1.1723684518341846,0.0419218784028539,Soft / Non-Viable,366.9791009034059,39.84669086184304,0.23252981687685037,0.07315169253574735,0.0008753497133007301,0.03573321883421501,0.40397298312791036,0.9866666666666667,0.603512251920576,0.22284655129981112
mp-1206342,InFeNi,6/mmm,194,P6_3/mmc,hexagonal,3,"Fe,In,Ni",6,87.33309563306688,8.72189998868287,1,0,0,InFeNi,0.0,-0.2,0.0,3.0526649960390047,0,FM,0.8958248815716904,0.1017930777284668,0.0023820406998428,0.8958248815716904,0.7940318038432236,0.314501488302053,True,False,436.3183732476909,250.3666388918084,42.49839180205288,3.2261575128485305,436.3183732476909,0.0,42.49839180205288,,390.86485504216535,25.485590733328834,416.35044577549417,38.07253316398004,3.7,True,64.8596563176396,6.485965631763961e-05,9.143825426002973e-05,Easy-Axis (Uniaxial),1375.622039980731,1.375622039980731,17.28657671550416,0.1095158671450752,Soft Magnet,60.77334987818557,2.074571422672665,530.0590796147668,0.6660918841945275,41.873800537730496,5.262017068113687,2.312619994870335,230.64644753317737,33.032847106081974,0.9212347481840312,0.013553707575486,Soft / Non-Viable,342.3649842432538,25.08101422103359,0.053946581209011746,0.22664732369982188,0.0005429862335535673,0.017809901466973827,0.8610601820547698,0.52,0.5271039065020096,0.22144929869940688
mp-2230430,MgFe6(O2F)4,-4,81,P-4,tetragonal,4,"F,Fe,Mg,O",19,216.2159469401824,4.326635636311053,0,0,0,MgFe6(O2F)4,0.0302677845314906,-2.484866107734254,2.5,1.1898247999855398,0,FM,0.7199723639843729,0.277244620059872,0.002783015955755,0.7199723639843729,0.4427277439245008,0.5539552331575122,False,True,556.0711313192571,232.04154047245407,21.42301591108287,10.039245088296724,556.0711313192571,0.0,21.42301591108287,,400.3558469593902,64.33226872639295,464.6881156857832,15.673099510915533,0.1,True,137.77679103886047,0.0001377767910388,5.1480048521095255e-06,Easy-Axis (Uniaxial),6359.28004666825,6.35928004666825,79.91307145939987,0.9606329951905396,Soft Magnet,44.8495163991972,6.878550332360312,194.0475159240836,0.2438473001897797,11.82949071665527,1.4865376741250091,5.492286245929253,306.38670897738973,8.639303803663012,1.3203959444225517,0.0539603817062409,Soft / Non-Viable,373.6719156447804,61.25737949529272,0.23852728692542824,0.05584385220285423,0.0011534273396528758,0.08515346428716454,0.3330866416966821,1.0,0.7623288708014286,0.21838200209154593
mp-1224829,Ga2Co6C,4/mmm,123,P4/mmm,tetragonal,3,"C,Co,Ga",9,98.1335854393536,8.546156755280016,1,0,0,Ga2Co6C,0.0,-0.2,0.0,1.816058310497004,0,FM,0.9160612965297548,0.0817977576180703,0.002140945852175,0.9160612965297548,0.8342635389116844,0.2714819412188907,True,False,450.1586788804259,193.6197828466804,4.74212873416505,34.4236577428766,450.1586788804259,0.0,4.74212873416505,,412.37294301932445,15.83766406735617,428.2106070866806,5.176837069499951,6.677777777777777,True,278.6842720632824,0.0002786842720632,4.512008777642395e-05,Easy-Axis (Uniaxial),1494.078760470341,1.494078760470341,18.77514779585655,0.9736120157849764,Soft Magnet,49.47722274316028,2.363149758474485,422.8401013789533,0.5313565424541132,56.16971356991684,7.058494517344776,13.038798015458912,404.54946741528295,39.71950987032966,2.089401513974577,0.035218846638184,Soft / Non-Viable,405.9559583037324,13.512001493234466,0.07527931226389416,0.30792033641530525,0.0023330639079729484,0.019410592683558343,0.9218172971427551,0.12296296296296305,0.948506384833542,0.2179649738556887
mp-1221893,Mn2CoNiSb2,3m,160,R3m,trigonal,4,"Co,Mn,Ni,Sb",6,109.98509421857194,7.111432474983735,0,1,0,Mn2CoNiSb2,0.0,-0.6,0.5,4.711324014676724,0,FM,0.9096185756116418,0.0882593173191607,0.0021221070691974,0.9096185756116418,0.8213592582924811,0.2853397616755612,True,False,436.3393721728732,254.27638642418987,16.339833483148198,21.171921194270556,436.3393721728732,0.0,16.339833483148198,,396.902398199167,22.442260276182104,419.3446584753491,14.980019508985457,3.033333333333333,True,83.64725286370732,8.364725286370732e-05,0.0001803667925456,Easy-Axis (Uniaxial),7530.719041236521,7.53071904123652,94.63380830323608,3.389130230475443,Soft Magnet,40.89514899627613,8.973628125603984,290.82309064141657,0.3654590740213411,26.570984352459167,3.339008434480157,0.0757892911231551,343.9298888407376,13.33011774381589,1.3525828869810412,0.0280538211383739,Soft / Non-Viable,376.40128386200576,20.29395065612286,0.05397894786587923,0.13965001393666537,0.0007002705434813533,0.10098297654801174,0.902473893821923,0.6088888888888889,0.8190629196423168,0.216729357654874
mp-1222067,Mn4Cr(Co2Ge)5,-3m,166,R-3m,trigonal,4,"Co,Cr,Ge,Mn",20,235.31151391172355,8.639463150043836,1,0,0,Mn4Cr(Co2Ge)5,0.0,-0.2,0.0,7.235550388161713,0,FM,0.9236325732273256,0.0742302120492976,0.0021372147233768,0.9236325732273256,0.8494023611780279,0.25446308652057,True,False,468.55550974596906,241.88617121065417,35.61640576747331,16.25414907594424,468.55550974596906,0.0,35.61640576747331,,432.7731311665106,17.955261780759574,450.7283929472702,32.91859146142526,5.62,True,66.2784897924704,6.62784897924704e-05,7.906639330545373e-05,Easy-Axis (Uniaxial),3139.3882367198617,3.139388236719862,39.450716851388485,0.2290910784830296,Soft Magnet,40.93543078890237,4.283121593451405,353.66014583189195,0.4444224464051866,39.29362680165613,4.937782867645343,7.05196314537876,289.86048839778744,4.189700838803873,1.1983342699874866,0.0205350255891793,Soft / Non-Viable,386.8462241977088,16.605703851216315,0.10363523557447198,0.2119789011661925,0.0005548642959467003,0.04164345896848038,0.9445490374549874,0.2639999999999999,0.6039146323304718,0.2146049585302145
mp-1222148,Mn4Co11Ge5,-3m,166,R-3m,trigonal,3,"Co,Ge,Mn",20,234.9579624833634,8.701490466144282,1,0,0,Mn4Co11Ge5,0.0,-0.2,0.0,5.112125648859766,0,FM,0.918992400829947,0.0788686391684186,0.0021389600016343,0.918992400829947,0.8401237616615284,0.2649773154869285,True,False,447.4384101841087,213.84095039435488,19.40262310417984,0.674872058928571,447.4384101841087,0.0,19.40262310417984,,411.1924987986287,16.865344756084095,428.0578435547128,17.830942630559505,5.92,True,439.6120373759596,0.0004396120373759,0.0001133683156528,Easy-Axis (Uniaxial),4109.57562302016,4.109575623020159,51.64245134986271,0.0396448333827808,Soft Magnet,43.78724328088926,6.111691491443086,381.01427994739817,0.4787966651182203,45.60709165030856,5.731156274547125,12.670841737113223,313.99226723263666,8.4287783125651,1.4683448920966151,0.0490894993671979,Soft / Non-Viable,386.2139529121928,16.808626394570773,0.07108643083226622,0.24787127878265128,0.003680304490522421,0.05475348279214508,0.9306175437116614,0.22399999999999998,0.7848787331779377,0.21362213966682095
mp-1215528,Zr2Co3Mo,-3m,166,R-3m,trigonal,3,"Co,Mo,Zr",6,89.88000025911285,8.409621344023167,1,0,0,Zr2Co3Mo,0.0052056273341246,-0.1973971863329377,0.0,1.787044535604923,0,FM,0.6812063997114901,0.0418857123795647,0.2769078879089452,0.6812063997114901,0.4042985118025449,0.6826547716793092,False,True,509.6228286260208,250.2905311546152,30.945613476128045,28.389677001320777,509.6228286260208,0.0,30.945613476128045,,347.1583322991174,10.483597199270712,357.6419294983881,21.113861903496836,4.05,True,303.16224500207284,0.000303162245002,0.0003265348677126,Easy-Axis (Uniaxial),3029.2274545846544,3.0292274545846545,38.06639560901665,1.9497236162540632,Soft Magnet,61.21546809025519,9.86904406604922,514.7989070361791,0.646915385768366,59.49672843120182,7.476579543330771,1.254633068585127,251.310277168598,33.02829501776415,1.004074249270552,0.0301713684914011,Soft / Non-Viable,314.69672190487466,9.180447502633918,0.1669342762214606,0.32683458977688035,0.0025379863988658027,0.04015486975507755,0.21669704612329924,0.4733333333333334,0.6560459421427176,0.21318316886943012
mp-850083,Fe4S5,4,75,P4,tetragonal,2,"Fe,S",18,627.4919743016429,2.0308057139665,0,1,1,Fe4S5,0.0,-1.2,1.2,0.5584715713407876,0,FM,0.7838534717464567,0.212640192708638,0.0035063355449052,0.7838534717464567,0.5712132790378186,0.4914527233184265,False,True,518.4259969954446,242.03026028722297,9.68000001689012,6.5702212536305495,518.4259969954446,0.0,9.68000001689012,,406.3700175884974,51.46536118879692,457.8353787772943,7.715250160435516,0.1,True,1752.8372063068298,0.0017528372063068,0.0008329206854773,Easy-Axis (Uniaxial),6195.545587201716,6.195545587201717,77.85552351942975,0.5217124620574535,Soft Magnet,58.38466068077232,3.488306721254624,118.56790251850768,0.1489968206014778,4.416560125160899,0.5550013245157076,11.051405706306452,69.35979249933105,11.125078924534908,0.2865748787652427,0.314991418600678,Semi-Hard (0.1 <= kappa < 1.0),393.6676739534362,49.82844175357381,0.18050302450196049,0.0137009543784836,0.014674244772805533,0.0829409405060146,0.5248810788186692,1.0,0.893394172258876,0.2122193810874244
mp-2240460,MgIn(FeO2)2,-3m,166,R-3m,trigonal,4,"Fe,In,Mg,O",8,98.63338168079856,5.299983552241054,1,0,0,MgIn(FeO2)2,0.0,-2.5,2.5,1.45749547686629,0,FM,0.6781518916156586,0.3181622894416778,0.0036858189426635,0.6781518916156586,0.3599896021739807,0.5901930984097902,False,True,510.0912385039776,150.46240977918995,31.877397677994423,15.871295710473206,510.0912385039776,0.0,31.877397677994423,,345.91933828804645,47.871464770258974,393.7908030583054,22.19965436953037,0.9625,True,23.46464739195544,2.346464739195544e-05,1.7040470442498965e-05,Easy-Axis (Uniaxial),1088.3015301841792,1.0883015301841792,13.67600063415159,0.3789007098212674,Soft Magnet,64.68945956469574,4.441932743803754,342.85307169625014,0.4308418765206536,36.92886519512066,4.640618154249017,1.175874226118696,149.30400168317547,32.168217914756525,0.9923010132715906,0.0126035833966153,Soft / Non-Viable,312.6931879437686,44.35185753872922,0.16765625897350825,0.19853510784677753,0.00019643922327653945,0.013927374460696742,0.20752629624985575,0.885,0.6456461795594702,0.21214943005195705
mp-1222191,Mn4Cr(GaCo2)5,-3m,166,R-3m,trigonal,4,"Co,Cr,Ga,Mn",20,233.8221522578325,8.590914810698294,1,0,0,Mn4Cr(GaCo2)5,0.0,-0.2,0.0,7.194891153959821,0,FM,0.9237055712951092,0.0741102686585829,0.0021841600463078,0.9237055712951092,0.8495953026365263,0.2544466076729107,True,False,463.27957082777993,240.6292133765824,42.53902663615199,7.747933656037318,463.27957082777993,0.0,42.53902663615199,,427.93392064082747,17.833095650442,445.76701629126944,39.297731116754726,5.62,True,35.65977353145259,3.5659773531452594e-05,5.516815213963271e-05,Easy-Axis (Uniaxial),3171.5995515891286,3.1715995515891287,39.85549617987514,0.4265054785712411,Soft Magnet,39.14180641550928,7.888421558303332,336.26392445248416,0.422561709890879,35.523064722814766,4.463960053368719,4.4746941202676265,317.095714298651,30.348807340483237,1.3177772966510066,0.015841783769326,Soft / Non-Viable,374.7899252619025,17.168012539626776,0.09550317628399556,0.1905430586923154,0.0002985332827604056,0.04207872653770535,0.9447682043387818,0.2639999999999999,0.5266503759244425,0.20616818475875626
mp-1220076,Ni4Ge,-3m,166,R-3m,trigonal,2,"Ge,Ni",5,58.354672019994176,8.747753615039445,1,0,0,Ni4Ge,0.0,-0.2,0.0,0.6560815211279584,0,FM,0.824216498046628,0.0456061544051919,0.13017734754818,0.824216498046628,0.694039150498448,0.51480489395945,True,False,401.6274465670815,283.39139051829795,6.25510884412742,34.235988044635306,401.6274465670815,0.0,6.25510884412742,,331.02796752892914,12.924391513079549,343.9523590420087,5.386809905364862,4.4,True,394.5474780504522,0.0003945474780504,0.0001202269251858,Easy-Axis (Uniaxial),4738.305173110992,4.738305173110992,59.54330004599281,1.2757253406971116,Soft Magnet,47.62369994876856,6.633088196195281,416.6003933883939,0.5235154941406385,54.52419020097735,6.851711948240796,26.584365889237613,219.305424730284,24.95326715213838,0.7738605761071062,0.0425329032441148,Soft / Non-Viable,324.26688532148887,11.03535935785983,0.00047578160674590297,0.2985654500651754,0.003303037068458551,0.06324942852049069,0.6460656384010278,0.4266666666666665,0.9316198204281064,0.20378220934032637
mp-1215777,Zn2CrFe3O8,-3m,166,R-3m,trigonal,4,"Cr,Fe,O,Zn",14,155.2267625505002,5.1170905422109465,1,0,0,Zn2CrFe3O8,0.0,-2.5,2.5,2.686472534660747,0,FM,0.8225920553493574,0.1742964253016345,0.0031115193490079,0.8225920553493574,0.6482956300477228,0.4397412939792309,True,False,426.227208549268,220.89967644631852,25.63229817666541,0.0662324973154255,426.227208549268,0.0,25.63229817666541,,350.6111155263616,38.50202395488101,389.11313948124257,21.08492800068947,0.4357142857142857,True,339.2135915450708,0.000339213591545,0.0001493238436296,Easy-Axis (Uniaxial),2487.208815480327,2.4872088154803267,31.255188377820087,0.4329681263742063,Soft Magnet,49.28518106382389,2.6937076744835835,252.19673389284728,0.3169197625828436,19.98153225737244,2.510953446669319,11.0404268734801,206.08311017330263,18.364745643300157,0.9329262653917172,0.065146671682632,Soft / Non-Viable,323.0125980956696,38.48927774995478,0.03839258202326991,0.1021886344006884,0.002839797817323691,0.03283063799132979,0.6411884676118128,0.9552380952380952,0.7153485333796861,0.20360642558274633
mp-1206238,MnSiAs2,-42m,122,I-42d,tetragonal,3,"As,Mn,Si",8,185.2184613827653,4.175440450567442,0,0,0,MnSiAs2,0.0,-0.6,0.5,1.5657901689627909,0,FM,0.8922042384434677,0.1058189502596354,0.0019768112968968,0.8922042384434677,0.7863852881838324,0.3201723134238226,True,False,421.871416476406,134.5247271554523,37.969987707708384,19.487339345970355,421.871416476406,0.0,37.969987707708384,,376.3954658583989,14.235265411553836,390.6307312699527,33.939688006034935,0.1,True,220.03015138581856,0.0002200301513858,4.927239359806912e-05,Easy-Axis (Uniaxial),4584.204368117986,4.584204368117986,57.60681218085955,0.0103980300132179,Soft Magnet,28.417031461466728,4.534765800434222,118.6536226492558,0.149104539694687,4.422948447056093,0.5558041047366916,1.970408529373858,50.96085989626382,22.353368350723738,0.3788215071967784,0.1115206172306603,Semi-Hard (0.1 <= kappa < 1.0),334.1084826004632,12.971377259364628,0.031678789475106946,0.0137372723223218,0.0018420286192096904,0.06116708313728768,0.8501896878644792,1.0,0.5776460034466208,0.20345286045853145
mp-614006,B2O,-3m,164,P-3m1,trigonal,2,"B,O",6,58.02326309759813,2.1533364789355627,1,0,0,B2O,0.0,-2.5,2.5,0.0,0,FM,0.8307581475375085,0.0857647362555851,0.0834771162069064,0.8307581475375085,0.7449934112819234,0.5206350702281971,True,False,419.36042828519567,35.043434738365704,44.39825189182838,0.5152776546919036,419.36042828519567,0.0,44.39825189182838,,348.38709255274534,3.0054909378257446,351.3925834905711,36.884235970164696,0.1,True,1089.7657921956056,0.0010897657921956,0.0004608843753607,Easy-Axis (Uniaxial),16130.79762453833,16.13079762453833,202.7055851931248,2.47169805854383,Hard Magnet,62.38978150587216,7.171546354676544,134.34619242941383,0.1688244044696028,5.670228982413615,0.7125420024554204,10.958957992434325,60.51701414512745,0.4375260182871514,1.7269144590690808,0.2191978505874004,Semi-Hard (0.1 <= kappa < 1.0),303.4746175153379,2.9977675247284763,0.027808482186633385,0.020828127350724538,0.009123203182914163,0.2171947895488223,0.6657060614604642,1.0,0.5058993251885722,0.20285912433024147
mp-1042732,Mg2Fe3O8,6mm,186,P6_3mc,hexagonal,3,"Fe,Mg,O",26,287.9539304523175,3.969094961741254,0,1,0,Mg2Fe3O8,0.0222985133997978,-2.4888507433001013,2.5,1.091501114478845,0,FM,0.684375560700902,0.3125999551652286,0.0030244841338694,0.684375560700902,0.3717756055356734,0.5830941195832092,False,True,557.9932929066695,146.7712503338782,14.7300163628816,6.388255299597219,557.9932929066695,0.0,14.7300163628816,,381.8769727003445,45.88068627391486,427.7576589742594,10.27675461806741,0.1,True,45.55518424796897,4.5555184247968967e-05,4.810295209867019e-05,Easy-Axis (Uniaxial),3283.910865214491,3.283910865214491,41.26684179849511,0.7000628742410265,Soft Magnet,45.30658389144591,4.061910691900611,179.82613385724542,0.2259761844197508,10.15910589700392,1.2766309229237771,9.701794562847883,105.64826392057589,6.470421419547137,0.7198157928085037,0.033481982447654,Soft / Non-Viable,364.00433976406265,44.46055925741856,0.2414900073505689,0.04634762720612784,0.00038137479163478336,0.04359637562084837,0.22621202589442313,1.0,0.8370302942980423,0.20131483636975295
mp-952567,Fe2S3,-3m,167,R-3c,trigonal,2,"Fe,S",10,140.7820460438505,4.9040509644946,1,0,0,Fe2S3,0.0,-1.2,1.2,1.348614015236015,0,FM,0.7434549020678853,0.2490348602651675,0.0075102376669471,0.7434549020678853,0.4944200418027177,0.549174849376276,False,True,419.6606939042129,212.4528645457464,26.23985240741851,9.062231803930205,419.6606939042129,0.0,26.23985240741851,,311.99880008829734,52.90816943508454,364.90696952338186,19.63825334089662,0.1,True,752.1078703001348,0.0007521078703001,0.0007377018178636,Easy-Axis (Uniaxial),5836.881124340837,5.836881124340837,73.34841286536047,0.3468669808168323,Soft Magnet,60.71466902515954,0.5059206045556692,297.7478311918041,0.3741609596377862,27.85140356219875,3.499910660919322,0.533882630610459,125.91557213430288,32.36255144100452,0.5926753324956469,0.0821649372463668,Soft / Non-Viable,286.9043721537706,50.6147561695454,0.02827129607712814,0.14692926406081078,0.006296428980755786,0.07809435136333467,0.40358980502153763,1.0,0.7085675429490437,0.20025948322312587
mp-1222106,Mn23(BC)3,3m,160,R3m,trigonal,3,"B,C,Mn",29,286.3040652668764,7.725718751059851,0,1,0,Mn23(BC)3,0.0,-0.2,0.0,2.897144531647444,0,FM,0.6090309624941779,0.3813199694675119,0.0096490680383102,0.6090309624941779,0.2277109930266659,0.6502996487824112,False,True,403.0525491719265,312.38320076530374,23.78822549012665,22.640598302265204,403.0525491719265,0.0,23.78822549012665,,245.4714819579104,119.11795257798929,364.5894345358996,16.865036029013762,0.1,True,243.8894719065245,0.0002438894719065,6.54600862310669e-05,Easy-Axis (Uniaxial),9779.940572691496,9.779940572691498,122.89836021038992,4.261666898047487,Soft Magnet,58.343738603431234,6.001048636238494,450.7473153354632,0.5664257817932853,50.71532723348561,6.373076102254269,12.459514371599669,140.84905436483828,18.03547848762184,0.4508854958261966,0.0309071134225982,Soft / Non-Viable,227.43706778064623,107.0047003882646,0.0026723610321933867,0.2769118650376545,0.0020417719314658614,0.13137643277972086,0.0,1.0,0.7359304643545195,0.19718555883703667
mp-1042899,Ca2Fe3O8,6mm,186,P6_3mc,hexagonal,3,"Ca,Fe,O",26,336.01709472097053,3.7131540183819065,0,1,0,Ca2Fe3O8,0.0238435972246818,-2.4880782013876592,2.5,1.0211173550550243,0,FM,0.6120239885725247,0.3843291751077572,0.003646836319718,0.6120239885725247,0.2276948134647675,0.6266850065233561,False,True,565.5274708071317,169.86708677807178,1.593163802353729,18.60922841749239,565.5274708071317,0.0,1.593163802353729,,346.1163783307128,65.28487733937413,411.4012556700869,7.218228869538925,0.1,True,59.60637776626841,5.9606377766268406e-05,5.621259448595447e-05,Easy-Axis (Uniaxial),5121.559440612485,5.121559440612485,64.35941530451376,0.0688305387555326,Soft Magnet,44.12505842830453,4.273717684475553,163.84313801439538,0.2058913594908492,8.433471607257678,1.059781318413073,12.083389210948791,241.10298034080384,11.567358192431584,1.4193625434678847,0.0420352056249327,Soft / Non-Viable,344.28802095547854,59.72746696191189,0.25310279937519414,0.036537306084485445,0.000499007308959096,0.06842829669422154,0.008986158382317245,1.0,0.9836523849569756,0.18205318827314193
mp-756107,Li2Fe3SbO8,-3m,166,R-3m,trigonal,4,"Fe,Li,O,Sb",28,318.8433797269591,4.491097065558109,1,0,0,Li2Fe3SbO8,0.0217987193226449,-2.4891006403386777,2.5,1.23505169302848,0,FM,0.6116295498351577,0.3849602552178292,0.0034101949470131,0.6116295498351577,0.2266692946173285,0.6258410661444346,False,True,557.3890509903529,168.2350769978936,44.66900241198056,9.80827403368329,557.3890509903529,0.0,44.66900241198056,,340.9156143402753,64.76381817770026,405.6794325179756,27.580558684026464,1.15,True,136.46942165594578,0.0001364694216559,5.72816220595037e-05,Easy-Axis (Uniaxial),6715.205820366666,6.715205820366665,84.38576672978753,0.4305775773041399,Soft Magnet,44.23583143143913,1.91909970237986,198.66741273425944,0.2496528337414563,12.399470640297835,1.5581634651488463,16.025691348849794,131.34800615853027,0.0234602580747633,0.7807409043488286,0.05245490533064,Soft / Non-Viable,296.7330499301308,61.73619079226863,0.24055866012205243,0.059084217856833585,0.0011424824223130801,0.08996304585721208,0.007801909106394185,0.86,0.5028774440242065,0.17381279824727078
mp-1228970,Al8Zn3CoO16,-42m,115,P-4m2,tetragonal,4,"Al,Co,O,Zn",112,1094.4288030511332,4.412225707556731,0,0,0,Al8Zn3CoO16,0.0,-2.5,2.5,0.9375979628558052,0,FM,0.6653920114286261,0.1669587809845398,0.167649207586834,0.6653920114286261,0.4977428038417921,0.7912945441735393,False,True,443.3966145298577,43.53771825045325,2.338518031098147,9.623539158088022,443.3966145298577,0.0,2.338518031098147,,295.0325652026652,7.269004365944029,302.30156956860924,2.2367003535182968,0.5321428571428571,True,152.3008454120947,0.000152300845412,6.267837495185339e-05,Easy-Axis (Uniaxial),4837.231009148716,4.8372310091487165,60.78643878912858,0.8006972838893452,Soft Magnet,51.85369035366564,1.122929805538611,228.79018561013,0.2875062265304918,16.44465073299483,2.066495797490776,4.065176458380407,49.92524961581002,46.29854539668481,1.1467125890385923,0.0481181403321327,Soft / Non-Viable,292.75055701535047,6.935293999079077,0.06485661611870987,0.0820812780914609,0.0012750185109259536,0.06458620127753113,0.16921647157789776,0.9423809523809523,0.9753333911343341,0.15864815275739275
mp-1247236,Cr(C4N3)2,-3m,164,P-3m1,trigonal,3,"C,Cr,N",15,262.93168644507455,1.4659605653214405,1,0,0,Cr(C4N3)2,0.0,-0.6,0.5,0.3664901413303601,0,FM,0.7419117410334246,0.1473714948230615,0.1107167641435138,0.7419117410334246,0.594540246210363,0.6802483387454632,False,True,407.13425873493816,81.5484404552175,22.97861907915845,9.341587683967894,407.13425873493816,0.0,22.97861907915845,,302.0576867323907,12.017915570374832,314.0756023027656,17.10360255066132,0.2266666666666666,True,251.87397703273297,0.0002518739770327,0.0001931831747758,Easy-Axis (Uniaxial),8712.761910605004,8.712761910605003,109.48779737034872,3.774330278602075,Soft Magnet,54.51666434497661,2.9806196668981606,79.91928008260112,0.1004295292750739,2.006563919674605,0.2521522636588729,18.097051693262568,-8.131368262116776,23.85656267759349,0.0997121246798353,0.1771475518040706,Semi-Hard (0.1 <= kappa < 1.0),280.5675071559704,11.48163220059041,0.008963696979711944,0.0,0.0021086158928959402,0.11695577767574894,0.39895667149643854,0.9831111111111112,0.744966584996058,0.15245957265719226
mp-1184472,FeGe3,6/mmm,194,P6_3/mmc,hexagonal,2,"Fe,Ge",8,132.95548915120187,6.838340877914392,1,0,0,FeGe3,0.0,-0.2,0.0,1.880543741426458,0,FM,0.6176137540703588,0.1357645049291322,0.2466217410005089,0.6176137540703588,0.3709920130698498,0.8319294352668146,False,True,457.0401220965112,210.98810611587103,19.982691485498464,3.5300146392879697,457.0401220965112,0.0,19.982691485498464,,282.2742655688014,28.64469577275646,310.91896134155786,12.350886774742238,4.525,True,46.19889972236152,4.619889972236152e-05,4.495065540069581e-05,Easy-Axis (Uniaxial),3224.979490379897,3.2249794903798974,40.5262882871232,0.5553981631019146,Soft Magnet,49.26704556166391,1.607516662891868,336.9048515983971,0.4233671226961135,35.658609410893625,4.480993101551686,15.293603937489127,168.82613232310857,4.643151983817006,0.8001689546916552,0.0179971451423303,Soft / Non-Viable,264.64643846049466,28.147883567465826,0.08588601281615527,0.191313637327828,0.00038676379091052423,0.04280004314018294,0.02576867773520361,0.4099999999999999,0.7784045158262387,0.12678048105856243
