material_id,formula,point_group,spacegroup_number,spacegroup_symbol,crystal_system,nelements,elements,nsites,volume,density,is_centrosymmetric,is_polar,is_chiral,reduced_formula,energy_above_hull,formation_energy_per_atom,band_gap,total_magnetization,Predicted_Class,Predicted_Phase,P_FM,P_AFM,P_NM,max_probability,probability_margin,phase_entropy,High_Confidence,Boundary_Case,TC_if_FM,TN_if_AFM,TC_uncertainty,TN_uncertainty,Predicted_Curie_K,Predicted_Neel_K,Curie_Uncertainty_K,Neel_Uncertainty_K,Expected_TC_soft_K,Expected_TN_soft_K,Expected_ordering_temperature_K,Expected_temperature_uncertainty_K,Material_Criticality_Index,Rare_Earth_Free,Predicted_K1_J_m3,Predicted_K1_MJ_m3,K1_Uncertainty_MJ_m3,Anisotropy_Type,Predicted_Hc_A_m,Predicted_Hc_kA_m,Predicted_Hc_Oe,Hc_Uncertainty_kA_m,Magnetic_Hardness_Class,Predicted_Ms_emu_g,Ms_Uncertainty_emu_g,Predicted_Ms_kA_m,Predicted_Ms_Tesla,Predicted_BH_max_kJ_m3,Predicted_BH_max_MGOe,BH_max_Uncertainty_kJ_m3,Predicted_Curie_Weiss_theta_p_K,Curie_Weiss_Uncertainty_K,Magnetic_Frustration_Index,Hardness_Parameter_kappa,Permanent_Magnet_Viability,FM_screening_score,AFM_screening_score
mp-601842,Fe9Co7,m-3m,221,Pm-3m,cubic,2,"Co,Fe",16,182.58218119015507,8.32294443031301,1,0,0,Fe9Co7,0.0,-0.2,0.0,4.057435409777592,0,FM,0.9258415179760101,0.07186315188482313,0.002295330139166702,0.9258415179760101,0.8539783660911869,0.2498621711957852,True,False,1208.3273368611792,439.1227719062547,32.70081709889496,45.08364802469006,1043.0,0.0,32.70081709889496,,1118.7196157714639,31.556746453583724,1150.2763622250475,30.448631293503357,3.55625,True,135.25665569387914,0.00013525665569387915,8.738878727359093e-05,Easy-Axis (Uniaxial),16765.114545802855,16.765114545802856,210.67664686754748,5.206268351115917,Hard Magnet,121.89155089254099,7.576404806127655,1014.4966046032888,1.2748540320453925,108.66968762953852,13.655835958285493,20.588059104206458,227.06743816526944,12.381085360319148,0.5170932884659065,0.010226423941468084,Soft / Non-Viable,1008.7618288946904,25.751817151346344
mp-1084832,Fe5Co3,m-3m,229,Im-3m,cubic,2,"Co,Fe",8,85.09936332657782,8.898381964087266,1,0,0,Fe5Co3,0.0,-0.2,0.0,4.337961207492542,0,FM,0.9294176957353393,0.06833189387855342,0.0022504103861073397,0.9294176957353393,0.8610858018567858,0.24131434192890208,True,False,1201.305912216255,459.6867070685676,24.58909019970872,48.775681836214346,1043.0,0.0,24.58909019970872,,1116.5149728052713,31.411263284791033,1147.9262360900623,23.095292618120087,3.0625,True,277.60388283881105,0.000277603882838811,1.849463309355713e-05,Easy-Axis (Uniaxial),12430.050946117271,12.430050946117271,156.20062997877756,2.7496326537017572,Hard Magnet,135.62830061755687,3.0094140285737154,1206.872424035074,1.5166006164674775,112.26169903181896,14.107221432375137,22.124000338059552,208.90050309853228,10.665041431466733,0.4544410353536117,0.01231534186303345,Soft / Non-Viable,1031.933918775567,25.2526798865101
mp-1080603,Fe7Co,m-3m,229,Im-3m,cubic,2,"Co,Fe",8,91.92474536878191,8.12610902411402,1,0,0,Fe7Co,0.0,-0.2,0.0,3.961478149255585,0,FM,0.9269503755128586,0.07064420476073026,0.002405419726411049,0.9269503755128586,0.8563061707521283,0.24761506716235995,True,False,1124.1012715011104,377.6972191268479,55.52828309944539,8.652860312913276,1043.0,0.0,55.52828309944539,,1041.986095732436,26.68211968555545,1068.6682154179916,51.4755924510806,1.0875,True,185.7883391379151,0.00018578833913791512,0.00020064147385646353,Easy-Axis (Uniaxial),5529.878709109671,5.529878709109671,69.49050666111489,1.8820018941972116,Soft Magnet,131.66777292405686,18.253231038079882,1069.9466777431742,1.3445346490123047,110.51487790177802,13.887709410939808,17.589602913105452,185.16565064081567,15.935927495649338,0.4902489117311415,0.011364286123357752,Soft / Non-Viable,879.2432095544256,25.57560883233588
mp-1220026,PrErCo17,3m,160,R3m,trigonal,3,"Co,Er,Pr",19,244.43194023222432,8.899645426087744,0,1,0,PrErCo17,0.0,-0.2,0.0,1.8911746530436453,0,FM,0.9267901365682226,0.07134065030201935,0.0018692131297581543,0.9267901365682226,0.8554494862662033,0.24627878015103108,True,False,1131.2599839566064,182.09593976475486,3.4428467855094596,20.977968862599468,1043.0,0.0,3.4428467855094596,,1048.4405950253085,12.990842760174955,1061.4314377854835,3.5243353192885607,8.210526315789474,False,2577.748767600322,0.002577748767600322,0.003113895211967118,Easy-Axis (Uniaxial),108504.41017208187,108.50441017208188,1363.5066580036016,3.230632231933815,Hard Magnet,52.693190722250016,1.3254169827465105,468.9507137972415,0.5893008469444414,69.08826320397868,8.681887373898501,18.932943699445406,299.66443014503955,40.27643032944525,1.6456403724990707,0.09658021340636593,Soft / Non-Viable,1036.5450424669975,11.757590882964855
mp-18695,Fe15Co,m-3m,221,Pm-3m,cubic,2,"Co,Fe",16,187.7399637331692,7.930399621400886,1,0,0,Fe15Co,0.0,-0.2,0.0,3.866069815432932,0,FM,0.918963297299508,0.078963294417594,0.0020734082828980527,0.918963297299508,0.840000002881914,0.26482613927965076,True,False,1113.7090878314782,396.288855694199,71.38433301046234,16.993562743444755,1043.0,0.0,71.38433301046234,,1023.4577755860425,31.29227358659246,1054.750049172635,65.61330484427069,0.59375,True,88.01003897445761,8.801003897445762e-05,6.698623500378297e-05,Easy-Axis (Uniaxial),10201.39446717485,10.20139446717485,128.1945061482207,2.553603512100991,Hard Magnet,133.6158977479996,4.197362641859641,1059.6274649138757,1.3315671437261631,108.00758136095881,13.572633229098487,13.963536542212283,194.8436344148934,13.792249881660211,0.49167073869280536,0.007897833398219341,Soft / Non-Viable,826.7374398563095,28.841660730359873
mp-1219295,SmGdCo17,3m,160,R3m,trigonal,3,"Co,Gd,Sm",19,240.30348403318925,9.048696353917345,0,1,0,SmGdCo17,0.0,-0.2,0.0,9.840457284885112,0,FM,0.9281828217085433,0.06992419690806595,0.0018929813833908047,0.9281828217085433,0.8582586248004773,0.24309294534998593,True,False,1102.2671641740794,304.7274892223603,3.12829750966921,12.163554973796153,1043.0,0.0,3.12829750966921,,1023.1054467197712,21.307824959684865,1044.413271679456,3.0256362483544974,8.210526315789474,False,1234.9994272986553,0.0012349994272986553,0.00032622776971719857,Easy-Axis (Uniaxial),73136.02066236483,73.13602066236483,919.0543587571309,2.539071055068368,Hard Magnet,74.23387644175449,5.783973273337602,671.7198070956546,0.8441080044969845,100.00190303665383,12.566610001128941,17.040517174759508,330.44783802812196,37.052755178450326,1.0844044259721952,0.046670267646394904,Soft / Non-Viable,1012.5469530146416,20.086225423887292
mp-1219047,SmYCo17,3m,160,R3m,trigonal,3,"Co,Sm,Y",19,240.1975109058447,8.580210181301577,0,1,0,SmYCo17,0.0,-0.2,0.0,1.8232946635265848,0,FM,0.9283094153069161,0.06980629899088557,0.0018842857021983087,0.9283094153069161,0.8585031163160306,0.24276629606199554,True,False,1105.8049320719633,239.9290274102835,2.6016384966573014,17.870373492881043,1043.0,0.0,2.6016384966573014,,1026.5291299352284,16.74855742399463,1043.2776873592231,2.7182713722162952,8.210526315789474,False,4532.16857763646,0.00453216857763646,0.004177247474560655,Easy-Axis (Uniaxial),77403.01550413249,77.4030155041325,972.6749983900278,8.729539598930613,Hard Magnet,74.24985061580281,0.7489247562985497,637.0793242138325,0.8005774898816505,98.18500054033855,12.338291295304883,13.283509752485699,309.75899386751615,32.72322952079372,1.291044260925636,0.09426589277186924,Soft / Non-Viable,1017.7034748077558,15.374791125092456
mp-1219785,PrSmCo17,3m,160,R3m,trigonal,3,"Co,Pr,Sm",19,245.65438518942412,8.741126878301028,0,1,0,PrSmCo17,0.0,-0.2,0.0,1.8574894616389683,0,FM,0.9272792532825926,0.07084402654342743,0.0018767201739799486,0.9272792532825926,0.8564352267391652,0.24516031526246984,True,False,1109.8705415172078,184.7709425452383,1.6435701007035277,17.870743255050925,1043.0,0.0,1.6435701007035277,,1029.1599269784233,13.089917558128969,1042.2498445365522,1.9813049622540597,8.210526315789474,False,15835.09143504215,0.01583509143504215,0.026895633953259022,Easy-Axis (Uniaxial),162953.84479265817,162.95384479265817,2047.7384464806203,18.89345632941692,Hard Magnet,65.01737375807156,1.9476400197200974,568.3251133132231,0.7141784003341635,101.47138007394248,12.751269935314918,4.308443516023607,310.924946507452,37.83303410157967,1.682758891763118,0.1975188318677413,Semi-Hard (0.1 <= kappa < 1.0),1023.5523269746861,12.016223346523606
mp-1219231,Sm2Fe4Co13,3m,160,R3m,trigonal,3,"Co,Fe,Sm",19,249.730406403702,8.579171045582223,0,1,0,Sm2Fe4Co13,0.0,-0.2,0.0,4.182345884721334,0,FM,0.928040928523826,0.07006825646997253,0.0018908150062014954,0.928040928523826,0.8579726720538535,0.2434196578855654,True,False,1056.5778418009745,225.43009405500146,2.1663687224063324,6.8955583126918185,1043.0,0.0,2.1663687224063324,,980.5474813626765,15.795493646295872,996.3429750089724,2.067720607626244,6.5473684210526315,False,8863.249218614415,0.008863249218614415,0.007662855032098694,Easy-Axis (Uniaxial),127360.28560236981,127.36028560236981,1600.4565815220037,0.032087445702498094,Hard Magnet,53.482399004408315,5.024019255745152,458.83464898689533,0.5765886249878727,66.1397098390368,8.311361223099553,6.796630880993081,325.05467920154814,6.041803843200398,1.4419311696788797,0.18303550517315675,Semi-Hard (0.1 <= kappa < 1.0),973.5174885695014,15.269050505592137
mp-1225352,Ga3Fe4Co8Si,-3m,166,R-3m,trigonal,4,"Co,Fe,Ga,Si",16,180.17017835882405,8.59070341091701,1,0,0,Ga3Fe4Co8Si,0.0,-0.2,0.0,4.187967912822043,0,FM,0.9282282684993606,0.06976821824525813,0.002003513255381343,0.9282282684993606,0.8584600502541024,0.2433460645528088,True,False,1050.1014105566612,230.22160565473007,0.5030738167063191,20.512118457169066,1043.0,0.0,0.5030738167063191,,974.7338140697458,16.06215122809296,990.7959652978387,1.5053532505337752,5.15625,True,342.23800246267035,0.00034223800246267034,0.00022390426624458587,Easy-Axis (Uniaxial),394.3971964666369,0.3943971964666369,4.956141436346706,0.03432955026671189,Soft Magnet,72.39462291553785,16.389262810153056,621.9207340125618,0.7815286436356143,103.87512525655944,13.053333469455543,18.470815135967158,692.7858768453789,59.883763754323525,3.009213122613564,0.026535308940986352,Soft / Non-Viable,973.1020069341693,14.56804400635494
mp-1220100,NdSmFe4Co13,3m,160,R3m,trigonal,4,"Co,Fe,Nd,Sm",19,251.05133485355452,8.493564453821019,0,1,0,NdSmFe4Co13,0.0,-0.2,0.0,9.449090454875885,0,FM,0.9280706444409708,0.07004534356132334,0.001884011997705914,0.9280706444409708,0.8580253008796475,0.24332739029784328,True,False,1034.9520295496368,223.25763088364073,5.6161688658802404,8.047857362586655,1034.9520295496368,0.0,5.6161688658802404,,960.508597029622,15.638157457931728,976.1467544875537,5.242596548678515,6.5473684210526315,False,30400.05861627752,0.030400058616277523,0.022739087002682425,Easy-Axis (Uniaxial),140693.25972311175,140.69325972311177,1768.0036789698358,0.29617693191772576,Hard Magnet,66.79096195602817,7.558944170289781,567.2933403062328,0.7128818361345902,101.10327951610806,12.70501305408529,7.647845707925649,292.1802592734457,3.2963812896598768,1.3087134272500036,0.2741729426382083,Semi-Hard (0.1 <= kappa < 1.0),942.8577688745993,15.033230965390317
mp-1225391,Fe3Co3Ge2,3m,160,R3m,trigonal,3,"Co,Fe,Ge",8,93.632015160127,8.683185401009894,0,1,0,Fe3Co3Ge2,0.0,-0.2,0.0,4.233052882992324,0,FM,0.9295632786096073,0.06846910938892081,0.001967612001471941,0.9295632786096073,0.8610941692206865,0.2400727972198847,True,False,1028.6647011476948,235.22921413687254,18.556935699150813,6.96444791803313,1028.6647011476948,0.0,18.556935699150813,,956.208932188823,16.105934794207403,972.3148669830305,17.256435673382633,4.5375,True,394.6493151964103,0.0003946493151964103,7.38898487750405e-05,Easy-Axis (Uniaxial),5008.512296406829,5.0085122964068285,62.9388229659328,1.8685255524286357,Soft Magnet,28.935087690814346,15.077932757410434,251.2487310138202,0.3157284670307102,19.83159417160118,2.492111670753189,11.438075929544443,513.6120478803775,15.883384636639562,2.1834534871230864,0.07053373272783556,Soft / Non-Viable,900.5067776253462,15.56396275420796
mp-1224958,La4TaCo33,m,8,Cm,monoclinic,3,"Co,La,Ta",38,504.69838029468417,8.822123942105884,0,1,0,La4TaCo33,0.0,-0.2,0.0,1.8747013376975004,0,FM,0.931531344348619,0.06635451800987453,0.002114137641506499,0.931531344348619,0.8651768263387444,0.23583684485507775,True,False,1016.0251931791461,271.7813554244119,12.729326669635384,23.24672192504569,1016.0251931791461,0.0,12.729326669635384,,946.4593140942352,18.033920843257253,964.4932349374925,11.957676053340078,8.157894736842106,False,23222.322856232367,0.023222322856232366,0.0014225988463397409,Easy-Axis (Uniaxial),99745.42242507951,99.74542242507951,1253.43796962984,51.43424815083422,Hard Magnet,71.35137326210102,10.695924916337443,629.470658357715,0.7910161583787712,69.24826790195607,8.701994157637339,7.625538182199474,398.9546241264163,94.56215664314036,1.4679249189239325,0.21595954623315547,Semi-Hard (0.1 <= kappa < 1.0),907.9346579101615,16.156045372358996
mp-21211,InFeCo2,m-3m,225,Fm-3m,cubic,3,"Co,Fe,In",4,53.62847133081191,8.933954534545594,1,0,0,InFeCo2,0.0,-0.2,0.0,4.355302835590977,0,FM,0.9298597941669424,0.06824102910923524,0.0018991767238223268,0.9298597941669424,0.8616187650577072,0.23914621182991586,True,False,1018.7268517199705,224.95073622489872,30.645978085719264,0.07988895955303121,1018.7268517199705,0.0,30.645978085719264,,947.273140652669,15.350869738867212,962.6240103915362,28.496463396318813,5.775,True,239.4338426260805,0.00023943384262608048,2.6644338756691424e-05,Easy-Axis (Uniaxial),1355.3764156472282,1.355376415647228,17.03216269186779,0.36944254378060365,Soft Magnet,29.65217643995703,8.85769834877838,264.91119616490016,0.332897227090134,22.04705065710645,2.7705141489301495,7.220690380537193,663.5798624172214,124.89117757172994,2.949889711646887,0.05210597443930513,Soft / Non-Viable,859.4749703023066,15.344740362156493
mp-1220336,Nd2Fe4Co13,3m,160,R3m,trigonal,3,"Co,Fe,Nd",19,251.24186507074285,8.44668747851905,0,1,0,Nd2Fe4Co13,0.0,-0.2,0.0,9.396939819852443,0,FM,0.9282872573195,0.06982857442678575,0.0018841682537143374,0.9282872573195,0.8584586828927143,0.2428180967269148,True,False,1019.8707650906649,216.59349950386982,5.1636693713819,12.130804652474893,1019.8707650906649,0.0,5.1636693713819,,946.7330353463534,15.124415300463957,961.8574506468174,4.867640133357134,6.5473684210526315,False,6732.903925242819,0.006732903925242819,0.003693430864630927,Easy-Axis (Uniaxial),104497.58221920968,104.49758221920968,1313.1553719816636,17.106667405086736,Hard Magnet,68.39226396258866,6.143771139281689,577.6880796403674,0.7259442508258294,104.84233504638463,13.174876638624553,1.4195839119395548,319.4201450310278,0.5577272682829175,1.474744836584169,0.1267076599898705,Semi-Hard (0.1 <= kappa < 1.0),930.7133814092919,14.259518154604335
mp-1219201,Sm2Co16Ag,3m,160,R3m,trigonal,3,"Ag,Co,Sm",19,252.6738827458172,8.882004775767998,0,1,0,Sm2Co16Ag,0.0,-0.2,0.0,1.8874260148506996,0,FM,0.9277890337887579,0.07029485739330427,0.0019161088179379664,0.9277890337887579,0.8574941763954536,0.24409469223837174,True,False,1019.0465892412931,177.5908538854477,34.475069641919845,9.399733790208856,1019.0465892412931,0.0,34.475069641919845,,945.4602504179086,12.48372374823268,957.9439741661413,31.992415686276974,8.210526315789473,False,10365.83801678383,0.01036583801678383,0.0008692015275870587,Easy-Axis (Uniaxial),197593.6719247294,197.5936719247294,2483.0353606960534,31.855161987327296,Hard Magnet,67.48672734187286,6.682558224551226,599.4174345514675,0.7532501635282124,112.87782014938861,14.184645496946386,1.8439882816553907,265.80707288700285,59.54845438473026,1.4967385260642854,0.15151928293947117,Semi-Hard (0.1 <= kappa < 1.0),848.0096152727555,11.923342520329792
mp-1219168,Sm2Co16Ge,3m,160,R3m,trigonal,3,"Co,Ge,Sm",19,246.87078707486685,8.853833443523655,0,1,0,Sm2Co16Ge,0.0,-0.2,0.0,1.8814396067487769,0,FM,0.9271779462751996,0.07095147319125746,0.0018705805335429992,0.9271779462751996,0.8562264730839421,0.24537708778209757,True,False,1018.0062270721107,147.3882827713058,14.932571179655213,7.643187178322805,1018.0062270721107,0.0,14.932571179655213,,943.872922912084,10.457415793753777,954.3303387058378,13.855767088593177,8.105263157894736,False,12130.735609268604,0.012130735609268604,0.00412492363723693,Easy-Axis (Uniaxial),211802.3589708898,211.8023589708898,2661.5869915302633,13.434383208709917,Hard Magnet,60.13982633804215,8.114065747835774,532.4680057194623,0.6691190300159483,89.07111887538326,11.193007125683094,4.397517187012099,364.76697575972617,56.16108198723438,2.474870925294074,0.18452071088883037,Semi-Hard (0.1 <= kappa < 1.0),899.1190584478917,10.072486302931775
mp-1197249,Ho2Fe5Co12,6/mmm,194,P6_3/mmc,hexagonal,3,"Co,Fe,Ho",38,490.6058747227255,8.910374242129983,1,0,0,Ho2Fe5Co12,0.0,-0.2,0.0,4.343807443038367,0,FM,0.9274580217503974,0.07058850192692426,0.001953476322678396,0.9274580217503974,0.8568695198234731,0.24499366751729434,True,False,1004.5364938514593,236.3837893377119,5.667161993076661,12.406511495863455,1004.5364938514593,0.0,5.667161993076661,,931.6654293635547,16.685977569158734,948.3514069327134,5.328514148087282,6.13157894736842,False,140.2772557565803,0.00014027725575658031,7.861694778741642e-05,Easy-Axis (Uniaxial),74283.50669532671,74.28350669532671,933.4740938022621,13.784215617813464,Hard Magnet,49.6131419836565,0.1151481247542776,442.0716624023105,0.5555236347853303,61.39531418333124,7.71516287000972,12.772056567858394,367.24865151123936,25.165904802746724,1.553611829898226,0.023899896590253218,Soft / Non-Viable,914.392069421566,15.711361626014641
mp-16932,Th2Co17,-3m,166,R-3m,trigonal,2,"Co,Th",19,243.5410132437245,9.995242003000923,1,0,0,Th2Co17,0.0,-0.2,0.0,2.123988925637696,0,FM,0.9258152245252725,0.0722443174216736,0.0019404580530538926,0.9258152245252725,0.853570907103599,0.248783618372446,True,False,993.3285466533384,357.50853555665844,14.804497341505396,37.708797619110356,993.3285466533384,0.0,14.804497341505396,,919.6386914472232,25.827960123712916,945.4666515709362,13.974341929966988,7.168421052631579,False,290.7212917163939,0.0002907212917163939,0.0003279223437032899,Easy-Axis (Uniaxial),29947.152178554865,29.947152178554866,376.32702043122083,4.913606050976483,Hard Magnet,95.0462385778212,6.174261714532648,950.0101560602852,1.193817970845874,76.55367745888846,9.620019015292701,4.790918780157891,271.93341585876925,22.403062475253364,0.7606347508189014,0.016010512708594975,Soft / Non-Viable,876.3902986267536,21.730756608426432
mp-1225089,GaFe2Co4Si,-3m,166,R-3m,trigonal,4,"Co,Fe,Ga,Si",8,91.47045688951182,8.08265269778085,1,0,0,GaFe2Co4Si,0.0,-0.2,0.0,3.940293190168165,0,FM,0.9291727240476491,0.06883740834819334,0.0019898676041575918,0.9291727240476491,0.8603353156994558,0.24107087221249093,True,False,1000.2644971726403,233.03220761172582,19.463847004985155,17.321335871576736,1000.2644971726403,0.0,19.463847004985155,,929.4184876060541,16.04133323364934,945.4598208397034,18.124538923477257,4.7875,True,448.3278276374024,0.0004483278276374024,0.00042728058507910424,Easy-Axis (Uniaxial),338.4662284863418,0.3384662284863418,4.253292150232243,0.04591512003620106,Soft Magnet,83.30933874487621,14.963870670701688,673.3604515566124,0.8461696991312636,109.80920225066548,13.799031591562972,9.359812097833336,781.8189209309526,96.14695239861561,3.3549822530695224,0.0280508038119107,Soft / Non-Viable,872.7921763161677,14.762778048749674
mp-1225671,DyTiCo11,mm2,44,Imm2,orthorhombic,3,"Co,Dy,Ti",13,162.98652440307552,8.747914760590954,0,1,0,DyTiCo11,0.0,-0.2,0.0,8.419867957068792,0,FM,0.9301367521730548,0.06798408760760273,0.0018791602193424777,0.9301367521730548,0.862152664565452,0.23842190353942508,True,False,990.1098267055891,306.1234052948807,1.164083610592968,3.682780281756038,990.1098267055891,0.0,1.164083610592968,,920.9375385065628,20.811520404304847,941.7490589108676,1.1113271238040765,7.546153846153846,False,6417.1088015444275,0.0064171088015444275,0.004965147574165178,Easy-Axis (Uniaxial),185150.24531935726,185.15024531935725,2326.6666472226025,21.11817481362162,Hard Magnet,46.64103227197463,1.497029357720912,408.0117746612059,0.5127227175415114,52.29922647330708,6.572114754754967,15.947076912498224,344.020905633202,49.640441061241546,1.12379811436442,0.17514271308924967,Semi-Hard (0.1 <= kappa < 1.0),917.3778567473611,20.435228128284677
mp-1095848,ZnFeCo2,mmm,71,Immm,orthorhombic,3,"Co,Fe,Zn",4,660.7177964152698,0.6009657253439927,1,0,0,ZnFeCo2,0.0,-0.2,0.0,0.2929707911051964,0,FM,0.9271271308644329,0.07041144531460251,0.002461423820964601,0.9271271308644329,0.8567156855498304,0.2473722434996899,True,False,992.7754297580087,244.20882506625625,47.41586434078829,33.49996950382368,992.7754297580087,0.0,47.41586434078829,,920.4290357842469,17.195096331496035,937.624132115743,44.02377109966909,4.4,True,652.6459479441902,0.0006526459479441902,0.0006492086384108429,Easy-Axis (Uniaxial),3571.934757243555,3.571934757243555,44.8862568418367,0.02317375191395146,Soft Magnet,83.33782819447205,14.711186557478129,50.083178369483946,0.0629363780935992,0.7880134624977527,0.09902469411225975,22.183465161083014,330.97827730885956,0.9310907482503978,1.35530842187649,0.45503207272401097,Semi-Hard (0.1 <= kappa < 1.0),794.8074313164151,14.72813582634276
mp-1220467,Nd2FeCo17Si8,mmm,69,Fmmm,orthorhombic,4,"Co,Fe,Nd,Si",28,345.33716974883004,7.553496647739542,1,0,0,Nd2FeCo17Si8,0.0,-0.2,0.0,8.40326502061024,0,FM,0.9298206912881649,0.06779132347297982,0.0023879852388553587,0.9298206912881649,0.8620293678151851,0.24077851544826612,True,False,993.9636774000709,156.2565817465424,16.843621167018455,18.69896917087634,993.9636774000709,0.0,16.843621167018455,,924.2079936354604,10.59284047796197,934.8008341134224,15.712763913297858,5.603571428571428,False,12968.579388447024,0.012968579388447024,0.011731721001132229,Easy-Axis (Uniaxial),54502.668186303184,54.50266818630318,684.9007412060622,0.9620619944690003,Hard Magnet,64.40369455570197,9.757575377362365,486.47309092853624,0.6113201154520835,74.34769652769117,9.34280727041098,12.64517372944003,340.33046721008014,45.284782937119246,2.1780232448839607,0.2088249797814827,Semi-Hard (0.1 <= kappa < 1.0),875.0764716973242,9.687142576045206
mp-1219957,Pr2Co16Cu,3m,160,R3m,trigonal,3,"Co,Cu,Pr",19,249.1274448004912,8.587010143810838,0,1,0,Pr2Co16Cu,0.0,-0.2,0.0,1.824739655559803,0,FM,0.9271897814787117,0.07093092983747787,0.0018792886838105462,0.9271897814787117,0.8562588516412338,0.24537819745978998,True,False,995.4048894685992,165.37953965175114,7.989540571081079,6.597994715076382,995.4048894685992,0.0,7.989540571081079,,922.9292419492316,11.730524523592749,934.6597664728243,7.42258907018799,7.894736842105263,False,17154.276894812552,0.017154276894812553,0.02028242543782602,Easy-Axis (Uniaxial),205266.28310688125,205.26628310688125,2579.452238263936,28.19507456447641,Hard Magnet,70.27330397632593,7.1194911181145315,603.4375740838133,0.7583020198567018,114.39698282129594,14.375549112241936,8.389769495688093,247.65637883534725,59.496102956524325,1.4975031334399105,0.19361942550568373,Semi-Hard (0.1 <= kappa < 1.0),898.9875827321106,11.355893884420864
mp-1225443,ErTiCo11,mm2,44,Imm2,orthorhombic,3,"Co,Er,Ti",13,162.02791331081198,8.848442831463675,0,1,0,ErTiCo11,0.0,-0.2,0.0,1.8802941016860308,0,FM,0.9296870344878684,0.06841692480427504,0.0018960407078565812,0.9296870344878684,0.8612701096835933,0.23954650683155007,True,False,984.4803464773834,213.34515715360743,8.049130950210781,5.288974019301264,984.4803464773834,0.0,8.049130950210781,,915.2586138281478,14.5964195743346,929.8550334024824,7.491916490034421,7.546153846153846,False,6458.775333737813,0.0064587753337378125,0.004508771588059248,Easy-Axis (Uniaxial),138875.02908627148,138.87502908627147,1745.1551184810407,15.089946295129094,Hard Magnet,51.18469086597899,4.293319170757442,452.90481097375607,0.5691369707722503,64.44121804144554,8.097922444813278,17.48399131566966,350.930386857876,57.5238025585673,1.6448950214754952,0.1582935514638834,Semi-Hard (0.1 <= kappa < 1.0),891.3434792089175,14.220363898318519
mp-568820,Pu2Co17,6/mmm,194,P6_3/mmc,hexagonal,2,"Co,Pu",38,480.911025814539,10.288713585873616,1,0,0,Pu2Co17,0.0,-0.2,0.0,2.1863516369981437,0,FM,0.9243115970507233,0.0735970173003729,0.0020913856489036624,0.9243115970507233,0.8507145797503504,0.25275369789585983,True,False,992.4345558244058,159.1559866843632,29.749164703597785,9.83533073546731,992.4345558244058,0.0,29.749164703597785,,917.3187692623818,11.713405905466995,929.0321751678488,27.507023705510857,7.168421052631579,False,47.30177394850816,4.7301773948508166e-05,2.5711350584380118e-05,Easy-Axis (Uniaxial),127818.83872716755,127.81883872716755,1606.2189301465294,15.224488023058358,Hard Magnet,62.75651959117949,3.30968907306427,645.6838557199121,0.8113902630684832,117.8708840778969,14.812092427404,0.18730797145216518,327.96535816636515,38.906479306884336,2.060653607814221,0.009501974365182448,Soft / Non-Viable,834.5605091254139,11.164379100899563
mp-1188906,Sm2Ga2Co15,-3m,166,R-3m,trigonal,3,"Co,Ga,Sm",19,251.262305913992,8.751117375598783,1,0,0,Sm2Ga2Co15,0.0,-0.2,0.0,1.859612442314741,0,FM,0.92770598970153,0.07042417934242046,0.0018698309560496586,0.92770598970153,0.8572818103591096,0.2441373506436747,True,False,985.9672618747526,173.05419182194635,20.14622442182906,0.3210315937102308,985.9672618747526,0.0,20.14622442182906,,914.6877344908249,12.187199440826381,926.8749339316513,18.68978674029743,8.0,False,7283.363033138096,0.007283363033138097,0.00805965309164484,Easy-Axis (Uniaxial),136545.5858584555,136.5455858584555,1715.882470986518,5.706158050638947,Hard Magnet,55.701151102434274,6.638879426329986,487.44731125336585,0.6125443568182686,74.64577493862184,9.380264908977608,6.999140159055718,330.13329557487583,0.8456265669043432,1.907687367171935,0.15618285865979814,Semi-Hard (0.1 <= kappa < 1.0),857.1280852767013,12.167668410917907
mp-1219020,SmTiCo11,mm2,44,Imm2,orthorhombic,3,"Co,Sm,Ti",13,163.58617821744232,8.592616403312478,0,1,0,SmTiCo11,0.0,-0.2,0.0,1.8259309857039012,0,FM,0.9297352306636567,0.06836953531873444,0.0018952340176088566,0.9297352306636567,0.8613656953449222,0.2394293906196034,True,False,964.3677844329341,180.9023093398332,13.749205404831912,1.0657610768298298,964.3677844329341,0.0,13.749205404831912,,896.6067045043535,12.368206827650349,908.9749113320039,12.783328328882176,7.546153846153846,False,57519.83255858554,0.05751983255858554,0.030669323391644805,Easy-Axis (Uniaxial),158758.95917424056,158.75895917424057,1995.0239580906575,64.69407831590624,Hard Magnet,59.61158877737257,0.8403014610371784,512.2195155559696,0.6436740268383827,82.42559955077914,10.357906521881022,7.247158994763725,332.3232409495325,41.39934342133341,1.8370315014898355,0.41768391748297423,Semi-Hard (0.1 <= kappa < 1.0),857.3153548046041,12.302648408571459
mp-1225114,GaFe4Co8Si3,-3m,166,R-3m,trigonal,4,"Co,Fe,Ga,Si",16,180.85303831028665,7.793660465853463,1,0,0,GaFe4Co8Si3,0.0,-0.2,0.0,3.799409477103564,0,FM,0.9286348369900497,0.0693450120100072,0.002020150999943086,0.9286348369900497,0.8592898249800425,0.2424407269302942,True,False,956.9429117562422,230.0007477438312,20.323489169141055,15.294214507447194,956.9429117562422,0.0,20.323489169141055,,888.6505248675414,15.94940461460661,904.599929482148,18.902876240649142,4.41875,True,481.6841417177209,0.00048168414171772086,0.0005876025042763799,Easy-Axis (Uniaxial),217.81627945928741,0.21781627945928742,2.7371601467009117,0.07286828204762488,Soft Magnet,88.54664282726817,11.706342283441657,690.1024695869271,0.8672083394713855,116.0237421193617,14.579973718611775,6.275139514457285,850.0909575842882,24.731189066604713,3.6960356256367355,0.02837021719480808,Soft / Non-Viable,832.2685237718913,14.816380134594754
mp-1220652,Pr4AlCo25,mmm,65,Cmmm,orthorhombic,3,"Al,Co,Pr",30,418.278631289705,8.193716085855824,1,0,0,Pr4AlCo25,0.0,-0.2,0.0,1.7411646682443624,0,FM,0.9307586180262604,0.06718549263411586,0.0020558893396237024,0.9307586180262604,0.8635731253921445,0.23750653785413964,True,False,959.1231095887292,108.53649911815648,5.270684058653501,4.113946222016246,959.1231095887292,0.0,5.270684058653501,,892.712099997855,7.292078162035625,900.0041781598907,4.913514795796224,8.003333333333334,False,78619.94949719576,0.07861994949719577,0.058882217934505016,Easy-Axis (Uniaxial),316008.35209020163,316.00835209020164,3971.0781467443185,24.34943374663428,Hard Magnet,68.194945710572,1.155773736491298,558.7700236427784,0.702171120528939,95.33547830502333,11.980209763520168,7.242731444804449,280.72789026329497,5.193376051603991,2.586483740899779,0.44763944518045246,Semi-Hard (0.1 <= kappa < 1.0),877.2988825481187,7.14510526792126
mp-1219752,PrNdCo10,mmm,47,Pmmm,orthorhombic,3,"Co,Nd,Pr",12,174.3441118366102,8.32899285530528,1,0,0,PrNdCo10,0.0,-0.2,0.0,6.975531516318172,0,FM,0.929780591622681,0.06833160020233867,0.001887808174980318,0.929780591622681,0.8614489914203424,0.23929736674976176,True,False,953.986503911472,144.02007338699588,20.98994553785218,6.266399437710405,953.986503911472,0.0,20.98994553785218,,886.9981360068615,9.841122075791677,896.8392580826531,19.520740815176346,8.333333333333334,False,97140.62641696204,0.09714062641696204,0.10095710720899434,Easy-Axis (Uniaxial),317505.7620485377,317.50576204853775,3989.895155607959,59.81588884710405,Hard Magnet,76.68807576504761,3.259624414104067,638.7344351341916,0.802657363604961,128.17122443712853,16.1064713966313,1.1120077180748524,333.9442569075692,10.833527487450084,2.31873411153061,0.435286489433776,Semi-Hard (0.1 <= kappa < 1.0),828.9961866443545,9.542147536020341
mp-1217550,TbNdCo14B,4/mmm,136,P4_2/mnm,tetragonal,4,"B,Co,Nd,Tb",68,864.577500993925,8.750750665376192,1,0,0,TbNdCo14B,0.0,-0.2,0.0,7.328753682252561,0,FM,0.928142285472043,0.0699855299314227,0.0018721845965342936,0.928142285472043,0.8581567555406203,0.24311990287448682,True,False,956.2928516830638,101.62623850654076,9.674055326158737,0.9596143116691422,956.2928516830638,0.0,9.674055326158737,,887.5758329416963,7.1123661568174095,894.6881990985137,8.979150980362137,7.770588235294118,False,630691.0415234588,0.6306910415234588,0.06416477701359961,Easy-Axis (Uniaxial),653723.2638664378,653.7232638664378,8214.928972565198,92.31752626032502,Hard Magnet,66.43308970195721,5.536622144425088,581.3394039123983,0.730532640229384,87.92327787901085,11.048765169213201,12.582737982667899,345.27631192957296,15.817673129666616,3.397511479354327,1.2186349745516003,High-Performance (kappa >= 1.0),859.8484287037278,7.07840347044736
mp-1197924,Y2Ga2Co15,6/mmm,194,P6_3/mmc,hexagonal,3,"Co,Ga,Y",38,496.4133407115997,8.03657651187617,1,0,0,Y2Ga2Co15,0.0,-0.2,0.0,1.707772508773686,0,FM,0.9254180121109606,0.07245967380121804,0.0021223140878214052,0.9254180121109606,0.8529583383097425,0.2502966745255522,True,False,938.9595175083882,248.83367967506098,1.3761365655990971,31.29554276180977,938.9595175083882,0.0,1.3761365655990971,,868.9300501452793,18.030407260011696,886.960457405291,2.6007902590425376,8.0,False,403.5917669746298,0.0004035917669746298,0.0007054137871162758,Easy-Axis (Uniaxial),1978.6128469089206,1.9786128469089206,24.86398281962119,0.3229478608560452,Soft Magnet,63.74318786461235,0.6601043029600184,512.2770063848537,0.6437462719446512,72.0029845210946,9.04816206409862,10.466816874282307,311.1563320483888,11.076424684746002,1.250459071516009,0.03498334670443293,Soft / Non-Viable,864.9623623628974,15.590795261091191
mp-1219868,PrNdCo14B,4/mmm,136,P4_2/mnm,tetragonal,4,"B,Co,Nd,Pr",68,879.3639905575875,8.467512705679676,1,0,0,PrNdCo14B,0.0,-0.2,0.0,7.091541891006728,0,FM,0.9280425961904614,0.07008863939236007,0.0018687644171785389,0.9280425961904614,0.8579539567981013,0.2433431089954476,True,False,946.1469704250829,103.50720847208169,1.2345663663711548,12.643048987908251,946.1469704250829,0.0,1.2345663663711548,,878.0646908110336,7.2546794091095705,885.3193702201432,1.448423722990812,7.770588235294118,False,733104.3796280634,0.7331043796280634,0.049954583751747106,Easy-Axis (Uniaxial),601390.9687780944,601.3909687780944,7557.301944609377,100.34289136853626,Hard Magnet,74.15599874239548,8.669714690123897,627.9168615535998,0.7890635997287794,83.0318167595171,10.434086024538992,15.282693983670086,333.5224070702866,21.258311705253362,3.222214297859703,1.216398370275,High-Performance (kappa >= 1.0),874.4660694846385,6.823340281884408
mp-1226024,Co4Ru,-3m,166,R-3m,trigonal,2,"Co,Ru",5,58.69749467257621,9.528075735269214,1,0,0,Co4Ru,0.0,-0.2,0.0,2.024716093744708,0,FM,0.8864572194181108,0.11067146342035382,0.002871317161535335,0.8864572194181108,0.775785755997757,0.33428769839662476,True,False,956.4241357051728,287.10452908883707,6.9316316677873715,13.717962029487694,956.4241357051728,0.0,6.9316316677873715,,847.8290799215774,31.77427838887314,879.6033583104505,6.329371095889028,8.200000000000001,False,74.25040892888184,7.425040892888183e-05,7.957410230819876e-05,Easy-Axis (Uniaxial),4610.786306557515,4.6107863065575145,57.9408506774281,0.4157437405339738,Soft Magnet,107.15950332620277,11.56161313131706,1021.0238634458932,1.2830564274165945,122.03539476882712,15.335420285267565,2.439797553758436,159.9691036719596,13.326719842660978,0.5571807041137317,0.0075285025240417235,Soft / Non-Viable,828.682018188897,29.734775764415243
mp-1220235,NdYCo14B,4/mmm,136,P4_2/mnm,tetragonal,4,"B,Co,Nd,Y",68,869.6348569469649,8.165061029953554,1,0,0,NdYCo14B,0.0,-0.2,0.0,6.838238612586101,0,FM,0.9269032676273035,0.07121378112437395,0.0018829512483226347,0.9269032676273035,0.8556894865029295,0.24606010958987407,True,False,937.6912092198652,141.2175714724915,7.057339615885837,10.342977992730098,937.6912092198652,0.0,7.057339615885837,,869.1490458512905,10.056637225757644,879.2056830770481,6.582808613094181,7.770588235294118,False,256880.6436584768,0.2568806436584768,0.1337804791416597,Easy-Axis (Uniaxial),397645.7427071476,397.64574270714763,4996.963873155902,49.52233228932539,Hard Magnet,67.77368293972876,4.7808749785326015,553.3762574276074,0.6953931140022341,71.03563356198799,8.926601155074167,13.801983810039339,330.9717980778023,7.4591178486053025,2.3437012450130825,0.8170342011653594,Semi-Hard (0.1 <= kappa < 1.0),849.1727117859043,9.562132590996427
mp-1226230,CrFe4,mmm,69,Fmmm,orthorhombic,2,"Cr,Fe",5,57.25187645456947,7.987035552619415,1,0,0,CrFe4,0.0,-0.2,0.0,4.193193665125193,0,FM,0.898513116243147,0.09947016298679404,0.0020167207700590587,0.898513116243147,0.799042953256353,0.307876352491594,True,False,956.6155325908077,160.67999715545122,6.6277675998088625,6.96881514116302,956.6155325908077,0.0,6.6277675998088625,,859.5316032347644,15.982865505770334,875.5144687405347,5.995344647490988,0.48000000000000004,True,6.441609592419184,6.441609592419183e-06,2.3873546833518576e-07,Easy-Axis (Uniaxial),13132.289049632702,13.132289049632702,165.02521441851192,7.260566748541789,Hard Magnet,118.50041405847321,5.1360629678950716,946.467020085147,1.1893655348658085,78.70720521883936,9.890639300148568,8.86624871505262,135.92164908188596,17.065489654078796,0.8459151822761574,0.0023921410430219783,Soft / Non-Viable,840.9528040753673,15.444708899617778
mp-1190065,Nd2Ga2Co15,-3m,166,R-3m,trigonal,3,"Co,Ga,Nd",19,253.446223693424,8.595541662932149,1,0,0,Nd2Ga2Co15,0.0,-0.2,0.0,7.198766142705675,0,FM,0.9278221320646016,0.07031239481365241,0.001865473121746011,0.9278221320646016,0.8575097372509493,0.24385030665867616,True,False,925.6524090993364,153.7751493648746,17.095490053429728,6.6028866455678354,925.6524090993364,0.0,17.095490053429728,,858.8407917612811,10.812299014671433,869.6530907759526,15.868367039186783,8.0,False,9707.517989671449,0.00970751798967145,0.01561253882790007,Easy-Axis (Uniaxial),94838.69751087257,94.83869751087258,1191.7782446573456,9.036527486895292,Hard Magnet,60.631774147080336,4.15655763026297,521.1629407787213,0.6549126664294733,85.32905279740453,10.722765224554704,5.931657015354104,328.6803296029754,2.970563440806245,2.1374086187560075,0.16864584431287274,Semi-Hard (0.1 <= kappa < 1.0),812.5383223992578,10.466745349226596
mp-1219301,Sm(Co5Mo)2,mmm,71,Immm,orthorhombic,3,"Co,Mo,Sm",13,168.86105635712156,9.160854798950504,1,0,0,Sm(Co5Mo)2,0.0,-0.2,0.0,1.946681644776982,0,FM,0.9269796929812028,0.07099668437237883,0.0020236226464184466,0.9269796929812028,0.8559830086088239,0.24634178745290172,True,False,921.2299489274145,169.12163100048895,2.2326814701580133,4.662536138405869,921.2299489274145,0.0,2.2326814701580133,,853.9614552218238,12.007075056683632,865.9685302785075,2.0959556295522512,6.938461538461539,False,32455.180346620346,0.032455180346620344,0.010529617500793217,Easy-Axis (Uniaxial),166239.91957248293,166.23991957248293,2089.032480832614,33.29845237528624,Hard Magnet,72.97806848458859,0.2239226201666895,668.5414888951819,0.8401140120532343,91.87326857804958,11.54513564933009,3.903242953242462,234.98366701589742,32.81385513438717,1.3894359084984111,0.24038574883330074,Semi-Hard (0.1 <= kappa < 1.0),847.6529914646004,11.733534904076123
mp-1219018,SmYCo10,mmm,47,Pmmm,orthorhombic,3,"Co,Sm,Y",12,164.36552733521935,8.37109241596024,1,0,0,SmYCo10,0.0,-0.2,0.0,1.7788571383915508,0,FM,0.9304725605104754,0.06763936977214706,0.0018880697173775185,0.9304725605104754,0.8628331907383284,0.23765049406242833,True,False,907.8449294688446,186.0889937809443,6.518495507596981,24.99038631774802,907.8449294688446,0.0,6.518495507596981,,844.7247960693278,12.586942260876066,857.3117383302039,6.296416843755997,8.333333333333334,False,80731.07826848705,0.08073107826848705,0.05004116558420914,Easy-Axis (Uniaxial),277296.7295711527,277.2967295711527,3484.613541636253,93.81946340337124,Hard Magnet,70.59218114948563,4.362946197402479,590.9336722465505,0.7425891533954406,77.30465059862352,9.714389085079423,2.3549144287174886,313.8695077515612,19.96688806601199,1.6866634687757753,0.42892040473982945,Semi-Hard (0.1 <= kappa < 1.0),826.7606768757531,11.188871193011648
mp-1220153,Pr4ZrCo25,mmm,65,Cmmm,orthorhombic,3,"Co,Pr,Zr",30,427.0074660120764,8.276046083247063,1,0,0,Pr4ZrCo25,0.0,-0.2,0.0,1.758659792690001,0,FM,0.9298772834473686,0.06814882394490543,0.001973892607725924,0.9298772834473686,0.8617284595024632,0.23934683696505296,True,False,909.4873207671219,146.13870018717097,6.861453028089159,5.3638835956195265,909.4873207671219,0.0,6.861453028089159,,845.7115991647569,9.959180550592832,855.6707797153497,6.39077209800291,8.003333333333334,False,104142.92974205174,0.10414292974205173,0.0854011708504987,Easy-Axis (Uniaxial),261831.54136475286,261.83154136475287,3290.2722512383575,98.41921568701126,Hard Magnet,71.20839811342465,0.8468698769322174,589.3239843009056,0.7405663598655967,109.10837945880294,13.710963600476735,4.307324567949747,334.2353620480056,26.008882652961688,2.287110543750046,0.4884901907128142,Semi-Hard (0.1 <= kappa < 1.0),826.80140254111,9.699057474198705
mp-1216155,YFe6Co5W,mm2,44,Imm2,orthorhombic,4,"Co,Fe,W,Y",13,167.56253246769523,8.943564574566462,0,1,0,YFe6Co5W,0.0,-0.2,0.0,4.359987730101151,0,FM,0.9247977476669117,0.07324376239749023,0.0019584899355982142,0.9247977476669117,0.8515539852694215,0.2511983893284411,True,False,902.1996081600685,289.7827519740892,0.33284999606985366,0.3001539923219525,902.1996081600685,0.0,0.33284999606985366,,834.3521655724016,21.22477903248103,855.5769446048827,0.3086029905913603,4.276923076923077,False,12491.944658827388,0.012491944658827388,0.004325078499736685,Easy-Axis (Uniaxial),40895.39902130731,40.89539902130731,513.9067505074905,4.496463803882337,Hard Magnet,99.60204367932164,6.693983923896553,890.7973094048024,1.1194089132254723,89.48697594974062,11.245265267888087,23.77687400534364,234.03671727584222,8.103795831034716,0.807628182428085,0.11192605512715831,Semi-Hard (0.1 <= kappa < 1.0),833.4274777967046,21.19297325482299
mp-1222814,LaYCo10,mmm,47,Pmmm,orthorhombic,3,"Co,La,Y",12,171.2048096639929,7.925585311552266,1,0,0,LaYCo10,0.0,-0.2,0.0,1.6841868787048564,0,FM,0.9293128842258584,0.06879015450752125,0.0018969612666203636,0.9293128842258584,0.8605227297183372,0.24043713271677739,True,False,901.5521495485318,246.3591735169615,14.05943111675441,14.385655445654265,901.5521495485318,0.0,14.05943111675441,,837.8240283769686,16.94708561057702,854.7711139875456,13.103032798494546,8.333333333333334,False,28326.25814739953,0.02832625814739953,0.00099720650842814,Easy-Axis (Uniaxial),30971.411047720027,30.971411047720025,389.1982372362432,30.72398133974083,Hard Magnet,62.24296013380948,8.380109628044032,493.3118905840537,0.6199140045549419,61.43999050043682,7.72077706170312,1.5333621146724077,268.4863740908897,39.79508346965315,1.0898168323023893,0.3043463437222535,Semi-Hard (0.1 <= kappa < 1.0),800.3173399994156,15.809906288131321
mp-1216137,Y2Co17C,2/m,12,C2/m,monoclinic,3,"C,Co,Y",20,247.1626450250194,8.006235521432139,1,0,0,Y2Co17C,0.0,-0.2,0.0,1.7013250483043294,0,FM,0.9291398318988613,0.06885109199285896,0.0020090761082796906,0.9291398318988613,0.8602887399060023,0.24121066474496036,True,False,898.1099853113894,219.88380202490163,54.38138793590309,5.145846534025154,898.1099853113894,0.0,54.38138793590309,,834.4697607789132,15.13923988095609,849.6090006598693,50.52915577969463,7.805,False,7415.285158616735,0.007415285158616735,0.0012688495403537076,Easy-Axis (Uniaxial),8574.860898717357,8.574860898717358,107.75488211320814,9.550387255937055,Soft Magnet,75.4817181077959,8.770464616338053,604.324412733363,0.7594164541712397,69.62383866779729,8.749189772909,2.256461037684815,427.6427907278111,62.411880194679895,1.944858087724811,0.12711267482711167,Semi-Hard (0.1 <= kappa < 1.0),706.4166933026208,14.759489540476874
mp-1216006,YFe6Co5Re,mm2,44,Imm2,orthorhombic,4,"Co,Fe,Re,Y",13,165.77199385691816,9.063876173654108,0,1,0,YFe6Co5Re,0.0,-0.2,0.0,4.418639634656378,0,FM,0.924758894797755,0.0732682828658133,0.0019728223364316928,0.924758894797755,0.8514906119319416,0.25133526352092905,True,False,893.187600361599,289.3125537060736,28.861723162633666,2.412947629177353,893.187600361599,0.0,28.861723162633666,,825.9831781574512,21.1974340215674,847.1806121790186,26.69072073457938,3.9000000000000004,False,3672.3938549577124,0.003672393854957712,0.0011415236619855414,Easy-Axis (Uniaxial),31044.969029322565,31.044969029322566,390.12259411266234,6.778036956540137,Hard Magnet,98.34572500962945,4.8625741813170436,891.3934736955193,1.120158075367892,80.95017609121528,10.172499338219131,23.094046695856658,236.12992396518865,8.84142261098583,0.8161758656524953,0.06064573221029107,Soft / Non-Viable,753.4928390699092,20.944741203414836
mp-1222865,LaNdCo10,mmm,47,Pmmm,orthorhombic,3,"Co,La,Nd",12,173.88952349910105,8.331647212467926,1,0,0,LaNdCo10,0.0,-0.2,0.0,6.977754540441889,0,FM,0.9302706253405264,0.06783929913319124,0.0018900755262824353,0.9302706253405264,0.8624313262073352,0.2381385947574789,True,False,896.5344986692091,166.52248622430824,2.7333570468248922,2.6318485067559294,896.5344986692091,0.0,2.7333570468248922,,834.0197087163605,11.296768755373565,845.3164774717341,2.5490223481816305,8.333333333333334,False,79909.75246709723,0.07990975246709724,0.013983485153843013,Easy-Axis (Uniaxial),221042.00307368493,221.04200307368492,2777.695785926405,113.65396248938424,Hard Magnet,74.617701355451,4.246348245605155,621.6883634989075,0.7812366382361715,87.45563525371472,10.989999462626132,8.509329884783266,310.56289438324507,18.49734814028875,1.8649907374365782,0.4056226725399761,Semi-Hard (0.1 <= kappa < 1.0),826.489406571103,11.150042640011666
mp-1219230,Sm2VCo16,3m,160,R3m,trigonal,3,"Co,Sm,V",19,247.64375115849745,8.68070207218608,0,1,0,Sm2VCo16,0.0,-0.2,0.0,1.8446491903395417,0,FM,0.9278804601592949,0.07023937598798173,0.0018801638527233388,0.9278804601592949,0.8576410841713132,0.2437617780588661,True,False,893.6078629948652,182.2938093842505,56.32173099754414,5.142825357177202,893.6078629948652,0.0,56.32173099754414,,829.1612751176397,12.804203417621842,841.9654785352615,52.261082097609886,8.0,False,69997.95205799442,0.06999795205799442,0.021480382972362586,Easy-Axis (Uniaxial),246597.59536574144,246.59759536574143,3098.8368361766393,49.85964296140767,Hard Magnet,55.32811998764994,6.057748322855492,480.2869258269529,0.6035463511172724,72.46885539304736,9.106705125589864,3.989031131583195,339.1500786913715,31.885160806639732,1.860458563222459,0.4914020572991604,Semi-Hard (0.1 <= kappa < 1.0),698.1005111276986,12.483208608761485
mp-1219372,Sm2HfCo16,-3m,164,P-3m1,trigonal,3,"Co,Hf,Sm",38,502.7398021475589,9.394604848034357,1,0,0,Sm2HfCo16,0.0,-0.2,0.0,1.9963535302073008,0,FM,0.9279142749093472,0.0702033077602269,0.0018824173304259402,0.9279142749093472,0.8577109671491203,0.24368975259382625,True,False,893.5391297216108,165.91826370319268,46.57282699408256,2.693770306639294,893.5391297216108,0.0,46.57282699408256,,829.1277136587577,11.64801092979772,840.7757245885554,43.216004765211025,7.794736842105262,False,50011.64606898274,0.05001164606898274,0.01824899570294846,Easy-Axis (Uniaxial),322513.8462730668,322.5138462730668,4052.8285992639226,10.023036371424473,Hard Magnet,54.37691594174859,4.266889654672482,510.849638127508,0.6419525880921534,74.4258293091691,9.352625725493548,24.842437893915847,345.8186572919644,21.404819783510874,2.084271192173222,0.39051484919510854,Semi-Hard (0.1 <= kappa < 1.0),717.7086451208545,11.493210582817984
mp-1018101,AlCo3,m-3m,221,Pm-3m,cubic,2,"Al,Co",4,45.688740626500255,7.406343720709721,1,0,0,AlCo3,0.0014809549810296,-0.1992595225094851,0.0,1.5738480406508155,0,FM,0.9214007348702722,0.07632058431310962,0.0022786808166181446,0.9214007348702722,0.8450801505571626,0.26000846171141445,True,False,896.6765241624255,180.8960173715392,64.54423607465316,9.330119702092247,896.6765241624255,0.0,64.54423607465316,,826.1984083041802,13.806089745710299,840.0044980498906,59.47536946142429,6.025,True,258.0560799865146,0.0002580560799865146,0.000291631628726719,Easy-Axis (Uniaxial),1584.333959032658,1.584333959032658,19.90932809289687,0.38069813908391986,Soft Magnet,64.36971996979943,9.640792867074822,476.74427130216714,0.599094520145563,45.83708406199042,5.760057973945441,8.244387648031756,569.9891382746307,3.7334400140204593,3.150921432968532,0.030058453519002496,Soft / Non-Viable,679.9161746737814,13.190734104923274
mp-1224812,GaCo4,-3m,166,R-3m,trigonal,2,"Co,Ga",5,58.11991738953303,8.72715033502059,1,0,0,GaCo4,0.0,-0.2,0.0,1.8545194461918757,0,FM,0.9283777769539399,0.06951521794071262,0.0021070051053475878,0.9283777769539399,0.8588625590132273,0.24332547728023068,True,False,877.5371484501762,284.22890155806647,26.24603390220375,23.599002127748776,877.5371484501762,0.0,26.24603390220375,,814.6859870726742,19.758234036858344,834.4442211095325,24.421396267962777,7.6000000000000005,True,97.39789543000165,9.739789543000166e-05,1.28477956075967e-05,Easy-Axis (Uniaxial),2186.3531808041903,2.1863531808041903,27.474524897614742,1.2764800706112929,Soft Magnet,73.82799990805339,11.832821148511627,644.3080541314682,0.8096613798032621,84.832265434849,10.66033708219789,18.992527354478554,510.5475472175945,21.12951825167937,1.7962548650714618,0.013663950942910242,Soft / Non-Viable,749.1456469170929,17.67291790110036
mp-1227675,Ce2Co16Cu,-3m,164,P-3m1,trigonal,3,"Ce,Co,Cu",38,491.44752670801216,8.695254927450783,1,0,0,Ce2Co16Cu,0.0,-0.2,0.0,1.8477416720832915,0,FM,0.9277309437261604,0.07036141816953986,0.001907638104299746,0.9277309437261604,0.8573695255566205,0.24420329425828316,True,False,879.2771067474307,156.02934005919042,6.5062352581394975,11.702529038146409,879.2771067474307,0.0,6.5062352581394975,,815.7325800396018,10.978445642622034,826.7110256822239,6.091939446495872,7.894736842105263,False,295.15749475414714,0.00029515749475414715,0.00047198878154274443,Easy-Axis (Uniaxial),38088.17218401837,38.08817218401837,478.63009698622443,11.437140223223528,Hard Magnet,68.71044738872101,0.6169150534472294,597.4548562241241,0.7507839148661017,112.13987397792796,14.091912444304645,2.340813487781172,253.5945223377074,40.52916349867897,1.6253002303381223,0.025651743003971626,Soft / Non-Viable,798.4169516348585,10.371577224421198
mp-1216162,YFe5Co5Mo2,-1,2,P-1,triclinic,4,"Co,Fe,Mo,Y",13,170.63195340412975,8.317458898519838,1,0,0,YFe5Co5Mo2,0.0,-0.2,0.0,4.054761213028422,0,FM,0.9243580447342076,0.07344732429139587,0.0021946309743965014,0.9243580447342076,0.8509107204428117,0.25297892687600887,True,False,874.2657829542561,242.1826491546754,7.165444756964689,25.242777803111835,874.2657829542561,0.0,7.165444756964689,,808.1346097096173,17.787667570212797,825.92227727983,6.878028849721139,3.9000000000000004,False,1185.1394360747875,0.0011851394360747874,0.0007066817186361913,Easy-Axis (Uniaxial),1601.2926699856414,1.6012926699856413,20.12243754401392,1.0745966646601457,Soft Magnet,79.43156479152182,8.700466432645918,660.6687753985983,0.8302208684993606,68.63197873457248,8.624548975303247,6.020817973530364,226.8889654178377,11.279018231735108,0.9368506216683177,0.046483199259713864,Soft / Non-Viable,789.2827368804741,15.794217904523684
mp-1219324,Sm2ZrCo16,-3m,164,P-3m1,trigonal,3,"Co,Sm,Zr",38,499.179212614755,8.881028027102396,1,0,0,Sm2ZrCo16,0.0,-0.2,0.0,1.887218455759259,0,FM,0.9275945492591221,0.07052368709745382,0.00188176364342406,0.9275945492591221,0.8570708621616683,0.2444381832243792,True,False,876.7842083647824,175.43063755249008,58.08262245707459,7.213151273460937,876.7842083647824,0.0,58.08262245707459,,813.3002525556466,12.372015390058642,825.6722679457052,53.87952546152907,7.794736842105262,False,168042.96304893674,0.16804296304893673,0.01609084539957191,Easy-Axis (Uniaxial),330895.36549437547,330.8953654943755,4158.153878156411,36.79642320646775,Hard Magnet,55.782599004918296,3.9608524099058897,495.4068251872936,0.6225465770186578,77.10345581300756,9.689106202170985,12.133129281688959,349.83715439726717,26.8576217328536,1.9941622471308265,0.7381476608009843,Semi-Hard (0.1 <= kappa < 1.0),681.3792696570816,11.941341863703613
mp-1215983,YThCo10,mmm,47,Pmmm,orthorhombic,3,"Co,Th,Y",12,168.50132579383026,8.970544426897904,1,0,0,YThCo10,0.0,-0.2,0.0,1.9062406907158045,0,FM,0.9301505145619529,0.06795383643484784,0.001895649003199273,0.9301505145619529,0.862196678127105,0.2384429182182852,True,False,869.4837639321013,245.12815880788082,41.411015941594144,23.363174785501656,869.4837639321013,0.0,41.411015941594144,,808.7507704247075,16.65739880920614,825.4081692339137,38.55118234078788,7.508333333333334,False,7554.413417929093,0.0075544134179290935,0.009489525770357202,Easy-Axis (Uniaxial),25304.80293884045,25.30480293884045,317.9895382303615,17.926580491613002,Hard Magnet,66.93476672458975,12.783453891045081,600.4412986069799,0.7545367890462413,66.53040646423545,8.360457609953603,0.9978996724101241,293.69309595196796,29.057837037451666,1.1981205969166109,0.12912932667248567,Semi-Hard (0.1 <= kappa < 1.0),710.6543719987015,14.915080630638816
mp-1195916,Ho2Cr2Co15,6/mmm,194,P6_3/mmc,hexagonal,3,"Co,Cr,Ho",38,478.4039577652255,9.148514123967711,1,0,0,Ho2Cr2Co15,0.0,-0.2,0.0,4.231187782335066,0,FM,0.9262891316447615,0.07173487578711549,0.00197599256812314,0.9262891316447615,0.854554255857646,0.2477983120730623,True,False,873.0851914332271,205.9978659574195,19.45575644567748,3.404786977988877,873.0851914332271,0.0,19.45575644567748,,808.7293238245843,14.777231326866353,823.5065551514507,18.023310735814047,7.578947368421053,False,1686.1251285724868,0.0016861251285724868,2.6666088132643807e-05,Easy-Axis (Uniaxial),215330.00270697262,215.3300027069726,2705.916670974493,31.05301040835146,Hard Magnet,30.31433429745894,1.4301689837515443,277.3311154789819,0.3485045580002529,24.16278945492992,3.0363857326615085,12.12269868168528,283.17782256964915,49.5015038156819,1.3746638648585954,0.13208131068310433,Semi-Hard (0.1 <= kappa < 1.0),759.4754273543101,14.529875669509634
mp-1225227,Fe3Co3Si2,3m,160,R3m,trigonal,3,"Co,Fe,Si",8,86.69779519486819,7.670958295056223,0,1,0,Fe3Co3Si2,0.0,-0.2,0.0,3.7395921688399087,0,FM,0.9295637801713523,0.06846145561978507,0.001974764208862504,0.9295637801713523,0.8611023245515672,0.24009470263033872,True,False,869.6218519256661,215.38389234920461,66.68602111963366,7.82282672283921,869.6218519256661,0.0,66.68602111963366,,808.3689759956342,14.745494787281638,823.1144707829158,61.99122336630592,3.0625,True,571.2461103067312,0.0005712461103067313,1.637221793071256e-05,Easy-Axis (Uniaxial),4495.362894569149,4.495362894569149,56.49039727663054,0.1852825723325691,Soft Magnet,108.38578185381235,17.596863677268665,831.422812377656,1.0447967197570436,134.75263571153127,16.93351594509492,1.4978041361704197,758.5410184103375,49.59731016500484,3.521809408015087,0.025643940440954686,Soft / Non-Viable,661.3578888505531,14.190447719149558
mp-1210590,Nd2Co23B3,-43m,220,I-43d,cubic,3,"B,Co,Nd",112,1303.1823746738296,8.544299996120747,0,0,0,Nd2Co23B3,0.0,-0.2,0.0,7.155851246751126,0,FM,0.9246387894235178,0.07333040518211371,0.002030805394368356,0.9246387894235178,0.8513083842414041,0.2518024228678215,True,False,878.4726820917307,108.9365242623998,18.48100847275066,4.759755520055435,878.4726820917307,0.0,18.48100847275066,,812.2699173109287,7.988359463292938,820.2582767742216,17.091821520741007,7.296428571428571,False,37010.76829825934,0.03701076829825934,0.05427172585177371,Easy-Axis (Uniaxial),160400.09438958523,160.40009438958523,2015.6470718355988,69.73554983760323,Hard Magnet,68.04833575309547,2.7372353078063725,581.4253949111969,0.7306406997054242,94.94865275462392,11.9315998302816,13.651189144635245,411.3935943880949,24.36315981701216,3.776452362268825,0.2951651788996591,Semi-Hard (0.1 <= kappa < 1.0),765.1350275541721,7.802665560919277
mp-1225807,DyTiFe5Co6,mm2,44,Imm2,orthorhombic,4,"Co,Dy,Fe,Ti",13,166.5295397137792,8.407828921882931,0,1,0,DyTiFe5Co6,0.0,-0.2,0.0,10.404688290830128,0,FM,0.9302668011196081,0.06786454507907395,0.0018686538013180612,0.9302668011196081,0.8624022560405342,0.23807777758541138,True,False,853.8755204268291,297.0363603345599,27.899153442853105,6.32662469544772,853.8755204268291,0.0,27.899153442853105,,794.3320489418069,20.158237466048796,814.4902864078557,25.95720739977573,4.507692307692308,False,7505.2925686109875,0.0075052925686109875,0.0070648161712013055,Easy-Axis (Uniaxial),74306.30911378501,74.30630911378502,933.7606374490796,27.457769621663484,Hard Magnet,74.14678310881048,7.007270895740518,623.4134674868376,0.7834044678422353,92.99019597499726,11.685492888250565,17.69099219277381,335.4751097341967,6.939657903138027,1.1294075558842096,0.12396603227902779,Semi-Hard (0.1 <= kappa < 1.0),726.7466603083908,19.54012236259255
mp-1219314,Sm2Fe5Co12C,2/m,12,C2/m,monoclinic,4,"C,Co,Fe,Sm",20,257.2961179146779,8.384487327090719,1,0,0,Sm2Fe5Co12C,0.0,-0.2,0.0,4.087437571956726,0,FM,0.9279976754027309,0.07013367303959514,0.0018686515576738904,0.9279976754027309,0.8578640023631358,0.24344835087147357,True,False,857.4322705525581,169.7530887374681,24.42224186376319,0.9320525419192762,857.4322705525581,0.0,24.42224186376319,,795.6951538880594,11.905407622974968,807.6005615110344,22.663877947074027,5.83,False,17005.60918682408,0.01700560918682408,0.01186851066037749,Easy-Axis (Uniaxial),394741.03449102695,394.74103449102694,4960.46223247644,11.604230963204886,Hard Magnet,64.90989356926075,14.366689877919864,544.2361800342741,0.6839073540053789,93.05178146030885,11.693231948729816,1.5288058366469301,494.38292217281446,88.07357538172633,2.9123648108542115,0.21374883452186189,Semi-Hard (0.1 <= kappa < 1.0),735.7958714392347,11.850182658629054
mp-1106200,Ce2Ga2Co15,-3m,166,R-3m,trigonal,3,"Ce,Co,Ga",19,251.46827460574772,8.608659720861022,1,0,0,Ce2Ga2Co15,0.0,-0.2,0.0,1.8293401906829672,0,FM,0.9278948028084771,0.07020321113278087,0.0019019860587418745,0.9278948028084771,0.8576915916756963,0.2437998756901667,True,False,858.6761906160343,142.73991766590646,5.12606035609241,7.015313139544702,858.6761906160343,0.0,5.12606035609241,,796.7611745679995,10.02080057697539,806.7819751449749,4.781874170572935,8.0,False,1292.3798826189104,0.0012923798826189104,0.0025515194464566047,Easy-Axis (Uniaxial),10793.262739646676,10.793262739646677,135.6321423594728,0.13067757292034532,Hard Magnet,69.47448680688673,3.6141308373278065,598.0822162019363,0.7515722786650821,94.7228191773055,11.903220745432783,12.5599476080084,302.1910665830027,16.11392094416658,2.1170746874767272,0.053620304206360075,Soft / Non-Viable,783.3757368723134,9.68121674189443
mp-1221561,MnZn3(CrSe2)8,3m,160,R3m,trigonal,4,"Cr,Mn,Se,Zn",28,600.3912768669758,5.339285521702115,0,1,0,MnZn3(CrSe2)8,0.0,-1.2,1.2,3.337053451063822,0,FM,0.8001581108394499,0.19522733602246378,0.004614553138086311,0.8001581108394499,0.6049307748169861,0.4752660215125535,True,False,988.8508227393743,71.3237068643254,3.2951628868617604,2.247885740846037,988.8508227393743,0.0,3.2951628868617604,,791.2370062251734,13.924337286369362,805.1613435115428,2.6729231851702417,0.7928571428571428,True,12.501621683916488,1.2501621683916489e-05,5.142428007831503e-06,Easy-Axis (Uniaxial),11109.920583803372,11.109920583803373,139.61138226439434,0.694051826152607,Hard Magnet,30.88693495954843,8.399312832820318,164.91416463927183,0.20723725124145362,8.544089542655806,1.0736819784112017,11.025164857017936,137.3269229463179,4.058798804589301,1.9254036138018773,0.019125829724577513,Soft / Non-Viable,782.6405789270652,13.76957512842588
mp-1219992,Pr2Cr2Co15,2/m,12,C2/m,monoclinic,3,"Co,Cr,Pr",19,247.1060410735571,8.533022944232272,1,0,0,Pr2Cr2Co15,0.0,-0.2,0.0,3.946523111707426,0,FM,0.9264933854107584,0.07159217296999902,0.001914441619242625,0.9264933854107584,0.8549012124407595,0.24712041829372441,True,False,854.348232504071,161.25092058637594,31.642445255357075,2.4741269605113985,854.348232504071,0.0,31.642445255357075,,791.5479862523945,11.544303798191402,803.0922900505859,29.31705131964889,7.578947368421053,False,19273.738061763517,0.019273738061763517,0.0312857483908975,Easy-Axis (Uniaxial),277348.84423920396,277.34884423920397,3485.268433882152,48.207008781627955,Hard Magnet,69.98133038686154,0.12274780252342765,597.1522978589886,0.750403708811225,112.0263247596326,14.07764342842674,5.1564061044581,355.0180994786748,102.5400646305072,2.201650063067424,0.2073924472703053,Semi-Hard (0.1 <= kappa < 1.0),716.02534377913,11.403238499151936
mp-1219060,SmTiFe5Co6,mm2,44,Imm2,orthorhombic,4,"Co,Fe,Sm,Ti",13,169.60755758620712,8.136388234676758,0,1,0,SmTiFe5Co6,0.0,-0.2,0.0,3.96648926440492,0,FM,0.9303538584963063,0.06776273181323841,0.0018834096904552,0.9303538584963063,0.8625911266830678,0.23791844602794668,True,False,845.7441812660966,238.91181545833282,9.661369297125873,21.666607617087635,845.7441812660966,0.0,9.661369297125873,,786.8413623417124,16.189317277916913,803.0306796196293,9.10761053373641,4.507692307692308,False,28093.31812448155,0.02809331812448155,0.06717711220863377,Easy-Axis (Uniaxial),187708.96953240907,187.70896953240907,2358.820524608398,24.998723032854812,Hard Magnet,89.45855535959255,8.891530156235362,727.8695373189682,0.914667836485229,110.38009728775064,13.870772379135783,15.695554904370598,313.7811620920889,9.81014529545456,1.313376492033788,0.20542015037564523,Semi-Hard (0.1 <= kappa < 1.0),762.2920780797072,14.606906698263494
mp-1228933,AlCo4,-3m,166,R-3m,trigonal,2,"Al,Co",5,57.43921278387617,7.594940265658649,1,0,0,AlCo4,0.0,-0.2,0.0,1.613924806452463,0,FM,0.9277862223395806,0.07002488293715975,0.002188894723259688,0.9277862223395806,0.8577613394024208,0.24497840958759085,True,False,848.2093290802484,216.2308326802525,27.237276781141816,2.393153113516405,848.2093290802484,0.0,27.237276781141816,,786.9569291805539,15.141538745839258,802.0984679263931,25.270925779113764,6.42,True,191.02842029109385,0.00019102842029109385,8.87792943708116e-05,Easy-Axis (Uniaxial),1950.2243648984177,1.9502243648984177,24.507242626567766,0.72126105870204,Soft Magnet,92.30794157447656,7.101557883915852,701.0733023040581,0.8809946944585461,88.66120761470518,11.141496156475592,5.511428325228286,641.8403255345681,59.12850180353615,2.968310844382115,0.017586549191787027,Soft / Non-Viable,721.4553338067979,14.96250096696385
mp-1200452,Y2Al2Co15,6/mmm,194,P6_3/mmc,hexagonal,3,"Al,Co,Y",38,497.75053614599614,7.444629506111053,1,0,0,Y2Al2Co15,0.0,-0.2,0.0,1.5819837700485986,0,FM,0.9254757394801721,0.07249092894098902,0.002033331578838744,0.9254757394801721,0.8529848105391831,0.2498751432771895,True,False,846.9901859178769,244.8034036486446,11.71525310226923,23.365843857839792,846.9901859178769,0.0,11.71525310226923,,783.8688686447956,17.746026138406148,801.6148947832017,10.973692183424896,7.378947368421053,False,1231.793727200528,0.0012317937272005282,0.0010058724599662275,Easy-Axis (Uniaxial),3015.0916724686163,3.0150916724686163,37.88876012857177,0.7642378850042753,Soft Magnet,60.081258124651676,0.6957069685010495,447.28270699905624,0.5620720265543964,54.94695384980623,6.9048379962074975,3.6442275511082802,291.34645024657846,23.71627038636919,1.1901241808906178,0.06999740735563663,Soft / Non-Viable,754.4085772289299,15.88965065733195
mp-1225178,Er(Co5Mo)2,mmm,71,Immm,orthorhombic,3,"Co,Er,Mo",13,164.8944668632363,9.551400348181192,1,0,0,Er(Co5Mo)2,0.0,-0.2,0.0,2.029672573988503,0,FM,0.9283869429125221,0.06961543146563158,0.0019976256218464067,0.9283869429125221,0.8587715114468906,0.2429530619668886,True,False,843.8312763709117,192.64143187120212,14.41621213846122,4.169040955537525,843.8312763709117,0.0,14.41621213846122,,783.4019390039623,13.410816397870805,796.8127554018331,13.386969574991506,6.938461538461539,False,10902.969415351823,0.010902969415351823,0.0036257909797337857,Easy-Axis (Uniaxial),187993.19248690407,187.99319248690406,2362.3921756610766,30.9185124792439,Hard Magnet,55.443368463428136,6.033969692290661,529.5618088459256,0.6654669953168328,85.13040777754182,10.697802754666844,12.008149175916605,270.21235541388927,59.13516288795107,1.402669990506249,0.17589391197884197,Semi-Hard (0.1 <= kappa < 1.0),747.4823899910458,13.136973495204218
mp-1215820,YUCo10,mmm,47,Pmmm,orthorhombic,3,"Co,U,Y",12,162.19908481345828,9.38042696884284,1,0,0,YUCo10,0.0,-0.2,0.0,1.993340730879104,0,FM,0.9308096402473873,0.06722110028975624,0.001969259462856358,0.9308096402473873,0.8635885399576311,0.23710782312005815,True,False,842.1674609623727,187.5570372885874,63.53019785306708,18.667409076329477,842.1674609623727,0.0,63.53019785306708,,783.8975913664418,12.607790413625684,796.5053817800675,59.147833100618186,7.508333333333334,False,680.5760573320586,0.0006805760573320586,0.0007476023701409399,Easy-Axis (Uniaxial),35297.439488487114,35.297439488487115,443.56071496727793,7.604218858773439,Hard Magnet,58.44995703167311,8.667896417508633,548.2855532676117,0.6889959464859776,80.24243571512618,10.083562057844535,13.872133358445106,304.7086630132709,8.50236930965005,1.624618662238871,0.042445005912970415,Soft / Non-Viable,646.9043804305471,11.531476470940145
mp-1220565,Nd(Co5Mo)2,mmm,71,Immm,orthorhombic,3,"Co,Mo,Nd",13,170.7312428964592,9.001003064174416,1,0,0,Nd(Co5Mo)2,0.0,-0.2,0.0,7.538340066246073,0,FM,0.9278516782581033,0.07018611644876482,0.0019622052931318377,0.9278516782581033,0.8576655618093385,0.24409814417250472,True,False,846.2121344484286,154.27945382610272,5.6899059788870545,0.8975115825461017,846.2121344484286,0.0,5.6899059788870545,,785.1593491103463,10.828275711890681,795.987624822237,5.279764608762528,6.938461538461539,False,13954.666185311731,0.01395466618531173,0.010949226598300768,Easy-Axis (Uniaxial),125347.77491804736,125.34777491804736,1575.1666259061435,1.2080643211263438,Hard Magnet,77.41367025684579,1.8715799601193766,696.8006831908568,0.8756255629314978,101.21131135053082,12.71858873504408,6.8423599727219875,225.4497405558924,25.738213320590674,1.461307613974378,0.15123288121147602,Semi-Hard (0.1 <= kappa < 1.0),770.5449219163041,10.779900285067978
mp-1188282,FeCo2B,mmm,62,Pnma,orthorhombic,3,"B,Co,Fe",16,148.81309251610313,8.236012907327671,1,0,0,FeCo2B,0.0,-0.2,0.0,4.01505629232224,0,FM,0.9312749496910842,0.06684787903820026,0.0018771712707156096,0.9312749496910842,0.8644270706528839,0.23569576157640174,True,False,842.3012377852507,170.7782762916076,59.874564620748856,1.8915657192051043,842.3012377852507,0.0,59.874564620748856,,784.4140428431972,11.416165555893729,795.8302083990909,55.759825527936414,4.05,True,705.1244948488629,0.000705124494848863,0.0003476210562771311,Easy-Axis (Uniaxial),608.1850912840333,0.6081850912840333,7.642679407676988,0.07249041106925183,Soft Magnet,83.54359739240036,7.335922925664796,688.0661464483958,0.8646494203464475,114.7354879803543,14.418086925904317,6.548883894017927,658.6927860604632,0.9315235299746973,3.857005705665579,0.03442688891041692,Soft / Non-Viable,653.9062106291225,11.309205033133047
mp-1225767,Dy(Co5Mo)2,mmm,71,Immm,orthorhombic,3,"Co,Dy,Mo",13,167.27177688719297,9.36840985337592,1,0,0,Dy(Co5Mo)2,0.0,-0.2,0.0,9.017094483874324,0,FM,0.9281942699554427,0.06983429481651848,0.0019714352280388097,0.9281942699554427,0.8583599751389243,0.2433222305366497,True,False,838.0021703610134,250.99089496296796,15.519594410630305,4.21293826498065,838.0021703610134,0.0,15.519594410630305,,777.8288127393174,17.52777215510573,795.3565848944231,14.408202695548514,6.938461538461539,False,10848.617336821268,0.010848617336821268,2.648661031045681e-05,Easy-Axis (Uniaxial),233574.1260235071,233.5741260235071,2935.179090558007,21.83127226624256,Hard Magnet,54.208292551212665,5.280174268252914,507.84550207146526,0.6381774793865341,81.02389060743916,10.181762577704362,9.071482379582426,275.0286471244917,66.75368958931226,1.0957714110110264,0.18295768355185218,Semi-Hard (0.1 <= kappa < 1.0),739.5694212198612,17.16617203985598
mp-1097158,Fe2CoIr,mmm,71,Immm,orthorhombic,3,"Co,Fe,Ir",4,599.2706954677485,1.0054059444735135,1,0,0,Fe2CoIr,0.0,-0.2,0.0,0.4901353979308379,0,FM,0.8852516550129857,0.11043925085936665,0.004309094127647612,0.8852516550129857,0.7748124041536191,0.3410655687495776,True,False,852.4334789787513,360.7895905764923,16.964362454810384,64.06624595336629,852.4334789787513,0.0,16.964362454810384,,754.6181480544168,39.845332101125415,794.4634801555422,16.601020958503632,4.3,False,564.8209070757277,0.0005648209070757277,6.456242693528627e-05,Easy-Axis (Uniaxial),57050.587535962055,57.05058753596205,716.9188406713866,34.14472213758506,Hard Magnet,102.44688180103725,1.9000738741584655,103.00070395553826,0.12943450194451844,3.3329612041049708,0.4188322654772727,17.64317523505975,256.9659670778523,1.5138381136849404,0.7122322089926596,0.20583075025852401,Semi-Hard (0.1 <= kappa < 1.0),714.2299615736795,30.178284965782442
mp-1199930,Y2Co14Cu3,6/mmm,194,P6_3/mmc,hexagonal,3,"Co,Cu,Y",38,488.20268934858495,8.119075882106376,1,0,0,Y2Co14Cu3,0.0,-0.2,0.0,1.7253036249476048,0,FM,0.9243543340031152,0.07322633286169052,0.002419333135194183,0.9243543340031152,0.8511280011414246,0.25369507057858565,True,False,841.9534255617428,197.1284220977641,11.987013900646502,12.375459714052184,841.9534255617428,0.0,11.987013900646502,,778.2632979467662,14.434991453030701,792.6982893997969,11.117244128661516,7.263157894736842,False,68.70906140583514,6.870906140583514e-05,0.00021087739215197218,Easy-Axis (Uniaxial),1275.6061008151894,1.2756061008151893,16.029739332190246,1.6548824098532244,Soft Magnet,67.0902387606049,2.28795706068788,544.7107394459856,0.684503702949989,93.21412954685096,11.713633211366352,2.261800018585332,215.54270767275895,30.793641935330015,1.0934126361842558,0.013574884342610753,Soft / Non-Viable,748.3612425560193,13.59384127758108
mp-1203663,Er2Co12Ni5,6/mmm,194,P6_3/mmc,hexagonal,3,"Co,Er,Ni",38,478.59295377861207,9.265176525213509,1,0,0,Er2Co12Ni5,0.0,-0.2,0.0,2.6637382509988834,0,FM,0.9260000047081214,0.07200568251804342,0.0019943127738352704,0.9260000047081214,0.853994322190078,0.2485308829689831,True,False,837.2363652771903,176.59835874996543,11.20490009313852,4.9539591967856325,837.2363652771903,0.0,11.20490009313852,,775.2808781884887,12.716085353357546,787.9969635418463,10.381867548502163,7.157894736842104,False,272.8904785317697,0.0002728904785317697,1.1775780060802593e-05,Easy-Axis (Uniaxial),58946.77136482795,58.94677136482795,740.7469898807784,9.087244432938004,Hard Magnet,44.26585029677851,1.3749970275469536,410.13091703832765,0.5153857103910621,52.84390350778406,6.640560890888346,7.8689257831608135,281.41074561520344,43.07932080166745,1.5935071401973522,0.03593078870326822,Soft / Non-Viable,747.3669707223053,12.40872379649739
mp-601833,Fe13Ge3,m-3m,221,Pm-3m,cubic,2,"Fe,Ge",16,191.61743757829083,8.179793810302515,1,0,0,Fe13Ge3,0.0,-0.2,0.0,2.249443297833192,0,FM,0.9237444525169713,0.07433619206342396,0.0019193554196045939,0.9237444525169713,0.8494082604535473,0.25349227981360806,True,False,835.9254772280401,206.45009593292542,5.058596596314544,8.834428849577407,835.9254772280401,0.0,5.058596596314544,,772.1815223070039,15.346713982782244,787.5282362897862,4.718772135749858,1.20625,True,128.42771491925623,0.00012842771491925622,9.236606507467089e-05,Easy-Axis (Uniaxial),6725.272843649749,6.7252728436497495,84.51227267780376,0.9844396970194906,Soft Magnet,78.38558649341299,3.978372559885827,641.177935215752,0.8057279563670715,129.1537468522616,16.229938807084668,2.8047720039183335,434.43412801006514,28.04446533136175,2.1043057696190686,0.015766884166925493,Soft / Non-Viable,759.3769173423774,14.697494151059182
mp-1187951,ZnCo3,4/mmm,139,I4/mmm,tetragonal,2,"Co,Zn",4,45.687737793434856,8.803167712937729,1,0,0,ZnCo3,0.0,-0.2,0.0,1.8706731389992672,0,FM,0.9204437153600065,0.07577369468903855,0.0037825899509549323,0.9204437153600065,0.8446700206709679,0.26660680425617017,True,False,837.8396383333732,199.86329269201553,3.729774220440788,13.493732726792091,837.8396383333732,0.0,3.729774220440788,,771.1842295834541,15.144380119990736,786.3286097034448,3.582074570168753,6.375,True,827.7825185228896,0.0008277825185228897,6.183879135001001e-06,Easy-Axis (Uniaxial),4453.681832112359,4.453681832112359,55.96661758802283,1.4397561099847158,Soft Magnet,98.78331437049985,1.853875834210612,869.6060836433618,1.0927792335563906,139.21393627381164,17.494139518862767,36.3398929838021,209.44946002437626,36.371714219601586,1.04796362154972,0.029514173360093435,Soft / Non-Viable,761.7141568318006,14.187189409790307
mp-1220461,NdFe5Co5Mo2,-1,2,P-1,triclinic,4,"Co,Fe,Mo,Nd",13,176.00678147952928,8.585533384049585,1,0,0,NdFe5Co5Mo2,0.0,-0.2,0.0,9.551405889755165,0,FM,0.925743705625024,0.07228107339780734,0.00197522097716876,0.925743705625024,0.8534626322272166,0.24906382455701906,True,False,831.1643681522057,204.3234257507924,16.47735237439855,14.97640177278565,831.1643681522057,0.0,16.47735237439855,,769.4451821567046,14.768716533584465,784.213898690289,15.29216803591916,3.9000000000000004,False,7663.559569939254,0.007663559569939254,0.009250725264086886,Easy-Axis (Uniaxial),95221.44313905505,95.22144313905504,1196.5879681655504,10.493787525054023,Hard Magnet,81.20142600090833,5.846965777743997,697.1575537632305,0.8760740197188784,107.98895223050246,13.570292223477633,8.119741539151395,283.673641971018,20.582236988022913,1.388355940728044,0.1120158295429181,Semi-Hard (0.1 <= kappa < 1.0),729.3841183742305,13.739849036262056
mp-1183752,Co3Cu,4/mmm,139,I4/mmm,tetragonal,2,"Co,Cu",4,44.52013264955726,8.96455626214091,1,0,0,Co3Cu,0.0,-0.2,0.0,1.9049682057049435,0,FM,0.9118662145203092,0.08540539514645355,0.0027283903332372674,0.9118662145203092,0.8264608193738557,0.28250726534668974,True,False,836.8790679524793,221.24729291316748,30.846651540903167,4.489714610390735,836.8790679524793,0.0,30.846651540903167,,763.1217477051119,18.89571247633222,782.0174601814442,28.130632848702497,6.5,True,370.75913712683774,0.00037075913712683774,0.00031040452764809673,Easy-Axis (Uniaxial),4435.647317616772,4.435647317616772,55.739989190618545,1.5633329741436277,Soft Magnet,100.53123531868395,4.460961653353323,901.2179151168697,1.132503832565867,138.9137802131515,17.456420795125997,37.88715730779866,198.3550172160261,29.293262745622044,0.8965308212556261,0.019059485941120474,Soft / Non-Viable,691.9717133157377,18.480843901937817
mp-771780,Li3Zn(Fe5O8)4,m,8,Cm,monoclinic,4,"Fe,Li,O,Zn",56,608.5346252340187,4.6801146457517335,0,1,0,Li3Zn(Fe5O8)4,0.0,-2.5,2.5,1.2870315275817268,0,FM,0.8491414774215189,0.14839515536597286,0.00246336721250827,0.8491414774215189,0.7007463220555461,0.3975695896899401,True,False,843.6466066135941,429.50957647691956,12.103735550848,20.24467929457103,843.6466066135941,0.0,12.103735550848,,716.3753259615183,63.737140332465685,780.112466293984,10.707853817034163,0.44107142857142856,True,75.95204038879815,7.595204038879815e-05,6.843467572098408e-05,Easy-Axis (Uniaxial),2305.3952404109223,2.305395240410922,28.970451566390867,1.4743366353275595,Soft Magnet,55.582922376437836,0.810060201364184,260.13444906764846,0.32689458965462104,21.259135995749965,2.671501870535714,12.51490213727741,556.1179619576766,12.054971026881617,1.2947743017030506,0.02988594011764566,Soft / Non-Viable,688.5934812960351,57.87848363611914
mp-1217577,TbFe6Co5W,mm2,44,Imm2,orthorhombic,4,"Co,Fe,Tb,W",13,160.33631698879387,10.071807030791607,0,1,0,TbFe6Co5W,0.0,-0.2,0.0,4.910005927510909,0,FM,0.9260019031045914,0.07212315017443083,0.0018749467209776853,0.9260019031045914,0.8538787529301606,0.24813339054104558,True,False,821.5194427978531,237.71012493508357,3.1556888765211966,12.569843918354493,821.5194427978531,0.0,3.1556888765211966,,760.7285674682355,17.144403038675748,777.8729705069112,3.0595721464271826,4.276923076923077,False,10585.403458530767,0.010585403458530767,0.0004473963091088389,Easy-Axis (Uniaxial),55595.14648847505,55.59514648847505,698.6292287060024,10.785739454191965,Hard Magnet,82.83675874396916,12.514241651860871,834.3158491254967,1.0484322169544762,93.63724206910794,11.766803100061857,22.839297096025735,347.50403066911406,39.07510759193585,1.4618814859653715,0.11000648348252628,Semi-Hard (0.1 <= kappa < 1.0),752.8097892084312,16.13060697853333
mp-1223162,LaFe5Bi4O15,1,1,P1,triclinic,4,"Bi,Fe,La,O",50,644.5769611188825,7.697814343465527,0,1,1,LaFe5Bi4O15,0.0211091330532349,-2.4894454334733824,2.5,2.11689894445302,0,FM,0.5799837913156066,0.4171320092667166,0.002884199417676741,0.5799837913156066,0.16285178204889,0.6349262995960908,False,True,955.1369673321926,533.1361536823429,128.80099539123353,1.6419885239370726,955.1369673321926,0.0,128.80099539123353,,553.9639595390158,222.3881549982447,776.3521145372605,74.70562951238038,0.96,False,190.24516686669395,0.00019024516686669396,0.0001900809117951302,Easy-Axis (Uniaxial),54240.396628049835,54.24039662804984,681.6049395394177,13.252376511659133,Hard Magnet,44.775083162393784,1.7548719189848043,344.6702773973367,0.43312544455289165,37.32136678047249,4.689941359089763,7.833324252145653,56.32794112842461,5.913826528453601,0.10565395113306524,0.03569834238062404,Soft / Non-Viable,387.56716903158184,220.57722860816247
mp-771996,Li3Mg2Fe19O32,m,8,Cm,monoclinic,4,"Fe,Li,Mg,O",56,616.1747425576388,4.426315172480511,0,1,0,Li3Mg2Fe19O32,0.0,-2.5,2.5,1.2172366724321408,0,FM,0.8668539399792428,0.13058348837675,0.0025625716440070938,0.8668539399792428,0.7362704516024927,0.36863305339568647,True,False,837.2564170216358,383.9239008052737,0.7728057749728237,9.534558277895258,837.2564170216358,0.0,0.7728057749728237,,725.7790238681089,50.134122238361975,775.9131461064709,1.4138398749465904,0.41607142857142854,True,74.50661134634367,7.450661134634367e-05,9.628563317328754e-05,Easy-Axis (Uniaxial),5735.478489189269,5.735478489189268,72.07414974601816,1.0081950596485496,Soft Magnet,48.0456519960588,1.363242947406114,212.66519840187365,0.2672429699894168,14.208319808576324,1.7854701599053504,17.341326377448947,506.81084827178336,14.641129862352585,1.3200815245124264,0.036207292310437615,Soft / Non-Viable,723.9142069357595,47.85284360766073
mp-1226016,Co4Os,-3m,166,R-3m,trigonal,2,"Co,Os",5,59.49156778923655,11.889547786026698,1,0,0,Co4Os,0.0,-0.2,0.0,2.5265289045306734,0,FM,0.8934090288120974,0.10298487136364694,0.0036060998242557394,0.8934090288120974,0.7904241574484504,0.3232114189270761,True,False,831.1934887452048,281.26267309086984,0.746478318056745,6.819672469813752,831.1934887452048,0.0,0.746478318056745,,742.5957675347925,28.965800207658713,771.5615677424512,0.9685180945661521,8.200000000000001,False,100.24574196355728,0.00010024574196355728,0.00015287569102729077,Easy-Axis (Uniaxial),38055.600345909384,38.05560034590938,478.2207871890044,29.57134727715147,Hard Magnet,114.4555539030733,15.111356601704742,1360.8247775067446,1.7100628495352614,113.36769462389294,14.246204940153657,4.281809724167862,207.67929003226476,32.961759541378285,0.7383819820455454,0.00656335397245122,Soft / Non-Viable,740.7525817304381,28.0106818290087
mp-1220005,Pr(Co5Mo)2,mmm,71,Immm,orthorhombic,3,"Co,Mo,Pr",13,169.59046967190218,9.028901358544765,1,0,0,Pr(Co5Mo)2,0.0,-0.2,0.0,1.9186415386907625,0,FM,0.9274801194106174,0.07050608442383889,0.002013796165543725,0.9274801194106174,0.8569740349867785,0.24513793881967808,True,False,819.902237186667,147.02942742471868,1.8684127594644906,2.5808705551229423,819.902237186667,0.0,1.8684127594644906,,760.4430248509223,10.366469222795908,770.8094940737182,1.7424433429161417,6.938461538461539,False,11483.724831043883,0.011483724831043882,0.0103436351672569,Easy-Axis (Uniaxial),112408.54464817572,112.40854464817572,1412.5674597115958,1.1649439800931618,Hard Magnet,77.54472315886399,0.551277950206142,700.1436562770448,0.8798264668069844,106.24179476803866,13.350737937262727,16.613817442412326,229.98496322016865,17.90689512145103,1.5642104254124534,0.13653666746849766,Semi-Hard (0.1 <= kappa < 1.0),755.7362672359432,10.234400903095297
mp-1225713,Gd(Co5Mo)2,mmm,71,Immm,orthorhombic,3,"Co,Gd,Mo",13,169.4025441554084,9.199110559049386,1,0,0,Gd(Co5Mo)2,0.0,-0.2,0.0,10.004032732966206,0,FM,0.9289310197067745,0.06907625366332847,0.001992726629897058,0.9289310197067745,0.859854766043446,0.24165227029676614,True,False,812.5062134979748,208.83929142309995,16.526222223386412,0.2439912929996666,812.5062134979748,0.0,16.526222223386412,,754.762225422764,14.425835869211829,769.1880612919758,15.351729713517551,6.938461538461539,False,4780.932033722321,0.004780932033722321,0.002764988043349138,Easy-Axis (Uniaxial),127515.37417854894,127.51537417854894,1602.4054820861852,32.85169700094452,Hard Magnet,67.36357858298125,0.9148981803269436,619.6850070380558,0.7787191462601981,70.45455351978583,8.8535804819864,2.8067107246459635,236.4134718415957,32.62852791507095,1.1320354049786139,0.0995360412831771,Soft / Non-Viable,715.3551640566087,14.408258421201516
mp-1216400,VCo4,-3m,166,R-3m,trigonal,2,"Co,V",5,56.47298023696778,8.429408896024487,1,0,0,VCo4,0.0,-0.2,0.0,1.7912493904052034,0,FM,0.9239264422443629,0.07333705299677803,0.0027365047588589833,0.9239264422443629,0.8505893892475849,0.2556488010157696,True,False,807.8836619197612,299.84649308110613,21.07581615642647,1.0597283576914833,807.8836619197612,0.0,21.07581615642647,,746.4250775048727,21.989858153987118,768.4149356588598,19.472658928339456,7.2,True,603.0871565523964,0.0006030871565523965,0.0006425909034859229,Easy-Axis (Uniaxial),6250.4458817531895,6.25044588175319,78.54542098100366,0.6758165403911529,Soft Magnet,104.88822720235602,21.351097945694804,884.1457554677775,1.1110503240320668,76.70116622412179,9.638553000506525,2.440052900352993,252.1098969292711,15.306107342147058,0.8407965500569564,0.024777714330137413,Soft / Non-Viable,697.4288064796679,21.873955897191383
mp-1225207,Fe3Co3B2,2,4,P2_1,monoclinic,3,"B,Co,Fe",16,154.8873122413787,7.846804210457432,0,1,1,Fe3Co3B2,0.0,-0.2,0.0,3.825317052597998,0,FM,0.9326310185630238,0.0653732488718888,0.001995732565087346,0.9326310185630238,0.867257769691135,0.2328107307647728,True,False,809.0350396400881,160.74967685771634,51.71468631184467,10.511158266477011,809.0350396400881,0.0,51.71468631184467,,754.5311730727117,10.508728631295195,765.0399017040069,48.2356152632224,3.0625,True,567.8366042450187,0.0005678366042450188,0.0005537955814528544,Easy-Axis (Uniaxial),378.98053429502704,0.37898053429502704,4.762409942098272,0.07205949580351732,Soft Magnet,107.31278006924613,6.428680899153676,842.0623744832529,1.0581667878163858,113.09393075939644,14.211802757664504,15.538090889955674,692.3465252810256,34.060138760799816,4.3069854870927005,0.025244251486830547,Soft / Non-Viable,643.5880011024448,9.984011030895234
mp-1204922,Ho2Co12Ni5,6/mmm,194,P6_3/mmc,hexagonal,3,"Co,Ho,Ni",38,477.62264481342527,9.251614830222836,1,0,0,Ho2Co12Ni5,0.0,-0.2,0.0,2.659839263689065,0,FM,0.9262512986167252,0.0717376305688952,0.0020110708143795857,0.9262512986167252,0.85451366804783,0.24800081501455384,True,False,813.063060568893,164.56567735845272,10.228780402178359,4.460262074046909,813.063060568893,0.0,10.228780402178359,,753.1007157092262,11.805551766660683,764.9062674758868,9.479822555800975,7.157894736842104,False,174.0706306811924,0.0001740706306811924,5.553730385231693e-05,Easy-Axis (Uniaxial),46055.697049337636,46.05569704933764,578.7529692680307,1.9878244303605077,Hard Magnet,42.805906387991485,0.4357438383318417,396.02375836027244,0.4976581319646605,49.27111094979932,6.191590528047614,8.78879361959144,284.68827352312377,36.79573856816533,1.7299371174647986,0.029719163304124205,Soft / Non-Viable,728.2696802658785,11.548015880352544
mp-1008279,Co3Mo,m-3m,221,Pm-3m,cubic,2,"Co,Mo",4,45.21946761843117,10.015481392994774,1,0,0,Co3Mo,0.0,-0.2,0.0,2.1282897960113893,0,FM,0.8722199777865253,0.07544167708430596,0.05233834512916876,0.8722199777865253,0.7967783007022193,0.42655171191809443,True,False,857.7354307111934,203.8362004934255,69.45267125378518,1.30618768093656,857.7354307111934,0.0,69.45267125378518,,748.1339783216329,15.377744815716856,763.5117231373497,60.57808752543089,6.025,True,896.0214745588212,0.0008960214745588212,0.00036220794458349863,Easy-Axis (Uniaxial),2803.0992824247023,2.8030992824247023,35.22478513610325,1.3955797501998892,Soft Magnet,82.82139182494856,11.794566484744017,829.4961087647018,1.0423755525906029,90.24431593544946,11.340435419151861,2.275246067911211,215.1104924024949,0.9746694416121642,1.0553105477916964,0.032191404417248944,Soft / Non-Viable,607.493762962447,15.277965364969363
mp-1197772,U2Co15Ge2,6/mmm,194,P6_3/mmc,hexagonal,3,"Co,Ge,U",38,479.13844778494285,10.434014752814194,1,0,0,U2Co15Ge2,0.0,-0.2,0.0,2.2172281349730163,0,FM,0.9263274961136929,0.07155446065547175,0.0021180432308353565,0.9263274961136929,0.8547730354582211,0.24816866356485656,True,False,815.4772361481332,111.52907951917888,15.658934754725351,15.05432874544234,815.4772361481332,0.0,15.658934754725351,,755.3989862988149,7.980403132396065,763.3793894312109,14.545244935851729,6.957894736842105,False,5.935687668992033,5.935687668992033e-06,2.1839476000267423e-05,Easy-Axis (Uniaxial),51731.18282418856,51.73118282418856,650.073228316866,41.3587285538089,Hard Magnet,60.22977288910143,0.49215368624937383,628.4383388835328,0.7897189074682718,93.48543576312548,11.747726556665533,1.3101086379093918,326.73234901148066,12.572469927563446,2.929570928228586,0.003458341819206576,Soft / Non-Viable,717.9258083276923,7.421755403809973
mp-1216218,Y(Co5Mo)2,mmm,71,Immm,orthorhombic,3,"Co,Mo,Y",13,166.88768233160403,8.657706675989349,1,0,0,Y(Co5Mo)2,0.0,-0.2,0.0,1.8397626686477369,0,FM,0.9277821959675672,0.06980546469653769,0.0024123393358951323,0.9277821959675672,0.8579767312710295,0.2456823535545859,True,False,803.4549116729822,207.92915904722346,25.27949371127812,12.120030931720237,803.4549116729822,0.0,25.27949371127812,,745.4311623128872,14.514591571251728,759.9457538841389,23.469118783625156,6.938461538461539,False,677.8941226749098,0.0006778941226749098,0.0004874819437419662,Easy-Axis (Uniaxial),2932.5668846091453,2.9325668846091455,36.85172303931182,4.152053030842261,Soft Magnet,57.50933296253611,3.994201420073793,497.8989359214432,0.6256782557283924,64.73081308977964,8.134314032574753,0.7025324342651029,184.42736604152532,33.65657409629644,0.8869721153426078,0.046648190735275104,Soft / Non-Viable,687.4990677781925,13.68526254451081
mp-1223000,LaCeCo10,mmm,47,Pmmm,orthorhombic,3,"Ce,Co,La",12,168.6258445931416,8.55109003616486,1,0,0,LaCeCo10,0.0,-0.2,0.0,1.8171066326850327,0,FM,0.9295109269955446,0.06858806987494169,0.0019010031295137216,0.9295109269955446,0.8609228571206029,0.23998074739663758,True,False,802.3148247562754,176.84878547816962,76.20478735611948,3.3242088269913097,802.3148247562754,0.0,76.20478735611948,,745.7603965014735,12.129716855675271,757.8901133571487,70.83354948603352,8.333333333333334,False,7032.196044528073,0.007032196044528073,0.008401769573558867,Easy-Axis (Uniaxial),33292.592193729935,33.29259219372994,418.36706034672795,13.38402347142467,Hard Magnet,62.785966309007875,9.732517230165033,536.8884509159399,0.6746739252778884,84.59094608877578,10.630011998217055,16.967658053559212,283.7630007528653,16.72945974522264,1.6045515946610405,0.1393338029663469,Semi-Hard (0.1 <= kappa < 1.0),594.6976925061259,11.93140445562629
mp-1228949,Al2CrFeCo4,-3m,166,R-3m,trigonal,4,"Al,Co,Cr,Fe",8,92.49298329164488,7.1370348893245,1,0,0,Al2CrFeCo4,0.0,-0.2,0.0,5.263563230876819,0,FM,0.9249640859350776,0.07295129126581479,0.0020846227991076142,0.9249640859350776,0.8520127946692628,0.2512260886186771,True,False,798.735057761854,191.5353039398292,41.26662719697555,0.929850718951613,798.735057761854,0.0,41.26662719697555,,738.8012426069947,13.972747745400842,752.7739903523956,38.17020838001659,4.2875,True,385.4152067482446,0.0003854152067482446,0.00026663283861966985,Easy-Axis (Uniaxial),821.0486006146275,0.8210486006146275,10.317601208163913,0.1512702616312254,Soft Magnet,51.44071886197203,3.7610296569349053,367.1342052498273,0.46135444883775384,37.08749004887886,4.6605515416460035,2.832699071484253,390.07918280596425,19.990289962445132,2.0365915566589625,0.047701786261965064,Soft / Non-Viable,649.4639531634305,13.908085528760052
mp-1183807,Co3Ru,6/mmm,194,P6_3/mmc,hexagonal,2,"Co,Ru",8,92.23858152885136,10.00477878799038,1,0,0,Co3Ru,0.0,-0.2,0.0,2.126015492447956,0,FM,0.8436403156675742,0.14657909084551907,0.009780593486906589,0.8436403156675742,0.6970612248220551,0.42795930959914225,True,False,854.5179414883562,202.94631678831254,12.77870719416569,2.4342042271872515,854.5179414883562,0.0,12.77870719416569,,720.9057859008426,29.747686605277554,750.6534725061201,10.78653546463756,8.25,False,45.965920413936914,4.596592041393691e-05,3.40891240454469e-05,Easy-Axis (Uniaxial),3968.046972251292,3.968046972251292,49.86394983720005,0.933054420763025,Soft Magnet,86.07905660833876,1.9276571067259098,861.2019196453308,1.0822182496060795,117.44038733363082,14.757994609985818,2.6316572205553714,140.96248285272748,14.63750667031647,0.6945801485018395,0.007022763757060932,Soft / Non-Viable,691.4528732161949,29.389980531049396
mp-698680,Fe21Ni9O40,-4,82,I-4,tetragonal,3,"Fe,Ni,O",70,780.5162111130676,4.980368300227854,0,0,0,Fe21Ni9O40,0.0,-2.5,2.5,1.743128905079749,0,FM,0.876690545564014,0.12088832611791951,0.0024211283180665425,0.876690545564014,0.7558022194460945,0.3507886797678665,True,False,825.8685093218464,203.23083075593095,7.643616882864023,16.07732185117689,825.8685093218464,0.0,7.643616882864023,,724.0311140015085,24.56823494563869,748.5993489471472,6.977248016355066,0.6014285714285714,True,1977.7575162692374,0.0019777575162692376,0.00011302390896485833,Easy-Axis (Uniaxial),2411.7237501528266,2.411723750152827,30.306615052637717,0.4955545422619334,Soft Magnet,57.57995552931729,5.950563915540659,286.76938524674136,0.36036503758624955,25.83541507325691,3.2465740709345132,9.46973169161078,381.30011248644985,7.130436386156219,1.8761922640781326,0.1383403291043656,Semi-Hard (0.1 <= kappa < 1.0),706.0420638701419,22.740225337076367
mp-773699,LiMg(Fe5O8)2,3m,160,R3m,trigonal,4,"Fe,Li,Mg,O",28,296.59432073828606,4.73473431237226,0,1,0,LiMg(Fe5O8)2,0.0,-2.5,2.5,1.3020519359023717,0,FM,0.8976209441895788,0.10030586667445412,0.0020731891359670926,0.8976209441895788,0.7973150775151248,0.30985974106833525,True,False,792.1452064281289,367.0867693574537,27.654255737185167,16.924892053560455,792.1452064281289,0.0,27.654255737185167,,711.0461281292659,36.820956545124844,747.8670846743908,24.881023736153317,0.3107142857142857,True,258.4801528549544,0.0002584801528549544,0.0002901141392614231,Easy-Axis (Uniaxial),6043.099992166386,6.043099992166386,75.9398356364733,1.3315417172704629,Soft Magnet,56.66978668043588,2.8988359268872834,268.3163834706762,0.3371763116597033,22.6174821341283,2.842196683826251,16.463355205345827,543.1134889499256,18.10721832492021,1.4795234649850983,0.053451694466508035,Soft / Non-Viable,651.0333215689436,33.94811558650766
mp-1188126,Pr2Al2Co15,-3m,166,R-3m,trigonal,3,"Al,Co,Pr",19,252.79091809026343,8.012495941102726,1,0,0,Pr2Al2Co15,0.0,-0.2,0.0,1.702655387484329,0,FM,0.9273315380269201,0.0707933985998032,0.0018750633732766576,0.9273315380269201,0.856538139427117,0.2450324260858941,True,False,794.7501577079332,126.47197847579507,35.26723456551008,0.7328966135857229,794.7501577079332,0.0,35.26723456551008,,736.996886094435,8.95338118394269,745.9502672783777,32.70446002769395,7.378947368421053,False,24924.941444376836,0.024924941444376836,0.026420797565061573,Easy-Axis (Uniaxial),234674.33441859361,234.67433441859362,2949.0047172722834,11.828143646620886,Hard Magnet,64.34324855063574,0.12961251706250465,515.5500178493327,0.64785925945342,81.46054009277387,10.236633571383189,0.9106534258012351,284.94036737069507,15.750188762073634,2.2529920920405986,0.2731752411396276,Semi-Hard (0.1 <= kappa < 1.0),659.4711413266019,8.920691461129167
mp-1183684,Co3Se,m-3m,221,Pm-3m,cubic,2,"Co,Se",4,45.37025835542163,9.360730984079025,1,0,0,Co3Se,0.0,-1.2,1.2,1.989155334116793,0,FM,0.8463208747711111,0.150740427736168,0.0029386974927207983,0.8463208747711111,0.695580447034943,0.4037609356386843,True,False,837.4620960685861,239.86391968811137,14.638939155103571,1.635962914395705,837.4620960685861,0.0,14.638939155103571,,708.7616537324141,36.157189852259755,744.9188435846738,12.391693871548673,6.025,True,171.62940353694847,0.00017162940353694848,5.4245355425499355e-05,Easy-Axis (Uniaxial),8146.484901316583,8.146484901316583,102.3717504629964,1.7614478408125096,Soft Magnet,62.750496613118116,4.650274987641875,587.3905179127606,0.738136694345213,87.08470907388822,10.943387503257922,2.2895867831688053,62.29408328460111,89.53375904455022,0.25970593395455405,0.019895918031809942,Soft / Non-Viable,675.7857011935431,35.86383036999233
mp-1220445,NdUCo10,mmm,47,Pmmm,orthorhombic,3,"Co,Nd,U",12,156.83884394461353,10.286893654190434,1,0,0,NdUCo10,0.0,-0.2,0.0,8.61527343538449,0,FM,0.9290543783492033,0.06903441208223143,0.0019112095685652202,0.9290543783492033,0.8600199662669719,0.2410958097812185,True,False,790.1641353028223,144.0935689720826,29.003239935062766,12.241825074971871,790.1641353028223,0.0,29.003239935062766,,734.1054495175994,9.947414818818189,744.0528643364175,26.958836538964277,7.508333333333334,False,13014.281408436562,0.013014281408436561,0.013899025246331284,Easy-Axis (Uniaxial),166002.98261207488,166.00298261207487,2086.055043118044,16.694725717067072,Hard Magnet,71.51388418131637,6.030148212540951,735.6557213712931,0.9244522439325417,92.16202658617028,11.581422051514114,6.285981606698504,364.996906479623,13.548553030518889,2.5330547996235646,0.13833451369326785,Semi-Hard (0.1 <= kappa < 1.0),669.3904743878759,9.373661214328875
mp-1220094,NdSmFe17N3,3m,160,R3m,trigonal,4,"Fe,N,Nd,Sm",22,274.5813845381154,7.777045138253739,0,1,0,NdSmFe17N3,0.0,-0.6,0.5,6.999340624428365,0,FM,0.9293201307976507,0.06880438982442191,0.0018754793779272294,0.9293201307976507,0.8605157409732288,0.24034963457258177,True,False,779.8323000229565,226.2788768705517,43.97378229645551,2.1164211089569136,779.8323000229565,0.0,43.97378229645551,,724.7138550575668,15.568980053233807,740.2828351108005,40.86598056077861,1.0,False,457213.9337113943,0.4572139337113943,0.2296684076383593,Easy-Axis (Uniaxial),160326.7750859815,160.3267750859815,2014.7257142754286,40.68020301926834,Hard Magnet,133.11943174500732,0.41772510956002407,1035.2758294596097,1.3009659761077557,161.14175623067365,20.24967069582303,21.668859598956637,158.85813718039296,41.58814967093097,0.7020458090362168,0.5826378869483788,Semi-Hard (0.1 <= kappa < 1.0),632.0660692967889,15.405952636417286
mp-1072076,FeNi2,m-3m,227,Fd-3m,cubic,2,"Fe,Ni",6,70.25792781888661,8.188632395218688,1,0,0,FeNi2,0.0,-0.2,0.0,2.866021338326541,0,FM,0.9140714016853302,0.0839609588563346,0.001967639458335252,0.9140714016853302,0.8301104428289956,0.2752486654489666,True,False,793.5272295569073,171.59696263270695,30.64271055823866,19.294726929121353,793.5272295569073,0.0,30.64271055823866,,725.340546996559,14.407445519476694,739.7479925160358,28.056434677168312,2.6999999999999997,True,35.465802146071766,3.546580214607177e-05,1.1680352851603569e-05,Easy-Axis (Uniaxial),2545.8393627396163,2.545839362739616,31.991961578316275,0.12373287124632622,Soft Magnet,68.57959539532713,6.935850686874275,561.5730965051662,0.7056935657737208,99.07463022883013,12.450085461227923,59.034538961658455,282.32351813743367,2.02914135557603,1.6452710689391996,0.009460055139008399,Soft / Non-Viable,658.1187401094686,13.139801144542204
mp-1183714,Co3I,4/mmm,139,I4/mmm,tetragonal,2,"Co,I",4,54.176033051059214,9.308774015285127,1,0,0,Co3I,0.0,-2.0,3.5,1.9781144782480893,0,FM,0.8503313609109399,0.1462816219921385,0.0033870170969217362,0.8503313609109399,0.7040497389188014,0.39897051001416717,True,False,832.4665281932892,212.98130026819052,16.233098730863503,8.066604994974412,832.4665281932892,0.0,16.233098730863503,,707.8723958314049,31.155250057225594,739.0276458886304,13.853857227197565,6.025,True,81.07858821631574,8.107858821631574e-05,9.975754375975318e-05,Easy-Axis (Uniaxial),13327.89702912795,13.32789702912795,167.48329683172824,0.8191711116240268,Hard Magnet,59.05440035457927,7.165746134151984,549.7240675089523,0.6908036367950496,94.9378462672379,11.930241846999898,2.5224064395626815,104.7704258900054,15.608635121241733,0.491923120753213,0.014611789453776973,Soft / Non-Viable,671.5353946240654,29.947381568491597
mp-1177501,Li3Zn2Fe19O32,m,8,Cm,monoclinic,4,"Fe,Li,O,Zn",56,622.3353910449605,4.601848535162326,0,1,0,Li3Zn2Fe19O32,0.0058373487098184,-2.497081325645091,2.5,1.2655083471696398,0,FM,0.8702464410569901,0.12740072833001642,0.0023528306129934813,0.8702464410569901,0.7428457127269736,0.3619877809926538,True,False,785.2888518845251,428.4058916438258,3.5964630646674323,27.163919266651135,785.2888518845251,0.0,3.5964630646674323,,683.3948285542378,54.5792226162935,737.9740511705313,4.666065950764231,0.4660714285714285,True,49.85699682600617,4.985699682600617e-05,5.878670819797821e-05,Easy-Axis (Uniaxial),2171.750517614152,2.1717505176141523,27.291022416447166,1.0424603716479741,Soft Magnet,50.03419784453868,0.601389683647124,230.24980005891237,0.28934043214223915,16.65514416242747,2.0929471824660255,12.53033801439308,415.2822021579376,31.738499430513542,0.9693662254841277,0.027356394861120892,Soft / Non-Viable,675.2991997887718,48.05272139386443
mp-1025124,FeCoSn,6/mmm,194,P6_3/mmc,hexagonal,3,"Co,Fe,Sn",6,83.18855983540199,9.3213843513159,1,0,0,FeCoSn,0.0,-0.2,0.0,4.5441748712665015,0,FM,0.9172109357119463,0.08083023390703326,0.00195883038102045,0.9172109357119463,0.8363807018049131,0.2683368600756403,True,False,781.6252899505275,256.48344687940136,32.35555566395573,3.0097127064727687,781.6252899505275,0.0,32.35555566395573,,716.9152635716447,20.73161700454415,737.6468805761889,29.677866594420337,3.3666666666666667,True,13.316679044066635,1.3316679044066635e-05,1.870559956185663e-05,Easy-Axis (Uniaxial),4779.213767720954,4.779213767720954,60.057372617161036,1.0562240043702413,Soft Magnet,80.41667207910231,5.099081402297891,749.5947087030465,0.9419684920125088,132.6389566060348,16.667903189939917,31.496863745398908,331.63549488469107,21.681566262264226,1.2930093498027038,0.0043427669299308455,Soft / Non-Viable,647.1219614242135,20.424261212092386
mp-1219989,PrFeCo4,-6m2,187,P-6m2,hexagonal,3,"Co,Fe,Pr",6,87.74411554952759,8.184696475153338,0,0,0,PrFeCo4,0.0,-0.2,0.0,3.990039531637252,0,FM,0.9283960426984941,0.06971120590356729,0.001892751397938627,0.9283960426984941,0.8586848367949268,0.2425900110969171,True,False,780.4950175874375,179.15707603682046,16.80292956704841,10.303565218321978,780.4950175874375,0.0,16.80292956704841,,724.6084856740684,12.489255816683851,737.0977414907522,15.616300617641857,7.016666666666667,False,3979.062478119467,0.003979062478119467,0.008593634892738627,Easy-Axis (Uniaxial),74210.23918876328,74.21023918876328,932.5533871429096,14.968715492427325,Hard Magnet,82.65973124393503,11.326821495554896,676.5448109493573,0.8501712831611185,134.82872220620217,16.943077256188488,6.513973192106607,378.08798155256756,33.467867031527135,2.1103714679673757,0.08317424738728885,Soft / Non-Viable,686.1759327772047,11.877360047337675
mp-1226422,Co3Rh,-6m2,187,P-6m2,hexagonal,2,"Co,Rh",4,46.799845532759726,9.924417829391512,0,0,0,Co3Rh,0.0,-0.2,0.0,2.108938788745696,0,FM,0.7711164052842057,0.22394943244453516,0.004934162271259294,0.7711164052842057,0.5471669728396705,0.5113150317946107,False,True,888.344100733731,216.869168073662,4.240206834888852,5.335638914026589,888.344100733731,0.0,4.240206834888852,,685.016709613225,48.567727104815106,733.58443671804,3.4811938276389944,8.25,False,19.996515401229313,1.9996515401229314e-05,1.3072985119928348e-05,Easy-Axis (Uniaxial),9617.24008544295,9.617240085442951,120.85380554876839,0.1554956827897879,Soft Magnet,76.78470453187575,2.9791051024278445,762.0434906807069,0.9576120928153723,120.03019469938216,15.083439408086505,6.113400413317717,148.5133021327934,15.279359762144068,0.6848059751967566,0.005234708122586074,Soft / Non-Viable,675.4696068014937,47.30569652855077
mp-1226926,Ce(Co5Mo)2,mmm,71,Immm,orthorhombic,3,"Ce,Co,Mo",13,167.4603629626892,9.135899559729484,1,0,0,Ce(Co5Mo)2,0.0,-0.2,0.0,1.9413786564425155,0,FM,0.9279978663323174,0.06994640542062436,0.002055728247058186,0.9279978663323174,0.858051460911693,0.2440567345306115,True,False,777.4870303513321,149.64030534590086,3.580224149044227,0.6842035989117363,777.4870303513321,0.0,3.580224149044227,,721.506305267086,10.466801464990404,731.9731067320764,3.322785032026498,6.938461538461539,False,1305.3555003372044,0.0013053555003372044,0.0007709525695969541,Easy-Axis (Uniaxial),31887.363234659515,31.887363234659514,400.7084321059656,2.5791144531701895,Hard Magnet,63.633050058699155,1.2196862342746329,581.3451540155138,0.730539866022066,85.54418498636427,10.749799533255363,9.16155667706874,203.32000743131505,19.92295641323254,1.3587248900711004,0.0554402797582449,Soft / Non-Viable,712.9973376456092,10.431116427986924
mp-1225575,ErTiFe8Co3,mm2,44,Imm2,orthorhombic,4,"Co,Er,Fe,Ti",13,167.4354310890632,8.317655178322013,0,1,0,ErTiFe8Co3,0.0,-0.2,0.0,4.054856899431982,0,FM,0.9297843062519919,0.068345466844692,0.001870226903316117,0.9297843062519919,0.8614388394072999,0.23923102918055197,True,False,767.5866847537395,227.70131057754355,24.744016950263358,37.772908434305705,767.5866847537395,0.0,24.744016950263358,,713.6900531720221,15.56235237257042,729.2524055445925,23.15098865541073,2.684615384615385,False,36060.854566650014,0.036060854566650015,0.004521245432340241,Easy-Axis (Uniaxial),120627.70727828772,120.62770727828772,1515.8525054677878,29.581208291287272,Hard Magnet,85.36715190644699,5.5204586827581394,710.0545331132607,0.8922808419507001,82.56652622895253,10.375615890898834,10.38119287009108,350.8648650254743,21.28376593780294,1.5408996291481047,0.23857304342447436,Semi-Hard (0.1 <= kappa < 1.0),659.3101174344299,13.090097164597827
mp-1219357,Sm2Co17N2,2/m,12,C2/m,monoclinic,3,"Co,N,Sm",21,252.29329111407029,8.757702121275138,1,0,0,Sm2Co17N2,0.0,-0.6,0.5,1.8610117007709668,0,FM,0.9190005570590092,0.07890175486392591,0.002097688077064884,0.9190005570590092,0.8400988021950833,0.26482319168399787,True,False,779.7726908352379,155.91769526032863,17.64642870370733,0.477999761263348,779.7726908352379,0.0,17.64642870370733,,716.6115372569861,12.302179770378752,728.9137170273649,16.217121664453963,7.438095238095238,False,69176.19473461049,0.06917619473461048,0.04963236833857379,Easy-Axis (Uniaxial),131615.760849132,131.615760849132,1653.9324616519223,13.815524613588238,Hard Magnet,81.11284664369907,6.327973680322123,710.3621491141882,0.8926674036181563,123.07970944193495,15.466652740019876,7.532919315825873,287.11873821058686,159.76539780647772,1.8414762848514266,0.3302886042774327,Semi-Hard (0.1 <= kappa < 1.0),676.8011277646917,12.272847679075653
mp-1219338,ScGa4Fe3Co8,-3m,166,R-3m,trigonal,4,"Co,Fe,Ga,Sc",16,193.7948546892556,8.250206166565308,1,0,0,ScGa4Fe3Co8,0.0,-0.2,0.0,4.021975506200588,0,FM,0.9265749003860474,0.0713862470917683,0.0020388525221843676,0.9265749003860474,0.8551886532942791,0.24733668312277127,True,False,766.0860223962347,226.02456550834643,12.718118160251606,33.098206910090354,766.0860223962347,0.0,12.718118160251606,,709.8360798889345,16.13504548218839,725.9711253711229,12.018822255572083,6.14375,False,332.13447640246005,0.00033213447640246006,0.00040983501755823633,Easy-Axis (Uniaxial),547.2751497234752,0.5472751497234752,6.877262493058339,0.2739884689010951,Soft Magnet,51.303777203933535,0.4175713507440406,423.2667390559851,0.5318926711708764,45.00605946868351,5.655628341625275,4.362003563973552,351.8761991428725,12.551059367481912,1.5568051125393214,0.03840943379079095,Soft / Non-Viable,680.9673363970367,13.84398936059764
mp-773010,LiFe23O32,-3m,166,R-3m,trigonal,3,"Fe,Li,O",56,629.8148560729422,4.754642404395326,1,0,0,LiFe23O32,0.0,-2.5,2.5,1.3075266612087146,0,FM,0.8614629733444268,0.1363074671884718,0.0022295594671014746,0.8614629733444268,0.7251555061559549,0.3765814115285008,True,False,787.7068305189412,328.7429664820229,4.521190703454806,2.405914469814803,787.7068305189412,0.0,4.521190703454806,,678.5802683425616,44.810121117189226,723.3903894597508,3.9086203952737857,0.20535714285714285,True,424.93892019333646,0.00042493892019333644,0.0004390907954799426,Easy-Axis (Uniaxial),5404.54500823209,5.40454500823209,67.91551689482073,0.08871844940006113,Soft Magnet,62.95616146761112,2.8802281070844415,299.3340349318629,0.3761542420445324,28.14894175698162,3.53730041392138,22.141165176673205,452.42063039293095,17.291500511380832,1.3762138707769775,0.06143307059502382,Soft / Non-Viable,668.5054660153702,44.27748194470063
mp-1223090,La2VCo16,3m,160,R3m,trigonal,3,"Co,La,V",19,249.1191013728832,8.4765890011882,0,1,0,La2VCo16,0.0,-0.2,0.0,1.8012751627524926,0,FM,0.9289121453593705,0.06920438500024484,0.0018834696403847023,0.9289121453593705,0.8597077603591257,0.24134141212815355,True,False,755.3892254612547,298.39036516621184,61.0982979912352,14.041791200016007,755.3892254612547,0.0,61.0982979912352,,701.6902260045673,20.649921711326172,722.3401477158935,56.76326959649938,8.0,False,22997.432300062705,0.022997432300062706,0.006712281033435965,Easy-Axis (Uniaxial),21078.970647222515,21.078970647222516,264.88616246812717,20.225609086785607,Hard Magnet,69.36274040969136,7.588513630351876,587.9594424490621,0.7388516260026896,58.59326347959013,7.36304678693481,0.3903958047027429,280.2387477656117,22.541668064927563,0.9391682188180267,0.23008450550394743,Semi-Hard (0.1 <= kappa < 1.0),582.9633342843387,19.29522416678844
mp-752527,Li(FeO2)3,mmm,70,Fddd,orthorhombic,3,"Fe,Li,O",20,217.57787659785643,4.128452711161191,1,0,0,Li(FeO2)3,0.0,-2.5,2.5,1.1353244955693276,0,FM,0.7682696025112773,0.22944947435872315,0.0022809231299995773,0.7682696025112773,0.5388201281525542,0.5044259567862647,False,True,854.8014066045204,285.14430362522467,12.053122089652675,12.811934357260185,854.8014066045204,0.0,12.053122089652675,,656.7179368781356,65.42621058319196,722.1441474613275,9.715465147663842,0.6900000000000001,True,60.848938800209964,6.0848938800209965e-05,2.840132727197901e-05,Easy-Axis (Uniaxial),12935.688036795804,12.935688036795804,162.55465318004963,0.40366882248043773,Hard Magnet,43.926803703786035,3.037140440220778,181.3497318435409,0.2278907941160588,10.331983600639713,1.2983553762942843,23.566005422734097,217.91716257362552,14.598906891680087,0.7642346692643098,0.03837113578859325,Soft / Non-Viable,631.3520587268416,61.4873510555635
mp-757565,Fe41O56,3,146,R3,trigonal,2,"Fe,O",97,1083.478033687803,4.882269897149725,0,1,1,Fe41O56,0.0,-2.5,2.5,1.3426242217161746,0,FM,0.8706766887613634,0.12703926172158997,0.0022840495170466544,0.8706766887613634,0.7436374270397734,0.3609838923740028,True,False,794.8428010175958,228.2040459246178,2.729823578581602,10.473639056883485,794.8428010175958,0.0,2.729823578581602,,692.0510980758075,28.990873516143257,721.0419715919508,2.7238846232767076,0.1,True,1321.0304095980748,0.0013210304095980748,8.540564189961613e-05,Easy-Axis (Uniaxial),3843.44642079113,3.84344642079113,48.298173098379856,0.4858515159307639,Soft Magnet,61.2987304693006,2.238023622015966,299.276946503761,0.3760825026100004,28.138205753653413,3.535951287927778,15.099176575591104,398.1399542043934,92.34492237101273,1.744666500505036,0.10833735077059485,Semi-Hard (0.1 <= kappa < 1.0),685.8106246966782,27.54822280457465
mp-1217368,ThFe3Co2,6/mmm,191,P6/mmm,hexagonal,3,"Co,Fe,Th",6,83.66492505559458,10.269876199070604,1,0,0,ThFe3Co2,0.0,-0.2,0.0,5.00656464704692,0,FM,0.9262482380454214,0.07174729048034795,0.002004471474230673,0.9262482380454214,0.8545009475650736,0.24798646009180914,True,False,758.9756940835952,241.03663963126513,5.477718051254328,15.884684151707049,758.9756940835952,0.0,5.477718051254328,,702.9998993642308,17.29372580003133,720.2936251642622,5.200151921830549,2.7333333333333334,False,696.968294286554,0.0006969682942865541,0.0013278025253567998,Easy-Axis (Uniaxial),20131.547884125164,20.131547884125165,252.98049666727482,11.359101435080099,Hard Magnet,97.87463982773367,0.26423330629388886,1005.1604340594498,1.2631218541281182,76.38955824043522,9.59939518565182,1.2209346519167956,354.5616036235348,5.959182691042514,1.470986337039625,0.023429671192499165,Soft / Non-Viable,690.3939546054995,16.021262340109907
mp-756921,LiZn(Fe5O8)2,3m,160,R3m,trigonal,4,"Fe,Li,O,Zn",28,315.12505774730664,4.6729070536942405,0,1,0,LiZn(Fe5O8)2,0.0,-2.5,2.5,1.2850494397659162,0,FM,0.8293775441892863,0.16814906220033807,0.0024733936103756883,0.8293775441892863,0.6612284819889482,0.42762967014965814,True,False,779.1140138746393,428.2586101813006,21.504359670135273,27.07963603644845,779.1140138746393,0.0,21.504359670135273,,646.179667470806,72.01128368120584,718.1909511520118,18.407311820489436,0.3607142857142857,True,107.83277452877238,0.00010783277452877237,0.0001280801799818046,Easy-Axis (Uniaxial),1538.24946734993,1.53824946734993,19.33021327958692,0.9877534135738948,Soft Magnet,59.76097651676724,2.6220234034813608,279.2574887008575,0.3509253099850194,24.499630196996616,3.0787143895120836,12.644655974866597,541.8037396751415,5.394104925265367,1.265132157986905,0.033171539648708726,Soft / Non-Viable,602.9588539332302,63.423814603655025
mp-1220564,Nd2Co19Si3,2/m,12,C2/m,monoclinic,3,"Co,Nd,Si",24,296.8842813517638,8.347719636271966,1,0,0,Nd2Co19Si3,0.0,-0.2,0.0,6.991215195377772,0,FM,0.9305781078939427,0.06749649553546291,0.0019253965705944122,0.9305781078939427,0.8630816123584798,0.23751974995809333,True,False,762.9001963497574,116.75937622899242,23.524433144368743,10.909315008645521,762.9001963497574,0.0,23.524433144368743,,709.9382212310746,7.880848716363622,717.8190699474383,21.903702826478437,7.179166666666666,False,8379.525593531118,0.008379525593531117,0.0035924116625036156,Easy-Axis (Uniaxial),171094.78214517768,171.09478214517767,2150.040484388077,22.677401246516755,Hard Magnet,57.57105332577436,1.2883520186460977,480.5870123284271,0.6039234509366616,72.5594417401809,9.11808854191782,8.258444213235059,439.3721521761181,108.32780318483537,3.763056692889543,0.1699154045646255,Semi-Hard (0.1 <= kappa < 1.0),658.3164810748067,7.473210669752137
mp-1227640,Ce4AlCo25,mmm,65,Cmmm,orthorhombic,3,"Al,Ce,Co",30,404.6010893521441,8.457708534675344,1,0,0,Ce4AlCo25,0.0,-0.2,0.0,1.7972630636185103,0,FM,0.9334465715746838,0.06430790450156136,0.0022455239237548826,0.9334465715746838,0.8691386670731225,0.23160902320686344,True,False,761.8865494047659,102.68726136174453,84.43230197205492,7.026406246840004,761.8865494047659,0.0,84.43230197205492,,711.1803874707447,6.6036025971779395,717.7839900679226,78.81433808570104,8.003333333333334,False,15250.54645134659,0.01525054645134659,0.018552287633127475,Easy-Axis (Uniaxial),60123.77894301285,60.123778943012844,755.5377036114976,2.7118668100462147,Hard Magnet,63.13763779230278,8.533229818808547,533.9997380151998,0.6710438615869704,74.19422234128179,9.323521134974733,7.506481152930142,231.90123653152352,16.637274000416127,2.2583252630975004,0.20629881185980148,Semi-Hard (0.1 <= kappa < 1.0),554.9848832857248,6.379478557246834
mp-1226439,Co2Pd,-3m,164,P-3m1,trigonal,2,"Co,Pd",3,38.082835620695,9.779637129217296,1,0,0,Co2Pd,0.0,-0.2,0.0,2.078172889958675,0,FM,0.8945908754476963,0.1031188657896565,0.0022902587626471575,0.8945908754476963,0.7914720096580399,0.3166203814625559,True,False,775.8316558056306,225.08626568278498,37.450310721347876,8.361334064745847,775.8316558056306,0.0,37.450310721347876,,694.0519201671949,23.210640422038068,717.262560589233,33.51379916753899,8.333333333333332,False,185.88850782598908,0.00018588850782598907,0.00012376037813695143,Easy-Axis (Uniaxial),8170.57758735249,8.17057758735249,102.67450809070067,2.998107801053125,Soft Magnet,68.19521212594721,11.127557927284329,666.9244285417628,0.8380819540825493,114.63213148228036,14.40509876505,5.783815595455544,185.19556186942026,33.743277315614606,0.8227759312974571,0.018236635308319846,Soft / Non-Viable,617.0258833221051,22.27922039971738
mp-1198303,ZnFe16Ni7O32,1,1,P1,triclinic,4,"Fe,Ni,O,Zn",56,590.2725347153812,5.293727545324875,0,1,1,ZnFe16Ni7O32,0.0,-2.5,2.5,1.8528046408637064,0,FM,0.8707687702536463,0.12685206883628247,0.002379160910071188,0.8707687702536463,0.7439167014173638,0.36116855916116414,True,False,792.5291715553478,209.18957701891281,30.63949240648077,31.540000911983327,792.5291715553478,0.0,30.63949240648077,,690.1096521053913,26.53613062383594,716.6457827292272,26.978233449835766,0.6125,True,1203.7446274944955,0.0012037446274944955,4.004020059068805e-05,Easy-Axis (Uniaxial),4072.2653396621718,4.072265339662172,51.17359649235106,0.36625043743988234,Soft Magnet,54.83266691070072,0.05951395960065042,290.2691992088002,0.36476303351910355,26.46986841014073,3.32630183017137,3.522470867306908,576.4305979516635,20.423274465273096,2.7555416773922174,0.1066255523859239,Semi-Hard (0.1 <= kappa < 1.0),626.1590051592984,22.92142223314863
mp-774295,Fe23O32,-3m,166,R-3m,trigonal,2,"Fe,O",55,576.5993794245261,5.173468315041151,1,0,0,Fe23O32,0.0,-2.5,2.5,1.4227037866363166,0,FM,0.8592902699618662,0.13836534534581935,0.002344384692314452,0.8592902699618662,0.7209249246160468,0.3806383813608781,True,False,793.0901069903769,225.87607226073183,0.4565594847085208,13.685317476878396,793.0901069903769,0.0,0.4565594847085208,,681.4946121398463,31.253420743713406,712.7480328835596,1.9337874759523777,0.1,True,1566.779999425123,0.0015667799994251229,0.00017291171973814553,Easy-Axis (Uniaxial),2550.4978188966816,2.5504978188966816,32.050501466013955,0.14597058195718776,Soft Magnet,62.544306565566345,1.4977468154595464,323.5709883031777,0.4066112959072208,32.89190471798382,4.133318729281519,19.395935828382623,389.75220249562847,102.913187818397,1.7255134578652147,0.10912631800469268,Semi-Hard (0.1 <= kappa < 1.0),680.4590453694491,29.251818620710946
mp-1217540,Th2(FeCo)5,mm2,25,Pmm2,orthorhombic,3,"Co,Fe,Th",12,173.47415632464708,9.93568696351118,0,1,0,Th2(FeCo)5,0.0,-0.2,0.0,4.843647394711701,0,FM,0.9291610580414099,0.06889205997644304,0.0019468819821471493,0.9291610580414099,0.8602689980649669,0.2409594085429311,True,False,747.7729294996184,243.32323290064272,28.09936187845102,1.1925573802403164,747.7729294996184,0.0,28.09936187845102,,694.8014863485901,16.7630387546531,711.5645251032431,26.108962077505755,3.3916666666666666,False,2321.022591147915,0.002321022591147915,0.0035362662793077433,Easy-Axis (Uniaxial),20267.990965256562,20.267990965256562,254.69509102584638,11.471739370171163,Hard Magnet,92.8830365027268,8.295446793473516,922.8567749114758,1.1596960257509847,79.67371825876658,10.012094913141443,3.2127172615806856,352.6268012564453,4.583005804566369,1.449211392816053,0.04656937902948733,Soft / Non-Viable,635.2967122861905,16.663676800898845
mp-1219271,Sm2Fe15Co2,m,8,Cm,monoclinic,3,"Co,Fe,Sm",19,260.35228178393595,8.012494089074112,0,1,0,Sm2Fe15Co2,0.0,-0.2,0.0,3.9060908684236297,0,FM,0.9285151876778439,0.0695880643611205,0.0018967479610356227,0.9285151876778439,0.8589271233167234,0.24232223172191522,True,False,746.5316855520127,260.0000838542363,16.387316564293144,29.083170642776878,746.5316855520127,0.0,16.387316564293144,,693.1660081177843,18.092902569145323,711.2589106869295,15.349876381749816,1.9736842105263157,False,7625.159457707417,0.0076251594577074165,0.005844744946753776,Easy-Axis (Uniaxial),122462.62860477428,122.46262860477428,1538.9108073525617,3.3505165105781787,Hard Magnet,113.52230094303823,5.039820400628578,909.5967652841863,1.1430330062183356,122.20699926099816,15.356984742163599,33.269690773285625,477.5421004279697,114.33090163749674,1.8366997938958118,0.08563881037536114,Soft / Non-Viable,657.2633969449206,15.795924701390373
mp-1194097,In(Co11B3)2,m-3m,225,Fm-3m,cubic,3,"B,Co,In",29,290.99791667348904,8.42381117591802,1,0,0,In(Co11B3)2,0.0,-0.2,0.0,1.7900598748825791,0,FM,0.9280914568467153,0.06964565046085043,0.0022628926924342344,0.9280914568467153,0.8584458063858649,0.24449180456497852,True,False,752.4288482424611,163.53570198562755,41.79394572102575,0.018589214560748246,752.4288482424611,0.0,41.79394572102575,,698.3227859388418,11.38955033836082,709.7123362772026,38.78860399320541,6.3310344827586205,True,320.16096824361574,0.00032016096824361576,0.000446869899722944,Easy-Axis (Uniaxial),517.5965859304903,0.5175965859304903,6.504310653888472,0.34509627449099856,Soft Magnet,77.88057313235464,1.8700329880516406,656.0512423392297,0.8244183053245524,83.4826115712467,10.490734572391744,5.01967734762785,589.8884565543042,3.3830984811387452,3.607092820662163,0.02432996578045561,Soft / Non-Viable,612.9331382383382,11.388491822770737
mp-1226026,CoRh,-3m,166,R-3m,trigonal,2,"Co,Rh",2,26.03627135398446,10.32173433195538,1,0,0,CoRh,0.0,-0.2,0.0,2.193368545540518,0,FM,0.69791012046898,0.2986342382157333,0.0034556413152866065,0.69791012046898,0.39927588225324673,0.5748248651855942,False,True,906.6696901153043,249.37557188856033,30.323793921295987,26.57252541868212,906.6696901153043,0.0,30.323793921295987,,632.7739526539449,74.47208394055305,707.2460365944979,22.602127159643754,8.5,False,21.736551874856556,2.1736551874856557e-05,3.645842131154282e-05,Easy-Axis (Uniaxial),17053.87047482547,17.053870474825473,214.30526095923219,3.240736349792355,Hard Magnet,87.87786658720478,4.145901432273433,907.0519925721461,1.1398351505154551,118.41526544442148,14.88050140880597,5.026501405125143,196.04697685974278,14.075335555057734,0.7861514877942867,0.004585199245461507,Soft / Non-Viable,574.6851703980292,65.73796518614647
mp-1198179,Dy2Fe6Co8B,4/mmm,136,P4_2/mnm,tetragonal,4,"B,Co,Dy,Fe",68,877.3504371163467,8.64836221823099,1,0,0,Dy2Fe6Co8B,0.0,-0.2,0.0,10.70234824506085,0,FM,0.930361583712868,0.06775545558037525,0.0018829607067567277,0.930361583712868,0.8626061281324928,0.23789856115640967,True,False,744.4537288706724,206.92059154088616,7.281290937815754,2.5375312422981864,744.4537288706724,0.0,7.281290937815754,,692.6111501930689,14.019998948813484,706.6311491418824,6.776414848526249,4.982352941176471,False,156151.32492245143,0.15615132492245143,0.19831972732009895,Easy-Axis (Uniaxial),387001.6015680888,387.0016015680888,4863.205648132427,92.22263696532244,Hard Magnet,79.42130449298114,8.574915938541544,686.8642090997172,0.863139021328574,93.86787020250345,11.79578468660834,0.9701659231651518,412.7707679100025,28.66850559583517,1.9948269277417066,0.5132122544180638,Semi-Hard (0.1 <= kappa < 1.0),676.1991412616447,13.844346638195349
mp-1189053,Fe2CoC,mmm,62,Pnma,orthorhombic,3,"C,Co,Fe",16,149.47188487137203,8.115792965814604,1,0,0,Fe2CoC,0.0,-0.2,0.0,3.95644907083462,0,FM,0.9305880928619766,0.06754642182586934,0.0018654853121540295,0.9305880928619766,0.8630416710361073,0.23730105653485825,True,False,743.7495200541439,213.92992103655556,2.9356128805101775,7.86646408372107,743.7495200541439,0.0,2.9356128805101775,,692.1244474341962,14.450200687510101,706.5746481217063,2.7830413447523,2.075,True,5319.225486191103,0.005319225486191103,0.001704194399265378,Easy-Axis (Uniaxial),2837.7387020966207,2.8377387020966207,35.660076930023294,2.0649068164558164,Soft Magnet,76.32909932999218,11.839353532132982,619.4711674293147,0.7784504274826511,120.55689877463175,15.149626995509124,37.48517471608785,563.766240088551,51.438382378748315,2.6352846640476097,0.10502632540813016,Semi-Hard (0.1 <= kappa < 1.0),685.417380465463,13.903349682890727
mp-1217983,TaCo6Mo,-6m2,187,P-6m2,hexagonal,3,"Co,Mo,Ta",8,92.27860747015208,11.345515582381944,0,0,0,TaCo6Mo,0.0,-0.2,0.0,2.410922061256163,0,FM,0.9142401394212106,0.06535384750568678,0.02040601307310267,0.9142401394212106,0.8488862919155239,0.30918332407893134,True,False,753.4281688317549,241.54685592141004,14.074569263531203,5.888782738147555,753.4281688317549,0.0,14.074569263531203,,688.814274116611,15.786016387365928,704.600290503977,12.873290179588228,6.7625,True,3487.706697928594,0.003487706697928594,0.003342193290545756,Easy-Axis (Uniaxial),72293.19824914822,72.29319824914822,908.4631397448073,24.309848420578998,Hard Magnet,67.95484156479685,2.0821047772703665,770.9827138716989,0.9688454519776203,98.35563833182053,12.359734273007238,30.080072407097585,232.35872547041242,21.45076643506239,0.9619612914606221,0.06833141352917865,Soft / Non-Viable,657.9465593777313,15.334508444243724
mp-1199281,Pr2Fe6Co8B,4/mmm,136,P4_2/mnm,tetragonal,4,"B,Co,Fe,Pr",68,905.7810012263926,8.060231818179108,1,0,0,Pr2Fe6Co8B,0.0,-0.2,0.0,3.929363011362316,0,FM,0.9295736529913374,0.06852745303205658,0.0018988939766060595,0.9295736529913374,0.8610461999592809,0.23982501387351296,True,False,743.1466101292519,149.26140737264137,3.5084011920554303,5.643949117303649,743.1466101292519,0.0,3.5084011920554303,,690.809509085978,10.228504083227346,701.0380131692053,3.2841708437254375,4.982352941176471,False,202281.07596186126,0.20228107596186126,0.08052490766391006,Easy-Axis (Uniaxial),466756.6671791667,466.7566671791667,5865.437380444071,194.38617773993514,Hard Magnet,95.87208202166886,6.235578485579232,772.7512059861326,0.9710678047114749,105.02139552285442,13.197378042158718,5.865334714112041,377.6980348795204,18.680319690728282,2.530446694345922,0.5191979918041482,Semi-Hard (0.1 <= kappa < 1.0),682.8241060604228,9.947780255272953
mp-1183699,Co3Te,4/mmm,139,I4/mmm,tetragonal,2,"Co,Te",4,51.561386550286784,9.803215880600147,1,0,0,Co3Te,0.0,-1.2,1.2,2.0831833746275312,0,FM,0.8724156631414711,0.12427260487761871,0.003311731980910128,0.8724156631414711,0.7481430582638524,0.3614825911656304,True,False,770.4773944672211,227.62504594025535,2.2551796762701883,8.229514604713131,770.4773944672211,0.0,2.2551796762701883,,672.1765470296335,28.28755739438316,700.4641044240167,2.2173852615524665,6.025,True,62.30007322605232,6.230007322605232e-05,2.3167645250739592e-05,Easy-Axis (Uniaxial),9126.48384907263,9.126483849072631,114.68678068142441,0.9532689156531037,Soft Magnet,61.99392875302672,2.131972454755868,607.7398668524656,0.763708440398938,114.63665844619105,14.40566764012365,0.7244691054317873,27.179205123150748,37.95794675371769,0.11940340313114955,0.011585682432846174,Soft / Non-Viable,667.1613182108907,27.169594519856684
mp-1219400,Sm4Fe31Co3,1,1,P1,triclinic,3,"Co,Fe,Sm",38,520.7256702794394,8.002321389409095,0,1,1,Sm4Fe31Co3,0.0,-0.2,0.0,3.9011316773369344,0,FM,0.9290985816104985,0.06899672511939604,0.0019046932701055508,0.9290985816104985,0.8601018564911025,0.24096991942269524,True,False,732.3581334171467,269.67073038281455,21.19079778484496,24.990109532965704,732.3581334171467,0.0,21.19079778484496,,680.4329029887833,18.606397256969817,699.0393002457531,19.763697206449258,1.7657894736842104,False,8099.267298662635,0.008099267298662635,0.004669629969459359,Easy-Axis (Uniaxial),118555.57807964012,118.55557807964013,1489.8133614908857,2.2609531970070753,Hard Magnet,112.33278435302023,6.127524791903134,898.9230429600532,1.129620011162354,122.9423263597472,15.449388672415346,31.275104834527742,363.8830121993931,6.3296561303112355,1.3493604281148284,0.08930903994362023,Soft / Non-Viable,635.5408445835201,16.539746832065607
mp-530050,Fe43O64,2,5,C2,monoclinic,2,"Fe,O",107,1241.3194350304952,4.582091173654353,0,1,1,Fe43O64,0.0,-2.5,2.5,1.2600750727549472,0,FM,0.8354037642779355,0.16237987158611394,0.002216364135950593,0.8354037642779355,0.6730238926918215,0.41776534387549663,True,False,789.5316278848782,241.12965719108374,37.8654377070236,22.798842157477765,789.5316278848782,0.0,37.8654377070236,,659.5776939515134,39.15460277029185,698.7322967218053,31.848823439880665,0.1,True,7205.320205586886,0.007205320205586886,0.004032054355726068,Easy-Axis (Uniaxial),2657.8204566107643,2.6578204566107644,33.39915753304,1.5983677970678907,Soft Magnet,62.30286076735268,3.969146934500742,285.47738841550284,0.35874146648485744,25.60314424211119,3.2173860568966552,17.540218747176063,403.9655861509714,86.77022554881566,1.6753044434963382,0.26524670383230536,Semi-Hard (0.1 <= kappa < 1.0),585.6571466094668,35.14794097773341
mp-1220610,Nd2Co17N2,2/m,12,C2/m,monoclinic,3,"Co,N,Nd",21,257.00507658460407,8.518085182668402,1,0,0,Nd2Co17N2,0.0,-0.6,0.5,7.133896340484787,0,FM,0.9198309639679797,0.07811255937752327,0.0020564766544969456,0.9198309639679797,0.8417184045904564,0.2628270828106173,True,False,747.5567931472887,135.7028287122846,8.648414515112904,1.6032032100848854,747.5567931472887,0.0,8.648414515112904,,687.6258856614821,10.600095265486202,698.2259809269683,7.956065098282881,7.438095238095238,False,29310.39166584329,0.02931039166584329,0.0026526052675300846,Easy-Axis (Uniaxial),110464.4203091631,110.4644203091631,1388.1368722725554,6.996276828561069,Hard Magnet,84.89400956338474,2.199951686219457,723.1344049591772,0.9087174936711111,120.1258518585505,15.09546004146029,5.702108149559114,292.0423429213609,163.15595289958304,2.1520726258444127,0.21119656687692775,Semi-Hard (0.1 <= kappa < 1.0),668.3584168819497,10.515800440373111
mp-1221969,MgFe4NiO8,3m,160,R3m,trigonal,4,"Fe,Mg,Ni,O",14,154.82139475414763,4.658880217768513,0,1,0,MgFe4NiO8,0.0031540722966769,-2.4984229638516617,2.5,1.63060807621898,0,FM,0.8743497413936456,0.12359419942500775,0.002056059181346704,0.8743497413936456,0.7507555419686379,0.353654061809053,True,False,767.450048909461,219.44931435995113,0.8970349574775582,9.735140671306311,767.450048909461,0.0,0.8970349574775582,,671.0197517965279,27.122662322685017,698.1424141192128,1.4362688920317268,0.37857142857142856,True,105.0800026459952,0.00010508000264599519,0.00010425403984417417,Easy-Axis (Uniaxial),3018.0531490652047,3.0180531490652047,37.92597514177322,0.4794266333543164,Soft Magnet,52.50145095209789,2.1845247429022336,244.59797124487275,0.3073708758183439,18.79557316123166,2.361921428418327,3.466713789240636,465.57129278096215,50.19248829023354,2.1215436199418245,0.03738541921896183,Soft / Non-Viable,669.0193061138231,25.863727209348518
mp-1225235,Fe4CuNiO8,2/m,12,C2/m,monoclinic,4,"Cu,Fe,Ni,O",14,153.01264456285818,5.139807557458684,1,0,0,Fe4CuNiO8,0.0,-2.5,2.5,1.7989326451105396,0,FM,0.8851139998337275,0.11287160968685556,0.002014390479416796,0.8851139998337275,0.772242390146872,0.3338324059548098,True,False,750.4067587044219,291.72158077868846,20.653827482256872,7.077164775001819,750.4067587044219,0.0,20.653827482256872,,664.1955276991337,32.92708440288463,697.1226121020183,18.29843605813111,0.5142857142857142,True,1563.4188555311941,0.001563418855531194,0.0001212352232681432,Easy-Axis (Uniaxial),7460.559206651446,7.460559206651446,93.75215380247005,1.3524037265429876,Soft Magnet,61.1229292291643,6.623944134964432,314.16009358607096,0.39478521682443296,31.00644016599029,3.896384261272731,3.4554418925292283,435.9938825704024,19.80092093271338,1.4945547785892626,0.11227465340887484,Semi-Hard (0.1 <= kappa < 1.0),621.4136281306853,31.80175316642114
mp-1225992,CoTc,-6m2,187,P-6m2,hexagonal,2,"Co,Tc",2,25.29095035534151,10.30383191800077,0,0,0,CoTc,0.0,-0.2,0.0,2.189564282575164,0,FM,0.8336542097173658,0.13974299151246158,0.026602798770172676,0.8336542097173658,0.6939112182049042,0.47620153997188613,True,False,805.3140316536267,179.45042879328855,40.14888332767322,20.770027843065677,805.3140316536267,0.0,40.14888332767322,,671.3534326325099,25.076939747768115,696.4303723802781,33.595897459560476,4.05,False,170.32642737371222,0.00017032642737371223,0.00023571917179258643,Easy-Axis (Uniaxial),3325.400012066047,3.325400012066047,41.78820980443393,1.3746903090559934,Soft Magnet,102.48924208048606,7.814713511177253,1056.0319238006198,1.3270488535073293,89.37685688526537,11.23142729786023,5.28606274757826,182.07759541086088,25.822242046284572,1.0146400687657235,0.011024503494134077,Soft / Non-Viable,592.1113949262444,22.717703116470187
mp-1219288,Sm4Fe27Co7C2,m,8,Cm,monoclinic,4,"C,Co,Fe,Sm",40,532.9089410632226,7.932715311263556,0,1,0,Sm4Fe27Co7C2,0.0,-0.2,0.0,3.867198714240984,0,FM,0.9284604500432563,0.06965563265977652,0.0018839172969672355,0.9284604500432563,0.8588048173834798,0.2424091824231532,True,False,732.6471713946411,231.6469885501412,25.538485005881398,8.50767363349955,732.6471713946411,0.0,25.538485005881398,,680.2339224759871,16.135517541192094,696.3694400171793,23.718877475972562,2.4724999999999997,False,10384.112370626655,0.010384112370626655,0.0068511469958327294,Easy-Axis (Uniaxial),379050.09531846497,379.05009531846497,4763.284071716089,25.335182110652077,Hard Magnet,119.65858151500873,16.966444307697884,949.2174617081881,1.192821841744638,125.56472026613854,15.778928416062804,20.472984289749764,499.03036036147284,115.50414668935912,2.1542708734737346,0.0957665933332575,Soft / Non-Viable,626.8695903622862,15.477145047001
mp-1235270,Li(FeO2)8,2,3,P2,monoclinic,3,"Fe,Li,O",25,320.1972694299704,3.68045080045341,0,1,1,Li(FeO2)8,0.0197541039402304,-2.4901229480298848,2.5,1.0121239701246878,0,FM,0.8217191865015385,0.17585636184110504,0.0024244516573564507,0.8217191865015385,0.6458628246604334,0.4383749934524326,True,False,767.1345516403092,373.93428904882353,3.25498982795267,16.44091011351881,767.1345516403092,0.0,3.25498982795267,,630.3691797110973,65.75872363976627,696.1279033508636,3.938681833329962,0.33599999999999997,True,1044.158453251328,0.0010441584532513279,0.00045582994180645795,Easy-Axis (Uniaxial),15648.010934670745,15.648010934670745,196.63870860270808,1.6191898385649788,Hard Magnet,54.77849328766597,8.873009341645695,201.60954946822196,0.2533500318011656,12.769446442298173,1.6046559965148643,9.420798536799326,225.45214748317926,11.337674790561394,0.6029191600927045,0.1429773269026366,Semi-Hard (0.1 <= kappa < 1.0),623.6031071429969,60.76367319401602
mp-1225621,DyTiFe11N,mm2,44,Imm2,orthorhombic,4,"Dy,Fe,N,Ti",14,176.88678111839073,7.873070748561182,0,1,0,DyTiFe11N,0.0,-0.6,0.5,8.06989751727521,0,FM,0.9292305418415896,0.06890716713640382,0.0018622910220064525,0.9292305418415896,0.8603233747051857,0.24051855621632426,True,False,731.1978916243729,231.30527019913592,10.200567292036624,1.9273979217534816,731.1978916243729,0.0,10.200567292036624,,679.4514130275439,15.938590913142905,695.3900039406868,9.479609077766536,0.807142857142857,False,17298.577877067644,0.017298577877067643,0.009739068322703302,Easy-Axis (Uniaxial),147753.53881643259,147.75353881643258,1856.725764420917,17.909247315434527,Hard Magnet,125.75717622828903,13.539889560231202,990.095145584596,1.2441902542893934,85.45333047288847,10.738382418150321,2.265739503104966,121.2990040301523,38.61938887267491,0.5244108961534826,0.11850136074238402,Semi-Hard (0.1 <= kappa < 1.0),657.1084820627148,15.786456991159845
mp-1227615,Ce4ZrCo25,mmm,65,Cmmm,orthorhombic,3,"Ce,Co,Zr",30,409.546485418325,8.616055391090818,1,0,0,Ce4ZrCo25,0.0,-0.2,0.0,1.8309117706067988,0,FM,0.9322892890668585,0.06555880414266882,0.0021519067904727357,0.9322892890668585,0.8667304849241897,0.23412776183978695,True,False,732.1142271178201,163.52486816106187,88.80611449544784,3.9681567462126424,732.1142271178201,0.0,88.80611449544784,,682.542252315405,10.720494804226796,693.2627471196317,82.79339805755228,8.003333333333334,False,11098.7007336232,0.0110987007336232,0.013787470394768611,Easy-Axis (Uniaxial),45711.515776735825,45.71151577673582,574.4278597539709,10.077194773969124,Hard Magnet,65.4171919825127,10.55640341361918,563.6381496509516,0.7082885880905496,87.17285502570407,10.954464250459843,11.554739129137603,286.15611934909737,19.58318392642539,1.7499241709661635,0.16673652963630006,Semi-Hard (0.1 <= kappa < 1.0),526.6446901441898,10.511929876942283
mp-1225193,Gd2Fe17N2,2/m,12,C2/m,monoclinic,3,"Fe,Gd,N",21,260.89382745253374,8.222557721815603,1,0,0,Gd2Fe17N2,0.0,-0.6,0.5,9.455941380087944,0,FM,0.9267224950209956,0.07139765187525111,0.0018798531037532203,0.9267224950209956,0.8553248431457444,0.24647188317184782,True,False,732.8526074416126,197.01650865852577,3.8286850511663033,1.1756449330300853,732.8526074416126,0.0,3.8286850511663033,,679.1509968509334,14.06651609887882,693.2175129498122,3.5491212909115855,1.0428571428571427,False,61651.87810933126,0.06165187810933126,0.0162348058217099,Easy-Axis (Uniaxial),157868.01796260013,157.86801796260013,1983.8280604120755,72.62490639121926,Hard Magnet,134.26016438245637,21.972537930787084,1103.9619513751989,1.3872795025131908,95.73837270045505,12.03083896741817,1.9976383759748304,273.9235635828787,166.26351224768155,1.3903584295956148,0.20063842874121965,Semi-Hard (0.1 <= kappa < 1.0),670.5927026638985,13.984313164311176
mp-1217733,Tb2Ga3Co14,3m,160,R3m,trigonal,3,"Co,Ga,Tb",19,248.92519145068803,9.019533167410254,0,1,0,Tb2Ga3Co14,0.0,-0.2,0.0,1.9166507980746788,0,FM,0.92774658056063,0.07031675655911235,0.0019366628802576912,0.92774658056063,0.8574298240015177,0.2442616879894716,True,False,733.2233073018774,176.01680540504952,3.5239746223038537,8.331777038273472,733.2233073018774,0.0,3.5239746223038537,,680.2454161366728,12.376930855979518,692.6223469926523,3.3214335541161137,7.894736842105263,False,3278.8724799225465,0.0032788724799225465,0.0005161928424521631,Easy-Axis (Uniaxial),59335.77854040517,59.335778540405165,745.6353983156937,8.097636232058118,Hard Magnet,54.31157535998704,7.295652389513911,489.86505533370456,0.6155825836346895,75.38809909866801,9.473548115901147,4.12539566820863,306.9760476832811,26.725155489974412,1.7440155613372734,0.10427516153184452,Semi-Hard (0.1 <= kappa < 1.0),672.3476295239774,11.88194238241985
mp-1225019,Fe5NiO8,-3m,166,R-3m,trigonal,3,"Fe,Ni,O",14,155.23165785950303,4.983955890243702,1,0,0,Fe5NiO8,0.0,-2.5,2.5,1.7443845615852958,0,FM,0.8552587800609333,0.14269153371064944,0.0020496862284173343,0.8552587800609333,0.7125672463502838,0.3861588356975035,True,False,774.2558706464893,211.20581185603095,17.250917298682282,11.366735541463541,774.2558706464893,0.0,17.250917298682282,,662.1891313841321,30.137281222339922,692.326412606472,14.842882154672083,0.37857142857142856,True,1604.398084699939,0.001604398084699939,0.00039077466549853875,Easy-Axis (Uniaxial),1158.9723498932842,1.1589723498932842,14.564076363489367,0.4263054418629889,Soft Magnet,56.063364945180126,1.804708828953597,279.4173379454128,0.3511261824699701,24.52768579717358,3.082239960276895,13.907888763385273,384.5444237107977,16.528860074393776,1.8207094792113179,0.12787857398688712,Semi-Hard (0.1 <= kappa < 1.0),626.1817652309898,28.516579153419276
mp-757258,Fe13(NiO10)2,m,8,Cm,monoclinic,3,"Fe,Ni,O",70,785.2428032005349,4.920272790115884,0,1,0,Fe13(NiO10)2,0.0,-2.5,2.5,1.7220954765405594,0,FM,0.8480675331063431,0.14960780114155653,0.00232466575210037,0.8480675331063431,0.6984597319647865,0.39874860770204607,True,False,777.4986669263318,216.09786082883784,21.334484443459928,3.7185906232081436,777.4986669263318,0.0,21.334484443459928,,659.3713764536845,32.32992578999653,691.7013022436811,18.101634653352072,0.32285714285714284,True,2655.6367201076755,0.0026556367201076756,0.0006277589264680963,Easy-Axis (Uniaxial),1643.3146128554606,1.6433146128554605,20.650500862310157,0.24444135420643975,Soft Magnet,56.03579832977951,4.792192596030915,275.7114137944352,0.3464691808349813,23.881376921053132,3.00102239001229,12.554377680569852,417.81291189254046,23.802186415507293,1.93344307199539,0.16673418664439532,Semi-Hard (0.1 <= kappa < 1.0),615.5934781749546,31.739789374248126
mp-1188210,Ce2Fe12Co5,-3m,166,R-3m,trigonal,3,"Ce,Co,Fe",19,256.88743921555584,8.048015917359606,1,0,0,Ce2Fe12Co5,0.0,-0.2,0.0,3.923407759712808,0,FM,0.9261608286735072,0.07193252642572252,0.001906644900770219,0.9261608286735072,0.8542283022477847,0.24786896779674472,True,False,725.5861313441777,265.9565532456742,19.171603185981326,37.40380894113858,725.5861313441777,0.0,19.171603185981326,,672.0094526797279,19.130926794438537,691.1403794741665,17.958679459837203,3.221052631578947,False,2041.9687019964902,0.0020419687019964904,0.0009833174697025005,Easy-Axis (Uniaxial),26876.292712776343,26.876292712776344,337.73746152995744,10.43689754081636,Hard Magnet,98.80229983853992,9.31761519333675,795.1624817723058,0.9992306444584415,99.87017278236607,12.550056288842315,5.029225150635259,311.14714973493886,24.026814086298828,1.1699172136868552,0.05069483665935491,Soft / Non-Viable,631.6440240657763,16.116781680770604
mp-1223838,HoTiFe11N,mm2,44,Imm2,orthorhombic,4,"Fe,Ho,N,Ti",14,175.5115132187431,7.957755921115101,0,1,0,HoTiFe11N,0.0,-0.6,0.5,2.188382878306653,0,FM,0.9290285260631916,0.06910484037046735,0.001866633566341039,0.9290285260631916,0.8599236856927243,0.24101093557932557,True,False,729.3215085895893,196.1886950239803,10.820038483415885,4.236184704334718,729.3215085895893,0.0,10.820038483415885,,677.5604861511695,13.557588452122461,691.1180746032919,10.056386142798738,0.807142857142857,False,16258.873668984299,0.0162588736689843,0.010029909288794001,Easy-Axis (Uniaxial),136011.0804969025,136.01108049690248,1709.1656783873939,10.744477573994862,Hard Magnet,124.11198418153697,12.690112923450222,987.6528770019696,1.2411212090744845,86.67526696418932,10.891935489302352,2.41239070797736,126.29768075338751,36.658584375679546,0.6437561590281746,0.11516909738087495,Semi-Hard (0.1 <= kappa < 1.0),653.9737490451294,13.276382411617499
mp-1224826,GaFe2,-3m,164,P-3m1,trigonal,2,"Fe,Ga",3,38.640023071419535,7.796148919300244,1,0,0,GaFe2,0.0085512596989312,-0.1957243701505344,0.0,2.1439409528075672,0,FM,0.896700011472107,0.1012309694072841,0.002069019120608783,0.896700011472107,0.7954690420648229,0.3116777983295533,True,False,740.3866799715644,258.3911360929336,9.59948729469636,25.00384240040249,740.3866799715644,0.0,9.59948729469636,,663.904744424297,26.157185192937146,690.0619296172341,8.972293311826704,2.066666666666667,True,12.4732335026364,1.2473233502636401e-05,7.311848622822468e-06,Easy-Axis (Uniaxial),8199.70706730315,8.19970706730315,103.04055993867549,4.905920885697649,Soft Magnet,69.44862991340122,4.263877782696895,541.4318610462454,0.6803833428329338,38.70154545793537,4.8633797302094885,2.468712742990768,335.9348185192657,44.38761005966626,1.3001019446674926,0.005818898551357169,Soft / Non-Viable,643.3196161520292,23.250434227153765
mp-1220542,Nd2Fe17N2,2/m,12,C2/m,monoclinic,3,"Fe,N,Nd",21,272.9765871149695,7.700345268774025,1,0,0,Nd2Fe17N2,0.0,-0.6,0.5,6.930310741896623,0,FM,0.9292019662321751,0.06893301174995052,0.0018650220178744728,0.9292019662321751,0.8602689544822246,0.24059519510096813,True,False,725.9860807582552,211.24519740666477,0.9845089646199199,1.9665271951198093,725.9860807582552,0.0,0.9845089646199199,,674.5876936977613,14.56176767495424,689.1494613727156,0.924796848344515,1.0428571428571427,False,74581.43688188132,0.07458143688188132,0.05541761362979922,Easy-Axis (Uniaxial),176435.73788915967,176.43573788915967,2217.156915005713,58.618227651309624,Hard Magnet,142.80707493599368,13.649493191753109,1099.6637838308366,1.381878265880684,143.0156458275035,17.97187644034216,7.813556730458355,270.6936312525119,158.06013151056698,1.281419102425339,0.22153916719610375,Semi-Hard (0.1 <= kappa < 1.0),672.3811428219294,14.419981248562163
mp-1189359,Pr2Cr3Co14,-3m,166,R-3m,trigonal,3,"Co,Cr,Pr",19,246.4437449218221,8.509212524472822,1,0,0,Pr2Cr3Co14,0.0,-0.2,0.0,3.93551079256868,0,FM,0.9253412931550631,0.07270115602996015,0.0019575508149766835,0.9253412931550631,0.8526401371251029,0.24993871948291116,True,False,729.0714861567678,187.6515441001342,53.208880368258406,22.59430014321933,729.0714861567678,0.0,53.208880368258406,,674.6399518027872,13.642484186886804,688.282435989674,49.263767417603006,7.263157894736842,False,38931.35173366883,0.03893135173366883,0.04031169631754088,Easy-Axis (Uniaxial),298919.6358083203,298.9196358083203,3756.3350004507593,1.9383767163059986,Hard Magnet,68.21401823289156,7.030597769548628,580.4475782919384,0.729411939102376,105.84634840730025,13.301044681025955,2.323504812163334,251.54439800356772,27.05901594684957,1.3404866941533886,0.30323673085795816,Semi-Hard (0.1 <= kappa < 1.0),573.0093346742037,12.257712060110341
mp-1191945,Tb2Fe17N3,-3m,166,R-3m,trigonal,3,"Fe,N,Tb",22,270.3129966271063,8.04266618126316,1,0,0,Tb2Fe17N3,0.0,-0.6,0.5,2.211733199847369,0,FM,0.9295172123411914,0.06861968971684437,0.0018630979419641766,0.9295172123411914,0.860897522624347,0.23984176407354496,True,False,725.6761385886998,199.0269209802551,7.54902035608751,3.0999130456162334,725.6761385886998,0.0,7.54902035608751,,674.5284614034883,13.657165562964009,688.1856269664523,7.02016779108465,1.0,False,539575.2493844496,0.5395752493844496,0.3668401615158228,Easy-Axis (Uniaxial),71784.12981159292,71.78412981159292,902.0659969661377,24.939812665030797,Hard Magnet,115.2111635242606,8.780715222820959,926.6049285805504,1.1644060945635009,133.9043599635321,16.826918468698754,29.7697936039288,131.6085365207,35.712168059002536,0.6612599736382221,0.7071743047896352,Semi-Hard (0.1 <= kappa < 1.0),657.9716566378622,13.448716307324672
mp-1190690,Dy2Fe17N3,-3m,166,R-3m,trigonal,3,"Dy,Fe,N",22,268.4174618783687,8.143691073588528,1,0,0,Dy2Fe17N3,0.0,-0.6,0.5,8.34728335042824,0,FM,0.9297968929792516,0.06833974153301951,0.0018633654877289831,0.9297968929792516,0.8614571514462321,0.23917863586042779,True,False,723.1991140658492,227.72252880317205,10.016964891213377,6.245868243579551,723.1991140658492,0.0,10.016964891213377,,672.428289263774,15.56249875965437,687.9907880234283,9.323518585575057,1.0,False,399251.29170989053,0.39925129170989054,0.12353502895986652,Easy-Axis (Uniaxial),80990.05972738024,80.99005972738024,1017.7511263851469,12.799496443423362,Hard Magnet,113.69900932063742,8.963102368848496,925.9296072803337,1.1635574607892714,126.45648930184184,15.89099142029042,35.84625396889669,134.69213351409363,35.090944683631314,0.5914747839047246,0.608751804704969,Semi-Hard (0.1 <= kappa < 1.0),650.7014441932873,15.09121020671776
mp-1225160,Fe21HO32,3m,160,R3m,trigonal,3,"Fe,H,O",54,620.7742905808578,4.509250427312953,0,1,0,Fe21HO32,0.0649523990071699,-2.467523800496415,2.5,1.240043867511062,0,FM,0.8476273291412305,0.15005679696720597,0.0023158738915634693,0.8476273291412305,0.6975705321740245,0.39940972504470584,True,False,753.2778648230048,329.4425611796375,16.56656152896926,6.1233370304100845,753.2778648230048,0.0,16.56656152896926,,638.4989046611324,49.4350955152892,687.9340001764216,14.072300362949646,0.1,True,2425.4838732404523,0.002425483873240452,0.0020261184109288885,Easy-Axis (Uniaxial),7553.482328477297,7.553482328477298,94.91986021266192,0.3771844464595315,Soft Magnet,63.3140610311105,0.04121293392772429,285.4989567594534,0.3587685700652195,25.607013117925256,3.217872234179505,17.114277297451952,394.51876008496527,50.7124981480639,1.1975342793363095,0.15388267884567877,Semi-Hard (0.1 <= kappa < 1.0),605.0849795164195,47.966519684276086
mp-530048,Fe21O32,32,155,R32,trigonal,2,"Fe,O",53,570.0575742870437,4.907492045547028,0,0,1,Fe21O32,0.0,-2.5,2.5,1.3495603125254327,0,FM,0.8482816072115051,0.14940302293633595,0.002315369852158767,0.8482816072115051,0.6988785842751692,0.39837513249868894,True,False,773.2429279834894,213.14585116372393,24.742432000337203,13.12303125868037,773.2429279834894,0.0,24.742432000337203,,655.9277537147645,31.844634490198697,687.7723882049632,21.079925600321904,0.1,True,4348.767818899134,0.004348767818899134,0.0014334845197460297,Easy-Axis (Uniaxial),6040.919051712483,6.040919051712484,75.9124291299093,2.1831180584951833,Soft Magnet,63.606054507659785,1.441775418665749,312.14620654497105,0.3922544917310413,30.610187898517566,3.8465897318069504,8.00083380719784,395.14841884332134,83.8833016769592,1.8538874516482875,0.18846040376015138,Semi-Hard (0.1 <= kappa < 1.0),605.9519998736262,29.883804018859824
mp-1195927,Fe13O19,2/m,12,C2/m,monoclinic,2,"Fe,O",32,312.89014415291206,5.466172184446744,1,0,0,Fe13O19,0.0,-2.5,2.5,1.5031973507228549,0,FM,0.8118097746568904,0.1859876642458095,0.0022025610972999225,0.8118097746568904,0.6258221104110809,0.4510912131218698,True,False,791.177002246593,243.22766906497304,30.087018705595767,18.5713678194531,791.177002246593,0.0,30.087018705595767,,642.2852239075207,45.237346049347074,687.5225699568678,24.667953332454918,0.1,True,5212.110178050609,0.005212110178050609,0.0017922105541019,Easy-Axis (Uniaxial),3824.12992257715,3.82412992257715,48.05543481813571,1.8777922609387214,Soft Magnet,62.391343412642854,4.471250453690377,341.04182591245296,0.42856579794136457,36.53971556338759,4.5917161683310095,22.658288263814477,388.570897563214,97.79439562747419,1.5975604217109676,0.18884009792911408,Semi-Hard (0.1 <= kappa < 1.0),583.7417294622915,41.3936614851718
mp-758206,Fe35SiO48,m,8,Cm,monoclinic,3,"Fe,O,Si",84,943.1098592891576,4.8430533909405655,0,1,0,Fe35SiO48,0.0,-2.5,2.5,1.3318396825086556,0,FM,0.848610580120069,0.1490391190087645,0.0023503008711665712,0.848610580120069,0.6995714611113044,0.3979869226473949,True,False,767.1306874388445,238.4935149702693,4.374338553950508,22.81347478335563,767.1306874388445,0.0,4.374338553950508,,650.9952176953851,35.54486336047252,686.5400810558576,5.033929056330059,0.1,True,1947.0678818546462,0.0019470678818546462,0.0002523009276976925,Easy-Axis (Uniaxial),3024.8226886023845,3.0248226886023843,38.011043686138606,0.192819262257929,Soft Magnet,59.506672440864136,0.27403469789945234,288.19399174831653,0.36215525091409145,26.092741848386293,3.2789107078154522,10.135070484233484,357.0746281651677,39.559467337783275,1.4972089627245453,0.13658427193766717,Semi-Hard (0.1 <= kappa < 1.0),641.6393912721351,31.905488117388987
mp-705834,BaFe15O23,-3m,166,R-3m,trigonal,3,"Ba,Fe,O",78,851.7717648822385,5.236342567675663,1,0,0,BaFe15O23,0.0,-2.5,2.5,1.4399942061108075,0,FM,0.8915441954551548,0.10648520690075036,0.001970597644094697,0.8915441954551548,0.7850589885544045,0.3214285436447886,True,False,745.5000732014075,205.53612197582294,12.429163095643105,11.312425059976775,745.5000732014075,0.0,12.429163095643105,,664.6462629741079,21.886556474173368,686.5328194482813,11.146430869678566,0.1,True,16109.192325043407,0.016109192325043407,0.0098252047037628,Easy-Axis (Uniaxial),20742.461166108067,20.74246116610807,260.65745953104647,1.741943424259942,Hard Magnet,72.53427347242052,1.4114894905636959,379.8143037990632,0.4772887306173835,34.237993937798095,4.3024732927294735,35.44213324194331,477.4318942449857,0.9416788141537609,2.322861255021371,0.29809907952734865,Semi-Hard (0.1 <= kappa < 1.0),638.2050795661238,20.71487889835282
mp-1095382,Fe5O7,2/m,12,C2/m,monoclinic,2,"Fe,O",12,121.72601544467996,5.336882346809207,1,0,0,Fe5O7,0.0,-2.5,2.5,1.4676426453725322,0,FM,0.8027173299557038,0.19527326942386097,0.002009400620435178,0.8027173299557038,0.6074440605318427,0.4622450607859112,True,False,794.0546540306495,251.37394432143597,10.899197165043631,20.506734970097995,794.0546540306495,0.0,10.899197165043631,,637.4014317223831,49.086611955618395,686.4880436780015,9.621845501152613,0.1,True,3087.782004469105,0.0030877820044691046,0.0007070749639496276,Easy-Axis (Uniaxial),3934.2790659637803,3.9342790659637803,49.439609803676596,0.9141706903346094,Soft Magnet,58.24412879275335,3.1774747097390375,310.84206275932723,0.3906156563165599,30.354944088881975,3.8145148480948157,20.510841011318465,386.19820772240115,90.78740470401044,1.5363493967718596,0.15946985583239948,Semi-Hard (0.1 <= kappa < 1.0),615.0560415091836,44.52164416862354
mp-1219360,Sm4TiFe33N4,1,1,P1,triclinic,4,"Fe,N,Sm,Ti",42,546.4384362518106,7.743629643955922,0,1,1,Sm4TiFe33N4,0.0,-0.6,0.5,2.129498152087878,0,FM,0.906646363784843,0.09131606030183226,0.002037575913324778,0.906646363784843,0.8153303034830107,0.29131037977499985,True,False,729.2263090824013,253.04285867386375,0.07508868334565477,30.831147658819347,729.2263090824013,0.0,0.07508868334565477,,661.1503815058011,23.106876941610558,684.2572584474117,2.8162019286804885,1.0428571428571427,False,30163.177807433465,0.030163177807433467,0.007997370241030656,Easy-Axis (Uniaxial),290224.5553900092,290.2245553900092,3647.069395269907,38.008818175177595,Hard Magnet,135.04423730007437,9.36964402130689,1045.732559202274,1.3141062902438068,131.82525213180043,16.565650068015536,5.652715586830171,106.35412351993179,40.8625610359937,0.42030082997523804,0.14815386474320028,Semi-Hard (0.1 <= kappa < 1.0),660.9849398763124,20.020588361639778
mp-1184230,Fe3Ag,m-3m,221,Pm-3m,cubic,2,"Ag,Fe",4,53.83921477294899,8.4941389883599,1,0,0,Fe3Ag,0.0,-0.2,0.0,2.3358882217989727,0,FM,0.9208602603448941,0.07657051410528137,0.0025692255498246247,0.9208602603448941,0.8442897462396127,0.2621458396057201,True,False,725.3556765598312,210.92541779708336,14.723196382680214,13.041535458642173,725.3556765598312,0.0,14.723196382680214,,667.9512171595329,16.150667678593937,684.1018848381268,13.594731888721403,2.075,False,109.67030224495022,0.00010967030224495022,0.00024090389355131282,Easy-Axis (Uniaxial),5604.659711437445,5.604659711437446,70.43023246953497,0.9710314607996575,Soft Magnet,100.78243136033026,6.615040472826898,856.0599795594868,1.0757566971265249,138.14975784174274,17.360410910492973,10.691619170047822,266.7911234095146,15.933305746251762,1.264859997414706,0.010912779842884074,Soft / Non-Viable,636.703514234159,15.161989556472449
mp-1194407,Co22B6Sb,m-3m,225,Fm-3m,cubic,3,"B,Co,Sb",29,292.1508447302998,8.430025136956287,1,0,0,Co22B6Sb,0.0,-0.6,0.5,1.7913803416032108,0,FM,0.9251129734364028,0.07260949617738043,0.0022775303862168144,0.9251129734364028,0.8525034772590223,0.25149750442461005,True,False,726.2472432911097,164.76776858072034,33.96796313443673,1.7425002509807825,726.2472432911097,0.0,33.96796313443673,,671.8607466910291,11.963704662917316,683.8244513539464,31.42445808131512,6.193103448275862,True,417.4960626340482,0.0004174960626340482,0.00048664001096548106,Easy-Axis (Uniaxial),532.249044346506,0.532249044346506,6.6884388803326615,0.18797251999456985,Soft Magnet,85.98026781925486,4.8264426778168925,724.8158189985522,0.9108304208686083,87.72310306972629,11.023610460313238,2.706647456837585,429.531353941642,90.43534185758756,2.606889427717248,0.025147429357334654,Soft / Non-Viable,603.5256259780006,11.86037116426503
mp-1220480,NbAlCo4,-3m,164,P-3m1,trigonal,3,"Al,Co,Nb",12,148.24025049958462,7.967094790406853,1,0,0,NbAlCo4,0.0,-0.2,0.0,1.6930076429614562,0,FM,0.9228865287202873,0.07477211234547514,0.002341358934237559,0.9228865287202873,0.8481144163748122,0.2568236943860319,True,False,726.5909641614317,176.84405909604888,34.51137950290365,18.321990415983038,726.5909641614317,0.0,34.51137950290365,,670.5610127144704,13.223003854359611,683.78401656883,31.879537091460538,6.183333333333333,True,385.4407212663988,0.0003854407212663988,3.88774707738101e-05,Easy-Axis (Uniaxial),1269.3018264901746,1.2693018264901745,15.95051748302848,0.05624388641579218,Soft Magnet,65.73716921449359,12.378219914102786,523.7342583848856,0.658143879430102,68.5270823809064,8.611367310484539,8.215868896783393,341.67646960312834,51.437862592154005,1.9320777375820946,0.03343973929126532,Soft / Non-Viable,601.3795528070965,12.113304600388595
mp-1217723,Tb2Fe17N2,2/m,12,C2/m,monoclinic,3,"Fe,N,Tb",21,266.42317512824724,8.072790674898217,1,0,0,Tb2Fe17N2,0.0,-0.6,0.5,2.22001743559701,0,FM,0.928634946172495,0.06949773765520477,0.0018673161723002738,0.928634946172495,0.8591372085172903,0.24194301147529934,True,False,722.1895037755626,185.80582958837974,6.338115397931403,7.95201486295079,722.1895037755626,0.0,6.338115397931403,,670.6504109649604,12.913084799540899,683.5634957645013,5.911683926727498,1.0428571428571427,False,55675.616526242266,0.05567561652624226,0.019660889841438274,Easy-Axis (Uniaxial),90548.61130602547,90.54861130602548,1137.8674303923644,51.809890033990385,Hard Magnet,116.76840674601203,13.37504426179931,942.6469051019279,1.1845650367989486,145.58125736270188,18.29428070064327,4.4430105410517555,269.52575259614383,159.5543649130407,1.450577482919836,0.22329476397879938,Semi-Hard (0.1 <= kappa < 1.0),656.7746982060552,12.419292795072142
mp-1219351,Sm4Fe31(CoC2)3,1,1,P1,triclinic,4,"C,Co,Fe,Sm",44,544.2978314930428,7.875613939345268,0,1,1,Sm4Fe31(CoC2)3,0.0,-0.2,0.0,3.8393617954308175,0,FM,0.9294823044392384,0.06862119154064443,0.0018965040201172163,0.9294823044392384,0.860861112898594,0.24003395948025305,True,False,717.4702557254607,227.82942716475938,2.304653351996194,14.593910356039686,717.4702557254607,0.0,2.304653351996194,,666.8759066583109,15.633926760068253,682.5098334183791,2.364666021946814,1.5386363636363636,False,69428.93759891846,0.06942893759891847,0.013278462994626865,Easy-Axis (Uniaxial),269037.54150545754,269.03754150545757,3380.8255214127507,10.822138708927032,Hard Magnet,87.25398411696817,4.69257404335174,687.1786935750051,0.863534214175467,116.19345592076984,14.601300584294755,16.11114004739847,402.6073450765316,27.736760057516136,1.767143735937931,0.34205476315706607,Semi-Hard (0.1 <= kappa < 1.0),661.7919035620832,14.570708678666136
mp-1105860,Fe2NiB,mmm,62,Pnma,orthorhombic,3,"B,Fe,Ni",16,155.42881044853692,7.743233172826491,1,0,0,Fe2NiB,0.0108525808550098,-0.194573709572495,0.0,2.710131610489272,0,FM,0.9294460625873281,0.0685345201391447,0.0020194172735272554,0.9294460625873281,0.8609115424481834,0.24051782195706997,True,False,720.0270122670707,185.9075239774445,15.443167124718684,15.7058759700367,720.0270122670707,0.0,15.443167124718684,,669.2262715081467,12.741082946050696,681.9673544541974,14.393894420326589,1.075,True,462.78292088851924,0.00046278292088851926,0.0005938368621264717,Easy-Axis (Uniaxial),458.75296148306654,0.45875296148306655,5.764859846424704,0.03961831943710219,Soft Magnet,71.85000957715445,5.537593974723315,556.3513776257234,0.6991317603054135,97.24072949695348,12.219630694083826,13.773641868186715,542.5763775159564,28.222974681738776,2.9185283409066614,0.034493285385653154,Soft / Non-Viable,636.4629270066426,11.813385137288087
mp-1220669,Nb3AlCo8,3m,160,R3m,trigonal,3,"Al,Co,Nb",12,150.72016268692877,8.562324238738514,0,1,0,Nb3AlCo8,0.0,-0.2,0.0,1.8194939007319344,0,FM,0.9312976984753781,0.06532089047018763,0.0033814110544342604,0.9312976984753781,0.8659768080051905,0.24007475603700704,True,False,719.3282611009777,178.73290099396758,18.946212402115066,14.802101772223395,719.3282611009777,0.0,18.946212402115066,,669.9087540116363,11.674992249245847,681.5837462608822,17.671035860036714,6.591666666666667,True,811.1754647219939,0.0008111754647219939,0.0006724063139356662,Easy-Axis (Uniaxial),1791.973322529166,1.7919733225291659,22.518601339413856,0.6280046590506629,Soft Magnet,65.20806205277596,10.794105145225796,558.3325702756487,0.7016214004151539,67.06789341860932,8.428000213956201,12.137099634538286,331.2135045744454,68.82576885283049,1.8531199501183286,0.04550504079098065,Soft / Non-Viable,630.1144782058499,10.870463699304054
mp-1225456,ErTiFe11N,mm2,44,Imm2,orthorhombic,4,"Er,Fe,N,Ti",14,175.96598449502025,7.959178313232302,0,1,0,ErTiFe11N,0.0,-0.6,0.5,2.188774036138883,0,FM,0.9290146338329418,0.06911755583871912,0.0018678103283391056,0.9290146338329418,0.8598970779942227,0.24104766134879765,True,False,718.1747603902401,199.18075406733146,1.96756034433065,0.8896557656449744,718.1747603902401,0.0,1.96756034433065,,667.1948620519996,13.766886891246962,680.9617489432466,1.828926345146537,0.807142857142857,False,17313.185791655073,0.017313185791655073,0.009607091268208849,Easy-Axis (Uniaxial),99919.864889016,99.919864889016,1255.6300783251338,10.243091839740798,Hard Magnet,120.4364897135323,11.30077683797682,958.5754970497715,1.2045814957770986,84.02038486123257,10.558313158389248,1.352535698132194,120.93935493949888,43.15797144232803,0.6071839395618329,0.12244956294127692,Semi-Hard (0.1 <= kappa < 1.0),662.8475535165471,13.705919141309312
mp-1229206,BaCa(Fe12O19)2,-6m2,187,P-6m2,hexagonal,4,"Ba,Ca,Fe,O",64,729.7136310587729,4.837164855074692,0,0,0,BaCa(Fe12O19)2,0.0,-2.5,2.5,1.3302203351455406,0,FM,0.902395155623766,0.09551453661703443,0.0020903077591994004,0.902395155623766,0.8068806190067316,0.3002790750169218,True,False,732.0495880625958,209.75101159017277,2.688494115734386,1.8672455385538884,732.0495880625958,0.0,2.688494115734386,,660.59800194406,20.03427067698957,680.6322726210495,2.432630735204338,0.1,True,119449.90924201954,0.11944990924201954,0.019598006255472724,Easy-Axis (Uniaxial),69006.47560277818,69.00647560277818,867.1609640615387,3.2645903206756706,Hard Magnet,74.25140316026875,4.780032446065768,359.16627780683393,0.4513416559100561,40.420567121520776,5.0793983675933365,55.38361013221589,594.0763666489356,28.82926186512549,2.832293213487268,0.858405370612352,Semi-Hard (0.1 <= kappa < 1.0),654.730537948506,19.848956301494983
mp-1219088,SmCo3Ni2,6/mmm,191,P6/mmm,hexagonal,3,"Co,Ni,Sm",6,84.79182711515486,8.70587019238456,1,0,0,SmCo3Ni2,0.0,-0.2,0.0,2.502937680310561,0,FM,0.9287007040830607,0.06932918914573967,0.0019701067711994876,0.9287007040830607,0.859371514937321,0.24212352509033597,True,False,718.0136770062959,184.64168717736607,2.348191308401283,1.5092959143056106,718.0136770062959,0.0,2.348191308401283,,666.8198073770143,12.801058454508107,679.6208658315223,2.18327587159257,7.0,False,18720.830905553707,0.018720830905553706,0.012992346828689353,Easy-Axis (Uniaxial),231911.9832105205,231.9119832105205,2914.291987550251,47.759369078847946,Hard Magnet,50.45707439453729,2.8268370340892126,439.27273996633244,0.5520064051201958,60.62034151402844,7.617776930333226,0.31620675736817916,278.4879968355157,4.752084804198461,1.5082617641378093,0.277858300634039,Semi-Hard (0.1 <= kappa < 1.0),661.6409423433704,12.70517908012732
mp-1223858,HoCo4Cu,-6m2,187,P-6m2,hexagonal,3,"Co,Cu,Ho",6,82.96526138978382,9.291085615661189,0,0,0,HoCo4Cu,0.0,-0.2,0.0,1.9743556933280024,0,FM,0.9273646094377439,0.07055096078676963,0.00208442977548655,0.9273646094377439,0.8568136486509743,0.24563633782070984,True,False,718.511308819762,162.56559879053594,24.985969488896956,5.073065253188517,718.511308819762,0.0,24.985969488896956,,666.3219592802408,11.469159185548826,677.7911184657896,23.173867875329638,7.333333333333333,False,1963.6398741043688,0.001963639874104369,0.0010937478463485656,Easy-Axis (Uniaxial),71343.65139253561,71.3436513925356,896.5307817971042,12.300378040179606,Hard Magnet,54.01326464798399,0.7851227853551102,501.841866225785,0.6306330880794871,79.11952145638492,9.942452487668294,12.858709456317564,262.79976479311745,54.87843986052461,1.6165767342433386,0.07876968334811243,Soft / Non-Viable,615.0929780090141,11.185436928432024
mp-1225378,Fe7(CoO6)2,2/m,15,C2/c,monoclinic,3,"Co,Fe,O",42,465.8810021136003,4.995537125173521,1,0,0,Fe7(CoO6)2,0.0,-2.5,2.5,2.435324348522092,0,FM,0.7513411739335877,0.2460024896234481,0.002656336442964057,0.7513411739335877,0.5053386843101396,0.5238940816843531,False,True,803.5829773570754,300.79647382604406,15.654015393335044,59.29451780083433,803.5829773570754,0.0,15.654015393335044,,603.7649775605126,73.99668143116118,677.7616589916738,18.73771333138205,0.8523809523809524,True,2437.4529410177747,0.0024374529410177747,0.0015832241535207166,Easy-Axis (Uniaxial),15041.786741051137,15.041786741051137,189.0206705622978,1.9566634193895127,Hard Magnet,69.89468317153593,0.5635058942921063,349.16148463564866,0.4387692620191437,38.30033173477303,4.812961725821772,6.6499425757038875,390.0518766583857,38.13439115512233,1.2967302166047319,0.12613536155144814,Semi-Hard (0.1 <= kappa < 1.0),573.8228707227094,57.075392151559846
mp-1223872,HoCo4Ni,-6m2,187,P-6m2,hexagonal,3,"Co,Ho,Ni",6,82.13598130193382,9.286787626099631,0,0,0,HoCo4Ni,0.0,-0.2,0.0,2.669951442503644,0,FM,0.9281987830706308,0.06990194747953682,0.0018992694498323505,0.9281987830706308,0.8582968355910939,0.24307602217142316,True,False,718.0562127941974,157.71855868068843,10.866101466576652,3.607480788991552,718.0562127941974,0.0,10.866101466576652,,666.49890289188,11.024834405445729,677.5237372973257,10.089054069418406,7.666666666666666,False,507.9665727377774,0.0005079665727377774,0.0003783757213969402,Easy-Axis (Uniaxial),39213.52159049129,39.21352159049129,492.77165497333965,12.414236633630814,Hard Magnet,51.05859399981856,0.7172018916126532,474.1703189635599,0.5958599962424995,70.6347811189829,8.876228550490849,8.04592136452302,314.1148141603105,38.69101254994848,1.9916160582994964,0.04240121188362992,Soft / Non-Viable,643.2019120909584,10.829498368845599
mp-1222983,LaFe4(BiO4)3,m,6,Pm,monoclinic,4,"Bi,Fe,La,O",20,249.38910406058991,7.8650632564421565,0,1,0,LaFe4(BiO4)3,0.0,-2.5,2.5,2.162892395521593,0,FM,0.5156992813699828,0.48152008557214415,0.002780633057873057,0.5156992813699828,0.034179195797838624,0.6460649948685866,False,True,832.7876629888847,509.3492692596261,202.23505762101462,6.951015299928116,832.7876629888847,0.0,202.23505762101462,,429.4679993371552,245.26190372000426,674.7299030571595,104.34616847609918,1.03,False,253.43328660639804,0.000253433286606398,0.00015242995926554348,Easy-Axis (Uniaxial),46255.22243750837,46.255222437508365,581.2602792914673,11.500240519318425,Hard Magnet,45.978699123399664,1.7328957691254345,361.6253770544599,0.454431851162372,41.08352238053724,5.1627077840671785,5.070458702192015,68.52228991598409,4.166248922575015,0.13452908259903054,0.03927064156068875,Soft / Non-Viable,256.5340627781688,237.02411255586574
mp-1184006,GaCo3,4/mmm,139,I4/mmm,tetragonal,2,"Co,Ga",4,44.66659445491001,9.164799527684885,1,0,0,GaCo3,0.0,-0.2,0.0,1.9475198996330376,0,FM,0.9255152167140206,0.07225384369156267,0.002230939594416778,0.9255152167140206,0.853261373022458,0.25041762025544295,True,False,708.3491835218072,234.73172642046688,23.917732803879915,25.42612423547304,708.3491835218072,0.0,23.917732803879915,,655.5879480963849,16.960269470235065,672.54821756662,22.21232883344027,7.5,True,79.60978925275329,7.960978925275328e-05,0.00014456001708215336,Easy-Axis (Uniaxial),2432.7695184820304,2.4327695184820306,30.571083982464263,1.0020699067239331,Soft Magnet,55.81500573495005,0.416515209968761,511.5333381973993,0.6428117509388851,48.97152339337567,6.153943244661544,0.4949018817396179,468.62147652949227,44.66459801708757,1.996413027227801,0.015559812590039872,Soft / Non-Viable,607.1800476202878,15.047297226757001
mp-760104,InFe29O40,-4,82,I-4,tetragonal,3,"Fe,In,O",70,801.3418033294275,4.920018192507669,0,0,0,InFe29O40,0.0,-2.5,2.5,1.353005002939609,0,FM,0.8672791674125322,0.1304096417934355,0.0023111907940322938,0.8672791674125322,0.7368695256190967,0.3669891179934839,True,False,739.7166708864256,234.4431881872749,2.945043539754977,11.104552691766798,739.7166708864256,0.0,2.945043539754977,,641.5408584475493,30.57365219241351,672.1145106399629,2.9361405051433684,0.19857142857142857,True,852.2332008311038,0.0008522332008311038,7.704644693842725e-05,Easy-Axis (Uniaxial),4697.250938338794,4.697250938338795,59.02739730653405,1.583955136562664,Soft Magnet,69.99044083895653,3.504043557076514,344.3542422292979,0.4327283030480169,37.252956721817455,4.681344697414664,4.678846962516291,389.21845772971164,12.061429038515996,1.660182412375322,0.07562560378014431,Soft / Non-Viable,635.3041967131848,28.965412448545358
mp-1219270,Sm2V(Fe8N)2,m,8,Cm,monoclinic,4,"Fe,N,Sm,V",21,271.8776077284104,7.776255983213014,0,1,0,Sm2V(Fe8N)2,0.0,-0.6,0.5,2.138470395383579,0,FM,0.9230041292899874,0.07506900004506656,0.0019268706649459104,0.9230041292899874,0.8479351292449209,0.2552117789817506,True,False,709.6640040868847,222.6051475989246,10.621536413577871,26.10599580198624,709.6640040868847,0.0,10.621536413577871,,655.0228061806611,16.710745835135718,671.7335520157968,9.997679152196666,1.2285714285714284,False,3731.6474111772086,0.0037316474111772084,0.0013801077879041193,Easy-Axis (Uniaxial),242629.2571463888,242.6292571463888,3048.9692264203522,52.378403264666254,Hard Magnet,121.38856977399956,0.7901734348535356,943.9485919987345,1.1862007847958613,133.1143657988408,16.72764487220325,4.400373384652414,264.0219214445536,195.2131754762938,1.1860548791991596,0.057729397651280025,Soft / Non-Viable,632.6246535351585,14.78133808514327
mp-1217307,ThFeCo4,-6m2,187,P-6m2,hexagonal,3,"Co,Fe,Th",6,86.81651772373607,10.015197363619228,0,0,0,ThFeCo4,0.0,-0.2,0.0,4.882408714764374,0,FM,0.9276624442746474,0.07037632052564545,0.0019612351997070738,0.9276624442746474,0.8572861237490019,0.24453943022861618,True,False,705.73227270856,230.35047276344028,4.971326969538779,2.326485612254885,705.73227270856,0.0,4.971326969538779,,654.6813251043249,16.211218704433836,670.8925438087587,4.614618853872189,5.366666666666666,False,1558.251355925534,0.001558251355925534,0.00220255752922795,Easy-Axis (Uniaxial),19877.03962665615,19.877039626656153,249.78225151737232,13.575366219912597,Hard Magnet,78.4071682686736,2.0804106714378605,785.263264933269,0.9867909216993174,72.47464760081425,9.107432995898744,1.9421013532906402,344.2035791781352,14.597636269412192,1.4942603548793973,0.04484340105527641,Soft / Non-Viable,644.009387646186,16.02481124048341
mp-1220600,NbVCo6,3m,160,R3m,trigonal,3,"Co,Nb,V",24,278.47703119812604,8.898725949031435,0,1,0,NbVCo6,0.0,-0.2,0.0,1.89097926416918,0,FM,0.9421016642343615,0.04768065586763275,0.010217679898005861,0.9421016642343615,0.8944210083667288,0.2258542096197775,True,False,699.4580883488651,247.38653115405316,31.869934047510128,26.298537980149945,699.4580883488651,0.0,31.869934047510128,,658.9606290956508,11.795552058243818,670.7561811538947,30.0508906622065,7.125,True,486.8045898413844,0.0004868045898413844,0.0007132856653050127,Easy-Axis (Uniaxial),3677.7384620212347,3.6777384620212348,46.215825434274734,1.0077093477643395,Soft Magnet,81.51986574752321,5.439257249866742,725.4229446890437,0.9115933575122298,70.54400264329358,8.864820990576048,2.5278562193776555,239.35546045651228,18.68267147461343,0.9675363462187044,0.027131956507431863,Soft / Non-Viable,595.6797180078217,10.424770892049226
mp-1215526,ZnFe3,mmm,65,Cmmm,orthorhombic,2,"Fe,Zn",4,48.51882375610379,7.97242354462145,1,0,0,ZnFe3,0.0,-0.2,0.0,2.192416474770899,0,FM,0.9267991213970872,0.07065025530065279,0.0025506233022599997,0.9267991213970872,0.8561488660964344,0.24841228521968262,True,False,707.4792982398083,202.74528539913442,34.48020994101847,14.67169943529234,707.4792982398083,0.0,34.48020994101847,,655.6911920152821,14.32400617445256,670.0151981897346,31.973035217499163,0.45,True,159.65252419705803,0.00015965252419705803,0.000254696428461833,Easy-Axis (Uniaxial),15752.9826136517,15.7529826136517,197.95782165042064,9.478336903664578,Hard Magnet,83.55586785019212,4.390262741320825,666.1427681401501,0.8370996906524257,139.40697628511757,17.51839764258873,31.149182743337036,261.9953421546622,47.9432292712189,1.292238888015991,0.01692059557078116,Soft / Non-Viable,588.0986430834624,13.345034498848966
mp-771267,LiZnFe7O12,m,8,Cm,monoclinic,4,"Fe,Li,O,Zn",42,466.8859836332186,4.661014531416535,0,1,0,LiZnFe7O12,0.0,-2.5,2.5,1.2817789961395474,0,FM,0.8199681458728716,0.17790564962939087,0.0021262044977374776,0.8199681458728716,0.6420624962434807,0.4396393306952331,True,False,721.477108280912,428.5711593188371,5.438245229062375,20.163456408554765,721.477108280912,0.0,5.438245229062375,,591.5882467668205,76.24523051103888,667.8334772778594,5.72296327183384,0.4476190476190476,True,62.590584275218134,6.259058427521813e-05,5.774344012285194e-05,Easy-Axis (Uniaxial),1114.971012132945,1.1149710121329448,14.011139234923464,0.5723636048732539,Soft Magnet,47.634089544582885,0.3495919527659126,222.0231835580973,0.27900256095709464,15.486259201139061,1.9460607633214604,13.394485491205668,393.03270414687563,19.852221978489013,0.917076885835142,0.03178712466532374,Soft / Non-Viable,581.0551782634433,69.26238509768987
mp-1101695,NaFe12O19,6/mmm,194,P6_3/mmc,hexagonal,3,"Fe,Na,O",64,721.4614596191112,4.5899998855139925,1,0,0,NaFe12O19,0.0023082201164582,-2.4988458899417707,2.5,1.262249968516348,0,FM,0.866965148589252,0.13091126605814504,0.0021235853526030716,0.866965148589252,0.7360538825311069,0.36683393911534784,True,False,713.7544933205722,367.30907014379875,13.170551620544359,12.781442557179048,713.7544933205722,0.0,13.170551620544359,,618.8002703579161,48.084895407164694,666.8851657650808,11.540354605511013,0.1,True,1396.0002890078351,0.0013960002890078351,0.0016891773129726333,Easy-Axis (Uniaxial),8446.211820873232,8.446211820873232,106.13823009041668,0.08355730862633196,Soft Magnet,66.86062920874284,5.944043700169654,306.8902804135231,0.3856497001620943,29.58803615603406,3.718142353110002,27.1060900304497,442.7723153422945,11.325102376036057,1.205448902116554,0.10860621739236022,Semi-Hard (0.1 <= kappa < 1.0),592.7763007944219,45.19651227972404
mp-1183774,Co3Sn,6/mmm,194,P6_3/mmc,hexagonal,2,"Co,Sn",8,103.68638519246356,9.46518118501256,1,0,0,Co3Sn,0.0,-0.2,0.0,2.011351001815169,0,FM,0.9128384897732177,0.08432187891943765,0.002839631307344695,0.9128384897732177,0.82851661085378,0.28075140722527714,True,False,709.3570996051631,226.61299647021528,53.95602850265453,10.536434468077374,709.3570996051631,0.0,53.95602850265453,,647.528463513487,19.108433649932444,666.6368971634195,49.26115208377254,6.5,True,19.16791290852125,1.916791290852125e-05,3.7472950136781735e-05,Easy-Axis (Uniaxial),8971.217381729592,8.971217381729591,112.73564467090486,2.8118107421448455,Soft Magnet,45.68297432796689,10.834629102600243,432.397629084484,0.5433668859845836,58.737638305688264,7.381189463008596,5.90509990314051,439.0276818803626,11.861514218168395,1.9373455570456035,0.009032317134607015,Soft / Non-Viable,548.8211060447844,18.15213950802398
mp-1226072,Co4H,-3m,164,P-3m1,trigonal,2,"Co,H",5,44.41484422082324,8.851032164150721,1,0,0,Co4H,0.0,-0.2,0.0,1.8808443348820283,0,FM,0.9191348373046537,0.07860225644858182,0.002262906246764547,0.9191348373046537,0.840532580856072,0.2650623268594921,True,False,705.0998403812634,235.37837392059978,37.368788198361074,22.249795901107547,705.0998403812634,0.0,37.368788198361074,,648.08182707237,18.50127130935717,666.5830983817272,34.39145123104408,6.42,True,117.61001393836189,0.00011761001393836189,3.858639639291523e-06,Easy-Axis (Uniaxial),6111.074341665231,6.111074341665232,76.7940265211401,2.3380772751984154,Soft Magnet,83.43873662786558,6.580452636793531,738.5189416293391,0.9280502726238564,101.23211963360491,12.721203581064453,7.122981098594285,347.8496660883479,37.572391933668314,1.4778318852932855,0.013099525966027918,Soft / Non-Viable,576.2967853665116,16.649078334892607
mp-1235046,LiFe8(O7F)2,1,1,P1,triclinic,4,"F,Fe,Li,O",25,266.05262696447426,4.466899027078778,0,1,1,LiFe8(O7F)2,0.0030960449650118,-2.4984519775174943,2.5,1.228397232446664,0,FM,0.7679105578612104,0.22961450082273163,0.002474941316057981,0.7679105578612104,0.5382960570384788,0.5056277980980519,False,True,760.438901186498,358.8584259961074,6.269471938616391,16.57011312509377,760.438901186498,0.0,6.269471938616391,,583.9490608294896,82.39909835112739,666.3481591806169,6.136319729246624,0.336,True,199.11981360654877,0.00019911981360654877,0.00021496490314871057,Easy-Axis (Uniaxial),10635.874611430492,10.635874611430491,133.65434477158536,0.37312105185917166,Hard Magnet,45.617354433424936,3.556535260825438,203.76811613657364,0.2560625666761966,13.044346706176087,1.6392009831647183,10.749837191486996,216.6182386907065,50.50997136171618,0.6036314685643084,0.061775472542512616,Soft / Non-Viable,571.9953645394928,76.09461634582293
mp-1191158,Nd5Co19,-3m,166,R-3m,trigonal,2,"Co,Nd",24,355.3801811831033,8.601925841898838,1,0,0,Nd5Co19,0.0,-0.2,0.0,7.2041128925902775,0,FM,0.9266456487785071,0.07147432111006691,0.0018800301114259583,0.9266456487785071,0.8551713276684402,0.24665173394658127,True,False,707.1472303792175,148.24835096596948,1.1775140687880707,8.646059684590568,707.1472303792175,0.0,1.1775140687880707,,655.2749040766744,10.595950240979601,665.870854317654,1.2539821470763572,8.416666666666666,False,65046.70448117084,0.06504670448117084,0.0771855064411599,Easy-Axis (Uniaxial),165997.26288651122,165.9972628865112,2085.9831669254027,136.4395760874047,Hard Magnet,80.8752647203207,2.457984821022002,695.683029568136,0.8742210779673387,152.04519200815994,19.106562700241657,10.957825015371187,319.8877569195351,10.676608593898493,2.1577829016996324,0.32703656144588855,Semi-Hard (0.1 <= kappa < 1.0),652.7129750400405,10.15686589720166
mp-1221814,MnFe5O8,-3m,166,R-3m,trigonal,3,"Fe,Mn,O",14,159.8772396407425,4.800131798437879,1,0,0,MnFe5O8,0.0,-2.5,2.5,3.120085668984621,0,FM,0.8052500378949949,0.19281783998822744,0.0019321221167776606,0.8052500378949949,0.6124321979067675,0.4586451444805604,True,False,777.3807437565938,206.64385427573356,9.638460517293026,16.118881190128462,777.3807437565938,0.0,9.638460517293026,,625.9858733688366,39.844621628288984,665.8304949971256,8.360537537403523,0.1,True,156.42444754916764,0.00015642444754916763,0.00010015535802471665,Easy-Axis (Uniaxial),2645.181722259419,2.645181722259419,33.24033450999911,0.9163752887728555,Soft Magnet,51.52234463492907,1.988441252872942,247.31404481219826,0.31078399452463157,19.215311687194678,2.4146673282267805,16.318690462422932,370.5608188185908,25.019518873358038,1.7932341618257661,0.04511267736357577,Soft / Non-Viable,606.50011531808,36.872874233728865
mp-1226692,CeCo4Cu,-6m2,187,P-6m2,hexagonal,3,"Ce,Co,Cu",6,84.93060113448958,8.590922342750389,0,0,0,CeCo4Cu,0.0,-0.2,0.0,1.8255709978344576,0,FM,0.924659437608646,0.07267904513268357,0.002661517258670496,0.924659437608646,0.8519803924759625,0.25373004524948617,True,False,706.1300138900425,161.2389920996544,2.7120460739497503,5.3065202007167045,706.1300138900425,0.0,2.7120460739497503,,652.9297815221521,11.718695983959192,664.6484775061112,2.53720280928501,7.333333333333333,False,389.8358433727009,0.0003898358433727009,0.000649382839693695,Easy-Axis (Uniaxial),68056.08491040702,68.05608491040702,855.21800216075,0.4217763837555985,Hard Magnet,57.20930268881146,6.617402051660136,491.4806766824803,0.6176128332988081,75.88619330937053,9.536140481642672,3.1814462267765897,240.9605296133966,10.173388047040632,1.4944308847110008,0.03583682321531827,Soft / Non-Viable,647.0800782364446,11.415804985153397
mp-1225106,DyV2Fe10N,mmm,71,Immm,orthorhombic,4,"Dy,Fe,N,V",14,173.23605283806043,8.021453926638948,1,0,0,DyV2Fe10N,0.0,-0.6,0.5,8.22199027480492,0,FM,0.9261986596932077,0.07190348854848952,0.0018978517583027935,0.9261986596932077,0.8542951711447182,0.24775189304800496,True,False,700.956836302076,199.98946108715933,8.17645422395799,18.8935751639967,700.956836302076,0.0,8.17645422395799,,649.225282285774,14.379939925099151,663.6052222108732,7.693907095978962,1.364285714285714,False,1682.4816550057312,0.0016824816550057313,0.00044234467875788454,Easy-Axis (Uniaxial),106881.7672551185,106.88176725511849,1343.1159253381452,9.18598041104621,Hard Magnet,108.09930408293924,3.2608744566126546,867.1135872030306,1.0896470701539733,77.69946582593015,9.764003030748546,6.510338736588042,116.26316700668498,48.90335315262605,0.5813464688322512,0.042198231013405425,Soft / Non-Viable,632.0002129175992,13.138750111167578
mp-1220766,Nb2FeCo3,6/mmm,194,P6_3/mmc,hexagonal,3,"Co,Fe,Nb",12,153.37879471717184,9.06076712012707,1,0,0,Nb2FeCo3,0.0,-0.2,0.0,4.4171239710619465,0,FM,0.9083383403262415,0.08741343584539549,0.004248223828362945,0.9083383403262415,0.820924904480846,0.29451938157152086,True,False,708.0031150510291,226.23545697934583,17.51493320267764,3.1203184207068233,708.0031150510291,0.0,17.51493320267764,,643.1063744712608,19.77601860461778,662.8823930758786,15.911823311393134,5.683333333333334,True,30.341748317830323,3.0341748317830322e-05,8.771992354129978e-05,Easy-Axis (Uniaxial),2407.5957524897467,2.4075957524897467,30.254741103100496,0.15635520090237398,Soft Magnet,73.22972276459997,2.376460055922749,663.5174642415082,0.8338006364758601,82.4652425760304,10.362888211453619,3.2805386167903943,208.60534739094925,28.807486769235325,0.9220718545899456,0.0074056470600157055,Soft / Non-Viable,607.6309872903679,19.472220955913723
mp-1183698,Co3Ir,m-3m,221,Pm-3m,cubic,2,"Co,Ir",4,45.98125085866043,13.3264416480424,1,0,0,Co3Ir,0.0,-0.2,0.0,2.83186885020901,0,FM,0.8613313055865431,0.13426499522010676,0.00440369919335005,0.8613313055865431,0.7270663103664363,0.38417885487798,True,False,726.6944687330456,275.01154704881816,33.055066948900276,18.026834621451997,726.6944687330456,0.0,33.055066948900276,,625.9246955163535,36.924424049983735,662.8491195663372,28.574057660596008,8.25,False,13.671070927611034,1.3671070927611034e-05,4.8152211327702986e-05,Easy-Axis (Uniaxial),31073.48600579214,31.07348600579214,390.4809490147417,28.362113934745878,Hard Magnet,89.21928620896567,6.249166809947653,1188.975611543775,1.494110818609342,123.0800999554792,15.466701813400098,2.555839821710262,201.33672817265727,19.274745265536737,0.7321028165297996,0.002774108160139781,Soft / Non-Viable,563.8028881383636,33.871449002223585
mp-1342828,Fe9O13,2/m,12,C2/m,monoclinic,2,"Fe,O",22,260.120784210012,4.53625578766705,1,0,0,Fe9O13,0.0,-2.5,2.5,1.247470341608439,0,FM,0.7621729086090869,0.23577068334882778,0.0020564080420852364,0.7621729086090869,0.5264022252602591,0.510078875026323,False,True,793.0297023514981,245.21755642172633,24.885870102575154,20.561255176206387,793.0297023514981,0.0,24.885870102575154,,604.4257548546398,57.81511084668015,662.2408657013199,19.577038322826503,0.1,True,3835.545407769217,0.003835545407769217,0.0010236719168246614,Easy-Axis (Uniaxial),4444.200677116236,4.444200677116236,55.84747387817476,1.579863756873571,Soft Magnet,59.21092448230972,4.129169959614032,268.5958988759941,0.33752756107726806,22.66462966574271,2.8481214174995393,21.566432305525325,397.3924627028515,91.36619175383859,1.6205710084616212,0.2056881419327741,Semi-Hard (0.1 <= kappa < 1.0),558.1274630353789,52.42544598369433
mp-1225187,Fe6SiB,mm2,26,Pmc2_1,orthorhombic,3,"B,Fe,Si",16,175.52720382945068,7.075666565288034,0,1,0,Fe6SiB,0.0,-0.2,0.0,1.9458083054542092,0,FM,0.9325990641878027,0.06543460400068121,0.0019663318115160444,0.9325990641878027,0.8671644601871215,0.23279443951307444,True,False,699.4747567644021,147.25855652605628,20.974206899827436,0.1591465322892276,699.4747567644021,0.0,20.974206899827436,,652.3295035814723,9.635805331994423,661.9653089134667,19.560528498895792,0.1,True,17.951513647181514,1.7951513647181515e-05,1.7053808129911894e-05,Easy-Axis (Uniaxial),118.72727685077562,0.11872727685077562,1.4919709919249207,0.09077399663823761,Soft Magnet,132.7489806172009,4.848001918131672,939.2875237291978,1.1803435136624785,144.2086496019888,18.12179371899971,12.264068355992737,591.0714749996273,46.001308307931595,4.013834502683324,0.004023898811226098,Soft / Non-Viable,609.702732704367,9.628143903421368
mp-1096444,BeFeCo2,mmm,71,Immm,orthorhombic,3,"Be,Co,Fe",4,507.6451605190927,0.5977002318082865,1,0,0,BeFeCo2,0.0,-0.2,0.0,0.2913788630065397,0,FM,0.919516101393265,0.07819164808576656,0.002292250520968456,0.919516101393265,0.8413244533074984,0.2643024796709626,True,False,700.2849720151632,224.57516936267328,98.35021661517101,40.472868031626405,700.2849720151632,0.0,98.35021661517101,,643.9233073316746,17.559902611607573,661.4832099432821,90.48996202566907,4.05,True,846.9966120871346,0.0008469966120871346,2.1304501348737097e-05,Easy-Axis (Uniaxial),4767.63419514822,4.76763419514822,59.91185941382931,3.0109448221753343,Soft Magnet,86.21595741107798,5.766802417559575,51.531297730174664,0.06475613855162604,0.8342419638900708,0.10483393903953854,3.6996635943641203,438.06651810302833,46.46170012521887,1.9506453867817477,0.5038077280754694,Semi-Hard (0.1 <= kappa < 1.0),484.94260613424575,14.604477216363666
mp-1191346,Gd2Fe17C3,-3m,166,R-3m,trigonal,3,"C,Fe,Gd",22,270.33962571562614,7.984511757800516,1,0,0,Gd2Fe17C3,0.0,-0.2,0.0,9.182188521470591,0,FM,0.9282188450239048,0.06991011303161748,0.0018710419444777438,0.9282188450239048,0.8583087319922873,0.24293596134184092,True,False,693.7441443760902,231.24305006412158,10.954366151639306,4.476816020066721,693.7441443760902,0.0,10.954366151639306,,643.9463884348716,16.16622776775872,660.1126162026303,10.172864671052595,1.0,False,7454.3419646224875,0.0074543419646224875,0.0031872261492637615,Easy-Axis (Uniaxial),130377.52116225107,130.37752116225107,1638.3722825348816,14.351530058688375,Hard Magnet,84.31419192066205,8.12598421986742,673.2076567399754,0.8459776915018823,73.21045979555007,9.199897885111207,8.980941911650238,407.9832276842104,4.177475102286081,1.7643048194143798,0.11440649409711465,Semi-Hard (0.1 <= kappa < 1.0),621.2613089222675,15.812284328774188
mp-1191788,Sm2Co17H3,-3m,166,R-3m,trigonal,3,"Co,H,Sm",22,250.1387658246801,8.667242399312135,1,0,0,Sm2Co17H3,0.0,-0.2,0.0,1.8417890098538288,0,FM,0.9229440266523301,0.075081815087198,0.0019741582604718946,0.9229440266523301,0.8478622115651321,0.25550617201720066,True,False,699.2874853212018,172.73937193102233,21.298497341133327,12.577370994807154,699.2874853212018,0.0,21.298497341133327,,645.4032074899321,12.969585581603738,658.3727930715359,19.679990536183055,7.1045454545454545,False,72622.02148450351,0.0726220214845035,0.00978001453054889,Easy-Axis (Uniaxial),118437.21259491667,118.43721259491666,1488.3259369130064,18.944293555399014,Hard Magnet,60.1898023272132,1.9886359625168701,521.6796067366384,0.6555619280205742,85.4983222003214,10.744036245475183,2.0865224655232164,235.61970848717323,21.031992823752304,1.3640185549664963,0.4608136923658686,Semi-Hard (0.1 <= kappa < 1.0),602.6201922799714,12.20222596686508
mp-1201385,Ba3Fe26O41,6/mmm,194,P6_3/mmc,hexagonal,3,"Ba,Fe,O",140,1661.195118115374,5.037862430934868,1,0,0,Ba3Fe26O41,0.0,-2.5,2.5,1.3854121685070888,0,FM,0.8880175520763619,0.10982715936912792,0.0021552885545101496,0.8880175520763619,0.778190392707234,0.3288592905093235,True,False,715.619542042685,207.14783674500922,0.6510337101341861,1.5240226835073116,715.619542042685,0.0,0.6510337101341861,,635.4827139427523,22.75045847916422,658.2331724219165,0.6018715111007388,0.1,True,15190.230767488718,0.015190230767488717,0.006797428548722457,Easy-Axis (Uniaxial),13851.06377680843,13.85106377680843,174.05760420390885,2.1841738445121655,Hard Magnet,68.81131367603423,4.574993820586627,346.6619319917675,0.43562823152983254,31.93944914213904,4.01362962935854,31.394856748634414,467.53410253561935,0.8635272416311466,2.257006927429975,0.3171546627821505,Semi-Hard (0.1 <= kappa < 1.0),634.1066313000989,22.578408446018095
mp-1204905,Y2Al3Co14,6/mmm,194,P6_3/mmc,hexagonal,3,"Al,Co,Y",38,495.3983809218808,7.265777441256637,1,0,0,Y2Al3Co14,0.0,-0.2,0.0,1.5439777062670357,0,FM,0.923877219649864,0.07402197611629383,0.002100804233842128,0.923877219649864,0.8498552435335702,0.25378350406085,True,False,692.7659638315363,237.7420805883844,42.615698125363224,47.52393195113662,692.7659638315363,0.0,42.615698125363224,,640.030692532738,17.59813861115139,657.6288311438894,39.528516742685,6.963157894736842,False,2078.4897266954868,0.0020784897266954865,0.0007053636116996476,Easy-Axis (Uniaxial),1681.356939632925,1.681356939632925,21.128554848915467,0.7531222759503715,Soft Magnet,55.26089746911082,1.1394960029912582,401.5133822146614,0.5045565967534285,32.1124841081027,4.035373844896388,5.207495875399682,265.6941631929532,1.1430662365361854,1.117573138652571,0.10129056286310678,Semi-Hard (0.1 <= kappa < 1.0),560.4215125296599,14.21934313375841
mp-1101422,Sr2Fe23O38,3m,156,P3m1,trigonal,3,"Fe,O,Sr",63,727.3372490389442,4.7205299379003085,0,1,0,Sr2Fe23O38,0.0099847713313899,-2.495007614334305,2.5,1.298145732922585,0,FM,0.8785199381470717,0.11936470163258094,0.0021153602203473187,0.8785199381470717,0.7591552365144908,0.34637217686015354,True,False,715.1418539979743,201.35408317135227,2.452594270209147,12.25977971696014,715.1418539979743,0.0,2.452594270209147,,628.2663773406825,24.03457006025035,652.3009474009328,2.6046160777252076,0.1,True,28896.436462668,0.028896436462668,0.007393082746755708,Easy-Axis (Uniaxial),38910.596218271945,38.91059621827195,488.96498240358665,2.808984070680772,Hard Magnet,64.05539343199358,3.8413686776016363,302.3754023797085,0.3799761370969399,28.723859337343615,3.6095466892002994,18.993764088196,475.51494532486265,9.366755411530761,2.3615858086185395,0.5014997870061385,Semi-Hard (0.1 <= kappa < 1.0),623.1717524426921,22.646372376622157
mp-1216772,V2Co9Mo,3m,160,R3m,trigonal,3,"Co,Mo,V",12,133.9050314980165,9.030584299088869,0,1,0,V2Co9Mo,0.0,-0.2,0.0,1.9189991635563848,0,FM,0.9245190566835061,0.07256602859881961,0.0029149147176741777,0.9245190566835061,0.8519530280846865,0.25480710435582915,True,False,686.209985041319,245.38705977744084,36.928253760875805,19.260001686353206,686.209985041319,0.0,36.928253760875805,,634.414208057203,17.80676439759003,652.2209724547931,34.16946951505451,6.675,True,192.3273586404378,0.0001923273586404378,0.000292577650172724,Easy-Axis (Uniaxial),2683.3817869610248,2.6833817869610246,33.720370689857624,1.1370195626034791,Soft Magnet,82.3504818334424,7.024958170155969,743.672968267488,0.9345270135129823,70.79905790961662,8.896872181236299,0.8243029046210649,212.8851810379818,7.196453136645758,0.8675485220413116,0.016635413711833465,Soft / Non-Viable,564.8806839222143,16.2426017154394
mp-1222550,Mg2Fe7O12,2/m,15,C2/c,monoclinic,3,"Fe,Mg,O",42,468.16595430004384,4.4798643301017504,1,0,0,Mg2Fe7O12,0.0,-2.5,2.5,1.2319626907779817,0,FM,0.846053480988034,0.15165811527378995,0.0022884037381760477,0.846053480988034,0.6943953657142441,0.40177660164369,True,False,726.7732873944985,241.02096076314274,43.7647919529615,17.4121270096456,726.7732873944985,0.0,43.7647919529615,,614.8890696892323,36.55278465081631,651.4418543400486,37.12139858006647,0.1,True,504.40726394957056,0.0005044072639495705,0.0002046700182730626,Easy-Axis (Uniaxial),5586.517516095294,5.586517516095294,70.20225091467842,0.6600387736722249,Soft Magnet,57.96914671319301,5.660676763844837,259.6939126068685,0.3263409952110911,21.187192472596898,2.662461180607639,8.332640929637785,331.566825640414,13.686484849047844,1.3756763087765338,0.07714787435129314,Soft / Non-Viable,536.607369995037,33.62534110086198
mp-1212650,Fe3CoN,m-3m,221,Pm-3m,cubic,3,"Co,Fe,N",5,49.64674626544322,8.043184866676373,1,0,0,Fe3CoN,0.0,-0.6,0.5,3.9210526225047326,0,FM,0.9205253763863217,0.0774154812208406,0.002059142392837746,0.9205253763863217,0.8431098951654811,0.2612740910025532,True,False,689.8412768219671,211.56832114491857,12.787897983346,6.374261718294136,689.8412768219671,0.0,12.787897983346,,635.016400993362,16.37866339251922,651.3950643858813,11.78192315884321,1.6800000000000002,True,42555.868675373575,0.04255586867537357,0.013673541347240557,Easy-Axis (Uniaxial),1007.3671473844109,1.007367147384411,12.658949164687076,0.05687775078717148,Soft Magnet,108.23782064418887,22.36501124969336,870.5768010073715,1.0939990729721847,230.04038331508218,28.907727691654706,2.048866618565894,271.18784651323483,66.78233919154505,1.28179797923281,0.21138185658719075,Semi-Hard (0.1 <= kappa < 1.0),609.0546390261934,15.872777211798331
mp-1223198,LaGa3Co10,mm2,42,Fmm2,orthorhombic,3,"Co,Ga,La",28,373.1369914491455,8.34331636657674,0,1,0,LaGa3Co10,0.0,-0.2,0.0,1.7729547278975573,0,FM,0.9273090102347602,0.07048568227982106,0.002205307485418779,0.9273090102347602,0.8568233279549391,0.24615104644209476,True,False,683.5471878668992,239.0189658814278,16.9745393005295,3.261817331441023,683.5471878668992,0.0,16.9745393005295,,633.859466229608,16.84741488796971,650.7068811175777,15.742322217702744,7.714285714285714,False,2921.1947363449945,0.0029211947363449943,0.0025498293129559537,Easy-Axis (Uniaxial),800.9148179459769,0.8009148179459769,10.064592628365501,0.09716035977870406,Soft Magnet,48.46915102392657,3.5700836131406852,404.39346101200636,0.5081758105100278,51.375743703682915,6.456066485109782,3.382488206344442,248.78143274092236,10.17816480759683,1.040843900497576,0.11922606162354261,Semi-Hard (0.1 <= kappa < 1.0),599.9151865273008,16.57705820911571
mp-768276,InFe17O24,mm2,44,Imm2,orthorhombic,3,"Fe,In,O",42,468.1514600978449,5.136672089371637,0,1,0,InFe17O24,0.0,-2.5,2.5,1.4125848245772004,0,FM,0.8255350259709571,0.17190023669432725,0.002564737334715554,0.8255350259709571,0.6536347892766299,0.4335146149616941,True,False,740.2302705301099,227.77618493444874,2.8068755091425714,1.8582071881047,740.2302705301099,0.0,2.8068755091425714,,611.0860156065629,39.154780103562594,650.2407957101256,2.3390871496585235,0.2642857142857143,True,1583.4486742945428,0.0015834486742945428,8.739704131822626e-05,Easy-Axis (Uniaxial),8175.947969324611,8.17594796932461,102.74199430221407,0.4119230025949297,Soft Magnet,74.5399326576854,5.267780431428918,382.887191626374,0.48115023534681756,46.05656559057797,5.787638836793626,0.21517514884122968,338.69741935702757,19.039827545972884,1.486974678474401,0.09270992395277271,Soft / Non-Viable,605.4215393019824,38.7943404917647
mp-1226141,Co6BP,2,5,C2,monoclinic,3,"B,Co,P",16,159.43079111131365,8.236181502114087,0,1,1,Co6BP,0.0,-0.6,0.5,1.7501885691992436,0,FM,0.9607132306429469,0.029441584356369694,0.009845185000683451,0.9607132306429469,0.9312716462865772,0.17093282640957924,True,False,671.4017287653555,158.96844022148017,19.155112950503963,3.0295791984233063,671.4017287653555,0.0,19.155112950503963,,645.0245239014242,4.6802827427812215,649.7048066442054,18.402786606311793,6.025,True,1718.042133318117,0.001718042133318117,4.2207170508127e-05,Easy-Axis (Uniaxial),344.2007731245362,0.34420077312453623,4.325354564860333,0.06055816844605326,Soft Magnet,86.8177108682926,2.8179436235925692,715.0464243093206,0.8985538374343247,92.54312312892034,11.629312056404952,15.548991572746669,488.99147472264474,113.67305478517471,3.0760286383974416,0.051710380552565195,Soft / Non-Viable,606.3113179717014,4.610444213359792
mp-1225484,ErV2Fe10N,mmm,71,Immm,orthorhombic,4,"Er,Fe,N,V",14,172.81848919106338,8.086562544573784,1,0,0,ErV2Fe10N,0.0,-0.6,0.5,2.2238046997577907,0,FM,0.92593294766805,0.07215825401997183,0.001908798311978011,0.92593294766805,0.8537746936480781,0.24840577537058484,True,False,687.5294499803905,180.71445091611207,18.105350684802374,27.504788047930887,687.5294499803905,0.0,18.105350684802374,,636.6061702289361,13.040039254284547,649.6462094832207,16.88141416313263,1.364285714285714,False,2294.5837894051515,0.0022945837894051517,0.0013583948105564568,Easy-Axis (Uniaxial),70267.20998866975,70.26720998866975,883.0038199086971,4.004735780836287,Hard Magnet,107.38689408578688,2.921768826758189,868.3908354922362,1.0912521076908448,79.67310399014357,10.012017721868208,8.319247432633404,118.56283209880829,51.37366075588915,0.6560783130389796,0.049207556185195886,Soft / Non-Viable,600.3729602710046,11.463529507376576
mp-1219059,SmV2Fe10N,mmm,71,Immm,orthorhombic,4,"Fe,N,Sm,V",14,172.2570995234494,7.950012369679891,1,0,0,SmV2Fe10N,0.0,-0.6,0.5,2.18625340166197,0,FM,0.9234390472797889,0.07461333531044302,0.0019476174097680851,0.9234390472797889,0.8488257119693459,0.2542861368278874,True,False,685.6194750434931,207.55111989503433,22.752747741790472,4.405160581500297,685.6194750434931,0.0,22.752747741790472,,633.1277948306323,15.486081302786157,648.6138761334184,21.013346435258793,1.364285714285714,False,2793.4869364703127,0.0027934869364703127,0.00033626635095058743,Easy-Axis (Uniaxial),162437.17605525054,162.43717605525055,2041.2457955153704,10.157567203755333,Hard Magnet,116.95198079600632,1.192773564287414,929.7696939868154,1.1683830560637636,90.46030379619098,11.36757725474195,4.888367496707822,111.85823400125219,51.48894634110818,0.5389430519952034,0.05070992920005325,Soft / Non-Viable,588.4948765831876,15.152338873177868
mp-1191404,Ce2Fe17C3,-3m,166,R-3m,trigonal,3,"C,Ce,Fe",22,274.51717887693246,7.655719674484296,1,0,0,Ce2Fe17C3,0.0,-0.2,0.0,2.105322910483182,0,FM,0.9274757804258666,0.07063991029469532,0.0018843092794381614,0.9274757804258666,0.8568358701311714,0.2447250405019298,True,False,684.2945679010202,188.06458818545275,7.154867955569841,16.262310653625306,684.2945679010202,0.0,7.154867955569841,,634.6666384051799,13.284865639029201,647.9515040442092,6.734665759001453,1.0,False,5635.988505839234,0.005635988505839234,0.0015619689134165771,Easy-Axis (Uniaxial),28894.52548359885,28.894525483598848,363.0993230068617,5.937513024508848,Hard Magnet,95.1663596811852,4.937563817981825,728.5669721602986,0.9155442589547814,73.93454635936519,9.29088928805668,13.027809576804025,409.56573571893773,14.070870378304306,2.1777929575718957,0.09192013165320449,Soft / Non-Viable,619.8827086442122,12.285881528665245
mp-1189517,Fe2NiC,mmm,62,Pnma,orthorhombic,3,"C,Fe,Ni",16,150.918414759157,8.027450579144768,1,0,0,Fe2NiC,0.0,-0.2,0.0,2.809607702700669,0,FM,0.9270063389008982,0.07097447228221662,0.0020191888168852286,0.9270063389008982,0.8560318666186816,0.24626510483187078,True,False,680.102358878055,225.95651641623834,27.492339204523887,20.15636699506217,680.102358878055,0.0,27.492339204523887,,630.4591977814106,16.037144511370535,646.4963422927812,25.525692883372404,1.075,True,7202.630844403434,0.007202630844403434,0.003674180767412689,Easy-Axis (Uniaxial),3065.7331144381496,3.0657331144381494,38.525139269169394,1.872204261904501,Soft Magnet,57.46061940542723,5.008821790969314,461.2622825241139,0.5796392792623264,66.84143424829325,8.399542514771236,24.41035510673005,505.5215974324969,55.24388778713052,2.23725168652037,0.16413178872010895,Semi-Hard (0.1 <= kappa < 1.0),577.5333853421951,14.568867328493141
mp-762529,Li2(FeO2)5,-1,2,P-1,triclinic,3,"Fe,Li,O",17,185.94137611058665,4.046393161139368,1,0,0,Li2(FeO2)5,0.0,-2.5,2.5,1.1127581193133262,0,FM,0.6554108422799361,0.3416750108851472,0.00291414683491673,0.6554108422799361,0.3137358313947889,0.6015251976311332,False,True,835.9303157203419,286.2403276263227,8.798490744669891,6.594433716889142,835.9303157203419,0.0,8.798490744669891,,547.8777923136022,97.80116705749191,645.6789593710942,6.191177389677758,0.7941176470588235,True,41.76351048339179,4.176351048339179e-05,2.9312006705193234e-05,Easy-Axis (Uniaxial),9472.7827730826,9.4727827730826,119.03850138842814,2.986727705362892,Soft Magnet,41.36670804799333,5.179487467740227,167.38596454424905,0.21034340661050174,8.8021335002555,1.1061087391010924,27.682851089877563,198.71068577390116,13.734542874684223,0.6942092591275657,0.03444090280087498,Soft / Non-Viable,532.2672960535435,94.679382496351
mp-978091,Pr2Fe17C3,-3m,166,R-3m,trigonal,3,"C,Fe,Pr",22,278.32901480166146,7.560317419006352,1,0,0,Pr2Fe17C3,0.0,-0.2,0.0,2.079087290226747,0,FM,0.9292631212884982,0.0688611076562326,0.0018757710552692558,0.9292631212884982,0.8604020136322656,0.24048565338411354,True,False,679.7169566297614,197.6964882284033,14.524589478433256,13.457904128285008,679.7169566297614,0.0,14.524589478433256,,631.6359007104909,13.6135991591552,645.2494998696461,13.528942827124048,1.0,False,24560.605035677818,0.024560605035677818,0.04185851194137324,Easy-Axis (Uniaxial),110216.48571837482,110.21648571837483,1385.0212342560628,31.402486811046774,Hard Magnet,89.39418856999208,11.617226511192818,675.8484410036497,0.8492961988788722,93.40996707493557,11.738242881425554,15.85383384007235,435.20588426327197,10.80526601218051,2.201383991001745,0.20685464721872499,Semi-Hard (0.1 <= kappa < 1.0),602.4672682265452,12.75530106486348
mp-1219225,Sm2(CoNi)5,mmm,47,Pmmm,orthorhombic,3,"Co,Ni,Sm",12,167.7393684026464,8.799216937375718,1,0,0,Sm2(CoNi)5,0.0,-0.2,0.0,2.529774869495519,0,FM,0.9260156423792212,0.07180358625573631,0.002180771365042501,0.9260156423792212,0.8542120561234848,0.24909526958725198,True,False,681.6963632076981,174.25532316677368,27.698362755518758,4.3207037524836664,681.6963632076981,0.0,27.698362755518758,,631.2614956833555,12.51215712752664,643.7736528108821,25.65099339640242,6.666666666666667,False,74579.70009512086,0.07457970009512085,0.0038747165309970066,Easy-Axis (Uniaxial),213252.46260477664,213.25246260477664,2679.809531576923,28.74973135698581,Hard Magnet,49.08096666749083,0.3662922803140134,431.8740732033583,0.5427089662606284,58.59548295574038,7.3633256945389665,2.3961348733209356,208.99630993256562,12.696434588436844,1.1993682955242781,0.5640898062125157,Semi-Hard (0.1 <= kappa < 1.0),577.904775332349,12.247566592844162
mp-1191539,Tb2Fe17C3,-3m,166,R-3m,trigonal,3,"C,Fe,Tb",22,269.7886963938812,8.021440176368781,1,0,0,Tb2Fe17C3,0.0,-0.2,0.0,2.205896048501415,0,FM,0.9293789343173051,0.06875454013668052,0.0018665255460144504,0.9293789343173051,0.8606243941806246,0.24018090068077064,True,False,675.795007853164,212.8779145539164,18.184472206927637,10.673643664686239,675.795007853164,0.0,18.184472206927637,,628.0696442155283,14.636323120410092,642.7059673359385,16.91619115706658,1.0,False,29777.480698558426,0.029777480698558425,0.01936465168755822,Easy-Axis (Uniaxial),128977.46178852757,128.97746178852756,1620.7786172207732,6.819817132481494,Hard Magnet,73.48780940782035,5.247049989108994,589.4780668572218,0.7407599857163845,108.37784480440045,13.619161906554764,23.641405572844025,430.2290990271673,23.495277952571456,2.021013311449937,0.2611387934998119,Semi-Hard (0.1 <= kappa < 1.0),592.1750107972621,13.894783292119495
mp-1216203,Y2Fe17CN,-1,2,P-1,triclinic,4,"C,Fe,N,Y",21,265.65430873462566,7.208329750867858,1,0,0,Y2Fe17CN,0.0,-0.6,0.5,1.982290681488661,0,FM,0.9221011504126688,0.07595484371625832,0.0019440058710729255,0.9221011504126688,0.8461463066964106,0.25732609353173236,True,False,672.6203243378167,289.8561797895936,6.661939746459325,34.33987385756744,672.6203243378167,0.0,6.661939746459325,,620.2239748628432,22.01598083611026,642.2399556989535,6.673781151247152,1.0428571428571427,False,12537.472463009128,0.012537472463009128,0.0006908038254447476,Easy-Axis (Uniaxial),1944.0927294666917,1.9440927294666916,24.430190221763667,1.6302078450074569,Soft Magnet,138.69499061068834,9.914464752704049,999.7592271153629,1.2563344973056934,69.190402775839,8.69472261129174,0.5279303566051462,147.48900814453978,41.56048184010481,0.5088351342089789,0.09990900710847958,Soft / Non-Viable,606.7501973433313,18.7897863677196
mp-1225034,Fe6BP,2,5,C2,monoclinic,3,"B,Fe,P",16,166.35328513422706,7.523531081512664,0,1,1,Fe6BP,0.0,-0.6,0.5,2.068971047415983,0,FM,0.9344205516415318,0.06348221015387352,0.002097238204594705,0.9344205516415318,0.8709383414876583,0.2287746361858045,True,False,677.266560080144,147.22777855799262,8.761654896515324,3.7442955125566755,677.266560080144,0.0,8.761654896515324,,632.8517926784508,9.346344778906442,642.1981374573572,8.190520204737796,0.1,True,1880.2845383980632,0.0018802845383980632,0.00011215743133721619,Easy-Axis (Uniaxial),47.83254302177996,0.047832543021779965,0.6010814747161471,0.02516573199856379,Soft Magnet,128.00907601300108,3.3052198728117688,963.0802620995308,1.2102423504916875,141.67395761988064,17.803274924407702,27.323349993296596,447.9685965042871,143.55556574675276,3.0426907265182535,0.040164685727683266,Soft / Non-Viable,614.8935102293298,9.174583028588824
mp-1218304,SrFe5Bi4O15,1,1,P1,triclinic,4,"Bi,Fe,O,Sr",25,324.7001649140659,7.378362011042729,0,1,1,SrFe5Bi4O15,0.0,-2.5,2.5,2.0290495530367507,1,AFM,0.15624099969256597,0.8385161532316386,0.005242847075795412,0.8385161532316386,0.6822751535390726,0.42348801471837855,True,False,970.3429850061738,584.1557150758958,134.51140712853305,10.12267129470132,0.0,584.1557150758958,,10.12267129470132,151.60735802203314,489.8240030937173,641.4313611157504,22.665547990527745,0.564,True,93.45894787713718,9.345894787713717e-05,1.892540384048625e-05,Easy-Axis (Uniaxial),51901.5233487029,51.9015233487029,652.2137905201422,19.553881833163018,Hard Magnet,50.478912740025216,2.427456245597149,372.45169211974286,0.46803659991218866,0.0,0.0,10.175469585907932,64.39086891317532,39.989531320808666,0.11022894624048898,0.023154508149206433,Soft / Non-Viable,104.67436909695635,466.2267046916886
mp-1217449,UFe5Co5Si2,m,8,Cm,monoclinic,4,"Co,Fe,Si,U",13,157.87559583348346,9.130599459059107,0,1,0,UFe5Co5Si2,0.0,-0.2,0.0,4.451167236291315,0,FM,0.9306418248353923,0.06741629552103504,0.0019418796435727317,0.9306418248353923,0.8632255293143573,0.23742083707312642,True,False,673.2662312600517,162.46357432005058,50.26659573569924,3.576134152764581,673.2662312600517,0.0,50.26659573569924,,626.5697140599017,10.95269233776417,637.5224063976658,46.78081762808669,3.138461538461539,False,212.96813788193307,0.00021296813788193307,0.0004541457539263615,Easy-Axis (Uniaxial),51191.77278310444,51.19177278310444,643.2948016958121,26.184988109408252,Hard Magnet,67.33189041890539,6.81039553342789,614.7805222362846,0.7725559888910433,90.89775624492209,11.422549151779027,14.499846719486339,508.82117719561757,103.47651637653135,3.1319092868980474,0.021175432298663942,Soft / Non-Viable,536.6509867238603,10.760291115013722
mp-1215431,ZnCo2,-3m,164,P-3m1,trigonal,2,"Co,Zn",3,35.49189300214985,8.574801728612087,1,0,0,ZnCo2,0.0,-0.2,0.0,1.8221453673300685,0,FM,0.9073958931435945,0.09003184627652941,0.0025722605798761595,0.9073958931435945,0.8173640468670651,0.2915275514980588,True,False,681.3715655323224,194.06896328109906,11.11355936730638,6.039798565876723,681.3715655323224,0.0,11.11355936730638,,618.2737602688509,17.47238706916934,635.7461473380203,10.099048272192109,5.833333333333333,True,396.43518769133993,0.00039643518769133995,0.00035694901669229356,Easy-Axis (Uniaxial),7627.141808736576,7.627141808736576,95.8454925588433,0.8184095734800859,Soft Magnet,82.51537476606065,7.204971728574861,707.552978181091,0.8891372953117179,133.83655068651947,16.81839730347289,25.99737573063558,215.8706951088211,1.782541838929106,1.1123401262062875,0.025102802110823802,Soft / Non-Viable,596.1878629072276,16.960205931848577
mp-1215842,ZnFe8Co3O16,-42m,115,P-4m2,tetragonal,4,"Co,Fe,O,Zn",28,312.281504743878,5.0247654417012,0,0,0,ZnFe8Co3O16,0.0,-2.5,2.5,2.4495731528293354,0,FM,0.8982701307474352,0.09958793647420407,0.002141932778360763,0.8982701307474352,0.7986821942732312,0.30880388249461105,True,False,677.9612663230986,265.47131366339227,0.12847176603543176,1.820310832140791,677.9612663230986,0.0,0.12847176603543176,,608.9923553417465,26.43774032083341,635.4300956625799,0.21489649412587894,0.9964285714285713,True,824.8986870657676,0.0008248986870657676,0.00013673770312107466,Easy-Axis (Uniaxial),5454.900083518814,5.454900083518814,68.54829744548066,0.2501363450221608,Soft Magnet,66.50047627420167,4.66462954078596,334.1492950392792,0.41990438819904313,35.07768882515252,4.407992466354173,14.328897212824897,604.2780764511156,29.241255136158372,2.2762462283111975,0.07667518366530987,Soft / Non-Viable,608.7316725650261,26.199286099427688
mp-1178317,Fe39Si3O56,2,5,C2,monoclinic,3,"Fe,O,Si",98,1090.4231435954289,4.809396994507908,0,1,1,Fe39Si3O56,0.0,-2.5,2.5,1.3225841734896746,0,FM,0.8160361109840597,0.18135988268301476,0.0026040063329255347,0.8160361109840597,0.634676228301045,0.44694906146502766,True,False,727.073487312423,230.2989760686467,3.852803862146061,28.361869576904226,727.073487312423,0.0,3.852803862146061,,593.3182209860478,41.76699528182819,635.0852162678759,6.0284832998000395,0.1,True,2511.4826934658604,0.0025114826934658605,0.00022240915757977192,Easy-Axis (Uniaxial),4049.0566905628957,4.049056690562896,50.8819480006451,1.1123333658212604,Soft Magnet,60.95693581209342,1.9840705663496472,293.1661038890935,0.3684033913038073,27.00084672201658,3.3930265340198145,13.050036733090682,358.0248970427547,52.477332184704665,1.55460915699441,0.15249177074490095,Semi-Hard (0.1 <= kappa < 1.0),585.7950429727432,36.579657855500734
mp-1220554,Nd(TiCo5)2,mmm,71,Immm,orthorhombic,3,"Co,Nd,Ti",13,168.94032488620124,8.151388675667409,1,0,0,Nd(TiCo5)2,0.0,-0.2,0.0,6.826788015871455,0,FM,0.9291805889490082,0.06892579710089614,0.0018936139500957362,0.9291805889490082,0.860254791848112,0.24073955963959326,True,False,672.6451630631678,145.62729016423773,4.314877721809921,4.407807520443214,672.6451630631678,0.0,4.314877721809921,,625.008828768736,10.037477054213577,635.0463058229495,4.020795070714062,6.938461538461539,False,56353.9291130796,0.0563539291130796,0.04717726773549413,Easy-Axis (Uniaxial),182028.0321128679,182.0280321128679,2287.4317581705964,79.51185461797515,Hard Magnet,57.19000527325356,2.404180090836576,466.1779613457585,0.5858165034517205,68.2736858254559,8.579524559584,18.649112336005278,299.15406887004144,12.632080824798464,2.0542445618033334,0.4542609767128624,Semi-Hard (0.1 <= kappa < 1.0),616.1468346021081,9.82103098308484
mp-1048821,Al(FeO2)3,-3m,164,P-3m1,trigonal,3,"Al,Fe,O",40,448.5776294669394,4.301668677908164,1,0,0,Al(FeO2)3,0.0,-2.5,2.5,1.1829588864247451,0,FM,0.8882634810991797,0.10962122470527078,0.002115294195549483,0.8882634810991797,0.7786422563939089,0.3282477644699121,True,False,691.4370283001725,190.30756524159392,6.706700016842547,3.76770416760462,691.4370283001725,0.0,6.706700016842547,,614.1782617187833,20.861748372461744,635.0400100912451,5.971616875947574,0.1,True,165.03285167630042,0.00016503285167630044,9.509503522991334e-05,Easy-Axis (Uniaxial),4265.12668234823,4.26512668234823,53.59716364880952,0.15091376253171943,Soft Magnet,54.87157573370065,8.93273122326067,236.03933864112577,0.2966157808932616,17.503248188141633,2.1995230796030123,2.154267988392204,226.3907543497021,85.47059579519447,1.1896045964452377,0.04855074304114626,Soft / Non-Viable,600.7481365927672,20.47601061972252
mp-1219878,Pr2Mn4Co13,3m,160,R3m,trigonal,3,"Co,Mn,Pr",19,258.9763676635532,8.128400907891622,0,1,0,Pr2Mn4Co13,0.0,-0.2,0.0,4.775435533386329,0,FM,0.9240112666621332,0.07406967882572309,0.0019190545121435967,0.9240112666621332,0.84994158783641,0.2528788282022514,True,False,671.2063695787208,198.77941475017815,48.13738457977968,37.707927593574496,671.2063695787208,0.0,48.13738457977968,,620.2022477461257,14.723527407710899,634.9257751538366,44.567090725834724,6.5473684210526315,False,77511.07007771311,0.07751107007771312,0.058217934112340025,Easy-Axis (Uniaxial),162676.01306795535,162.67601306795535,2044.247109991752,90.09800297390717,Hard Magnet,81.22858325788386,7.507444866372417,660.2584899001333,0.8297052885362198,126.35805263258932,15.878621503371408,0.5480208963821642,288.37616419925035,2.1340329336727564,1.4507345469432815,0.3761516229801531,Semi-Hard (0.1 <= kappa < 1.0),534.4461197363875,12.387914493861324
mp-653005,Ca2(Fe2O3)11,32,155,R32,trigonal,3,"Ca,Fe,O",57,655.4969954817576,4.652890303131601,0,0,1,Ca2(Fe2O3)11,0.0,-2.5,2.5,1.2795448333611903,0,FM,0.8225115717926073,0.1750496499034321,0.002438778303960559,0.8225115717926073,0.6474619218891752,0.43731679829680364,True,False,726.9531558037759,205.9479355242823,5.61425463676369,13.779895877047593,726.9531558037759,0.0,5.61425463676369,,597.9273827997598,36.05111401186022,633.9784968116201,5.2098487080807345,0.1,True,1662.3330742978012,0.0016623330742978012,0.0001447379410179672,Easy-Axis (Uniaxial),8369.710076997055,8.369710076997055,105.17688080554778,1.2810595077901827,Soft Magnet,63.6600041023255,5.515911444251785,296.20301578502824,0.3722196873445545,27.56314848150434,3.4636874584608353,19.141330272150434,477.617443624567,2.3361350219041697,2.3191174138681934,0.12279045677750179,Semi-Hard (0.1 <= kappa < 1.0),586.9432204761753,33.72731927289786
mp-759922,InFe11O16,mmm,63,Cmcm,orthorhombic,3,"Fe,In,O",56,640.0667542022344,5.111350251786646,1,0,0,InFe11O16,0.0,-2.5,2.5,1.4056213192413276,0,FM,0.8209332045065072,0.17654696573143075,0.0025198297620621394,0.8209332045065072,0.6443862387750765,0.43984666498896174,True,False,721.1154571111351,229.69463413282656,7.579141416892014,6.095442513653268,721.1154571111351,0.0,7.579141416892014,,591.9876230254189,40.551890700941655,632.5395137263605,6.314345271240151,0.3464285714285714,True,2610.3421763691267,0.0026103421763691266,0.0005900874721624801,Easy-Axis (Uniaxial),7764.161190220632,7.764161190220633,97.56732892137224,1.822801526107078,Soft Magnet,72.5864486322697,5.101669531825422,371.01476249285014,0.46623090088835994,43.244636739980606,5.434281429150814,3.4281218608606876,337.3587482895666,25.034965311940507,1.468727162753313,0.12284361774171335,Semi-Hard (0.1 <= kappa < 1.0),577.4002947323144,39.35253512290084
mp-1217382,ThFe4Co,-6m2,187,P-6m2,hexagonal,3,"Co,Fe,Th",6,90.09984206774152,9.479487804577705,0,0,0,ThFe4Co,0.0,-0.2,0.0,4.621250304731632,0,FM,0.9227069100021238,0.07532018245412284,0.0019729075437534237,0.9227069100021238,0.8473867275480009,0.25604318026519746,True,False,667.2041926453462,218.10193739496867,6.535148022573765,12.119838260861755,667.2041926453462,0.0,6.535148022573765,,615.6339189362492,16.427477718186715,632.061396654436,6.098733081850886,1.4166666666666665,False,747.748327869147,0.000747748327869147,0.001330257037328383,Easy-Axis (Uniaxial),17570.074794757984,17.570074794757986,220.7920758822564,8.351492987996009,Hard Magnet,104.64292516493606,1.2121003946736835,991.9613329363488,1.246535374479189,74.72775248634537,9.390566511645238,0.6018688929524098,364.14457347472,8.511442949505096,1.6696072388173124,0.024591105315380623,Soft / Non-Viable,602.5089679675946,15.488865023538679
mp-1178121,Li(Fe2O3)4,-1,2,P-1,triclinic,3,"Fe,Li,O",42,465.9888321662915,4.601826084436264,1,0,0,Li(Fe2O3)4,0.0400109348238641,-2.479994532588068,2.5,1.2655021732199727,0,FM,0.6045582268810246,0.39173073811141634,0.0037110350075591266,0.6045582268810246,0.21282748876960822,0.6300124071472749,False,True,805.4745203470137,370.29485232567396,17.01272340111575,1.4711729829039086,805.4745203470137,0.0,17.01272340111575,,486.95624781883436,145.05587582039416,632.0121236392285,10.30131508683714,0.38095238095238093,True,587.7780144468785,0.0005877780144468785,0.0008088395294364983,Easy-Axis (Uniaxial),9933.330203659207,9.933330203659207,124.82591119897637,2.9260862890140036,Soft Magnet,62.24774370323991,3.4512629592259216,286.45329067087266,0.35996782142729405,25.778491745868365,3.2394208745098787,18.146592222160915,459.39506292334806,9.335692248836068,1.24061963064858,0.07550016853636342,Soft / Non-Viable,460.8233788799915,143.99665587165967
mp-758556,Fe13Cu5O24,1,1,P1,triclinic,3,"Cu,Fe,O",42,429.848311085081,5.515323810476192,0,1,1,Fe13Cu5O24,0.0,-2.5,2.5,1.516714047880953,0,FM,0.8323369553766287,0.16515911308760173,0.002503931535769646,0.8323369553766287,0.6671778422890269,0.42341885150516273,True,False,697.2004212254158,311.7194028518454,6.925740886270148,5.158020943854325,697.2004212254158,0.0,6.925740886270148,,580.3056758900656,51.48330010720762,631.7889759972732,5.827157225163394,0.3261904761904762,True,1912.1902037747661,0.0019121902037747662,0.0010397435251297978,Easy-Axis (Uniaxial),7392.009712544123,7.392009712544123,92.89073543735586,1.28445782042413,Soft Magnet,51.19741223893646,3.2714542463033425,282.3703067561715,0.3548369925188339,25.048857606495115,3.1477323426461177,7.385734901543422,277.96795481800063,38.67508850759069,0.8917249047538878,0.13814704091318553,Semi-Hard (0.1 <= kappa < 1.0),567.2111510240795,50.18892253917488
mp-1206985,TiFe3N,m-3m,221,Pm-3m,cubic,3,"Fe,N,Ti",5,52.23070739036822,7.293451077601074,1,0,0,TiFe3N,0.0,-0.6,0.5,2.0056990463402955,0,FM,0.9089462393156964,0.08657601884444491,0.004477741839858697,0.9089462393156964,0.8223702204712515,0.29384644682797567,True,False,674.1665344816033,216.5687680048297,10.34687018290839,0.10391214528826254,674.1665344816033,0.0,10.34687018290839,,612.7811361895491,18.749661739904354,631.5307979294535,9.404753044236267,0.1,True,1225.1246153734478,0.0012251246153734477,0.0006805539413018038,Easy-Axis (Uniaxial),2063.7137085626164,2.0637137085626165,25.933391807538193,0.20599868955188003,Soft Magnet,88.2592819736183,4.437606663937423,643.7147552187835,0.8089158184010729,92.45317153198685,11.61800840514116,1.5554966338340799,193.37067342822314,107.34786937668991,0.8928834716551132,0.048505583887159365,Soft / Non-Viable,592.3511996383877,18.739925210748403
mp-972662,Sm2Fe17C3,-3m,166,R-3m,trigonal,3,"C,Fe,Sm",22,273.03332664587765,7.8219304507321565,1,0,0,Sm2Fe17C3,0.0,-0.2,0.0,2.1510308739513437,0,FM,0.929117571605836,0.0690079130521368,0.001874515342027206,0.929117571605836,0.8601096585536991,0.24082614782252537,True,False,660.1600885404232,258.7569670789635,6.300904938018789,7.661173009572153,660.1600885404232,0.0,6.300904938018789,,613.3663383357716,17.856278285819737,631.2226166215913,5.878104797870924,1.0,False,121413.66246201422,0.12141366246201422,0.014817935697223051,Easy-Axis (Uniaxial),193909.32901611965,193.90932901611964,2436.7365413366324,26.07364875593437,Hard Magnet,89.19312867395185,11.7651008588782,697.6624491708554,0.8767084900002488,121.77832982050023,15.303116550513636,39.387865388444986,420.16776199525333,25.062629905694052,1.623793039230642,0.4455367163007407,Semi-Hard (0.1 <= kappa < 1.0),600.7488013721887,17.197512685721613
mp-1190738,Dy2Fe17C3,-3m,166,R-3m,trigonal,3,"C,Dy,Fe",22,269.07562290916,8.086817961521822,1,0,0,Dy2Fe17C3,0.0,-0.2,0.0,8.288988410559867,0,FM,0.9298813058906956,0.06825165808972014,0.0018670360195842197,0.9298813058906956,0.8616296478009755,0.23899003396940344,True,False,660.8977438124514,240.41096145426735,21.265556345840878,13.207558735099326,660.8977438124514,0.0,21.265556345840878,,614.5564570765367,16.408446742197544,630.9649038187342,19.79497911374501,1.0,False,4452.046965840426,0.004452046965840426,0.0015708614644835478,Easy-Axis (Uniaxial),133315.3069686884,133.31530696868842,1675.289588481368,38.48385117611061,Hard Magnet,62.269389017459936,5.35705728195547,503.56121355938467,0.6327936836603695,79.66258881918226,10.010696346488807,22.120338926178764,410.00488919084523,29.110672060565292,1.705433424127956,0.11820141214708327,Semi-Hard (0.1 <= kappa < 1.0),573.8770729735212,15.391993454213592
mp-567852,SmCo9Si4,4/mmm,140,I4/mcm,tetragonal,3,"Co,Si,Sm",28,340.10965873161587,7.744412753103771,1,0,0,SmCo9Si4,0.0,-0.2,0.0,1.6456877100345513,0,FM,0.9281111750763202,0.06997091256759061,0.0019179123560891741,0.9281111750763202,0.8581402625087297,0.24334332083406035,True,False,666.0119133259309,163.8426522162847,85.76816858449229,32.1564549364675,666.0119133259309,0.0,85.76816858449229,,618.1330994917581,11.464219893067813,629.5973193848259,79.63418851252167,5.885714285714286,False,3121.0916405929574,0.0031210916405929575,0.003468094202720384,Easy-Axis (Uniaxial),110215.7270594122,110.21572705941219,1385.0117006661833,39.57847865198572,Hard Magnet,48.27374110571566,7.990128128992691,373.85177625913406,0.46979599753087625,43.908517039087464,5.517707089593005,11.779749885090652,328.425375150523,14.926851020690265,2.004516960070792,0.1333057491290874,Semi-Hard (0.1 <= kappa < 1.0),480.7030360435551,9.876287864754946
mp-752897,Li3Fe7O12,2,5,C2,monoclinic,3,"Fe,Li,O",22,222.60892248784967,4.503496846875243,0,1,1,Li3Fe7O12,0.0,-2.5,2.5,1.238461632890692,0,FM,0.6345192475271683,0.36221886448834895,0.003261887984482701,0.6345192475271683,0.2723003830388193,0.6145447497551734,False,True,813.0409948817837,310.07285430263676,8.417182815129365,16.40076525322337,813.0409948817837,0.0,8.417182815129365,,515.8901602811296,112.31423719416235,628.204397475292,7.988513812377814,0.9045454545454545,True,35.952240960145595,3.595224096014559e-05,6.734385090442463e-06,Easy-Axis (Uniaxial),5888.476856171233,5.888476856171232,73.99678396625617,0.7634397614920162,Soft Magnet,33.766545508481386,1.036483823401806,152.06753122731533,0.19109369558130812,7.264786630038416,0.9129200300082946,20.996087363088023,316.67504315116594,29.217158210588508,1.0212923793776714,0.03517398350185191,Soft / Non-Viable,501.8107184290992,103.80207025861188
mp-1191845,Y2Co17H3,-3m,166,R-3m,trigonal,3,"Co,H,Y",22,245.3402734473432,8.004879326280886,1,0,0,Y2Co17H3,0.0,-0.2,0.0,1.701036856834688,0,FM,0.9228804075329722,0.07502655142149814,0.002093041045529668,0.9228804075329722,0.847853856111474,0.2560419705782323,True,False,659.5909033324988,247.3087681426406,6.947103661527024,30.633949098708527,659.5909033324988,0.0,6.947103661527024,,608.7235216725377,18.554724010041184,627.2782456825789,6.810859884747941,7.1045454545454545,False,11622.9315579567,0.0116229315579567,0.0007810172728163529,Easy-Axis (Uniaxial),10593.023502861392,10.593023502861392,133.11586184960882,9.99928053753146,Hard Magnet,76.46905569529558,3.306317420663291,612.1255630354932,0.7692196687627285,65.8223483672346,8.27148040359094,1.0138893451645334,237.6994745449153,43.48146652169169,0.9611445495042742,0.157113097810992,Semi-Hard (0.1 <= kappa < 1.0),594.9463419701609,16.09019321097432
mp-1225176,DyV2(FeCo)5,mm2,44,Imm2,orthorhombic,4,"Co,Dy,Fe,V",13,163.37138202074112,8.520382632067374,0,1,0,DyV2(FeCo)5,0.0,-0.2,0.0,10.543973507183376,0,FM,0.9305784655156115,0.06753998638455284,0.001881548099835673,0.9305784655156115,0.8630384791310587,0.23737645829230714,True,False,654.5862960631239,268.3775574312498,10.604436966442563,39.133109050607814,654.5862960631239,0.0,10.604436966442563,,609.1439109379696,18.12621657482616,627.2701275127957,10.216079498106524,4.5,False,513.5465845000139,0.0005135465845000139,0.0011696679297842863,Easy-Axis (Uniaxial),63592.61108807506,63.59261108807506,799.1283347921849,0.49419552320149357,Hard Magnet,74.87312333066077,6.725708788625276,637.9476596352006,0.8016686723538992,80.22008948525448,10.080753947725967,9.430879642186216,355.2246293405681,16.605648678046293,1.3236003514621966,0.03168837304275846,Soft / Non-Viable,588.3469504369453,15.159938869853526
mp-1220103,PrErMn4Co13,m,8,Cm,monoclinic,4,"Co,Er,Mn,Pr",19,252.8698819145036,8.497734771589808,0,1,0,PrErMn4Co13,0.0,-0.2,0.0,4.992419178309013,0,FM,0.9247255307128868,0.07338096715578349,0.0018935021313298457,0.9247255307128868,0.8513445635571033,0.2511497313528917,True,False,662.848414085171,190.01875232963926,41.772900448055395,27.41199390280842,662.848414085171,0.0,41.772900448055395,,612.9528514971051,13.943759823684216,626.8966113207894,38.68080546439584,6.5473684210526315,False,100385.91818953979,0.10038591818953979,0.04813578245648197,Easy-Axis (Uniaxial),296289.97938163514,296.28997938163513,3723.2897625626338,49.29775488967229,Hard Magnet,66.19223608915209,2.181002147521859,562.4840662240695,0.7068383240843406,99.39632367349162,12.490510652511523,27.236502326530754,402.81859399220286,127.03031836393043,2.119888637587749,0.5024828473346294,Semi-Hard (0.1 <= kappa < 1.0),538.0352134650288,12.262994210976853
mp-1224690,GdV2Fe10N,mmm,71,Immm,orthorhombic,4,"Fe,Gd,N,V",14,173.96684269866608,7.93764584526802,1,0,0,GdV2Fe10N,0.0,-0.6,0.5,9.12829272205822,0,FM,0.9238132625825285,0.07425998384798732,0.0019267535694840396,0.9238132625825285,0.8495532787345412,0.25335902631865864,True,False,663.816249651134,181.718822753805,12.400791646797074,17.280231408081733,663.816249651134,0.0,12.400791646797074,,613.2422553455123,13.49443684257283,626.736692188085,11.527661352302385,1.364285714285714,False,2374.1866285394317,0.002374186628539432,0.0004239675236483149,Easy-Axis (Uniaxial),123597.73162219614,123.59773162219614,1553.174932832071,27.72373660197287,Hard Magnet,113.26183347049879,4.5412305351743925,899.0323218745431,1.1297573350963355,83.30877322991547,10.468889401725823,0.2636473748111106,116.50708088035951,54.202863278718254,0.6411393113535894,0.04834785262773764,Soft / Non-Viable,588.8995211371125,12.42122834196402
mp-1183718,Co3Os,4/mmm,139,I4/mmm,tetragonal,2,"Co,Os",4,45.58460460727832,13.370017588014411,1,0,0,Co3Os,0.0,-0.2,0.0,2.8411287374530625,0,FM,0.8865923344457215,0.1073065129314162,0.006101152622862295,0.8865923344457215,0.7792858215143053,0.3434749530989167,True,False,679.3055365058208,224.9572723269887,18.3342844151411,22.994039916619897,679.3055365058208,0.0,18.3342844151411,,602.2670814125989,24.139380451972126,626.406461864571,16.441238071158747,8.25,False,254.0037437684189,0.0002540037437684189,0.00045084037520180516,Easy-Axis (Uniaxial),38100.518859539225,38.10051885953922,478.7852498896889,23.635737433426094,Hard Magnet,106.3362677576304,10.859958124616206,1421.7177701633282,1.7865832408892695,106.4417198620567,13.37586126601621,3.704289963685441,165.2715439199916,20.292290758810097,0.7346797114420894,0.010000039952870885,Soft / Non-Viable,567.5798469389931,21.650247209295934
mp-1216329,VFe4,mmm,69,Fmmm,orthorhombic,2,"Fe,V",5,59.28081959692189,7.684130740634873,1,0,0,VFe4,0.0,-0.2,0.0,2.11313595367459,0,FM,0.9148439414043461,0.08313413801972461,0.0020219205759293185,0.9148439414043461,0.8317098033846215,0.2737505116359896,True,False,667.6975959413542,185.24403035601722,70.22882886532358,22.519114608679885,667.6975959413542,0.0,70.22882886532358,,610.839100337195,15.40010278694719,626.2392031241421,64.2756880773737,0.8800000000000001,True,21.251794891700854,2.1251794891700853e-05,8.69405132700119e-06,Easy-Axis (Uniaxial),14304.42604590716,14.30442604590716,179.75472261064795,4.907410988811506,Hard Magnet,110.49056369181571,0.8156796216507374,849.0239370143564,1.066914945298474,78.88476694032825,9.912952364573572,4.917344122839578,249.38328979467582,45.68711238019186,1.3462419777597718,0.004843652090616261,Soft / Non-Viable,494.9688295824719,13.841599912915052
mp-1219129,SmErFe17C2,m,8,Cm,monoclinic,4,"C,Er,Fe,Sm",21,267.79745412690187,8.005172834357193,0,1,0,SmErFe17C2,0.0,-0.2,0.0,2.2014225294482284,0,FM,0.9291239317442395,0.0689965063391554,0.0018795619166050628,0.9291239317442395,0.860127425405084,0.24082765253522356,True,False,656.4978060462108,215.18693150497532,6.836092063853869,20.433798516484586,656.4978060462108,0.0,6.836092063853869,,609.9678227351226,14.847146483686428,624.814969218809,6.50616893827878,1.0428571428571427,False,14846.452898003217,0.014846452898003216,0.0004916474045947478,Easy-Axis (Uniaxial),173203.43654346708,173.20343654346706,2176.538617569358,39.70838007326745,Hard Magnet,101.21650083360943,8.247565166434498,810.2555828619024,1.0181971946596273,98.65352332660598,12.397167606183757,18.753783149837812,499.2805818455084,110.5343018400444,2.3202179535422416,0.13414805747312764,Semi-Hard (0.1 <= kappa < 1.0),596.3781691707105,13.470843930111853
mp-1225026,Fe6BC,mm2,26,Pmc2_1,orthorhombic,3,"B,C,Fe",16,154.4383630084099,7.696185568346561,0,1,0,Fe6BC,0.0,-0.2,0.0,2.116451031295304,0,FM,0.9313580183811145,0.06674788799034176,0.0018940936285437688,0.9313580183811145,0.8646101303907727,0.2355514786522592,True,False,658.9043675236039,162.36024697773053,30.347993632851683,5.4412400240634184,658.9043675236039,0.0,30.347993632851683,,613.6758660394454,10.837203579353782,624.5130696187991,28.26718054225368,0.1,True,1203.6148610889595,0.0012036148610889595,0.0002970368849511439,Easy-Axis (Uniaxial),243.4803857199636,0.2434803857199636,3.059664823724147,0.1613413801071695,Soft Magnet,113.43361013411429,9.976592510363034,873.0061132796205,1.097051836807294,150.65920329049007,18.932394217922493,41.439650036791406,532.3113462614348,72.34950294884152,3.2785817721406096,0.03545043378762401,Soft / Non-Viable,557.2994640810356,10.550173449191036
mp-974000,Lu2Fe17C3,-3m,166,R-3m,trigonal,3,"C,Fe,Lu",22,264.09916899497165,8.395972883716786,1,0,0,Lu2Fe17C3,0.1328617328999483,-0.1335691335500258,0.0,2.3088925430221163,0,FM,0.9105986429924505,0.08744923967787525,0.0019521173296742189,0.9105986429924505,0.8231494033145753,0.2826716660104113,True,False,664.7858967430607,213.49448991677178,2.9365745463143753,17.601002644687185,664.7858967430607,0.0,2.9365745463143753,,605.3531354547504,18.669930818637496,624.0230662733878,3.0853870540328177,1.0,False,9331.9149963347,0.0093319149963347,0.014705145065246816,Easy-Axis (Uniaxial),27118.435809568728,27.118435809568727,340.78032148507265,8.754869549149838,Hard Magnet,86.27408615757386,3.1212855590656545,724.3548879464358,0.9102511978257523,76.1220160074552,9.565774836452478,1.456122806760307,391.43992029779673,12.079682541420084,1.8334895689832313,0.11896769850331138,Semi-Hard (0.1 <= kappa < 1.0),599.4850272153597,17.1597838169183
mp-757738,Fe19Co5O32,2/m,12,C2/m,monoclinic,3,"Co,Fe,O",56,619.4228318168006,5.006905795484131,1,0,0,Fe19Co5O32,0.0,-2.5,2.5,2.440866575298514,0,FM,0.6538352605630574,0.34206623334315095,0.004098506093791602,0.6538352605630574,0.31176902721990646,0.6073993566466034,False,True,798.4474484347213,292.9503282196282,17.707862121265464,59.42760554097103,798.4474484347213,0.0,17.707862121265464,,522.0530954932243,100.208415330728,622.2615108239523,23.394132646519434,0.8053571428571429,True,2378.8401190808027,0.0023788401190808026,0.0020556501380967415,Easy-Axis (Uniaxial),16997.76243028412,16.997762430284123,213.60018646338116,0.07655909029636875,Hard Magnet,70.53384909671814,1.5018219846355763,353.1563378201612,0.44378934258579744,39.18175474780428,4.923724610471315,7.72596320148253,399.82487344795663,42.546712084870336,1.3648213875637079,0.1231999950889553,Semi-Hard (0.1 <= kappa < 1.0),492.95578523703256,77.25347125011507
mp-1219302,Sm2Co18Si4C3,2/m,12,C2/m,monoclinic,4,"C,Co,Si,Sm",27,312.0923234474908,8.033629217609892,1,0,0,Sm2Co18Si4C3,0.0,-0.2,0.0,1.707146208742102,0,FM,0.9235885711162946,0.07394668955906677,0.0024647393246386706,0.9235885711162946,0.8496418815572278,0.25559946244720577,True,False,659.1731823626089,179.9587225048549,15.641790276595032,29.437885456613813,659.1731823626089,0.0,15.641790276595032,,608.8048176164626,13.307351786512749,622.1121694029754,14.609662695396931,6.1,False,21586.838481543724,0.021586838481543726,0.005830814828456198,Easy-Axis (Uniaxial),129138.43382245382,129.13843382245383,1622.8014514969352,2.6642937781505913,Hard Magnet,55.12306934228786,8.524266539930597,442.8383004325399,0.5564870205468228,61.60844159793072,7.741945251329392,11.368383974854627,452.980487032866,161.36768140542196,2.517135489337815,0.29596776551026943,Semi-Hard (0.1 <= kappa < 1.0),578.6351836519847,11.599960276855969
mp-705842,Fe9Cu3O16,-1,2,P-1,triclinic,3,"Cu,Fe,O",28,310.58087418612246,5.075132685984938,1,0,0,Fe9Cu3O16,0.0407922769453909,-2.4796038615273046,2.5,1.395661488645858,0,FM,0.8237258904701323,0.1739404869754648,0.002333622554402897,0.8237258904701323,0.6497854034946675,0.4351913759376316,True,False,686.2405509759342,326.36052371050823,1.1842986515709981,2.7889288928637086,686.2405509759342,0.0,1.1842986515709981,,565.2741089293656,56.76730842377353,622.0414173531392,1.0894965673894021,0.30357142857142855,True,2333.1976702144384,0.0023331976702144386,0.0009833708101130638,Easy-Axis (Uniaxial),6480.301266909909,6.480301266909909,81.433868994703,0.5693363860931179,Soft Magnet,55.07358131737743,0.15994004903762615,279.50573267807164,0.35123726256706495,24.543207104411927,3.0841904253065504,11.163002865048288,298.6525373354168,30.45516117758163,0.9151000676795419,0.1541629866012384,Semi-Hard (0.1 <= kappa < 1.0),563.0513723259961,55.98659525813119
mp-768895,RbFe5O8,2/m,14,P2_1/c,monoclinic,3,"Fe,O,Rb",56,814.7040441664363,4.016809189281113,1,0,0,RbFe5O8,0.0,-2.5,2.5,1.1046225270523062,0,FM,0.8257216674758998,0.17190296377172262,0.002375368752377468,0.8257216674758998,0.6538187037041772,0.4325166657789367,True,False,679.7419030475648,348.6566491209755,14.433913950274928,10.7665199766206,679.7419030475648,0.0,14.433913950274928,,561.2776176376767,59.93511132261325,621.21272896029,12.061243699603276,0.1,True,158.31939479517632,0.00015831939479517631,8.42290826836911e-05,Easy-Axis (Uniaxial),4904.346401282689,4.904346401282689,61.62983569699676,0.750262026181757,Soft Magnet,61.50576524910208,5.325585601270024,247.0569230463602,0.31046088578437764,19.175377792033952,2.409649086862645,22.82931229446238,496.20030071620255,40.337834403635554,1.4231775070609165,0.04543233942258346,Soft / Non-Viable,535.5124807495523,56.873464845613604
mp-1190849,Sm2Co17N3,-3m,166,R-3m,trigonal,3,"Co,N,Sm",22,255.842489646169,8.727120215401852,1,0,0,Sm2Co17N3,0.0,-0.6,0.5,1.8545130457728936,0,FM,0.9134141974365179,0.08442443014664938,0.0021613724168327597,0.9134141974365179,0.8289897672898685,0.2773290539146104,True,False,664.0888108129059,170.10941514873062,7.56929695664337,9.10621782441379,664.0888108129059,0.0,7.56929695664337,,606.5881481552419,14.361390436511389,620.9495385917534,6.956514410607474,7.1045454545454545,False,421985.3368071058,0.4219853368071058,0.05288990062315094,Easy-Axis (Uniaxial),96732.4432994344,96.7324432994344,1215.5757565481083,44.974497107682886,Hard Magnet,79.28313896762435,9.310867836004832,691.9134848248689,0.8694841283382083,116.14414881081899,14.59510446999873,1.6762631744566137,161.52595040156854,51.61639118908795,0.9495415069197825,0.8375137645753821,Semi-Hard (0.1 <= kappa < 1.0),591.6599811723892,13.73597646777833
mp-16484,Ce2Al2Co15,-3m,166,R-3m,trigonal,3,"Al,Ce,Co",19,247.17892286915023,8.183776554074932,1,0,0,Ce2Al2Co15,0.0,-0.2,0.0,1.7390525177409228,0,FM,0.9266106251406013,0.07148824356354419,0.0019011312958545144,0.9266106251406013,0.8551223815770571,0.2468031849182617,True,False,659.4149317944684,128.29251618555338,5.070489498741779,8.060471629020526,659.4149317944684,0.0,5.070489498741779,,611.0208821771193,9.171406644452775,620.1922888215721,4.733573200809707,7.378947368421053,False,2269.4731055617626,0.0022694731055617626,0.005463246396106604,Easy-Axis (Uniaxial),17021.945871688127,17.02194587168813,213.90408455669834,2.786704337561126,Hard Magnet,69.04525386999674,1.4807521954753255,565.0509297914308,0.7100639399747364,78.46408320947866,9.8600876868137,3.1611389795879057,271.60177692263835,9.034248997610206,2.117050822589,0.07520903119399754,Soft / Non-Viable,600.8652785601271,8.816097140071596
mp-1224177,Ho2Fe17C2,2/m,12,C2/m,monoclinic,3,"C,Fe,Ho",21,265.4920416496731,8.15125234235815,1,0,0,Ho2Fe17C2,0.0,-0.2,0.0,2.241594394148492,0,FM,0.9297869175898523,0.06834776506181468,0.0018653173483329558,0.9297869175898523,0.8614391525280376,0.239208737259031,True,False,652.4467315563224,197.38955036364104,1.4445026140132882,11.075923733859653,652.4467315563224,0.0,1.4445026140132882,,606.6364354253269,13.491134613911374,620.1275700392383,1.5417308634413063,1.0428571428571427,False,2816.553192383538,0.0028165531923835378,0.003810261840302606,Easy-Axis (Uniaxial),156215.58486480042,156.2155848648004,1963.0629732862883,44.107370575658486,Hard Magnet,67.16327349534308,3.346194278974828,547.4647903993563,0.6879645454470774,94.15909141884316,11.83238062467218,14.797043183808952,515.3627971009929,76.12573687633105,2.61089199581014,0.08647645014545097,Soft / Non-Viable,603.729472753496,12.783205564384508
mp-1216011,YTiFe11N,mm2,44,Imm2,orthorhombic,4,"Fe,N,Ti,Y",14,177.06710649521276,7.174885307936828,0,1,0,YTiFe11N,0.0,-0.6,0.5,1.973093459682628,0,FM,0.9274779897276811,0.07065473852842777,0.0018672717438911618,0.9274779897276811,0.8568232511992534,0.24466358834707183,True,False,644.2049334526088,289.2529537537239,15.819218001701756,27.428978858853753,644.2049334526088,0.0,15.819218001701756,,597.4858966512802,20.43709181604477,617.922988467325,14.799415178865472,0.807142857142857,False,7515.726988642916,0.007515726988642916,0.004617634291673405,Easy-Axis (Uniaxial),7567.915684567244,7.567915684567244,95.10123511802077,6.166005500976037,Soft Magnet,136.1524259060833,14.350762120832371,976.8780402735146,1.2275811499105869,75.50529325744057,9.488275168516989,1.558934690578888,148.85723788681807,47.06789742897052,0.5146265092717369,0.07916627651039958,Soft / Non-Viable,567.5581433249519,17.97228472694183
mp-1227655,Ce2VCo16,-3m,164,P-3m1,trigonal,3,"Ce,Co,V",38,488.26274839346166,8.666237620472959,1,0,0,Ce2VCo16,0.0,-0.2,0.0,1.841575494350504,0,FM,0.928622589263489,0.06948480533620775,0.0018926054003033253,0.928622589263489,0.8591377839272812,0.24205526984957743,True,False,650.2133250168291,199.64615472616134,4.728674850646826,19.346638130236755,650.2133250168291,0.0,4.728674850646826,,603.8027814507503,13.872374197269734,617.6751556480201,4.592316561387289,8.0,False,4421.837535816885,0.004421837535816885,0.00421907060088358,Easy-Axis (Uniaxial),48661.79589104234,48.66179589104234,611.5021738067613,4.989236534508328,Hard Magnet,68.23015838892799,8.132480121684125,591.2987654809564,0.7430479430846746,86.2627278133997,10.840094289677682,9.937040941023403,295.57000557529994,18.926392256633505,1.4804693132242375,0.10032045349481573,Semi-Hard (0.1 <= kappa < 1.0),594.4331773962709,12.648814055707598
mp-1228771,BaFe5Bi4O15,m,9,Cc,monoclinic,4,"Ba,Bi,Fe,O",50,647.0624591958147,7.660143907468059,0,1,0,BaFe5Bi4O15,0.0,-2.5,2.5,2.1065395745537163,1,AFM,0.09892061093904667,0.8936473936495919,0.007431995411361516,0.8936473936495919,0.7947267827105452,0.33293210463345807,True,False,988.4534267111009,581.3854862806725,119.50548022710302,7.352442499478002,0.0,581.3854862806725,,7.352442499478002,97.77841685505629,519.5536245204236,617.3320413754799,13.524811211847629,0.564,True,131.72568075902154,0.00013172568075902155,2.52535601663498e-06,Easy-Axis (Uniaxial),49739.93957799327,49.73993957799327,625.0505272157216,16.121867763627666,Hard Magnet,46.87333239791957,2.0716984868134034,359.05647159064875,0.45120366934922174,0.0,0.0,9.645761147458172,79.11902229463846,17.362705302535204,0.13608702687229204,0.028514616499912007,Soft / Non-Viable,69.92405686961926,501.1309423294895
mp-1226000,CoOs,-6m2,187,P-6m2,hexagonal,2,"Co,Os",2,25.439092356816733,16.264150231113252,0,0,0,CoOs,0.0,-0.2,0.0,3.456131924111566,0,FM,0.7534532408109049,0.23218218701074855,0.014364572178346548,0.7534532408109049,0.5212710538001564,0.5582339042188884,False,True,750.2268733772681,220.272701911502,34.39408593507869,28.926159078125224,750.2268733772681,0.0,34.39408593507869,,565.260869089535,51.143397668579226,616.4042667581143,26.770493205479845,8.5,False,216.27777293232543,0.00021627777293232545,0.00011182584743630237,Easy-Axis (Uniaxial),29733.80600511041,29.733806005110413,373.6460332944791,10.121043609179734,Hard Magnet,118.72394644560954,25.617735583999988,1930.9441010220378,2.4264959209053525,111.82692546855876,14.052586174021208,6.7036945121039615,151.2849211354145,34.13056679894487,0.6868073974785835,0.00679409023921243,Soft / Non-Viable,507.120992444177,44.68113026010768
mp-1190608,Ho2Fe17C3,-3m,166,R-3m,trigonal,3,"C,Fe,Ho",22,268.28397644258007,8.140765214268638,1,0,0,Ho2Fe17C3,0.0,-0.2,0.0,2.238710433923876,0,FM,0.9298311695891563,0.06830123377217247,0.0018675966386712563,0.9298311695891563,0.8615299358169839,0.23911104746036949,True,False,646.0452393624672,207.4927587692643,29.407523646457435,9.939173594415479,646.0452393624672,0.0,29.407523646457435,,600.7130005239094,14.17201142273251,614.885011946642,27.352457655614348,1.0,False,30851.084392571476,0.030851084392571476,0.013234755232937412,Easy-Axis (Uniaxial),110628.01616737322,110.62801616737322,1390.1926784977359,5.564736849304719,Hard Magnet,68.46801896655727,4.761736865771397,557.3820670928347,0.7004269628886172,97.60135710560343,12.264948496804864,17.373976015685514,431.10409580585423,30.70883222224802,2.077682606192777,0.2811106459011344,Semi-Hard (0.1 <= kappa < 1.0),547.0849547158208,13.501064313143981
mp-1365538,Ca(Fe9O13)2,1,1,P1,triclinic,3,"Ca,Fe,O",45,523.3365868395339,4.636595207662234,0,1,1,Ca(Fe9O13)2,0.0,-2.5,2.5,1.2750636821071144,0,FM,0.744970032437728,0.2521792330232595,0.0028507345390125986,0.744970032437728,0.49279079941446846,0.5310693773535697,False,True,751.2327311203403,216.15146790357562,7.182666050059481,7.35966855558712,751.2327311203403,0.0,7.182666050059481,,559.6458720710029,54.508911392775396,614.1547834637784,5.663602309286584,0.1,True,1101.4127828553455,0.0011014127828553456,0.0006349628469293973,Easy-Axis (Uniaxial),9144.901980678247,9.144901980678247,114.91822975370097,1.2273832061531054,Soft Magnet,60.163656136471,3.060647069792104,278.9545197178,0.3505445879324438,24.446499291592243,3.072037762898499,20.447817429630557,423.4294947177289,48.9637226387502,1.9589480415030966,0.10612964752535513,Semi-Hard (0.1 <= kappa < 1.0),546.5600119309479,52.57426554784749
mp-772996,Li9Fe23O32,2,5,C2,monoclinic,3,"Fe,Li,O",64,631.8284414223007,4.885425588112171,0,1,1,Li9Fe23O32,0.0,-2.5,2.5,1.3434920367308472,0,FM,0.6520245507329547,0.3440867039228799,0.003888745344165445,0.6520245507329547,0.30793784681007486,0.6076096964233058,False,True,774.8164464232311,316.2657152702786,12.121250960680129,13.994778284587596,774.8164464232311,0.0,12.121250960680129,,505.19934537961177,108.82282753116218,614.022172910774,9.254795197564563,0.9296875,True,17.00797469324459,1.700797469324459e-05,1.790707897270968e-05,Easy-Axis (Uniaxial),9320.975735063315,9.320975735063316,117.13083784974962,3.3239274834013286,Soft Magnet,43.23838433940908,1.6568764625396248,211.2379092403777,0.2654493855316952,14.018243302214566,1.7615844412010793,13.403098658601081,274.0124072950422,46.33217855278231,0.8663993410125818,0.017416043795391363,Soft / Non-Viable,485.5798929018661,101.70605881461347
mp-764436,Mg5Fe19O32,2/m,12,C2/m,monoclinic,3,"Fe,Mg,O",56,623.077524139646,4.516106429847201,1,0,0,Mg5Fe19O32,0.0,-2.5,2.5,1.2419292682079803,0,FM,0.8614243048157377,0.13592012756433292,0.0026555676199294517,0.8614243048157377,0.7255041772514048,0.37820585233165366,True,False,674.7745327589219,238.2220895960782,49.620383277195344,24.200990594515773,674.7745327589219,0.0,49.620383277195344,,581.2671827892185,32.3791768065409,613.6463595957593,42.870586114441714,0.1,True,538.689159618226,0.0005386891596182259,0.00021656612507320886,Easy-Axis (Uniaxial),5845.326727703176,5.845326727703176,73.45454344933529,0.2882103603700343,Soft Magnet,57.45029789440227,3.4128700396139244,259.4516597175472,0.3260365712521301,21.147682384995875,2.657496196473182,7.049341901908759,346.6138080748169,17.14630886159418,1.4550028028992787,0.07980088960045707,Soft / Non-Viable,498.76998933013823,28.884062216389626
mp-1006884,CoMo,m-3m,221,Pm-3m,cubic,2,"Co,Mo",2,26.99308858980719,9.527364390715784,1,0,0,CoMo,0.017852781853799,-0.1910736090731004,0.0,2.024564933027104,0,FM,0.7429097097927138,0.23671853243194182,0.020371757775344522,0.7429097097927138,0.5061911773607719,0.583628906042623,False,True,758.5787237290565,209.6279383210305,51.09452266379452,13.398224241594477,758.5787237290565,0.0,51.09452266379452,,563.5554995004806,49.62281791608796,613.1783174165685,38.09088738852029,4.05,True,281.3371060844072,0.0002813371060844072,0.00020120099924357193,Easy-Axis (Uniaxial),3534.190820032371,3.534190820032371,44.411952529181576,1.4438596298056299,Soft Magnet,93.99236896970353,7.511057819666199,895.4995491209727,1.125317921924568,76.9465740382652,9.669391856547486,3.5683425470859573,225.06567286075645,15.892526577538177,1.073643497442999,0.016708720888867795,Soft / Non-Viable,481.54169016199984,46.50724540229397
mp-771396,Li4(FeO2)9,m,6,Pm,monoclinic,3,"Fe,Li,O",62,677.4995992367487,4.011561822330114,0,1,0,Li4(FeO2)9,0.0,-2.5,2.5,1.1031795011407814,0,FM,0.6319990150726145,0.3642140044418692,0.0037869804855164184,0.6319990150726145,0.2677850106307453,0.6180358689012496,False,True,812.4287819087647,273.3733046638423,7.783112347722863,1.3805100136893884,812.4287819087647,0.0,7.783112347722863,,513.4541899829832,99.56638599912512,613.0205759821083,4.94455016959772,0.8612903225806452,True,32.40781980499194,3.240781980499194e-05,2.1615003446868807e-05,Easy-Axis (Uniaxial),8407.603656319667,8.407603656319667,105.65306557647115,3.67949202399395,Soft Magnet,40.518211897537995,4.229104345409496,162.54131195724523,0.20425543661989137,8.299986660649274,1.0430071049820098,25.0947702814066,211.57507130040693,26.13599478405338,0.7739419602823819,0.03124325078409736,Soft / Non-Viable,500.4701389232494,98.88383537449262
mp-1101666,NaFe5O8,432,212,P4_332,cubic,3,"Fe,Na,O",56,640.9324627065122,4.458382144113259,0,0,1,NaFe5O8,0.0100624311938802,-2.49496878440306,2.5,1.2260550896311464,0,FM,0.8930975693150032,0.104939292936273,0.00196313774872378,0.8930975693150032,0.7881582763787301,0.3183853904773927,True,False,647.4567570203383,328.9040944524322,28.812407428580798,1.657572336302536,647.4567570203383,0.0,28.812407428580798,,578.2420559314387,34.514963115683386,612.7570190471221,25.73287894650242,0.1,True,189.78782757687188,0.00018978782757687188,0.0002314131778686487,Easy-Axis (Uniaxial),2951.3093625722986,2.9513093625722986,37.0872479682038,0.1562819425995605,Soft Magnet,55.35112447389035,2.0979158757781455,246.77646501098317,0.31010845182294533,19.131866877723805,2.404181344006514,23.54975991318439,604.9091733102629,23.814610112557034,1.8391658343971997,0.049799560101819046,Soft / Non-Viable,527.5732084930843,34.231259174461435
mp-1191671,Er2Fe17C3,-3m,166,R-3m,trigonal,3,"C,Er,Fe",22,267.10799804071485,8.205559576218155,1,0,0,Er2Fe17C3,0.0,-0.2,0.0,2.256528883459993,0,FM,0.9297689968020006,0.0683632597405814,0.001867743457417975,0.9297689968020006,0.8614057370614192,0.23925926719723073,True,False,641.560717609589,204.97966469052727,16.868269842351765,23.22103307055393,641.560717609589,0.0,16.868269842351765,,596.5032647994392,14.013078058775797,610.516342858215,15.763729820133088,1.0,False,95823.15326737372,0.09582315326737373,0.0019302883140708057,Easy-Axis (Uniaxial),102429.56200450545,102.42956200450546,1287.1678630208455,3.1699463810671564,Hard Magnet,68.79416297600568,5.5277232599630075,564.4946027956759,0.7093648388535935,100.10815573646948,12.579962109434929,15.591520007966729,428.3374262465362,24.666092153062976,2.089658146788504,0.4891820392242703,Semi-Hard (0.1 <= kappa < 1.0),564.7488135333443,12.55533841593382
mp-1225001,Fe5O8,-3m,166,R-3m,trigonal,2,"Fe,O",13,130.93528483899823,5.164421894257893,1,0,0,Fe5O8,0.0,-2.5,2.5,1.420216020920921,0,FM,0.782651564946478,0.21510935305633602,0.0022390819971859336,0.782651564946478,0.567542211890142,0.48789159714819297,False,True,720.8348881380404,210.21096900419255,2.337892980827746,13.92035816378936,720.8348881380404,0.0,2.337892980827746,,564.1625532692567,45.218345547837366,609.380898817094,3.5091925507521724,0.1,True,7390.001461897073,0.007390001461897073,0.0022382771333252192,Easy-Axis (Uniaxial),2621.6780330209654,2.6216780330209652,32.94497843448611,1.541388018521199,Soft Magnet,58.79521226858047,3.5308598517860297,303.64328151739727,0.3815694010107811,28.96524626238531,3.639880265404933,14.688648394327851,334.0723558345284,101.85392941604925,1.5892241847182842,0.2525536525582379,Semi-Hard (0.1 <= kappa < 1.0),559.8000446193149,42.27586933377858
mp-1226402,Fe46(BC3)3,1,1,P1,triclinic,3,"B,C,Fe",58,581.2135872524956,7.740809040997141,0,1,1,Fe46(BC3)3,0.0,-0.2,0.0,2.128722486274214,0,FM,0.9314590932015759,0.06662143674356209,0.0019194700548619222,0.9314590932015759,0.8648376564580138,0.23539099969105473,True,False,640.7035312391989,181.5870944655327,33.07620102350393,5.4658378659806885,640.7035312391989,0.0,33.07620102350393,,596.7891302191118,12.09759312738272,608.8867233464946,30.811280086247173,0.1,True,627.9164173145604,0.0006279164173145604,0.000635156490916645,Easy-Axis (Uniaxial),85.81764283591892,0.08581764283591892,1.078416326077204,0.04184929588296291,Soft Magnet,120.09512598748533,0.5925503873556437,929.6334370236171,1.1682118305139302,131.52745505689404,16.528227783177076,45.384514087688444,543.985807375707,54.01274852649698,2.9957294541048003,0.02404552429818383,Soft / Non-Viable,537.524862225445,11.775770856149451
mp-1220724,Nb3Co8Si,3m,156,P3m1,trigonal,3,"Co,Nb,Si",12,149.05668058256515,8.670178808660156,0,1,0,Nb3Co8Si,0.001,-0.1995,0.0,1.842412996840283,0,FM,0.937772696430188,0.05813187687414273,0.004095426695669262,0.937772696430188,0.8796408195560452,0.2258790397642637,True,False,636.7237527122477,186.26889275577687,10.28089896977059,19.32186707625098,636.7237527122477,0.0,10.28089896977059,,597.1021504621127,10.828160339161718,607.9303108012745,9.706354516072974,6.591666666666667,True,372.57667317532395,0.0003725766731753239,0.0004871604926136291,Easy-Axis (Uniaxial),4781.638096533402,4.781638096533402,60.08783763210117,1.3703901918234884,Soft Magnet,66.31664266466463,8.431883503644091,574.9771498926632,0.7225375960339152,77.03650443813066,9.6806928441091,2.829641801292558,315.28704606120573,59.23265794581013,1.692644656854157,0.029946930344484972,Soft / Non-Viable,577.3176683882361,9.874218639035316
mp-1097165,TiFeCo2,mmm,71,Immm,orthorhombic,3,"Co,Fe,Ti",4,511.8175374769618,0.718888171040748,1,0,0,TiFeCo2,0.0,-0.2,0.0,0.3504579833823646,0,FM,0.9126686862246786,0.08519474186226027,0.0021365719130612354,0.9126686862246786,0.8274739443624183,0.27885867701391903,True,False,642.6184521038174,239.59443954535885,76.00429497953604,26.90165077767763,642.6184521038174,0.0,76.00429497953604,,586.4977384253275,20.41218642869977,606.9099248540273,69.40459159813615,4.05,True,445.4666942479734,0.0004454666942479734,0.0003771192202084277,Easy-Axis (Uniaxial),2454.8748279287347,2.4548748279287347,30.84886749891313,0.03906489906723434,Soft Magnet,87.54985491938719,21.98180995084779,62.938555077881084,0.07909092090409112,1.2444670703706189,0.15638434727450104,7.058974432585859,398.63794584805976,16.041155010277265,1.6638029939446553,0.29914787298716683,Semi-Hard (0.1 <= kappa < 1.0),467.94497796141997,17.9921004177268
mp-1192456,Nd2Fe15Co2H3,-3m,166,R-3m,trigonal,4,"Co,Fe,H,Nd",22,264.5195667822112,7.828433863177183,1,0,0,Nd2Fe15Co2H3,0.0,-0.2,0.0,8.709132672784616,0,FM,0.9273917353789283,0.07069108751165694,0.0019171771094147513,0.9273917353789283,0.8567006478672713,0.24503016359027216,True,False,635.5615103005432,237.8098201660188,11.042881715022531,13.547278364764793,635.5615103005432,0.0,11.042881715022531,,589.4144919776734,16.811034808487435,606.2255267861608,10.285757061775431,1.7181818181818183,False,16767.227487379158,0.016767227487379157,0.0024074590835360364,Easy-Axis (Uniaxial),104562.33079693824,104.56233079693824,1313.9690266219602,16.121442433238254,Hard Magnet,94.53429586852769,4.798554110990125,740.055483008793,0.929981147467708,116.55512903647363,14.646749769309533,2.5590629063893338,239.12016973652004,18.285794316524388,1.0055100734258429,0.1560850887528034,Semi-Hard (0.1 <= kappa < 1.0),568.4886489551897,15.744555432612103
mp-1225104,Fe9PO12,mm2,38,Amm2,orthorhombic,3,"Fe,O,P",22,248.164119210639,4.855012601461756,0,1,0,Fe9PO12,0.0,-2.5,2.5,1.335128465401983,0,FM,0.7552707561157888,0.24227380224491507,0.0024554416392961165,0.7552707561157888,0.5129969538708736,0.5190300940174181,False,True,737.372788488916,203.46175571648064,15.282250797500751,4.1909840413773765,737.372788488916,0.0,15.282250797500751,,556.9161035012311,49.29345316885785,606.2095566700889,11.586811683934988,0.1,True,2369.115106429139,0.0023691151064291387,0.00010859910487783502,Easy-Axis (Uniaxial),4010.7126687348823,4.010712668734882,50.400102802148425,1.965421540280618,Soft Magnet,64.7331138415127,0.8055903052116165,314.2800834324026,0.3949360005123293,31.030129797868565,3.8993611882695647,19.592476128361284,323.90191345076147,26.499778966619374,1.5919547745479572,0.1381564894229981,Semi-Hard (0.1 <= kappa < 1.0),529.9214612549757,48.281713710600464
mp-1008274,Co3W,m-3m,221,Pm-3m,cubic,2,"Co,W",4,45.37983701952254,13.196524272089505,1,0,0,Co3W,0.0,-0.2,0.0,2.80426140781902,0,FM,0.9106055220071905,0.07970523122119055,0.009689246771619045,0.9106055220071905,0.8309002907859999,0.3020252190559263,True,False,643.7680033756216,241.69805346934984,18.54879561573898,6.400177608788027,643.7680033756216,0.0,18.54879561573898,,586.2186987653846,19.264599237486205,605.4832980028708,16.8983373453577,7.25,True,2350.5948197639996,0.0023505948197639994,0.001954655742541403,Easy-Axis (Uniaxial),50521.64585178116,50.521645851781166,634.873738154545,5.870891512881602,Hard Magnet,74.18710232361302,10.590379034504249,979.0118964895469,1.2302626327154285,88.7950606492105,11.158316625196868,12.041043887356565,214.72963518012756,11.609945067215037,0.8884210364869893,0.04417697619555374,Soft / Non-Viable,552.0837374056804,18.667231259849423
mp-1235242,LiFe8(O3F)4,2,5,C2,monoclinic,4,"F,Fe,Li,O",25,282.6344403934884,4.240071177574031,0,1,1,LiFe8(O3F)4,0.0070429851517699,-2.496478507424115,2.5,1.1660195738328587,0,FM,0.7149538690532455,0.282368853945423,0.0026772770013315282,0.7149538690532455,0.43258501510782255,0.5578110408722904,False,True,705.8735680735304,355.496910669302,2.9699156684956165,6.924035965839408,705.8735680735304,0.0,2.9699156684956165,,504.66703855659,100.38125524682923,605.0482938034193,2.886376311177424,0.33599999999999997,True,188.38551136679104,0.00018838551136679104,0.00019590944664171864,Easy-Axis (Uniaxial),11242.654404552739,11.24265440455274,141.2793646813946,1.141504750662744,Hard Magnet,46.5860716460077,4.80024803376196,197.5282596626361,0.24822133177300584,12.257681919065911,1.5403457686033384,10.003852056464783,251.749672967803,23.2985029057957,0.7081627586969131,0.06198542450607485,Soft / Non-Viable,499.7199515104211,97.02232491096484
mp-1216765,V2Co9W,3m,160,R3m,trigonal,3,"Co,V,W",12,132.47503699707224,10.22986737647038,0,1,0,V2Co9W,0.0,-0.2,0.0,2.173846817499956,0,FM,0.9249384611883593,0.07265097515093266,0.0024105636607079264,0.9249384611883593,0.8522874860374267,0.2523174696816094,True,False,634.5283195822393,241.7109709868756,21.228637017322626,10.259013021325046,634.5283195822393,0.0,21.228637017322626,,586.8996474948319,17.560537746875305,604.4601852417072,19.64932361609443,7.083333333333333,True,2756.9232864473197,0.0027569232864473195,0.003328269636791221,Easy-Axis (Uniaxial),74061.10738789504,74.06110738789504,930.6793416264055,30.127237662128266,Hard Magnet,71.74237062301302,7.895144290522012,733.9149367470079,0.9222647094576871,98.478117421261,12.375125449610424,30.08025345056158,265.37914971340615,13.923854161507037,1.097919339903755,0.06382071747162785,Soft / Non-Viable,548.113941158225,16.703719374060093
mp-1224758,Fe23(BC)3,3m,160,R3m,trigonal,3,"B,C,Fe",29,292.0389878261366,7.692614911174937,0,1,0,Fe23(BC)3,0.0,-0.2,0.0,2.115469100573108,0,FM,0.9308594127710579,0.06725042036449085,0.0018901668644513198,0.9308594127710579,0.8636089924065671,0.23673312655697287,True,False,634.432335815772,181.16563236186525,13.595339273384411,10.523002010743028,634.432335815772,0.0,13.595339273384411,,590.5673115604402,12.183464931934244,602.7507764923745,12.675120415455664,0.1,True,187.75530445130605,0.00018775530445130605,0.0002644726361852749,Easy-Axis (Uniaxial),57.62735233422832,0.05762735233422832,0.7241666810245201,0.030720362653931892,Soft Magnet,131.36130096527012,6.130437391866792,1010.5119025567756,1.2698467077749644,142.14252400316246,17.86215671384909,41.36292711246082,555.7395558181834,43.934573318655,3.0675771589400234,0.012096221823264426,Soft / Non-Viable,564.9643705759275,11.57447387275289
mp-1191478,Tm2Fe17C3,-3m,166,R-3m,trigonal,3,"C,Fe,Tm",22,265.9138978842664,8.26332926559214,1,0,0,Tm2Fe17C3,0.0,-0.2,0.0,2.2724155480378387,0,FM,0.9294279394333175,0.06870392509923293,0.0018681354674495692,0.9294279394333175,0.8607240143340845,0.24007001303113867,True,False,631.8915721942005,212.3164679665909,15.387402815940334,24.405649366403267,631.8915721942005,0.0,15.387402815940334,,587.2976818897351,14.586974712510347,601.8846566022455,14.399441907148852,1.0,False,67195.33935596529,0.06719533935596529,0.036108846242475186,Easy-Axis (Uniaxial),41194.7593379374,41.1947593379374,517.6686232665778,18.206919919398928,Hard Magnet,71.11522014589465,4.399593476134349,587.6484798605991,0.738460858889307,108.48885029071342,13.633111267638116,13.191804053502327,436.280977411002,9.656871224049866,2.0548616957948505,0.3935020749366634,Semi-Hard (0.1 <= kappa < 1.0),558.6440770741385,13.0005414335119
mp-1190821,Y2Fe17C3,-3m,166,R-3m,trigonal,3,"C,Fe,Y",22,269.0174645391743,7.180030712951266,1,0,0,Y2Fe17C3,0.0,-0.2,0.0,1.9745084460615985,0,FM,0.9272173283424798,0.07089803155038528,0.0018846401071349532,0.9272173283424798,0.8563192967920945,0.2453314170660027,True,False,624.0809710055737,309.51464411832364,5.308820997958264,33.1020929860471,624.0809710055737,0.0,5.308820997958264,,578.6586906051687,21.943979004007183,600.6026696091758,5.4532686686439,1.0,False,10160.03766471599,0.01016003766471599,0.01031077428433856,Easy-Axis (Uniaxial),2088.010442473202,2.088010442473202,26.23871357650855,0.8361257578588596,Soft Magnet,105.87135033091434,2.4774967917941737,760.1595469975882,0.9552446593615073,66.32254453937462,8.334336909602003,1.129969758103479,322.45628148893695,4.9313277786519905,1.041812681941039,0.11828726020704462,Semi-Hard (0.1 <= kappa < 1.0),568.5967624980987,18.827783760243367
mp-1218042,TaCo4Mo,-3m,164,P-3m1,trigonal,3,"Co,Mo,Ta",12,148.64952189519585,11.452800151832394,1,0,0,TaCo4Mo,0.0,-0.2,0.0,2.433720032264384,0,FM,0.8952077559548925,0.1017796310062941,0.003012613038813456,0.8952077559548925,0.7934281249485985,0.31780817059664573,True,False,642.8822362364679,233.57084817316584,38.178492196734055,16.100964282723368,642.8822362364679,0.0,38.178492196734055,,575.5131640445115,23.772754740891962,599.2859187854035,34.21694713662376,6.35,True,2023.1258791156474,0.002023125879115647,0.003454287741985033,Easy-Axis (Uniaxial),64967.02458610931,64.96702458610932,816.3997245213917,18.97379292639481,Hard Magnet,67.8679004282098,7.129574223470989,777.2775003287469,0.9767557139333717,103.6379753448939,13.02353233206508,29.050007768254186,214.7041896546188,1.529152653323564,0.9192251144947695,0.05162147673632953,Soft / Non-Viable,510.54089244951945,22.00152583288822
mp-1393149,Mg(FeO2)4,m,8,Cm,monoclinic,3,"Fe,Mg,O",13,154.53911437352917,4.036723337315402,0,1,0,Mg(FeO2)4,0.0323082340960538,-2.483845882951973,2.5,1.1100989177617355,0,FM,0.8543514709498556,0.14347900168204802,0.0021695273680963933,0.8543514709498556,0.7108724692678077,0.38809503643020604,True,False,664.1977099158973,216.79762632425332,28.132049196235755,25.618375092333764,664.1977099158973,0.0,28.132049196235755,,567.4582904681724,31.10590699204156,598.564197460214,24.314101439018472,0.1,True,553.9741448867215,0.0005539741448867216,0.0002815848654124648,Easy-Axis (Uniaxial),6341.929342342804,6.341929342342804,79.6950360741904,0.5200650890172684,Soft Magnet,52.00388902920035,5.381231458769719,209.92531247533344,0.2637999277900197,13.84457056807257,1.7397600813487246,2.5989741480096016,204.19911731842998,19.74417325210632,0.9418881598501435,0.10001727262332971,Semi-Hard (0.1 <= kappa < 1.0),518.8078627413901,27.573912789072736
mp-1219062,SmV2(FeCo)5,mm2,44,Imm2,orthorhombic,4,"Co,Fe,Sm,V",13,167.6508928026172,8.182645011409464,0,1,0,SmV2(FeCo)5,0.0,-0.2,0.0,3.989039443062114,0,FM,0.9298691222978013,0.06824659473338753,0.001884282968811238,0.9298691222978013,0.8616225275644137,0.2390754246697917,True,False,628.0727953354885,209.4173640853849,37.34085404428396,4.101777767436403,628.0727953354885,0.0,37.34085404428396,,584.0254989377373,14.292021976869526,598.3175209146068,34.723235576069136,4.5,False,596.3564558978028,0.0005963564558978028,0.003464542415487325,Easy-Axis (Uniaxial),53900.017560512184,53.90001756051218,677.3276099442742,9.317800130262551,Hard Magnet,85.54091166944144,6.486868204541693,699.9509141433726,0.8795842598985117,86.69800634428518,10.894793004136117,8.453175550378354,349.91930149213965,8.335319266846653,1.6709182785314234,0.03112292781638403,Soft / Non-Viable,519.3786865148596,14.004799108760883
mp-1225248,Fe9BP2,1,1,P1,triclinic,3,"B,Fe,P",48,514.5751041001117,7.42681566069401,0,1,1,Fe9BP2,0.0,-0.6,0.5,2.042374306690853,0,FM,0.9310094478886766,0.0669420170659075,0.0020485350454159884,0.9310094478886766,0.864067430822769,0.23688261598657154,True,False,631.1551442221153,152.1905175700656,18.210877153513763,1.0028682095119308,631.1551442221153,0.0,18.210877153513763,,587.6114023543296,10.187940224444626,597.7993425787743,16.954631597630442,0.1,True,2462.1706953691805,0.0024621706953691807,0.0010719355884228371,Easy-Axis (Uniaxial),70.46937543219371,0.07046937543219371,0.8855443058467894,0.02700345706903442,Soft Magnet,125.39807043169235,0.29037130461067306,931.3083533029032,1.1703165923852834,130.4662984096854,16.39487890349937,32.71529958841468,290.54242508564175,12.31470576603644,1.9090704843150401,0.04752921578716493,Soft / Non-Viable,553.9830136644099,10.13710930117216
mp-1224927,Fe3Ni3Pt2,mmm,47,Pmmm,orthorhombic,3,"Fe,Ni,Pt",8,97.1054580184494,12.54796276730022,1,0,0,Fe3Ni3Pt2,0.0,-0.2,0.0,4.391786968555078,0,FM,0.9220751315276291,0.07308378356372924,0.00484108490864169,0.9220751315276291,0.8489913479638999,0.26561750547936835,True,False,623.6730577548872,300.1083720306056,0.5470944971610834,0.051953342021135995,623.6730577548872,0.0,0.5470944971610834,,575.0734167595762,21.933055307147914,597.0064720667241,0.5044765195063783,3.7875,False,9495.140927377002,0.009495140927377002,0.0021268851298361226,Easy-Axis (Uniaxial),58193.57776230024,58.193577762300244,731.2820797431765,6.989871012184191,Hard Magnet,71.23498933892108,5.423656739710751,893.8539939538099,1.1232500563148737,178.87603201862174,22.47822556040318,18.261629095270475,182.7991982922797,11.14076090931259,0.6091106257896647,0.09724766681470558,Soft / Non-Viable,574.0265941233462,21.92735930915887
mp-36806,Fe11(NiO3)8,2/m,12,C2/m,monoclinic,3,"Fe,Ni,O",43,463.2619146760051,5.261355037250459,1,0,0,Fe11(NiO3)8,0.0,-2.5,2.5,1.8414742630376608,0,FM,0.6879025287982173,0.3087882023116907,0.0033092688900921317,0.6879025287982173,0.37911432648652665,0.5817395019145417,False,True,779.7674514062257,195.1430027768365,13.660840019451257,1.7229305237826367,779.7674514062257,0.0,13.660840019451257,,536.4040016968837,60.25785702116461,596.6618587180483,9.412374265362788,0.8255813953488372,True,1643.4529728935117,0.0016434529728935117,0.0006033493303232928,Easy-Axis (Uniaxial),2579.141340286631,2.5791413402866312,32.410446578493016,0.40456284579174695,Soft Magnet,59.256849514710154,4.124191570996214,311.77132368581266,0.3917834000365258,30.536707306878977,3.837355888152636,0.8383038568792689,315.4530164573016,18.674522378545277,1.6165223039949341,0.11599453862363035,Semi-Hard (0.1 <= kappa < 1.0),513.0420504487771,59.743190191320714
mp-1205177,Ho2Al3Co14,6/mmm,194,P6_3/mmc,hexagonal,3,"Al,Co,Ho",38,491.17422627607647,8.356343984437856,1,0,0,Ho2Al3Co14,0.0,-0.2,0.0,1.7757230966930444,0,FM,0.9251559289806854,0.07291359503179282,0.0019304759875217949,0.9251559289806854,0.8522423339488926,0.2502783727415161,True,False,632.8343066675159,148.03765503021503,69.70018032611677,10.666825724983255,632.8343066675159,0.0,69.70018032611677,,585.4704108758336,10.793957628329347,596.264368504163,64.48822529520403,6.963157894736842,False,32157.563293373183,0.03215756329337318,0.006755592603503256,Easy-Axis (Uniaxial),128638.59199664056,128.63859199664057,1616.5202537431833,49.86796753373996,Hard Magnet,47.43103370923748,2.473796757588701,396.3500332118558,0.49806814103537467,49.352331060284506,6.201796948342854,0.9118436794256515,301.31251611433413,25.25771056105563,2.0353775264329546,0.40360611318514583,Semi-Hard (0.1 <= kappa < 1.0),475.0907156924161,10.247420391115977
mp-1220102,PrGa3Co10,mm2,42,Fmm2,orthorhombic,3,"Co,Ga,Pr",28,369.50489173653966,8.443323576304266,0,1,0,PrGa3Co10,0.0,-0.2,0.0,1.7942062599646564,0,FM,0.9269694199894518,0.07091233443336144,0.0021182455771867415,0.9269694199894518,0.8560570855560904,0.24667021068853542,True,False,632.9711234334409,133.28756092518472,7.79801497434471,5.779959783106406,632.9711234334409,0.0,7.79801497434471,,586.7448751591684,9.451732096133737,596.1966072553021,7.240132296212756,7.714285714285714,False,3415.9366726939847,0.0034159366726939848,0.00236390173457053,Easy-Axis (Uniaxial),23692.088508596906,23.692088508596907,297.7235706110901,7.311658837644351,Hard Magnet,56.38261682005936,6.855051575017569,476.05667789053666,0.598230464781309,71.19790191917542,8.946992398624312,7.840975205566973,287.57857170306204,46.96738293565325,2.157579970005468,0.1095194645385074,Semi-Hard (0.1 <= kappa < 1.0),571.8797847426738,9.186251281316153
mp-1220539,NdFe5Bi4O15,1,1,P1,triclinic,4,"Bi,Fe,Nd,O",25,348.3796773459297,7.146738362896445,0,1,1,NdFe5Bi4O15,0.0,-2.5,2.5,6.432064526606801,1,AFM,0.2301147084332175,0.7649114854371037,0.004973806129678842,0.7649114854371037,0.5347967770038863,0.5183364763613602,False,True,884.148395463303,513.237124833553,109.70088295925223,11.088322050572714,0.0,513.237124833553,,11.088322050572714,203.45555023373504,392.5809715379013,596.0365217716363,26.630547291854313,0.96,False,73.71002675859815,7.371002675859814e-05,4.9047620000184154e-05,Easy-Axis (Uniaxial),34645.83644945461,34.64583644945461,435.37242952627935,7.157214105221641,Hard Magnet,48.104717450372064,1.2932302674583411,343.79182963886814,0.43202155454306473,0.0,0.0,3.039345144306181,43.52088605957417,13.269516126404994,0.08479683942132663,0.022277312709461466,Soft / Non-Viable,148.97860270462502,371.958967435296
mp-1217473,TbHoFe4,-43m,216,F-43m,cubic,3,"Fe,Ho,Tb",6,97.50872240941494,9.31922998771515,0,0,0,TbHoFe4,0.0,-0.2,0.0,2.5627882466216665,0,FM,0.928550875039614,0.06952702536972127,0.00192209959066469,0.928550875039614,0.8590238496698928,0.242321017617165,True,False,625.5328823346854,217.14850191177695,3.2780557445190084,36.08919796369466,625.5328823346854,0.0,3.2780557445190084,,580.839105257924,15.097689401417083,595.936794659341,3.944734255269805,3.4,False,4.259337842256113,4.259337842256113e-06,2.980482284432276e-06,Easy-Axis (Uniaxial),18889.30519014407,18.88930519014407,237.37001427846437,6.906381171924885,Hard Magnet,58.51275478720971,2.008300903957398,545.2938190767879,0.6852364224238235,93.41379643850047,11.73872409345264,12.6791989516747,455.4872421684812,47.3989247424916,2.0975840871954827,0.0033762573094575712,Soft / Non-Viable,574.5609623802343,12.789818027793695
mp-755444,LiZn(FeO2)4,3m,160,R3m,trigonal,4,"Fe,Li,O,Zn",14,152.7422401155755,4.606533520482207,0,1,0,LiZn(FeO2)4,0.0,-2.5,2.5,1.2667967181326072,0,FM,0.8640187901376704,0.13364251824260615,0.0023386916197234474,0.8640187901376704,0.7303762718950642,0.372671047440386,True,False,645.6682082048195,284.0162520582599,32.6703531439058,18.732063472800633,645.6682082048195,0.0,32.6703531439058,,557.8694640834856,37.95664714689263,595.8261112303782,28.338589386819752,0.6214285714285714,True,20.60010905092936,2.0600109050929358e-05,1.1859262542076476e-05,Easy-Axis (Uniaxial),2130.8097197440393,2.130809719744039,26.77654516716904,0.030941749532067197,Soft Magnet,53.85622560062167,2.0277547776396325,248.09050851591573,0.31175972759158277,19.336157338244785,2.4298532409040883,3.348789464786795,344.6676206933582,20.73848539082161,1.213548936708935,0.016319982112273767,Soft / Non-Viable,503.08312010192594,34.70606599165791
mp-1106291,Pr2Al3Co14,-3m,166,R-3m,trigonal,3,"Al,Co,Pr",19,254.41698285701128,7.752742011273338,1,0,0,Pr2Al3Co14,0.0,-0.2,0.0,1.6474576773955842,0,FM,0.9279218076922116,0.07016619596850082,0.0019119963392877214,0.9279218076922116,0.8577556117237107,0.24376926601824453,True,False,631.3067277174882,138.3197513376049,47.34912398408528,12.43268196513634,631.3067277174882,0.0,47.34912398408528,,585.8032799918665,9.70537077866869,595.5086507705352,43.9449441516637,6.963157894736842,False,22037.133448852026,0.022037133448852025,0.00019583746321829982,Easy-Axis (Uniaxial),186484.6020700086,186.4846020700086,2343.434669008811,1.6493164840454366,Hard Magnet,59.438752013896824,0.3027584271492074,460.8133098357957,0.5790750835426132,66.71137647267787,8.383198972357109,3.601663262582996,259.885425993162,21.307064514782198,1.8788743001629957,0.28737408686918675,Semi-Hard (0.1 <= kappa < 1.0),505.9491211085132,9.137361246760985
mp-1219005,SmYCo4,-43m,216,F-43m,cubic,3,"Co,Sm,Y",6,93.69231390358824,8.418553773899992,0,0,0,SmYCo4,0.0,-0.2,0.0,1.7889426769537482,0,FM,0.9187887753726807,0.07880846024988547,0.0024027643774337725,0.9187887753726807,0.8399803151227951,0.26628440340397885,True,False,628.1464075754325,231.81078346118412,42.14769428760104,8.071140022161387,628.1464075754325,0.0,42.14769428760104,,577.1338685709803,18.268650913895538,595.4025194848758,38.73005198016543,8.666666666666666,False,1247.558166687363,0.0012475581666873629,0.002651169593104565,Easy-Axis (Uniaxial),42417.74600798321,42.41774600798321,533.0371273173577,14.61490459107093,Hard Magnet,57.02671722756685,5.009082023876601,480.0824855292606,0.6032894438623413,72.40717392574953,9.098954003658262,6.7825773694848746,338.65421023661816,16.99467699123406,1.4609079231783217,0.06563108855403847,Soft / Non-Viable,506.03924405159563,17.560004632982512
mp-1192884,Fe23C6,m-3m,225,Fm-3m,cubic,2,"C,Fe",29,284.9250954560707,7.905656449647533,1,0,0,Fe23C6,0.0,-0.2,0.0,2.174055523653072,0,FM,0.928834419403222,0.06923852532580373,0.0019270552709742751,0.928834419403222,0.8595958940774182,0.24166765884541683,True,False,625.423119157865,204.06376218811272,31.330633124760197,12.399308805762587,625.423119157865,0.0,31.330633124760197,,580.9145197643477,14.129073966340432,595.0435937306881,29.113631154905292,0.1,True,276.1928760409483,0.0002761928760409483,0.0002493930561606799,Easy-Axis (Uniaxial),3360.640094678786,3.360640094678786,42.23104975162927,1.379366737370191,Soft Magnet,78.23415718872242,10.817727991738522,618.4923693617623,0.7772204335553029,120.17622686649885,15.101790351779071,39.91525352423623,588.1253167922731,2.916468977492741,2.8820664212302414,0.023969940627935553,Soft / Non-Viable,525.9832279488705,13.304256069177093
mp-531066,TiFe11O16,1,1,P1,triclinic,3,"Fe,O,Ti",84,931.2424490239476,4.911592892980727,0,1,1,TiFe11O16,0.0,-2.5,2.5,1.3506880455697,0,FM,0.7701755440139886,0.22736633402871673,0.0024581219572945797,0.7701755440139886,0.5428092099852718,0.5030562955415143,False,True,709.9358721273231,211.307448850383,10.475446855334496,9.708415903825113,709.9358721273231,0.0,10.475446855334496,,546.7752465307066,48.04419999807215,594.8194465287787,8.364449256079888,0.09999999999999999,True,1195.2974596241847,0.0011952974596241847,0.0006143994487086453,Easy-Axis (Uniaxial),3732.1463003413946,3.7321463003413946,46.89953450821438,1.018793894798236,Soft Magnet,57.43712466135677,2.5500134252407776,282.10777327996794,0.3545070832227689,25.002300964987906,3.141881862415066,11.77651332361773,323.75609201298266,73.98539718568438,1.532156550913732,0.1093246292582121,Semi-Hard (0.1 <= kappa < 1.0),528.3270404169599,45.820001825874094
mp-1017529,VCo3,m-3m,221,Pm-3m,cubic,2,"Co,V",4,42.054621736993006,8.992423510685715,1,0,0,VCo3,0.001,-0.1995,0.0,1.9108899960207144,0,FM,0.9095900457525432,0.08708194858644495,0.0033280056610118947,0.9095900457525432,0.8225080971660983,0.2892196691257461,True,False,634.2350847495816,205.81835388532693,11.361608406190385,12.225931548349507,634.2350847495816,0.0,11.361608406190385,,576.8939197552401,17.923063311188773,594.8169830664289,10.389102080901539,7.0,True,625.6206814195649,0.0006256206814195649,0.0005977840838455579,Easy-Axis (Uniaxial),5636.982933122756,5.636982933122756,70.83641806057362,0.5442946211219245,Soft Magnet,83.69955414219686,9.783418481166791,752.661838502203,0.9458227609903632,69.38505973019356,8.719183926077765,1.75697830727858,277.3334459161775,9.985137658890949,1.3474670294501319,0.029644949816061337,Soft / Non-Viable,555.8430174242739,16.89054978383311
mp-690495,Fe5SnO8,-3m,166,R-3m,trigonal,3,"Fe,O,Sn",14,165.95410544634012,5.262464837950589,1,0,0,Fe5SnO8,0.0,-2.5,2.5,1.4471778304364122,0,FM,0.8669223621272485,0.13096130521020002,0.0021163326625514823,0.8669223621272485,0.7359610569170485,0.3668803363345281,True,False,646.6836404955666,247.3905034108912,26.00926319206627,8.497616643312512,646.6836404955666,0.0,26.00926319206627,,560.6245091674649,32.39858322329875,593.0230923907636,22.575457802344044,0.2357142857142857,True,1445.005338838265,0.001445005338838265,0.0004527662718684867,Easy-Axis (Uniaxial),5332.097770626162,5.332097770626162,67.00511803939182,0.08197875476991547,Soft Magnet,66.53309327995746,4.647172373399407,350.1280639458628,0.43998390140317595,38.51267789141035,4.839645931368557,1.1235343617160969,261.07037524541954,4.475941576540521,1.0552966732591487,0.09685072397704468,Soft / Non-Viable,515.8974659292211,31.078132925351042
mp-1222046,MgFe4CuO8,2/m,12,C2/m,monoclinic,4,"Cu,Fe,Mg,O",14,154.09699425364403,4.733072625626649,1,0,0,MgFe4CuO8,0.0,-2.5,2.5,1.3015949720473283,0,FM,0.7880723736874163,0.2096828167585144,0.00224480955406928,0.7880723736874163,0.5783895569289019,0.4814627435353435,False,True,675.6960908463273,287.2178644880699,15.575938671623135,28.311640657165583,675.6960908463273,0.0,15.575938671623135,,532.4974222045732,60.224650849223785,592.722073053797,13.635117358317645,0.2357142857142857,True,141.81981296195173,0.00014181981296195172,1.0671004309537824e-05,Easy-Axis (Uniaxial),858.5114028701349,0.8585114028701349,10.788372674704723,0.343637608986671,Soft Magnet,40.62544472363732,1.9312262781231553,192.2831803253564,0.24163017068760845,11.615354420593016,1.459628513019202,1.7862121587105455,353.39843566533625,1.4888904542653165,1.2304194110461235,0.055248720598905274,Soft / Non-Viable,506.2148506436076,52.75653109572065
mp-1217662,Tb4Fe34C3,-1,2,P-1,triclinic,3,"C,Fe,Tb",41,531.3136343382315,8.033588432751623,1,0,0,Tb4Fe34C3,0.0,-0.2,0.0,2.2092368190066964,0,FM,0.9282729994793837,0.06985972054432896,0.0018672799762873304,0.9282729994793837,0.8584132789350547,0.24279606570592677,True,False,623.1386934206314,204.27678859792175,4.2072542906602735,3.8130479529809804,623.1386934206314,0.0,4.2072542906602735,,578.4428240332336,14.270719365143778,592.7135433983774,3.9145543667906675,1.0658536585365854,False,660.971641535743,0.0006609716415357429,0.0007995605116030726,Easy-Axis (Uniaxial),173397.38215111382,173.39738215111382,2178.9758100014215,82.72404770552924,Hard Magnet,78.19191506600991,1.8129562926029763,628.1616644089946,0.7893712280696138,102.25570335855126,12.849830907988311,22.865307895462774,388.1449451213379,28.788517842206147,1.9000932400857549,0.03651027068129076,Soft / Non-Viable,570.4428305452736,14.003734803510703
mp-641595,Fe21(WC3)2,m-3m,225,Fm-3m,cubic,3,"C,Fe,W",29,287.393669002726,9.31684168305794,1,0,0,Fe21(WC3)2,0.0,-0.2,0.0,2.562131462840933,0,FM,0.9266364289290923,0.07135566641353851,0.002007904657369232,0.9266364289290923,0.8552807625155537,0.24709273156070805,True,False,624.5371697807507,195.9098104080941,9.720641702855005,23.226508316467942,624.5371697807507,0.0,9.720641702855005,,578.718892739117,13.979275078619537,592.6981678177365,9.15870377683496,0.43793103448275866,True,1432.7062384262317,0.0014327062384262316,0.00222650333645123,Easy-Axis (Uniaxial),15136.433466147708,15.136433466147707,190.21003641040244,0.8258857050159281,Hard Magnet,80.99748272404311,2.3215808211870836,754.6407232661302,0.9483095009250251,107.42532538141802,13.499464783363685,17.561703678113908,453.082952511399,47.25929397796375,2.312711913546315,0.044743855759484155,Soft / Non-Viable,560.5556893695882,12.524744649771733
mp-1225360,Fe4Co(BiO3)5,1,1,P1,triclinic,4,"Bi,Co,Fe,O",25,353.8184085240033,7.35520553242895,0,1,1,Fe4Co(BiO3)5,0.0594460247752761,-2.470276987612362,2.5,3.585662697059113,1,AFM,0.21934437875053175,0.7758530636374221,0.0048025576120460925,0.7758530636374221,0.5565086848868903,0.5054689646741097,False,True,803.6067808739549,536.5852103892989,48.21333430359499,4.76926249688762,0.0,536.5852103892989,,4.76926249688762,176.26663011051235,416.31127938306827,592.5779094935806,11.2039859878438,0.9960000000000001,True,53.818308939093384,5.381830893909338e-05,2.215786493607033e-05,Easy-Axis (Uniaxial),9007.50328898208,9.007503288982079,113.19162683837622,4.184612949991046,Soft Magnet,53.13919799718673,3.3415374485022262,390.8497230977452,0.4911562474965925,0.0,0.0,8.428492501086458,40.3325891396319,3.8975443604410387,0.07516530153779327,0.016743655624834854,Soft / Non-Viable,151.86089624887686,406.61501077525827
mp-1193426,Fe25Mo4,-43m,217,I-43m,cubic,2,"Fe,Mo",29,346.1852844275315,8.537533839926626,0,0,0,Fe25Mo4,0.0,-0.2,0.0,2.347821805979822,0,FM,0.9072543912657753,0.09044233173496212,0.0023032769992625927,0.9072543912657753,0.8168120595308133,0.29094050437886093,True,False,628.8486577093673,233.57226223867005,19.35573609904236,17.488345568171752,628.8486577093673,0.0,19.35573609904236,,570.5257061484119,21.124820025475362,591.6505261738873,17.63166420171008,0.1,True,26.484380874278713,2.6484380874278713e-05,1.0477516984178655e-05,Easy-Axis (Uniaxial),5020.180856613483,5.020180856613483,63.085454420874186,3.1221950582934594,Soft Magnet,125.50638739525154,0.03921959017894494,1071.5150295139006,1.3465054979727682,86.61475815885106,10.884331728421506,7.938833245838553,171.1349328817223,5.33753398675789,0.7326851709251859,0.00428441679825696,Soft / Non-Viable,535.9468846097135,19.42616278613769
mp-1225909,Dy2Fe15Co2C,2/m,12,C2/m,monoclinic,4,"C,Co,Dy,Fe",20,260.2661975651218,8.246684602683223,1,0,0,Dy2Fe15Co2C,0.0,-0.2,0.0,10.205272195820488,0,FM,0.9291928966747258,0.06893846138918824,0.0018686419360858964,0.9291928966747258,0.8602544352855376,0.24062856018060558,True,False,618.5299662480265,232.70321495053344,13.186826459138217,9.405426693228534,618.5299662480265,0.0,13.186826459138217,,574.7336510181242,16.04220159900732,590.7758526171315,12.270249007515595,1.8800000000000001,False,8973.890923559502,0.008973890923559501,0.005130956230304333,Easy-Axis (Uniaxial),206945.00888806555,206.94500888806556,2600.547728999999,52.31805804659702,Hard Magnet,104.02526671175602,18.332697116413037,857.8635652818539,1.078023149788728,107.22566869694603,13.47437518394918,7.649102220434781,494.3839707049238,109.95330024392678,2.1245257432735376,0.0985070329213311,Soft / Non-Viable,550.5343160655995,15.321667496715424
mp-1365499,Fe14Ni11O32,1,1,P1,triclinic,3,"Fe,Ni,O",57,619.7096119655303,5.196809668065972,0,1,1,Fe14Ni11O32,0.0,-2.5,2.5,1.8188833838230904,0,FM,0.6909774042202286,0.3056777576813287,0.0033448380984428022,0.6909774042202286,0.38529964653889986,0.5796237591057293,False,True,772.3522743922713,183.27018017726581,24.428008916359886,10.203012637758633,772.3522743922713,0.0,24.428008916359886,,533.6779697031614,56.021617726439715,589.699587429601,17.164923311459034,0.8526315789473684,True,1645.3850754383939,0.0016453850754383939,0.0005177193892972431,Easy-Axis (Uniaxial),2576.410062132917,2.576410062132917,32.37612432429577,0.753115056349065,Soft Magnet,62.62533990075704,0.9205912826514151,325.4519718621719,0.4089750095594045,33.2754308258647,4.1815140423369455,0.033103584570056355,293.17280713231787,46.0405921667228,1.5996754455566644,0.11118390867930635,Semi-Hard (0.1 <= kappa < 1.0),493.49435471283346,53.302392790137006
mp-1215812,YV2Fe10N,mmm,71,Immm,orthorhombic,4,"Fe,N,V,Y",14,173.86403870915063,7.289598610294037,1,0,0,YV2Fe10N,0.0,-0.6,0.5,2.0046396178308603,0,FM,0.9237940092126845,0.07428293734972333,0.0019230534375922078,0.9237940092126845,0.8495110718629612,0.2533909004748327,True,False,613.7218112578305,277.18168754015505,22.27047053974013,37.47778145760461,613.7218112578305,0.0,22.27047053974013,,566.9525325631416,20.589869930035924,587.5424024931775,20.760833952426438,1.364285714285714,False,2895.69598836357,0.00289569598836357,0.0018683906007451755,Easy-Axis (Uniaxial),5703.047400717865,5.703047400717865,71.66660866094215,4.09865256799273,Soft Magnet,101.1661907984466,7.512557680954004,737.4609238530978,0.9267207282745735,76.29790583698967,9.587877804734138,2.7259302880776315,158.61602497268734,46.47775495930786,0.572245686142988,0.06509273761322165,Soft / Non-Viable,527.773331152811,17.340460066333996
mp-1220136,NdV2(FeCo)5,mm2,44,Imm2,orthorhombic,4,"Co,Fe,Nd,V",13,168.41240431410455,8.0853222728558,0,1,0,NdV2(FeCo)5,0.0,-0.2,0.0,8.994921028552078,0,FM,0.9296988900097313,0.0684070121686255,0.0018940978216432885,0.9296988900097313,0.8612918778411057,0.23951200653518417,True,False,616.9914119012127,202.5415785936221,12.381444371566431,13.762274770552168,616.9914119012127,0.0,12.381444371566431,,573.6162307900944,13.855264231506526,587.471495021601,11.549448917778312,4.5,False,3549.9946612838003,0.0035499946612838,0.013792946048572742,Easy-Axis (Uniaxial),63702.56475180516,63.70256475180516,800.5100533078667,2.807813166370962,Hard Magnet,90.10216103772882,9.087214447012208,728.5050094707889,0.9154663943427171,93.89655260912598,11.799389024195664,7.457702407883568,339.1971707486781,10.54027460436373,1.674703895881254,0.07295858046762427,Soft / Non-Viable,550.8805735347698,12.963245499121365
mp-1225715,DyTiFe11C,mm2,44,Imm2,orthorhombic,4,"C,Dy,Fe,Ti",14,176.80791077444405,7.857836791144283,0,1,0,DyTiFe11C,0.0,-0.2,0.0,8.05428271092289,0,FM,0.9300475832508376,0.0680918488578003,0.001860567891362104,0.9300475832508376,0.8619557343930373,0.23857334143860906,True,False,612.858078769719,247.0901432720147,7.536669125090441,7.743086924326221,612.858078769719,0.0,7.536669125090441,,569.9871750355286,16.824824689930246,586.8119997254588,7.029262078538304,0.807142857142857,False,1228.414608914535,0.0012284146089145348,0.002597774501280254,Easy-Axis (Uniaxial),194215.51131644793,194.21551131644793,2440.5841416728617,39.324618658151884,Hard Magnet,97.16597163260359,8.591761980924716,763.5143467419542,0.9594604250539733,67.27214191597314,8.453666837607821,2.4330447451919457,350.8185380739048,14.59588314968795,1.4197998083950212,0.04094966490849524,Soft / Non-Viable,556.0187440318083,16.197722811405953
mp-1227447,Fe5GeP,m,8,Cm,monoclinic,3,"Fe,Ge,P",42,490.2596453072466,7.780188242900056,0,1,0,Fe5GeP,0.0,-0.6,0.5,2.139551766797516,0,FM,0.9298142749468638,0.06827314724411261,0.0019125778090236234,0.9298142749468638,0.8615411277027512,0.23929807384516388,True,False,615.1760506590069,214.90381938241342,29.50199062027184,7.26654160629603,615.1760506590069,0.0,29.50199062027184,,571.9994735081797,14.672160104017692,586.6716336121974,27.435857843229524,0.9428571428571428,True,745.5751630375211,0.000745575163037521,0.0007538864427081775,Easy-Axis (Uniaxial),1724.0072192270802,1.7240072192270801,21.66451407951371,0.8414364728975723,Soft Magnet,87.98102335030643,6.6095509846332945,684.5089234683694,0.8601792821139549,147.20009859740452,18.497710293806087,29.6490690876101,400.3606675302322,135.44303086632584,1.862976045194456,0.03558456571771841,Soft / Non-Viable,520.7854487598856,14.157769980923929
mp-1224713,Fe2NiP,-4,82,I-4,tetragonal,3,"Fe,Ni,P",16,179.73758383260264,7.441102237565599,0,0,0,Fe2NiP,0.0062013119029638,-0.5968993440485181,0.5,2.60438578314796,0,FM,0.898690220061462,0.09914161934785562,0.0021681605906823187,0.898690220061462,0.7995486007136064,0.30805337257475746,True,False,627.7214816172375,224.56161456207997,41.06722667781503,33.522583184555614,627.7214816172375,0.0,41.06722667781503,,564.1271564519021,22.263402111053605,586.3905585629557,37.056054176113946,1.075,True,1330.329521351277,0.001330329521351277,0.0005999860181659488,Easy-Axis (Uniaxial),3715.046835644827,3.7150468356448267,46.68465629335573,1.0968145355107635,Soft Magnet,83.95876035081768,3.9359422394502275,624.7457195097033,0.7850786251093415,79.52941251629629,9.993960918372535,26.110332961369014,266.7368901436985,49.775516870686104,1.187811597560273,0.052080050069687675,Soft / Non-Viable,496.20172710243827,19.06745104259024
mp-1212682,Fe3SiNi,23,198,P2_13,cubic,3,"Fe,Ni,Si",20,228.09543514206132,7.405639949899041,0,0,1,Fe3SiNi,0.0,-0.2,0.0,2.5919739824646646,0,FM,0.9281055278752971,0.06995375819084546,0.0019407139338574267,0.9281055278752971,0.8581517696844516,0.24343113613955436,True,False,616.5470182623328,202.22494648841376,12.97046204613008,13.744502025674251,616.5470182623328,0.0,12.97046204613008,,572.2206958443028,14.146395006807158,586.36709085111,12.076293484262111,0.88,True,915.2343723681294,0.0009152343723681294,0.00023066654584387816,Easy-Axis (Uniaxial),3772.170660274849,3.772170660274849,47.40249545851167,0.7158652344514703,Soft Magnet,105.40743834874458,2.2113612681999513,780.6095364519831,0.9809428740158735,142.26193474291867,17.877162310251716,0.23977430472805727,696.1376197065186,38.88159137017453,3.4423924040766307,0.03457222863160277,Soft / Non-Viable,548.5061038379661,13.236733457694216
mp-1193306,Fe5HO8,mm2,36,Cmc2_1,orthorhombic,3,"Fe,H,O",28,285.417897233003,4.750078968938321,0,1,0,Fe5HO8,0.0,-2.5,2.5,1.3062717164580384,0,FM,0.8262952537377494,0.17139403476279935,0.0023107114994513085,0.8262952537377494,0.65490121897495,0.4314436447649948,True,False,640.1729710813046,332.54112829354,2.017257095083778,6.436541167485245,640.1729710813046,0.0,2.017257095083778,,528.9718875756755,56.99556570280351,585.9674532784791,1.9988510239606414,0.1,True,2183.9752314103443,0.0021839752314103443,0.0012861364936366851,Easy-Axis (Uniaxial),6842.007194665367,6.842007194665367,85.97919982459064,1.662257076321021,Soft Magnet,56.059836313607526,2.8177036237417,266.2886494753919,0.33462818597049543,22.276921929620876,2.799400625531432,18.54875900519195,379.86239861775306,38.525903307914575,1.142302008076552,0.15655475658103546,Semi-Hard (0.1 <= kappa < 1.0),525.4387375047975,55.218485429439646
mp-1216299,Y2Ti2Fe22N,m,8,Cm,monoclinic,4,"Fe,N,Ti,Y",27,348.96861205560026,7.214441649683406,0,1,0,Y2Ti2Fe22N,0.0,-0.6,0.5,1.9839714536629367,0,FM,0.9156822039363586,0.08236129742343795,0.001956498640203481,0.9156822039363586,0.8333209065129206,0.2716946495086939,True,False,615.382885868227,269.14648805138324,23.903059946350254,17.976455338507577,615.382885868227,0.0,23.903059946350254,,563.4951571965347,22.167253952873764,585.6624111494085,21.93762506582228,0.8333333333333333,False,11075.49125280793,0.011075491252807929,0.0027880050893472827,Easy-Axis (Uniaxial),7767.978268839903,7.767978268839903,97.61529574689798,7.003199008450223,Soft Magnet,121.54771071428681,10.429478053349072,876.8988666008207,1.1019436149017416,75.410189057722,9.476324022078359,4.3613756755466015,257.77888776564004,200.62985122722137,0.9577642629928242,0.10705995548153906,Semi-Hard (0.1 <= kappa < 1.0),521.9109297299037,20.339126919417993
mp-1225179,Fe12Ge3As2,32,155,R32,trigonal,3,"As,Fe,Ge",17,216.7212820384401,7.952513002628845,0,0,1,Fe12Ge3As2,0.0,-0.6,0.5,2.186941075722933,0,FM,0.9082426718803754,0.08945620669274873,0.002301121426875857,0.9082426718803754,0.8187864651876267,0.28885374865236746,True,False,620.0024904269421,237.86709838551627,16.391748983750517,5.480157735719587,620.0024904269421,0.0,16.391748983750517,,563.1127184778528,21.278688318579142,584.391406796432,14.89575512579807,1.1411764705882352,True,210.58147764681632,0.00021058147764681633,3.542266802896817e-05,Easy-Axis (Uniaxial),5690.393212216151,5.690393212216152,71.50759143531644,3.692668350237282,Soft Magnet,82.08547597934982,6.034554713464132,652.7858150527572,0.8203148483749471,133.8724742240797,16.822911588428195,9.16610812930415,150.03673036452312,29.87948393792498,0.6307586521333665,0.019830535579040028,Soft / Non-Viable,533.9387518352512,20.711185501372785
mp-1216024,YFe11MoN,mm2,44,Imm2,orthorhombic,4,"Fe,Mo,N,Y",14,175.74091221605872,7.683260878443281,0,1,0,YFe11MoN,0.0,-0.6,0.5,2.1128967415719027,0,FM,0.924528723132681,0.07357610295307491,0.0018951739142441606,0.924528723132681,0.850952620179606,0.25160895670612327,True,False,610.8841002007621,262.9646731458449,7.15376409285642,27.225368528668298,610.8841002007621,0.0,7.15376409285642,,564.7798971406673,19.34791586440038,584.1278130050678,6.910550272323522,0.807142857142857,False,10694.57311068724,0.010694573110687241,0.006463920714063157,Easy-Axis (Uniaxial),6929.000601317103,6.929000601317103,87.07239123481939,5.897310082905317,Soft Magnet,130.16381849758955,13.905337095844189,1000.0825744513216,1.2567408275517757,68.53588966366573,8.61247406629863,4.663248361397685,141.14435479382124,44.35195323028344,0.5367426472358895,0.09224459633636903,Soft / Non-Viable,551.6258921410391,17.029714586608154
mp-1227797,Ce2HfCo16,-3m,164,P-3m1,trigonal,3,"Ce,Co,Hf",38,494.860131619408,9.406697440818164,1,0,0,Ce2HfCo16,0.0,-0.2,0.0,1.99892320617386,0,FM,0.927307604003145,0.07078269079438963,0.0019097052024653507,0.927307604003145,0.8565249132087555,0.2452026780913865,True,False,615.3873552685435,183.13796573640872,1.5157149073600067,5.23723067310236,615.3873552685435,0.0,1.5157149073600067,,570.6533739479053,12.962998001433741,583.616371949339,1.4535983332103581,7.794736842105262,False,15464.66094541303,0.01546466094541303,0.01315172012116557,Easy-Axis (Uniaxial),126512.94939645774,126.51294939645774,1589.8086405166907,32.77678619894777,Hard Magnet,66.42780253897753,10.857701804151649,624.8662401425743,0.7852300758032748,82.56398012599443,10.375295938158681,2.7717949794850214,310.1251822919263,3.6803098418072864,1.6933964568454958,0.17753263858723145,Semi-Hard (0.1 <= kappa < 1.0),567.7847081269749,12.632209038213867
mp-1225714,Fe5SiAs,m,8,Cm,monoclinic,3,"As,Fe,Si",42,504.9654793194914,7.541640307381344,0,1,0,Fe5SiAs,0.0,-0.6,0.5,2.07395108452987,0,FM,0.9291259637647995,0.06896120064861437,0.0019128355865861918,0.9291259637647995,0.8601647631161852,0.2409316930039011,True,False,611.6855889188278,207.1859812699833,21.488126116555065,3.943868576245876,611.6855889188278,0.0,21.488126116555065,,568.3329623252448,14.287794025939377,582.6207563511841,19.967028272366598,0.1,True,522.0071844128107,0.0005220071844128108,0.000516094326740183,Easy-Axis (Uniaxial),2202.772218344071,2.202772218344071,27.680852612480276,0.9779544086549425,Soft Magnet,87.7207961294436,8.771127210363929,661.5586918853932,0.8313391705382498,137.49491354359307,17.27812074744184,14.361594441078628,384.367126589182,162.5391710854227,1.855179217402333,0.030808100924951003,Soft / Non-Viable,530.3458350301838,14.011496521747876
mp-758216,Fe7(SiO6)2,4/mmm,141,I4_1/amd,tetragonal,3,"Fe,O,Si",42,439.3953219278925,4.830344168719496,1,0,0,Fe7(SiO6)2,0.0,-2.5,2.5,1.3283446463978617,0,FM,0.8767656358213952,0.12110218235131869,0.0021321818272861683,0.8767656358213952,0.7556634534700766,0.34960818738714405,True,False,633.0062378107602,219.3394375555002,1.1839654664864838,5.356107445042966,633.0062378107602,0.0,1.1839654664864838,,554.9981165730605,26.562484563681863,581.5606011367424,1.224049877189889,0.1,True,1396.4509867158204,0.0013964509867158204,0.00021697804068110776,Easy-Axis (Uniaxial),5340.3915436669195,5.34039154366692,67.10934066723809,0.2344558270154596,Soft Magnet,62.28851387128855,3.7831124171691854,300.8749597563821,0.3780906252879099,28.43950041694131,3.5738130926933604,9.619554408413395,242.37758150177245,47.49885735118799,1.105034207268097,0.11079543614251272,Semi-Hard (0.1 <= kappa < 1.0),552.8163981573082,25.86968061886396
mp-1225513,ErTiFe11C,mm2,44,Imm2,orthorhombic,4,"C,Er,Fe,Ti",14,176.15736524849933,7.931716109097943,0,1,0,ErTiFe11C,0.0,-0.2,0.0,2.1812219300019344,0,FM,0.9299922625557515,0.06814414022808321,0.0018635972161652075,0.9299922625557515,0.8618481223276683,0.23871489322636266,True,False,608.8087346008947,210.20834182953303,5.788580252452675,4.156438873794471,608.8087346008947,0.0,5.788580252452675,,566.1874125551901,14.324466722744548,580.5118792779347,5.390780763078631,0.807142857142857,False,3023.700043604778,0.003023700043604778,0.004752693469295962,Easy-Axis (Uniaxial),143787.6594794807,143.7876594794807,1806.889053892775,60.30655261653907,Hard Magnet,95.0057081813973,6.274372083853137,753.5583060386472,0.9469492953210332,67.04874382631999,8.425593805171236,1.2374605518430017,357.40501984991374,8.284352278301014,1.70024184929706,0.06509498929319937,Soft / Non-Viable,555.4694803394138,14.03283364635847
mp-1225818,DyGaFeCo3,2/m,10,P2/m,monoclinic,4,"Co,Dy,Fe,Ga",6,87.02035196660258,8.870692537111859,1,0,0,DyGaFeCo3,0.0,-0.2,0.0,10.977482014675926,0,FM,0.9308596821723805,0.06717214555629022,0.001968172271329264,0.9308596821723805,0.8636875366160902,0.236984602960329,True,False,607.7212794390568,217.70940040023072,13.221644408120653,17.550620949512492,607.7212794390568,0.0,13.221644408120653,,565.7032370280328,14.624007532656968,580.3272445606898,12.36382975590008,6.683333333333334,False,10960.302070889918,0.010960302070889919,0.002123287868933253,Easy-Axis (Uniaxial),97291.31728535474,97.29131728535475,1222.5987743183434,8.084582028251562,Hard Magnet,64.98465840446687,6.047123512991774,576.4589243352677,0.7243996487151806,87.21601174676668,10.959887484078934,6.855121570992039,481.5482024366479,91.7206636964195,2.211885208224282,0.16200856035925745,Semi-Hard (0.1 <= kappa < 1.0),541.8238941600099,13.44423423737393
mp-757008,Mg(Fe5O8)2,3m,160,R3m,trigonal,3,"Fe,Mg,O",27,296.61793756904973,4.69549993163414,0,1,0,Mg(Fe5O8)2,0.0,-2.5,2.5,1.2912624811993887,0,FM,0.7898136965236373,0.207659448276686,0.002526855199676739,0.7898136965236373,0.5821542482469513,0.48050280251065236,False,True,681.7412928952488,201.64278322689503,28.30691734163895,9.682407120674299,681.7412928952488,0.0,28.30691734163895,,538.4486106144002,41.87302911387242,580.3216397282727,22.44742027477603,0.1,True,2550.7516319832807,0.002550751631983281,0.000770497718880758,Easy-Axis (Uniaxial),5417.785534437897,5.417785534437897,68.08190225748439,1.923881802623876,Soft Magnet,60.43833691633553,5.124113235899717,283.7882068587346,0.35661877833712846,25.30105090911156,3.1794238883331625,8.289100823056122,436.38744283303265,31.0339672018321,2.1641609773953343,0.15875770447500753,Semi-Hard (0.1 <= kappa < 1.0),492.0230877018829,39.939477697596324
mp-1233128,MgFe7(Ni3O8)2,m,8,Cm,monoclinic,4,"Fe,Mg,Ni,O",30,324.3380430462726,5.239432227657219,0,1,0,MgFe7(Ni3O8)2,0.0180467729949115,-2.490976613502544,2.5,1.833801279680027,0,FM,0.7174840716582083,0.2795315972691572,0.002984331072634566,0.7174840716582083,0.43795247438905105,0.5569409176576225,False,True,735.7702254446116,186.60315285423718,5.272064026744033,4.239448823367283,735.7702254446116,0.0,5.272064026744033,,527.9034171568777,52.161477372805614,580.0648945296833,3.963911690672138,0.88,True,98.67005742970892,9.867005742970891e-05,5.952548400701068e-05,Easy-Axis (Uniaxial),2899.684826746124,2.899684826746124,36.438514905614916,0.9411872332051051,Soft Magnet,51.53654066616939,3.247172531792284,270.0222120682947,0.33931991909592796,22.905978788279317,2.8784502433011903,14.283913935648718,354.86957365056594,19.4801527030651,1.9017340715982867,0.032816198326845084,Soft / Non-Viable,518.7864983714621,51.078748668105256
mp-1183740,CrCo2Ge,m-3m,225,Fm-3m,cubic,3,"Co,Cr,Ge",4,47.31604113910424,8.510535735048709,1,0,0,CrCo2Ge,0.0,-0.2,0.0,3.936122777460028,0,FM,0.9254461058345965,0.07261838759002445,0.001935506575378957,0.9254461058345965,0.852827718244572,0.24962333686949884,True,False,609.8705721825827,215.26693844033178,23.014064369524533,4.70169053412161,609.8705721825827,0.0,23.014064369524533,,564.4023460894883,15.632337970977947,580.0346840604662,21.30101277213611,6.0,True,88.65787420345016,8.865787420345016e-05,0.00012988011358776224,Easy-Axis (Uniaxial),3957.297297494477,3.9572972974944767,49.72886543759781,0.15028786375912803,Soft Magnet,26.967022274159362,5.144747995597163,229.50380673208775,0.28840298928016744,16.54739597817798,2.079407146039951,1.6699308232380363,364.3561720389087,62.77314890420109,1.6925784083648396,0.036598545954622655,Soft / Non-Viable,524.1898805779103,15.273286634994548
mp-1181596,Fe3Co(BiO3)4,1,1,P1,triclinic,4,"Bi,Co,Fe,O",20,264.06652258569414,7.887979460534606,0,1,1,Fe3Co(BiO3)4,0.0,-2.5,2.5,3.8453899870106207,1,AFM,0.20057422282902196,0.7945918101173977,0.00483396705358023,0.7945918101173977,0.5940175872883757,0.48307283740906887,False,True,787.421018996763,531.1436435873126,50.12362385395522,1.513314304390974,0.0,531.1436435873126,,1.513314304390974,157.93635892451226,422.0423891903926,579.9787481149049,10.125163121578238,1.0750000000000002,True,55.62084588861996,5.562084588861996e-05,2.4340847436301946e-05,Easy-Axis (Uniaxial),8958.626453680023,8.958626453680022,112.57742239958147,4.16924980330413,Soft Magnet,53.23424426345156,3.6548059072403305,419.91062534718804,0.5276752543020088,0.0,0.0,9.083778901205685,40.850264150753176,5.677498267468103,0.076910012280017,0.015843714159645302,Soft / Non-Viable,135.32622322313608,418.87295700261956
mp-685444,Mg11(Fe15O28)2,1,1,P1,triclinic,3,"Fe,Mg,O",97,1081.0827334839405,4.360188741832177,0,1,1,Mg11(Fe15O28)2,0.0,-2.5,2.5,1.1990519040038488,0,FM,0.816423582497477,0.18074494299262503,0.0028314745098979356,0.816423582497477,0.635678639504852,0.44728740172555204,True,False,663.9562101039149,209.1536042610751,6.446292980389444,12.074490593607095,663.9562101039149,0.0,6.446292980389444,,542.0695076744857,37.80345627887007,579.8729639533558,5.69746073264078,0.1,True,96.1719109101092,9.617191091010921e-05,0.00012196348853846744,Easy-Axis (Uniaxial),3605.5947630917904,3.60559476309179,45.30924095842442,0.6209328726590787,Soft Magnet,47.72843103724772,1.7985953225691134,208.10496767392095,0.26151241504797257,13.605508169971833,1.7097186138201972,5.549273709684884,249.01543854077383,20.86480710125059,1.1905864085896478,0.04203748674009024,Soft / Non-Viable,530.6667302800507,35.65111124214545
mp-1184324,Fe3Sb,6/mmm,194,P6_3/mmc,hexagonal,2,"Fe,Sb",8,113.9503511869861,8.43149046824657,1,0,0,Fe3Sb,0.0,-0.6,0.5,2.318659878767807,0,FM,0.9129702128641174,0.08491114256084682,0.0021186445750358248,0.9129702128641174,0.8280590703032705,0.2781471216010327,True,False,614.1959692670421,215.80991269446486,3.3749159768969434,17.92825699118667,614.1959692670421,0.0,3.3749159768969434,,560.7426248020143,18.32466626284361,579.067291064858,3.4367431763910252,0.825,True,-0.4588124702232519,-4.5881247022325187e-07,5.250067300729504e-07,Easy-Plane / Cubic,11277.952113874924,11.277952113874925,141.7229287871922,2.679916690416679,Hard Magnet,102.95679431711466,6.194080484474036,868.0792299259749,1.090860532587731,177.9064420530568,22.356383289523627,15.405023191426984,176.41945254923675,71.58741480742185,0.817476131409239,0.0,Soft / Non-Viable,554.5046033186708,16.817154889266778
mp-1224127,HoTiFe11C,mm2,44,Imm2,orthorhombic,4,"C,Fe,Ho,Ti",14,175.16920875999776,7.954385119520807,0,1,0,HoTiFe11C,0.0,-0.2,0.0,2.187455907868222,0,FM,0.9300244844190225,0.0681140343123941,0.001861481268583406,0.9300244844190225,0.8619104501066284,0.2386312991866761,True,False,607.0797318152274,209.39916202338532,7.218886436308367,1.483367527113117,607.0797318152274,0.0,7.218886436308367,,564.5990145826953,14.26302170704744,578.8620362897427,6.714501377495662,0.807142857142857,False,2024.4856690836723,0.0020244856690836725,0.003727993048880793,Easy-Axis (Uniaxial),192027.9646829629,192.0279646829629,2413.0946194062576,70.39838550736667,Hard Magnet,96.04781849787136,8.339113457876692,764.0013382219032,0.9600723965962807,70.1410385707846,8.814183030798114,2.1362217118401166,362.75469497078734,8.713487712797075,1.7323598216227607,0.052536157119298675,Soft / Non-Viable,551.3323296610668,14.158014015849819
mp-1217477,TbPrFe4,-43m,216,F-43m,cubic,3,"Fe,Pr,Tb",6,101.62635452798852,8.549117321999015,0,0,0,TbPrFe4,0.0,-0.2,0.0,2.351007263549729,0,FM,0.928527647240375,0.0694891218375473,0.0019832309220776706,0.928527647240375,0.8590385254028277,0.24257460039077694,True,False,606.3381843551292,225.15588818738257,4.892042259535572,40.643257749057895,606.3381843551292,0.0,4.892042259535572,,563.0017677512689,15.645884946694204,578.647652697963,5.348816190975882,3.4,False,26.272539851871443,2.6272539851871443e-05,5.041563494951078e-05,Easy-Axis (Uniaxial),41518.627371680945,41.51862737168094,521.7384690878076,4.406235941059607,Hard Magnet,60.64679655765694,3.303757521737932,518.4765789748152,0.651536884626259,84.45165375423291,10.612508006880956,6.75779635316864,440.8092421421844,40.81451956557325,1.9577957551584333,0.008818951513128148,Soft / Non-Viable,553.9683130909865,13.003385254208691
mp-1121,GaCo,m-3m,221,Pm-3m,cubic,2,"Co,Ga",2,23.081673637324567,9.25576895388653,1,0,0,GaCo,0.0,-0.2,0.0,1.966850902700888,0,FM,0.9054381390522548,0.08529645296673209,0.009265407981013196,0.9054381390522548,0.8201416860855227,0.3124726187034684,True,False,617.7211494797355,216.36681327997906,49.28335020649985,20.816622968720722,617.7211494797355,0.0,49.28335020649985,,559.3082880381514,18.455321712497437,577.7636097506488,44.65833684635312,7.0,True,26.48932932467542,2.648932932467542e-05,2.412921225185833e-05,Easy-Axis (Uniaxial),2083.0415880572814,2.0830415880572812,26.176273109176268,1.059829560400833,Soft Magnet,97.21252828874285,7.29175533973207,899.7767012637621,1.130692749824597,28.37099976704326,3.5652050469866983,0.7507460924148562,178.25324406075242,55.59733842514284,0.8238474346344992,0.0051026503010092586,Soft / Non-Viable,480.39073809915305,16.715518482602356
mp-753617,Fe2CoO6,4/mmm,136,P4_2/mnm,tetragonal,3,"Co,Fe,O",18,179.86349258750073,4.922980730197321,1,0,0,Fe2CoO6,0.016615051311699,-2.49169247434415,2.5,2.3999531059711945,0,FM,0.8542277278475447,0.14348678661337894,0.002285485539076462,0.8542277278475447,0.7107409412341659,0.38873564634664776,True,False,640.2291606583852,213.11544318989513,4.459704594956406,18.185695941051705,640.2291606583852,0.0,4.459704594956406,,546.9015012109531,30.579250121004165,577.4807513319573,4.617584081629877,0.9777777777777777,True,271.67693878261645,0.00027167693878261647,3.231419557393238e-06,Easy-Axis (Uniaxial),7663.205566660834,7.663205566660834,96.29868311547017,0.7900374819346313,Soft Magnet,62.54426583640342,0.16170785992816405,307.90421549695265,0.38692384856582196,29.783871012430275,3.7427516874349327,11.37322609689504,160.24205580944968,12.87202208311902,0.7519025998818257,0.04775356738158127,Soft / Non-Viable,538.8905260272787,28.03048109007651
mp-1225085,Fe3Ni3Ge2,3m,160,R3m,trigonal,3,"Fe,Ge,Ni",8,93.916534278313,8.64416033285124,0,1,0,Fe3Ni3Ge2,0.0,-0.2,0.0,3.025456116497934,0,FM,0.9260939270108002,0.07158804337970812,0.0023180296094916972,0.9260939270108002,0.854505883631092,0.24934548178617305,True,False,604.2872450325387,243.86836618887935,9.526798745710664,9.480887550014259,604.2872450325387,0.0,9.526798745710664,,559.6267477947215,17.458059177668037,577.0848069723895,8.848778349646766,3.0375,True,600.7791797778145,0.0006007791797778146,0.00019060845617923397,Easy-Axis (Uniaxial),2790.9578365803804,2.7909578365803807,35.072211224865285,0.012837125797758328,Soft Magnet,47.898944177108056,1.315841907518383,414.0461532412133,0.5203057413078838,53.85764767446178,6.7679517424293305,29.332895722671662,271.11586420672813,8.984516288710239,1.111730350449575,0.052808490143934635,Soft / Non-Viable,542.4022250052201,16.667925539030254
mp-775411,Li5Mn2Fe17O32,1,1,P1,triclinic,4,"Fe,Li,Mn,O",56,607.3677189067877,4.390592814965603,0,1,1,Li5Mn2Fe17O32,0.0,-2.5,2.5,2.853885329727642,0,FM,0.731611703451473,0.2655850334245404,0.002803263123986729,0.731611703451473,0.4660266700269326,0.5436178814303498,False,True,670.8511929662237,324.4642086565665,29.959742361480608,1.9099483513576558,670.8511929662237,0.0,29.959742361480608,,490.8025840484717,86.17283770112125,576.975421749593,21.924766866767204,0.6267857142857143,True,80.1223313967788,8.012233139677881e-05,4.290386952391728e-05,Easy-Axis (Uniaxial),8391.439505954677,8.391439505954677,105.44994086837237,1.259061102676308,Soft Magnet,42.0138070572373,0.044707556381435865,184.46551939485724,0.2318062082286036,10.690063149960448,1.3433529804303213,18.457963820957918,355.2133175741845,68.80386043554256,1.0947688777290219,0.04328691724995903,Soft / Non-Viable,446.2386052333467,85.35769376867539
mp-1178199,K3(Fe11O17)2,1,1,P1,triclinic,3,"Fe,K,O",59,768.7406667636653,4.082252927279751,0,1,1,K3(Fe11O17)2,0.0602576095613425,-2.4698711952193286,2.5,1.1226195550019318,0,FM,0.6798952683762293,0.31602544746208144,0.0040792841616893285,0.6798952683762293,0.3638698209141478,0.59056171629869,False,True,676.6579363899814,369.59055629150873,16.96719031943809,4.773085167117472,676.6579363899814,0.0,16.96719031943809,,460.05652926077187,116.80002092978364,576.8565501905555,11.634113426819528,0.1,True,918.9736335690817,0.0009189736335690817,0.00047826266418678193,Easy-Axis (Uniaxial),11650.156060151867,11.650156060151867,146.40018161110004,0.9342476808256033,Hard Magnet,61.01567307277299,2.996656631312824,249.08141001127183,0.3130049311348795,19.490927396889205,2.449302220451241,18.14448253722619,441.3636366956106,42.628934945583524,1.19419619679755,0.10856886009512264,Semi-Hard (0.1 <= kappa < 1.0),435.42979523886584,114.0775125153405
mp-1225379,Fe5SiP,m,8,Cm,monoclinic,3,"Fe,P,Si",42,471.9553451912792,7.141365036017593,0,1,0,Fe5SiP,0.0,-0.6,0.5,1.9638753849048385,0,FM,0.931300750911784,0.06678632866964612,0.0019129204185697418,0.931300750911784,0.8645144222421379,0.2357498192774724,True,False,603.2524718434172,218.39836240536903,9.162477050577024,5.087996851511278,603.2524718434172,0.0,9.162477050577024,,561.8094800171642,14.586024812517461,576.3955048296817,8.539785138838461,0.1,True,1977.5254356749476,0.0019775254356749475,0.0008243824972189474,Easy-Axis (Uniaxial),1325.0426849356022,1.3250426849356023,16.650977782224064,0.3606160895152823,Soft Magnet,103.40853859640629,2.6058660561257625,738.4781219580516,0.9279989771120809,137.11877361113946,17.230853608582862,34.762407995737014,372.22680420717256,159.70084192160084,1.7043479635450869,0.05371783162678381,Soft / Non-Viable,545.159443710812,14.224162346349408
mp-20885,Fe4P,m-3m,221,Pm-3m,cubic,2,"Fe,P",5,70.769506893712,5.968168744797443,1,0,0,Fe4P,0.0,-0.6,0.5,1.641246404819297,0,FM,0.9259360745779297,0.07208329216305095,0.001980633259019386,0.9259360745779297,0.8538527824148787,0.24863477215602145,True,False,607.5222038026084,185.589461319616,3.841556781542465,12.60613204892465,607.5222038026084,0.0,3.841556781542465,,562.5267246079202,13.377899362685124,575.9046239706053,3.671270269722539,0.10000000000000002,True,1157.8304794351714,0.0011578304794351714,0.00011905933972215962,Easy-Axis (Uniaxial),2095.6767204318817,2.095676720431882,26.335050868441552,0.6058501126074222,Soft Magnet,159.2405186855657,17.19009254350152,950.3742865245263,1.1942755506824372,100.14791661924342,12.584958609420909,31.39132392144592,250.84691463915215,54.12655616646636,1.3516226236960296,0.031939115104664,Soft / Non-Viable,555.4145363457,12.584678751981263
mp-1217585,TbDy3Fe8,3m,160,R3m,trigonal,3,"Dy,Fe,Tb",12,193.61343579670208,9.375780021547987,0,1,0,TbDy3Fe8,0.0,-0.2,0.0,9.610174522086686,0,FM,0.9271693583739449,0.07089492460676101,0.0019357170192940913,0.9271693583739449,0.8562744337671838,0.24561170037322647,True,False,600.401955517947,267.72045842359057,10.790097656612033,39.31478054997686,600.401955517947,0.0,10.790097656612033,,556.6742958640367,18.98002171562795,575.6543175796646,10.385256996937605,3.4,False,-10.451744056473249,-1.0451744056473249e-05,5.856637866817304e-06,Easy-Plane / Cubic,25714.72563076721,25.714725630767212,323.1407788004219,17.8934815458168,Hard Magnet,56.950997767570044,8.69843854315889,533.9600270764072,0.6709939593495391,89.57098817559638,11.25582255575559,17.395842748310816,430.8957285794083,53.53035927774448,1.6094986954550923,0.0,Soft / Non-Viable,537.3475217467504,15.861971978504094
mp-1222300,LuTiFe11C,mm2,44,Imm2,orthorhombic,4,"C,Fe,Lu,Ti",14,174.0120304478393,8.103058410341742,0,1,0,LuTiFe11C,0.0,-0.2,0.0,2.2283410628439797,0,FM,0.9259210329431704,0.07218042944230744,0.001898537614522205,0.9259210329431704,0.853740603500863,0.24839949810707873,True,False,605.3920315659182,205.49562972970745,23.950032346162004,7.958083210861346,605.3920315659182,0.0,23.950032346162004,,560.5452152030794,14.832762802407684,575.3779780054871,22.183276977079526,0.807142857142857,False,3515.2459718058567,0.003515245971805857,0.003902232782217265,Easy-Axis (Uniaxial),33432.45990444557,33.432459904445565,420.1246898707079,2.842465518370735,Hard Magnet,110.38746994364315,10.006838776979336,894.4761167231838,1.1240318388436323,72.30593235443104,9.086231612343422,2.589353058373462,331.7194703751295,5.366325944278998,1.6142409977839765,0.0591294961841847,Soft / Non-Viable,519.103404136197,14.265146680898999
mp-541852,Co21(ReB3)2,m-3m,225,Fm-3m,cubic,3,"B,Co,Re",29,279.7475573772153,9.94181639318669,1,0,0,Co21(ReB3)2,0.0,-0.2,0.0,2.1126359835521717,0,FM,0.9296210500339214,0.06781159098425046,0.0025673589818281032,0.9296210500339214,0.8618094590496709,0.2417946656856501,True,False,608.8969875063929,129.10500842934485,25.4769480810956,12.352555377563931,608.8969875063929,0.0,25.4769480810956,,566.0434568881844,8.75481602562894,574.7982729138134,23.698715430895074,5.820689655172414,True,1678.5195580187933,0.0016785195580187933,0.002220291256512972,Easy-Axis (Uniaxial),9852.17800184406,9.852178001844061,123.80612253498458,3.0880578966507395,Soft Magnet,82.55556065453752,9.919834896059086,820.7522262639992,1.031387665779379,76.99116851482373,9.674995763854232,12.709769038869439,581.3107244761793,47.7502724923707,4.502619468820317,0.04452933419351109,Soft / Non-Viable,521.7359879635618,8.245548079289964
mp-754288,MgFe11O18,1,1,P1,triclinic,3,"Fe,Mg,O",30,317.54911392948304,4.8453530491696055,0,1,1,MgFe11O18,0.0,-2.5,2.5,1.3324720885216417,0,FM,0.7846851310896819,0.2120879214669017,0.0032269474434164958,0.7846851310896819,0.5725972096227802,0.4894096965969555,False,True,676.0214152457922,208.80482736120848,14.623348862041723,0.027901695710710328,676.0214152457922,0.0,14.623348862041723,,530.4639528415768,44.284981827293954,574.7489346688707,11.474725944662762,0.09999999999999999,True,4373.731946113285,0.0043737319461132846,0.0022396309171084493,Easy-Axis (Uniaxial),6947.634484891539,6.947634484891538,87.30655152634958,3.0147548148299883,Soft Magnet,60.3313682924436,4.346954771375362,292.32677931636607,0.36734866493914414,26.846463026956727,3.3736261063535604,8.625320614339726,341.27798034989263,49.84559446317502,1.6344352985648207,0.20181458425746784,Semi-Hard (0.1 <= kappa < 1.0),505.8085689700465,44.27880455863781
mp-1217502,TbHo3Fe8,3m,160,R3m,trigonal,3,"Fe,Ho,Tb",12,188.38113619486347,9.700461224979826,0,1,0,TbHo3Fe8,0.0,-0.2,0.0,2.667626836869452,0,FM,0.9269167746400718,0.07112320936714518,0.0019600159927829998,0.9269167746400718,0.8557935652729266,0.2462819253148581,True,False,603.2979550162156,215.829770553042,13.898929574559304,40.8762708561634,603.2979550162156,0.0,13.898929574559304,,559.2069946105817,15.350505958706913,574.5575005692885,13.20710758134518,3.4,False,2.983899915136475,2.983899915136475e-06,4.893049825047824e-06,Easy-Axis (Uniaxial),12479.692679737818,12.479692679737818,156.82444641351148,3.451349329761161,Hard Magnet,56.34064356065754,4.228197674488978,546.5302282505678,0.6867901400146946,93.83789299561762,11.79201763961805,13.866850142962337,424.5381385728757,53.54665240098521,1.9670045401291933,0.002819505892299379,Soft / Non-Viable,534.4462264033511,12.745552647544347
mp-1216161,Y2Fe17C2,2/m,12,C2/m,monoclinic,3,"C,Fe,Y",21,266.70619378643573,7.167472918334956,1,0,0,Y2Fe17C2,0.0,-0.2,0.0,1.9710550525421129,0,FM,0.926071247048364,0.07201309976550072,0.0019156531861352858,0.926071247048364,0.8540581472828632,0.2481070340411946,True,False,597.2486947895129,288.9834543886743,21.373089941585647,32.34493208241875,597.2486947895129,0.0,21.373089941585647,,553.094843581732,20.81059433147063,573.9054379132026,19.929587456726438,1.0428571428571427,False,5763.6877772413,0.0057636877772413,0.001961454178056427,Easy-Axis (Uniaxial),2384.3881417242947,2.3843881417242945,29.963105659482444,1.724111471026279,Soft Magnet,120.72169509487428,11.88329035422423,865.2694802480013,1.0873296970090318,68.91515089508721,8.660133439161513,1.4063515795408634,410.93727367115395,113.08758725221554,1.4220096944320393,0.07826974263841956,Soft / Non-Viable,516.3109739669851,17.91353411064595
mp-672646,Sm2(InCo3)3,mm2,38,Amm2,orthorhombic,3,"Co,In,Sm",14,219.37568686924405,8.898362967628827,0,1,0,Sm2(InCo3)3,0.0,-0.2,0.0,1.8909021306211256,0,FM,0.9237576897421412,0.07382133087157722,0.00242097938628164,0.9237576897421412,0.849936358870564,0.25507483439173856,True,False,607.0604504655839,167.8895336984972,16.140184994902995,28.503345075562052,607.0604504655839,0.0,16.140184994902995,,560.7767592559113,12.393828817031574,573.1705880729429,15.057364853735386,8.071428571428571,False,12453.663707831169,0.012453663707831169,0.0017010585489247347,Easy-Axis (Uniaxial),243583.07170635706,243.58307170635706,3060.9552139111365,27.623977914038544,Hard Magnet,46.84246134287975,5.344738849681967,416.8212233260661,0.5237929972245919,54.58200946819529,6.858977731787061,11.408574537840192,263.25996581028846,21.87344708482979,1.5680546607691541,0.23883271254073565,Semi-Hard (0.1 <= kappa < 1.0),532.1469264639221,10.847831407398566
mp-1188610,Fe5Si2B,4/mmm,140,I4/mcm,tetragonal,3,"B,Fe,Si",16,167.02230489083294,6.883993725381037,1,0,0,Fe5Si2B,0.0,-0.2,0.0,1.8930982744797853,0,FM,0.9232630760411059,0.0747207223842957,0.0020162015745984188,0.9232630760411059,0.8485423536568102,0.2549155275575474,True,False,606.9369981195298,168.55299397506724,0.9700364440290059,16.620312823958585,606.9369981195298,0.0,0.9700364440290059,,560.362519846992,12.594401469852864,572.9569213168448,1.5311327907985288,0.1,True,175.5787737339354,0.0001755787737339354,0.00029538039675440714,Easy-Axis (Uniaxial),644.197792311366,0.644197792311366,8.09522836440221,0.486079720658279,Soft Magnet,90.84623311832578,13.084211479906003,625.3848987610577,0.7858818414454941,122.86965896263598,15.440257017801141,22.983601779356068,539.6586420166957,38.60916454243923,3.201714957946836,0.01890095219499267,Soft / Non-Viable,558.5564527961259,11.62808907961276
mp-1225100,Fe7SiO10,m,8,Cm,monoclinic,3,"Fe,O,Si",18,199.8660648752223,4.810436371677383,0,1,0,Fe7SiO10,0.0,-2.5,2.5,1.3228700022112805,0,FM,0.7463883922143455,0.25109696668561443,0.002514641100040045,0.7463883922143455,0.49529142552873107,0.5282774476266882,False,True,691.15136383523,224.95278106917402,12.762285359039879,21.52930228888225,691.15136383523,0.0,12.762285359039879,,515.8673552297295,56.48496097396271,572.3523162036922,10.952702046986733,0.1,True,1230.227377574749,0.001230227377574749,0.00027693037900224457,Easy-Axis (Uniaxial),4301.492887779636,4.301492887779635,54.054154872976426,0.07836592251665181,Soft Magnet,60.340555452145566,1.6211205966144178,290.26440263421705,0.3647570059657144,26.468993610820913,3.326191899644574,10.109712976555684,347.1297221903349,64.54121092631641,1.5431226079556266,0.10779384999607106,Semi-Hard (0.1 <= kappa < 1.0),494.8173543087514,50.99547589447492
mp-1224794,Fe22B6W,-43m,216,F-43m,cubic,3,"B,Fe,W",29,298.7065908986075,8.212432531131924,0,0,0,Fe22B6W,0.0,-0.2,0.0,2.25841894606128,0,FM,0.928199203950972,0.06986776163561485,0.001933034413413237,0.928199203950972,0.8583314423153572,0.24318556816669412,True,False,605.97802058563,137.9422280330594,2.4046192937152,0.6444358038884701,605.97802058563,0.0,2.4046192937152,,562.4683163193675,9.637714707699423,572.1060310270669,2.232419814010573,0.2689655172413793,True,679.4678747142235,0.0006794678747142235,0.0012150610619430999,Easy-Axis (Uniaxial),6633.753314595773,6.633753314595773,83.36220433491756,1.896448117654584,Soft Magnet,110.63034654024965,3.528618357015162,908.5442568575443,1.1417103851219437,85.72213426999706,10.772161300176677,4.166247649190467,524.2979630609768,0.047038228617054756,3.8008517807565276,0.025593721780487046,Soft / Non-Viable,557.9957584309201,9.606760007159535
mp-1225148,GdFe4(BiO4)3,m,6,Pm,monoclinic,4,"Bi,Fe,Gd,O",20,246.0647419561813,8.095117048604498,0,1,0,GdFe4(BiO4)3,0.0,-2.5,2.5,9.309384605895172,1,AFM,0.4460419139130295,0.5493980353391562,0.004560050747814427,0.5493980353391562,0.10335612142612671,0.6496752681755106,False,True,716.3382329317706,457.7494446984989,189.33077824305025,6.810290415987111,0.0,457.7494446984989,,6.810290415987111,319.5168764259645,251.48664559494503,571.0035220209095,84.53230755870443,1.03,False,153.72845302425876,0.00015372845302425876,0.00011333701758248312,Easy-Axis (Uniaxial),20971.853329770795,20.971853329770795,263.5400865316627,4.848144482152157,Hard Magnet,43.36297334642404,1.1916524858392883,351.0283448148197,0.44111522770880895,0.0,0.0,3.037060103589108,42.51760204010971,29.60291738217417,0.09288400572089026,0.031508665533400204,Soft / Non-Viable,195.89011603144692,243.20515685084527
mp-1190182,Nd2Fe15Co2,-3m,166,R-3m,trigonal,3,"Co,Fe,Nd",19,263.2676063370672,7.846589223660928,1,0,0,Nd2Fe15Co2,0.0,-0.2,0.0,8.729330511322782,0,FM,0.9281961874508797,0.06993522186523045,0.0018685906838898252,0.9281961874508797,0.8582609655856492,0.2429812112207964,True,False,594.4111625628004,274.054649945965,13.428327375989113,52.57291049227845,594.4111625628004,0.0,13.428327375989113,,551.7301748690364,19.166072747169128,570.8962476162055,12.99509343645773,1.9736842105263157,False,704.1227659502862,0.0007041227659502862,0.0007578540829495147,Easy-Axis (Uniaxial),70381.29345958453,70.38129345958453,884.4374351130355,1.75618912166242,Hard Magnet,100.33347752627995,4.0499158286922,787.2755835301341,0.9893196758275548,126.95555506961433,15.95370587549646,5.988257616826039,341.80011973290345,10.607282765241763,1.247196936086637,0.030067164845559022,Soft / Non-Viable,528.092192069653,15.176665391243583
mp-1219091,SmDyFe4,-43m,216,F-43m,cubic,3,"Dy,Fe,Sm",6,99.7366813765169,8.927983747084223,0,0,0,SmDyFe4,0.0,-0.2,0.0,9.151183340761328,0,FM,0.926731284687461,0.0712826171282174,0.0019860981843215783,0.926731284687461,0.8554486675592436,0.24680034253157507,True,False,596.5192662438716,250.4990230107976,2.5980412847878824,0.48981950373602956,596.5192662438716,0.0,2.5980412847878824,,552.8130659470047,17.856225948271206,570.6692918952759,2.4079392926461196,3.4,False,6.493956015625718,6.493956015625719e-06,1.7466226446258681e-06,Easy-Axis (Uniaxial),38975.99971181807,38.97599971181807,489.78686695892776,6.126673517118173,Hard Magnet,62.29730548216252,2.2486636485087743,556.1893308318879,0.6989281262985928,97.18409171639989,12.212513380533446,21.34572624853019,440.7441148244492,58.52837064324365,1.759464406395913,0.004087211255693399,Soft / Non-Viable,548.066732619788,17.812601150991075
mp-1188546,Th2Co7,-3m,166,R-3m,trigonal,2,"Co,Th",18,265.09623038660175,10.981994239348046,1,0,0,Th2Co7,0.0,-0.2,0.0,2.33367377586146,0,FM,0.9263186904062957,0.07166661932434631,0.00201469026935788,0.9263186904062957,0.8546520710819494,0.24785563127528515,True,False,599.1356426008725,218.21686296556783,0.4009548093218882,19.059019329007725,599.1356426008725,0.0,0.4009548093218882,,554.9905438297747,15.638864848306396,570.6294086780811,1.4154918915228074,6.2444444444444445,False,2241.8091422299053,0.0022418091422299054,0.002815295095654661,Easy-Axis (Uniaxial),30145.558264565607,30.145558264565608,378.82026488861237,0.8872260601593623,Hard Magnet,83.51011904114193,13.529008369247371,917.1076462370903,1.152471457587788,73.86237927047874,9.281820504029437,4.936280096293321,278.72070411710604,8.187703720401174,1.2772647371485908,0.04605471208544627,Soft / Non-Viable,554.2497801134343,14.278220450551888
mp-1193515,Co21(GeB3)2,m-3m,225,Fm-3m,cubic,3,"B,Co,Ge",29,279.67540248347285,8.595800523246668,1,0,0,Co21(GeB3)2,0.0,-0.2,0.0,1.8266076111899168,0,FM,0.9306436829345172,0.06730581149922203,0.0020505055662608028,0.9306436829345172,0.8633378714352952,0.23776433407746114,True,False,602.0090573861173,140.94758513617447,72.80301317421868,0.17447593950703322,602.0090573861173,0.0,72.80301317421868,,560.2559263257533,9.486591596445908,569.7425179221992,67.75366532687018,6.227586206896552,True,211.05854152063577,0.00021105854152063576,0.00019267550431967435,Easy-Axis (Uniaxial),724.9865433784882,0.7249865433784882,9.11044977150553,0.29927983104405,Soft Magnet,76.21933475678489,7.019727170380577,655.1661975838845,0.8233061252839561,94.12499068610848,11.828095400131277,2.796335928423171,676.829163935447,36.14828916385841,4.801991912678307,0.019780854654128707,Soft / Non-Viable,450.84608213501804,9.478322899981283
mp-765027,Li4Fe9CoO20,2/m,10,P2/m,monoclinic,4,"Co,Fe,Li,O",34,367.4626846519121,4.109021015871817,1,0,0,Li4Fe9CoO20,0.0,-2.5,2.5,2.003147745237511,0,FM,0.7342393502259169,0.2629712505364377,0.0027893992376453623,0.7342393502259169,0.4712680996894792,0.5411207476549289,False,True,686.8826725098277,247.8870556658622,20.257954172908626,21.388110685428202,686.8826725098277,0.0,20.257954172908626,,504.33628714505716,65.18716902024732,569.5234561653044,15.902074466695858,1.026470588235294,True,73.10274290681956,7.310274290681956e-05,2.0345737754113777e-05,Easy-Axis (Uniaxial),8535.640129614769,8.53564012961477,107.26201938330998,0.9595007686061864,Soft Magnet,45.29182361292985,1.1549448525824673,186.10505507268817,0.23386650952491242,10.880934908697796,1.36733863349737,22.44477966008782,240.47632390357785,18.669004203371188,0.9701044020133363,0.04098299890550508,Soft / Non-Viable,472.43443659116474,58.889493946558126
mp-1225877,ErFe2Co2B,mm2,35,Cmm2,orthorhombic,4,"B,Co,Er,Fe",12,150.32553763999277,9.005516384565958,0,1,0,ErFe2Co2B,0.0,-0.2,0.0,4.390189237475905,0,FM,0.9310645148952402,0.0670357578543838,0.001899727250375982,0.9310645148952402,0.8640287570408565,0.23627328636721937,True,False,602.4798924311692,124.25414785053349,16.582155445139676,3.2735143671303177,602.4798924311692,0.0,16.582155445139676,,560.9476487805631,8.329470967711167,569.2771197482742,15.44061595614547,4.383333333333333,False,176272.7439040709,0.1762727439040709,0.026299330398946483,Easy-Axis (Uniaxial),106731.89863246624,106.73189863246624,1341.2326206458465,44.34747231090173,Hard Magnet,64.28974482877557,7.83740794100682,578.962350415103,0.7275455467076668,77.34803877746296,9.719841404541128,1.3840292486948158,401.7829822282446,14.637322900707545,3.233557906747332,0.6469002630062107,Semi-Hard (0.1 <= kappa < 1.0),531.5659513327522,8.195333261831044
mp-2225000,MgFe5CuO8,m,8,Cm,monoclinic,4,"Cu,Fe,Mg,O",15,172.84052230500265,4.756321368008923,0,1,0,MgFe5CuO8,0.0194921656678954,-2.4902539171660525,2.5,1.3079883762024538,0,FM,0.7393544193484307,0.25824024726180894,0.0024053333897603654,0.7393544193484307,0.48111417208662177,0.5346703499717833,False,True,644.1841270950324,359.99832483695036,27.125368685524847,17.836932671237747,644.1841270950324,0.0,27.125368685524847,,476.28038124182336,92.96605641973107,569.2464376615544,20.57743202855276,0.22666666666666666,True,206.53195820023248,0.0002065319582002325,6.520175829776109e-05,Easy-Axis (Uniaxial),2225.212052208064,2.225212052208064,27.962839886818013,0.400443233307971,Soft Magnet,47.026568440824725,0.48715787047513714,223.67347233922868,0.28107637500153626,15.717332197279198,1.9750982529702437,13.640619095081865,386.4349348892696,0.3033729686107449,1.0734353696348249,0.05731578164920028,Soft / Non-Viable,436.7870182208512,85.35380596828053
mp-505170,NaFe3O5,mmm,58,Pnnm,orthorhombic,3,"Fe,Na,O",36,393.3846363729984,4.5676615235870015,1,0,0,NaFe3O5,0.0,-2.5,2.5,1.2561069189864256,0,FM,0.7481665890651968,0.24957050168771355,0.0022629092470896526,0.7481665890651968,0.4985960873774833,0.5254412434391028,False,True,656.3615589025214,313.06966977352874,30.141266992389603,14.673684032986415,656.3615589025214,0.0,30.141266992389603,,491.06778871761475,78.13295454858638,569.2007432662011,22.846108724363962,0.1,True,55.59343975097081,5.559343975097081e-05,2.909582459122096e-05,Easy-Axis (Uniaxial),7717.471648265592,7.717471648265592,96.9806108219524,0.8846362709943281,Soft Magnet,42.71465946240565,0.12474604930239863,195.10610651955173,0.24517756436493254,11.958909997297194,1.5028009808928575,27.36576667743513,338.011050612184,36.90844325850057,1.079667189915579,0.03409070469442033,Soft / Non-Viable,446.23423771703295,72.79229860012147
mp-505544,Co21(B3Sb)2,m-3m,225,Fm-3m,cubic,3,"B,Co,Sb",29,292.94721607251495,8.763235109569683,1,0,0,Co21(B3Sb)2,0.0,-0.6,0.5,1.8621874607835576,0,FM,0.9259894123523559,0.07196663387346652,0.0020439537741776515,0.9259894123523559,0.8540227784788894,0.24871699556696214,True,False,602.7629959065537,144.70056929548105,66.06519960376346,1.1657875332806924,602.7629959065537,0.0,66.06519960376346,,558.1521523672551,10.413612891770056,568.5657652590252,61.17573288774476,6.020689655172414,True,384.58053322719286,0.00038458053322719285,0.0004606876971598607,Easy-Axis (Uniaxial),675.2613552794113,0.6752613552794113,8.485584616844582,0.1933287122706205,Soft Magnet,84.58688654130934,4.174875230398996,741.2547739479893,0.9314882209093464,88.5219635548607,11.123998231517124,2.449616683785278,410.7251893300977,77.80677601619459,2.838449021519672,0.023600500499702054,Soft / Non-Viable,457.42027893234086,10.35326435917662
mp-705744,Fe5SiO8,2/m,14,P2_1/c,monoclinic,3,"Fe,O,Si",56,615.9280080199455,4.694328638162277,1,0,0,Fe5SiO8,0.0,-2.5,2.5,1.2909403754946265,0,FM,0.819284959749584,0.1784241050064607,0.0022909352439553074,0.819284959749584,0.6408608547431234,0.4412467254283341,True,False,643.9668459285695,225.0715082889525,11.899831500241248,15.562242890009045,643.9668459285695,0.0,11.899831500241248,,527.5923514466546,40.15818242891055,567.7505338755651,10.137052386034643,0.1,True,2355.9268656541585,0.0023559268656541585,0.0011127800904058792,Easy-Axis (Uniaxial),4858.143161736111,4.858143161736112,61.04922865399102,0.8912934732339152,Soft Magnet,59.63337513583626,1.8484160016350373,279.9386606904304,0.3517812959523288,24.619296211209715,3.0937520646496695,11.702296513678938,318.4937174792029,60.8444948292871,1.4150779007990324,0.15467249453950813,Semi-Hard (0.1 <= kappa < 1.0),507.4632604726942,37.25901335086899
mp-1211224,LaCo3Ni2,6/mmm,191,P6/mmm,hexagonal,3,"Co,La,Ni",6,86.83072338563176,8.282390352370816,1,0,0,LaCo3Ni2,0.0,-0.2,0.0,2.3811872263066096,0,FM,0.9313004025435331,0.066360824044895,0.002338773411571971,0.9313004025435331,0.8649395784986381,0.23708634975952905,True,False,588.3164291910246,283.9321166570534,12.147431971867888,6.663581426028884,588.3164291910246,0.0,12.147431971867888,,547.8993273285752,18.841969234173323,566.7412965627485,11.321547393278312,7.0,False,8683.469602404968,0.008683469602404969,0.004216043766325085,Easy-Axis (Uniaxial),10326.242791991735,10.326242791991735,129.76339649893035,10.174991631884655,Hard Magnet,62.25243076813938,6.370223574545225,515.5989320056698,0.6479207267951022,74.64784189307451,9.380524650139607,10.485201806618413,236.28732106521994,1.9485398403740106,0.8321965258710725,0.16122400414528704,Semi-Hard (0.1 <= kappa < 1.0),526.5774482276896,18.2344359893109
mp-1226343,CrFe11Si4,-3m,166,R-3m,trigonal,3,"Cr,Fe,Si",16,174.68117217478147,7.401774712220272,1,0,0,CrFe11Si4,0.0,-0.2,0.0,3.885931723915643,0,FM,0.9249106071619637,0.07310003422451462,0.001989358613521776,0.9249106071619637,0.8518105729374491,0.25103929546742876,True,False,591.388031832988,267.89193072347405,6.935973054077635,14.36977998270396,591.388031832988,0.0,6.935973054077635,,546.9810635909677,19.582909304357255,566.5639728953249,6.500586161491379,0.21875,True,233.75302820910903,0.00023375302820910902,0.00030332083145103003,Easy-Axis (Uniaxial),3648.2753214537543,3.648275321453754,45.84558068324809,0.9773779489541572,Soft Magnet,102.1179737289767,4.3996060992514,755.8542356103137,0.9498344455112361,101.85796156788972,12.7998491995146,5.146658041301472,430.7453029445022,72.96793700352382,1.6079069712224001,0.01804411722130373,Soft / Non-Viable,534.6206814552144,18.27021449192817
mp-1100888,Zn(Fe2O3)4,1,1,P1,triclinic,3,"Fe,O,Zn",126,1425.9320473423566,4.920100569674452,0,1,1,Zn(Fe2O3)4,0.0,-2.5,2.5,1.3530276566604744,0,FM,0.7856915504610383,0.21214531743049883,0.002163132108462914,0.7856915504610383,0.5735462330305395,0.48397693287005106,False,True,657.6092163884913,233.20241724006746,6.434042903578302,29.018963779174783,657.6092163884913,0.0,6.434042903578302,,516.6780048217422,49.472800830953744,566.1508056526959,7.965803977001465,0.16666666666666666,True,1363.1483613784492,0.001363148361378449,0.0002461059413275431,Easy-Axis (Uniaxial),1930.6314857709503,1.9306314857709503,24.261031241266533,0.2094570069018175,Soft Magnet,61.62775812444801,2.0576660015722297,303.214767855856,0.3810309148623567,28.88355009897348,3.629614022533448,7.530511426681126,422.8479535879682,54.75350245956798,1.8132228584606498,0.10862162144951373,Semi-Hard (0.1 <= kappa < 1.0),505.829574213775,43.204108528459265
mp-1220671,Nd4V3Fe25B2,mm2,35,Cmm2,orthorhombic,4,"B,Fe,Nd,V",68,955.1846916038876,7.466772181641623,0,1,0,Nd4V3Fe25B2,0.0,-0.2,0.0,6.720094963477461,0,FM,0.9301471757719639,0.06796760277535487,0.0018852214526811093,0.9301471757719639,0.8621795729966091,0.238416869792778,True,False,597.0450536678711,152.1931082412969,0.7674397732875491,12.690438958590747,597.0450536678711,0.0,0.7674397732875491,,555.3397704777909,10.344200726091055,565.6839712038819,1.1196111238915862,1.6088235294117648,False,214177.4406469646,0.2141774406469646,0.06257750281609605,Easy-Axis (Uniaxial),626906.3217099337,626.9063217099336,7877.9373321360135,60.99468460302534,Hard Magnet,103.56062785095486,2.1865549819295325,773.2636151508505,0.9717117170584787,100.81312234092557,12.668550827379354,6.805939224562629,368.8727540726852,17.351591651282007,2.4237152282076417,0.5338931573426603,Semi-Hard (0.1 <= kappa < 1.0),553.9227626132619,9.72700115410923
mp-1229277,BaFe12,6mm,186,P6_3mc,hexagonal,2,"Ba,Fe",26,406.5047902079209,6.596874293549217,0,1,0,BaFe12,0.0,-0.2,0.0,1.8141404307260347,0,FM,0.9168337342656644,0.0812179880902361,0.0019482776440994983,0.9168337342656644,0.8356157461754283,0.2691341625916831,True,False,587.5726768670941,329.66938852773603,51.64147275554086,6.456600863176078,587.5726768670941,0.0,51.64147275554086,,538.7064514845304,26.775084471161083,565.4815359556915,47.34954819713535,0.1,True,90.93431921035848,9.093431921035848e-05,2.347465634324435e-05,Easy-Axis (Uniaxial),14503.789524072296,14.503789524072296,182.25999801290862,7.031577133876359,Hard Magnet,106.28734435940561,1.2424081392057715,701.1642497341762,0.8811089823698748,108.12423538680217,13.587292406607318,2.4170643078364367,168.17571575889752,30.8986221679411,0.5101344608001067,0.012132190283742704,Soft / Non-Viable,459.59293191139255,25.937736414546123
mp-1224999,FeCoB2,mm2,26,Pmc2_1,orthorhombic,3,"B,Co,Fe",8,62.92056382791964,7.199485796893094,0,1,0,FeCoB2,0.0,-0.2,0.0,3.509749325985384,0,FM,0.8585445076887006,0.0434993226855893,0.0979561696257101,0.8585445076887006,0.7605883380629905,0.4504668778770903,True,False,649.2421223335688,182.5573445452937,6.916474304346252,4.87198497862822,649.2421223335688,0.0,6.916474304346252,,557.4032582896409,7.941120839000036,565.344379128641,5.941881629474809,2.075,True,103.88815057018336,0.00010388815057018336,9.44180931002163e-05,Easy-Axis (Uniaxial),1389.5601357843577,1.3895601357843577,17.461727996433634,0.46113293257852517,Soft Magnet,105.13643841607427,8.198240570852498,756.9282951124521,0.9511841484878106,128.65375176855844,16.167107570592332,3.838748903169627,262.2405648476316,84.76460513866377,1.4364832349024883,0.012012221598472575,Soft / Non-Viable,544.8419732629656,7.7522759784149455
mp-1219344,Sm4Fe34C3,-1,2,P-1,triclinic,3,"C,Fe,Sm",41,537.9579507053443,7.828609407491948,1,0,0,Sm4Fe34C3,0.0,-0.2,0.0,2.152867587060286,0,FM,0.9278935000283489,0.07022580651523415,0.00188069345641691,0.9278935000283489,0.8576676935131148,0.243732887209568,True,False,589.4387151289429,261.73231981815,6.754941083500569,17.052471468297995,589.4387151289429,0.0,6.754941083500569,,546.9363524332077,18.38036325033279,565.3167156835406,6.381238588890025,1.0658536585365854,False,658.2942185618717,0.0006582942185618717,0.000721855482109206,Easy-Axis (Uniaxial),218906.3252025384,218.9063252025384,2750.858065763317,30.898443033910446,Hard Magnet,104.5096546879517,9.315806859424548,818.1652658638336,1.028136795464064,123.49899604919915,15.519341850048656,63.857955470577885,382.44478668055524,19.36649960826523,1.4612058111366433,0.02797461062208881,Soft / Non-Viable,534.8924622058444,16.93633168606179
mp-1194289,Ga2(Co7B2)3,m-3m,225,Fm-3m,cubic,3,"B,Co,Ga",29,286.353639652546,8.361501495087737,1,0,0,Ga2(Co7B2)3,0.0,-0.2,0.0,1.776819067706144,0,FM,0.9304367091001187,0.06742155707639427,0.0021417338234871294,0.9304367091001187,0.8630151520237244,0.23854715226600406,True,False,595.0823100693001,170.71325694725255,59.63970698944627,12.447079569606586,595.0823100693001,0.0,59.63970698944627,,553.6864262245759,11.509753596966348,565.1961798215423,55.49731804919651,6.227586206896552,True,481.3999961358273,0.0004813999961358273,0.00039838545138195895,Easy-Axis (Uniaxial),713.8203568675477,0.7138203568675477,8.970131330734034,0.43933824757505086,Soft Magnet,73.6570358982912,2.6848867020864446,615.883415787293,0.773941925802059,89.71935238699865,11.274466552781666,12.126231285882408,581.4841915628658,2.066151822531708,3.406204075542501,0.03177968582482096,Soft / Non-Viable,461.8675987083017,10.83540768861948
mp-1226575,Co12Ge4C,4/mmm,123,P4/mmm,tetragonal,3,"C,Co,Ge",17,188.76349174298272,8.882866734574353,1,0,0,Co12Ge4C,0.0,-0.2,0.0,1.88760918109705,0,FM,0.9185634423784877,0.07919024228506748,0.002246315336444825,0.9185634423784877,0.8393732000934203,0.2662854934713499,True,False,599.5134031892392,178.20426533384827,16.07131187373392,26.311892735874324,599.5134031892392,0.0,16.07131187373392,,550.6910953855498,14.112038948019896,564.8031343335697,14.908841700960705,7.064705882352942,True,103.73037501467606,0.00010373037501467606,8.09100011808435e-06,Easy-Axis (Uniaxial),2424.4044322957984,2.4244044322957983,30.465965207184876,1.4272964116765092,Soft Magnet,52.34213884010264,5.680825641680798,464.94824391922,0.5842711949584387,67.91396651712758,8.534320897249884,7.376476080600296,435.5226347992957,54.758686925929396,2.443951798703508,0.019540849065708743,Soft / Non-Viable,522.6900462312851,12.471318919584906
mp-995285,VFe11C4,m,6,Pm,monoclinic,3,"C,Fe,V",16,155.87707372958758,7.598475621608289,0,1,0,VFe11C4,0.0,-0.2,0.0,2.0895807959422794,0,FM,0.9308013825687765,0.06724936750320577,0.001949249928017718,0.9308013825687765,0.8635520150655708,0.23706317907261576,True,False,590.12430353271,229.44149560608878,28.313375100848816,11.916133816116016,590.12430353271,0.0,28.313375100848816,,549.2885176156827,15.429795458499036,564.7183130741818,26.366309273922955,0.34375,True,6912.593989372607,0.006912593989372607,0.0030125177440123896,Easy-Axis (Uniaxial),2351.6362792869445,2.3516362792869443,29.551533609788603,0.6820163347609128,Soft Magnet,72.11893478156344,1.7593680380136192,547.9939677940679,0.6886295293733461,94.34120703536537,11.855265948435576,35.11289805380746,544.4807873458146,69.48514135735269,2.3730702500326863,0.13534425155025703,Semi-Hard (0.1 <= kappa < 1.0),501.9184955047504,14.562171535167575
mp-1219012,SmY(Co2Ni3)2,mmm,47,Pmmm,orthorhombic,4,"Co,Ni,Sm,Y",12,165.2129862929313,8.313692018674788,1,0,0,SmY(Co2Ni3)2,0.0,-0.2,0.0,2.390186455369001,0,FM,0.927562118460876,0.07005508189951434,0.002382799639609627,0.927562118460876,0.8575070365613616,0.2461095299042452,True,False,594.5272688648834,185.8957056177342,13.075436438227428,4.749966265433443,594.5272688648834,0.0,13.075436438227428,,551.46097299107,13.022938881818378,564.4839118728884,12.132843562417621,6.333333333333333,False,62129.654516934555,0.06212965451693456,0.06373073849802001,Easy-Axis (Uniaxial),168768.56174057815,168.76856174057815,2120.8083360853034,24.76838522842797,Hard Magnet,49.85023729091124,3.432842393252546,414.439519894493,0.5208000604231281,53.96003175069604,6.780817705148962,4.252683166617226,192.43224233568247,38.07931697322009,1.035162386867557,0.5365168614845618,Semi-Hard (0.1 <= kappa < 1.0),528.4294858116838,12.720821516459468
mp-1217484,TbNdFe4,-43m,216,F-43m,cubic,3,"Fe,Nd,Tb",6,100.66314059592035,8.685924571150611,0,0,0,TbNdFe4,0.0,-0.2,0.0,7.81733211403555,0,FM,0.9266705595456175,0.07136302092976089,0.0019664195246216236,0.9266705595456175,0.8553075386158566,0.24687785529673892,True,False,591.5295026251872,227.23653583611954,1.5250166123082067,19.659472465349182,591.5295026251872,0.0,1.5250166123082067,,548.1529751854231,16.21628566287936,564.3692608483025,1.9913300178218756,3.4,False,24.466706366411863,2.4466706366411864e-05,4.278347335344566e-05,Easy-Axis (Uniaxial),40216.029237332616,40.21602923733261,505.3695378520153,3.3076394583070057,Hard Magnet,61.785743355138095,3.498187229039498,536.6663063551996,0.6743947701898657,90.48123758576472,11.37020787237452,8.11914169190649,440.0061630002823,47.228602003948055,1.9363354637548684,0.008222019324803476,Soft / Non-Viable,545.3805936343468,14.764931810930616
mp-1233316,Mg(Fe2O3)4,1,1,P1,triclinic,3,"Fe,Mg,O",21,228.01291011283897,4.828820356300283,0,1,1,Mg(Fe2O3)4,0.0,-2.5,2.5,1.327925597982578,0,FM,0.7397231500932787,0.2569263699694037,0.003350479937317734,0.7397231500932787,0.482796780123875,0.5381867314292696,False,True,686.937203345141,210.47564755329748,21.11598798270836,7.5555109155643265,686.937203345141,0.0,21.11598798270836,,508.14335197473486,54.07674409282833,562.2200960675632,15.740147148511356,0.1,True,1168.3738633172047,0.0011683738633172047,2.904434845940771e-05,Easy-Axis (Uniaxial),5370.377099561408,5.3703770995614075,67.48615028300607,0.6860214772392181,Soft Magnet,60.83400688560629,3.4620970337549934,293.75649080452723,0.36914529338232815,27.1097064952501,3.4067062568400455,17.093297235106135,384.367887074867,54.912633371623656,1.8261869795532324,0.10380027714702313,Semi-Hard (0.1 <= kappa < 1.0),474.72879363648906,52.10822285978934
mp-1191482,Ce2Fe12Co5N3,-3m,166,R-3m,trigonal,4,"Ce,Co,Fe,N",22,270.02918646201726,7.914737830782936,1,0,0,Ce2Fe12Co5N3,0.0,-0.6,0.5,3.8584346925066817,0,FM,0.9259424781605873,0.07206290647224341,0.0019946153671693834,0.9259424781605873,0.8538795716883438,0.24866559011604722,True,False,592.9282573566443,176.12011656397374,20.266556783216515,20.91629340119387,592.9282573566443,0.0,20.266556783216515,,549.0174599882497,12.691727487830246,561.7091874760799,18.82610244228106,2.7954545454545454,False,104.59983231546657,0.00010459983231546657,4.9133348809912424e-05,Easy-Axis (Uniaxial),18222.467671748254,18.222467671748255,228.99028671995043,1.8913200919645,Hard Magnet,115.18339019698786,5.38890871432929,911.6463358699323,1.145608572576413,85.33856786764079,10.723960923568038,8.74096665089146,181.98324786939975,66.221494466837,1.0332905259195435,0.01000769754124501,Soft / Non-Viable,514.2754824318461,11.490078248580335
mp-1194164,In2(Co7B2)3,m-3m,225,Fm-3m,cubic,3,"B,Co,In",29,295.09832851741186,8.621229464382962,1,0,0,In2(Co7B2)3,0.0,-0.2,0.0,1.8320112611813792,0,FM,0.9310830140854394,0.0668389206654561,0.0020780652491046436,0.9310830140854394,0.8642440934199833,0.23679979337741133,True,False,593.0402307189468,141.81997720959782,72.69976759391778,1.3264260310678253,593.0402307189468,0.0,72.69976759391778,,552.1696854917213,9.479094205489101,561.6487796972104,67.68957679415983,6.296551724137931,True,355.00885094830727,0.0003550088509483073,0.0005405324980490131,Easy-Axis (Uniaxial),553.0594000847266,0.5530594000847265,6.949949528236152,0.32535528137504316,Soft Magnet,71.28539373090146,3.2113053681604598,614.5677368129882,0.7722885948419956,80.20963176547203,10.079439791874764,4.9133047805437915,553.8786031263824,11.323855147169638,3.9055048098604406,0.027349217257598857,Soft / Non-Viable,444.46205780306394,9.416641811369887
mp-1233089,Ca(Fe2O3)4,2,3,P2,monoclinic,3,"Ca,Fe,O",21,238.56269197787967,4.725068514446249,0,1,1,Ca(Fe2O3)4,0.0,-2.5,2.5,1.2993938414727186,0,FM,0.7256789392417659,0.2704733272737876,0.003847733484446625,0.7256789392417659,0.45520561196797826,0.5531957461716637,False,True,689.386151057168,226.33041029464678,19.091807906279882,27.517100697490918,689.386151057168,0.0,19.091807906279882,,500.27301082712944,61.21633913563462,561.4893499627641,15.727069712995764,0.1,True,2664.3668766864603,0.0026643668766864604,0.00017360338125948537,Easy-Axis (Uniaxial),11820.652701368235,11.820652701368235,148.5427056347511,1.6422679463872953,Hard Magnet,57.65293864300466,4.390751324396678,272.4140851473628,0.3423256354533358,23.313581201127523,2.9296710741278305,20.512336952862512,503.5359642778095,7.8014457752786655,2.2247826247576916,0.1690295058973801,Semi-Hard (0.1 <= kappa < 1.0),470.340822075317,53.81251690353465
mp-672221,Co21(B3W)2,m-3m,225,Fm-3m,cubic,3,"B,Co,W",29,281.5450412676563,9.850423390330423,1,0,0,Co21(B3W)2,0.0,-0.2,0.0,2.093214970445215,0,FM,0.9282936881934575,0.06943901605539923,0.0022672957511433406,0.9282936881934575,0.8588546721380582,0.2440285242912355,True,False,594.9978886830561,129.05056857995436,32.11422548934826,12.41497516956808,594.9978886830561,0.0,32.11422548934826,,552.3327845529144,8.96114450358185,561.2939290564963,29.823895037307118,6.158620689655172,True,1537.2315523967047,0.0015372315523967048,0.002049200761428272,Easy-Axis (Uniaxial),15909.71112520671,15.90971112520671,199.9273302507193,3.3329585896092153,Hard Magnet,74.43347156744022,4.713821913567557,733.2012093514077,0.9213678131606137,70.76117507059568,8.892111683193205,7.188588206247375,451.32873078819296,13.560504358641907,3.4973013738298135,0.047702543952010255,Soft / Non-Viable,498.92423343723567,8.43739429993416
mp-2230131,MgFe6O11F,m,6,Pm,monoclinic,4,"F,Fe,Mg,O",19,223.9053604601104,4.11132513010953,0,1,0,MgFe6O11F,0.0624482846297695,-2.4687758576851158,2.5,1.1306144107801208,0,FM,0.8277626965890409,0.1698902134375996,0.002347089973359595,0.8277626965890409,0.6578724831514413,0.4294776994540899,True,False,630.215900587603,232.39861384787878,20.925615671871356,17.446738070078524,630.215900587603,0.0,20.925615671871356,,521.6692133036852,39.48225010921842,561.1514634129036,17.57321536773462,0.1,True,277.27207236286955,0.00027727207236286956,0.0001520931967992161,Easy-Axis (Uniaxial),9246.063724659538,9.246063724659537,116.18946574526103,1.7208434097401646,Soft Magnet,48.60651645458117,3.0155443457946696,199.83719258680193,0.25112282245788226,12.545919958614272,1.5765668296082134,4.331007373463951,234.4707187133536,6.528619408942518,1.0089161670595468,0.07433131436660147,Soft / Non-Viable,487.6543234589255,36.314410103033254
mp-1018082,CrCo2Sb,m-3m,225,Fm-3m,cubic,3,"Co,Cr,Sb",4,54.268716503662645,8.923198653280279,1,0,0,CrCo2Sb,0.0,-0.6,0.5,4.1269793771421295,0,FM,0.9221125340066323,0.07584082084574717,0.002046645147620513,0.9221125340066323,0.8462717131608851,0.2576401667343401,True,False,589.2774902068354,232.57989469365094,11.551732762427491,11.13582611715428,589.2774902068354,0.0,11.551732762427491,,543.3801597276935,17.639050125783925,561.0192098534774,10.685425459704334,5.25,True,35.42659741576333,3.542659741576333e-05,6.595580506264025e-05,Easy-Axis (Uniaxial),6495.132443662238,6.495132443662238,81.62024306204052,2.2665470784745576,Soft Magnet,23.864525721354326,5.306359396319623,212.9479037779615,0.267598228042476,14.246120429085545,1.790220326065348,1.650764095117193,215.60880188736988,51.04150258768115,0.9270311269654885,0.02493368219841433,Soft / Non-Viable,523.2326794427228,16.70872295826899
mp-1219727,PrSmFe4,-43m,216,F-43m,cubic,3,"Fe,Pr,Sm",6,103.90096438727984,8.225068309928892,0,0,0,PrSmFe4,0.0,-0.2,0.0,2.2618937852304453,0,FM,0.9260120403546074,0.07190078423991901,0.0020871754054736244,0.9260120403546074,0.8541112561146884,0.24880404615398535,True,False,587.4876139498613,236.02560180756254,10.009192988072925,14.366390261992677,587.4876139498613,0.0,10.009192988072925,,544.020604076771,16.97042587066259,560.9910299474335,9.326015079120713,3.4,False,11.243380640091935,1.1243380640091936e-05,2.4735529451310508e-05,Easy-Axis (Uniaxial),46236.96354834141,46.23696354834141,581.0308313187314,13.541213006208626,Hard Magnet,69.49728618089556,0.5473456729565953,571.6199261925432,0.7183187843088134,102.65133261733031,12.899547147871163,3.67475556770694,418.6962534666562,39.38363823541391,1.7739442257964435,0.005232824450159652,Soft / Non-Viable,526.4559403866141,15.833103174356582
mp-1190200,Sm2Fe17B3,-3m,166,R-3m,trigonal,3,"B,Fe,Sm",22,278.8938221969016,7.636136321763242,1,0,0,Sm2Fe17B3,0.0,-0.2,0.0,2.099937488484892,0,FM,0.9281200613308169,0.06997396827476308,0.0019059703944199848,0.9281200613308169,0.8581460930560538,0.24328327933796437,True,False,589.8522181512543,191.60797275255783,2.9941785603922426,32.422237392727766,589.8522181512543,0.0,2.9941785603922426,,547.4536768866606,13.407570206579152,560.8612470932397,3.587430831236677,1.0,False,111855.49692908724,0.11185549692908724,0.08783524509085662,Easy-Axis (Uniaxial),341458.7733372751,341.4587733372751,4290.897578639721,10.445406309579319,Hard Magnet,92.12897711549928,4.782967400939825,703.5094284385586,0.8840560208454921,108.61373495816117,13.648804738094988,12.331945425139587,428.16372839377203,22.602939246414564,2.2345820074340113,0.42408587876095183,Semi-Hard (0.1 <= kappa < 1.0),542.0437575610481,11.53725250817903
mp-1227870,Ce2ZrCo16,-3m,164,P-3m1,trigonal,3,"Ce,Co,Zr",38,502.1610331920392,8.692793825802731,1,0,0,Ce2ZrCo16,0.0,-0.2,0.0,1.8472186879830803,0,FM,0.9283460727235928,0.06974905470197375,0.0019048725744334385,0.9283460727235928,0.858597018021619,0.24274751865469174,True,False,589.5668523187617,193.47938780350066,4.541858556779118,0.7477454923015614,589.5668523187617,0.0,4.541858556779118,,547.3220719581328,13.495004403610759,560.8170763617436,4.216739101895656,7.794736842105262,False,10698.351616877959,0.010698351616877958,0.008774492836904181,Easy-Axis (Uniaxial),47367.04323045285,47.36704323045285,595.2318317037831,14.58923663762953,Hard Magnet,71.22406825689892,9.216166501257117,619.1361407921232,0.7780294205937881,89.45544187336891,11.241302578904419,13.174617406783154,301.0223377511358,16.490982033099726,1.5558367284935628,0.14902781909825688,Semi-Hard (0.1 <= kappa < 1.0),539.1594520555107,13.44473819172059
mp-758105,Li5Fe11O16,2/m,12,C2/m,monoclinic,3,"Fe,Li,O",32,304.99643241448854,4.927178669930404,1,0,0,Li5Fe11O16,0.0,-2.5,2.5,1.3549741342308612,0,FM,0.5760559056527844,0.4196057139999628,0.004338380347252652,0.5760559056527844,0.1564501916528216,0.642381443494808,False,True,757.2215967634597,296.45829058083115,22.237507325519914,5.2970128921518835,757.2215967634597,0.0,22.237507325519914,,436.2019727034223,124.39559269037811,560.5975653938004,13.00144294075929,1.021875,True,21.929528770815715,2.1929528770815714e-05,2.0959788906058332e-05,Easy-Axis (Uniaxial),9386.923878934025,9.386923878934025,117.95956668305772,2.9361254330153965,Soft Magnet,39.12930096010389,0.23181984722705806,192.79705705991117,0.24227592723725963,11.677521441951209,1.4674406514747462,11.029951946317466,207.99965979415086,32.82373283508812,0.7016152571973308,0.021667525552070944,Soft / Non-Viable,406.0998140692328,121.18597434803057
mp-531264,Mg3(Fe11O18)2,-1,2,P-1,triclinic,3,"Fe,Mg,O",61,599.3534193592342,5.201663052630621,1,0,0,Mg3(Fe11O18)2,0.0,-2.5,2.5,1.4304573394734208,0,FM,0.7592777560919977,0.2377646544971015,0.0029575894109008104,0.7592777560919977,0.5215131015948962,0.5168898968040463,False,True,671.1511849997928,212.655840406678,35.82468189438515,6.911332765654677,671.1511849997928,0.0,35.82468189438515,,509.5901657451279,50.56204242108455,560.1522081662124,27.250475834997392,0.1,True,2792.374076511273,0.002792374076511273,0.0002016993375873141,Easy-Axis (Uniaxial),5338.312389869732,5.338312389869732,67.08321324955081,3.202508930244045,Soft Magnet,55.35311198288366,1.8256513685982725,287.92823744949123,0.36182129421295167,26.04464187860724,3.272866287230197,7.91284995742056,356.7113973419244,14.914485256378441,1.6774117120872765,0.16371844385523826,Semi-Hard (0.1 <= kappa < 1.0),455.228748706497,48.87314942613657
mp-1225867,Er4Fe34C3,-1,2,P-1,triclinic,3,"C,Er,Fe",41,527.9300730597216,8.1899264566816,1,0,0,Er4Fe34C3,0.0,-0.2,0.0,2.2522297755874403,0,FM,0.9290063735365324,0.06912098430464225,0.001872642158825388,0.9290063735365324,0.8598853892318901,0.24108307369129994,True,False,587.1203009344479,209.9958470585486,3.396778853828266,2.427945510723447,587.1203009344479,0.0,3.396778853828266,,545.438501600789,14.515119648573993,559.953621249363,3.1600885898528603,1.0658536585365854,False,1754.8939847282256,0.0017548939847282256,0.004674680346368011,Easy-Axis (Uniaxial),149150.79360202907,149.15079360202907,1874.2841862405157,57.45138795003606,Hard Magnet,63.356116311292986,0.12897916094933493,518.8819331704551,0.6520462677315088,84.58375697927636,10.629108588055935,11.29935787663213,383.3447340091272,20.767047815460103,1.8254872150031018,0.07201980834194714,Soft / Non-Viable,539.331864690204,14.341023530078822
mp-2218994,MgFe4O7F,m,8,Cm,monoclinic,4,"F,Fe,Mg,O",13,162.45492937254858,3.870683480826104,0,1,0,MgFe4O7F,0.0376308151743895,-2.4811845924128053,2.5,1.0644379572271787,0,FM,0.8246622504612342,0.17296248993448962,0.0023752596042762517,0.8246622504612342,0.6516997605267446,0.4340259940428801,True,False,630.5725918214268,229.99379030390978,12.031513923145894,25.576493925703943,630.5725918214268,0.0,12.031513923145894,,520.0094126506311,39.78029864043511,559.7897112910663,10.863451482229832,0.1,True,216.30182931102493,0.00021630182931102492,0.00024714462607325994,Easy-Axis (Uniaxial),7429.787696593122,7.429787696593122,93.36546759520152,1.901704862871196,Soft Magnet,44.01426903650842,3.116503584335209,170.36530408024902,0.2140873550900406,9.118264337412752,1.1458349124963072,5.051254209605114,233.14922931223276,4.6721657274605235,1.0137196704491607,0.07700944818202417,Soft / Non-Viable,499.958551730173,35.26989709622598
mp-1226261,DyFe5Bi4O15,1,1,P1,triclinic,4,"Bi,Dy,Fe,O",50,637.2136589925591,7.90973794016368,0,1,1,DyFe5Bi4O15,0.0,-2.5,2.5,8.107481388667772,1,AFM,0.1401424439190015,0.8528399224492841,0.00701763363171454,0.8528399224492841,0.7126974785302826,0.40592488745302685,True,False,829.6807220402491,519.9076028191514,116.38948839465246,16.97298848336783,0.0,519.9076028191514,,16.97298848336783,116.27348405920227,443.39795966907826,559.6714437282806,21.807908180545084,0.96,False,63.68788748391172,6.368788748391172e-05,3.210576237379318e-05,Easy-Axis (Uniaxial),29467.154097912095,29.467154097912093,370.29518653850255,9.449393583446684,Hard Magnet,47.21577500391956,0.598160373954272,373.4644069227345,0.4693092148662927,0.0,0.0,1.0226210831815736,39.30389102961068,5.282550966052053,0.07559783857071704,0.019062254880816306,Soft / Non-Viable,83.77263641367335,408.71258931207205
mp-1216000,YTiFe11C,mm2,44,Imm2,orthorhombic,4,"C,Fe,Ti,Y",14,176.27249808657078,7.188425640326012,0,1,0,YTiFe11C,0.0,-0.2,0.0,1.9768170510896532,0,FM,0.9262087352654031,0.07190077322734971,0.0018904915072472123,0.9262087352654031,0.8543079620380535,0.24770409022774934,True,False,580.6747816038103,301.1058119328926,11.351445771840417,37.31934815423048,580.6747816038103,0.0,11.351445771840417,,537.8260550697793,21.649740701223923,559.4757957710032,10.850816038322566,0.807142857142857,False,3918.7731327656006,0.003918773132765601,0.0019742053549982783,Easy-Axis (Uniaxial),4685.45754883125,4.68545754883125,58.87919720030368,3.3733148142264957,Soft Magnet,123.01401469295737,18.365454444488392,884.2770973382956,1.1112153730942782,60.15127578142888,7.558832390804693,0.7056641836075148,258.12051094428523,16.594535147363658,0.8572418754966195,0.06315122100958281,Soft / Non-Viable,518.2176563238769,18.245238636972882
mp-771993,LiZn2Fe9O16,m,8,Cm,monoclinic,4,"Fe,Li,O,Zn",56,624.2083855466611,4.769021164285788,0,1,0,LiZn2Fe9O16,0.0,-2.5,2.5,1.311480820178592,0,FM,0.8246483340503475,0.17309154444645694,0.002260121503195532,0.8246483340503475,0.6515567896038906,0.4335937600935222,True,False,594.5805731382968,397.1787273656622,13.924561653876879,11.330870066018093,594.5805731382968,0.0,13.924561653876879,,490.3198790971973,68.74827934100072,559.068158438198,11.649155989924031,0.4107142857142857,True,66.54862977828222,6.654862977828222e-05,5.148455539127368e-05,Easy-Axis (Uniaxial),640.1495222642542,0.6401495222642541,8.044356301654904,0.25147674181078156,Soft Magnet,40.329640075332634,1.8516531760819213,192.33290706728963,0.2416926591544662,11.621362938000514,1.4603835655997248,0.1913499389292968,382.68634195559673,19.208970976555094,0.9635116777119761,0.037836506541542476,Soft / Non-Viable,468.5710571807454,65.06222145351913
mp-1176712,LiFe7O7F,mm2,38,Amm2,orthorhombic,4,"F,Fe,Li,O",16,197.95028963946928,4.436348265108984,0,1,0,LiFe7O7F,0.0,-2.5,2.5,1.2199957729049709,0,FM,0.6555990349560796,0.34162140437834027,0.0027795606655801044,0.6555990349560796,0.31397763057773936,0.6008270589175603,False,True,683.328942562916,325.06090415535516,5.822939925629612,17.743667508504586,683.328942562916,0.0,5.822939925629612,,447.9897953018061,111.0477625860455,559.0375578878516,7.163561093858569,0.46875,True,190.13842787230564,0.00019013842787230563,0.0002927247114091029,Easy-Axis (Uniaxial),8718.877821809467,8.718877821809468,109.56465217868156,0.2744027921907971,Soft Magnet,52.360054370804576,4.994223741388215,232.28743636893097,0.29190100144713604,16.95123382491971,2.1301549075284387,15.981511409462406,366.1703024096737,27.12392889719692,1.1264667566256177,0.05295467371072075,Soft / Non-Viable,439.45996537481665,101.99861502903015
mp-1191783,Sm2Ga2(Fe5C)3,-3m,166,R-3m,trigonal,4,"C,Fe,Ga,Sm",22,278.73934027890846,7.827160715706551,1,0,0,Sm2Ga2(Fe5C)3,0.0,-0.2,0.0,2.1524691968193017,0,FM,0.9265314056451871,0.07146347186265671,0.002005122492156178,0.9265314056451871,0.8550679337825304,0.24732870592722844,True,False,583.1165564695019,255.49168020572782,11.592046697981345,10.415828281314788,583.1165564695019,0.0,11.592046697981345,,540.2758027206687,18.258322499524915,558.5341252201936,10.766157645370011,1.5363636363636364,False,59713.4957651655,0.0597134957651655,0.005266509759295827,Easy-Axis (Uniaxial),202358.64738371252,202.35864738371254,2542.9138094452173,19.30627290078806,Hard Magnet,67.92003286555433,6.02368933428216,531.6210130547647,0.6680546676427249,88.7879747970474,11.157426190735569,14.438783905524659,366.2044793429221,33.238314725405274,1.4333323067430055,0.41004278781135056,Semi-Hard (0.1 <= kappa < 1.0),520.1761166044893,17.354514295487796
mp-1225995,CoRe,-6m2,187,P-6m2,hexagonal,2,"Co,Re",2,25.89047004149309,15.722575546438089,0,0,0,CoRe,0.0,-0.2,0.0,3.341047303618094,0,FM,0.6998628308514429,0.2835865787022427,0.01655059044631444,0.6998628308514429,0.41627625214920017,0.6144357919857811,False,True,711.8258229392666,211.63813940390008,26.61110440076908,29.992318534886593,711.8258229392666,0.0,26.61110440076908,,498.18043551543303,60.01773587646032,558.1981713918933,20.474376781890342,4.05,True,273.7884324106688,0.0002737884324106688,0.0003106846697539881,Easy-Axis (Uniaxial),25102.333963762547,25.102333963762547,315.44523800219514,10.323690230972563,Hard Magnet,110.7163851826185,19.669375845750473,1740.7467302622579,2.187486855820945,98.3345875726066,12.357088956535888,4.368061249445921,211.40132923536055,29.310831688787047,0.9988810609977647,0.008479437188713511,Soft / Non-Viable,457.5904757703577,52.191078605398275
mp-1097708,Fe65(BN)6,m,6,Pm,monoclinic,3,"B,Fe,N",77,903.3949594987524,6.945906412778153,0,1,0,Fe65(BN)6,0.0,-0.6,0.5,1.910124263513992,0,FM,0.9291831491495324,0.0689221551715811,0.0018946956788865874,0.9291831491495324,0.8602609939779513,0.24073703657747986,True,False,587.1628881404533,173.9935403854547,14.370515456906844,29.744870084861432,587.1628881404533,0.0,14.370515456906844,,545.581861466081,11.992009789299072,557.5738712553801,13.509300051777016,0.1,True,64091.720346569695,0.0640917203465697,0.0679220841757276,Easy-Axis (Uniaxial),219.48998402690938,0.2194899840269094,2.7581925390051905,0.03943505836893707,Soft Magnet,156.6108102828668,7.811613552633901,1087.8040314541472,1.3669748615046837,170.33949414458692,21.405492552676897,10.119717983116825,375.93058974954084,157.352638481336,2.160600841368749,0.2076086137231058,Semi-Hard (0.1 <= kappa < 1.0),520.6422052715069,10.439414629688622
mp-1104821,Pr5Co2,2/m,15,C2/c,monoclinic,2,"Co,Pr",14,389.51514766435247,7.011973954645088,1,0,0,Pr5Co2,0.0,-0.2,0.0,1.490044465362081,0,FM,0.8532344075877262,0.13829159883597814,0.008473993576295705,0.8532344075877262,0.714942808751748,0.4091055164376305,True,False,634.0782768624831,119.38724883547977,74.88099394743057,18.89674073392937,634.0782768624831,0.0,74.88099394743057,,541.017402923007,16.510253522087265,557.5276564450943,63.94446174512384,9.428571428571429,False,46002.984618614944,0.04600298461861495,0.03450917957481612,Easy-Axis (Uniaxial),88189.20540953681,88.18920540953681,1108.2182608913904,38.904805480089436,Hard Magnet,82.24851566671649,19.337900138818704,576.7244496632344,0.7247333176830535,104.49285594834225,13.13095979909166,12.191290498054341,176.65818377916983,38.16564828730162,1.479707301259715,0.3317567052130082,Semi-Hard (0.1 <= kappa < 1.0),432.9513192116165,15.084969713784457
mp-769468,RbFe3O5,mmm,62,Pnma,orthorhombic,3,"Fe,O,Rb",36,463.2319780171492,4.77479279569145,1,0,0,RbFe3O5,0.001,-2.4995,2.5,1.313068018815149,0,FM,0.7233325075014557,0.27445552305171095,0.0022119694468333622,0.7233325075014557,0.4488769844497448,0.5485673546958726,False,True,649.972596455641,317.69912832151994,20.322342683514364,9.797955589333753,649.972596455641,0.0,20.322342683514364,,470.1463080014906,87.19428043655539,557.340588438046,14.943751912183124,0.1,True,97.67524906069237,9.767524906069236e-05,4.119674723145587e-05,Easy-Axis (Uniaxial),7622.0926524607,7.6220926524607,95.78204298855819,0.7791628357153878,Soft Magnet,48.42631111001314,2.2408855855919754,231.22560141000358,0.2905666602846196,16.796612693501842,2.1107246427288833,28.455488497204243,324.9841748067878,24.076549333480017,1.022930646752972,0.038128648701698305,Soft / Non-Viable,440.3186216073654,83.12214501006166
mp-17474,ThCo9Si2,4/mmm,141,I4_1/amd,tetragonal,3,"Co,Si,Th",24,295.7215925497915,9.19331082461867,1,0,0,ThCo9Si2,0.0,-0.2,0.0,1.9535785502314675,0,FM,0.9288301108995514,0.06913865643759978,0.0020312326628488574,0.9288301108995514,0.8596914544619516,0.2420148840949011,True,False,585.8364878460368,188.34348272884733,4.988075957244519,3.7207173299371874,585.8364878460368,0.0,4.988075957244519,,544.142569975038,13.021815344650784,557.1643853196888,4.640211254818968,6.025,False,601.8351892611408,0.0006018351892611408,0.0018634897478440474,Easy-Axis (Uniaxial),6945.511303566787,6.9455113035667875,87.27987084242295,4.652397729482837,Soft Magnet,58.41986433127686,5.189016231369202,537.0719711294818,0.6749045435797477,71.28303080120132,8.957690009647369,10.737740933057701,355.3795235667815,11.473091209754017,1.8868692370864306,0.04074753756197027,Soft / Non-Viable,535.2431254243394,12.783987328653689
mp-754651,Fe7(Ni3O8)2,2/m,12,C2/m,monoclinic,3,"Fe,Ni,O",29,305.0897059335913,5.437704914511031,1,0,0,Fe7(Ni3O8)2,0.0,-2.5,2.5,1.903196720078861,0,FM,0.649504447927741,0.3470364234212522,0.0034591286510067686,0.649504447927741,0.3024680245064888,0.607284550964047,False,True,758.5044811613848,185.30247718842506,10.731478339672833,0.6900001507245008,758.5044811613848,0.0,10.731478339672833,,492.6520342874428,64.3067089345692,556.958743222012,6.9742548729834555,0.906896551724138,True,1254.11108612144,0.0012541110861214399,0.0002794839875161595,Easy-Axis (Uniaxial),3459.2438237989622,3.4592438237989622,43.470140779783044,0.5895745973831003,Soft Magnet,59.56381706856931,3.788109353965911,323.8904608007954,0.40701275688783667,32.95688734505088,4.141484687192352,1.3007408575879538,287.62713774074075,28.02668316238325,1.5522034141414458,0.09753599395628786,Soft / Non-Viable,475.63771483966497,64.08561351963012
mp-766058,Na(Fe2O3)4,2/m,12,C2/m,monoclinic,3,"Fe,Na,O",42,473.246411865836,4.643878378388889,1,0,0,Na(Fe2O3)4,0.0,-2.5,2.5,1.2770665540569446,0,FM,0.5535327583851716,0.44226670175008637,0.004200539864742068,0.5535327583851716,0.11126605663508521,0.6473491639177493,False,True,693.7036050655665,390.0252432409532,20.330405990455063,18.80891647109354,693.7036050655665,0.0,20.330405990455063,,383.9876700136807,172.49517792745155,556.4828479411323,13.99430916649879,0.1,True,793.9458911295953,0.0007939458911295954,0.0010178657714718104,Easy-Axis (Uniaxial),11957.348548429578,11.957348548429579,150.2604763437387,3.1786987022785516,Hard Magnet,60.22331319613911,5.303028754081389,279.66974202649266,0.35144336279271277,24.57201865229026,3.087810991263012,18.440644076349102,498.24707506856294,3.5792654403978474,1.2774739166324973,0.08987626972361788,Soft / Non-Viable,359.61712921981166,157.6674120135681
mp-1193985,Ta2(Co7B2)3,m-3m,225,Fm-3m,cubic,3,"B,Co,Ta",29,289.19131573060605,9.556763129100982,1,0,0,Ta2(Co7B2)3,0.0,-0.2,0.0,2.0308121649339586,0,FM,0.9276631318577531,0.07015738838747025,0.002179479754776673,0.9276631318577531,0.8575057434702829,0.2452380816010631,True,False,589.9644364095062,127.56176198251092,19.833758527114014,10.944553047767194,589.9644364095062,0.0,19.833758527114014,,547.2882567643368,8.949400078797055,556.2376568431339,18.415061613070378,6.227586206896552,True,1348.6108182849523,0.0013486108182849523,0.0026663845823625136,Easy-Axis (Uniaxial),12385.297367291787,12.385297367291788,155.63823991001203,0.6992427773810789,Hard Magnet,75.7603275327884,6.807756937739825,724.0235048139662,0.9098347694999561,65.6641454778055,8.251600041796442,6.274045833714698,442.7034160089155,8.889838350884446,3.4705025168091628,0.04524657623593022,Soft / Non-Viable,513.3494281072961,8.48507339914154
mp-1193707,Ti2(Co7B2)3,m-3m,225,Fm-3m,cubic,3,"B,Co,Ti",29,286.496854682293,8.103966463689924,1,0,0,Ti2(Co7B2)3,0.0,-0.2,0.0,1.7220928735341088,0,FM,0.9277140840441405,0.07011648625309182,0.0021694297027675803,0.9277140840441405,0.8575975977910486,0.2450865434294552,True,False,588.4975461850293,139.703283732077,23.72740105340091,3.701673822754671,588.4975461850293,0.0,23.72740105340091,,545.9574620212686,9.795503373311963,555.7529653945805,22.013774260927494,5.820689655172414,True,201.0093931405817,0.00020100939314058168,0.00012592905229357037,Easy-Axis (Uniaxial),781.3184261070212,0.7813184261070212,9.818337101028986,0.17628978878589005,Soft Magnet,79.48890433225748,5.895512882776281,644.1754149440712,0.8094947004845803,62.00085840155031,7.791257802183244,2.7941410186559956,492.4108297928831,4.6031991720556675,3.524690448488159,0.019633562004918465,Soft / Non-Viable,505.94184512469747,9.617499149108856
mp-1217051,Tm4Fe34C3,-1,2,P-1,triclinic,3,"C,Fe,Tm",41,521.7200902225115,8.308737885473139,1,0,0,Tm4Fe34C3,0.0,-0.2,0.0,2.284902918505113,0,FM,0.9292759867107732,0.06883893746748564,0.00188507582174126,0.9292759867107732,0.8604370492432876,0.24048567099662785,True,False,580.9194946717381,214.7009141409192,2.0981217878878624,3.131979847739018,580.9194946717381,0.0,2.0981217878878624,,539.8345366106032,14.779782802758739,554.614319413362,1.96161864882153,1.0658536585365854,False,1989.2090142624434,0.0019892090142624433,0.0053464726273453325,Easy-Axis (Uniaxial),68352.76940576888,68.35276940576888,858.9462495574297,5.647223794672077,Hard Magnet,66.55098120169541,0.855700948830389,552.9546588259374,0.6948633175743261,96.05697717499261,12.070875987260289,5.188374835978377,378.52833050986794,22.680163925658263,1.7630494589390544,0.07195247807187036,Soft / Non-Viable,536.0852958128987,14.551901491667802
mp-1096207,AlFe2Ge,mmm,71,Immm,orthorhombic,3,"Al,Fe,Ge",4,774.9177393999639,0.4528107277949261,1,0,0,AlFe2Ge,0.8,0.2,0.0,0.1245229501436046,0,FM,0.8702170002509554,0.12627723958376882,0.0035057601652757663,0.8702170002509554,0.7439397606671866,0.3660007011737714,True,False,599.0082579768891,262.8745403232504,22.441505791049167,15.57911366352893,599.0082579768891,0.0,22.441505791049167,,521.2671693821989,33.195071308872194,554.4622406910711,19.627818880081136,1.575,True,66.36952676718055,6.636952676718055e-05,3.8231579888890494e-05,Easy-Axis (Uniaxial),2337.764128206,2.337764128206,29.377211014700514,1.6134145925787613,Soft Magnet,39.40343050233406,0.6808092958810334,17.842296043378678,0.022421290469221075,0.1000118255566068,0.012567856901784738,16.458753255466235,277.4286849854626,5.576151499433621,1.055365364193563,0.40731339018392787,Semi-Hard (0.1 <= kappa < 1.0),484.98765824520814,30.796184977995896
mp-863767,Fe13(SnO10)2,-1,2,P-1,triclinic,3,"Fe,O,Sn",70,802.3064186054489,5.312494498006678,1,0,0,Fe13(SnO10)2,0.0,-2.5,2.5,1.4609359869518366,0,FM,0.7868214780759434,0.21067554524016258,0.0025029766838939745,0.7868214780759434,0.5761459328357807,0.4840203606295059,False,True,640.3892171803404,238.96661836794868,5.49445267281186,2.7679689463033554,640.3892171803404,0.0,5.49445267281186,,503.87199040573176,50.34442261886544,554.2164130245972,4.362305729198621,0.20857142857142857,True,2124.9246337246427,0.002124924633724643,0.0002505573065408029,Easy-Axis (Uniaxial),6144.424531689305,6.144424531689305,77.21311737718356,1.175345274568231,Soft Magnet,64.56565736166985,2.05306953703586,343.00469949405544,0.4310324176309197,36.96153622042246,4.644723716451711,3.6309389553786353,285.38621344865396,5.317755195485518,1.1942513786977174,0.11988552880711259,Semi-Hard (0.1 <= kappa < 1.0),494.8096300904533,49.6571750266903
mp-1225232,GaFe19N5,4/m,83,P4/m,tetragonal,3,"Fe,Ga,N",25,265.2502493055507,7.517408241382945,1,0,0,GaFe19N5,0.0,-0.6,0.5,2.06728726638031,0,FM,0.9278258128117268,0.0702365290632852,0.001937658124988084,0.9278258128117268,0.8575892837484416,0.24407884483079598,True,False,583.3506673956915,184.46994225118414,9.664371569297487,9.919886982623396,583.3506673956915,0.0,9.664371569297487,,541.2478071306708,12.956528460227837,554.2043355908986,8.99388150109605,0.336,True,6159.050130062417,0.0061590501300624175,0.005389261987297457,Easy-Axis (Uniaxial),441.8227041903615,0.4418227041903615,5.5521079545549945,0.02394688014157427,Soft Magnet,121.37684958027916,12.686732293720517,912.4393293478886,1.1466050775702898,176.95641985913244,22.236999977397176,35.37213708460334,291.05400211765414,45.14226619025284,1.577785511101529,0.07672695107362353,Soft / Non-Viable,524.3559060938487,12.344260133200569
mp-1224932,Ga2Fe6C,4/mmm,123,P4/mmm,tetragonal,3,"C,Fe,Ga",9,101.61602344585744,7.950484244772475,1,0,0,Ga2Fe6C,0.0,-0.2,0.0,2.1863831673124308,0,FM,0.9169277948499042,0.08098895318728043,0.002083251962815442,0.9169277948499042,0.8359388416626238,0.2693804713489307,True,False,580.9547109692539,259.54583287459684,9.140560407731812,33.115669816064525,580.9547109692539,0.0,9.140560407731812,,532.6935220367014,21.020345308634433,553.7138673453359,8.799899094356183,1.411111111111111,True,1019.2758897889391,0.0010192758897889392,0.0009357754308250592,Easy-Axis (Uniaxial),600.8508628401656,0.6008508628401656,7.550514773090494,0.03068712205661408,Soft Magnet,61.70906820926765,1.2297342895688175,490.61697455737243,0.6165274731983567,75.61971090801983,9.502653314816344,33.0637290711375,423.4359376929639,52.66940407242316,1.6314495709802161,0.05804948533897656,Soft / Non-Viable,516.943025529346,18.034261982663057
mp-1009264,NbCo,m-3m,221,Pm-3m,cubic,2,"Co,Nb",2,29.275922261481423,8.612386118658515,1,0,0,NbCo,0.0,-0.2,0.0,1.8301320502149343,0,FM,0.7154300790676658,0.23839227132659174,0.04617764960574258,0.7154300790676658,0.477037807741074,0.6584681203498208,False,True,700.8495299872961,218.86940254316477,78.96707227071619,17.30545042395994,700.8495299872961,0.0,78.96707227071619,,501.40883465334764,52.17677399615916,553.5856086495068,56.64584691212607,6.5,True,168.71970441133274,0.00016871970441133274,0.0001777768979070607,Easy-Axis (Uniaxial),1506.9524449739665,1.5069524449739666,18.93692328964425,0.27365809789551293,Soft Magnet,89.74771805222707,14.463893654169219,772.9420011342786,0.9713075649657773,81.49556031782897,10.241034342739091,5.602266049249409,210.65298495126757,17.490823713133565,0.9624597248568046,0.01499101586313255,Soft / Non-Viable,396.9280219906532,48.021597152177264
mp-1105426,Fe4CoB2P,4/mmm,140,I4/mcm,tetragonal,4,"B,Co,Fe,P",16,149.8482881038479,7.422566045523848,1,0,0,Fe4CoB2P,0.0,-0.6,0.5,3.618500947192876,0,FM,0.9250835309857244,0.07266873345528797,0.0022477355589877,0.9250835309857244,0.8524147975304364,0.25147161317917793,True,False,582.4225115351537,201.46720467629655,9.636521823256317,8.416108482972064,582.4225115351537,0.0,9.636521823256317,,538.7894734965138,14.64036659660374,553.4298400931175,8.935542093780017,1.0875,True,1669.613135889892,0.001669613135889892,0.001147253152111803,Easy-Axis (Uniaxial),269.96213991380984,0.26996213991380985,3.392444367907271,0.12131136546455465,Soft Magnet,92.96261885814582,2.3466978497724753,690.0211782394481,0.8671061857513693,109.21832490668275,13.724779753199336,22.854961269631822,299.3691043626931,52.28118075377266,1.4859445975025987,0.052825129948650185,Soft / Non-Viable,522.0212431568976,14.049169906461318
mp-2224255,MgFe4(CoO4)2,mm2,44,Imm2,orthorhombic,4,"Co,Fe,Mg,O",15,171.90647884106207,4.767437507605327,0,1,0,MgFe4(CoO4)2,0.0611261017376699,-2.469436949131165,2.5,2.324125784957597,0,FM,0.767000705847575,0.230797042499819,0.0022022516526060756,0.767000705847575,0.5362036633477559,0.5054857259275933,False,True,638.8842652995594,274.67692857421554,12.32464112205173,22.803398596656493,638.8842652995594,0.0,12.32464112205173,,490.0246824396714,63.39462275786297,553.4193051975343,10.81933844909935,1.1533333333333333,True,418.56634610161916,0.00041856634610161914,0.00036882076277498685,Easy-Axis (Uniaxial),10714.72669888717,10.714726698887171,134.64522934553173,2.481149041677198,Hard Magnet,53.32852689214691,2.6751102720844564,254.24041933096052,0.3194879334462936,20.306686542641927,2.551813540018541,6.088862464299685,404.8033760665513,21.677682477128172,1.4737436382727596,0.0717848215792022,Soft / Non-Viable,470.6878208641026,56.906333706899126
mp-1215136,Ca3(Fe3O5)5,2,5,C2,monoclinic,3,"Ca,Fe,O",86,1020.7637872885068,4.4179389326528895,0,1,1,Ca3(Fe3O5)5,0.0,-2.5,2.5,1.2149332064795446,0,FM,0.82948402916058,0.16799016424297852,0.0025258065964416216,0.82948402916058,0.6614938649176014,0.4276757093880902,True,False,619.6330783934229,232.4590385506035,36.98500036978487,20.55600964430566,619.6330783934229,0.0,36.98500036978487,,513.9757424669499,39.05083206588076,553.0265745328306,30.87220411231454,0.1,True,1860.9679527871986,0.0018609679527871986,0.00048583878572880016,Easy-Axis (Uniaxial),11844.833383964316,11.844833383964316,148.84656905986475,2.063543743251273,Hard Magnet,57.25626341682259,2.7027874332714674,252.95467528740988,0.3178722198296474,20.101816037474162,2.526068752559507,19.049448579225324,489.7779193633894,22.583298657342993,2.106942893755326,0.15213243074292507,Semi-Hard (0.1 <= kappa < 1.0),457.5655372520562,35.411260957122586
mp-1194066,Hf2(Co7B2)3,m-3m,225,Fm-3m,cubic,3,"B,Co,Hf",29,294.5304098810983,9.355808430815152,1,0,0,Hf2(Co7B2)3,0.0,-0.2,0.0,1.98810929154822,0,FM,0.9279058925007411,0.06998137196988474,0.0021127355293742503,0.9279058925007411,0.8579245205308563,0.24445546825766098,True,False,585.979102524966,127.89248156027597,19.57044200744872,9.221333483912787,585.979102524966,0.0,19.57044200744872,,543.7334621152119,8.950091324221297,552.6835534394331,18.170990994650527,5.820689655172414,True,2194.131813631753,0.0021941318136317533,0.003483647892307379,Easy-Axis (Uniaxial),13831.676381482861,13.831676381482861,173.81397500426766,2.046868408917341,Hard Magnet,70.32755318644254,4.317050056200976,657.9711150203202,0.8268308884888491,69.25416476417753,8.702735179213102,5.621743564981249,399.25424972895553,30.475083037600314,3.1217960966750518,0.06350670741246414,Soft / Non-Viable,510.4353131343777,8.555620189572567
mp-755338,Sm(FeO2)2,-3m,166,R-3m,trigonal,3,"Fe,O,Sm",7,92.8641399135695,5.830181366364949,1,0,0,Sm(FeO2)2,0.0,-2.5,2.5,1.603299875750361,0,FM,0.8323989057782937,0.1654318042742215,0.0021692899474848224,0.8323989057782937,0.6669671015040721,0.4220301165447348,True,False,606.6828773131097,280.2478299329143,64.7035257120695,22.005438497893095,606.6828773131097,0.0,64.7035257120695,,505.00216322985926,46.36190414973719,551.3640673795965,53.9820331263843,1.514285714285714,False,445.53027245793066,0.00044553027245793065,1.1380502083332307e-05,Easy-Axis (Uniaxial),12674.934482830931,12.674934482830931,159.27792731825892,1.0439890530210318,Hard Magnet,79.66713362238855,10.230632353498287,464.47383795695623,0.5836750388440919,32.13861681055043,4.038657777201315,2.0718805694965954,413.9737937663639,48.26989003956547,1.4771703811781909,0.04053894295141203,Soft / Non-Viable,415.4076895011054,41.766458032222644
mp-1219072,SmErFe4,-43m,216,F-43m,cubic,3,"Er,Fe,Sm",6,97.94001923593832,9.17245047279926,0,0,0,SmErFe4,0.0,-0.2,0.0,2.522423880019797,0,FM,0.9265473104696355,0.07146121860483358,0.0019914709255309687,0.9265473104696355,0.8550860918648019,0.24724716425110527,True,False,576.948367081384,227.4226680237835,5.487790255037851,0.6808317716463108,576.948367081384,0.0,5.487790255037851,,534.5699577991044,16.251900995342087,550.8218587944465,5.084930065019122,3.4,False,9.312114246929161,9.31211424692916e-06,1.6725111610280504e-07,Easy-Axis (Uniaxial),27737.019626348483,27.737019626348484,348.5536751337845,2.634608006510763,Hard Magnet,58.678313820495426,1.5361298166645625,538.2239273458666,0.6763521344544084,91.00722551870282,11.436305466698403,16.769341278357814,422.5265288598106,62.89970714065137,1.8578910032645621,0.005057736678261838,Soft / Non-Viable,524.9669297939694,16.19676463553334
mp-1221984,Mn3Fe8CuO16,3m,160,R3m,trigonal,4,"Cu,Fe,Mn,O",28,323.849881589418,4.774265821133541,0,1,0,Mn3Fe8CuO16,0.0,-2.5,2.5,3.103272783736802,0,FM,0.887008167537054,0.11080322951922748,0.0021886029437184684,0.887008167537054,0.7762049380178265,0.33089413199084805,True,False,577.1929469961779,347.5336432517614,12.085124038449976,1.6649384045960574,577.1929469961779,0.0,12.085124038449976,,511.97485823039165,38.507850038878246,550.4827082692699,10.72119103249595,0.16785714285714284,True,55.985645422570855,5.598564542257086e-05,6.075485290872596e-06,Easy-Axis (Uniaxial),4244.816140976646,4.2448161409766465,53.34193385359758,3.6417222696780978,Soft Magnet,52.01951635018929,2.8363435452080275,248.35499894260616,0.31209209606415694,19.37740804700236,2.4350369579483186,8.207325638324678,470.6424116266869,16.07972469152807,1.3542355416961536,0.0268757446801505,Soft / Non-Viable,492.1492427501747,38.18993062802099
mp-641587,Fe21(MoC3)2,m-3m,225,Fm-3m,cubic,3,"C,Fe,Mo",29,288.86911390009385,8.258683367999364,1,0,0,Fe21(MoC3)2,0.0,-0.2,0.0,2.271137926199825,0,FM,0.9281837212454304,0.06983194196336477,0.001984336791204964,0.9281837212454304,0.8583517792820656,0.2433889265643431,True,False,574.5890771689178,245.44836715365534,2.996875271885017,8.669029742483275,574.5890771689178,0.0,2.996875271885017,,533.3242278336239,17.14013613007671,550.4643639637006,2.846763164968358,0.1,True,434.01403752324217,0.00043401403752324215,0.0004732677948991135,Easy-Axis (Uniaxial),1352.9194234140637,1.3529194234140636,17.001287216269425,0.7343556947450851,Soft Magnet,90.71406665313988,2.2744003046296797,749.1787535118721,0.9414457873033822,102.31931695263034,12.8578248281367,19.107936956166345,429.635389828449,40.26134029395149,1.7504104623335672,0.024806272132847165,Soft / Non-Viable,528.0492355128035,16.428059450153395
mp-1223079,Nd4Ti3Fe25B2,mm2,35,Cmm2,orthorhombic,4,"B,Fe,Nd,Ti",68,957.902234462476,7.413610976049628,0,1,0,Nd4Ti3Fe25B2,0.0,-0.2,0.0,6.672249878444665,0,FM,0.9299763970974261,0.0681229730235005,0.0019006298790734703,0.9299763970974261,0.8618534240739256,0.23887362174160406,True,False,578.8474313875408,174.0655764506198,4.68634811071405,17.66428669221716,578.8474313875408,0.0,4.68634811071405,,538.3144487108848,11.857864568865637,550.1723132797504,4.5212701195914535,1.2647058823529411,False,321964.47882102855,0.3219644788210285,0.0536265939018205,Easy-Axis (Uniaxial),585334.7853924957,585.3347853924956,7355.533989614091,15.396278161730823,Hard Magnet,101.41870230423027,0.7516521924137933,751.8788045793513,0.9448387715425463,95.15287959459627,11.957263732385092,3.1064407372622234,373.30405648463886,10.051531901184234,2.1446173568416067,0.6732110035103315,Semi-Hard (0.1 <= kappa < 1.0),530.0346917892861,10.895553651971358
mp-2232288,MgFe4(NiO4)2,mm2,44,Imm2,orthorhombic,4,"Fe,Mg,Ni,O",15,167.6683889602811,4.883192485908196,0,1,0,MgFe4(NiO4)2,0.0419989209971729,-2.4790005395014134,2.5,1.7091173700678686,0,FM,0.7004707633684443,0.297306998592015,0.0022222380395407124,0.7004707633684443,0.4031637647764293,0.5676033851371243,False,True,703.3809503989328,190.72755147623437,18.59087454774516,1.3845408489460453,703.3809503989328,0.0,18.59087454774516,,492.69779126476226,56.70463587820328,549.4024271429655,13.028868280942028,0.62,True,140.35266511742554,0.00014035266511742555,0.000106777519528959,Easy-Axis (Uniaxial),5023.066069109016,5.023066069109016,63.12171107109859,1.4440038286167258,Soft Magnet,45.204012816744104,3.8951766545627393,220.73989571962258,0.2773899338987773,15.307756270622274,1.9236294230794562,18.754320044216183,353.6867729100238,19.483776678503773,1.8544083965451368,0.04787673954175593,Soft / Non-Viable,463.9471786166224,56.31478527513801
mp-1221978,MgZn(FeO2)4,3m,160,R3m,trigonal,4,"Fe,Mg,O,Zn",14,153.96279047444108,4.757291337872047,0,1,0,MgZn(FeO2)4,0.0,-2.5,2.5,1.308255117914813,0,FM,0.8637664792702526,0.13391180208153824,0.002321718648209189,0.8637664792702526,0.7298546771887144,0.3730368584021165,True,False,605.9384865395696,193.66843704797355,65.83059287198512,15.718625494342845,605.9384865395696,0.0,65.83059287198512,,523.3893531726294,25.934489411409082,549.3238425840385,56.901205538386336,0.19999999999999998,True,95.24261226855778,9.524261226855777e-05,7.659020920511929e-05,Easy-Axis (Uniaxial),2054.7559399285033,2.054755939928503,25.820825164817418,0.1814378670685987,Soft Magnet,55.09232568012138,2.6366967255213787,262.09024374126716,0.3293523137260493,21.580007045302636,2.711823716600017,4.964949392288184,355.7191955422435,17.886584815436123,1.8367432554543122,0.033216958394834406,Soft / Non-Viable,429.20632940814113,24.044738234334066
mp-1219786,PrY(Co3Ni2)2,mmm,47,Pmmm,orthorhombic,4,"Co,Ni,Pr,Y",12,169.40329765986607,8.020093385176203,1,0,0,PrY(Co3Ni2)2,0.0,-0.2,0.0,2.305776848238158,0,FM,0.9345816335616618,0.06267924938282983,0.0027391170555082518,0.9345816335616618,0.8719023841788319,0.2302866358415731,True,False,575.7158533597752,178.2143090094351,9.025397687135182,3.6767584748258173,575.7158533597752,0.0,9.025397687135182,,538.0534627003249,11.17033911799108,549.2238018183159,8.438118540313459,7.0,False,54437.04122448577,0.054437041224485776,0.02267369322183647,Easy-Axis (Uniaxial),147090.04940369827,147.09004940369826,1848.3881103998187,56.5177451743486,Hard Magnet,58.693324352463705,3.3983645537024074,470.7259423931955,0.591531664990638,69.61232511453352,8.747742937106887,3.467809220803166,232.8817141647147,1.0195291037278622,1.3067509307144656,0.44215464374289903,Semi-Hard (0.1 <= kappa < 1.0),522.3390699217512,10.96869294428772
mp-771307,Fe5Co3O16,m,8,Cm,monoclinic,3,"Co,Fe,O",24,252.521419966818,4.682092712785906,0,1,0,Fe5Co3O16,0.0,-2.5,2.5,2.2825201974831293,0,FM,0.7992915596857156,0.19791674114597435,0.002791699168310057,0.7992915596857156,0.6013748185397413,0.46976557818668613,False,True,632.6653937957467,219.15825928966063,10.861674054895786,20.149530457357585,632.6653937957467,0.0,10.861674054895786,,505.6841093661799,43.37508847383409,549.059197840014,9.553770478202809,1.0875,True,797.8233081250734,0.0007978233081250733,0.00017434428045782135,Easy-Axis (Uniaxial),8123.020768194415,8.123020768194415,102.07689146431036,0.14735738766184275,Soft Magnet,56.280683094743814,0.6154677586261812,263.51137618851294,0.3311381614284674,21.81466815663735,2.7413121021109803,6.86921200864025,155.07602008511054,8.136036011854202,0.7075983382408014,0.09562007034076529,Soft / Non-Viable,488.0152346572771,39.40511559004732
mp-1224887,Fe3Ni3B2,2,4,P2_1,monoclinic,3,"B,Fe,Ni",16,154.51197091108378,7.850403259330136,0,1,1,Fe3Ni3B2,0.0,-0.2,0.0,2.747641140765548,0,FM,0.9436583518190534,0.05260558982277601,0.003736058358170585,0.9436583518190534,0.8910527619962775,0.20983494345851503,True,False,572.3664463262924,161.24855190348038,6.890511209506087,12.07818506339487,572.3664463262924,0.0,6.890511209506087,,540.1183773767978,8.482575180951097,548.6009525577489,6.533258215391742,1.5625,True,1442.6017066374463,0.0014426017066374464,0.0022392688430270926,Easy-Axis (Uniaxial),242.64480644124149,0.24264480644124148,3.049164624626059,0.05000348407251146,Soft Magnet,84.57560346271383,13.966587741118403,663.9525930835018,0.8343474355052091,138.49178583406334,17.403391416447814,17.56277502415535,374.0872403638872,17.65041560045151,2.319941704579196,0.05103066377696373,Soft / Non-Viable,527.9912779786858,7.999479228300135
mp-1216167,Y2(CoNi)5,mmm,47,Pmmm,orthorhombic,3,"Co,Ni,Y",12,165.1134740267175,7.70307247767632,1,0,0,Y2(CoNi)5,0.0,-0.2,0.0,2.214633337331942,0,FM,0.9448700320566813,0.050258206274764884,0.0048717616685539,0.9448700320566813,0.8946118257819164,0.2091926050254753,True,False,565.9048331846649,268.7260140544049,29.277224040634223,10.169809077736062,565.9048331846649,0.0,29.277224040634223,,534.7065178722252,13.50568744574165,548.2122053179668,27.667893015046022,6.666666666666667,False,45769.60506185144,0.04576960506185144,0.016616975102759137,Easy-Axis (Uniaxial),11850.04308889127,11.85004308889127,148.91203614404014,8.74446819811357,Hard Magnet,57.60350155627073,9.887629687668674,443.7239474558941,0.5575999574197201,61.85511355187917,7.772942963866427,3.015934957742897,176.61967364159588,35.071161481541594,0.6572481427341023,0.43010132708618726,Semi-Hard (0.1 <= kappa < 1.0),487.163835364064,12.852167021521408
mp-1048047,MgFe4O9,4/m,85,P4/n,tetragonal,3,"Fe,Mg,O",28,312.6336312335045,4.160776150235596,1,0,0,MgFe4O9,0.0,-2.5,2.5,1.1442134413147889,0,FM,0.814856531879315,0.1827706008071239,0.002372867313561086,0.814856531879315,0.632085931072191,0.4476557106998753,True,False,629.3988975971727,192.00267083585123,4.807228762233706,3.177808462163952,629.3988975971727,0.0,4.807228762233706,,512.8698028646962,35.09244350524098,547.9622463699372,3.960026492082175,0.1,True,120.54619071149483,0.00012054619071149484,1.727614330644735e-05,Easy-Axis (Uniaxial),3795.5720962111063,3.795572096211106,47.69656658110777,0.907456335540961,Soft Magnet,52.888658533994665,6.8994520783153845,220.0578690461993,0.2765328739040658,15.213308738137513,1.9117607958807326,8.511041473721296,167.523386682311,54.351806602735216,0.8725055018923759,0.04450767523789458,Soft / Non-Viable,504.78114145852095,34.543579115113786
mp-1219379,Sm2Ga2Fe15C,2/m,12,C2/m,monoclinic,4,"C,Fe,Ga,Sm",20,269.49002575646216,7.947786323262536,1,0,0,Sm2Ga2Fe15C,0.0,-0.2,0.0,2.185641238897197,0,FM,0.9283719740766384,0.06971957102710703,0.0019084548962545074,0.9283719740766384,0.8586524030495314,0.24269822235406802,True,False,573.8657687935417,217.8108878855795,9.444595710160286,30.13778532445511,573.8657687935417,0.0,9.444595710160286,,532.7608966298681,15.185681668415906,547.946578298284,9.016349365354083,1.6800000000000002,False,44103.43943549436,0.04410343943549436,0.00403287814966873,Easy-Axis (Uniaxial),301379.60339264385,301.37960339264384,3787.2478654152214,25.518861238045975,Hard Magnet,73.66252925178752,3.1444955719689887,585.4540425242833,0.7357032476034939,107.68011010192733,13.531481976233641,21.543163261801723,481.5463891979025,95.23639533410741,2.210846270691797,0.31999153419442095,Semi-Hard (0.1 <= kappa < 1.0),516.5004372500424,13.197034678166109
mp-1194187,Mn2(Co7B2)3,m-3m,225,Fm-3m,cubic,3,"B,Co,Mn",29,280.1595209701444,8.371103673856776,1,0,0,Mn2(Co7B2)3,0.0,-0.2,0.0,4.918023408390856,0,FM,0.9184111804814359,0.07952093539315334,0.0020678841254107975,0.9184111804814359,0.8388902450882826,0.26603930199821935,True,False,584.4063557801701,132.01585674075486,34.50558106692466,7.19748758730038,584.4063557801701,0.0,34.50558106692466,,536.72533109292,10.498024414753354,547.2233555076733,31.695479564508872,5.820689655172414,True,256.7759734001748,0.0002567759734001748,0.00015163084629767453,Easy-Axis (Uniaxial),670.5777476727931,0.6705777476727931,8.426728666704195,0.46279499713804095,Soft Magnet,87.3920840722325,10.33852901174722,731.5681960430658,0.9193157081155332,69.04595693429981,8.676571011154264,0.8417850143854305,609.2972883123966,13.010242708475573,4.6153341223918245,0.019539679830894725,Soft / Non-Viable,481.35997855193074,10.133351071962325
mp-1096767,Fe11MoC4,1,1,P1,triclinic,3,"C,Fe,Mo",16,156.46585939851565,8.047441894577615,0,1,1,Fe11MoC4,0.0,-0.2,0.0,2.2130465210088444,0,FM,0.9283628131693032,0.06950306418643007,0.0021341226442666856,0.9283628131693032,0.8588597489828732,0.24344692143845306,True,False,569.2998488417246,266.25854962570304,6.855278602623912,13.929358500961953,569.2998488417246,0.0,6.855278602623912,,528.5168092075626,18.505785064821016,547.0225942723836,6.4374017804845876,0.1,True,3166.5762374290484,0.0031665762374290486,0.0019299349544559868,Easy-Axis (Uniaxial),2187.945260787742,2.187945260787742,27.494531565124422,0.5591794509133577,Soft Magnet,73.98300253077913,0.6367840879377269,595.3739140528337,0.7481689258109533,111.36006543319284,13.993918810587072,23.787800675233072,383.1142215692722,56.49766586931938,1.4388804495023382,0.08431410607016537,Soft / Non-Viable,516.7095168911752,17.300837243185395
mp-1218295,SrFe3Bi2O9,-3m,164,P-3m1,trigonal,4,"Bi,Fe,O,Sr",15,185.64255010353511,7.308904893108396,1,0,0,SrFe3Bi2O9,0.0,-2.5,2.5,2.009948845604809,1,AFM,0.10569625544636324,0.8884386871405364,0.0058650574131004244,0.8884386871405364,0.7827424316941731,0.33929280204408047,True,False,803.3715767038292,519.529365009897,185.62172918522435,2.3767634101420185,0.0,519.529365009897,,2.3767634101420185,84.91336738963552,461.5699869803494,546.4833543699849,19.732828551280832,0.4866666666666667,True,84.43317446739181,8.443317446739181e-05,3.179082044693003e-05,Easy-Axis (Uniaxial),46844.98883935939,46.84498883935939,588.6715026170018,0.6165484700757243,Hard Magnet,49.890851421181495,3.335312659122689,364.6474880736174,0.4582295478728193,0.0,0.0,11.206993863724346,52.70729464892595,25.634072753276726,0.10145200290636484,0.02247907315858191,Soft / Non-Viable,52.456487603285225,456.14919341794166
mp-541854,Zr2(Co7B2)3,m-3m,225,Fm-3m,cubic,3,"B,Co,Zr",29,297.4416361339033,8.289871314486167,1,0,0,Zr2(Co7B2)3,0.0,-0.2,0.0,1.7615976543283105,0,FM,0.9280434454609494,0.06990130545016329,0.002055249088887332,0.9280434454609494,0.8581421400107861,0.24394792318338981,True,False,578.0500653149323,140.61530350578127,33.70884416921706,0.2820655464322215,578.0500653149323,0.0,33.70884416921706,,536.4555742637966,9.829193281325034,546.2847675451217,31.28327809869406,5.820689655172414,True,233.22534359160485,0.00023322534359160487,0.00010199689524282329,Easy-Axis (Uniaxial),386.56103324521604,0.386561033245216,4.857669303198707,0.002854218675083256,Soft Magnet,76.40064775309439,3.4950086050868236,633.3515382165392,0.7958930158403499,55.75919297949561,7.006906977502,2.2790230125790716,447.22026813309355,21.40450879925521,3.1804523190799534,0.021509886021432587,Soft / Non-Viable,482.26672769131414,9.815350420426228
mp-1018080,CrCo2Bi,m-3m,225,Fm-3m,cubic,3,"Bi,Co,Cr",4,58.73783977823978,10.710019677308836,1,0,0,CrCo2Bi,0.0,-0.6,0.5,4.953384100755336,0,FM,0.9062945370320361,0.0911853599861998,0.0025201029817640804,0.9062945370320361,0.8151091770458363,0.2936671514754884,True,False,557.1107521546407,453.308210207147,5.005652088480986,0.7248280087590331,557.1107521546407,0.0,5.005652088480986,,504.90643119955956,41.33507233243863,546.2415035319982,4.537076576458366,5.25,True,1832.4729430627556,0.0018324729430627556,0.0022196793794467145,Easy-Axis (Uniaxial),56134.50233147051,56.13450233147051,705.4069742537745,2.3229106340446246,Hard Magnet,38.792889827216094,7.278039232220969,415.47261338915814,0.5220982839964526,54.22938462450026,6.814665586189189,1.556900212422693,153.56931632302405,48.39123883579539,0.3387746192658807,0.09191183814739111,Soft / Non-Viable,496.62007350580654,41.1858091921094
mp-1226156,Dy4Fe28BC,mmm,65,Cmmm,orthorhombic,4,"B,C,Dy,Fe",68,904.634755216314,8.210529649364602,1,0,0,Dy4Fe28BC,0.0,-0.2,0.0,8.415792890598716,0,FM,0.9292104125882563,0.06891720979932202,0.001872377612421549,0.9292104125882563,0.8602932027889343,0.24059935103758726,True,False,572.513542877138,205.0035512527605,3.9557929386623414,9.156735083878289,572.513542877138,0.0,3.9557929386623414,,531.9855453892297,14.12827275129256,546.1138181405223,3.729540638484798,1.2647058823529411,False,24735.361779894203,0.024735361779894202,0.013677256672676403,Easy-Axis (Uniaxial),344118.578315957,344.118578315957,4324.321674413084,16.715291325010547,Hard Magnet,82.59328419642597,4.900943694411879,678.1346087331523,0.8521690819764239,78.53582719916295,9.869103302626101,8.960777290114237,366.2145523077151,9.507992212322222,1.786381504465688,0.20688942477302202,Semi-Hard (0.1 <= kappa < 1.0),525.0620890419253,13.509746884915456
mp-1193908,V2(Co7B2)3,m-3m,225,Fm-3m,cubic,3,"B,Co,V",29,282.0999969814801,8.26647140016039,1,0,0,V2(Co7B2)3,0.0,-0.2,0.0,1.756625172534083,0,FM,0.926618186103226,0.07127811058958775,0.0021037033071862853,0.926618186103226,0.8553400755136382,0.24744457322061295,True,False,578.769108564607,136.12723228140845,37.19464580124992,2.5709624580806008,578.769108564607,0.0,37.19464580124992,,536.2979815507172,9.702891916808731,546.0008734675259,34.465722405179164,6.089655172413793,True,299.06624698574325,0.00029906624698574323,0.0003274113927925821,Easy-Axis (Uniaxial),896.3353387585427,0.8963353387585427,11.263682280406032,0.2120370892152252,Soft Magnet,83.47992620235497,10.811823282310812,690.0844224392673,0.867185660756783,63.958688786846956,8.037286029179736,1.8732216190953699,556.9565360987282,8.536115294955607,4.0914409759493395,0.022355096264809415,Soft / Non-Viable,477.14101178239633,9.57974607917126
mp-1221688,MnFe4CuO8,-43m,216,F-43m,cubic,4,"Cu,Fe,Mn,O",14,159.13395629140024,4.902911053044169,0,0,0,MnFe4CuO8,0.0,-2.5,2.5,3.18689218447871,0,FM,0.8753334097718325,0.12258457566787309,0.002082014560294423,0.8753334097718325,0.7527488341039594,0.35199464387665647,True,False,580.9199648533577,305.7166110585068,3.1985220703218147,7.923270522100921,580.9199648533577,0.0,3.1985220703218147,,508.49865363962266,37.47614104122726,545.9747946808499,2.9634603116815557,0.2357142857142857,True,135.43131459677144,0.00013543131459677144,3.5664555500338915e-06,Easy-Axis (Uniaxial),2483.518969108519,2.483518969108519,31.20882039990111,0.7432617042098446,Soft Magnet,44.66642289778213,0.001291781270300163,218.99549852548114,0.27519785973475436,15.06677312143949,1.8933465868466903,13.152642014248764,464.78713859030574,5.977049625035136,1.5203201977839427,0.04740448437508714,Soft / Non-Viable,503.1343657292151,36.04804882793894
mp-1222391,LiV(FeO2)4,2/m,12,C2/m,monoclinic,4,"Fe,Li,O,V",14,152.38121265752898,4.459791258084353,1,0,0,LiV(FeO2)4,0.0,-2.5,2.5,1.2264425959731973,0,FM,0.7808898612438541,0.21605638324755597,0.00305375550858982,0.7808898612438541,0.5648334779962981,0.4932232062982571,False,True,617.2697104651356,295.3544636830768,3.3246919833357538,1.5995175419051009,617.2697104651356,0.0,3.3246919833357538,,482.01965855515374,63.81321719938719,545.832875754541,2.6191179675094327,0.7999999999999999,True,137.44984490972556,0.00013744984490972556,1.7987817912740567e-05,Easy-Axis (Uniaxial),37277.10205134038,37.27710205134038,468.4378889067518,21.089650016081023,Hard Magnet,36.92934730275542,1.3802671155771904,164.6971802675896,0.20696458063824533,8.521620711595792,1.070858461772634,20.515495016342715,562.8394869591716,10.686360353704856,1.9056407001287556,0.06350106824470225,Soft / Non-Viable,476.73632047894927,63.306914597276034
mp-1225614,Dy2Fe15Si2C,2/m,12,C2/m,monoclinic,4,"C,Dy,Fe,Si",20,257.669324335126,7.932203974477209,1,0,0,Dy2Fe15Si2C,0.0,-0.2,0.0,8.130509073839137,0,FM,0.9308819200418238,0.06723268005341106,0.0018853999047651656,0.9308819200418238,0.8636492399884127,0.23666378719691775,True,False,570.2467175929283,222.19428909261785,15.57073929366129,2.9406863418396796,570.2467175929283,0.0,15.57073929366129,,530.8323593704528,14.938717548259097,545.7710769187119,14.495868045099002,1.09,False,5997.127308590455,0.005997127308590455,0.0006933048159427631,Easy-Axis (Uniaxial),139016.5025510441,139.0165025510441,1746.9329265060085,42.252471099372826,Hard Magnet,58.086106805775785,5.478528416301824,460.75084726668234,0.5789965907633128,66.69329243967923,8.380926465704329,4.565765151013801,497.6571451320548,109.67976956416052,2.2397386861937525,0.14993414920246934,Semi-Hard (0.1 <= kappa < 1.0),504.64028498834455,14.722249951491593
mp-1095124,TaCo3,6/mmm,194,P6_3/mmc,hexagonal,2,"Co,Ta",8,93.38087930637572,12.7232394222921,1,0,0,TaCo3,0.001,-0.1995,0.0,2.703688377237071,0,FM,0.8946767595460362,0.09451914042741962,0.010804100026544174,0.8946767595460362,0.8001576191186166,0.33811418394922266,True,False,584.6354851248027,234.2904367476637,8.011700242549807,8.007402578131476,584.6354851248027,0.0,8.011700242549807,,523.0597813470833,22.1449306917539,545.2047120388372,7.207729094818433,7.5,True,5326.550377405003,0.005326550377405003,0.0050205337120004315,Easy-Axis (Uniaxial),61099.70695747998,61.09970695747998,767.8015769724769,16.062241495537222,Hard Magnet,62.32079433922475,0.9384664398439106,792.9223873653826,0.9964156588055865,100.16195768937935,12.58672306236669,16.658623542813125,227.75671277206584,3.7805067446256686,0.9721127158824889,0.08210836562061655,Soft / Non-Viable,509.45445994602454,21.292444804637036
mp-1225401,Fe6ClO12,4/m,87,I4/m,tetragonal,3,"Cl,Fe,O",38,475.0137003670883,3.932852724302211,1,0,0,Fe6ClO12,0.0,-2.5,2.5,1.0815344991831082,0,FM,0.8487775680538325,0.14889240595810643,0.0023300259880610014,0.8487775680538325,0.699885162095726,0.397645794334684,True,False,606.9164098311342,201.75409615361218,18.3584476814612,8.616532983935187,606.9164098311342,0.0,18.3584476814612,,515.1370343484332,30.039652788214465,545.1766871366476,15.634963532682056,0.1,True,889.3517003807934,0.0008893517003807934,7.048802568825691e-06,Easy-Axis (Uniaxial),9514.424613044359,9.514424613044358,119.56178819261731,1.5220353862600022,Soft Magnet,61.005165233740215,4.189317631311642,239.92433028602173,0.3014978053776068,18.084164759481908,2.2725232103360296,0.811063365333813,146.76068376617866,25.78738903113667,0.727423564448662,0.11088110534366383,Semi-Hard (0.1 <= kappa < 1.0),485.4311592169799,28.79891862696013
mp-1227197,CeNd3(Fe14B)2,mmm,65,Cmmm,orthorhombic,4,"B,Ce,Fe,Nd",68,926.3988244784535,7.73673092599494,1,0,0,CeNd3(Fe14B)2,0.0,-0.2,0.0,6.963057833395446,0,FM,0.9289021309811603,0.06921971195138184,0.001878157067457809,0.9289021309811603,0.8596824190297784,0.24134764849435147,True,False,573.8133104963638,167.73484781261587,2.029022622116713,9.39415277074346,573.8133104963638,0.0,2.029022622116713,,533.0164069054265,11.61055784979814,544.6269647552247,1.9937833374417682,1.2647058823529413,False,398082.0951558096,0.3980820951558096,0.07691046390312782,Easy-Axis (Uniaxial),604631.0058229723,604.6310058229723,7598.017451710543,7.645164339890621,Hard Magnet,123.62196409277057,3.8600305537168964,956.4298727287741,1.201885224735415,110.02778223651575,13.826499163207343,4.339700957998884,358.1225525141399,32.91006737491304,2.1350515839988997,0.5884753257470164,Semi-Hard (0.1 <= kappa < 1.0),529.4356174230741,11.089667687626438
mp-1201822,ZnFe4NiO8,m,8,Cm,monoclinic,4,"Fe,Ni,O,Zn",56,593.7489642493905,5.319077109932837,0,1,0,ZnFe4NiO8,0.0,-2.5,2.5,1.8616769884764928,0,FM,0.86992300527221,0.12804958036098277,0.002027414366807253,0.86992300527221,0.7418734249112272,0.36134803100838014,True,False,596.6101047350485,198.39896913253096,12.361007802066297,17.967650442797108,596.6101047350485,0.0,12.361007802066297,,519.0048552868814,25.404904741472162,544.4097600283535,10.996506239513568,0.47857142857142854,True,204.13225413413778,0.00020413225413413777,5.287071280732444e-06,Easy-Axis (Uniaxial),2242.9912269928295,2.2429912269928294,28.18625959072121,0.0112210103176931,Soft Magnet,54.82489169237853,2.1797117487773683,291.6178264554776,0.36645776849934064,26.716404484375577,3.357282467559672,18.85082783947285,448.47060375793467,19.774996924410317,2.260448255950137,0.043705572654162125,Soft / Non-Viable,498.4663664701956,23.310711190273036
mp-1199236,Zn3Fe16Ni5O32,1,1,P1,triclinic,4,"Fe,Ni,O,Zn",56,592.8553043778948,5.308285150482607,0,1,1,Zn3Fe16Ni5O32,0.0,-2.5,2.5,1.8578998026689129,0,FM,0.8691947308911653,0.12837052348520167,0.0024347456236331207,0.8691947308911653,0.7408242074059637,0.3641196079689237,True,False,595.7427514408365,206.41515614502077,18.88349108527825,18.66113818160187,595.7427514408365,0.0,18.88349108527825,,517.8164605189803,26.497621649615958,544.3140821685963,16.58732431354172,0.5232142857142857,True,73.06415467203557,7.306415467203557e-05,2.9825933852503457e-05,Easy-Axis (Uniaxial),1904.251828252233,1.9042518282522332,23.929534681766498,0.0006438085337370242,Soft Magnet,55.33257000975098,0.3907657389247454,293.7210597208004,0.3691007693693901,27.103167280735,3.405884514892846,17.028316220773416,503.41183992205424,18.591856788124318,2.4388317666381676,0.025960446848553847,Soft / Non-Viable,487.1526513555089,24.23624231536673
mp-19800,Fe11Si5,m-3m,221,Pm-3m,cubic,2,"Fe,Si",16,169.31487764304325,7.401866952797384,1,0,0,Fe11Si5,0.0,-0.2,0.0,2.035513412019281,0,FM,0.9259031845060436,0.07205591513153195,0.0020409003624243635,0.9259031845060436,0.8538472693745116,0.24890755144321985,True,False,569.9938359274818,223.3938392330066,36.17335201994189,18.049620676340467,569.9938359274818,0.0,36.17335201994189,,527.7591078340707,16.096847520680615,543.8559553547514,33.51826404580189,0.1,True,303.73163440919194,0.00030373163440919196,0.00010004164140035525,Easy-Axis (Uniaxial),5290.499073421633,5.290499073421633,66.48237338308986,0.7739094141444973,Soft Magnet,88.79571745139407,2.4673004585596274,657.2540865534078,0.8259298439432223,122.1375648841722,15.348259360868372,22.872844669311245,561.8360970281492,47.402427190203696,2.515002647150609,0.0236541194981491,Soft / Non-Viable,470.9705019713436,14.764389381418637
mp-1219057,SmYFe6,3m,160,R3m,trigonal,3,"Fe,Sm,Y",24,377.8403183752012,7.572302937713474,0,1,0,SmYFe6,0.0,-0.2,0.0,2.082383307871205,0,FM,0.9284361751913051,0.06963909868759723,0.0019247261210977638,0.9284361751913051,0.8587970765037078,0.24260011267256262,True,False,564.8736925049839,278.3933416244145,6.679264000137323,2.682672325089527,564.8736925049839,0.0,6.679264000137323,,524.4491705355166,19.38706139135257,543.8362319268691,6.204083727175387,2.575,False,163.9634186614797,0.00016396341866147969,9.470314696493042e-05,Easy-Axis (Uniaxial),25264.246371842866,25.264246371842866,317.47988936872287,2.4819224941283213,Hard Magnet,92.15624780438246,1.1339970251726612,697.8350259777761,0.8769253564117696,64.44407227676184,8.0982811186083,2.3578030947373523,312.29283794652184,28.66146994821321,1.121768344473704,0.01636876020365703,Soft / Non-Viable,513.027027352539,19.1304576449012
mp-1225043,DyYFe4,-43m,216,F-43m,cubic,3,"Dy,Fe,Y",6,98.31310220355316,8.01928161785639,0,0,0,DyYFe4,0.0,-0.2,0.0,8.2197636583028,0,FM,0.9192746894413018,0.07866196456162357,0.0020633459970746623,0.9192746894413018,0.8406127248796782,0.26409656822792765,True,False,569.1340840222431,255.87231243020528,0.4074323783278828,74.70504336495348,569.1340840222431,0.0,0.4074323783278828,,523.1905583400072,20.12741877268548,543.3179771126927,5.888369326073665,3.4,False,33.699058671154624,3.369905867115462e-05,5.273988238073575e-05,Easy-Axis (Uniaxial),13763.608215009406,13.763608215009405,172.95860518070512,2.381387474074647,Hard Magnet,60.400726954716106,1.437716809870473,484.3704393731178,0.6086778455802588,65.64817262642056,8.249592834054734,0.08751556546009068,330.4909679707645,39.006151131635505,1.2916245795875747,0.010691196754359993,Soft / Non-Viable,522.4809727887592,14.653840006821886
mp-1219051,SmTiVFe10,mm2,44,Imm2,orthorhombic,4,"Fe,Sm,Ti,V",13,172.8420473342875,7.7590036262347,0,1,0,SmTiVFe10,0.0,-0.2,0.0,2.1337259972145426,0,FM,0.9299094367318892,0.06821533273245867,0.0018752305356520525,0.9299094367318892,0.8616941039994306,0.23894997351769673,True,False,567.24124301174,223.3340238535908,3.3220852437573285,7.631701811566927,567.24124301174,0.0,3.3220852437573285,,527.4829847801439,15.234804747651557,542.7177895277954,3.1327970573305137,1.1615384615384616,False,61292.2492425943,0.0612922492425943,0.006911014157643015,Easy-Axis (Uniaxial),114676.19191257167,114.67619191257167,1441.0635562122252,94.93781714794484,Hard Magnet,106.79654766627766,0.6554209487453804,828.6348006119954,1.041293200844595,84.64802898367024,10.637185246486252,10.08246440900925,352.543570285349,11.682505959333469,1.5785484191000967,0.26652299125937967,Semi-Hard (0.1 <= kappa < 1.0),521.7058141574938,14.674834926198002
mp-1191660,YCo9Si2,4/mmm,141,I4_1/amd,tetragonal,3,"Co,Si,Y",24,291.2414172550844,7.702569523087238,1,0,0,YCo9Si2,0.0,-0.2,0.0,1.636796023656038,0,FM,0.9277791046824342,0.07016396269639408,0.002056932621171614,0.9277791046824342,0.85761514198604,0.2445750687460577,True,False,567.2556072003847,233.06256848639856,11.322536142997762,27.614667623296313,567.2556072003847,0.0,11.322536142997762,,526.2878993744634,16.352593361205457,542.6404927356689,10.682003650539533,6.85,False,545.3174328029293,0.0005453174328029293,5.891203389789292e-05,Easy-Axis (Uniaxial),1118.8430802270084,1.1188430802270084,14.059797078582774,0.8065525910578133,Soft Magnet,65.47440499538854,0.3920755135251781,504.32115645975057,0.6337486560735444,75.66598388368008,9.50846814854507,4.765203721997731,325.5829255692108,18.98142811853421,1.396976475817959,0.041305945852165196,Soft / Non-Viable,507.14725560316685,14.368663963492107
mp-760116,Fe31Si5O48,1,1,P1,triclinic,3,"Fe,O,Si",84,936.1332612392928,4.682184306882226,0,1,1,Fe31Si5O48,0.0,-2.5,2.5,1.2876006843926122,0,FM,0.7470471592500962,0.25010642560383534,0.0028464151460685164,0.7470471592500962,0.4969407336462609,0.528993347052537,False,True,658.7346780527039,201.59592496873074,3.195881988888459,9.142177639488779,658.7346780527039,0.0,3.195881988888459,,492.1058699387992,50.420436210228225,542.5263061490274,3.3057822781810504,0.1,True,2419.4206104074606,0.0024194206104074605,0.001233807535731037,Easy-Axis (Uniaxial),4826.603001713531,4.826603001713531,60.6528833062113,1.1707009751571529,Soft Magnet,60.77157655168337,1.8768033269999371,284.5437220347837,0.357568186707829,25.435945681768537,3.1963752657339493,11.708218218011329,315.0023818281203,14.693224203673395,1.5625433990145379,0.15420616897042733,Semi-Hard (0.1 <= kappa < 1.0),486.9187536889111,48.2164207902062
mp-1225028,FeCo(BiO3)2,4mm,99,P4mm,tetragonal,4,"Bi,Co,Fe,O",10,138.24141355107722,7.5522931992054465,0,1,0,FeCo(BiO3)2,0.0,-2.5,2.5,3.681742934612656,1,AFM,0.1574350132737605,0.8376452626258052,0.004919724100434218,0.8376452626258052,0.6802102493520447,0.423807760208592,True,False,736.7554311324201,509.1213980483834,40.56265872488075,13.495033503296241,0.0,509.1213980483834,,13.495033503296241,115.9911010798477,426.46312717665523,542.4542282565029,12.98315607235342,1.4700000000000002,True,33.567418443387545,3.3567418443387544e-05,3.114311746875728e-06,Easy-Axis (Uniaxial),9092.033550855633,9.092033550855632,114.25386545784419,2.860898778468205,Soft Magnet,53.709521001933986,4.420373638608176,405.63005019548814,0.5097297543077618,0.0,0.0,8.573704909892417,66.62428232360436,5.849674524770439,0.1308612888379774,0.012741598559168569,Soft / Non-Viable,102.17600031148716,399.50636806740596
mp-1184256,Fe3Se,m-3m,221,Pm-3m,cubic,2,"Fe,Se",4,46.25312424930105,8.849447133284638,1,0,0,Fe3Se,0.0,-1.2,1.2,2.4335979616532755,0,FM,0.8905259319790777,0.10717214586376575,0.0023019221571564806,0.8905259319790777,0.7833537861153119,0.32457472059051323,True,False,581.8158275719759,225.3629000701947,4.2381519254790305,5.9504025553945326,581.8158275719759,0.0,4.2381519254790305,,518.1220820887122,24.15262559860417,542.2747076873163,3.8276820428038723,0.1,True,140.3504334375511,0.0001403504334375511,2.1405174398814396e-05,Easy-Axis (Uniaxial),6949.1144768668655,6.949114476866866,87.32514965437912,1.2239176203236768,Soft Magnet,80.23689451041145,15.967516535227524,710.0521561088225,0.8922778549188278,95.43364910504967,11.99254627032622,10.79155951454106,78.45146850782137,36.82784225512417,0.34811172772175797,0.01488372703585299,Soft / Non-Viable,510.9044465425452,23.454798144526894
mp-1398614,Ca(FeO2)4,m,8,Cm,monoclinic,3,"Ca,Fe,O",13,149.98835189845084,4.333825420615667,0,1,0,Ca(FeO2)4,0.0,-2.5,2.5,1.1918019906693085,0,FM,0.8292497248962188,0.16848316447864847,0.0022671106251327625,0.8292497248962188,0.6607665604175703,0.4270147329253505,True,False,609.8362828355979,216.66051454464983,24.50908064223904,24.17710930336085,609.8362828355979,0.0,24.50908064223904,,505.70656977315224,36.503649108054844,542.2102188812071,20.728335371411212,0.1,True,682.239401987012,0.000682239401987012,4.9449110759791415e-05,Easy-Axis (Uniaxial),11527.475943860509,11.527475943860509,144.8585377728207,0.22109432717630764,Hard Magnet,52.907598096717834,6.810347163864787,229.29229357527282,0.2881371940083325,16.51690951962848,2.075576104597002,6.569943904579196,318.4631114728377,14.999384377377737,1.4698714813917244,0.10161878745582785,Semi-Hard (0.1 <= kappa < 1.0),467.51225152680183,32.56679437208497
mp-1220130,Pr7Y(Fe14B)4,mm2,38,Amm2,orthorhombic,4,"B,Fe,Pr,Y",68,937.7416744547004,7.51844119494268,0,1,0,Pr7Y(Fe14B)4,0.0,-0.2,0.0,2.067571328609237,0,FM,0.9286295471951028,0.0694928209970694,0.0018776318078277234,0.9286295471951028,0.8591367261980334,0.24198968608747526,True,False,570.1962344951646,168.30895870766523,4.547161050919215,0.7332439433474889,570.1962344951646,0.0,4.547161050919215,,529.5010710515974,11.696264339674924,541.1973353912723,4.222935539131523,1.2647058823529411,False,350275.8217193621,0.3502758217193621,0.04744865489822481,Easy-Axis (Uniaxial),531266.8819856952,531.2668819856952,6676.096663863467,42.319304912253436,Hard Magnet,122.19472884073056,8.29784338533571,918.7138831209991,1.154489914385553,109.32222852878833,13.737836667688521,10.638414450254645,285.44225158769746,7.014590724260273,1.695942116090685,0.5746717772890569,Semi-Hard (0.1 <= kappa < 1.0),521.5951472583913,11.65353990191673
mp-1225075,Fe9B4Rh3,m,6,Pm,monoclinic,3,"B,Fe,Rh",16,168.80521542200535,8.4063717827297,0,1,0,Fe9B4Rh3,0.0,-0.2,0.0,2.311752240250668,0,FM,0.9122900189519049,0.08275765973712862,0.004952321310966534,0.9122900189519049,0.8295323592147763,0.28786402365208796,True,False,571.1084419957608,243.78812648951236,28.72961154766716,0.6904998861059113,571.1084419957608,0.0,28.72961154766716,,521.0165313719054,20.175334819971138,541.1918661918766,26.209800157906994,1.76875,False,1692.104305181175,0.001692104305181175,0.0018797138414442882,Easy-Axis (Uniaxial),849.230282518947,0.8492302825189469,10.671742674389458,0.1871715552674629,Soft Magnet,81.91872147976896,9.455804100027265,688.6392287248232,0.8653695767742583,117.81950776065341,14.80563628884575,6.264729098378319,536.2718427584372,28.304342991319544,2.1997455351112323,0.053286460583378686,Soft / Non-Viable,475.4818365029059,20.10591914557078
mp-653838,ZrFe12Si2B,-43m,217,I-43m,cubic,4,"B,Fe,Si,Zr",64,752.6833423822673,7.309851663410543,0,0,0,ZrFe12Si2B,0.0,-0.2,0.0,2.0102092074378994,0,FM,0.9287187632186648,0.06934051501095337,0.0019407217703819404,0.9287187632186648,0.8593782482077114,0.24198542647375829,True,False,570.3315155617016,165.35969131871252,1.7481171009486616,12.434351992380826,570.3315155617016,0.0,1.7481171009486616,,529.6775797570901,11.4661261580918,541.143705915182,1.8382541564798354,0.1,True,808.2101090036275,0.0008082101090036275,0.0007280495997448431,Easy-Axis (Uniaxial),34.05858777638622,0.03405858777638622,0.42799284491434847,0.004663785047831483,Soft Magnet,114.34024451595266,10.366234924997798,835.8102265697047,1.050310107034642,63.538926453413055,7.984537137636199,0.03790021869164575,413.41233952918503,2.4332612110054868,2.5000792891683528,0.0303423718547206,Soft / Non-Viable,526.6089991009507,10.794983062346757
mp-14127,La2Fe14C,4/mmm,136,P4_2/mnm,tetragonal,3,"C,Fe,La",68,929.4458376758344,7.658410396207892,1,0,0,La2Fe14C,0.0,-0.2,0.0,2.1060628589571704,0,FM,0.9211146033341532,0.07698152869783927,0.001903867968007562,0.9211146033341532,0.8441330746363139,0.25942688606262576,True,False,562.7916421381889,288.72518777649356,23.833829608001224,19.7684110575085,562.7916421381889,0.0,23.833829608001224,,518.3956002078945,22.22650632860517,540.6221065364997,22.006370028849183,1.2647058823529411,False,3924.5187818458476,0.003924518781845848,0.005548730581681538,Easy-Axis (Uniaxial),10320.406594019858,10.320406594019857,129.6900566708122,3.861177236683686,Hard Magnet,112.79941982597958,9.395587644613478,863.8642494815007,1.085563831947977,70.44698402696189,8.852629271446036,0.0926995744623075,282.9445063110771,15.138469259710746,0.9799786034951291,0.06469083734042519,Soft / Non-Viable,480.2422287091584,20.227207560588848
mp-2220458,Mg(FeO2)8,2/m,10,P2/m,monoclinic,3,"Fe,Mg,O",25,333.8244541250798,3.616583153362684,1,0,0,Mg(FeO2)8,0.0,-2.5,2.5,0.9945603671747384,0,FM,0.7782926993607059,0.21913696333041188,0.0025703373088822703,0.7782926993607059,0.559155736030294,0.49432594254633805,False,True,632.8936910872246,219.06329372635366,1.0066262338704632,23.289844085921786,632.8936910872246,0.0,1.0066262338704632,,492.57653924463676,48.00486496435121,540.581404208988,5.16344820243046,0.1,True,2490.9691899678464,0.0024909691899678466,0.0015287377147424318,Easy-Axis (Uniaxial),6634.133131766111,6.63413313176611,83.36697725833845,2.7391883178361156,Soft Magnet,52.49395145428491,9.406572201498673,189.8487404830054,0.23857096335787398,11.323099227327402,1.4229026415802615,4.557990937149848,189.95344219227545,11.997838408601837,0.8671167084229033,0.23451548573047706,Semi-Hard (0.1 <= kappa < 1.0),490.9292649875992,42.99780418663284
mp-1221065,Nd4Sc3Fe25B2,mm2,35,Cmm2,orthorhombic,4,"B,Fe,Nd,Sc",68,970.546601543796,7.287141757027668,0,1,0,Nd4Sc3Fe25B2,0.0,-0.2,0.0,6.558427581324901,0,FM,0.9300339778315899,0.06804978026862636,0.0019162418997836692,0.9300339778315899,0.8619841975629635,0.2387873904832382,True,False,569.7449999720302,157.15079310071343,8.742478951126088,5.5743255514042716,569.7449999720302,0.0,8.742478951126088,,529.8822086736463,10.694076939543912,540.5762856131903,8.139646268270305,2.138235294117647,False,210544.03785355244,0.21054403785355244,0.10529465610222638,Easy-Axis (Uniaxial),494890.7854199109,494.8907854199109,6218.9811440337435,18.343286940607616,Hard Magnet,92.04878934047541,1.7688102847332772,670.7725764868217,0.8429176794081986,77.47798962550816,9.736171510040236,4.215904327196712,271.48952698522737,7.59613581410585,1.727573381136152,0.6102267520538661,Semi-Hard (0.1 <= kappa < 1.0),514.8778462300875,10.404097798554941
mp-1219497,Sc(Fe5Si)2,mmm,71,Immm,orthorhombic,3,"Fe,Sc,Si",13,162.21373350401836,6.751914327318512,1,0,0,Sc(Fe5Si)2,0.0,-0.2,0.0,1.856776440012591,0,FM,0.9286576672266145,0.06944837992330807,0.0018939528500774953,0.9286576672266145,0.8592092873033064,0.24197689957213356,True,False,567.9165663770345,188.2910488294276,9.590431528351303,7.990395251930309,567.9165663770345,0.0,9.590431528351303,,527.4000737110457,13.07650829526424,540.47658200631,8.923498715067172,0.8615384615384616,False,1242.0509540874125,0.0012420509540874126,0.00034495863912317325,Easy-Axis (Uniaxial),1011.0526136359117,1.0110526136359117,12.705262100389866,0.6320598748637688,Soft Magnet,96.92771160005739,3.8108567911246425,654.4476046666242,0.8224031147920415,70.27216558154659,8.830660937266112,6.869163321762074,313.211906623081,32.19876137519469,1.6634455465103861,0.04803855019226706,Soft / Non-Viable,511.06237790435205,12.574146300770472
mp-758271,Fe8SiO12,2/m,11,P2_1/m,monoclinic,3,"Fe,O,Si",42,464.4507219700544,4.768260646060917,1,0,0,Fe8SiO12,0.0,-2.5,2.5,1.3112716776667523,0,FM,0.6976587990418269,0.2995310047775547,0.002810196180618394,0.6976587990418269,0.39812779426427225,0.5723393169880353,False,True,677.4377560350385,226.06430533704872,10.527524092138663,18.28506974150794,677.4377560350385,0.0,10.527524092138663,,472.62041130099516,67.71326852194612,540.3336798229412,9.161897738935986,0.1,True,2434.6680994917597,0.0024346680994917595,0.0006931027179952586,Easy-Axis (Uniaxial),4812.422882631762,4.812422882631762,60.47469067101231,1.069960199026709,Soft Magnet,61.87863468507693,5.050957788485462,295.0534586008324,0.3707751111826541,27.34961972938757,3.436854643580346,12.507346834754497,358.0280048155073,75.53001810763325,1.5837440779591825,0.14918124968718904,Semi-Hard (0.1 <= kappa < 1.0),456.59760372232984,62.0411360265105
mp-1218992,SmYFe4,-43m,216,F-43m,cubic,3,"Fe,Sm,Y",6,100.6366422680598,7.633814997050307,0,0,0,SmYFe4,0.0,-0.2,0.0,2.0992991241888346,0,FM,0.9195287475030003,0.0782621211270138,0.0022091313699858523,0.9195287475030003,0.8412666263759865,0.264005645384135,True,False,565.749730630482,256.52033933502844,7.1940582358463985,8.45106534648366,565.749730630482,0.0,7.1940582358463985,,520.2231412068069,20.07582586858068,540.2989670753875,6.648125252433523,3.4,False,0.16949356015042594,1.6949356015042595e-07,1.3863117788002964e-07,Easy-Axis (Uniaxial),19678.558685863773,19.678558685863774,247.2880664070342,0.8557242633951202,Hard Magnet,68.93454355719683,0.6191302535361558,526.2335524217468,0.6612845849442477,61.17974459687138,7.6880735963170705,2.405220306343849,320.86416911786614,34.800797375351834,1.2508332475687296,0.0006978998965033502,Soft / Non-Viable,508.0402376865721,19.26190766663725
mp-1221853,Mn3Zn(FeO2)8,3m,160,R3m,trigonal,4,"Fe,Mn,O,Zn",28,316.6849497275272,4.89205125304771,0,1,0,Mn3Zn(FeO2)8,0.0,-2.5,2.5,3.179833314481012,0,FM,0.8991415343504329,0.09868669857734744,0.00217176707221966,0.8991415343504329,0.8004548357730854,0.30715929235170564,True,False,577.3515464684133,214.53319202945852,21.02320696789417,21.09908904925392,577.3515464684133,0.0,21.02320696789417,,519.1207553512044,21.171572456647368,540.2923278078517,19.017172779350087,0.15,True,32.007615657663806,3.2007615657663807e-05,2.167930260406386e-05,Easy-Axis (Uniaxial),1305.6357666310653,1.3056357666310652,16.407103249588925,0.32112611922677564,Soft Magnet,53.80178136061491,1.638475166433036,263.2010719213951,0.33074822158608547,21.763321614388204,2.734859705188944,9.336514174713116,496.92459843561574,23.00798880033267,2.3163063660908043,0.019174942753928833,Soft / Non-Viable,485.1245119513638,19.151207314048236
mp-1176721,LiFe5O5F,m,8,Cm,monoclinic,4,"F,Fe,Li,O",12,147.88196251355367,4.324905803133564,0,1,0,LiFe5O5F,0.0355532317206599,-2.48222338413967,2.5,1.1893490958617303,0,FM,0.6510478602893216,0.3459669513689091,0.0029851883417692966,0.6510478602893216,0.3050809089204125,0.6043817655028677,False,True,666.179869651913,307.757678926778,14.320068932224558,6.1439024247956695,666.179869651913,0.0,14.320068932224558,,433.71497870469716,106.47398593866895,540.1889646433661,9.562289821984837,0.5916666666666667,True,71.34223866017682,7.134223866017682e-05,0.00010320793782081663,Easy-Axis (Uniaxial),7894.160689928533,7.894160689928533,99.2009508461193,0.22614640671844574,Soft Magnet,48.23954194435879,0.3621520450420199,208.6314748956623,0.26217404353592644,13.674439345564979,1.7183807609823456,12.877792662668714,383.9473824934462,35.34162491976508,1.2475639400204708,0.036115082080052686,Soft / Non-Viable,413.95541192587723,103.30064065563349
mp-1101922,EuFe2,6/mmm,194,P6_3/mmc,hexagonal,2,"Eu,Fe",12,223.7329036015404,7.827329116628324,1,0,0,EuFe2,0.0,-0.2,0.0,2.1525155070727893,0,FM,0.9160116261538749,0.0819342624585033,0.0020541113876218257,0.9160116261538749,0.8340773636953716,0.271301492459528,True,False,569.3954129478358,224.3501595224152,8.626549134670427,9.124287222817529,569.3954129478358,0.0,8.626549134670427,,521.5728181389042,18.38196485291665,539.9547829918208,7.937304482524759,3.4,False,32.413428918871475,3.241342891887147e-05,1.315387779819335e-05,Easy-Axis (Uniaxial),31838.889917260487,31.838889917260488,400.0992984227883,3.852698427068803,Hard Magnet,61.79030182215227,3.697137358709764,483.65302857778465,0.607776320586569,73.48821453738918,9.23480157604774,18.10037953872068,386.9311146813248,38.226074416264,1.7246750147403656,0.010500830406100583,Soft / Non-Viable,506.99411920454753,17.579942623623676
mp-1219187,Sm2Fe3Ru,-3m,166,R-3m,trigonal,3,"Fe,Ru,Sm",6,104.3524858385276,9.059548489105913,1,0,0,Sm2Fe3Ru,0.0,-0.2,0.0,2.4913758345041264,0,FM,0.8713293538129747,0.12493682239204135,0.0037338237949838086,0.8713293538129747,0.7463925314209334,0.3647765653570248,True,False,584.3886295223771,244.76616702745883,17.289879593710907,9.729272399744701,584.3886295223771,0.0,17.289879593710907,,509.1949669373827,30.58030713749035,539.775274074873,15.11413857728128,4.883333333333333,False,2131.7581174217107,0.002131758117421711,0.0018820403347178298,Easy-Axis (Uniaxial),76230.24765016638,76.23024765016638,957.9375626061795,2.1943647316073136,Hard Magnet,65.42135007599083,6.61660608970589,592.6878932362117,0.7447935725049978,97.66630528619586,12.27311012604395,20.445352969524954,363.08525278663205,48.56252013831468,1.4833964072571342,0.06949250622191416,Soft / Non-Viable,481.447723062651,29.161696684098715
mp-1225932,Dy2Ga3(Fe7C)2,2/m,12,C2/m,monoclinic,4,"C,Dy,Fe,Ga",21,266.8273719849859,8.339310209430135,1,0,0,Dy2Ga3(Fe7C)2,0.0,-0.2,0.0,8.547792964665888,0,FM,0.927795266751861,0.07008420615543794,0.0021205270927011277,0.927795266751861,0.857711060596423,0.24474047365445445,True,False,559.7078757489364,285.9481303229728,4.847165882444926,36.007126207057965,559.7078757489364,0.0,4.847165882444926,,519.2943178836019,20.04044771531726,539.3347655989191,5.156822084790793,1.8857142857142857,False,27806.69934971013,0.02780669934971013,0.013863196077745634,Easy-Axis (Uniaxial),112454.95653344078,112.45495653344078,1413.1506886740779,16.491102758461146,Hard Magnet,63.01512142000216,7.488905517529528,525.5026454063036,0.6603661001001782,86.75603313482188,10.902084865832235,26.480531236543317,498.71223290587074,97.09471434583514,1.7440653741732286,0.2830706759604776,Semi-Hard (0.1 <= kappa < 1.0),511.03737479112937,16.982917454564504
mp-1225226,Fe4Mo,4/mmm,139,I4/mmm,tetragonal,2,"Fe,Mo",5,62.641065178715074,8.464787978536908,1,0,0,Fe4Mo,0.0,-0.2,0.0,2.32781669409765,0,FM,0.8912266204268116,0.1064521870389217,0.0023211925342667542,0.8912266204268116,0.7847744333878899,0.32328910878329464,True,False,583.2537853294245,180.1469352139775,18.130924503548613,14.586755996670206,583.2537853294245,0.0,18.130924503548613,,519.8112999502881,19.177035241886845,538.988335192175,16.23319965523018,0.10000000000000002,True,48.071342917114826,4.8071342917114824e-05,1.872206795306937e-05,Easy-Axis (Uniaxial),8786.490213517207,8.786490213517206,110.41429456751021,4.5078124138776134,Soft Magnet,120.27995605038231,1.2723470168603157,1018.1443260342238,1.2794378939852995,84.40302542812374,10.606397191079804,4.511962343524269,135.0982884524014,2.238931898714654,0.7499338708811916,0.006074756158726992,Soft / Non-Viable,490.18620314400454,17.87345649811158
mp-1219272,Sm4CrFe33C4,1,1,P1,triclinic,4,"C,Cr,Fe,Sm",42,538.6336178308601,7.843950918834748,0,1,1,Sm4CrFe33C4,0.0,-0.2,0.0,4.118074232388243,0,FM,0.9275876655383294,0.07050040330933965,0.0019119311523310564,0.9275876655383294,0.8570872622289898,0.2445536122024131,True,False,560.0949553162052,274.6633048025514,20.545873868804108,32.67151541719228,560.0949553162052,0.0,20.545873868804108,,519.5371720815536,19.363873762855963,538.9010458444096,19.196785892772002,1.088095238095238,False,2681.918190257165,0.0026819181902571648,0.00011866628090545456,Easy-Axis (Uniaxial),353103.4408158854,353.1034408158854,4437.228788699683,23.264988404668426,Hard Magnet,106.97572373357615,9.837498927146171,839.1123264729968,1.0544596481536828,85.82301278422693,10.784838068391334,10.456671530610318,344.96426272001816,37.393759259564234,1.2559532223207042,0.055055122090494235,Soft / Non-Viable,486.2366491987925,16.644816816648586
mp-2232174,NaMgFe5O8,m,8,Cm,monoclinic,4,"Fe,Mg,Na,O",15,175.33462535254944,4.304568264145432,0,1,0,NaMgFe5O8,0.0118576795949143,-2.4940711602025427,2.5,1.183756272639994,0,FM,0.582918614085682,0.4140879136223135,0.0029934722920045387,0.582918614085682,0.1688307004633685,0.6345218243328181,False,True,682.8345883417196,339.85993374805423,24.1192734419123,4.007816243650751,682.8345883417196,0.0,24.1192734419123,,398.0369918859224,140.73189088954948,538.7688827754719,14.157183291190728,0.1,True,57.50192740381904,5.750192740381904e-05,0.00010695676819517241,Easy-Axis (Uniaxial),8066.295392397594,8.066295392397594,101.36405935496056,1.3684786790029293,Soft Magnet,43.902525678939654,6.794214464683829,188.98141875339354,0.237481054728255,11.219876662399482,1.4099313112617782,16.51890021890388,292.78986673639406,12.959626020309116,0.8615015706836621,0.035794571180182755,Soft / Non-Viable,368.4171456319682,137.96715584805875
mp-1235025,LiTiFe5O8,-1,2,P-1,triclinic,4,"Fe,Li,O,Ti",15,165.79608135653407,4.627466890444375,1,0,0,LiTiFe5O8,0.0031068977003751,-2.4984465511498124,2.5,1.2725533948722032,0,FM,0.6421741336513291,0.3552675562355946,0.002558310113076324,0.6421741336513291,0.28690657741573455,0.6074445011118371,False,True,671.0896559452351,303.2982160285873,3.655435911541815,19.23344901895541,671.0896559452351,0.0,3.655435911541815,,430.9564184089999,107.75201601909166,538.7084344280916,7.224996807222568,0.49333333333333335,True,140.56351704711707,0.00014056351704711708,0.00012545188965752807,Easy-Axis (Uniaxial),3814.6391180247883,3.8146391180247883,47.936169848385326,0.2279498680481703,Soft Magnet,41.4235556903385,3.953102944864522,191.68613244152013,0.2408798981893279,11.543334016704849,1.4505781619728357,12.306945325663001,343.82214310434205,36.64356995708698,1.1336108322903395,0.055174788952555495,Soft / Non-Viable,425.7685199495743,98.29888322358617
mp-1208129,U2(Fe7B2)3,m-3m,225,Fm-3m,cubic,3,"B,Fe,U",29,308.022339690498,9.238336510459982,1,0,0,U2(Fe7B2)3,0.0,-0.2,0.0,2.5405425403764954,0,FM,0.9267587595046386,0.07121969877677649,0.002021541718584879,0.9267587595046386,0.8555390607278621,0.24685139702414705,True,False,570.6951772880072,124.77574498113007,6.944767406273343,4.316172790487386,570.6951772880072,0.0,6.944767406273343,,528.8967545587134,8.886490972203964,537.7832455309174,6.443460646928265,0.1,False,8.248173661388497,8.248173661388497e-06,1.1906090734749003e-05,Easy-Axis (Uniaxial),31111.105096845524,31.111105096845524,390.95368446427767,29.564578390647345,Hard Magnet,81.47333076702535,2.503969847645152,752.6780462537928,0.9458431282516936,69.37626273109764,8.718078462546954,13.62903928719971,387.93866623423867,37.40768106831675,3.109087157066519,0.0034038053548413657,Soft / Non-Viable,516.9302207312076,8.698764127024313
mp-1225422,Fe5Bi4O13F,422,94,P4_22_12,tetragonal,4,"Bi,F,Fe,O",92,1312.397188500035,6.792673075783752,0,0,1,Fe5Bi4O13F,0.0,-2.5,2.5,1.867985095840532,1,AFM,0.13776532689093396,0.856023392754305,0.006211280354761196,0.856023392754305,0.718258065863371,0.3984264287873346,True,False,843.4866840450769,492.32370081399324,3.341294825918908,18.651698840844944,0.0,492.32370081399324,,18.651698840844944,116.20321875561996,421.44060470414985,537.6438234597698,15.972924671197443,0.6043478260869565,True,110.74184678777057,0.00011074184678777058,5.024357367280635e-05,Easy-Axis (Uniaxial),16588.61317812352,16.58861317812352,208.45866522425905,2.983649585723573,Hard Magnet,52.269590640752824,0.23014846882578865,355.0502410276801,0.4461692915471381,0.0,0.0,7.7610688097880445,25.28824050585491,4.159832594231398,0.05136506827529142,0.02643998089844605,Soft / Non-Viable,114.92324395427913,385.4903546950381
mp-756971,Dy(FeO2)2,-3m,166,R-3m,trigonal,3,"Dy,Fe,O",7,91.35089993876264,6.147435031299548,1,0,0,Dy(FeO2)2,0.0,-2.5,2.5,6.301120907082035,0,FM,0.8559232322187483,0.14206133486198858,0.002015432919263157,0.8559232322187483,0.7138618973567598,0.38494173359468314,True,False,578.235872653772,299.31304013836393,21.636804884809237,24.10586996023534,578.235872653772,0.0,21.636804884809237,,494.92551710664515,42.52081002365595,537.4463271303011,18.833403513661032,1.514285714285714,False,480.805965627376,0.000480805965627376,0.00019197030248543055,Easy-Axis (Uniaxial),11223.766834196285,11.223766834196285,141.04201646767967,2.1065241249166973,Hard Magnet,80.74363260048435,9.762221500800827,496.36623560259767,0.6237522077036565,26.895857968839977,3.379833257935943,3.1104899751757022,295.23738439181,57.66713767712402,0.9863833004246327,0.03940739799044935,Soft / Non-Viable,461.63142052467913,37.94707388182265
mp-1192832,Nb2(Co7B2)3,m-3m,225,Fm-3m,cubic,3,"B,Co,Nb",29,286.3940062854744,8.629161743330657,1,0,0,Nb2(Co7B2)3,0.0,-0.2,0.0,1.8336968704577643,0,FM,0.9277701583726481,0.07009511499443197,0.002134726632919893,0.9277701583726481,0.8576750433782161,0.2448446775033784,True,False,568.5135969805128,141.22139546283748,41.818716984050866,9.923070150689682,568.5135969805128,0.0,41.818716984050866,,527.4499499076143,9.898929954641746,537.348879862256,38.80439203580035,6.158620689655172,True,304.94713802809395,0.00030494713802809397,0.00031311612561690664,Easy-Axis (Uniaxial),578.3445824315266,0.5783445824315266,7.267692506830471,0.21805490966294816,Soft Magnet,83.99467247022146,11.971915937478698,724.8036143236238,0.9108150840217706,56.51544233464862,7.101940076085432,0.3256305603861489,476.3934957561805,2.983058504876823,3.3733804583565656,0.021492503124684068,Soft / Non-Viable,462.9207738196135,9.431007223299439
mp-1225933,DyTmFe14B,4/mmm,136,P4_2/mnm,tetragonal,4,"B,Dy,Fe,Tm",68,899.8162060831634,8.297564724843104,1,0,0,DyTmFe14B,0.0,-0.2,0.0,8.50500384296418,0,FM,0.9295770718678419,0.0685664387368676,0.0018564893952904807,0.9295770718678419,0.8610106331309743,0.23967804293847805,True,False,563.6415926967702,192.73908209875506,9.697166693740542,5.293918484847808,563.6415926967702,0.0,9.697166693740542,,523.9483013219905,13.215432464924383,537.1637337869148,9.0215691782013,1.2647058823529411,False,13203.54760581025,0.01320354760581025,0.04229650996094493,Easy-Axis (Uniaxial),186621.0009798725,186.62100097987252,2345.148708294854,44.99299779494586,Hard Magnet,89.70893002031903,13.48642312759899,744.3656532400178,0.9353974671213628,98.66600747460541,12.398736410519888,3.2105815159793436,375.9829199939257,8.281567485598487,1.950735242172009,0.1377063795120566,Semi-Hard (0.1 <= kappa < 1.0),507.5425522120997,12.874645837012244
mp-1220643,NdErFe14B,4/mmm,136,P4_2/mnm,tetragonal,4,"B,Er,Fe,Nd",68,920.8249911999516,7.964470756799164,1,0,0,NdErFe14B,0.0,-0.2,0.0,7.168023681119248,0,FM,0.9292766743815883,0.0688610865595302,0.0018622390588815029,0.9292766743815883,0.8604155878220582,0.2404091250208174,True,False,566.8183600183772,149.3251083735386,1.696590103422352,2.9862005475741284,566.8183600183772,0.0,1.696590103422352,,526.7310805763035,10.28268921322147,537.013769789525,1.5899552101913885,1.2647058823529411,False,252077.01879674807,0.2520770187967481,0.28234251702959146,Easy-Axis (Uniaxial),709763.4449727994,709.7634449727994,8919.150671324425,142.65996367222573,Hard Magnet,109.51889837807042,4.711690346741129,872.2600634490012,1.0961143229404595,165.0071763527418,20.735413723600637,16.052590128807687,355.6038634696155,14.279997570728284,2.3814070342414757,0.5134707468680807,Semi-Hard (0.1 <= kappa < 1.0),523.7690095162217,10.131416998281619
mp-1225167,Gd3Y3Fe23,3m,160,R3m,trigonal,3,"Fe,Gd,Y",29,436.629810985851,7.693264711606567,0,1,0,Gd3Y3Fe23,0.0,-0.2,0.0,8.847254418347552,0,FM,0.928607260517434,0.06950916914999314,0.0018835703325728586,0.928607260517434,0.8590980913674409,0.24206178760294586,True,False,554.3176017034933,317.5212109207033,3.1263957763886765,46.52872875396176,554.3176017034933,0.0,3.1263957763886765,,514.743349574475,22.070635558597814,536.8139851330728,4.346079972552111,2.1482758620689655,False,318.8600220875344,0.0003188600220875344,6.748315641406642e-05,Easy-Axis (Uniaxial),18939.077384476004,18.939077384476004,237.99547013088005,2.5805990735814297,Hard Magnet,91.78927334597739,4.267648761364306,706.1591775366171,0.8873857937656187,76.47281693357172,9.609857781803282,5.137292868154309,279.6798927073965,9.707009825788987,0.8808227075489543,0.022557579475170862,Soft / Non-Viable,509.4343713513415,17.905122595772227
mp-1188794,Y2Mn5Co12,-3m,166,R-3m,trigonal,3,"Co,Mn,Y",19,238.3506451858418,8.079389073051967,1,0,0,Y2Mn5Co12,0.0,-0.2,0.0,4.746641080418031,0,FM,0.9116360119379374,0.08634833537501349,0.0020156526870490398,0.9116360119379374,0.8252876765629239,0.28067132179196286,True,False,556.093844054199,336.8592172425033,33.59464379408979,39.08340926461159,556.093844054199,0.0,33.59464379408979,,506.9551742568073,29.087232664620203,536.0424069214275,30.81146539891575,6.13157894736842,False,4120.692932651619,0.00412069293265162,0.002266036114294415,Easy-Axis (Uniaxial),7832.134930505084,7.8321349305050845,98.42151215042503,9.285218976907982,Soft Magnet,57.571219863982215,6.59686292079558,465.14028469133024,0.5845125205099791,64.21231892233921,8.069158132614572,0.5198150376568782,220.73035467253203,6.098844059154217,0.6552599524495996,0.12311082454517631,Semi-Hard (0.1 <= kappa < 1.0),455.9022607416837,24.332288680413765
mp-1184373,Fe3S,6/mmm,194,P6_3/mmc,hexagonal,2,"Fe,S",8,98.38015085220889,6.738017685180042,1,0,0,Fe3S,0.0290675180289784,-1.1854662409855108,1.2,1.852954863424512,0,FM,0.9054048310040255,0.09243503508359852,0.002160133912376048,0.9054048310040255,0.812969795920427,0.29431834597378514,True,False,570.1552202691237,214.05779805059427,0.9482330492588744,2.4017143329498936,570.1552202691237,0.0,0.9482330492588744,,516.2212908538288,19.786440072724528,536.0077309265533,0.8867734245275412,0.1,True,985.9682476954189,0.000985968247695419,0.0008400804374221635,Easy-Axis (Uniaxial),7119.030462469656,7.119030462469657,89.46037694424886,2.442411536713899,Soft Magnet,96.319188058506,15.455803830493153,649.0003925603958,0.8155579461778525,114.295791304191,14.362833010925202,14.297651536830593,107.15860779318311,44.76629252760292,0.5006059520796122,0.0431600136169284,Soft / Non-Viable,514.5947716224015,19.551652650704256
mp-672259,AlFe2Mo,m-3m,225,Fm-3m,cubic,3,"Al,Fe,Mo",4,50.326059662461326,7.741150975809955,1,0,0,AlFe2Mo,0.0,-0.2,0.0,2.1288165183477377,0,FM,0.8251042714931263,0.14723240441210114,0.027663324094772467,0.8251042714931263,0.6778718670810251,0.491463916035437,True,False,605.6202496091017,246.208334967395,46.93080813488507,13.987550415813473,605.6202496091017,0.0,46.93080813488507,,499.69985485520317,36.249845143549564,535.9496999987527,38.77753534861606,0.1,True,99.15183343307928,9.915183343307928e-05,3.718620383663859e-05,Easy-Axis (Uniaxial),507.8087006837263,0.5078087006837263,6.381312457957337,0.008072597314641565,Soft Magnet,42.707228501448114,8.33394772034299,330.60310358812376,0.415448112594574,34.33710885089861,4.31492844028575,5.762304652941087,267.72598057718136,20.343924961329478,1.0873960892210897,0.026868196530866462,Soft / Non-Viable,432.1033270653688,33.88033095674031
mp-1055905,Fe7Se3,2/m,11,P2_1/m,monoclinic,2,"Fe,Se",40,570.6432837601474,7.307389077838023,1,0,0,Fe7Se3,0.0061419486987149,-1.1969290256506424,1.2,2.0095319964054563,0,FM,0.8678395993749145,0.1296920316022526,0.002468369022832929,0.8678395993749145,0.7381475677726619,0.36659285528670815,True,False,577.9993623090288,263.4976727418588,15.438042248979912,8.149770086412062,577.9993623090288,0.0,15.438042248979912,,501.6107350252236,34.173548500357164,535.7842835255808,13.439372007980563,0.09999999999999999,True,93.03869782166268,9.303869782166268e-05,3.9718932522269725e-05,Easy-Axis (Uniaxial),10332.40282817662,10.33240282817662,129.8408057981313,1.601358476731661,Hard Magnet,60.76967570218609,0.35523653281644485,444.06766448991334,0.5580318849833155,61.9509789688612,7.784989767689423,0.565609578652875,220.10177716500473,205.87534551991442,0.8353082396315211,0.019376606923379128,Soft / Non-Viable,477.0611034568508,32.83553807065963
mp-1220477,NdHoFe14B,4/mmm,136,P4_2/mnm,tetragonal,4,"B,Fe,Ho,Nd",68,910.7943380388612,8.035201749084168,1,0,0,NdHoFe14B,0.0,-0.2,0.0,7.231681574175751,0,FM,0.9292974528047012,0.06884038397727935,0.0018621632180195037,0.9292974528047012,0.8604570688274219,0.24035965428049885,True,False,565.1853064113586,152.47724577470782,8.398289767160747,0.022767184813091035,565.1853064113586,0.0,8.398289767160747,,525.2252656107202,10.496592146928881,535.721857757649,7.804509445911055,1.2647058823529411,False,374247.25714185653,0.3742472571418565,0.17666671006501442,Easy-Axis (Uniaxial),645997.8810802989,645.997881080299,8117.848947450816,149.30180526396882,Hard Magnet,110.36592729840771,4.831631988484766,886.8124920674618,1.114401444076318,173.91856270472323,21.85525158122308,18.415239125039083,363.49697719758916,12.265665554357156,2.3839424390880772,0.6153788684120154,Semi-Hard (0.1 <= kappa < 1.0),510.92235239754035,10.495397393668139
mp-985280,Co3Bi,4/mmm,139,I4/mmm,tetragonal,2,"Bi,Co",4,56.13702724696654,11.411411834859628,1,0,0,Co3Bi,0.0,-0.6,0.5,2.4249250149076707,0,FM,0.8741298839550504,0.12265581143248869,0.0032143046124608,0.8741298839550504,0.7514740725225617,0.3581078591357508,True,False,546.753120217929,467.42216571047277,20.64455396588869,22.659666023977366,546.753120217929,0.0,20.64455396588869,,477.93324152816,57.33204501674923,535.2652865449093,18.258795785321045,6.75,True,399.2518462482451,0.0003992518462482451,0.0006854815499697715,Easy-Axis (Uniaxial),38127.248582232605,38.1272485822326,479.1211454979984,4.36238966717,Hard Magnet,77.37127997110622,2.3168621754349488,882.9155399405192,1.1095043896069603,93.53904648111381,11.754463478307844,9.02035952764526,125.80919340944158,52.38841148155043,0.26915538594155886,0.02018828252156394,Soft / Non-Viable,447.16172685627856,51.49746789845212
mp-1220557,PrErFe14B,4/mmm,136,P4_2/mnm,tetragonal,4,"B,Er,Fe,Pr",68,922.2426592327588,7.928213217600344,1,0,0,PrErFe14B,0.0,-0.2,0.0,2.180258634840095,0,FM,0.9296452573397119,0.06848831561626506,0.0018664270440231173,0.9296452573397119,0.8611569417234468,0.2395488235902214,True,False,565.2128971644261,141.9520236054551,5.620453455398319,1.9284950990202248,565.2128971644261,0.0,5.620453455398319,,525.447489236147,9.722054995057917,535.1695442312049,5.226696997843962,1.2647058823529411,False,180041.6122629312,0.1800416122629312,0.1844818029313276,Easy-Axis (Uniaxial),753257.7330794702,753.2577330794702,9465.716025898664,130.20326427716572,Hard Magnet,112.54824658537629,4.670490047084151,892.3064961959232,1.1213054132798244,168.84444780498944,21.217619485136865,15.657831773749754,347.54304840911425,20.133615502103112,2.448313448317467,0.4241968702208996,Semi-Hard (0.1 <= kappa < 1.0),515.7843494720452,9.629205615869603
mp-1103467,YbFe2,6/mmm,194,P6_3/mmc,hexagonal,2,"Fe,Yb",12,191.0578951923727,9.898680996512237,1,0,0,YbFe2,0.0,-0.2,0.0,2.722137274040865,0,FM,0.9108679835204848,0.08680854698595757,0.00232346949355771,0.9108679835204848,0.8240594365345273,0.2833499691800542,True,False,564.5844015313994,230.97644346579335,5.429344646570314,23.8870976075374,564.5844015313994,0.0,5.429344646570314,,514.2618553500255,20.050729445249694,534.3125847952751,5.362553124605681,3.4,False,526.6378185171337,0.0005266378185171337,0.000802962779174405,Easy-Axis (Uniaxial),28527.328853728028,28.52732885372803,358.484993977919,5.337185050271602,Hard Magnet,52.83170664357079,3.9696936052422487,522.9642105660234,0.6571762088018419,85.91990930970685,10.797014445132127,4.490961930397811,326.68694055962027,71.16211338722906,1.4143734125337386,0.03914525449789341,Soft / Non-Viable,505.1202816924226,17.911464894147315
mp-1412406,Ba(FeO2)4,-3m,162,P-31m,trigonal,3,"Ba,Fe,O",13,211.1064335037813,3.844075629048129,1,0,0,Ba(FeO2)4,0.0,-2.5,2.5,1.0571207979882355,0,FM,0.8918929722793147,0.10601940498285593,0.002087622737829396,0.8918929722793147,0.7858735672964589,0.3211748253765492,True,False,574.7035357421705,199.43777591130197,6.888060322537115,10.215388363275494,574.7035357421705,0.0,6.888060322537115,,512.5740446725158,21.144274333220395,533.7183190057362,6.238146437553799,0.1,True,769.5910741127341,0.0007695910741127341,0.00018716453475552873,Easy-Axis (Uniaxial),13219.370384518501,13.2193703845185,166.11951076753886,0.9200847895047735,Hard Magnet,68.41850608258301,3.351563860429877,263.0059118079385,0.33050297615460184,21.7310591496946,2.730805484227458,10.026449811773709,320.9488032885307,9.538103123873697,1.6092678622292178,0.09409348810256203,Soft / Non-Viable,501.0693907092419,20.116771182022834
mp-16334,Fe3PdN,m-3m,221,Pm-3m,cubic,3,"Fe,N,Pd",5,57.07663224909501,8.377713161417333,1,0,0,Fe3PdN,0.0,-0.6,0.5,2.3038711193897665,0,FM,0.8936398396943502,0.10392630953809603,0.002433850767553817,0.8936398396943502,0.7897135301562542,0.3189809183113384,True,False,568.4714661892726,245.05759937490612,50.849922591151994,25.409484625906913,568.4714661892726,0.0,50.849922591151994,,508.00874991619384,25.467931927299222,533.4766818434931,45.51818106832472,1.8800000000000001,False,2425.5407933395018,0.0024255407933395016,0.0009497205260790677,Easy-Axis (Uniaxial),2506.797457229371,2.506797457229371,31.50134651465259,0.8819735277333662,Soft Magnet,86.33811385984967,5.867082329351369,723.3159528156108,0.9089456334359297,157.80169143869628,19.829945767149454,13.367760691519738,204.14122263235578,34.55016458196718,0.8330336343499651,0.06073951445856537,Soft / Non-Viable,434.38124155567806,22.597036650490725
mp-1219362,Sm4Cr3Fe31C4,1,1,P1,triclinic,4,"C,Cr,Fe,Sm",42,533.9917829261897,7.888198467722786,0,1,1,Sm4Cr3Fe31C4,0.0,-0.2,0.0,4.141304195554463,0,FM,0.9274293112866505,0.07062887286262218,0.0019418158507273167,0.9274293112866505,0.8568004384240283,0.24502285901651683,True,False,555.8200128480636,253.6686620669735,22.860058225109242,6.881069780510273,555.8200128480636,0.0,22.860058225109242,,515.4837717150168,17.91633168235974,533.4001033973766,21.206657749064536,1.1785714285714286,False,2258.1231013298097,0.00225812310132981,0.000764133739674147,Easy-Axis (Uniaxial),324834.29805590527,324.83429805590526,4081.988256926304,30.189637208570378,Hard Magnet,85.1500893829197,3.755773523088351,671.6808045968055,0.8440589925114422,83.72657618427125,10.52139207042788,3.7865987628593243,339.6912944525868,46.87867031761809,1.3391141486877935,0.063111127307516,Soft / Non-Viable,478.98502021170145,17.320416702570235
mp-1225366,Dy2FeCo3,-3m,166,R-3m,trigonal,3,"Co,Dy,Fe",6,93.06633376252552,9.949791536077925,1,0,0,Dy2FeCo3,0.0,-0.2,0.0,12.0,0,FM,0.928694919787494,0.0693282359890135,0.001976844223492527,0.928694919787494,0.8593666837984805,0.24215901425184544,True,False,553.3303126992555,279.79890436048163,44.89469725207218,35.96934318623002,553.3303126992555,0.0,44.89469725207218,,513.875050368224,19.397964470970887,533.273014839195,41.767984649482244,7.35,False,205.1619510678512,0.0002051619510678512,0.0003138024242605311,Easy-Axis (Uniaxial),25889.59428565854,25.88959428565854,325.33824316931083,14.21162654215539,Hard Magnet,61.59936924317973,0.5196235698711362,612.9008827235285,0.7701939642171746,105.91280470577732,13.309395825951405,7.368653688962915,373.4876967373011,36.24572576246496,1.3348433139542055,0.020847463944549782,Soft / Non-Viable,446.98430082789855,16.44108866774424
mp-1216228,Y4Fe34C3,-1,2,P-1,triclinic,3,"C,Fe,Y",41,529.794166017695,7.178777815214444,1,0,0,Y4Fe34C3,0.0,-0.2,0.0,1.9741638991839725,0,FM,0.9290430852804352,0.06903135405775282,0.0019255606618119863,0.9290430852804352,0.8600117312226824,0.2411693376681514,True,False,552.6471313630011,284.31461153758335,0.48549601366875095,23.663827670763197,552.6471313630011,0.0,0.48549601366875095,,513.4329959928646,19.62662261284337,533.0596186057079,1.694672797129087,1.0658536585365854,False,3085.188527903925,0.003085188527903925,0.002061258737404546,Easy-Axis (Uniaxial),2550.5576760404647,2.550557676040465,32.05125365308126,2.071448459087155,Soft Magnet,117.20793265853828,13.714926036965629,841.409706736263,1.0573466213367144,70.21296319565649,8.823221345898089,2.4477436660820153,259.2618561012978,26.304548826461087,0.9118836865231815,0.05888821685836343,Soft / Non-Viable,512.6034395711823,17.55010885509308
mp-1216930,TiFe5O8,-3m,166,R-3m,trigonal,3,"Fe,O,Ti",14,159.03300542019213,4.751781388830253,1,0,0,TiFe5O8,0.0110899094026464,-2.4944550452986767,2.5,1.3067398819283196,0,FM,0.8386000190461086,0.15930185792716062,0.002098123026730803,0.8386000190461086,0.6792981611189479,0.41250251935470905,True,False,597.6555156096501,192.97515660208427,1.2676385255088576,8.992089322156133,597.6555156096501,0.0,1.2676385255088576,,501.1939267732645,30.7413009804968,531.9352277537613,1.7838131529755012,0.1,True,548.513421285235,0.000548513421285235,8.884138014201898e-05,Easy-Axis (Uniaxial),2066.4649544054478,2.066464954405448,25.967964983122076,1.149872048246661,Soft Magnet,55.74309006164923,1.2972649958742473,264.87897791083344,0.332856740438019,22.041688299488513,2.769840295185121,7.189018881415919,366.4113633445053,1.1209692904889437,1.8987488845522604,0.07887533291886159,Soft / Non-Viable,499.08506193322273,29.41862639892541
mp-1048359,BaAlFe4O7,6mm,186,P6_3mc,hexagonal,4,"Al,Ba,Fe,O",26,310.51120044348306,5.344382844726233,0,1,0,BaAlFe4O7,0.0,-2.5,2.5,1.4697052822997143,0,FM,0.8133527236836077,0.18401300450172067,0.0026342718146716926,0.8133527236836077,0.629339719181887,0.4507177005972193,True,False,609.7307068894089,195.45700227955916,14.430206711419146,1.4047909286399403,609.7307068894089,0.0,14.430206711419146,,495.92613116203216,35.96663024036135,531.8927614023935,11.739694268864115,0.1,True,172.59678250634377,0.00017259678250634378,3.77510886982181e-05,Easy-Axis (Uniaxial),14819.62190925608,14.81962190925608,186.2288648942481,3.524648187666229,Hard Magnet,57.171046165961805,0.1485171254089508,305.5439583444178,0.38395786195342746,24.651014398293178,3.0977378896681658,7.388920574926761,329.95185985338094,4.261642431649221,1.6881045754577564,0.038356389053810294,Soft / Non-Viable,473.16649664374154,35.71576433164864
mp-1227549,BeFe3,mmm,65,Cmmm,orthorhombic,2,"Be,Fe",4,42.76425937597965,6.855338955861757,1,0,0,BeFe3,0.0,-0.2,0.0,1.8852182128619832,0,FM,0.9185857297193862,0.079164838133196,0.0022494321474177993,0.9185857297193862,0.8394208915861903,0.2662458725700579,True,False,562.2626158246959,188.02699200888685,13.131751105979106,6.959495555115822,562.2626158246959,0.0,13.131751105979106,,516.4864152512592,14.885126387055264,531.3715416383145,12.075214564083872,0.1,True,530.0804335300434,0.0005300804335300434,0.0004457002093920571,Easy-Axis (Uniaxial),6478.7505383000525,6.478750538300052,81.41438196389069,1.272462339620233,Soft Magnet,112.07699172288369,2.8124275339279805,768.3257674136802,0.9655066345882231,126.3048587296837,15.871936960258186,4.655948580579229,323.8875718754433,57.137269879903386,1.7225589178182203,0.026731329329799176,Soft / Non-Viable,494.8266154042504,14.384579308264863
mp-1216311,YThFe14B,4/mmm,136,P4_2/mnm,tetragonal,4,"B,Fe,Th,Y",68,919.9922430428344,8.03985582964819,1,0,0,YThFe14B,0.0,-0.2,0.0,2.2109603531532525,0,FM,0.9255943393033934,0.07252938883742831,0.0018762718591782627,0.9255943393033934,0.8530649504659651,0.24908359970583155,True,False,556.2056871622124,226.30225081647148,18.55644844542843,8.678182413352104,556.2056871622124,0.0,18.55644844542843,,514.8208355256979,16.413563944253088,531.234399469951,17.18727270947062,0.6823529411764706,False,7318.786654150427,0.007318786654150427,0.011684562394677356,Easy-Axis (Uniaxial),17814.13653679998,17.814136536799978,223.85904624512412,11.774655233685488,Hard Magnet,113.3985072271795,8.184915666754357,911.7076494038414,1.1456856214354907,58.134443596743374,7.305389778883819,3.204487025970568,276.07052545188,9.122990739137265,1.2199194858020657,0.08370646720247747,Soft / Non-Viable,484.8316567170901,15.730982275608394
mp-1215333,ZrAlCo4,-43m,216,F-43m,cubic,3,"Al,Co,Zr",6,77.13349821169963,7.619625968604227,0,0,0,ZrAlCo4,0.0,-0.2,0.0,1.6191705183283982,0,FM,0.9173164171934386,0.08036485937994657,0.0023187234266148628,0.9173164171934386,0.8369515578134921,0.26929264560392635,True,False,563.8259866920843,172.3109026481731,67.16445466253865,15.67789244866269,563.8259866920843,0.0,67.16445466253865,,517.2068340329381,13.847741460952095,531.0545754938902,61.623938628784614,5.366666666666666,True,1243.5486567496614,0.0012435486567496613,0.000763196830766065,Easy-Axis (Uniaxial),1733.7402781022804,1.7337402781022804,21.78682330692695,1.0146547591354778,Soft Magnet,55.25862581567855,4.793595900705235,421.0500602545282,0.5291071104356662,55.69514518250914,6.99885849380599,2.5319316880372935,332.8555944769746,29.04844123866343,1.931715227309812,0.07471240652998799,Soft / Non-Viable,422.5955106479223,12.84113202677761
mp-1226057,DyErFe14B,4/mmm,136,P4_2/mnm,tetragonal,4,"B,Dy,Er,Fe",68,906.8685514298602,8.22076826026074,1,0,0,DyErFe14B,0.0,-0.2,0.0,8.426287466767258,0,FM,0.9293226840766605,0.06881515555889044,0.001862160364449085,0.9293226840766605,0.8605075285177701,0.2402998669073761,True,False,557.394986607082,184.70237690511937,12.809120268987272,1.4725701186535218,557.394986607082,0.0,12.809120268987272,,517.9998050445678,12.710322798822602,530.7101278433904,11.904237345914895,1.2647058823529411,False,17424.88588722292,0.01742488588722292,0.035472190543149255,Easy-Axis (Uniaxial),224198.50511381397,224.19850511381398,2817.3615611782325,44.726431207088574,Hard Magnet,90.42438563055993,13.69144604251401,743.3579193452845,0.9341311113611759,98.82208957970813,12.418350266690828,3.2896136607626505,387.4531304391676,14.237350829854563,2.0977159954914937,0.15840980770744115,Semi-Hard (0.1 <= kappa < 1.0),496.7883972811936,12.617422601336841
mp-1008280,CrCo3,m-3m,221,Pm-3m,cubic,2,"Co,Cr",4,44.36079037791052,8.564413990513499,1,0,0,CrCo3,0.0104680052600963,-0.1947659973699518,0.0,3.961041470612493,0,FM,0.8258961377583466,0.17063069990269047,0.003473162338963068,0.8258961377583466,0.6552654378556562,0.4363399102308689,True,False,597.0014094009553,220.2013244697147,5.3101997363446,0.08170249514640204,597.0014094009553,0.0,5.3101997363446,,493.06115826053843,37.57310611376686,530.6342643743053,4.385695610311243,6.5,True,359.0718307015227,0.0003590718307015227,0.000349444494309737,Easy-Axis (Uniaxial),7377.501861338427,7.377501861338427,92.70842439874536,1.5317281524910362,Soft Magnet,91.0836185037594,18.37855312300612,780.0778166201911,0.9802746951689433,85.7797321389381,10.779399261994394,3.7931382865356342,204.78516229589582,4.840382622503981,0.929990601959621,0.021669445988347486,Soft / Non-Viable,484.48544334876044,37.55776329889867
mp-1191958,ErCo9Si2,4/mmm,141,I4_1/amd,tetragonal,3,"Co,Er,Si",24,291.2387383613704,8.596123620063416,1,0,0,ErCo9Si2,0.0,-0.2,0.0,1.826676269263476,0,FM,0.9282317567403938,0.06984846612435693,0.0019197771352493693,0.9282317567403938,0.8583832906160369,0.24306558782626295,True,False,558.8058045999431,165.94674303157808,24.587705000239907,5.667091052059547,558.8058045999431,0.0,24.587705000239907,,518.7012936805345,11.591125459088545,530.292419139623,22.826521000000433,6.85,False,1603.797780434141,0.001603797780434141,0.001712401125078007,Easy-Axis (Uniaxial),73700.45712668324,73.70045712668323,926.1472766938083,13.918791284171915,Hard Magnet,52.60970799453292,2.79318422958098,452.23955353644357,0.5683009836211276,64.25204577678511,8.074150356474654,17.314318146116268,379.9461459135622,46.32563783378217,2.289566754806764,0.0789953137486414,Soft / Non-Viable,479.40937289675014,11.271735696552968
mp-1220656,Nd4Fe28BC,mmm,65,Cmmm,orthorhombic,4,"B,C,Fe,Nd",68,935.4155781773786,7.681062480257354,1,0,0,Nd4Fe28BC,0.0,-0.2,0.0,6.912956232231618,0,FM,0.9288124927236093,0.06931171365228665,0.0018757936241040726,0.9288124927236093,0.8595007790713227,0.2415516999133421,True,False,556.5069040635228,193.1191593221114,7.8700191990347435,2.2204925248804273,556.5069040635228,0.0,7.8700191990347435,,516.8905647811391,13.385419871704508,530.2759846528436,7.311392205731693,1.2647058823529411,False,53836.87610543695,0.05383687610543696,0.0018949345815807504,Easy-Axis (Uniaxial),512272.4867760108,512.2724867760107,6437.406049425934,16.955421830045548,Hard Magnet,118.62048058953508,5.737121973063757,911.1313228463736,1.144961388123887,123.01292656074246,15.458260555499246,8.180434642105212,370.69990115647994,12.924643563965958,1.9195397414617694,0.2271715895702021,Semi-Hard (0.1 <= kappa < 1.0),503.67739553779813,13.238440579960134
mp-1225558,ErCo3Ni2,6/mmm,191,P6/mmm,hexagonal,3,"Co,Er,Ni",6,80.78951811429559,9.484498829183435,1,0,0,ErCo3Ni2,0.0,-0.2,0.0,2.7267934133902374,0,FM,0.9278551705608832,0.07018872956097932,0.0019560998781374657,0.9278551705608832,0.8576664409999039,0.24407004938069463,True,False,556.4100801117213,199.2120703864274,8.468291517162015,12.808095145108368,556.4100801117213,0.0,8.468291517162015,,516.2679697838558,13.98244213363573,530.2504119174915,7.908608650905706,7.0,False,1420.9490183784178,0.0014209490183784178,0.00041225025230586497,Easy-Axis (Uniaxial),59630.71853636284,59.630718536362835,749.3417236858979,16.563747997339796,Hard Magnet,47.39405425338964,1.2920785984991916,449.5088520765303,0.5648694829628834,63.47845821492723,7.976938474536477,9.224811891932925,268.0007449154442,34.23094420079461,1.345303747888278,0.07480765955446818,Soft / Non-Viable,502.0950133104355,13.140893088772268
mp-1207957,Y2Fe14C,4/mmm,136,P4_2/mnm,tetragonal,3,"C,Fe,Y",68,887.5136676532235,7.271850926538338,1,0,0,Y2Fe14C,0.0,-0.2,0.0,1.9997590047980431,0,FM,0.9251711587837571,0.07295454834815249,0.0018742928680903215,0.9251711587837571,0.8522166104356046,0.25005667408311505,True,False,550.8852322840787,280.8959965485342,5.396095006247208,29.815502510985922,550.8852322840787,0.0,5.396095006247208,,509.6631287091203,20.49264056100251,530.1557692701228,5.44560067418512,1.2647058823529411,False,3448.8014556000658,0.003448801455600066,0.0018119902486848178,Easy-Axis (Uniaxial),3688.8092590851234,3.688809259085123,46.35494517587859,2.9105913751718115,Soft Magnet,114.81721957978363,14.458667998665298,834.9337045838054,1.0492086370219973,67.97174600567357,8.54158168206071,2.6974158194210256,270.08957576408227,17.164494864299286,0.9615287475890218,0.06274471797363997,Soft / Non-Viable,500.6578051026107,17.833993213771898
mp-1248448,Al(FeO2)2,4/m,88,I4_1/a,tetragonal,3,"Al,Fe,O",14,148.08265829306097,4.5452995859061005,1,0,0,Al(FeO2)2,0.0043859990523126,-2.4978070004738435,2.5,1.2499573861241775,0,FM,0.7509553762387817,0.24650409740662926,0.002540526354589069,0.7509553762387817,0.5044512788321525,0.5238059198350987,False,True,646.2409615270803,180.68695776173843,13.242429246004235,8.33777623385771,646.2409615270803,0.0,13.242429246004235,,485.2981244044807,44.540075436207076,529.8381998406878,10.154643942649015,0.09999999999999999,True,190.04975271641794,0.00019004975271641795,2.1253340157165877e-05,Easy-Axis (Uniaxial),4246.507449544032,4.2465074495440325,53.363187464291485,0.32663261615839484,Soft Magnet,52.710021883769926,11.243205806624331,239.58284064140094,0.30106867683407973,18.032722206014192,2.2660587482882018,10.4118920862499,204.79736125386614,46.92655038181236,1.13343743118372,0.05133020663325205,Soft / Non-Viable,464.7819826700612,42.75756057433497
mp-1048015,CaFe4O9,4/m,85,P4/n,tetragonal,3,"Ca,Fe,O",28,380.3595835337978,3.557638562683476,1,0,0,CaFe4O9,0.0,-2.5,2.5,0.978350604737956,0,FM,0.8086672621407972,0.188845088202247,0.002487649656955803,0.8086672621407972,0.6198221739385502,0.4564159311138594,True,False,608.9494473148716,195.83717939692028,1.3893535440607252,1.903221158552924,608.9494473148716,0.0,1.3893535440607252,,492.4374823422688,36.98288941649068,529.4203717587595,1.1796127378945565,0.1,True,138.7250004460262,0.0001387250004460262,4.610907001466307e-05,Easy-Axis (Uniaxial),6007.902788024547,6.007902788024547,75.49753451604514,1.8456603937326292,Soft Magnet,53.36880638644271,8.177269668795255,189.86692364479674,0.23859381299287505,11.32526831840978,1.4231752176099315,8.712040946096918,274.7641172436792,21.84409061121839,1.403023256818823,0.05533795702073171,Soft / Non-Viable,490.1674294911134,36.634273791450134
mp-1177997,Li2Fe3BiO8,432,212,P4_332,cubic,4,"Bi,Fe,Li,O",56,655.8878981877201,5.249745681952784,0,0,1,Li2Fe3BiO8,0.0,-2.5,2.5,1.4436800625370156,0,FM,0.6149942296900781,0.381480126575813,0.003525643734108992,0.6149942296900781,0.23351410311426513,0.6248952394112842,False,True,624.6089794024257,379.0260804588329,33.777106136885436,28.475761042085253,624.6089794024257,0.0,33.777106136885436,,384.1309181451006,144.59091714896985,528.7218352940705,23.441619354530047,1.15,True,218.2379411882083,0.00021823794118820832,5.120224270924143e-05,Easy-Axis (Uniaxial),17819.81141710881,17.81981141710881,223.9303588956624,1.5165514723629587,Hard Magnet,48.74380892539469,3.4325057057673405,255.89260042802232,0.3215641254450653,20.571470066125134,2.585087219551606,14.284068335899612,55.820328543488564,0.03623918057881781,0.14727305433946614,0.05149943545511038,Soft / Non-Viable,345.25817776210624,126.57002781344161
mp-1205466,Sm2Ga5Fe12,-3m,166,R-3m,trigonal,3,"Fe,Ga,Sm",19,275.68913044122297,7.947501537171946,1,0,0,Sm2Ga5Fe12,0.0,-0.2,0.0,2.1855629227222853,0,FM,0.9007240032877117,0.09696841769974633,0.002307579012541763,0.9007240032877117,0.8037555855879654,0.3044297263806612,True,False,559.5835451103433,253.9641561468914,48.05038344361043,11.35162213915116,559.5835451103433,0.0,48.05038344361043,,504.0303309257182,24.626502374015367,528.6568332997335,43.294129210644726,2.694736842105263,False,62.687693971450116,6.268769397145012e-05,1.4380811100285809e-05,Easy-Axis (Uniaxial),47721.0642313572,47.721064231357204,599.6805908928394,0.8352586234811606,Hard Magnet,34.073447719541726,3.474339741959417,270.7987781278058,0.3402957807869628,23.037920409789297,2.8950305167768335,8.71727358232546,291.04821035681846,2.2704935031459,1.14602081952257,0.02608191736724786,Soft / Non-Viable,434.44600687306433,23.303821494023452
mp-1197720,Tm2Ga3Fe14,6/mmm,194,P6_3/mmc,hexagonal,3,"Fe,Ga,Tm",38,518.0536998584191,8.51894801225426,1,0,0,Tm2Ga3Fe14,0.0,-0.2,0.0,2.3427107033699217,0,FM,0.927203044487529,0.07088774419552982,0.0019092113169411687,0.927203044487529,0.8563153002919992,0.24544582947272514,True,False,557.3549808880443,167.22993878287235,17.176082094418803,19.70592249080356,557.3549808880443,0.0,17.176082094418803,,516.7812351396832,11.854553122274366,528.6357882619576,15.98686244258267,2.0736842105263156,False,1685.6503331104295,0.0016856503331104296,0.0008360089993424201,Easy-Axis (Uniaxial),17090.80179843694,17.09080179843694,214.76935366802863,3.6270389360371245,Hard Magnet,48.72346075252604,0.24883905895222824,415.07262912788013,0.5215956489497396,54.125019337807814,6.801550657215894,15.61173324528031,366.2220516212519,27.93666443417024,2.1899311468190303,0.08823780933957268,Soft / Non-Viable,488.7959064194299,10.79129136609467
mp-685404,Li10Fe21O32,1,1,P1,triclinic,3,"Fe,Li,O",63,598.8721731616696,4.863827639065985,0,1,1,Li10Fe21O32,0.0,-2.5,2.5,1.337552600743146,0,FM,0.5104616364292324,0.48462495878696804,0.004913404783799656,0.5104616364292324,0.025836677642264327,0.6557599579939278,False,True,767.6096442496419,281.6579607699423,22.118839817806474,3.189650597233907,767.6096442496419,0.0,22.118839817806474,,391.8352751425331,136.49847763015475,528.3337527726878,11.396141741087929,1.0365079365079364,True,26.253725255685033,2.6253725255685034e-05,2.1493042175952688e-05,Easy-Axis (Uniaxial),10174.941359198363,10.174941359198362,127.86208658302861,2.7471344705065284,Hard Magnet,41.14228247719157,3.554936550911048,200.1089706468245,0.25146434884059177,12.580068000216205,1.5808579991568221,15.478723022267154,160.72353113984167,17.458094356866624,0.5706337243246619,0.022841466204642644,Soft / Non-Viable,364.9292373251055,134.35573832520083
mp-570920,Ga5Fe6,2/m,12,C2/m,monoclinic,2,"Fe,Ga",22,289.997700807432,7.829618305066748,1,0,0,Ga5Fe6,0.0,-0.2,0.0,2.153145033893356,0,FM,0.8349999216805863,0.1601957448184372,0.004804333500976523,0.8349999216805863,0.6748041768621491,0.42744177850594045,True,False,572.4404551567188,313.91757980251884,57.416499108173014,13.930305663473632,572.4404551567188,0.0,57.416499108173014,,477.9877352226594,50.288260508065704,528.2759957307251,47.9946803499746,2.7818181818181817,True,-21.00982754535411,-2.100982754535411e-05,2.011475745803609e-06,Easy-Plane / Cubic,5780.042914722954,5.780042914722954,72.63416284436981,5.044125723799854,Soft Magnet,78.97597807265028,9.675799138535652,618.3517635781727,0.777043743116592,29.66596369602006,3.7279350167855374,2.17095281734039,321.0595097673779,166.4073103199671,1.0227509716701815,0.0,Soft / Non-Viable,401.2022973886232,47.013685463687814
mp-1226028,Dy4Fe29Si5,-1,2,P-1,triclinic,3,"Dy,Fe,Si",38,502.9928056141137,7.955952898420063,1,0,0,Dy4Fe29Si5,0.0,-0.2,0.0,8.154851720880563,0,FM,0.930323400822252,0.06780485921476664,0.0018717399629814822,0.930323400822252,0.8625185416074853,0.2379529658143621,True,False,553.4851057275666,194.12895302375728,6.79183251949479,7.179902788530242,553.4851057275666,0.0,6.79183251949479,,514.9201458649335,13.162886329285909,528.0830321942194,6.337327578547768,1.1421052631578947,False,657.1463558394967,0.0006571463558394967,0.0005384059910549783,Easy-Axis (Uniaxial),109976.66282802467,109.97666282802467,1382.0075308755688,19.220668573697036,Hard Magnet,34.032645092603325,2.099973615117392,270.76212136539874,0.34024971654076985,23.03168376113861,2.894246796378247,7.630024898629285,402.9845154655518,25.160279672263897,2.0758599332487773,0.08445749805984824,Soft / Non-Viable,503.5207179111068,12.70672121390205
mp-1219345,Sm4Fe31Si3,1,1,P1,triclinic,3,"Fe,Si,Sm",38,510.6000229451728,7.860052057854307,0,1,1,Sm4Fe31Si3,0.0,-0.2,0.0,2.1615143159099346,0,FM,0.9259686427367033,0.07212009437790287,0.0019112628853937298,0.9259686427367033,0.8538485483588004,0.24833099761390545,True,False,550.5761892700643,251.24508691269375,8.270883229295407,20.068515491116955,550.5761892700643,0.0,8.270883229295407,,509.81628670154777,18.119819380127883,527.9361060816757,7.794140577792082,1.1421052631578947,False,7962.725948485478,0.007962725948485478,0.0036960116187059423,Easy-Axis (Uniaxial),185180.22360106953,185.18022360106954,2327.0433654282992,35.37025552765352,Hard Magnet,101.47293189068469,9.205524139856692,797.5825271238862,1.002271763137593,127.84732963624623,16.065769574761074,30.350027713642422,387.2811659635538,23.50259700196787,1.5414477183314308,0.09980454550567586,Soft / Non-Viable,496.13795635931723,16.467434552998824
mp-1223263,La2(CoNi)5,mmm,47,Pmmm,orthorhombic,3,"Co,La,Ni",12,171.50005872816467,8.384450203776483,1,0,0,La2(CoNi)5,0.0,-0.2,0.0,2.410529433585739,0,FM,0.9415231525287137,0.05421888974402087,0.004257957727265523,0.9415231525287137,0.8873042627846928,0.21664602654964166,True,False,544.3049922436676,276.2581932467159,9.258655709586208,2.738806024079196,544.3049922436676,0.0,9.258655709586208,,512.4757522343749,14.978412520526101,527.4541647549011,8.718503399735354,6.666666666666667,False,11880.08104097049,0.01188008104097049,0.004247657636354093,Easy-Axis (Uniaxial),8133.092273493791,8.13309227349379,102.20345373500554,7.9086074036284115,Soft Magnet,56.106148505103164,12.570527085834161,470.41920826672583,0.5911462115193091,69.52163319819697,8.736346254561369,6.481295114344444,181.91200055351152,18.597027069628325,0.6584854494833124,0.20669012264608383,Semi-Hard (0.1 <= kappa < 1.0),497.13313704204546,14.77606859216397
mp-1221854,MnCo21B6Mo,-43m,216,F-43m,cubic,4,"B,Co,Mn,Mo",29,281.5386564426065,8.571930312989554,0,0,0,MnCo21B6Mo,0.0,-0.2,0.0,5.036009058881364,0,FM,0.9236842092785615,0.07418367875016008,0.0021321119712784282,0.9236842092785615,0.8495005305284015,0.2543280917880328,True,False,558.3593243830405,154.06796555026807,32.73264477907702,16.97969276115454,558.3593243830405,0.0,32.73264477907702,,515.7476910360606,11.429328462071815,527.1770194981324,30.26085440224579,5.820689655172414,True,270.36110225077647,0.00027036110225077647,0.00011159804186418887,Easy-Axis (Uniaxial),613.192621864467,0.613192621864467,7.705605894035925,0.47047577567945353,Soft Magnet,86.57057636945777,11.153760772761736,742.0769477943322,0.9325213950356042,49.08947833950158,6.168765900637653,6.326887866651803,535.1602019603162,12.56345015882357,3.473533255592373,0.01976597453394016,Soft / Non-Viable,465.01090211196373,10.534929160078512
mp-1225101,Fe6Ge2N,4/mmm,123,P4/mmm,tetragonal,3,"Fe,Ge,N",9,101.071999747671,8.121919190099725,1,0,0,Fe6Ge2N,0.0,-0.6,0.5,2.233527777277424,0,FM,0.9071746481815586,0.0905745416451369,0.002250810173304607,0.9071746481815586,0.8166001065364217,0.2909319381555392,True,False,555.1226593842837,244.90011881455968,5.63398368105203,13.989004754354994,555.1226593842837,0.0,5.63398368105203,,503.59320322454874,22.18171601046831,525.774919235017,5.265719712032807,1.411111111111111,True,4031.5729339829463,0.004031572933982946,0.000599247004438372,Easy-Axis (Uniaxial),2981.9190750762386,2.9819190750762385,37.471900967399925,1.159565359953584,Soft Magnet,80.04534542549429,0.9003639545531001,650.1218270894833,0.8169671823690778,132.78204931848302,16.685884750857625,14.44464584371012,217.85439272583332,36.74395694365151,0.8895642590144859,0.08712395483646442,Soft / Non-Viable,494.3100866853335,20.73164089522397
mp-1184287,Fe3H,4/mmm,139,I4/mmm,tetragonal,2,"Fe,H",4,38.515692779212905,7.2664443105042,1,0,0,Fe3H,0.0,-0.2,0.0,1.9982721853886551,0,FM,0.9171924304376089,0.08065500001578749,0.002152569546603651,0.9171924304376089,0.8365374304218214,0.2690251732833919,True,False,554.8304680502815,209.24324338959372,5.629695312902697,13.330093122584657,554.8304680502815,0.0,5.629695312902697,,508.8863054718738,16.876513798891107,525.7628192707649,5.274258166914226,0.1,True,133.63221207085283,0.00013363221207085283,5.531542300796353e-05,Easy-Axis (Uniaxial),6023.676797128597,6.023676797128597,75.69575656437176,0.8493225514001516,Soft Magnet,105.50760133600575,0.7640357218262324,766.6651094429643,0.9634197902358526,124.51980276882406,15.647620208185062,10.97019302204134,299.83718011699864,24.84962720322642,1.4329599143076102,0.01345070189363331,Soft / Non-Viable,499.5126258437136,15.821971998290417
mp-1212970,Fe7Ge4,6/mmm,194,P6_3/mmc,hexagonal,2,"Fe,Ge",22,280.8436126582701,8.058690395563344,1,0,0,Fe7Ge4,0.0,-0.2,0.0,2.21613985877992,0,FM,0.9114534295032022,0.08614852694320398,0.002398043553593803,0.9114534295032022,0.8253049025599982,0.28233952591381256,True,False,552.442476197386,253.16306410064684,3.3968455744160337,15.020195307738248,552.442476197386,0.0,3.3968455744160337,,503.5255895333486,21.80962504869865,525.3352145820472,3.3555894386122995,2.245454545454545,True,0.49763112127016185,4.976311212701618e-07,1.0094686189279827e-06,Easy-Axis (Uniaxial),7960.421879463161,7.96042187946316,100.03361352733582,2.138427901125808,Soft Magnet,58.60511210058855,3.074093222204631,472.28045401592607,0.5934851219081941,70.07285570662478,8.805614919225853,6.677446297165677,360.53076619239704,24.90408114753251,1.424104924125367,0.00133244368332632,Soft / Non-Viable,497.8880929826732,20.286117792316745
mp-1048391,BaFe4O7,6mm,186,P6_3mc,hexagonal,3,"Ba,Fe,O",24,385.3641334806176,4.073765040343883,0,1,0,BaFe4O7,0.1097254415429633,-2.4451372792285184,2.5,1.1202853860945678,0,FM,0.8949488206802327,0.10292892160736321,0.0021222577124040826,0.8949488206802327,0.7920198990728695,0.31532828189517864,True,False,562.3119056520528,213.2980201119985,1.9832117640021352,3.7608886679027194,562.3119056520528,0.0,1.9832117640021352,,503.24037681775894,21.954535191113674,525.1949120088726,1.8165968026770187,0.1,True,827.1996105844461,0.0008271996105844461,1.1626076470274667e-06,Easy-Axis (Uniaxial),9353.01446324082,9.35301446324082,117.53344838986234,2.427683146869266,Soft Magnet,70.0274001432621,1.5635206102435788,285.27517456979336,0.35848735707200347,25.56688584244491,3.2128296919272388,21.483827197663956,427.96664924106494,10.422536518891974,2.0064257934337517,0.08993655517433892,Soft / Non-Viable,499.9354505948873,21.549312367689968
mp-1025425,Co3H,6/mmm,194,P6_3/mmc,hexagonal,2,"Co,H",8,66.42097482420203,8.89045494414773,1,0,0,Co3H,0.0,-0.2,0.0,1.8892216756313929,0,FM,0.8880797000156309,0.10864011089535233,0.003280189089016905,0.8880797000156309,0.7794395891202786,0.33253022039298985,True,False,565.913687291214,207.12398644160447,15.35966055705154,9.269549540321961,565.913687291214,0.0,15.35966055705154,,502.5764576443209,22.501972856103365,525.0784305004242,13.677725780145321,6.025,True,107.7431180801272,0.00010774311808012721,9.641849711081017e-05,Easy-Axis (Uniaxial),6543.647349647551,6.543647349647551,82.22989936281651,1.5663435125150413,Soft Magnet,73.85487113311517,2.6069513338583903,656.6034042147973,0.8251121724013025,89.19123716540244,11.208101635475774,5.981665108055505,305.4094776850477,12.666074199862322,1.4745249110544392,0.014102194747749137,Soft / Non-Viable,478.09836244423536,21.50525282395917
mp-1212222,Sm4Co10Si,4/mmm,141,I4_1/amd,tetragonal,3,"Co,Si,Sm",30,586.8315146216545,6.897926797520765,1,0,0,Sm4Co10Si,0.0,-0.2,0.0,1.4658094444731624,0,FM,0.9253546334237812,0.07262308144388062,0.0020222851323381474,0.9253546334237812,0.8527315519799006,0.25011981788420085,True,False,552.2689272415176,187.425132729396,3.0564642078544466,28.21785681996279,552.2689272415176,0.0,3.0564642078544466,,511.04461071891944,13.611390678837061,524.6560013977565,3.492685840540698,8.006666666666666,False,47623.88284875423,0.047623882848754226,0.01332540211240153,Easy-Axis (Uniaxial),521234.0474385875,521.2340474385875,6550.020344182688,28.561928876401222,Hard Magnet,52.94916119835267,4.885052067566342,365.2394379363636,0.458973414008858,41.9087979400823,5.266414971484052,10.992275267534655,322.80284956624826,31.895609602782912,1.722302899645323,0.533003183312112,Semi-Hard (0.1 <= kappa < 1.0),505.89049013164833,11.928418633406814
mp-1224208,Ho2Ga3(Fe7C)2,2/m,12,C2/m,monoclinic,4,"C,Fe,Ga,Ho",21,268.0681164118596,8.330821060937483,1,0,0,Ho2Ga3(Fe7C)2,0.0,-0.2,0.0,2.290975791757808,0,FM,0.9266405097408124,0.07112319893568653,0.00223629132350119,0.9266405097408124,0.8555173108051258,0.24781374082746904,True,False,548.4744203705884,229.66981106538867,0.34328118799186313,3.760335249237855,548.4744203705884,0.0,0.34328118799186313,,508.2386164719986,16.33485166192518,524.5734681339238,0.4155892637804085,1.8857142857142857,False,36093.91003315671,0.036093910033156706,0.012905381869835267,Easy-Axis (Uniaxial),105565.44275749079,105.56544275749079,1326.574503530846,23.53123969922745,Hard Magnet,62.53390009493553,6.511804691308281,520.9587319334494,0.6546560500262315,85.26219641855658,10.714363804046117,25.35602704214979,503.99798850484734,95.69571077707798,2.194445957729096,0.3253184631575815,Semi-Hard (0.1 <= kappa < 1.0),507.6577186561535,16.033396923836555
mp-1217799,Tb3(VFe8)4,m,8,Cm,monoclinic,3,"Fe,Tb,V",39,502.4247949424405,8.155482056294872,0,1,0,Tb3(VFe8)4,0.0,-0.2,0.0,2.24275756548109,0,FM,0.9278153376900043,0.0703015197854468,0.0018831425245489635,0.9278153376900043,0.8575138179045576,0.24392455886770278,True,False,549.4442332178089,207.76429830388884,11.924046122321158,16.361014032582673,549.4442332178089,0.0,11.924046122321158,,509.7827867848069,14.606145927920311,524.3889327127272,11.122943021648517,1.2615384615384615,False,393.0149075321607,0.0003930149075321607,0.00024808564054828704,Easy-Axis (Uniaxial),206248.5682891199,206.2485682891199,2591.795998152742,35.73788097576081,Hard Magnet,60.74025841829156,12.278026717943124,495.36608762509036,0.6224953846882006,77.09077581941739,9.687512787151613,5.656207636162334,461.59112932714334,101.07570748658688,2.22170571698508,0.03570041858242321,Soft / Non-Viable,490.2951149058531,13.501643069319977
