reduced_formula,True_K1_symlog,Predicted_K1_symlog
FeCl4,-0.023252459633711444,2.2015128304364993
GYBI,0.06966809691159566,3.4216608131997774
La0.5Ce0.5Fe1B1,6.040669617850107,4.167748570020362
La0.333333Y0.333333,6.163952898676006,3.8112634948738893
Ce0.72Nd1.28Fe14B1,5.919078615622123,6.0001489606194065
Ce1.26Nd0.74Fe14B1,6.064458363618552,5.849548483057499
Nd1.28Dy0.72Fe14B1,5.60206107706281,6.292411821062004
Fe1Co1Si0.5P0.5,5.939519751807391,4.032839527347132
FeNiPPd,4.445619769105104,2.6958951711984627
Fe0.195Ni0.195Rh0.61,5.201945791373497,-0.8373580394196121
Fe0.25Ni0.25Rh0.5,-4.903095415639038,1.8920747392931923
Fe0.325Ni0.325Rh0.35,-4.982275756916859,-0.830380737543033
Fe0.37Ni0.37Rh0.26,-5.029387836493177,2.1165669821811575
Fe4Ni4N,6.255272746377951,4.426423099083173
Fe2Ni2N,6.301030212811168,4.085621567492594
Fe2Ni2N,6.595496332052586,4.085621567492594
Fe1.35Co0.55Re0.1B1,5.7993412388093555,4.508661559655114
Fe1.4Co0.6B1,4.903095415639038,4.305270637755574
Mn4.08Fe46.92Pt49,6.342422878228744,6.301503460813361
Zr7Fe88.65Co1.35B3,3.814670538206251,3.500831266553341
Fe77.4Ni8.6B14,4.491375703107734,2.324811810495659
Cr35Fe65Pt,0.06445798922691845,2.068400894658044
Cr20Fe80Pt,0.359835482339888,1.705861182293225
Cr15Fe85Pt,0.481442628502305,1.1240287566270641
Cr11Fe89Pt,0.4756711883244297,1.791549913439309
Nb3Fe6615Co735Si13.5Cu1B9,-1.6127838567197355,2.785164410674841
Ga0.5Fe0.5Sb1,-2.161368002234975,1.5315909904532372
Mn0.5Ga0.5As0.5P0.5,4.005223424858136,2.0852000177245342
Mn0.5Ga0.5As1,4.782049590239568,2.148732472115256
Mn0.5Ga0.5As0.887P0.113,3.9034155857690864,3.0300879687726034
Mn0.5Ga0.5As0.912P0.088,3.7243578042264267,3.6223489838323655
Mn0.5Ga0.5As0.915P0.085,3.7428036584691657,3.6258049599606936
Mn0.5Ga0.5As0.93P0.07,3.7340794072805945,3.650043906170916
Al,1.0413926851582251,2.4060164441443805
Li(GdI3)2,0.1643528557844371,1.3160630547093122
Gd2MgI6,0.31175386105575426,0.6803511587203649
Et6L2Co(HN)2,-2.1112961264822627,2.147304069648608
Mn0.5In0.5As1,3.5441921107650325,2.548493302103451
M1Sr1La0.15Co0.15,5.5323574741289745,5.67714670957739
Mn55Al45C2,6.146128345888472,6.205925033910599
H8Ir(NCl3)2,0.23044892137827394,2.5414769476257284
Nd0.5Dy0.5Fe1B1,6.653212610285218,4.047255260937254
NdDyFe14B,6.713490627096736,6.338144191431695
Ce18Nd12Fe69B,5.3999891624983345,3.6532812661494383
CeNdFe14B,6.477121399484465,5.833679075330787
PrNdFe14B,6.6981006326563435,5.964252927711431
Tb0.32Nd0.7Fe14B1,6.679427987468696,5.938395381158159
Nd0.7Zr0.3Ti0.5Fe8.625Co2.875N0.5,6.6020600999015695,5.246789684214355
Tb0.4Nd1.6Fe14B1,6.746634276768124,6.1703352359300725
Nd1.84Dy0.16Fe14B1,6.654176638173844,6.2911048470722335
Nd1.94Dy0.06Fe14B1,6.64147420965808,6.35044166238474
Tb180Nd20Fe14B,6.760422558821553,5.932715053043796
Tb100Nd100Fe14B,6.716003427152961,5.924720819054768
Tb20Nd180Fe14B,6.66651807415282,6.1601105798296185
Zn0.47971Fe1.94Co0.021Cu0.1958Ni0.30349O4,3.415140352195873,2.83432680199301
Zn0.49Fe1.94Cu0.2Ni0.31O4,3.6628522332647964,2.7688069051829824
Zn0.5Fe1.98Ni0.5O4,3.6902847025126295,2.365246505888355
FeB,6.54087399235087,2.043026169967404
Sm0.5Zr0.5Co3,6.322219501540766,5.316512684588528
Ce1.2Sm0.8Fe17N3,6.445292413580163,6.115130210194857
Ce0.8Sm1.2Fe17N3,6.8747027643511025,5.314775607482515
Sm0.74Zr0.26Fe9.6Co2.4,6.482873726468757,5.406053514717809
Sm0.82Zr0.18Fe9.6Co2.4,6.558708690504001,6.239194555241838
Ce0.4Sm1.6Fe17N3,7.05576161571854,5.010774347103235
Sm0.8Gd0.2Ti0.76Fe8.992Co2.248,6.729785048227666,6.622471608742535
Sm0.8Gd0.2Ti0.75Fe9Co2.25,6.729785048227666,6.666691684016352
Sm0.8Y0.2Ti0.6Fe9.12Co2.28,6.817244150679144,6.486382561619086
Sm0.8Zr0.2Ti0.5Fe8.625Co2.875,6.770852085251372,6.581071891254896
Zn0.5Cu0.5Sn0.5O1,2.904807478339564,2.9488061669120746
Zn0.6Cu0.4Sn0.6O1,3.204776356801891,2.855582551699502
Zn0.7Cu0.3Sn0.7O1,2.9612454422018692,3.0221131328953983
Zn0.8Cu0.2Sn0.8O1,3.0591467194261983,2.9967032473658026
Zn0.9Cu0.1Sn0.9O1,3.202695334090222,2.9620446640876126
Zn50Co50Sn50O,3.7914365931379743,2.7071576914835207
Zn60Co40Sn60O,4.084751032894766,2.883991223804494
FeCl4,-0.033021444682910656,2.2015128304364993
Fe8N,5.982271685429418,3.8761696762309903
AFePt,-5.301032167130962,6.65749225911372
AGP,4.301051709845226,0.8092809769128999
AG276P,4.301051709845226,4.392784579106397
QAg,-0.1673173347481761,3.1587390162005615
LiAg3(IrO3)2,-1.0934216851622351,1.7049393261193289
Akaganite,5.740363479119857,2.8114598459044458
Al1Cr1Fe1Co1Ni2.1,4.6127944491388995,4.589600423251782
AlFe2,6.206826145779892,3.9540688186273245
Al(FeB)2,5.954242991988481,3.8347242557524517
Cr3Fe67Co10(SiB3)5,3.449478399187365,1.8919458818106303
Zr7Fe93C11,5.278755886707245,3.9308329503134463
Zr7Fe93C5.5,5.301032167130962,3.7037209911601314
NdFeB,0.04375512696867949,5.459149915968201
Al54C97,6.167317630186499,2.238369694264015
MnAu4,5.477122702365523,2.1879499737175894
FeAu,0.04921802267018165,5.142506097969932
RmaltoseFeAuS,7.301030017378705,3.980473969867459
RmaltoseFe2AuS,6.845098102056322,5.068773549855438
FeSiBC2,4.1761202110560856,2.72885331289728
MBF,0.4578818967339924,3.210275440873795
M5BF,0.42324587393680785,2.1365801530423436
M9BF,0.4623979978989561,2.7494168755508035
BCSOF,3.191437040801164,3.4125803982896157
BH3S2OF,5.021193435188165,1.9947362441243237
LBHS2OF,4.982275756916859,3.478616515794631
Ba1Zn0.2Fe11.6Sn0.2O19,5.307498177289628,5.059258964557498
Ba1Zn0.4Fe11.2Sn0.4O19,5.184694269334348,4.113534851579083
Ba1Zn0.6Fe10.8Sn0.6O19,5.004325673706721,4.2222144910345545
BaFe12O19,5.340446097915417,4.186379902535034
BaFe12O19,6.4668677685774565,4.186379902535034
Ba1Zr0.1Zn0.1Fe11.8O19,6.468347478131344,5.2086929845175165
Ba1Zr0.2Zn0.2Fe11.6O19,6.432969451130643,5.713605998259526
Ba1Zr0.3Zn0.3Fe11.4O19,6.421604091375285,5.583364578002511
Ba1Zr0.4Zn0.4Fe11.2O19,6.408240134958098,5.30438355484518
Ba1Zr0.5Zn0.5Fe11O19,6.357935037480448,4.51769901341886
MypehexagonalferritesBa,4.814819395464835,5.643806755453778
Ba0.1La0.1Mn0.1Fe11.9O19,4.589960765564777,4.2750672454860155
Ba0.2La0.2Mn0.2Fe11.8O19,4.583210113102105,4.513096038717208
Ba0.34Ca0.66Al0.6Fe11.4O19,4.904116043275968,4.643538320102372
Ba0.3La0.3Mn0.3Fe11.7O19,4.635493799811566,4.439427780490412
Ba0.4La0.4Mn0.4Fe11.6O19,4.3579538945863385,4.770658618062287
Ba0.4Fe11.6Co0.4Pb0.6O19,5.526702547411359,4.680870520943978
Ba0.4Fe11.7Co0.3Pb0.6O19,5.40747579535943,4.786498397710638
Ba0.4Fe11.8Co0.2Pb0.6O19,5.387452525731768,4.9047936585628396
Ba0.4Fe11.9Co0.1Pb0.6O19,5.53899299300822,5.26334640238265
Ba0.4Fe12Pb0.6O19,5.521628569499968,5.163103481808992
Ba0.5Ca0.5Dy0.05Fe11.95O19,5.882582022672781,5.592792628286228
Ba0.5Ca0.5Dy0.15Fe11.85O19,5.899328497468384,5.478395662882166
Ba0.5Ca0.5Dy0.1Fe11.9O19,5.89198378778221,5.6530361476605195
Ba0.5Ca0.5Dy0.2Fe11.8O19,5.915030818404872,5.486796918350194
Ba0.5Ca0.5Fe12O19,5.788098340814942,5.298245677328622
Ba0.5Ca0.5Mg0.2Fe11.8O19,5.774060990952629,5.386936915566707
Ba0.5Ca0.5Mg0.1Fe11.9O19,5.69176521069374,5.475361945928714
Ba0.5Ca0.5Fe12O19,5.637547377278086,5.298245677328622
Ba0.5Na0.25La0.25Ti1Mn0.5Fe10Co0.5O19,4.19722937729672,4.36146757217903
Ba0.5La0.5Mn0.5Fe11.5O19,4.5224572751868335,4.735218278741363
Ba0.5La0.5Fe12O19,5.342424654883547,4.756645955427615
Ba0.5Sr0.5Ce0.05Fe11.95O19,5.2624534629178354,5.22706021301834
Ba0.5Sr0.5Fe12O19,5.294468430696515,5.069284841952528
Ba0.5Sr0.5Ce0.15Fe11.85O19,5.220110704263994,5.117991471252926
Ba0.5Sr0.5Ce0.1Fe11.9O19,5.238048613494268,5.140490907862098
Ba0.5Sr0.5Ce0.2Fe11.8O19,5.2013998557236985,4.889988559926504
Ba0.5Sr0.5Ti0.2Fe11.6Co0.2O19,5.244882360263211,5.183975119498205
Ba0.5Sr0.5Ti0.4Fe11.2Co0.4O19,5.285064228727752,4.5626456731316205
Ba0.5Sr0.5Ti0.6Fe10.8Co0.6O19,5.331323012832023,4.5130197509202326
Ba0.5Sr0.5Ti0.8Fe10.4Co0.8O19,5.302156206922623,4.970131776878542
Ba0.5Sr0.5Fe12O19,5.510407595924981,5.069284841952528
Ba0.5Sr0.5Ti1Fe10Co1O19,5.305944356889003,4.70951112986817
Ba0.5Sr1.5Zn2Ga0.8Fe11.2O22,0.3424226808222063,0.4873972056434285
Ba0.5Sr1.5Zn2Ga0.6Fe11.4O22,0.045322978786657475,0.506969420263307
Ba0.5Sr1.5Zn2Ga0.4Fe11.6O22,0.1643528557844371,0.869663661654473
Ba0.5Sr1.5Zn2Ga0.2Fe11.8O22,0.14921911265537988,2.542310150024886
Ba0.5Sr1.5Zn2Ga1Fe11O22,0.18184358794477257,0.7619212148560637
Ba0.67Ca0.33Al0.6Fe11.4O19,4.71764387876967,4.678710988043764
Ba0.6Na0.2La0.2Ti1Mn0.5Fe10Co0.5O19,4.366956368096418,4.285733806457597
Ba0.6La0.6Mn0.6Fe11.4O19,4.5988014460329465,4.742917846502905
Ba0.6Sr0.4Cr1Fe11O19,4.673951199690897,4.223548991192896
Ba0.6Sr0.4Ti1Mn1Zn0.5Fe9.5O19,6.112605336638212,4.84586569568561
Ba0.6Sr0.4Ti1Mn1Zn0.3Fe9.7O19,6.199755451429198,5.069551886568679
Ba0.6Sr0.4Ti1Mn1Zn0.1Fe9.9O19,6.203577046751656,4.785664395021868
Ba0.6Sr1.4Zn2Fe12O22,6.127647651152721,2.854649034991813
Ba0.7Na0.15La0.15Ti1Mn0.5Fe10Co0.5O19,4.1597914406089345,4.422088314501379
Ba0.7La0.3Fe11.7Co0.3O19,1.1708482036433094,4.918098032845825
Ba0.7Sr0.3Fe12O19,5.3096322963152005,5.303544568211697
Ba0.85La0.15Fe11.5Co0.5O19,5.089729239531228,4.4428444103117615
Ba0.85La0.15Fe11.85Co0.15O19,5.158919780563331,4.902456353298678
Ba0.85La0.15Fe11.8Co0.2O19,5.165706278922185,5.103767775194164
Ba0.85La0.15Fe11.9Co0.1O19,5.164597003425825,4.878422888105162
Ba0.8Ca0.2Fe12O19,5.645038382873478,4.581595456116897
Ba0.8Ce0.2Zn0.2Fe11.8O19,5.238048613494268,5.113943456067206
Ba0.8Gd0.2Fe11.5Co0.5O19,1.255272505103306,4.579189540871948
Ba0.8Na0.1La0.1Ti1Mn0.5Fe10Co0.5O19,4.307670434704235,4.407187210545167
Ba0.8La0.2Fe10.8Cu0.2O19,4.414925322367989,4.801687220775841
Ba0.95La0.05Ti0.94V0.06O3,0.09725730969341992,0.8784561185444943
Ba0.95La0.05Ti0.97V0.03O3,1.217878578027433,0.30579605886366606
Ba0.992Dy0.0053Ti0.98Mn0.02O3,0.5241623581355696,1.6930182902569966
Ba0.9Ca0.1Fe12O19,2.3961993470957363,5.311734400651594
Ba0.9Ce0.1Zn0.1Fe11.9O19,5.247975719996016,5.208584342090541
Ba0.9Na0.05La0.05Ti1Mn0.5Fe10Co0.5O19,4.405615418138626,4.393269427644859
Ba0.9La0.1Al1.3Fe10.7O19,5.332440479885242,4.795695886362562
Ba0.9La0.1Al1Fe11O19,5.269515279128209,4.995235585350928
Ba0.9La0.1Al0.7Fe11.3O19,4.991230507246231,4.896947031251438
Ba0.9La0.1Al0.5Fe11.5O19,5.184694269334348,5.1140164486354065
Ba0.9La0.1Al0.3Fe11.7O19,5.344394238814067,5.200908090228981
Ba0.9La0.1Al0.1Fe11.9O19,5.372913843197064,5.269615849373023
Ba1.92Sm0.08Cd0.4Fe27.6Co2O46,5.2930289409118485,4.574781934263853
Ba1.94Sm0.06Cd0.3Fe27.7Co2O46,5.193015436410391,4.851499416019161
Ba1.96Sm0.04Cd0.2Fe27.8Co2O46,5.367157597487397,5.020671567713369
Ba1.98Sm0.02Cd0.1Fe27.9Co2O46,5.429010595034278,5.03736103282882
Ba11Fe6O11,3.9868165045855366,2.3633614334965607
Ba2.5Nd0.5Fe24Co2O41,5.449939832913526,5.06241843099561
Ba2.6Nd0.4Fe24Co2O41,5.432945852763002,5.178626434140524
Ba2.7Nd0.3Fe24Co2O41,5.413804400997011,5.253209321235644
Ba2.8Nd0.2Fe24Co2O41,5.401543774019655,5.098364168035048
Ba2.9Nd0.1Fe24Co2O41,5.359507504122663,4.98774266973603
Ba2Zn1.5Fe12Co0.5O22,5.352661907558351,5.062336881326743
Ba2Mn0.9Fe12Co1.1O22,4.152358758607169,4.6526304657518835
Ba2Mn0.7Fe12Co1.3O22,5.268064397663292,4.565627723815982
Ba2Mn0.5Fe12Co1.5O22,4.962717105580126,4.88442946358925
Ba2Zn0.5Fe12Co1.5O22,5.741751000087758,5.015635828045828
Ba2Mn0.3Fe12Co1.7O22,5.073819582302667,4.807964673546664
Ba2Mn0.1Fe12Co1.9O22,4.875437235816001,4.740645582877399
BaFe6CoO11,5.552669432621643,4.733083047425675
BaFe14CoO23,5.458275682181938,2.6223250906612616
Ba2CoGe2O7,0.10720996964786839,1.1621517690456997
Ba2ZnFe12CoO22,5.5694043442805,5.049941450690797
Ba2Zn1.5Fe12Cu0.5O22,5.118102620975727,4.801401762156636
BaZnFe6O11,5.072896628609387,3.928539728283315
Ba2Zn0.5Fe12Cu1.5O22,4.866736173476787,4.699458265010311
Ba2ZnFe12CuO22,4.99932523389402,4.787752543736645
BaFe6CuO11,4.8962560772771875,4.616870097419947
Ba2FeSi2O7,0.36172783601759284,1.1866333155785325
Ba2MnGe2O7,0.47712125471966244,1.3262574405986125
Ba2YOsO6,-0.6989700043360189,-0.009804445378819637
Ba2YRuO6,-0.21748394421390627,0.015393901291970137
Ba4O,-0.010299956639811963,2.093999037977187
Ba3Zn0.7Fe24Co0.9Cu0.4O41,4.073022769667497,4.29790178854784
Ba3Zn0.5Fe24Co1.1Cu0.4O41,4.137728488781224,4.341113057515624
Ba3Zn0.8Fe24Co1.2O41,3.3465192265483794,4.284123254645315
Ba3Zn0.3Fe24Co1.3Cu0.4O41,4.963792547912095,4.1027812148995695
Ba3Zn0.1Fe24Co1.5Cu0.4O41,3.953460830186765,4.325295476305199
Ba3Fe24Co1.6Cu0.4O41,3.8863629229720345,4.142645954158398
Ba3Fe24Co1.6Ni0.4O41,3.3149516016613734,3.8634886888617213
Ba3Mn2O8,-0.013679697291192562,0.4259532849547283
Ba3Zn1.6Fe24Cu0.4O41,4.339907666028934,4.561374767009688
Ba3Zn2Fe24O41,5.082645368539793,4.4538085941319006
BaFe12O19,5.630428892106929,4.186379902535034
Ba1La0.1Y0.1Fe11.7Bi0.1O19,5.445761392539165,4.751287991325945
Ba1La0.2Fe11.6Bi0.2O19,5.703292238106883,4.849641361916583
Ba1La0.2Y0.2Fe11.4Bi0.2O19,5.444982670931098,4.52866764865877
Ba1La0.33Y0.33Fe11.01Bi0.33O19,5.403465416565003,4.023338771528589
Ba1La0.4Fe11.2Bi0.4O19,5.641475102042881,4.736034729658316
BaVCdP2O9,0.00216606175650763,1.2783273248766363
Ba1Ti1.3Fe9.4Co1.3O19,5.518515255919778,4.496255019807467
BaFe16Co2O27,-5.54406928518988,4.340601546440982
BaCoO3,0.3424226808222063,2.1541629894263754
Ba1Cr0.3Fe11.7O19,4.424897963184401,5.221406401331255
Ba1Cr0.6Fe11.4O19,4.35604498868723,4.955715330460151
BaCrFe11O19,4.285579810729595,4.564073772092426
BaCrFe11O19,4.276484782109383,4.564073772092426
BaMgTiFe10O19,5.060701616810948,4.019593306436329
Ba1Ti0.9Fe10.2Ni0.9O19,5.142334706518045,4.117312810183301
Ba1Sc1.8Fe10.2O19,3.7306611729611654,3.6020111289890604
Ba1Mn1.1Al1.5Fe10.3Sn1.1O19,4.5455514157190615,3.6286443146281973
Ba1Al0.4Fe10.4Co1.2O19,0.02077548819355783,1.5811303659050941
Ba1Zn0.8Fe10.4Sn0.8O19,0.025939636433081698,3.553053012102314
Ba1Fe10.5Co1.5O19,5.056908660920483,4.5601247614602425
Ba1Mn1.5Fe10.5O19,5.431365372654089,4.35795013037014
Ba1Al0.4Fe10.7Co0.9O19,0.021272013951038178,1.1945736516864627
Ba1Sm0.6Zr0.6Fe10.8O19,0.17897694729316943,2.69494634565258
Ba1Mn0.9Al1.1Fe10.8Sn0.9O19,4.896280893080587,4.391258701855159
Ba1Al1.2Fe10.8O19,5.445903358689844,4.098301863486618
Ba1In1.2Fe10.8O19,5.184390797844621,2.9464814715925316
Ba1Ti0.6Fe10.8Ni0.6O19,5.331449061316527,2.6836696323404055
Ba1Zn0.6Fe10.8Sn0.6O19,0.037357563162288505,4.2222144910345545
Ba1Ti1Mn0.5Fe10Co0.5O19,4.439889652832928,4.782763813356675
BaFe10Co2O19,4.986776211505866,4.074187983786673
Ba1Mg0.5Ti0.5Fe11O19,5.271843928960674,4.441460453505102
Ba1Sm0.4Zr0.4Fe11.2O19,0.38021124171160603,3.2968203711898036
Ba1Fe11.2Cu0.8O19,5.041396633271932,4.610828655853521
Ba1Al0.4Fe11.3Co0.3O19,0.01870049866624337,2.6098029435900907
Ba1Mn0.7Al0.7Fe11.3Sn0.7O19,5.117337595095921,4.235815056201193
Ba1Al0.6Fe11.4O19,4.508286445938612,4.162891200427905
Ba1Fe11.4Cu0.6O19,5.301032167130962,4.824547092999964
Ba1Ti0.3Fe11.4Ni0.3O19,5.4119406790771185,4.126824711634983
Ba1Fe11.5Co0.5O19,5.225311866804371,4.611754432130304
Ba1Cr0.5Fe11.5O19,5.614898270144676,4.549673555149714
Ba1Sc0.5Fe11.5O19,5.768638841101297,4.385087621826318
Ba1Sm0.2Zr0.2Fe11.6O19,-0.07188200730612537,4.767549812314652
Ba1Fe11.6Cu0.4O19,5.278755886707245,5.023785806551742
Ba1Fe11.8Cu0.2O19,5.322221362797957,5.016298505224896
Ba1Al0.1Fe11.9O19,5.627018486978667,4.4529778625054055
Ba1In0.1Fe11.9O19,5.509685960404089,5.16732587110128
Ba1Nb0.1Fe11.9O19,4.589960765564777,5.498110714053634
Ba1Al0.4Fe11Co0.6O19,0.019946681678842306,1.7693075744628781
BaFe11CoO19,5.1105930769100905,4.277996617842787
Ba1Ti0.5Fe11Co0.5O19,0.17782497186468177,4.168596531054997
Ba1Ti0.5Fe11Ni0.5O19,0.1367205671564068,4.238548271319552
Ba1Ti0.5Zn0.5Fe11O19,0.14457420760961637,4.866899245269778
BaFe12O19,4.369234416606825,4.292510059773149
BaFe14CoO23,4.77815848856469,2.6223250906612616
BaFe14CuO23,5.518515255919778,4.298064833378083
BaFe2(PO4)2,1.3031960574204888,2.0653536716667653
Ba(FeO2)2,3.8488662114947796,1.9576197424724404
Ba1Mg1.5Ti1.5Fe9O19,4.724284063758994,3.464938193951341
Ba1Ti1.2Fe9.6Ni1.2O19,4.908276802513427,4.433165812094341
MBa,5.445182754077309,5.0022858371676415
MBa,5.533388679139715,5.0022858371676415
MBa,5.495606771516432,5.0022858371676415
MBa,5.450792730308719,5.0022858371676415
BaMg2Fe16O27,5.342424654883547,4.6079923107825245
BaMnPb,0.17026171539495738,0.9806248601225573
BaMnSn,0.22271647114758325,0.7349902082921009
BaMo(PO4)2,-0.8450980400142568,1.2683410267589719
BaFe16Ni2O27,5.250422442158681,2.932087258156524
Ba1Gd0.2Fe15.8Ni2O27,5.127108039356311,3.7066790417990996
BaFe2O9,5.5051513354880415,1.6926075062784736
Ba1Sc0.5Fe11.22Cu0.56O19,4.247924190766308,4.398695220866818
Ba1Sc0.5Fe11.5O19,4.279361758656554,4.385087621826318
Ba1Sr1Pr0.5Al1.2Fe10.3O19,0.013385017749685424,0.9753436540137723
Ba1Sr1Pr0.5Al0.6Fe10.9O19,0.013258665283516512,1.4274751822621954
Ba1Sr1Pr0.5Fe11.5O19,0.013300786856887702,2.334268659005421
Ba1Sr1Pr0.5Al1.8Fe9.7O19,0.013595523537289522,0.8940556235964233
BaYbO3,-6.865653043314484e-05,0.20411733581618136
BaZn2Fe16O27,3.8743585858284253,4.453750769239836
BaFe12O19,3.540454613671412,4.292510059773149
MnRe(BiO3)2,0.9030899869919435,1.3360348845949834
ReNi(BiO3)2,0.8129133566428556,2.2241134301223915
O2,4.1761202110560856,3.3266032839403126
Bi,-2.603144372620182,4.006973677799838
Cr0.1Fe0.9Bi1O3,0.08990511143939793,3.2188601187772172
FeBiO3,0.018534070428183197,2.339060510879386
GYBiI,4.102124855734526,2.8666900450339736
C2OF,5.477122702365523,3.916820738497151
Mn0.5Bi0.5C1,6.431363925008766,2.3408538203949125
CoC20,4.278776457955645,1.943450350740909
FeC60,2.6910814921229687,2.9361124003047805
C,2.8136476953468965,3.472436144794425
C,2.8974071396615804,3.472436144794425
C,2.9040660519145027,3.472436144794425
C,3.069520100835226,3.472436144794425
C2O10F,5.1074847097043925,3.2063720942619964
C2O5F,5.0047124926402295,3.304214073741954
CF,5.414975018330998,2.97736027973757
CF3,5.65321347887312,3.4153745309754777
CF5,5.698970872924114,2.945838543695419
Ag35COF,5.963788299404518,2.976436794825084
CO80F,5.281035641034874,3.544541827466668
CF,5.523747767092498,2.97736027973757
GHC,-0.10720996964786839,1.9739702091894231
MC2,3.5853967650654868,3.743856206426175
M(CF)2,3.6112130043078525,1.9835362713503242
MC2F5,3.4423993309047947,2.6403988090245134
CN,5.770852747733863,0.7281450244793493
PrCN,5.217486576293699,2.8692859874649512
PrYCN,5.684846258946134,3.4879441443084813
PrDyYCN,5.856729494408167,3.1869194300896466
Z4BHCSF,5.457883409952547,4.852546518374844
Z6BHCSF,5.3962010912467795,5.144727807694233
Z8BHCSF,5.334455761768878,4.9990529978716545
Z11BHCSF,5.220110704263994,4.688547300801188
NdFeBHCS,6.646403824257931,3.192006067451399
MHC2,3.251759854528801,2.4952120947001757
MHC3,3.2111739567284943,3.1879547677373328
MHC4,3.1716387085308186,3.726976038613702
ZC,5.152291402784132,3.183850513282427
Z2C,5.311755979560255,3.2860260501468996
Z3C,5.367357784946834,3.8939190908296384
Ca0.1Zn0.5Fe2Ni0.4O4,2.725339815909737,2.4226272233373196
Ca0.2Zn0.4Fe2Ni0.4O4,2.9727580839035395,2.3051923989803496
Ca0.3Zn0.3Fe2Ni0.4O4,2.9673139182870836,2.538596980861481
Ca0.4Zn0.2Fe2Ni0.4O4,3.059298292408071,2.622995304828639
Ca0.5Cr0.1Fe1.9Co0.5O4,3.6411944061971653,3.2947120156221454
Ca0.5Cr0.2Fe1.8Co0.5O4,3.434225484048452,3.261230978799097
Ca0.5Cr0.3Fe1.7Co0.5O4,3.476938812721761,3.324100919348001
Ca0.5Cr0.4Fe1.6Co0.5O4,3.7014453637379283,3.209943310649521
Ca0.5Cr0.5Fe1.5Co0.5O4,3.621488902816257,3.0517755195112333
Ca0.5Fe2Co0.5O4,3.449206783793187,2.6880672485811816
Ca0.5Dy0.2Fe11.8Cu0.5O19,4.088907546477502,3.9269825227519872
Ca0.5Dy0.15Fe11.85Cu0.5O19,4.088413833780396,4.025431090858888
Ca0.5Dy0.1Fe11.9Cu0.5O19,4.0450874901748595,4.048948743224927
Ca0.5Dy0.05Fe11.95Cu0.5O19,3.976200006865463,3.916908067986925
Ca0.5Fe12Cu0.5O19,3.906419323665565,3.622585051109606
Ca0.5Zn0.1Fe2Ni0.4O4,2.8112397727532894,2.73343204142538
Ca0.6Fe2Ni0.4O4,2.499549625905149,2.506750643740736
Ca0.8Dy0.2Fe11.8Cu0.2O19,4.120413389215863,4.150482052865327
Ca0.85Dy0.15Fe11.85Cu0.15O19,4.12100081771452,4.243144313482916
Ca0.9Dy0.1Fe11.9Cu0.1O19,4.060023735495741,4.25732659662957
Ca0.95Dy0.05Fe11.95Cu0.05O19,4.002929213023114,4.36165372376652
Ca2FeOsO6,6.469822163196606,2.0027954784253716
Ca3.5La0.5Ir1O6,1.1760912590556813,1.259652429676361
Na0.5Ca3.5Ir1O6,1.1553360374650619,1.2942977353303715
Ca3Fe0.2Co1.8O6,0.7041505168397991,2.6495395075766783
Ca3Ru2O7,5.1795546634736915,0.7385350812247968
Ca4IrO6,0.8388490907372553,1.1054028313228927
CaCo5,0.5440680443502757,3.6191805666159573
Ca1Al0.6Fe11.4O19,4.903772161868414,4.528053661901417
CaFe12O19,3.974672165753681,4.658125711413796
Ca(FeO2)2,5.662758775798987,0.7779142505349785
CaMnO3,0.5436807291831306,1.0117966377464611
CaMnPb,0.36921585741014284,1.0077682445598095
CaNi3(P2O7)2,-0.09691001300805642,1.2048303600499617
CaYbO3,-0.0009375931122402421,0.3450988026930414
Ce0.03Dy0.03Cd0.4Fe1.94Co0.6O4,3.280294233370918,3.378945027912062
Ce0.05Dy0.05Cd0.4Fe1.9Co0.6O4,3.406716961912415,3.307685786417086
Ce0.07Dy0.07Cd0.4Fe1.86Co0.6O4,3.4145682128656842,3.346286446049354
Ce0.09Dy0.09Cd0.4Fe1.82Co0.6O4,3.163169875850368,3.282566044864136
Ce0.11Dy0.11Cd0.4Fe1.78Co0.6O4,3.2450947791742135,3.2348354985411047
Sm0.1Cd0.4Fe1.9Co0.6O4,3.0099874830381284,3.6860413856902468
Cd0.4Fe2Co0.6O4,2.612772522545115,3.666597468864504
Sm0.1Zn0.2Cd0.4Fe1.9Co0.4O4,3.21098291273895,3.0184138185668727
Sm0.1Zn0.4Cd0.4Fe1.9Co0.2O4,2.998965900290365,2.761453503721636
Sm0.1Zn0.6Cd0.4Fe1.9O4,2.667804234406657,2.681285562813289
Cd2Os2O7,-0.7993405494535817,1.7669921958737258
Cr1.5Cd1In0.5Se4,0.005395031886706144,0.28229089125726187
Cr1.7Cd1In0.3Se4,0.004965887106823521,0.4778128665078859
Cr2CdS4,3.6021685513789974,1.819508100170462
Cr2CdSe4,2.603144372620182,-0.5054012563741658
Ce1Fe1.66667Co1.66667Cu1.66667,7.000000043429446,2.248243020302117
La0.03Ce0.15Y2.67Fe5Bi0.15O12,2.9609461957338317,2.820347256402459
La0.05Ce0.15Y2.65Fe5Bi0.15O12,2.9628426812012423,2.8269318111089246
La0.07Ce0.15Y2.63Fe5Bi0.15O12,3.031408464251624,2.7582688821552392
La0.1Ce0.15Y2.6Fe5Bi0.15O12,2.9111576087399764,2.882772884690964
La0.2Ce0.15Y2.5Fe5Bi0.15O12,2.8512583487190755,2.843054209918847
Ce0.15Y2.7Fe5Bi0.15O12,2.8195439355418688,2.8502810588394287
Ce0.9Gd0.1O2,1.7348071077595095,1.033304464863304
Ce13Fe79B8,6.082919708840843,4.699102681396054
Ce17Ga2(Fe38B3)2,6.257678814810821,3.9382716729502505
Ce2Co17,0.05307844348341968,3.0266183281983965
Ce2Fe14B,5.119341683664253,5.514290414964245
Ce2Fe14Si3,-5.954242991988481,3.2693693283462664
Ce3Fe5O12,2.169056932744852,2.5315607306600145
CeCl,2.298918543005098,1.0927321040836164
Ce1Co4.5Cu0.5,0.6117233080073418,6.091318796126231
Ce1Co4.75Cu0.25,0.5954962218255742,6.000029625731701
CeCo5,6.875061321297627,2.198273903630433
CeTiFe10Co,6.235528699404267,5.781273422394913
CeCuBi2,4.544855264718993,2.2532747356818845
Ce(Fe5W)2,6.387390004328235,4.066429923542103
CeAlFe11,6.301030212811168,3.877507211315871
CeFe11Si,6.477121399484465,5.855638309543931
CeTiFe11,6.954242557694265,5.877099363910903
CeFe11W,6.167317630186499,4.965309047157353
CeFe12,6.245512914572308,4.550543889189826
CeFe12N,5.834118232629109,4.892924086984955
CeI2,2.3710678622717363,0.994209692141501
CeTiFe10Ni,6.1038040629199815,5.985540001172206
CeTiFe11N,6.50515011403691,4.711873904958871
CeTiGe,4.983630796908823,2.372256849961238
CeZrFe11N,6.534026233042807,4.9221807880276796
CrO2,4.477135730961123,1.4547628406593667
Co,6.2617387850615485,1.3544134648774255
CoO2,5.579784739495522,2.2858116201879204
Co(Te2Mo)2,-0.09342168516223508,2.151079652952448
CoAg,4.724284063758994,3.0060077026778105
CoHAuSO,5.643453663517979,4.05935079580438
Co2O,3.8129801660394804,3.5412706018088214
CrCoPt,5.60206107706281,4.38201656552598
ErCoB,4.064027225102344,3.7698793902202095
GCoHF5,-0.33243845991560533,0.43258034328675427
CoIr,1.2253092817258628,2.6229283759625557
CoNiB,5.65321347887312,3.67290469747278
CoPt,6.079181607959542,4.669091269365601
CoPt,6.255272746377951,4.669091269365601
CoSiB,2.0043213737826426,3.3983806393700013
CoSiO2,4.46241297331255,2.445970030188533
MSrCo,5.11415802445581,4.97331973389572
Ti2O3,2.427972713608209,1.3142831370951944
Mg(FeO2)2,-3.5911759503117913,2.9129336423597203
Mn0.5Fe2Ni0.5O4,0.05690485133647256,2.307688262154076
Zn0.5Fe2Ni0.5O4,0.7118072290411911,2.8184049023902613
Co0.18Ni0.82,5.150882259609975,-1.2322249296945995
Mn0.5Fe2Co0.1Ni0.4O4,0.2528530309798932,2.177804609644234
Zn0.5Fe2Co0.1Ni0.4O4,0.6201360549737576,2.2842660804284414
Zn0.9Fe2Co0.1O4,5.748188802531368,3.256789396261807
Ce0.09Fe1.91Co0.25Cu0.75O4,4.044276673865517,4.089479914007441
Fe2Co0.25Cu0.75O4,0.004880007240634396,3.493103103320013
Mg0.75Fe2Co0.25O4,1.7355190588151712,3.609965333867919
Co0.25Pd0.75,4.397957380103888,2.0299110463336283
Mn0.5Fe2Co0.2Ni0.3O4,0.45331834004703764,2.1266800150961203
Zn0.5Fe2Co0.2Ni0.3O4,0.5965970956264602,2.71951478588549
Zn0.3Fe2Co0.2Ni0.5O4,2.7331169814420644,2.8845752096076853
Eu0.02Zn0.3Fe1.98Co0.2Ni0.5O4,2.794975744051132,3.152517626429542
Eu0.04Zn0.3Fe1.96Co0.2Ni0.5O4,2.7810369386211318,3.171593280412845
Eu0.08Zn0.3Fe1.92Co0.2Ni0.5O4,2.835563751669097,2.9790832662690097
Zn0.1Fe2Co0.2Si1Ni0.7O6,0.0008677215312269132,0.9042010375707299
Eu0.06Zn0.3Fe1.94Co0.2Ni0.5O4,2.903524064471262,3.0099077351516756
Eu0.1Zn0.3Fe1.9Co0.2Ni0.5O4,2.762903528499057,3.0804727287966593
Zn0.3Fe2Co0.2Ni0.5O4,2.6245914591268478,2.8845752096076853
Zn0.8Fe2Co0.2O4,5.8633234550439965,3.383045075512476
Mn0.5Fe2Co0.3Ni0.2O4,0.7824726241662863,2.0475809364429223
Zn0.5Fe2Co0.3Ni0.2O4,0.4517864355242902,2.7374863036913837
Zn0.7Fe2Co0.3O4,5.875061842450624,3.2209900186759937
Mg0.6Fe2Co0.4O4,5.17172937818535,2.557833818395844
Mn0.5Fe2Co0.4Ni0.1O4,0.6910814921229685,2.2913701741632373
Zn0.5Fe2Co0.4Ni0.1O4,0.34044411484011833,2.969131113390209
Zn0.1Fe2Co0.4Si1Ni0.5O6,0.0015173768235043782,0.5440628626743662
Zn0.6Fe2Co0.4O4,5.908485555044346,3.5364362881963767
Fe2Co0.5Cu0.5O4,0.0008677215312269132,3.796196713855383
Cr0.15Co0.55C0.3,5.65321347887312,3.7621739307402224
Co0.57Ni0.43,5.52682500187203,2.0067994690021065
Zn0.4Fe2Co0.5Cu0.1O4,3.1464381352857744,3.1188071708693874
Y0.06Zn0.25Fe1.94Co0.5Cu0.25O4,3.2203696324513946,3.277160518019504
Y0.1Zn0.25Fe1.9Co0.5Cu0.25O4,3.1007150865730817,3.4021762398372357
Zn0.3Fe2Co0.5Cu0.2O4,3.2555137128195333,3.0897647233502603
Zn0.2Fe2Co0.5Cu0.3O4,3.1142772965615864,3.20306065165766
Zn0.1Fe2Co0.5Cu0.4O4,2.954724790979063,3.1108817008281306
Ce0.06Fe1.94Co0.5Cu0.5O4,4.188032548194372,3.7944886499478736
Fe2Co0.5Cu0.5O4,2.9036325160842376,3.796196713855383
Fe2.5Co0.5O4,3.7947215130304763,3.3420962944399513
La0.04Fe2.46Co0.5O4,3.7010522240403576,3.554724135170863
La0.08Fe2.42Co0.5O4,3.683259628309695,3.5343243099816446
La0.12Fe2.38Co0.5O4,3.671404281293384,3.768333315335373
La0.03Mg0.5Fe1.97Co0.5O4,3.677610328525825,3.284253477186358
La0.15Mg0.5Fe1.85Co0.5O4,3.5795595343051057,3.285592070947012
Mn0.5Fe2Co0.5O4,0.3483048630481608,3.4590807596587534
Fe2Co0.5Cu0.4Ni0.1O4,4.075583455193813,3.052723083280857
Fe2Co0.5Cu0.3Ni0.2O4,4.359854446750358,3.4957771096099832
Fe2Co0.5Cu0.2Ni0.3O4,4.45638121798532,3.6000085768621526
Fe2Co0.5Cu0.1Ni0.4O4,4.463907912938484,3.6544122414649047
Fe2Co0.5Ni0.5O4,4.5575192320570945,3.6666977396753073
Sr0.5Fe2Co0.5O4,0.986646352813481,2.9150452519822325
Ce0.1Mn0.25Zn0.25Fe1.9Co0.5O4,3.309941513065556,3.350427766672794
Zn0.45Fe2Co0.5Cu0.05O4,3.9965379391712266,3.3118598766968215
Zn0.46Fe2Co0.5Cu0.04O4,3.9239637909766287,3.3013330994614076
Zn0.47Fe2Co0.5Cu0.03O4,3.7195798577137236,3.2014474554949985
Zn0.48Fe2Co0.5Cu0.02O4,3.574563675815279,3.1369506990815506
Zn0.49Fe2Co0.5Cu0.01O4,3.118595365223762,3.286933341637632
Zn0.5Cd0.2Fe1.8Co0.5O4,4.559806115509824,2.9724331525288594
Zn0.5Cd0.4Fe1.6Co0.5O4,4.584153624950439,3.5686956101484792
Zn0.5Cd0.6Fe1.4Co0.5O4,4.552602519541115,3.8623040607577046
Zn0.5Cd0.8Fe1.2Co0.5O4,4.5400665657146835,3.9392146030590887
Zn0.5Cd1Fe1Co0.5O4,4.558035012007334,3.554986021314
Dy0.05Zn0.5Fe1.95Co0.5O4,4.370346519511228,3.2214641948748284
Zn0.5Fe2Co0.5O4,5.968483415536998,3.1017438200302667
Zn0.5Fe0.5O2,0.17868923977558981,2.3059368639301083
Mn0.4Zn0.4Fe2Co0.6O4,5.2552749178437255,2.984855613720101
Mn0.4Fe2Co0.6O4,5.260073774211937,3.0761848789858837
Zn0.1Fe2Co0.6Si1Ni0.3O6,0.0024252646779013543,1.1032895888571108
Zn0.4Fe2Co0.6O4,2.100370545117563,3.56952440629838
Mn0.3Zn0.3Fe2Co0.7O4,5.2855595592324205,3.4118220041997906
Co0.7C0.3,4.792398694191473,4.692281883338142
Ce0.03Fe1.97Co0.75Cu0.25O4,4.404269793722927,3.9780433851331782
Fe2Co0.75Cu0.25O4,0.0017769670774395734,3.842408360242361
Co0.75Ni0.25Pt3,5.808886541729602,2.8895021027109236
Co0.78Ni0.22,5.675366758050683,3.8149587508452765
Mn0.3Cr0.2Fe1.8Co0.7O4,3.167007013561766,3.0145344263564056
Mn0.3Cr0.4Fe1.6Co0.7O4,2.6691279632315923,2.868419282360089
Mn0.3Cr0.6Fe1.4Co0.7O4,2.2745690792263287,2.3337768691985783
Mn0.3Cr0.8Fe1.2Co0.7O4,2.175028253935604,2.5610722892537185
Mn0.3Cr1Fe1Co0.7O4,1.2745667713295235,2.8184847209819823
Mn0.3Fe2Co0.7O4,3.2214567522781827,4.173374083114931
Fe2Co0.7Ni0.3O4,3.4274861090957853,3.7405192744915903
Zn0.3Fe2Co0.7O4,2.49811749111387,3.3447142796794194
Mn0.2Zn0.2Fe2Co0.8O4,5.318065422911983,3.9386602989350226
Co0.8Ni0.2,5.687975510894118,4.728014749596961
Zn0.15Fe2Co0.85O4,2.6078623183483565,3.7075574492407535
Y0.02Zn0.15Fe1.98Co0.85O4,3.30121344633136,3.361399499051401
Y0.04Zn0.15Fe1.96Co0.85O4,3.3274024638399005,3.3757049498906024
Y0.06Zn0.15Fe1.94Co0.85O4,3.2615131406635083,3.2845810460024274
Y0.08Zn0.15Fe1.92Co0.85O4,3.117610973351814,3.4081406607636033
Sr0.01Zn0.1Fe2Co0.89O4,0.6761446803562062,2.620454429963182
Al0.2Fe2Co0.8O4,3.8727381870915933,3.8426341308039813
Nd0.04Al0.2Fe1.96Co0.8O4,3.9191914650638235,4.082440927276528
Nd0.08Al0.2Fe1.92Co0.8O4,3.856548188706461,4.08123212100049
Nd0.12Al0.2Fe1.88Co0.8O4,3.772962112126734,4.257765473754972
Gd0.2Fe2Co0.8O4,4.869237588535673,3.4243252885233604
Mn0.2Fe2Co0.8O4,5.463894481404243,4.014135421415078
Zn0.1Fe2Co0.8Si1Ni0.1O6,0.003891166236910477,1.351534217278992
Mn0.1Zn0.1Fe2Co0.9O4,5.365489856845839,3.848506553177528
Ce0.075Fe2Co0.925O4,4.9095613776624525,4.119736976660603
Fe2Co0.98Ag0.02O4,3.9836713828601966,3.896121890033978
Ti0.02Fe2Co0.98O4,4.301268791966063,4.112054813247676
Fe0.1Co0.9,4.278776457955645,1.8140716540593977
Fe2Co0.9Ni0.1O4,3.597366050266028,3.7706052761602042
Sr0.05Zn0.05Fe2Co0.9O4,0.8738435332234359,2.785166523389746
Fe2CoO4,5.579784739495522,3.224791847445555
Ti0.1Fe1.8Co1.1O4,4.030907221472217,4.0760355750320745
Ti0.2Fe1.6Co1.2O4,3.9182925127553556,3.7784495147128725
Ti0.3Fe1.4Co1.3O4,2.628491104967123,3.731786887361139
Ti0.4Fe1.2Co1.4O4,3.9674730914041403,3.045132857207732
Fe1.5Co1.5Ge1,3.699056854547668,4.494148621240326
Ti0.5Fe1Co1.5O4,3.7439172145663298,2.6604593602910653
Mn0.2Co1.8B1,1.9084850188786497,3.6208242248572726
Mn0.1Co1.9B1,1.9084850188786497,2.033682791574102
CoCu9,1.0413926851582251,3.6048472563946037
Co12Os,1.2278867046136734,2.374807687631444
Co12Pt,0.8836614351536176,2.094994008963031
Co19Os3,0.9552065375419417,1.1988472815438946
Co19Pt3,0.8350561017201162,3.964408903334312
Co19Pt6,0.7307822756663892,5.7083014028525465
Fe2CoO4,6.184691714670109,3.315824323113542
Mn0.6Fe0.4Co2Si1,3.909609510490169,3.238559876459063
Co,5.617394593818732,1.3544134648774255
Fe3CoB,5.004325673706721,3.7594527689094495
CoNi4,-3.1646502159342966,2.7997341969130796
Co2B,5.000004342923105,1.2223257962736267
Co(HC)3,1.7160033436347992,3.1279610139177993
Co2CF2,0.037426497940623665,1.2042879726314653
CrCo2Si,0.037426497940623665,0.9260020762198202
Ti0.5Al0.5Fe1Co2,4.169533368288217,4.307018140091776
Ti0.5Fe0.5Co2Si1,3.6961050893544254,3.0706131890125796
MnCo2Si,-3.863382348440788,2.598625165072752
Al0.5Fe1Co2Si0.5,0.3010299956639812,4.3214041189764325
FeCo2Si,-0.367355921026019,2.6923176709548784
Mn0.6Fe0.4Co2Si1,2.8001693889356205,3.238559876459063
Mn2Co2C,-6.255272746377951,3.692130947955621
MnGaCo2,5.041396633271932,3.6578254540275776
MnCo2Sb,-4.1761202110560856,0.5405318624631534
MnCo2Si,-0.037426497940623665,2.598625165072752
Co2NF2,-0.07554696139253074,1.5618096764130651
Co2Ni3,5.54406928518988,2.831116725747775
AlCo2Ni,-6.324282661124412,3.6717169660578604
GaCo2Ni,-6.376577139533147,4.2290262056249865
Co2Si,-0.14270224573761559,3.482343906196439
SrFe6CoO11,3.3694014136966244,3.836948739550369
V2Co2O7,3.5391231657308757,1.7212475439184889
VCo2Si,0.021189299069938092,2.0912991893271107
Co,4.495558212547868,1.3544134648774255
Co33Ni67,5.176094154342576,0.9412218992515221
Ti4CrFe2Co7Ni6,0.33243845991560533,1.407995217767023
Ti4CrFe3Co7Ni5,0.2966651902615311,1.1592145893898893
Ti4CrFe(CoNi)7,0.292256071356476,1.337349004056231
Er13Co7,6.662757926093407,3.3930592463687024
Fe7Co7Ni6,5.531480194377088,3.3756981089818945
Fe2Co3,0.17609125905568124,2.2865445322328974
FeCo3N,4.527642787756754,4.761362983676051
Co3Ge,5.54406928518988,3.62730974493108
Mn2AlCo3,6.139879401107269,4.128553816130036
Mn2GaCo3,5.826075450901062,4.42396084786305
Mn2Co3Ge,6.071882375352141,3.244272581400556
Co3Ni2,5.949390494615967,3.615122085880063
Co3Pb,6.840733297280559,2.5644327772206816
Co3Pb3S2,0.15228834438305647,3.1570762920326
Co3Pb3Se2,0.23804610312879543,2.902245163549558
Co3Si,4.363630780112138,1.1363734333976867
Co3Sn2S1.54,5.556303707139173,2.7061921732639465
Co3Sn3Se2,0.21748394421390627,2.030201048639415
Co111Cl,1.3802112417116061,2.788418816713323
Co2Ni3,-4.2504444001899655,2.831116725747775
Al27Co41Ni32,5.301032167130962,2.275364056332102
Er11Co9,6.6020600999015695,3.7014955895471595
Co49Pt51,6.079181607959542,5.399358193702833
Co4B6O13,-1.307496037913213,2.103563996038697
FeCo,4.810459840490436,3.3569446962518885
CoPt,6.690196168660032,4.671493179243999
Co,2.5575072019056577,1.3544134648774255
Fe26Co59Ni15,3.2020929212219906,3.9943562431526725
Co59Pt41,6.690196168660032,3.025687001179512
Co5Cu7,4.477135730961123,3.8752990334610113
FeCo3B,3.425044874551389,3.440663920676381
Fe2Co3,3.9031442704095385,2.2865445322328974
Co3Ni2,-4.572883214197163,3.615122085880063
Co,3.104145550554008,1.3544134648774255
Fe2Co33Si8B6Mo,1.2787536009528289,3.0257809006377716
Gl15Fe68.15Si4.35B12.5,4.748195782195563,5.876596590688523
Ho11.5Co68.5B20,6.181843873664732,5.315436201581844
Zr2Fe6Co17,3.5441921107650325,2.7331173567207703
Mn7Co68(Si2B3)5,3.385784958843336,2.2799268536011357
Co17Pt8,-4.63347855533382,4.5311535887172205
CoCu,4.77815848856469,4.052241942996357
Co7Ni3,5.632024211772009,1.4410690459050577
YCo14B5,0.2787536009528289,1.321358777259924
La3.5Co71.5B25,0.3222192947339193,2.1407557676020565
Y3.5Co71.5B25,0.25527250510330607,1.5998375689595639
Ho7.6Co72.4B20,6.143015112696056,5.620372630434522
Mn4Fe1.5Co72.5Si5B17,1.3424226808222062,2.941322045342724
Co73Pt27,6.690196168660032,0.8462138916324374
Co73Si27,3.0557604646877348,3.1622899403971183
Ho5.5Co74.5B20,6.0899054645241995,5.19932879591234
Co3B,0.36921585741014284,3.747307726929189
Co3Pt,6.176091548585239,2.41104294494206
Co15Si2B3,3.619458568994317,2.9947195495988175
TbCo3,4.755882474807094,4.589514816156868
Ho3.6Co76.4B20,6.045323370042771,4.106652089329216
Ta5Cr17Co78,5.176094154342576,3.640726241435946
Co39Ir11,-5.778151974207177,3.2263364086232214
Co79Pt21,5.845098660434502,4.311391764114675
Co7Cu5,4.77815848856469,3.6334581148974996
CrCo4,5.056908660920483,3.800025232513442
Co4Ni,-4.7604300231925185,4.088445765790806
Co4Pt,5.469823488160352,4.298186792302849
Co8SiB,0.6989700043360189,3.0696105688129833
Nb7(Co27B4)3,2.9633155113861114,3.1655581911088264
Co81Pt19,6.0000004342942646,4.4376946384834675
Cr9Co41,6.068186232937868,3.6162049928895907
Co41Pt9,6.414973515007125,4.362524178472659
Zr12V3Co82B3,6.139879401107269,3.8836910871203623
Cr3Co17,5.056908660920483,3.3410252417980937
Tb3Co22,5.707571027654909,2.95346465324777
Co2Cu,4.77815848856469,2.8977068441702167
Mn(ZnCo)2,4.602070848554296,3.4901224343429433
Co9Ni,5.631432632463987,1.364686029535692
Zr3Nb6Co91,4.755882474807094,2.93728077202192
Co97W3,5.707571027654909,2.6449454286532323
Co,5.278755886707245,1.3544134648774255
Co,5.060701616810948,1.3544134648774255
Co,5.1903345000611365,1.3544134648774255
Co,5.240551744220726,1.3544134648774255
Co,5.250422442158681,1.3544134648774255
Co,5.0086044295300844,1.3544134648774255
Co,5.021193435188165,1.3544134648774255
FeCoPt,6.819544001344058,4.744932868789573
GranularCoAg,5.778151974207177,2.96752400511977
Fe2CoO4,5.591065720600667,3.1854367119418416
AlFeCoO4,4.954247334906761,3.232724474379443
Al2CoO4,5.000004342923105,1.8035983933762636
AlCoO,3.5655502232941787,2.8340523750972677
CoB,5.903090529859707,2.9438599072443505
Mn0.1Cd0.4Fe1.5Co1O4,4.293892667053009,3.297553898366452
Mn0.2Cd0.4Fe1.4Co1O4,4.11968469182405,3.2052052277322343
Mn0.3Cd0.4Fe1.3Co1O4,3.668292710448221,3.435843292471141
Mn0.4Cd0.4Fe1.2Co1O4,3.6163704722912695,3.257808790397021
Mn0.5Cd0.4Fe1.1Co1O4,3.4774106879072515,3.3591732597461066
Mn0.6Cd0.4Fe1Co1O4,3.449169732165201,3.1427516978592225
CoCl2,4.748195782195563,0.8001177207393154
CoH4CS(NCl)2,5.720160130632753,2.2924692382042506
Cr0.4Fe1.6Co1O4,5.761683573016606,3.7382513803576503
Cr16CoPt12,5.65321347887312,3.64610476935768
Cr2CoS4,4.54778700817339,1.267648487527337
CrCoPt,5.342424654883547,4.38201656552598
CrCoSiPtO2,5.79239238997266,3.4948285021579024
CrCoPt,5.681242142154815,4.38201656552598
CrCoPt,0.3010299956639812,4.38201656552598
TaCrCoPt,5.167320289122358,4.39592546668755
XCrCoPt,5.301032167130962,5.723822717561562
TaCrCo,5.086363390450995,3.758719301540486
CoCu2O3,-1.0644579892269186,2.881388056932084
FeCoSiO2,3.036828433377113,3.445868174288429
Al0.75Fe1.25Co1O4,4.570554614307831,3.3284545037055744
Al0.5Fe1.5Co1O4,4.642474412942248,3.3878744476674454
Cr0.4Fe1.6Co1O4,4.9590461647617055,3.7382513803576503
Al0.25Fe1.75Co1O4,4.6857506930353505,3.666349794748596
Al0.3Fe1.7Co1O4,4.201424437579912,3.930077897127463
Cr0.3Fe1.7Co1O4,5.071885687752242,4.234268659139053
Fe1.7Co1Mo0.3O4,4.322239974931152,4.0260215642686745
Fe1.7Co1Ni0.3O4,3.330578124738082,3.7581764829798465
Fe1.84Co1Mo0.16O4,4.662767272763343,4.2631960963135835
Gd0.15Fe1.85Co1O4,3.0577041315340296,3.7841476210631892
Sm0.15Fe1.85Co1O4,6.0301951904820115,5.027215114554453
Dy0.12Fe1.88Co1O4,2.8457180179666586,4.744495234516709
Gd0.12Fe1.88Co1O4,3.4177041404599278,3.406569237250067
Fe1.88Co1Mo0.12O4,4.755882474807094,4.264777582418939
Cr0.2Fe1.8Co1O4,5.406541883546231,4.2565786070871265
Sm0.2Fe1.8Co1O4,5.9289082017801435,4.776661079345297
Gd0.09Fe1.91Co1O4,3.168409083519626,3.617792400270305
Gd0.075Fe1.925Co1O4,3.1093942616669765,3.547043191249166
La0.075Fe1.925Co1O4,4.755882474807094,4.562242029329527
Yb0.075Fe1.925Co1O4,4.978641510277342,4.193572568359964
Fe1.92Co1Mo0.08O4,4.799347442962076,4.213331605249419
La0.05Fe1.95Co1O4,4.939524244480526,4.424434474802766
Sm0.05Fe1.95Co1O4,5.924279803078814,4.546357918376306
Yb0.05Fe1.95Co1O4,4.729982373044774,4.132369938197385
Fe1.96Co1Mo0.04O4,4.954247334906761,4.228298909779435
Gd0.025Fe1.975Co1O4,3.4681323457572564,3.9329298242456474
La0.025Fe1.975Co1O4,5.245515135389423,4.282945260036741
Yb0.025Fe1.975Co1O4,4.653222164656599,4.090219783794512
Gd0.03Fe1.97Co1O4,3.6139263478556867,3.7984654670189184
Cr0.1Fe1.9Co1O4,5.305353519413985,4.157491680037404
Gd0.1Fe1.9Co1O4,3.162373203181907,3.6232072763583183
La0.1Fe1.9Co1O4,4.380229336938037,4.3339758290326325
Fe1.9Co1Ni0.1O4,3.636888906983799,3.6307670826293297
Sm0.1Fe1.9Co1O4,5.970812075358347,4.799293607341424
Yb0.1Fe1.9Co1O4,5.089555416594469,4.04111587502818
Fe2CoO4,5.049221900282173,3.224791847445555
Fe2CoO4,3.0776231372775293,3.315824323113542
BaTiFe2CoO7,2.2753113545418118,2.1436366686426966
Fe5CoO8,0.9084850188786497,3.8471143968306505
Fe2CoSiO6,0.12024479554636527,1.420002897976403
O2,5.967080202638831,3.3266032839403126
TaFe6Co,6.0000004342942646,3.0372453902365075
AlFeCoN,2.4799494166994465,3.757341819237266
AlFeCoO,2.546542663478131,3.528730818303222
AlFeCoO4,4.409950021620509,3.232724474379443
MgFe2Co2B2O,4.556314564335347,2.4971714178251467
MnFeCoSi,4.544080452586785,4.0410878912394725
FeCoPt2,6.854791754726583,5.465504311652182
ZrTaFeCo,2.773008567884584,3.0936102206052665
NbAlVFeCoO,2.69757868718365,2.499382165887609
ZrFeCoO,2.453119497764002,3.100435542049614
GdCo,5.477122702365523,3.564773864039983
Gd0.07Fe1.93Co1O4,3.0457140589408676,3.707260835743187
Gd0.1Fe1.9Co1O4,3.2016701796465816,3.6232072763583183
Gd0.15Fe1.85Co1O4,3.2016701796465816,3.7841476210631892
La0.2Fe1.8Co1O4,5.4166421712986255,4.01790514525042
La0.3Fe1.7Co1Si1O6,0.06145247908719321,2.6928644233631904
La0.5Fe1.5Co1O4,4.973132473729186,3.2680986884172705
La0.6Fe1.4Co1Si1O6,0.03261876085071992,2.3516023442421203
La0.9Fe1.1Co1Si1O6,0.017450729510536125,1.475315238678954
La1.2Fe0.8Co1Si1O6,0.010299956639811963,1.3037390932123196
La1.5Fe0.5Co1Si1O6,0.0034605321095064895,1.4117136386260618
MnCoO3,0.38021124171160603,1.9601019845561658
Nb0.04Fe1.96Co1O4,3.95525468282018,4.035839155496828
Nb0.06Fe1.94Co1O4,3.842047288509638,4.009174718345761
Nb0.08Fe1.92Co1O4,3.378579576115775,4.014478122048552
Nb0.1Fe1.9Co1O4,3.738066714777469,3.9293814500055686
CoNi,0.06855689507236315,1.0477467662408009
MultilayerCoNi,0.09691001300805642,2.876364896992127
CoNi,0.02077548819355783,1.0477467662408009
CoNi,0.029383777685209663,1.0477467662408009
CoNiPt2,6.790496347320981,5.035249038583693
CoO,0.48572142648158,3.2071626634369217
CoPS3,-0.05690485133647264,0.960953201411751
CoPb3,-0.4623979978989561,2.0827314235305816
CaCoPdF2,4.973132473729186,1.6066428002191162
CoPd2,0.01157044359727816,3.0781711913854464
CoPt,2.9232440186302764,4.669091269365601
CoPt,5.278755886707245,4.669091269365601
MultilayersCoPt,5.595497324094434,6.088593223300824
CoPt,6.690196168660032,4.669091269365601
CoPt,5.579784739495522,4.671493179243999
CoHPtSO,5.361729724250366,4.837952675280537
CoPt2,0.011993114659256938,3.232644775311109
CrCoPt,5.301032167130962,4.38201656552598
CoPdPt,0.01828430842653084,4.834797115799991
TiCoPtO2,6.698970091194907,4.278543693644372
SmCrCo,5.60206107706281,4.198758423913459
ACoHC,0.4593924877592308,2.5684273838639355
ZrTaCo,2.089463530840192,2.960260914442519
Y0.02Fe1.98Co1O4,4.308585754289083,3.887775175756097
Y0.04Fe1.96Co1O4,4.191478960443599,3.9324362447938457
Y0.06Fe1.94Co1O4,4.089940418498635,4.048549044444347
Fe2CoO4,5.301032167130962,3.315824323113542
Fe2CoO4,5.301032167130962,3.1854367119418416
Fe2CoO4,4.283323847618786,3.224791847445555
MultilayerCoNi,5.589950717762529,2.876364896992127
FeCo2Ru,3.540579716504454,1.5991086421491414
CoNiP,5.707571027654909,2.2688450001612814
CoO,5.307498177289628,3.2071626634369217
CoPt,5.924279803078814,4.669091269365601
Cr1I1.5Br1.5,0.17753649992986215,0.7250565583306741
Cr1I1.5Cl1.5,0.15289959639374748,0.6822614849792871
CrBi2Se3,1.414973347970818,1.299986031970237
SbTe,4.088171539864352,1.903550420201415
Fe2NiO4,3.0584260244570056,2.9618660377562205
Cr0.05Fe2Ni0.95O4,3.281260687055013,3.0694608051457295
Fe2CoO4,4.527977712627404,3.315824323113542
Cr0.1Fe2Ni0.9O4,3.17435059747938,3.2121450111799454
Cr0.1Fe2Co0.9O4,4.403806610547423,4.2325563859784125
Cr0.2Fe2Ni0.8O4,3.159266331093494,3.136041145485278
Cr0.2Fe2Co0.8O4,4.13433651094868,4.2366517383612745
Mn0.19Cr0.81Ge1,1.6334684555795866,2.824009996316775
Cr0.83Te1,5.591065720600667,2.1409632419672784
Cr1.5P1Pt4.5,5.43407125603938,3.038769850478418
Cr2.76Te4,5.217486576293699,2.17467729406834
Cr2BN,2.0170333392987803,2.0855396038995475
Cr2GeTe6C,0.05766610390982921,0.34786711625867983
Cr2HCO2,-0.09516935143175519,2.169932819655825
Cr2SiTe6C,0.04727486738417947,0.6574799834504002
Cr2SnTe6C,0.03622954408629452,0.3419544354006012
Cr2Ge2Te1.5Se1.5,0.06069784035361165,1.0168682455482216
CrGeTe3,4.672107098145544,1.6405089405411821
GeTe,0.12188798510368115,2.1240493812132604
GeTe,0.13033376849500614,2.1240493812132604
Cr2SnGeTe6,-0.07224989761351483,0.5523591279730825
Cr2O3,-1.6532125137753437,2.3664432999543537
Cr2S3,1.4723175463168419,0.8877181826475318
Cr2SeSBr2,2.0253058652647704,0.9355442201410582
CrSiTe3,4.785336954534081,1.539868049749959
Cr2SiGeTe6,0.0433622780211295,0.42928346426832664
Cr2SiSnTe6,0.045322978786657475,0.20727565505332174
Cr2Te3,6.314920266304466,2.4309363305726848
Cr4Ga17Pt,2.359835482339888,3.2735625888348574
MnCr7,-0.012837224705172217,1.3517508434493306
Cr7Ni,-0.2041199826559248,1.020391593980562
ZnCr7,-0.011993114659256938,1.1168279911514225
Cr,-0.01619735351243906,0.9314283782587908
CrAs,0.1903316981702915,2.4223880469473125
CrB3,0.32428245529769273,1.283327738005522
CrBr3,1.5477747053878226,0.5653365860479951
CrCl22,0.01703333929878037,2.8204139956763252
CrCl3,1.2787536009528289,0.936512519749862
Cr1Ge1Te1.5Se1.5,-0.15228834438305647,0.3161985066373915
CrGeSe3,-0.021189299069938092,0.3511819527711658
CrI2,1.0755469613925308,1.1785484346532167
CrI3,0.1643528557844371,0.7688930815439174
CrMoCl6,1.99563519459755,1.4241595578106385
CrN,0.9138138523837167,1.663445245723547
CrHO2,2.220108088040055,1.692587210285987
CrP,0.11394335230683679,2.1266913533420695
CrPS3,0.04921802267018165,0.8256345262033766
CrPS4,1.734399742520567,0.6432684335055487
CrPSe4,2.350790547426457,0.7541824777870887
CrTe4P,3.3912845205997986,0.5725148199293278
CrPt,-0.20682587603184965,2.049497792714084
CrPt3,6.041393079971211,2.7594814591904413
CrS2,1.9590413923210936,1.0342753213219544
CrTeS,0.11058971029924898,0.810323240992469
CrSb,0.787460474518415,0.8823814135316155
CrSeBr,1.7558748556724915,1.5901422902419777
CrSeCl,2.060697840353612,1.2457649235217907
CrTeSe,0.029383777685209663,0.7504636220572245
CrSnTe3,1.845098040014257,0.44891485327288516
CrTeBr,3.1136091510730277,0.9657738557786162
CrTeCl,3.0655797147284485,0.9627814404715377
VCrC,2.413299764081252,2.674367654615149
CrWCl6,3.04688519083771,1.1081259788865476
Cs2Na2IrO4,1.1172712956557642,0.041266453975161196
Cs3Fe2Cl9,4.26425098218697,1.3055969143431927
CsCrCl3,0.13417710757676637,0.9967056235286476
CsFe8,-0.1931245983544616,3.2533660104955207
Cs1Mg0.95Mn0.05Br3,0.009068276192218503,0.48855383223573967
Cs1Mg0.9Mn0.1Br3,0.00889811477093958,0.23623063066101846
Cs1Mg0.86Mn0.14Br3,0.009068276192218503,0.26496498838714416
Cs1Mg0.72Mn0.28Br3,0.9912260756924949,0.06824053005800343
Cs1Mg0.6Mn0.4Br3,0.009068276192218503,0.5452878546931947
CsMnAs,0.1367205671564068,0.458783027155768
CsMnBi,0.36921585741014284,0.5909980711030394
CsMnSb,0.18184358794477257,0.3384138240988319
CsNiCl3,0.020361282647707864,1.3357746147108394
Fe2CoO4,6.028246223519886,3.315824323113542
Fe2Co0.85Cu0.15O4,1.825945143203848,3.899873706798305
Fe2.85Cu0.15O4,0.8129133566428556,3.1276427670953635
Zn0.4Fe2Cu0.1Ni0.5O4,2.9531070352214868,2.510706087946227
Sr0.75Fe2Cu0.25O4,0.0056951811185104,1.642832356287154
Fe2Co0.8Cu0.2O4,5.923917740561245,2.7346700364601526
Mg0.6Zn0.2Fe2Cu0.2O4,2.3971192856836807,2.253533738469681
Mg0.45Zn0.2Fe2Cu0.2Ni0.15O4,2.4114580779442814,2.440055085089412
Mg0.3Zn0.2Fe2Cu0.2Ni0.3O4,2.41965180114722,2.612855273711822
Mg0.15Zn0.2Fe2Cu0.2Ni0.45O4,2.453836431702987,2.354762101003301
Zn0.2Fe2Cu0.2Ni0.6O4,2.5129537459832267,2.1780589824920895
Zn0.3Fe2Cu0.2Ni0.5O4,2.783274539818377,2.4084290629231337
Fe2Co0.69Cu0.31O4,2.105510184769974,3.0657350623575614
Fe2.69Cu0.31O4,0.8061799739838872,2.4491667878573606
Fe2.7Cu0.3O4,2.2068258760318495,2.256194836894772
Zn0.2Fe2Cu0.3Ni0.5O4,3.7392383868080947,2.6037981187709964
Fe2Co0.53Cu0.47O4,2.0236639181977933,3.8503836691101143
Fe2.53Cu0.47O4,0.7323937598229685,2.563283801218117
Fe2Co0.6Cu0.4O4,5.849604272099378,2.886229096980873
Zn0.1Fe2Cu0.4Ni0.5O4,3.102577760525376,3.032022739032867
Cd0.125Fe2Co0.375Cu0.5O4,3.8564872128686307,3.3138802435659223
Fe2.5Cu0.5O4,2.2068258760318495,2.57490280671495
Fe2Cu0.5Ni0.5O4,3.1947473830941244,2.937310465226014
Sr0.5Fe2Cu0.5O4,0.007961033336182909,1.663601925328315
Zn0.5Fe2Cu0.5O4,1.8432327780980096,2.8851010821030525
Fe2Co0.4Cu0.6O4,5.6494331967766875,2.7452695413287307
Mg0.4Fe2Cu0.6O4,1.9573390621200955,2.3883365187983108
Sr0.25Fe2Cu0.75O4,0.010002974127059696,2.4143723815491107
Cd0.3Fe2Cu0.7O4,3.2555137128195333,3.436756926564095
Gd0.08Fe1.92Co0.08Cu0.92O4,6.38916626162755,5.285023648369696
Gd0.06Fe1.94Co0.06Cu0.94O4,6.352182711131089,5.45430297413898
Gd0.04Fe1.96Co0.04Cu0.96O4,6.315970555260964,5.0145791384404586
Gd0.02Fe1.98Co0.02Cu0.98O4,6.309630380315299,4.40278541197169
Gd0.1Fe1.9Co0.1Cu0.9O4,6.378398082661272,4.6994815927160065
Fe2Co0.1Cu0.9O4,5.146131137770602,3.079439268629269
Nd0.05Fe1.95Cu0.9Ni0.1O4,3.1711411510283822,3.6150043207647067
Nd0.04Fe1.96Cu0.9Ni0.1O4,3.2773799746672547,3.434515136289874
Nd0.03Fe1.97Cu0.9Ni0.1O4,3.3197304943302246,3.41967673336975
Nd0.02Fe1.98Cu0.9Ni0.1O4,3.353916230920363,3.467287171493803
Nd0.01Fe1.99Cu0.9Ni0.1O4,3.38147609027503,3.4052292519719334
Fe2Cu0.9Ni0.1O4,3.374198257929083,3.190835546715689
Cu2H3ClO3,0.14612803567823798,1.932109116540804
Cu2SeO4,-2.7788744720027396,1.6004552334395115
Cu3BiSe2BrO8,0.09691001300805642,1.5751759090423056
Cu3TeO6,4.25529663190434,0.5560444912572264
Cu4H6ClO6F,3.1109262422664203,1.2141834020613014
FeCu16Ni3,4.698978690138799,3.0974175259445826
CoCu9,5.5051513354880415,3.6048472563946037
Co3Cu97,5.698970872924114,2.6659980037988857
CoCu,0.7481880270062004,4.052241942996357
Cr2CuSe4,-4.838855384814573,2.280889778984555
CrCuO2,5.550229576418109,1.985190436420642
Fe2CuO4,3.4625477288026643,3.161422795137514
L42Cu,6.47766392839603,6.36765278543043
L52Cu,6.919146161393329,5.674343356205457
MnCuAs,0.07554696139253074,2.946449786571098
MnCu(PS3)2,1.3138672203691535,0.6203567613217444
CuNi,1.0293837776852097,2.0961860767827507
CuPOF,5.156065673017819,1.731391209751766
Cu(SbO3)2,4.698978690138799,1.8180424745205903
Tb0.025Fe1.975Cu1O4,4.076607679229613,4.02662324185779
Tb0.05Fe1.95Cu1O4,4.081084346807251,4.085468334137941
Tb0.075Fe1.925Cu1O4,4.120975139212456,4.007254701427863
Tb0.125Fe1.875Cu1O4,3.995902707780193,3.8106159958608896
Tb0.15Fe1.85Cu1O4,3.965967980193445,3.599306844918038
Tb0.1Fe1.9Cu1O4,4.013052210500236,3.8095872243236957
Mn3.2Ga1H22,5.806180652568485,2.3702224033706347
Fe3H3Rh,3.699056854547668,2.5850387100475416
H2,3.7567121601647715,0.2930849597967139
Mn3GaHO22,0.1673173347481761,2.201379010383506
Dy0.4Y0.6Co5,6.574465460903188,5.555890207189428
Dy0.6Y0.4Co5,6.360782879108307,5.915395327236543
Dy2Fe14B,6.612783962645206,1.9412208928780461
Dy2Fe14Si3,-1.8512583487190752,3.4131513306976196
Dy(Al2Cu)4,1.0047511555910011,1.3449983016303324
DyFe11Mo,5.45007504764014,4.386065097747343
DyFe3,-6.079181607959542,5.176321471552774
GDyI,-0.17609125905568124,0.8390906734362561
DyMn2O5,0.045322978786657475,2.2031425481867064
Dy(MnSn)6,-1.6664243725187595,0.5805742054239327
DyAlNi,5.901390747110704,3.2267631060768105
DyClO,-3.7672300981107183,1.9125669301353811
DyOF,-3.8543667780408697,1.9013363446612601
Endorem,3.954290761701127,3.0085991557736724
Er2Co17,2.0453229787866576,2.9010344342874244
Er2Fe14B,-3.0989896394011773,1.9041748645782604
Er2Fe14Si3,5.033427776713536,3.6453736867317317
ErCo,2.3443922736851106,3.5653602377671003
Er1Co6.5Cu0.5,1.3979400086720377,1.873263672358885
Er1Co6.7Cu0.3,1.3617278360175928,2.030416220725017
ErCo6Cu,1.4313637641589874,2.926804931699369
Er(Al2Cu)4,1.2650537885040147,1.2487508784829902
ErFe11Mo,5.663937320725949,4.43733450283175
ErFe2,6.130334090194503,0.7592720937592189
ErAl7Fe5,5.903090529859707,5.182318965791822
ErMn4Fe8C,5.332415229589477,4.066825328956877
Er1Mn6Ga0.91Ge5.09,6.380211422667602,5.34963525803419
Er(MnSn)6,1.4966529392509178,0.4354417911638165
ErN,4.674411004165626,0.8882571352574962
Eu,4.589960765564777,4.111297889329604
Eu,4.149249912590282,4.111297889329604
Eu,3.939569168655902,4.111297889329604
Eu,4.123884293460008,4.111297889329604
Eu1Er2Ga0.7Fe4.3O12,2.9036325160842376,2.391071962145139
Eu(HC)12,0.5658478186735176,3.491639383625301
Eu,0.4638929889859073,4.111297889329604
Eu,1.1664301138432827,4.111297889329604
Eu2MnSi2O7,4.5617094472911575,0.9423300054519015
EuAl12O19,1.2479732663618066,2.173203364165153
Eu(AlGe)2,0.0006075870628903731,2.9514699353930727
EuAu2,0.414973347970818,1.879495900044812
Eu(CdAs)2,4.636623278841157,0.7753584923025788
Eu(CdBi)2,0.17609125905568124,2.3078196880922217
Eu(CdP)2,-0.13033376849500614,1.758602786361592
Eu(FeAs)2,-2.315970345456918,4.072576742538739
EuGa4,0.0006075870628903731,2.318207292755642
GEuI,4.180613250611603,0.25423395570706264
G2EuI,5.0681673017563345,0.7680156079884974
Eu(MgBi)2,2.822914042756802e-08,1.3511459030384279
Eu(MgSb)2,7.81730057567996e-09,1.2916922621603695
EuSi3Pt,3.3118730108785424,3.2241893540067155
EuBi2Se3S,0.21748394421390627,0.9444854905129456
Eu(SnP)2,5.716838556877384,1.6435391861988722
GHF5,-0.04139268515822508,1.6136482239807668
P100F,5.0530822867804135,3.9826049011828815
P20F,4.897632588654154,4.107849354812763
P60F,5.522445537691995,4.09956525487957
Tb1Ga0.15Fe9,4.117304446641002,3.9113449797254005
Tb1Ga0.37Fe9,4.119288889124608,4.224064008926103
Fe8Ni,2.9036325160842376,2.248343896365346
FeAu,0.4471580313422192,5.142506097969932
FeC,4.505163549810412,4.407682157240642
FeCoC,5.60206107706281,3.8406653649496194
NbFeCuSiB,5.63346946556558,2.7503376408704745
FeF,6.739572423556548,2.019134669154769
FeIr,0.5314789170422551,3.2461332248445247
FeMo,4.999134892913685,2.34668462300266
NdFe,6.0000004342942646,3.7838541609035463
FePd,5.5327556525814865,5.152969968368926
MultilayerFePt,6.845098102056322,2.046278422818582
NbFeCuSiB,5.006491714070677,2.7503376408704745
TiFeN,3.7447905715893564,2.8004328837571157
Ti2O3,2.358886204405869,1.3142831370951944
Al0.1Cr0.15Fe0.18Co0.36Ni0.21,5.091670474135957,3.5694210440885383
Nb7Fe0.25Co0.75B12,3.0484418035504044,3.092215440368539
Ta1Fe0.25S2,5.875061842450624,2.561575132909957
Fe0.29Pt0.71,0.30319605742048883,2.6503718613901173
Fe0.35Co0.65,0.17609125905568124,2.5797254641458385
Fe0.35Pt0.65,0.31806333496276157,1.0938523684396537
Fe0.41Pt0.59,0.3222192947339193,4.253821255358168
Fe0.52Co0.48,0.17609125905568124,2.961419619112166
Fe0.55Co0.45,0.17609125905568124,3.5366967909482114
Fe0.59Ni0.32P1Ru0.093,-4.596608090284298,3.9786951507520087
Nb7Fe0.5Co0.5B12,3.130655349022031,3.0434848112473487
Mn1.5Al1Fe0.5Ni1,6.100370889795586,2.2956599249579135
Fe0.5Pd0.5,3.982316469692065,5.910017373725244
Fe0.6Ni0.32P1Pd0.083,4.491375703107734,2.950379569080723
Fe0.62Ni0.29P1Pd0.093,4.681250285083047,2.946677440710796
Fe0.63Ni0.373P1,4.518527100117336,4.180363079562863
Fe0.65Ni0.35,0.09691001300805642,3.9457261922061053
Fe0.675Co0.3Re0.025B1,5.7993412388093555,3.3258232560674394
Fe0.7Co0.3B1,-1.146128035678238,3.7717264333764486
Fe0.7Co0.3C1,0.8450980400142568,3.878798091955259
Fe0.7Co0.3N1,1.3617278360175928,3.5598872036204465
Ga0.3Fe0.7,3.846321645526698,2.0076347814308293
Al0.2Fe0.8,4.47130638292198,4.429028412048213
Al0.2Fe0.8Pt0.004,4.5514621970847395,3.413013908926056
Ga0.2Fe0.8,-3.9031442704095385,4.49524314932559
Ga1Fe1.25Co1.75,5.674862058906993,3.6317719872474123
Fe1.35Si1,4.264841425329148,3.339349826338826
Ga1Fe1.5Co1.5,5.789581417187363,5.2580545689718186
Fe1.5Co1.5Si1,3.8129801660394804,3.072560507002481
Ga1Fe1.75Co1.25,5.673021829196881,5.128801273328185
Fe1.75Si0.2Ni0.2P0.8,4.337479228394032,4.671042036178277
Fe1.9Ni0.9P1Pd0.2,4.491375703107734,4.03088779583887
Fe11Co5C,1.7160033436347992,2.390267081692338
Fe6Co2N,6.502427256555003,4.8535637594651515
Fe12N,5.8692323066150145,3.3502696533261354
Fe13Pt,0.5670263661590603,1.5619818600828677
Fe15BiN2,6.150756746782096,3.526278583722756
Fe15CoN2,5.921686995596443,4.802516391237896
Fe3Ni17,-3.000434077479319,2.85098903493273
Fe15PtN2,6.417139575932606,4.652391467358084
Fe15SbN2,6.144574518931714,4.2428217223980225
Fe16C,1.9599948383284163,2.9813161996662196
Fe8N,6.204120254089891,4.086528767726532
Fe,-0.00860017176191757,3.345748742848286
Nb2.6Fe18.8Co60Cu0.6Si9B9,3.0584260244570056,2.6766417085226393
Fe,-0.021189299069938092,3.345748742848286
FeCo3,-0.02242837118548649,1.3906677216476615
Fe2.59Co0.41O4,5.301032167130962,3.123226062166848
Fe2.5Co0.5Se4,6.002598412423951,3.957814053544806
Cr0.5Fe2.5Se4,5.702431398140071,2.8812910765074484
Mn0.5Fe2.5Se4,5.3873916062305,3.042575783212215
Fe2.5Ni0.5Se4,5.1986598356449765,3.968813663162451
Gd0.25Fe2.75O4,4.558720567452599,3.2991904612050695
FeAg4,5.477122702365523,3.3254445610051415
FeCu4,4.549934646225661,2.7841774033261952
Fe23B6,4.000043427276863,1.9611057077444187
Fe24C,1.6414741105040995,2.7319859716317043
Fe24N,5.531480194377088,2.456826217754294
FeNi3,2.0043213737826426,2.5508352280421462
Fe2As,0.031004281363536827,3.1677331336381847
Fe2B,-5.63346946556558,4.1984955778364785
MgFe2PBr,2.655138434811382,3.1158333914053866
Fe2CF2,2.2174839442139063,2.8676802704744233
Fe2CClF,2.2227164711475833,3.279483019205909
FeCo,-0.024485667699166973,3.412801814846178
GaFe2Co,6.174612432408036,4.175639663776481
Fe2CoS,5.5051513354880415,4.472690447768808
Fe2CoSi,4.22533513181854,3.168971269272464
CrFe2Si,2.4265112613645754,3.126032318001562
Fe2Ge,2.782472624166286,3.9065422317532503
FeI,0.1290773242527367,1.8926662560196146
MnFe2Sn,-6.09342203539958,2.1103556413438054
Fe2Mo3O8,-0.7860412102425542,2.8339935184525338
AlFe2Ni,6.021189712683533,3.043987163362387
Fe2NiGe,3.6504046698680317,4.559880021565626
Fe2Pd,-0.008174184006426355,2.942516870835787
ScFe2,5.966142202246327,1.9116213446197219
Fe2Si,4.05311687492293,3.498066317058494
Fe2Sn,2.949877704036875,-0.298365850656849
Fe2W,5.939519751807391,2.4675518197338215
FeW,-0.11394335230683679,2.407540670760723
Fe2W3,-0.2041199826559248,0.6400762441481525
FeW2,0.47712125471966244,0.5577007230099124
Hf3Fe8Co11N3,3.4450140810685115,-2.590242546692825
Ta10Fe33Co40N17,4.447173541582464,2.2701322836590005
Fe33Co67,5.991226518849904,3.940146144945606
Hf12Fe34Co43N11,-4.447173541582464,2.0573840796207628
Hf9Fe36(Co8N3)5,-4.447173541582464,1.8142803233543234
Hf9Fe36(Co4N)11,-4.447173541582464,1.5450034411809102
Nb2.6Fe38.8Co40Cu0.6Si9B9,2.6646419755561257,2.7878551756812824
Fe19Ni31,2.9036325160842376,2.9409096210295016
Fe3C,5.65321347887312,2.222288373974066
Fe3Co,-0.02160271602824219,1.1711171371097264
GaFe3Te2,5.680336420082681,1.387460775484292
Fe3Ge,6.09342203539958,3.6439958650724273
Fe3GeTe2,0.3958503760187811,2.4047754401129646
MnFe3C2,6.0827857292373615,2.9439486831564348
MnFe3N,4.342442421031837,4.396587034804651
Fe5CoO8,0.25527250510330607,3.8471143968306505
AFe3AgHO4,4.47130638292198,3.060664381049618
Fe3Pb,5.97312831561486,2.275613503439562
Fe3Pd,3.9731740526829724,0.8554790841863714
Fe3Se4,6.045323370042771,3.112439061831825
Fe3Sn,-6.255272746377951,1.7690699749592873
Fe3Sn0.75Sb0.25,5.518515255919778,0.37528327013506446
Fe3Sn2,4.8451042441768255,1.4484337487447019
Fe4.7Ge1Te2,3.8751191654625683,-1.8174026033674724
Zr11Fe40Co37N12,3.278982116865443,2.292450433438071
Fe2Co2B,4.330427464430332,4.234956586017947
Mn7Ga7Fe11,5.880814163720523,2.999699911388541
Fe9Ag11,5.2552749178437255,3.3606202449014955
Fe12Pd13,6.397940182389796,5.260993852271735
Fe24Ag3B9Pt14,6.845098102056322,5.388377482914114
V2(FeCo)49,4.397957380103888,3.491079636079709
Fe4CoSi,6.086360186653686,3.865898975094953
Fe4Pt,0.5403294747908738,3.8760196157165434
Fe5GeTe2,-5.204122696987954,3.6085420195156637
FeCo,-3.83257277484618,3.412801814846178
FePd,6.0000004342942646,5.0446293231224875
Fe50Pt,4.505163549810412,3.901822444212682
FePd,6.255272746377951,5.0446293231224875
FePt,6.845098102056322,6.173312065150225
FePt,6.819544001344058,6.051291690939276
Ti(FePt)10,6.845098102056322,5.7023456974092595
Fe10Pt10W,6.845098102056322,5.847243020641379
Fe51Co49,6.045323370042771,1.6650010801377768
Fe13Co12,5.607456095545399,2.961419619112166
Fe13Pt12,6.845098102056322,5.701414004228962
Fe53Ni47,5.845098660434502,3.592509857390975
Zr10Fe53Co10Ni7B20,2.6848453616444123,3.00632677120893
Fe53Pt47,6.643452775189467,5.8524513942976615
Fe54Pt,5.374750178472406,3.3265575171546375
Fe27Pt23,6.845098102056322,6.21280449816782
Fe56.25B25Pt18.75,6.845098102056322,4.260098144670551
Fe14Pt11,6.7781513227660515,6.298839809901219
Fe14Pt11,6.7781513227660515,6.298839809901219
Nb2.6Fe58.8Co20Cu0.6Si9B9,2.510545010206612,2.620066764226941
Er6Al15Fe59B20,6.220108349663159,4.779710389324559
Fe59Pt41,6.447158186447363,6.433325465775387
Fe5Co11C,1.6127838567197355,2.8645812187307977
Fe5CoN2,6.167317630186499,3.6668832741350057
Fe5Ge3,5.612784915973278,3.3174749545116526
Fe5GeTe2,-0.22271647114758325,3.6085420195156637
Fe5B2P,5.698970872924114,3.441907480326889
Fe5Si11B2,5.301032167130962,2.912461928241246
Fe5SiB2,5.477122702365523,4.425066151390418
Fe3Co2,3.653309012938479,3.481164604043455
Ga2Fe3,-4.079217435746567,4.400238338449812
Fe3Pt2,6.845098102056322,6.18319220947503
Zr10Fe63Ni7B20,2.4409090820652177,2.910542109171249
Er3Al5(Fe16B5)2,6.158362793688535,5.57356350361522
Fe64(Co7B5)3,3.0881360887002915,3.0373429938736995
Fe13Co7,4.1761202110560856,4.323837802698596
Fe13Pt7,6.845098102056322,4.244966668118109
Fe33Co17,6.008600597540613,3.85560656042843
Fe33Pd15Rh2,5.453319869250268,-0.3687883439754336
Nb2Fe67.5Co5Cu1Si14B9Mo1.5,3.9031442704095385,2.5625665952810124
Ho16.2Fe67.6B16.3,6.012837646350095,5.471729075994275
Ho13.7Fe68.3B18,6.0827857292373615,5.310731462556514
Nb3Cr5Fe68.5Si13.5Cu1B9,3.3224260524059526,2.7211257735362278
Er3Al3(Fe17B5)2,6.136720884159563,5.810744831033364
Fe69Si16(B2C)5,5.178623040077779,2.3880503416559256
Fe3SiNi4,6.315970555260964,4.3600669756755615
Fe3SiNi4B,6.539076224311395,3.7190631804117964
Er3Al2(Fe7B2)5,6.136720884159563,5.601675389001922
Fe7Co3,4.008642747565285,2.9795773155935246
Fe70Cu7Pd23,-5.380213051268178,-0.5416112079611938
Fe70(CuPd9)3,-5.380213051268178,-1.312147597268159
Fe7Pd3,0.5440680443502757,2.387988537192838
Fe7Pt3,6.845098102056322,3.056938813706148
Ti5.4Fe72.4B19.2O3,6.004149772064485,2.2404873751317718
Nb3Cr1Fe72.5Si13.5Cu1B9,3.40671045860979,2.2182902188274447
Nb2Fe72.5Cu1Si15.5B7Mo2,2.525044807036845,3.4957121242264773
Al7Fe18,5.014423924790945,4.644072123480907
Er7Fe18,6.123851967504168,3.369960864079936
Ho10Fe73.4B16.6,6.127105122465046,5.135841500621174
Ho7.6Fe73.4B19,6.184691714670109,5.230418633363388
Nb3Fe73.5Cu1Si13.5B9,3.9031442704095385,1.861030836023943
Ta3Fe73.5Cu1Si13.5B9,3.9031442704095385,2.9272453087530486
Nb3Fe73.5Si13.5Cu1B9,-1.6232492903979006,3.507858216480952
Nb3Fe73CuSi16B7,3.913866811896239,2.1107968314903722
Er3Fe37B10,6.146128345888472,4.779477788524472
Nb2(Fe5B)3,4.301051709845226,2.868038642621138
Ga6Fe19,3.000434077479319,2.566468558748509
Fe19Pd6,0.7481880270062004,1.1502122182401213
Nb1.5Fe76Si13Cu1B8Mo0.5,0.8260748027008264,2.927939807418985
Fe77.5Si7.5B15,-1.5563025007672873,3.0256631433216805
Tb1.85Ga20.37Fe77.78,0.756636108245848,2.0906696493878294
Nb2.6Fe78.8Cu0.6Si9B9,1.9867717342662448,2.4910452619614003
Fe78Si9B13,2.603144372620182,0.6948672690992599
Ho2(Fe13B3)3,6.193124876748271,4.387333039750091
Fe39Ni11,4.200399012930539,3.3318484058109186
Tb0.78Ga19.53Fe79.69,0.8475726591421122,2.2877652398054984
Fe7Co3,4.301051709845226,2.9795773155935246
Fe7CoP4,5.919078615622123,3.959254346965007
Fe7Se8,0.5440680443502757,3.7295274562537335
Fe,-0.10585067438514353,3.345748742848286
Fe80.5Si4Cu1.5B14,1.845098040014257,1.4654770448480252
CrFe40Si2B7,1.0569048513364727,2.134749861359664
Cr4.3Fe80B15.7,3.106734700097846,2.7729036363304207
Fe4Ni,4.0492567972322275,2.8529634156553785
Fe4Pd,1.146128035678238,2.3696156460965807
Fe40Si3B7,-4.278776457955645,2.745373834389923
Ga18.52Fe81.48,0.6866362692622934,3.3571366873621145
Cr0.8Fe81.5B17.7,3.1232307766985103,2.6384721041193337
Ga19Fe81,4.756286097781933,1.8827827341764627
Fe82.5Si2Cu1.5B14,1.845098040014257,2.0446027834134357
Cr2.5Fe83.2B14.3,3.1146443389022793,3.054224191083707
Fe83.5Si1Cu1.5B14,1.7634279935629373,2.464745237003303
Er16.5Fe83.5,6.178977234905314,3.4354068823180084
Fe83.7Cu1.5B14.8,1.6127838567197355,2.656573492635193
Nb3Fe83CuSi4B9,2.954724790979063,2.476845344361843
Ga17Fe83,5.000004342923105,2.504054237143932
Fe85.25Cu1.5B11.25P2,2.1903316981702914,3.055019316422325
NbFe17B2,4.301051709845226,3.122178009849587
Hf7Fe86CuB6,4.623259630619611,3.1416128257481013
Zr11.6Fe88.4,6.166726351420879,2.8021544802594054
Zr11.6Fe88.4H16,5.824126485032226,4.7226350525097684
Zr11.6Fe88.4H4,6.118595695736941,4.252382986911698
Zr11.6Fe88.4H8,6.0232528712870534,4.6010575957781885
Sm9Fe88Mo3,6.322219501540766,3.2563857901738977
Sm9Fe88Mo3C,6.26951317770951,4.656453542637745
Zr7Fe89CuB3,3.700217303862873,2.3412843189905286
Fe8C,1.8893017025063104,3.6189816483793105
Fe8Co8C,1.8129133566428557,2.64825903261328
Fe8N,5.919078615622123,3.8761696762309903
ErFe9,6.198657361824261,3.8754543420217082
Zr7(Fe30B)3,-2.103803720955957,3.3042228279107855
Er8.5Fe91.5,6.19033197836019,3.0606408973918193
Fe19Ni,4.352201819659416,2.2160029304657787
Fe9Pt,0.5670263661590603,1.786285958514163
FeAu60,-1.5185139398778875,4.202251621774049
FeB,2.8004421213362565,2.043026169967404
FeB2,6.7319110226312295,2.7629013752397884
FeB3,0.290034611362518,2.9671593811845565
FeB4,6.379668215216128,2.752858926467516
FeCo,2.3364597338485296,3.412801814846178
GaFeCo2,5.605306123793574,2.841147542445319
AlFeCoN,3.2174432003296243,3.757341819237266
FeCoN,4.6434625467031605,3.927001331757607
Fe1Co1Cu0.2Ni1Pt0.2,5.972203301379332,3.056570557223325
FeCoPd,0.3010299956639812,1.0562678747695706
FeCoPt,6.6020600999015695,4.744932868789573
SmFeCo,4.365628359125091,4.179132402895822
Cr2FeS4,0.23804610312879543,2.832721662227601
FeCuB,6.0000004342942646,3.877856159409152
FeF,4.195927313597225,2.019134669154769
FeF2,6.742615247968927,3.426252445147929
GaFe,4.46983673757549,3.786856520741072
GaFeMo,3.788945727023748,3.4737584463423548
FeI2,0.09725730969341992,1.2534180481521746
MnFe,0.24303804868629444,2.248784601979895
Mn2Fe,0.17026171539495738,1.8433166043194358
Mn3FeN,4.342442421031837,3.1953214034472017
MnAlFeNi,6.369216043006036,4.198014976240717
FeN,5.000004342923105,2.166609623367791
FeN,6.113943686379387,2.166609623367791
FeNi,5.832509551374122,4.487636895639923
ElectrodepositedFeNi,4.799347442962076,3.8651365598456833
FeNi,4.740370585685768,4.487636895639923
FeNiMo,2.9036325160842376,2.3940847851296625
Fe1Co0.5Ni0.5,2.2576785748691846,3.5657552928088547
TiFeCoNi,4.921171257974408,3.4496575352115557
FeNiPt,5.7143305981507595,4.684774406510773
FeO,0.45636603312904306,3.848922396646815
FeP4,1.866582677063549,1.9983929561064275
FePO4,0.08278537031645007,1.3454850321260872
FePS3,0.5644293269979835,0.49967008128235596
FePd,2.2430380486862944,5.0446293231224875
FePd,6.012837646350095,5.0446293231224875
FePd,5.414975018330998,5.0446293231224875
FePd3,-2.303196057420489,2.623880347032298
FeCuPd,5.397941745846491,0.5896854992609823
FePt,6.886490781574359,6.051291690939276
Fe1Ag0.5Pt1C0.5,6.585460842312248,5.782085639955089
GranularFePt,6.845098102056322,2.046278422818582
L10FePt,6.342422878228744,6.0088914939709985
FePt,6.690196168660032,6.051291690939276
FePt,6.7781513227660515,6.051291690939276
FePt,5.60206107706281,6.051291690939276
Fe1Ag0.5Pt1C0.5,6.243038296854499,5.782085639955089
FeAgPt,0.3010299956639812,2.637285049658951
FeAgPt,7.107210003577124,2.637285049658951
VFeBPtN2,6.336459933984189,4.131853554912013
FePtC,6.653212610285218,5.372857732091927
LFePt,6.845098102056322,3.3564888890585003
FePt,6.19033197836019,6.051291690939276
FePt,6.0000004342942646,6.051291690939276
FePt,0.6883308181122663,6.051291690939276
FePt,0.37694175714675865,6.051291690939276
FeAg7BPt,1.0413926851582251,2.462761689962394
FeAg10BPt,1.0413926851582251,2.1703086174391837
AlFePt,6.845098102056322,4.624815333719894
FeBPt,6.845098102056322,5.402451930810924
RibbonFeBPt,6.845098102056322,4.851224633074164
FePtC,6.653212610285218,5.372857732091927
FeCoPt,5.974051363827114,4.744932868789573
FeCuPtC,6.7781513227660515,4.6237877569498105
FePtI,6.702430622615057,3.6344784083648016
FePtI2,6.7551123427209845,2.7921145253772672
FePtI3,6.7795965633997595,1.961541902410734
FeNiPt,6.845098102056322,4.684774406510773
TiFePt10C,6.845098102056322,3.103379633049318
TiFePt20C,6.845098102056322,3.1090635226888446
TiFePt25C11,6.845098102056322,4.3190191444608645
AlFePtN,6.845098102056322,4.817691366450836
FePtAu,-4.079217435746567,3.424695408282457
FePtC,5.939519751807391,5.372857732091927
FeSiPtO2,6.845098102056322,4.286761231852254
FeSiPtN,6.845098102056322,4.729836960831785
FeRh,5.123854906326854,2.1917994343596603
MgFeRhO,0.21325205219639665,2.4409877702319616
FeS2,0.6434526764861874,2.5058299801532997
NbFeCuSiBP,0.2041199826559248,2.5920987445092294
SmFe,4.863328809319186,4.095382580649727
TaFeN,2.732824026608353,3.2623919733934783
FeW2,-0.17609125905568124,0.5577007230099124
FeW3,0.25527250510330607,0.6575318447842402
FeW4,0.25527250510330607,0.9939663096688874
AlFeCo,4.698978690138799,4.728494538808068
AlFeCoO,2.248586243855104,3.528730818303222
NbFeCuSiB,2.004321373782385,2.7503376408704745
FeNO,5.652781141700946,2.7709187193435567
EGYHN,4.7126581181053835,2.2534612246221903
GYPHN,4.7084293989650945,3.830686167178988
GYHSN,4.526352202628514,3.204533199177048
V0.5Ga0.5As1,-0.47712125471966244,2.3110299935445684
Mn0.08Ga0.92As1,-4.2312401489450755,2.3557120197049466
Mn0.06Ga0.94As1,1.9344984512435677,-0.07728291660896311
Mn0.042Ga0.958P1,3.5460488664017342,2.092677570058756
Mn0.04Ga0.96As1,3.072249897613515,0.23162289335166086
GaFeSe,0.20139712432045143,2.7843971790901914
MnGaAs,2.708420900134713,1.8619644153523636
V4GaS8,4.204147125212848,1.3223804725825965
GdI,3.4473131088235682,2.1373144246836158
G20GdI,3.531606631932722,4.008172756179899
G40GdI,3.716086853774832,3.6617714253975633
Gd0.17Fe0.83,4.25529663190434,5.14642773474831
Gd0.19Fe0.81,4.230474467361159,2.8454751136641074
Ce2.5Gd0.5Fe5O12,2.7908268143720303,2.4631756977650388
Ce1.5Gd1.5Fe5O12,1.9288053708932842,2.465244128597662
Gd3Co22,3.707655323531187,4.196194898803201
Ce2GdFe5O12,2.607969437822521,2.3740027600958893
Gd2.2Co16.6,5.477122702365523,2.95242771206073
Ce0.5Gd2.5Fe5O12,1.9157163379459938,2.2615005381713873
Gd22Fe71Co7,4.579795025268589,2.6875118077435824
Gd6Co19,4.113976758289846,3.8618679140748733
Gd(FeCo)3,0.0,4.44988652773365
Gd2C,0.22089224921951925,3.1000746826341254
CeGd2Fe5O12,1.9248992640142835,2.2320622544992803
Gd2Co17,-5.431365372654089,2.967449537189743
Gd2Co7,6.113943686379387,4.2780949133952335
Gd2Fe14B,2.0043213737826426,3.7557586572200545
Gd2MnNiO6,6.060698218000823,2.38623282057421
Gd2O,0.3328422669943516,1.1821615080217487
Gd3(FeCo)7,0.0,2.996991275604444
Gd3Fe5O12,2.9123814989188004,1.2807426175150853
Gd3In,0.41995574848975786,2.9955507071133596
Gd57Fe36Co7,4.414990051283522,3.496264092836189
GdAlO3,0.667452952889954,1.962579524622137
GdAsSe,-0.00860017176191757,1.6877817191796631
GdAu2,0.06818586174616162,1.924983147587697
Ba1Gd1Co2O5.5,2.1789769472931693,2.334774192595571
GdCo,5.845098660434502,3.564773864039983
GdFeCo11B6,-3.4299136977637543,3.1519135773308617
GdCo3,5.908485555044346,4.603164215843456
GdFe,3.3981136917305026,4.111110872742977
GdFe11Mo,5.46052349694775,4.543973336261044
GdTiFe11,6.146128345888472,3.263262862410101
GdFe2,1.0,-1.7207273554378655
GdAl7Fe5,-5.903090529859707,4.125663416149598
GdFeCo,4.477135730961123,3.8392223619369954
GdFeSi,4.311245120878207,3.174887047236466
GdHCO,-1.9647309210536295,3.0696399966053356
GdI3,-0.012837224705172217,0.7526186831197686
GGdI,-0.14921911265537988,0.22378425443035632
Gd1Mn2Si0.2Ge1.8,5.838849720149092,4.484821152320954
Gd(MnGe)2,5.7993412388093555,5.241705731615445
Gd(MnSi)2,6.041393079971211,4.441766747922207
GdNiSn,5.516040644312151,3.2990281415895026
GdSi,2.576341350205793,2.091980767555862
GdSi2,2.3502480183341627,2.63857795708781
CrGe2Te3,-0.08062648692180574,0.5909847251873136
CrGeI3,-0.27021285489624264,0.7956491677067857
CrSiGeTe3,-0.013258665283516512,0.23978066234395384
CrSnGeTe3,-0.1880843737149382,0.4252518449564901
Fe3GeN,3.0269926464004278,4.643924248136311
Goodfellow,0.416640507338281,2.4538628402022686
MnGeHSe3,0.0007042885684292507,1.5023502803324322
LiH3(IrO3)2,-1.1139433523068367,1.8140320424124388
CrCoSiPHPtCO2,5.662758775798987,3.241814121765614
RNdFeBH3,6.633468556578292,4.684903333692507
HF,-5.000004342923105,-2.761002849490037
HF2,-4.929424035031084,0.213125347931006
HF3,-4.826081284659646,0.9384922055495666
HS,2.569373909615046,1.2066207724505016
HS2,0.47712125471966244,2.400889481787447
H2,4.681250285083047,0.2930849597967139
CoH2Pt,5.8512589604010135,4.044713637374602
Hf2Co11,6.397940182389796,3.941713048094073
Hf2Co11B,0.32510498297140744,3.8938559624711875
Hf(CrN2)2,0.1643528557844371,1.5784809622388916
HfI3,-0.4623979978989561,1.1410036453595267
Dy0.5Ho0.5Fe1O3,-0.002382074932760771,1.7169422538915666
Ho2Mn4Co13,5.5051513354880415,4.216822406975726
Ho2Mn3Co14,5.342424654883547,3.9983173369648997
Ho2Mn2Co15,5.322221362797957,0.9005895737705907
Ho2MnCo16,-5.2552749178437255,3.3902999101468847
Ho2Co17,-5.954242991988481,1.329109304011492
Ho3Cr5.5Fe4.7Co18.8,-1.5185139398778875,3.894812957470435
Ho3Cr4.5Fe9.8Co14.7,-1.7403626894942439,3.986869153817646
Ho(Al2Cu)4,1.446070935701005,1.152150961311315
Ho1Nb0.65Fe11.35,0.6665179805548809,3.2798141045591893
Ho1Ta0.6Fe11.4,5.558709770240022,2.086621868540221
Dy1Ho1Ta0.6Fe11.4,5.551451217899482,4.7410101463973815
HoAl7Fe5,5.698970872924114,4.688903136668039
GHoI,-0.17609125905568124,1.5437006755439482
Ho(MnSn)6,-1.527758752520972,2.1631406187048343
CIOF,6.0000004342942646,2.777012899511811
I,4.3502674060479185,1.7965089109970258
I,4.54778700817339,1.7965089109970258
IN50,4.44092481708748,2.7559411834036385
BaInGeO3,0.04068143937335804,1.0684795532193683
InFeSe,0.08990511143939793,1.592144850341818
QIr,1.8166389448984614,1.459260302760105
CrSiIr2,0.6554265877459187,2.93524939123533
IrC28,1.5211380837040362,3.2797757499641103
CoIrPt,5.855519761377952,3.533767140931909
MnIr,6.012837646350095,1.7571887375533781
Mn3Ir,1.0569048513364727,3.578007132525255
MultilayerCoIrPt,5.672098781965547,5.565714241820956
JanusCrBrOF,0.08278537031645007,2.4219015093847425
JanusCrTeS,0.88349109018893,4.190620604059568
JanusVTeSe,6.645422367605751,2.494816914875841
K2IrCl6,0.7781512503836436,0.49491394476636985
K2Mn0.1Zn0.9F4,0.0022524799205384093,0.892578383260278
K2Mn3V2CO11,0.004321373782642578,2.1547872255367087
KCoF3,5.477122702365523,2.2898594778239323
K1Mn0.1Zn0.9F3,0.002295682554933967,0.7290173275059129
KMnBi,0.35793484700045386,0.5621980004015832
KMnF4,0.19865708695442263,0.5827275264878884
KMnP,0.19589965240923368,0.37951890942803457
KMnSb,0.08278537031645007,0.316237033386905
KTiBi,1.0334237554869496,0.8568297593926838
KTiSb,0.5563025007672873,0.6365565289409472
KYbS2,0.775537634780957,1.2078782608280654
KYbSe2,1.1891252069255285,0.7321591265142621
KYbTe2,1.1762938825387663,0.9063465171298852
L5Mn11Fe14Pt25,6.322219501540766,5.691184204433319
L10Fe0.5Pt0.5,6.6020600999015695,6.403444730246339
L5Fe27Pt23,6.819544001344058,5.5973370961002935
L10FeCo,7.000000043429446,5.254176440604486
L10FeNi,1.942905494288165,5.897779032377278
L10FePd,6.255272746377951,5.915488305614009
L10Mn53Ga47,6.041393079971211,5.431786546490994
L10Fe1Ni1Pt12.5,6.136720884159563,2.886955800548108
L10Fe1Ni1Pt8.3,6.060698218000823,2.7208786450290416
L10FeNi,5.977724062440694,5.897779032377278
L10FePt,7.180699229943427,6.0088914939709985
L10FeCuPt,6.845098102056322,5.19079473322682
L10Mn1.8Ga1,6.414973515007125,5.087865501003379
L5(Mn4Ga3)7,6.388367844746503,4.547379049029635
L10MnGa,6.414973515007125,5.735762413939085
L10FeNi,6.113943686379387,5.897779032377278
L11CoPt,6.255272746377951,6.501864369847933
L12CoPt3,-4.698978690138799,3.9419349297127106
L12Fe3Pd,5.342424654883547,5.409858010478687
L10FeNi,6.0000004342942646,5.897779032377278
L10FePt,7.04139272463954,6.0088914939709985
L10FePt,6.50515011403691,6.0088914939709985
L11CoPt,5.698970872924114,6.501864369847933
LBF3,4.40956119452185,0.28416472540210264
LMPCO,5.079184865153228,3.7315119878842573
LMnBiPH,6.204120254089891,4.241303226571005
LLaC2F,3.3474666258006223,3.0333923695440115
Sr0.6La0.4Mn1O3,4.190359716265324,2.6203385491835265
Ca0.5La0.5Mn1O3,0.6762655043393387,3.7408553849250548
Sr0.5La0.5Co1O2.5,5.63346946556558,1.8190639557606958
Sr0.5La0.5Mn1O3,4.2148703286112195,3.257785413571119
Sr0.05Ca0.35La0.6Mn1O3,3.8664319025853633,2.7408831060562795
Ca0.4La0.6Mn1O3,3.937488152358492,3.115067395943176
Sr0.4La0.6Fe1O3,3.45814997493202,3.4460456434260927
Sr0.4La0.6Mn1O3,3.795767989663592,3.912773609734841
Ca0.3La0.7Mn1O3,5.301032167130962,3.474353421543617
Na0.3La0.7Mn1O3,2.909971672595977,3.5062878463672185
La0.7Zn0.3Fe1O3,4.15839265038712,2.5108526817761376
Sr0.175La0.825Mn1O3,5.181846445135913,4.523322099818564
Sr0.125La0.875Mn1O3,5.3636138599507674,4.318371760640631
Sr0.2La0.8Co1O3,-5.079184865153228,3.838858900054364
Sr0.2La0.8Mn1O3,4.5250577708577415,4.803889666500765
La0.9Zn0.1Fe1O3,4.212214247419942,3.1836371754807553
Sr1.76La1.24Mn2O7,-5.397941745846491,2.630283361002027
Sr1.6La1.4Mn2O7,3.1759464700955458,-1.711266743595234
La1.8Ho0.2Mn1Ni1O6,5.643453663517979,3.1092481223279913
La1.9Ho0.1Mn1Ni1O6,5.531480194377088,3.2829906395577297
La18Co28Pb3,6.025306274976352,0.7155839012859839
La18Fe28Pb3,-6.204120254089891,4.395149823511299
La2Co14B,6.281158464694264,4.983304819460956
La2Fe2Co12B,6.331055456219216,5.716394047737594
La2Fe4Co10B,5.966091727306424,5.808366389036695
La2Fe6Co8B,6.191764220932287,5.774702208151148
La2Fe8Co6B,6.324614918340753,5.858313694776109
LiLa2OsO6,-0.3979400086720376,0.802824354275124
LiLa2RuO6,-0.14612803567823798,0.7528927204688204
La2Ni7,2.1335389083702174,2.488439546570487
La2MnNiO6,5.431365372654089,2.2855522621825366
La2NiO4,-0.014940349792936526,1.971121845278463
LaBr2,5.719332115789199,0.5444403988145615
LaIBr,-2.0043213737826426,1.389758520331764
LaCl,4.342727686266485e-05,2.063482539317851
La1Co0.3,5.972367635291178,3.2105825011773454
LaFe3(CoN)2,0.4941545940184428,3.5882707063629935
LaCo5,0.7323937598229685,3.978223676381683
LaCrGe3,4.268659862366832,3.4149327631807287
LaCrS3,-0.13987908640123647,1.0062480258882898
La1Fe11.31Si1.69,5.716004178815692,5.318738152052906
La1Fe11.44Si1.56,5.724276689023567,5.484172334792095
La1Fe11.7Si1.3,5.748188802531368,5.767043156716741
SrLaFeCoO6,4.427380606217213,1.6091911264518883
SrLaMnCoO6,-0.028571252692537637,2.9186157478326
MSrLaCo,5.5051513354880415,5.413834103472398
LaNiO,1.7075701760979363,2.0990145969788045
Li0.05Zn0.45Fe2.05Cu0.45O4,0.0009457314973505179,2.1006175171764685
Li0.15Zn0.35Fe2.15Cu0.35O4,0.0009933973572109705,1.3385363455598847
Li0.1Fe2.1Co0.8O4,5.031497334028998,3.508125053515614
Li0.1Mg0.3Fe2Cu0.6O4,1.9391796713308274,1.6673349117823233
Li0.25Zn0.25Fe2.25Cu0.25O4,0.0011666836693598433,1.7326846164491236
Li0.2Fe2.2Co0.6O4,4.946280281791674,3.2845361865876743
Li0.35Zn0.15Fe2.35Cu0.15O4,0.0010107291001632038,1.9169714915414335
Li0.3Fe2.3Co0.4O4,4.419195480907105,3.1692832586503585
Li0.3Mg0.1Fe2Cu0.6O4,1.324385356490427,1.953877641024222
Li0.45Zn0.05Fe2.45Cu0.05O4,0.00044275460506000493,2.495939145824827
Li0.4Fe2.4Co0.2O4,4.722855948176248,2.157714661597025
Li0.5Fe2Co0.5O4,0.00216606175650763,2.692425597310265
Li0.5Nd0.035Fe1.965Co0.5O4,0.01703333929878037,0.9391493491455498
Li0.5Nd0.07Fe1.93Co0.5O4,0.012837224705172217,0.4979420838912692
Li0.5Nd0.105Fe1.895Co0.5O4,0.01703333929878037,0.5035158556317963
Li0.5Nd0.14Fe1.86Co0.5O4,0.012837224705172217,0.41228400461259124
Li0.5Nd0.175Fe1.825Co0.5O4,0.012837224705172217,0.644880142168662
Li0.5In0.32Fe2.18O4,2.64804759698893,1.5768657258434722
Li0.5In0.24Fe2.26O4,2.6307024006762076,2.3825131380710833
Li0.5In0.16Fe2.34O4,2.4653382298600883,2.213090546038027
Li0.5In0.08Fe2.42O4,2.6058865896610093,2.381329106104158
Li0.5Fe2.5O4,3.9411137270371017,2.1099013603945007
Li0.5Fe2.5O4,0.0014134972602743653,2.1099013603945007
Li0.5Fe2.5O4,3.090977517615779,2.1099013603945007
Li0.5Zr0.1Fe2.3Ni0.1O4,2.249616546726074,2.301535098326224
Li0.5Zr0.2Fe2.1Ni0.2O4,2.206353560072406,2.072665702178969
Li0.5Zr0.3Fe1.9Ni0.3O4,2.2717347615969166,2.3216477946536926
Li0.5Zr0.4Fe1.7Ni0.4O4,2.322923934304254,2.1573887550051296
Li2.5Co0.5N1,-0.6711728427150833,1.324701848802897
Li2.5Fe0.5N1,1.3390537357091392,1.060688699943935
Li2.5Mn0.5N1,-0.33041377334919075,1.0950193986284988
Li2.5Ni0.5N1,0.5465426634781311,0.4949156858355839
Li2.7Fe0.3N1,1.4471580313422192,0.39134340585312
Li2CuO2,0.12515582958053018,0.29722272816074247
Li2MnO3,-0.02816441942446987,0.37111760320045883
Li2Mn0.5Co1.5Ni6O10,0.12425962078281295,0.9425900389045223
Li2MnCo(Ni3O5)2,0.1069723998866735,0.6951814224719994
Li2Mn1.5Co0.5Ni6O10,0.0900463224573558,0.7384461579688706
LiMnNi3O5,0.052347599224663775,1.131095712516461
Li2Zn0.5Co1.5Ni6O10,1.9390597556884908,1.1680071942050008
LiCoNi3O5,0.8993279498776542,1.4059838686318666
Li2Zn1.5Co0.5Ni6O10,1.6673128352949642,1.5726522879530034
Li2ZnCo(Ni3O5)2,1.8678856705607025,1.4401215995193706
LiZnNi3O5,1.2302700574112047,1.4109027547582869
Li,-3.8370199485409087,3.0363928761096055
Li,-3.9180827846421873,3.0363928761096055
Li,-3.938569756221061,3.0363928761096055
Li,-4.065990289233776,3.0363928761096055
Li1Fe1.9Co0.5Bi0.1O4,3.1447111677833677,2.451414092516177
Li1Fe1.8Co0.5Bi0.2O4,3.09220114521765,2.837335596610971
Li1Fe1.7Co0.5Bi0.3O4,3.2045269429998404,2.6178918575548957
Li1Fe1.6Co0.5Bi0.4O4,3.3377027972561124,2.6273469543295525
Li1Fe2Co0.5O4,3.292470949642227,2.5401459507832116
LiCrSe2,0.0034605321095064895,0.2570001508852793
LiCrTe2,-0.08062648692180574,0.5844162295178469
Li1Mn0.5Fe0.5S1,5.556303707139173,2.758253650162086
LiFe2F6,0.06370855939141735,2.1219583654743013
Li(Fe2O3)2,0.15836249209524964,2.773621453928985
LiFe5O8,5.832509551374122,2.1327064784616567
LiFeN,-1.4800069429571507,2.978569372110096
LiFePO4,0.00860017176191757,0.9464763237813291
LiFeS,5.955207019021145,1.7014398487674205
LiFeSe,0.07918124604762482,3.018220398639091
LiFeTe,-0.23044892137827394,1.8186420119757685
LiMnAs,0.2041199826559248,0.5802799672623494
Sr0.025Li1Fe4.975O8,4.702439153314047,2.010258527795007
LowemperaturephaseMnBi,6.165096171707608,4.586092126376099
Y0.7Lu0.3Mn1O3,0.0948203803547999,2.4048909681260273
Lu0.6Sc0.4Fe1O3,-0.021189299069938092,2.1939496446127666
Lu2Fe13.6Si3.4,-5.924279803078814,3.027166931437253
Lu2Fe14Si3,-5.991226518849904,2.9763651115112584
LuCo3,6.196176461484495,3.4633476285451033
Lu1Nb0.65Fe11.35,0.8221680793680175,2.6106111851029685
LuInCo4,4.397957380103888,2.97870141535905
Mypebariumhexaferrite,5.021193435188165,2.5921132066200983
Mypehexaferrite,5.924279803078814,2.4538628402022686
M,2.7853440739406845,2.8114598459044458
M,2.8733903623941215,2.8114598459044458
M,2.968524975018678,2.8114598459044458
M,2.909652290747982,2.8114598459044458
M,3.1077118325589534,2.8114598459044458
M,3.305269662799162,2.8114598459044458
AMP,0.3979400086720376,3.445633054811908
AMP2,0.414973347970818,2.0072879242926986
AMP2Rh,0.6532125137753437,1.002496227242574
LMCuF9,0.9326158003909579,1.0219656725127653
LMCuF18,0.9153470623241918,0.8503992470723496
LMCuF27,0.9054450661527048,0.8553857078946387
LMCuF36,0.8654711625900444,0.8946909927651763
MCF,4.690204943090767,1.582767611212755
MCNF,4.579795025268589,2.857710663202224
M14Fe79B8,6.302190893326809,6.005853293016587
M14Fe80B7,6.302190893326809,6.167279593269006
M14(Fe27B2)3,6.302190893326809,6.066748593211772
M15(Fe39B4)2,6.302190893326809,5.983323016469742
M15(Fe40B3)2,6.302190893326809,6.055810159630724
M17(Fe13B)6,6.302190893326809,5.972800234963028
M3Fe14B,6.143015112696056,5.933289550981241
M,6.3138674311916665,2.8114598459044458
M2P,6.653212610285218,1.2694725640998787
M2Dy3P,6.623249393801336,4.736146788811046
EMCN,2.2725215460982318,2.001701152668354
E2MCN,2.1325510430911363,2.416760115280275
E3MCN,2.0508242648147714,2.3363005341713055
E4MCN,2.220458521682697,1.645785999498496
MNF,2.590817322856935,1.764095269082588
LMNF,2.158676036010501,1.387390457834404
L2MNF,2.0016991062922362,0.6065146560813524
L3MNF,1.8048955506258222,1.412929436872661
L4MNF,1.545307116465824,0.13333798287582094
MZ4BHSF,5.518515255919778,5.048712347178495
MZ6BHSF,5.537820353896035,4.986098095995543
MZ8BHSF,5.411621389271914,4.919520504508106
Fe2O3,4.653222164656599,1.7401506925574788
MaghemiteMesocrystals,-3.477265995424853,2.914055327417499
Maghemite,4.832515299342833,2.4538628402022686
Fe3O4,-4.000043427276863,3.7063629569038965
E2M2MagnetiteRHI(NO)2,4.25529663190434,1.1452125813486935
AGM2MagnetiteINOF2,4.322239974931152,2.7349433426018894
MagnetiteMulticore,4.698978690138799,2.8114598459044458
Magnetite,-4.041432164680265,2.8114598459044458
Magnetite,4.301051709845226,2.8114598459044458
Magnetite,-4.041432164680265,2.8114598459044458
Magnetiteike,-4.079217435746567,3.0085991557736724
Magnetiteikemetal,4.477135730961123,2.5921132066200983
Magnetoferritin,4.748195782195563,2.4538628402022686
Mn(FeO2)2,4.748195782195563,3.1522684274430985
Manganesefluoride,5.373097826526259,2.914055327417499
MeltspunNdFeB,5.897627641029944,3.1021691155286977
AMetglas2714,0.5634810853944107,2.8114598459044458
Mg0.2Zn0.6Fe2Co0.2O4,0.020402720983878152,2.0056325557275354
Mg0.2Zn0.4Fe2Co0.4O4,0.44870631990508,2.0821844848905897
Mg0.2Zn0.2Fe2Co0.6O4,0.8692317197309762,2.718619888789118
Mg0.2Fe2Co0.8O4,1.5117497113449827,3.807948552867364
Mg0.2Mn0.5Al0.05Fe1.95Ni0.3O4,-3.741230411025471,-1.1592492956330356
Mg0.2Mn0.5Al0.1Fe1.9Ni0.3O4,-3.4217684012069243,-1.0546556286297313
Mg0.2Mn0.5Fe2Ni0.3O4,-4.920128546144954,1.1184107063540367
Mg0.2Mn0.5In0.1Fe1.9Ni0.3O4,-4.660874960312619,-1.3706416516426545
Mg0.2Mn0.5In0.2Fe1.8Ni0.3O4,-4.5428378707488655,-0.8744821775902386
Mg0.2Mn0.5In0.3Fe1.7Ni0.3O4,-4.527642787756754,0.7924154607020503
Mg0.2Zn0.8Fe2O4,0.020568434801362646,1.7332884581050763
Mg0.3Zn0.5Fe3Cu0.2O4,1.1232307766985103,1.3759609472086778
Mg0.3Cr0.7Fe1.3Ni0.7O4,3.681331705969166,2.05439145609763
Mg0.3Mn0.2Zn0.5Fe2O4,1.546001926463773,1.8821278920714861
Mg0.3Zn0.7Cr0.7Fe1.3O4,3.2555137128195333,2.418021564592411
Mg0.4Fe2Ni0.6O4,3.5512669701629442,2.707024084776613
Mg0.4Zn0.6Fe2O4,1.7730546933642626,1.7715146599340916
Mg0.5Cd0.3Fe2Cu0.2O4,3.0759117614827773,1.9203594680498353
Mg0.5Fe1.9Cu0.5Bi0.1O4,2.2930353292608308,2.1804477819601917
Mg0.5Cr0.5Fe1.5Ni0.5O4,3.643551368562945,2.609693671675269
Mg0.5Zn0.5Cr0.5Fe1.5O4,2.3820170425748683,2.5348572585072664
Gd0.075Mg0.5Zn0.5Fe1.925O4,0.4523998459114416,1.568230595362133
Gd0.05Mg0.5Zn0.5Fe1.95O4,0.9902500329278168,1.6472897185370463
Gd0.025Mg0.5Zn0.5Fe1.975O4,1.1944033259100062,1.7264678079139875
Gd0.1Mg0.5Zn0.5Fe1.9O4,0.38524868240321997,1.542722833208826
Mg0.6Cr2Cu0.4O4,0.49345805099518847,1.253275020010297
Mg0.6Cr2Ni0.4O4,0.5366846726209301,1.534618740031242
Mg0.75Mn0.21Fe2Co0.04O4,3.124178055474675,2.3586623329269742
Mg0.7Al0.3Fe2O4,3.4903518366844777,2.2437756054503923
Mg0.7Cr0.3Fe2O4,3.4726833296130404,2.9837990654784683
Mg0.7Cr0.3Fe1.7Ni0.3O4,3.83257277484618,2.8535650296727724
Mg0.7Zn0.3Cr0.3Fe1.7O4,3.2043913319193,2.9126875996327013
Mg0.9Cr0.1Fe1.9Ni0.1O4,3.6902847025126295,2.938366385648123
Mg0.9Zn0.1Cr0.1Fe1.9O4,3.623352681537992,2.794896583634345
MgCo5,0.5440680443502757,4.014560611507914
JMMgFeHO,0.00029955985624381285,3.615478419203217
JMMgHO,0.00017802424510340823,2.992402129172422
TiMnBi,6.447158186447363,2.479447889287429
LM(MnN)2,3.3981136917305026,1.51304611084338
Mn,-0.06445798922691845,2.262387472647164
MnAl,6.176091548585239,3.8193681114589406
BaMnGeO3,0.004493337547274315,0.8517841995235466
SmMnFe250,0.001084381292219893,0.6343026230145593
Sm1Mn1Fe26.25,0.0009543984064578865,2.126711066042718
Mg0.25Mn0.05Zn0.5Fe3Cu0.2O4,1.1831274287013995,1.5116035007915123
Mg0.15Mn0.15Zn0.5Fe3Cu0.2O4,1.253725595250898,1.512444803407724
Mn0.1Fe2Co0.9O4,4.942459484579751,4.155469229374749
Mg0.2Mn0.1Zn0.5Fe3Cu0.2O4,1.2369652991029796,1.4415316988730786
Mg0.05Mn0.25Zn0.5Fe3Cu0.2O4,0.8210547550468882,1.554748045724824
Mn0.25Zn0.75Fe2O4,0.06445798922691845,2.368632877753765
Mn0.2Zn0.5Fe2Co0.3O4,2.5528202533907995,2.9314157499461344
Mn0.2Fe2Co0.8O4,4.881675610779486,4.014135421415078
Gd0.15Mn0.2Fe1.85Cu0.8O4,0.5542468081661106,2.1062983729338858
Mg0.1Mn0.2Zn0.5Fe3Cu0.2O4,1.3431524716622567,1.5470520236623793
Mn0.2Zn0.8Fe2O4,3.9777693180915743,2.452413012134366
Mn0.3Fe2Co0.7O4,4.801753474642573,4.173374083114931
Mn0.3Zn0.5Fe3Cu0.2O4,0.9800488450649568,1.9668002260386368
Mn0.4Fe2Co0.6O4,4.698718040459926,3.0761848789858837
Gd0.15Mn0.4Fe1.85Cu0.6O4,0.6685722691845579,1.6638297529944253
Ce0.5Mn0.5Fe2O4,2.3745833927327253,2.7947979977392894
Mn0.54Al0.46,6.079181607959542,5.915109675718116
Mn0.54Ga0.46,0.3010299956639812,1.9921359908249232
Mn0.55Al0.45B0.02,6.176091548585239,5.190422976878407
Mn0.55Al0.45C0.02,6.176091548585239,5.59409454279649
Mn0.5Fe2.5O4,0.651278013998144,2.9229197006648775
Mn0.5Ga0.5,0.386605965382485,1.9375800764846143
Dy0.005Ho0.005Mn0.5Zn0.5Fe1.99O4,2.2106662443091163,2.051476955835926
Dy0.015Ho0.015Mn0.5Zn0.5Fe1.97O4,1.794139355767774,1.9003556807700148
Dy0.01Ho0.01Mn0.5Zn0.5Fe1.98O4,2.230602174740531,1.9284268355248333
Dy0.025Ho0.025Mn0.5Zn0.5Fe1.95O4,1.2105860249051565,1.8817301559660073
Dy0.02Ho0.02Mn0.5Zn0.5Fe1.96O4,1.3348556896172916,1.7135765784198078
Dy0.03Ho0.03Mn0.5Zn0.5Fe1.94O4,1.115943176939055,1.9180387030723107
Mn0.5Zn0.5Fe2O4,4.840049607397012,2.83169859004703
Mn0.625Ga0.375,0.4006070565806896,1.2997021647814517
Mn0.62Ga0.38,0.3010299956639812,1.3367874295481337
Mn0.6Fe2Co0.4O4,4.924284456203511,2.4068076855397935
Gd0.15Mn0.6Fe1.85Cu0.4O4,0.42504487455138884,1.573602447892914
Mn0.6Al0.2Zn0.4Fe1.8O4,3.431524584187451,1.3118175132502232
Mn0.6Zn0.4Fe1.99Bi0.01O4,0.7528164311882715,1.4387750109951427
Mn0.6Zn0.4Fe1.98Bi0.02O4,0.7520484478194386,1.2984668821291017
Mn0.6Zn0.4Fe1.97Bi0.03O4,0.7201593034059569,1.1954259355405432
Mn0.6Zn0.4Fe1.96Bi0.04O4,0.7067177823367587,1.147236423712638
Mn0.6Zn0.4Fe1.95Bi0.05O4,0.6893088591236203,1.150880355349809
Mn0.6Zn0.4Fe2O4,4.955644462991986,3.3722679411655823
Gd0.02Mn0.6Zn0.4Fe1.98O4,2.103358939866563,2.554538019571282
Gd0.04Mn0.6Zn0.4Fe1.96O4,2.160168292958512,2.3690273788281053
Gd0.06Mn0.6Zn0.4Fe1.94O4,1.6838572054003464,2.2967959108532705
Gd0.08Mn0.6Zn0.4Fe1.92O4,1.9079485216122722,2.0065647859991027
Gd0.1Mn0.6Zn0.4Fe1.9O4,1.9873086737311825,2.0320182494599277
Mn0.72Ga0.28,0.3010299956639812,3.998786839746103
Mn0.74Al0.69Co0.57,4.6857506930353505,4.819186902388787
Mn0.75V1In1Co1.25,1.1038037209559568,3.0937671917107643
Mn0.75Ga0.25,0.4299459741178182,1.1678313367349324
Mn0.75Zn0.25Fe2O4,0.09342168516223508,3.5907371056709376
Mn0.7Zn0.3Fe2O4,5.800174558638744,2.6601904516028263
Ce0.2Mn0.8Fe2O4,2.4242198948945903,2.643886138456167
Mn0.8Fe2Co0.2O4,4.9222114723180175,2.765397090716305
Gd0.15Mn0.8Fe1.85Cu0.2O4,0.42716140292596555,1.7527995707131447
Ce0.05Mn0.8Zn0.2Fe1.95O4,5.230451476044183,4.165189683016029
Ce0.03Mn0.8Zn0.2Fe1.97O4,5.113946693020772,4.379811982573571
Ce0.015Mn0.8Zn0.2Fe1.985O4,5.204122696987954,4.0744328126564975
Ce0.1Mn0.8Zn0.2Fe1.9O4,5.322221362797957,3.4998340633708187
Mn0.8Zn0.2Fe2O4,5.041396633271932,3.4985997163900873
Ce0.1Mn0.9Fe2O4,2.1904941779659697,2.847795625196498
Ce0.075Mn0.925Fe2O4,2.468156730811004,2.763599766546998
Ce0.05Mn0.95Fe2O4,2.394301052588989,2.7539795305114305
Ce0.025Mn0.975Fe2O4,2.6533871615457008,3.078069325532354
Mn,4.217510264294027,2.262387472647164
Mn1.14Al0.86,2.5577477416414682,5.016543921667537
Mn1.15Co1.85O4,4.954247334906761,2.7452828480675846
Mn1.17Co1.6Cu0.23O4,4.8750670539461884,2.830413098597126
Mn1.1Ga1.4Fe1.5,6.056905232296377,3.5912281770630594
Mn1.2Ga0.8,2.6334684555795866,1.1335862766279554
Mn1.4Ga1.4Fe1.2,6.146128345888472,5.294603449182242
Mn1.5Sn1Pt1,0.307282047033346,1.7494850340666495
Mn1.66Ga1,0.5784099703312359,1.1034679593704604
Mn1.6Ga1.4Fe1,6.243038296854499,5.624896275273367
Mn,-0.1903316981702915,2.262387472647164
AcMn12,0.21748394421390627,2.457181459111903
AcMn12,-0.23044892137827394,2.457181459111903
Mn11Ni111,-0.785329835010767,1.7472546262006277
Mn2.65Fe0.35Sn1,5.724276689023567,3.142044367000489
Mn2.6Ga1.4,6.152288650224134,2.9661818443779415
Mn2.75Fe0.25Sn1,4.079217435746567,4.665449253949374
Mn2AlNi,-5.832509551374122,4.722321824766919
Mn2Au,-0.20951501454263097,2.6211395184152653
Mn2Bi2Te5,0.04139268515822508,1.3075397007464478
Mn2GaCo,5.204122696987954,3.4387509745223475
Mn2CrGa,6.390935283645816,2.468831604550839
Mn2Ga1.4Fe0.6,6.170262008837076,5.097940736231628
Mn2Ga1Fe0.73,6.0000004342942646,5.249820187710485
Mn2GaFe,6.064458363618552,4.703139993714024
Mn2Ga,6.371068047077859,3.1998845614017393
Mn2N3,0.2787536009528289,2.3013204986262084
Mn2SnPt,0.8355637516690968,1.6984118084364117
Mn2Se2O,-2.4874212113594742,1.331494939058955
Mn,4.184719815150271,2.262387472647164
Mn(CO)4,0.09342168516223508,3.2476556089028286
Mn3Ga,0.3979400086720376,1.1467866672387723
Mn3AgN,0.06069784035361165,0.5463853058512711
Mn3Ga,0.5384480517102173,1.1474099479432107
Mn3GaC,-3.739651443709377,2.1200410693580873
Mn3GaN,0.18184358794477257,0.8038771251413994
Mn3NiN,-0.07188200730612537,1.3827868948981443
Mn3Pt,5.357613390214205,1.751577479616688
Mn3PtN,5.411202768919845,1.3693725750900687
Mn3ZnN,0.15533603746506178,0.8305563668595717
Mn48.835Al48.835C2.33,6.008600597540613,5.998543382360088
Mn4(Br11O)3,-0.026124516745450282,2.220318895940658
Mn,4.217510264294027,2.262387472647164
Mg3Mn50In0.5Bi45Sb1.5,5.177822448566039,3.3703703598760533
Mg3Mn50In0.5Bi46Sb0.5,5.191701067021859,4.318549821205554
Mn51Al47C2,0.3010299956639812,6.064651651132731
Mn52.2Al45.8C2,6.230449176845541,5.168956117399511
Ti0.5Mn52.8Al45C1.7,6.230449176845541,5.583185585855685
Mn54.2Al43.8C2,6.230449176845541,6.0201056247965
Mn27Al23,6.230449176845541,5.135642191069238
Mn55(Al4Ga)9,6.230449176845541,4.512852669927691
Mn55Al42Cu3C2,6.025037831069145,6.0015887339158835
Mn55Al43(CuC)2,6.148725939308094,5.888873911947439
Mn55Al44C,6.230449176845541,5.851315183099102
Mn55Al44CuC2,6.126896838201609,5.9535949819946365
Mn11Al9,6.230449176845541,5.036049538520737
Mn55Al45C2,6.0400238845717,6.205925033910599
Mn11Bi9,6.204120254089891,4.466339258634525
Mn5Ge3,5.482714265459865,1.9692558026655378
Mn5Ge3C0.2,4.77815848856469,3.0105770622720325
Mn5B2P,5.790285867913517,1.878704523677598
Mn5Si2,5.42488326931402,1.0948572808577541
Mn5Si3,0.04921802267018165,4.279210043851923
Mn,0.35793484700045386,2.262387472647164
Mn,-0.10140335055533072,2.262387472647164
Mn,-0.13608609738409738,2.262387472647164
Mn,-0.13417710757676637,2.262387472647164
Mn,3.33252430034087,2.262387472647164
MnAl,2.459392487759231,3.8193681114589406
MnAlC,6.176091548585239,3.4663849846234034
MnAlNiC,6.0000004342942646,3.378709370942617
MnAlC,6.230449176845541,3.4663849846234034
MnAlGe,5.724276689023567,3.6218482511423775
MnAs,3.707655323531187,0.4320930617296649
MnAu2,0.13033376849500614,2.0132755385106673
MnB,0.28330122870354957,1.8893777860063319
MnB2,0.33243845991560533,3.3398939387811164
MnB3,4.812920038045028,1.2294133767084463
MnBi,5.954242991988481,1.156420010846312
GMnBi2BP,5.959041869567515,5.363660568336282
MnBiSb,6.204120254089891,0.2723213597054233
Mn1Bi0.875Sb0.125,-5.63346946556558,-0.7137423049777363
Mn1Bi0.9375Sb0.0625,-5.612784915973278,0.0041828950723366565
Mn(BiSe2)2,-0.029383777685209663,0.758985840389765
Mn(BiTe2)2,0.15956719323362029,1.293009122958983
Mn(Bi3Te5)2,1.255272505103306,2.009135344251038
MnBi,5.954242991988481,1.2354187524209679
MnBiC,6.086360186653686,2.5255921423665484
MnBr3,-0.27207378750000993,0.303592425683255
MnCl3,-0.019531684531255453,0.8852734754124552
MnCl3,0.04218159451576628,0.8852734754124552
MnCoAs,0.06818586174616162,2.3734784532792004
MnCoSn,5.342424654883547,0.8659545206082724
MnVInCo,1.9903388547876015,2.5715588915905765
MnCrP,5.60652216549477,1.6213622942331718
MnF2,5.373097826526259,1.8356106053313872
MnF3,-0.0005642161653756039,3.74792829790358
O2,5.466405658939916,3.3266032839403126
MnFeGe,5.63346946556558,3.0278573764531114
MnGa,2.6414741105040997,1.9899444526492425
MnGaGe,5.908485555044346,3.343919974040265
Gd0.125Mn1Fe1.875O4,4.702439153314047,2.461209425087934
Gd0.25Mn1Fe1.75O4,4.217510264294027,2.5988384787964316
Gd0.5Mn1Fe1.5O4,4.089940418498635,2.785144637176523
MnGeAs2,2.092018470752797,2.2424553503875826
MnGeP2,1.7267272090265722,1.4674657421846984
MnGeSe3,-0.00056855345003812,0.060002978301537266
MnI3,-0.339650157613684,0.6889965431926628
MnIr,-0.6404814369704218,1.6208380740021842
MnN,4.568213461597081,0.25568508381477195
MnNi,-5.986772181992285,2.780107868000497
MnGaNi,5.819544593563313,4.058785278715887
MnP,0.29402509409532274,2.2597236602167765
MnPS3,0.003757715319822842,0.9506795134082112
MnPSe3,-0.014940349792936526,1.1030874559148272
MnPd,-0.13353890837021748,1.6657783176534124
MnPd2,0.05690485133647264,0.2245756174234831
MnPPd5,4.236814275171272,1.835834420000733
MnAsRu,0.08990511143939793,3.0394369028895767
MnS,-0.09691001300805642,1.2859965688404822
MnS2,1.7846172926328754,0.6866641782890586
MnSeS,0.1931245983544616,0.8110932287873233
MnTeS,0.8450980400142568,0.39598522388673374
MnSb,-5.113612494358711,3.4226208814205297
Mn(SbO3)2,4.035119416998138,2.3779439826752733
Mn(SbTe2)2,0.0799044676667207,1.5842138423278556
MnSe,-0.14921911265537988,0.8367784451814728
MnSe2,0.24303804868629444,0.9642244471877071
LiMnSe2,-0.6812412373755872,0.5812392301141608
MnTeSe,0.7075701760979364,0.4770156536651454
MnTe,5.770852747733863,0.4924769797851583
Mn(FeO2)2,4.033463966077405,3.1014234959677527
Yb0.025Mn1Fe1.975O4,3.9877109431303057,3.196868741334811
Yb0.05Mn1Fe1.95O4,3.9074651067658563,3.2661790202223226
Yb0.075Mn1Fe1.925O4,3.696443763138999,2.910833011027368
Yb0.1Mn1Fe1.9O4,2.250420002308894,3.043885103048361
MnFe,1.0413926851582251,2.248784601979895
MnZn,1.0413926851582251,0.8936910803416759
GdMnZn,1.0413926851582251,3.560296067663972
QMo,0.8041394323353505,1.5749781898029025
MoBr3,0.2591158441850663,0.4997232862267123
MoCl3,0.348888723071438,0.5924610481160641
MoI3,0.11826472608947931,0.5186253352370829
AEMRPN2O,4.672107098145544,2.9125271264739903
CN,1.6127838567197355,0.7281450244793493
C2N,-3.8573928109209015,1.0552384460747322
C3N,-3.9777693180915743,-0.5300462307531276
CNOF,0.11793383503964149,4.656840521339514
GCNOF,0.12483014941385918,1.9960157363603115
G2CNOF,0.13893394025692368,2.155097950696888
G3CNOF,0.125481265700594,1.246109770754398
G4CNOF,0.11327469246435044,1.7290040659921444
CSNOF,4.546555001214298,3.178177849845845
CS2NOF,4.5658596199936605,3.763749857000483
CS3NOF,4.475685712980604,4.004054844387255
CS4NOF,4.478580923742277,4.113368315420925
ZCN,2.9505756210615126,2.231984071068305
ZCN,2.9431263472584672,2.231984071068305
ZCN,2.904027593104921,2.231984071068305
AEMXNO,-6.7781513227660515,1.6404800125437322
MWNF,2.542887642342411,2.612067474372828
G3MN,-5.645423251914681,-1.8483567708752435
G4MN,-5.060701616810948,-1.4530407033426551
M1G4.25N1,-4.653222164656599,-1.2410464102611725
G5MN,5.14301792466359,-2.9161966677423887
Z1M1C0.2N1,4.3457852819592135,1.2148144899829665
Z1M1C0.5N1,4.685392371625693,1.8110346533454744
ZCNF,2.8398832417099062,1.6535445603220098
BaNa2Co(PO4)2,-0.5185139398778875,0.8409802410348545
Na2IrO3,-1.255272505103306,0.4216385758669864
Na2Ti3O7,1.0849692884749875,0.9313086148561861
Na3Ni2SbO6,0.02816441942446987,1.079293505431691
Na4IrO4,1.1139433523068367,1.7318506558367874
NaCrS2,0.011147360775797479,0.770431140410232
NaCrSe2,0.08314414314305228,0.3158970333300421
NaCrTe2,0.4146391467370091,0.29025293999319024
NaOsO3,0.48429983934678583,1.6378974994258533
NaYbSe2,1.3044258958093975,0.6828227284823478
CeNdFeB,6.633468556578292,5.736210399520112
NdSmFe2BN,6.933408947454571,3.533281552340877
MagnetNdFeB,0.8864907251724818,5.7413611972906295
NdGaFeB,6.633468556578292,4.295549664671814
LaNdFeB,6.427978549552817,6.027620837436084
Ce0.15Nd0.85Fe0.78B0.07,6.709676088081321,3.5458622523374723
Ce0.2Nd0.8Zr1Cr0.1Fe12Co1.9B0.5C1,5.63633967935601,5.416810999933142
Ce0.2Nd0.8Zr1Mn0.1Fe12Co1.9B0.5C1,5.608227487241144,5.397014261314667
Ce0.2Nd0.8Zr1Fe12Co1.9Ni0.1B0.5C1,5.578925303173584,5.4370992437577845
Ce0.2Nd0.8Zr1V0.1Fe12Co1.9B0.5C1,5.560132088567076,5.444523557361297
Ce0.2Nd0.8Zr1Fe12Co2B0.5C1,5.623296853379422,5.317364791064791
Tb0.2Nd0.8Fe3B4O12,-0.00646604224923168,0.5233287159351186
Nd0.9Fe1Co0.1O3,2.5547313766759667,1.858056045972214
Nd0.9Fe1Ni0.1O3,1.6344772701607315,2.348189623451578
Nd0.9Dy0.12Fe14B1,6.667203076540468,6.000975514560338
Tb0.1Nd0.9Fe3B4O12,-0.00646604224923168,0.5850894328424856
Nd1.9Zr0.1Fe12Co2B1,5.999614827188708,6.21614872266153
Nd10.8Dy1.5Zr2Nb2Fe79.7Cu2B6,3.8513195126487454,6.201486650450789
Nd13.65Ga0.8Fe73.35Co6.6B5.6,6.633468556578292,5.999003599036692
Nd13.65Ga0.6Fe73.55Co6.6B5.6,6.633468556578292,6.043067429030521
Nd13.65Ga0.43Fe73.72Co6.6B5.6,6.633468556578292,6.323554439246967
Nd13.65Fe74.15Co6.6B5.6,6.633468556578292,6.110269770794986
Nd15Co78B7,6.250084636553804,5.860096865626829
Nd15Fe78B7,6.694605286669819,5.843320634661217
Nd16Fe62.4Co15.6B6,6.633468556578292,5.094355631584856
Nd4Co21,5.146131137770602,5.192956156859797
Nd17Co83,5.000004342923105,3.917149345734727
M7Nd2Fe7B,6.633468556578292,3.1165913021592413
Nd2Fe11.2Co2.8B1,6.113943686379387,6.063588888552
Nd214B,6.709676088081321,4.2515853670524235
Nd2.5Dy0.5Ti14.5Fe14.5,-6.324282661124412,4.318802861905776
Nd2Co17,6.3367100314755955,3.9838302003676676
NdFe7,0.8573324964312685,5.39425555149029
Nd2Fe14B,6.130334090194503,5.9522605067619425
Nd2Fe14B,6.630427976733322,5.9522605067619425
Nd2Fe14C,0.47712125471966244,4.684033343678351
Nd3Ti1.3Fe16.62Co11.08N3.5,-2.13956426617585,-0.8543409652041732
Nd3Ti1.3Fe19.39Co8.31N3.5,-2.3283796034387376,-1.2293063979131762
Nd3Ti1.3Fe22.16Co5.54N3.5,-2.558708570533166,-1.008706070952764
Nd3Ti1.3Fe24.93Co2.77N3.5,-2.484299839346786,0.21363578522797122
Nd3Ti1.5Fe27.5,-6.255272746377951,1.6697954595328826
Nd3(Al3Ru)4,6.477121399484465,2.5868350983071937
Nd5Fe17,-7.113943385714103,4.3442400579996985
Nd5Fe17H16,-6.354108631313059,4.079401868517866
Nd6AlFe2Co,5.7226347450604615,5.081849058749136
Nd7.4Dy0.6Fe87.5B4.5,6.653212610285218,4.97553538033702
Nd14(GaCu)3,6.639486588877401,4.050178315289472
Nd7Cu3,6.639486588877401,3.545062768971947
Nd4Fe43B3,6.633468556578292,0.4920235186996469
NdAlSi,0.08564728829685654,2.1829921225032405
NdDyFeCoB,6.619354350849375,4.957667812959444
Nd1Fe10.5Mo1.5C1.4,6.378398082661272,5.426887808820103
Nd1Fe10.5Mo1.5C2.2,6.491361833929244,6.007336774581612
Nd1V1.25Fe10.75C1.5,6.245512914572308,5.791221203071667
Nd1V1.25Fe10.75C2.3,6.354108631313059,5.530917260469705
NdTiFe11,6.6020600999015695,6.468370910579347
Nd1Ti1Fe11C1.4,6.3138674311916665,5.116051836578654
Nd1Ti1Fe11C2.1,6.396199521511156,5.737842054088931
NdFe12N,6.724275951543136,3.7283563763062517
NdFe3N,0.8388490907372553,3.1590840433793708
NdFeCo,5.170264649807219,4.505474392888291
NdNiO3,0.36172783601759284,2.1568348043302863
NdYFeB,6.195899929029835,5.470576722222308
Ni,1.413299764081252,2.809557699929276
Ni,1.290034611362518,2.809557699929276
Ni,-0.5786392099680724,2.809557699929276
GNiHF5,-0.13353890837021748,0.5094642572799719
FeNi,1.7853298350107671,4.487636895639923
MnGaNi,5.389167856991453,4.117943558055227
MnNiSn,4.8451042441768255,1.5834689786039906
MnCoNiSn,1.0863598306747482,0.25845034721619786
NiW,-3.7324741772811936,2.012568399296948
Zn0.4Fe2Co0.528Ni0.072O4,2.571281312941552,3.3572051440357904
Zn0.64Fe1.98Cu0.2Ni0.16O4,2.978322061996402,2.971796654373487
Fe2Cu0.9Ni0.1O4,3.5520595341878844,3.190835546715689
Er0.015Fe1.985Cu0.9Ni0.1O4,3.537189226243645,3.52071507012172
Er0.01Fe1.99Cu0.9Ni0.1O4,3.6021685513789974,3.509615829300301
Er0.02Fe1.98Cu0.9Ni0.1O4,3.561935763313781,3.584426500175349
Er0.025Fe1.975Cu0.9Ni0.1O4,3.562530768862261,3.6547306517627702
Er0.03Fe1.97Cu0.9Ni0.1O4,3.526339277389844,3.6515694148897935
Fe2Cu0.9Ni0.1O4,3.0207489908677574,3.190835546715689
Fe2.9Ni0.1O4,3.2043913319193,2.419912833721872
Mg0.4Cd0.3Fe2Cu0.2Ni0.1O4,3.6684791029325856,2.3351039647342042
Zn0.45Fe2Cu0.3Ni0.25O4,3.3406423775607053,2.767203401340677
Zn0.2Fe2Cu0.55Ni0.25O4,1.8526446527415465,2.948422821848875
Zn0.75Fe2Ni0.25O4,2.1280760126687155,2.7945867221607816
Zn0.54Fe1.98Cu0.2Ni0.26O4,3.077974403590905,2.840230022872987
Fe2.8Ni0.2O4,3.681331705969166,2.6450893323657407
Mg0.3Cd0.3Fe2Cu0.2Ni0.2O4,3.3600250891893975,2.8189974916028318
Zn0.4Fe2Co0.264Ni0.336O4,2.4045549263664467,2.7938921225088986
Zn0.45Fe1.98Cu0.2Ni0.35O4,3.225205865965902,2.91947526738727
Fe2Co0.7Ni0.3O4,3.697943858029254,3.7405192744915903
Pr0.05Fe1.95Co0.7Ni0.3O4,3.476976465759527,4.0999962704354385
Fe2Cu0.7Ni0.3O4,2.397801012197206,2.9524992770976546
Fe2.7Ni0.3O4,3.1763806922432702,2.915528427870215
Mg0.2Cd0.3Fe2Cu0.2Ni0.3O4,3.401572845676446,2.886516753894435
Zn0.35Fe2Co0.35Ni0.3O4,3.2846562827885157,3.0167361288845687
Zn0.45Fe2Co0.25Ni0.3O4,3.22219604630172,2.486697158782748
Zn0.55Fe2Co0.15Ni0.3O4,3.003029470553618,2.2715296902703286
Zn0.65Fe2Co0.05Ni0.3O4,2.9169800473203824,2.777071995563236
Zn0.37Fe1.98Cu0.2Ni0.43O4,3.2586779809614677,2.6356007535979358
Mn0.05Zn0.5Fe2Ni0.45O4,-3.230704313612569,2.551041374264053
Zn0.4Fe2Co0.132Ni0.468O4,2.2095820301251887,2.5999565237190883
Fe2Cu0.6Ni0.4O4,3.3845886903281235,3.1821034588366546
Ho0.02Fe1.98Cu0.6Ni0.4O4,3.50812863625,3.4333983538139696
Ho0.04Fe1.96Cu0.6Ni0.4O4,3.6011152425771114,3.350224188343925
Ho0.06Fe1.94Cu0.6Ni0.4O4,3.2552358297985218,3.3488877096515735
Ho0.08Fe1.92Cu0.6Ni0.4O4,3.2414725147448475,3.353151053347532
Fe2.6Ni0.4O4,3.8129801660394804,3.197835708893499
Mg0.1Cd0.3Fe2Cu0.2Ni0.4O4,3.127428777851599,3.0248260228055064
Zn0.35Fe2Co0.25Ni0.4O4,3.7416242575038123,2.8936401320307077
Zn0.4Fe2Co0.2Ni0.4O4,3.4095950193968156,2.7708895369688826
Zn0.45Fe2Co0.15Ni0.4O4,3.209783014848515,2.424779333364968
Zn0.5Fe2Co0.1Ni0.4O4,2.526339277389844,2.2842660804284414
Zn0.55Fe2Co0.05Ni0.4O4,2.3324384599156054,2.523407916136505
Ce0.1Zn0.6Fe1.9Ni0.4O4,3.7764832558336816,3.0440960274904634
Zn0.3Fe1.98Cu0.2Ni0.5O4,3.2237917730629424,2.5418585430856107
Zn0.5Fe2Ni0.5O4,2.7456992266025058,2.8184049023902613
Zn0.4Fe2Co0.066Ni0.534O4,2.066854957660432,2.18773505065327
Zn0.4Fe2Co0.033Ni0.567O4,2.040890982763338,1.8552663456210283
Zn0.3Fe2Co0.2Ni0.5O4,3.7612739511142865,2.8845752096076853
Zn0.3Fe1.975Co0.2Ni0.5Bi0.025O4,3.4311003731685457,3.1639615748765024
Zn0.3Fe1.95Co0.2Ni0.5Bi0.05O4,3.8500645404876157,3.202869737125151
Zn0.3Fe1.925Co0.2Ni0.5Bi0.075O4,3.664277090152101,3.099336861308747
Zn0.3Fe1.9Co0.2Ni0.5Bi0.1O4,3.104933126616433,3.2148408872669787
Dy0.02Fe1.98Co0.5Ni0.5O4,4.243655548489076,3.7547593854334433
Gd0.02Fe1.98Co0.5Ni0.5O4,4.347614897115872,3.6513897131827746
La0.02Fe1.98Co0.5Ni0.5O4,3.8720688221022472,4.031043490927356
Nd0.02Fe1.98Co0.5Ni0.5O4,4.065490083230764,4.049169999299705
Sm0.02Fe1.98Co0.5Ni0.5O4,4.241474258192712,4.09874684274946
Zn0.4Fe2Cu0.1Ni0.5O4,0.022387125686438136,2.510706087946227
Fe2Cu0.5Ni0.5O4,4.748195782195563,2.937310465226014
Fe2.5Ni0.5O4,2.7788744720027396,3.4446234414286994
Mg0.1Zn0.4Fe2Ni0.5O4,2.662729507204772,2.3503973315485114
Mg0.2Zn0.3Fe2Ni0.5O4,3.6503774709722996,2.5581235910839966
Mg0.3Zn0.2Fe2Ni0.5O4,3.701867484515245,2.6028121964501985
Mg0.4Zn0.1Fe2Ni0.5O4,3.8259827484433435,2.5437850458532307
Mg0.5Fe2Ni0.5O4,3.183084695098672,2.779289371914883
Zn0.5Fe2Ni0.5O4,3.3001017857280517,2.8184049023902613
Ce0.04Mn0.25Fe1.96Co0.25Ni0.5O4,3.49004659431709,3.464615496801051
Ce0.1Mn0.25Fe1.9Co0.25Ni0.5O4,3.438873204168753,3.564952729541247
Ce0.1Zn0.5Fe1.9Ni0.5O4,3.7318304202881625,3.117493078170835
Eu0.05Zn0.5Fe1.95Ni0.5O4,4.085682943194615,2.624404919381345
Zn0.35Fe1.99Co0.01Ni0.65O4,0.00475115559100102,1.280484634871848
Zn0.35Fe1.98Co0.02Ni0.65O4,0.006209240537657457,1.446315254055306
Zn0.35Fe1.97Co0.03Ni0.65O4,0.003576845411608664,1.3860766813382328
Zn0.35Fe1.96Co0.04Ni0.65O4,0.0029259520845349714,1.6142016439891014
Zn0.35Fe1.95Co0.05Ni0.65O4,0.00646604224923168,1.4439220644296153
Zn0.35Fe2Ni0.65O4,0.014184397501279547,1.9654070396877346
Zn0.3Fe2Cu0.1Ni0.6O4,0.04095817338420735,2.158701269721872
Ce0.1Zn0.4Fe1.9Ni0.6O4,3.4379090355394983,3.2622168830801757
Fe2Cu0.25Ni0.75O4,4.763435481334283,2.87473284722566
Ni0.75Pd0.25,-3.0599040558844055,2.241259842416595
Al0.05Cr0.05Fe1.9Co0.2Cu0.1Ni0.7O4,3.2341058249486045,3.0756768276051614
Al0.1Cr0.1Fe1.8Co0.2Cu0.1Ni0.7O4,3.196267678567575,2.6823358109685906
Fe2Co0.2Cu0.1Ni0.7O4,3.5774102183439744,3.2712432216315994
Zn0.2Fe2Cu0.1Ni0.7O4,0.05419157679643179,2.6126407275555126
Fe2Cu0.3Ni0.7O4,2.7406200314188065,3.1317201814260787
Fe2.3Ni0.7O4,3.653309012938479,3.2226169733142953
Ce0.02Zn0.3Cr0.5Fe1.48Ni0.7O4,0.5538830266438743,2.2764586803526736
Gd0.02Zn0.3Cr0.5Fe1.48Ni0.7O4,0.5751878449276611,1.4498402690981669
Sm0.02Zn0.3Cr0.5Fe1.48Ni0.7O4,0.7067177823367587,1.5684484881696688
Mg0.08Cu0.08Ni0.84O1,1.845098040014257,2.0933910217154543
Ni0.86Ge0.14,3.546752357340005,2.709635459624684
Mn0.05Fe1.95Co0.2Ni0.8O4,3.15259407792747,3.2643758118181916
Mn0.1Fe1.9Co0.2Ni0.8O4,3.382197210377454,3.17385362823204
Fe2.2Ni0.8O4,3.556423121371285,3.33167516292321
Cs0.2La0.2Fe1.8Ni0.8O4,3.9084474856349267,2.8845541913491646
Zn0.2Fe2Ni0.8O4,3.864437861855088,2.5480964909201385
Ni0.91Ge0.09,3.0881360887005513,2.741790721246419
Ca0.08Fe2Ni0.92O4,0.19700472802304575,3.379908126363567
Mg0.04Cu0.04Ni0.92O1,2.167317334748176,1.8991441298400178
Ni0.95Ge0.05,3.5590383651229627,2.4062441054239327
Mg0.01Cu0.01Ni0.98O1,2.828015064223977,1.8533400449387871
Cs0.1La0.1Fe1.9Ni0.9O4,3.9367097339516706,3.200308076422696
Fe2CuO4,2.781253312921504,3.161422795137514
Fe3O4,3.716086853774832,3.754232409599183
Mn1Ga1Ni1.75Pt0.25,5.389167856991453,3.3992662280864168
Ni,5.113737848996358,2.809557699929276
Cu73Ni27,3.700790221374347,3.7961757959223474
GaCoNi2,6.113943686379387,2.1018256765124623
InCoNi2,6.100370889795586,2.330987992098582
GaFeNi2,6.1553363411673905,2.0896715599778983
FeNi2Ge,5.977724062440694,2.827086934957225
Mn0.8In1.2Ni2,3.9031442704095385,2.9685348449539477
MnGaNi2,5.243040530361958,2.9692264188958166
MnNi2Sn,-0.021189299069938092,1.4935905535301444
Ni2NO2,0.06069784035361165,1.7213065705749935
NbNi2BO6,4.516548594226752,1.0488520482508223
AlNi3,-2.9827233876685453,1.6357949968174865
Na2Ni3,0.1846914308175988,1.7843314494135334
Ni3Pt,5.113946693020772,2.686077373061009
Fe3Co3Ni4,5.886491289190923,3.4482034342752304
Mn39Co8Ni42Sn11,6.0000004342942646,0.961200824013961
Mn39Co5Ni45Sn11,0.06445798922691845,4.154262576864958
Mn23Ga22Co5(CuNi9)5,-5.161370997359005,-3.565062361632236
Mn22.5Ga23Co5Cu3.5Ni46,-5.2922582871389965,0.08152732688641612
Mn12Ga11Co2Cu2Ni23,-5.290036838507997,-0.12143952865636098
Mn31(Ga7Ni16)3,5.230451476044183,3.0876947820568197
Mn4Ga26Fe14.5Co6Ni49.5,-5.176094154342576,4.223853675936381
Ga27Fe18Co6Ni49,5.079184865153228,4.119659927527416
Ni5Te4(ClO6)2,0.07918124604762482,1.202712529809746
CoNi,5.33422950884854,1.0477467662408009
CuNi,5.9222067969297125,2.0961860767827507
Mn32.9Ni51.6Sn15.5,0.15228834438305647,2.804160728129952
Ga9Fe6CoNi17,4.672107098145544,4.28759557469073
Mn24Ga25Ni51,5.041396633271932,3.0087677302134077
Mn27.3Ga20.6Ni52.1,5.301032167130962,2.9601561996270824
Ga27Fe19Ni54,5.278755886707245,4.342076057279242
Ga27Fe15Ni58,5.2027634102340805,4.187019668144589
Ga27Fe14Ni59,5.054616884297338,4.070825711913334
Ga27Fe13Ni60,5.020365426659253,4.553137788672765
Mn12Ni37Pt,2.626212010796037,1.9354790139422526
Mn11Ni39,3.386855529184724,1.9537998045085192
CoNi4,-3.477265995424853,2.7997341969130796
Al0.1Fe1.9Ni1O4,3.0940516555099644,2.749104047184184
Al0.2Fe1.8Ni1O4,2.966939163021113,2.6915538552956337
AzNi,-0.7634279935629373,2.4659155609696204
Fe1.95Ni1Bi0.05O4,2.41161970596323,2.9743404855976756
Fe1.9Ni1Bi0.1O4,2.2933625547114453,2.865558472612666
NiBr2,0.04139268515822508,0.2629680398515257
NiCl2,-0.6627578316815741,1.4629220938667926
ACoNiBHC,0.26717172840301384,4.619802381870408
JeffamineCoNi,0.15533603746506178,3.3632887640585754
A2CoNiP,0.23552844690754898,4.340420096105187
CuNi,4.518527100117336,2.0961860767827507
A3NiHC,0.04139268515822508,2.0720397672791004
NiF24,1.1238516409670858,2.332327809630489
NiH2OF223,0.9542425094393249,2.3177571803829964
FeNi,2.699837725867246,4.487636895639923
NdFeNi,4.1761202110560856,4.864616830334603
FeNi2O,4.607465746402825,3.4804291493336086
TbFeNi,4.477135730961123,4.645077786962819
Y0.08Cr1.42Fe0.5Ni1O4,3.445759836488631,2.886156674787969
Y0.06Cr1.44Fe0.5Ni1O4,3.1109262422664203,3.0913289576380256
Y0.04Cr1.46Fe0.5Ni1O4,3.182129214052998,3.028660197099276
Cr1.5Fe0.5Ni1O4,3.4488608456074408,2.628887082405874
La0.03Fe1.97Ni1O4,4.553895157605227,4.282419148686257
Sm0.03Fe1.97Ni1O4,4.553895157605227,3.2094358927263524
Fe1.98Ni1O4,4.000043427276863,2.551943020150974
Fe2NiO4,2.4727564493172123,2.8945503985172336
Fe2NiSe4,4.662767272763343,3.8082424558019263
FeCoNi,2.8961126693085815,4.0360243347237565
Gd0.01Fe1.99Ni1O4,1.4008487052792116,2.8653301749630895
Gd0.03Fe1.97Ni1O4,1.3907408669529158,2.757370511406548
Gd0.05Fe1.95Ni1O4,1.3888291538988402,2.6137916993645702
Gd0.07Fe1.93Ni1O4,1.3785614120185763,2.561943303731515
Gd0.09Fe1.91Ni1O4,1.3680450262086763,2.645575052653916
Gd0.1Fe1.9Ni1O4,1.5838785984986261,2.6971849863431903
NiI2,-0.08278537031645007,0.6568245821532148
MnGaNi,5.222719071705557,4.117943558055227
MnInNi,2.7594789799413166,4.147461089049801
MnZnNi,2.762809057488166,2.5990100131651817
GdMnZnNi,1.8344143450042083,3.441655582602941
PrMnZnNi,3.4451771706474132,3.589557361531282
MnZnNi,2.350242201851259,2.5990100131651817
Mn3NiN,0.012837224705172217,1.2963480963884157
NiO,0.14612803567823798,1.3241224820377895
NiPS3,0.11394335230683679,0.4928019395364725
NiPSe3,0.10414555055400815,0.8514368421793065
NiPd,5.65321347887312,2.0187614424536457
Pr0.04Fe1.96Ni1O4,5.781468861158244,4.013564364100023
Pr0.08Fe1.92Ni1O4,5.937167205615219,4.142500886772154
Pr0.12Fe1.88Ni1O4,6.156064615533338,3.539301002520191
NiPt,-0.18383903705642124,3.1961324177675117
NiPd,0.41995574848975786,2.0187614424536457
MnGaNi,5.161370997359005,4.117943558055227
Np2Ga3Pd,4.165125569088229,2.8453871818868155
Np(FeP3)4,-1.5910646070264993,2.44410903886735
NpNiSn,0.8061799739838872,2.720121408286799
NpAlRh,1.0413926851582251,3.9007074171190816
OsBr2,1.2430380486862944,1.0021172868558443
OsCl2,1.1986570869544226,0.6123168819121938
OsCl3,-1.4575791469957626,1.0313124479795215
OsI2,1.4913616938342726,0.954267196249728
OsI3,1.4712917110589385,0.7079941153850933
P,4.301051709845226,3.339544549585025
APH,0.04139268515822508,2.901441835360213
AMP,0.07918124604762482,3.445633054811908
PN2F,1.075400955513898,1.7757288143844712
P(NF)2,0.9682447217376313,1.2416407407434757
PN2F3,0.9198726994787844,1.2553683564993319
P(NF2)2,0.8963222496020972,1.1302342553315612
PN2F5,0.8569221356085654,1.497541878798942
Fe12O19,4.729415894864112,3.6807263571043016
Cr0.3Fe12Pb0.3O19,4.808622783268944,3.90314670122104
Cr0.5Fe12Pb0.5O19,4.6377998291200475,3.870807165288479
CoTe(PbO3)2,6.732393840247865,1.8601382006790097
Fe12PbO19,4.619615005742807,3.318455870397928
FeBPbO4,-0.004321373782642578,2.0986918388695677
Ni0.6Pd0.4,9.815044200155312e-07,1.6860970288122101
CoPd4,5.414975018330998,2.758244558924734
CrPdO2,-0.00860017176191757,1.6199073782219944
FeIrPd,6.397940182389796,2.186451346665715
MnPd,-6.184691714670109,1.703834522495959
Pr1Fe0.76Co1.14,5.8633234550439965,4.961090751828288
Pr,5.447266203727067,3.2211292537110534
CePrNdAl,5.057194284524062,3.987329149423463
Pr0.5Sm0.5Co5,6.959041440045759,5.779495025595306
Pr13Co87,6.761726831849982,5.421777352647807
Pr17.5Co82.5,6.839309924028617,5.419705302297878
Pr27.5Co72.5,6.2987303629498435,3.9972652102584307
Pr2Co17,6.1579101681341175,5.491700978264812
Pr2Co7,7.093421720185982,6.184612408761334
Pr2Co7,6.719331369864345,6.18590503562619
Pr2Co7H0.25,6.722634004786547,5.188404359430609
Pr2Co7H,6.751279180985903,5.3994930907455885
Pr2Co7H2.5,6.758154697760487,5.516612691679425
Pr2Co7H3.75,6.750508471990679,4.258709871992286
Pr2Fe14B,6.748188104558779,6.007946783806133
Pr3Ti14.5Fe14.5,6.935713834053914,-2.084147078912464
Pr29(Al3Fe4)3,5.670246781052795,4.477122513810652
Pr5Co19,6.7902852344213205,5.524890892444517
Pr5Co19C1.5,6.555094569551696,4.5163975699558065
Pr6Fe13Si,3.595330849805335,1.9816639440021797
Pr1Fe0.75Co2.25,6.605305153906476,6.269699220140587
Pr1Fe0.5Co2.5,6.628389032237236,6.41354973253369
Pr1Fe0.25Co2.75,6.643452775189467,6.170218421085714
PrCo3,6.663701019596684,6.1600110732948945
PrTiFe10CoC,0.9030899869919435,1.2426498438366305
PrTiFe11,7.156062671400424,5.999643120659496
PrTiFe11C,-1.255272505103306,5.4258570691105295
PrFe3N,0.9444826721501687,2.579436307283539
Pr(FeAs3)4,3.8389120274059985,1.2983237053736782
PrTiFe8Co3C,-1.0,1.9464568929280879
PrTiFe9Co2C,1.7403626894942439,0.8949380531774465
GLaPrGaBPH,6.592398957131522,3.51029206916009
Pr(MnGe)2,6.724275951543136,3.8097087406787766
Pr1Cu0.9Ni0.1,5.031127947050439,3.7047493728157463
Pr1Cu0.6Ni0.4,4.645092952332089,4.603511786886857
Pr1Cu0.2Ni0.8,4.803886944797778,4.35052964739808
PrBrO,1.7481880270062005,1.8116611089509165
Cu3Pt,4.850652360590954,1.145688535819857
Ni18Pt7,3.9647780220223763,3.4876216881377218
CoNiPt2,6.737192722245844,5.241998956758778
FeCoPt2,6.834420767267836,5.4975573643085145
FeCuPt2,6.765668629252058,4.523895343397026
FeNiPt2,6.383815545440924,6.007107759861895
CoPt3,6.230449176845541,2.1819508578350253
CoPt,0.09342168516223508,4.669091269365601
Co2Pt,0.2787536009528289,1.295818656152463
Co2NiPt,5.778151974207177,4.500033597512964
CoPt2,5.845098660434502,3.232644775311109
FePt,-0.1643528557844371,6.051291690939276
Fe2Pt,-0.3222192947339193,4.068396010058253
PtI3,-0.414973347970818,0.4022083951698513
RuPt,0.6560982020128319,3.0631239841151254
E30RB,6.608526140546266,5.3147276444720655
R1E32B0.92,6.608526140546266,6.114176012681876
R1E33B0.9,6.608526140546266,5.311704076512183
RFeO3,-0.005352136486216612,1.6221939175787958
RCoHPt,5.806180652568485,4.655071451509317
Rb2CuCl4,7.143828215849682,0.47092954462196673
RbFe(MoO4)2,6.228149327187682,1.4707991493227701
RbMnAs,0.07918124604762482,0.41811109278455993
RbMnBi,0.3873898263387294,0.5410638507599308
RbMnF4,0.1875207208364631,0.5320535097525317
RbMnSb,0.5078558716958309,0.1481449567156195
RbTiSb,0.47712125471966244,0.7974712171958973
RbYbSe2,1.242640797817615,0.9977170310095511
QRe,1.9752019622578525,2.8433872976768897
ReI3,-1.4578818967339924,0.4327890282889528
QRh,2.159115821827769,1.193739626130342
CoSbRh2,6.556302621404627,-2.175344914923375
Fe0.5Co0.5Sb1Rh2,-5.361729724250366,1.8932642309439176
FeSbRh2,-6.0827857292373615,3.699689477209007
Sn2Rh3S2,0.0874264570362855,1.3778819261423234
QRu,0.7634279935629373,1.82595258438714
MnGeRu2,0.00043407747931859284,1.1370695969907412
MnSbRu2,-0.002382074932760771,0.4329530271051768
MnSiRu2,-0.00030389978481245835,1.4191479390293886
MnSnRu2,0.0014308122463983271,-0.22791556726545795
MnAlRu2,3.7324741772811936,1.1235271325685143
RuCl3,-0.15228834438305647,0.8374465485721114
RuF4,0.9153998352122699,1.0488371659006557
RuO2,0.5751878449276611,1.7013579766171179
A10HS,6.395894187279527,4.158410779738858
A20HS,6.182985251973621,5.048426869929326
MnSeS,-0.05307844348341968,0.8110932287873233
MnTeS,-0.10380372095595687,0.39598522388673374
Mn0.5N0.5,-0.1931245983544616,1.533988110047177
Mn0.5N0.5,-0.1846914308175988,1.533988110047177
APCSINOF,4.54184123916057,3.212600086414719
Y2.8Fe5Sb0.2O12,2.7261250535440613,2.593238539556806
MnTeSe,-0.13987908640123647,0.4770156536651454
CrSiGeTe3,0.14270224573761559,0.23978066234395384
CrSiI3,-0.2469906992415498,0.9013556988121642
CrSi2Te3,0.037824750588341866,0.8465628814045418
CrSiSnTe3,-0.2600713879850748,0.4796502534426051
E1A1Si0.24H1,5.1072133625602545,3.8885480426980226
E1A1Si0.76H1,5.786041921034905,3.533685920082492
Sm1Co2.5Cu2.5,6.6020600999015695,5.1716899786204635
Sm1Co2.5Cu2.5,6.8633229196128465,5.1716899786204635
Sm1Fe0.55Co2.7Cu1.75,6.858537257721225,6.251446984326393
Sm1Zr0.4Fe2.48Co4.48Cu0.32B0.32,6.516733768761348,5.671491926668378
Sm1Fe0.4Co2.85Cu1.75,6.818225959616152,6.335846698204119
Sm1Fe0.5Co3.25Cu1.25,6.992995142566958,6.235913176716396
Sm1Zr0.20132Fe0.719Co5.63696Cu0.63272,6.623249393801336,6.0173301815423255
Sm1Co4.32Cu0.48,2.4785664955938436,6.160106801161064
Sm1Co4.5Cu0.5,7.1789769760543924,4.292329494812793
SmV2(Fe2Co3)2,-5.8512589604010135,6.20267600070815
SmV2(Fe3Co2)2,5.778151974207177,3.7466093699233545
Sm1Ti1Fe6.6Co4.4,6.743509843120928,4.925914534643988
Sm1Ti1Fe7.7Co3.3,6.711022738454227,6.6120720641335415
SmV2(Fe4Co)2,6.380211422667602,5.830790032720927
Sm1Ti0.6Fe9.12Co2.28,6.814339160479707,6.529676419305968
Sm1Ti1Fe8.8Co2.2B0.25,6.648884361085482,5.9965282625884475
Sm1Fe9.6Co2.4,6.643452775189467,4.476911245157927
Sm1Fe9.6Co2.4B0.5,6.929361439770417,6.14868841965084
Sm1Fe10.323Co0.777,6.594392660882915,4.904630538758231
Sm1Ti1Fe9.9Co1.1,6.738694159837179,6.621002221034392
SmFeB,4.77815848856469,5.54612041194381
Nd0.85Sm0.15Ti1Fe11,6.07577536211733,6.234093406392429
Nd0.7Sm0.3Ti1Fe11,6.294025314773357,6.307903318375045
Pr0.1Nd0.36Sm0.54Fe1.93,2.584331224367531,2.931853134592647
Pr0.1Nd0.32Sm0.58Fe1.93,2.77232170672292,2.707304803392732
Nd0.5Sm0.5Ti1Fe11,6.369911470370734,6.344519608031858
Pr0.1Nd0.24Sm0.66Fe1.93,2.797959643737196,2.834998230264411
Nd0.25Sm0.75Ti1Fe11,6.548266668061074,6.3087520027810555
Sm0.75Zr0.25Ti1.4Fe9.2Co2.3,6.70842098512384,6.6376220539426924
Sm0.75Zr0.25Ti1Fe8.8Co2.2,6.70842098512384,6.657851345612979
Sm0.75Zr0.25Ti1Fe8.8Co2.2,6.70842098512384,6.657851345612979
Sm0.75Zr0.25Ti1.2Fe8.8Co2.2,6.70842098512384,6.677048592023208
Sm0.75Zr0.25Ti1.4Fe8.8Co2.2,6.70842098512384,6.55205100363213
Sm0.75Zr0.25Ti1.4Fe9.6Co2.4,6.70842098512384,6.655306145366242
Sm0.75Zr0.25Ti1.4Fe10Co2.3,6.70842098512384,6.260000086474938
Sm0.75Zr0.25Ti1.4Fe9.6Co2.3,6.70842098512384,6.674496194279996
Pr0.1Nd0.12Sm0.78Fe1.93,2.639486489268586,2.8388922996347223
Pr0.1Nd0.2Sm0.7Fe1.93,2.8305886686851442,2.7944799649959937
Sm0.8Gd0.2Ti0.75Fe9Co2.25,6.729785048227666,6.666691684016352
Sm0.8Zr0.2Ti0.5Fe9.2Co2.3,6.708730942121635,6.624927201161757
Sm0.99Ti1Fe11,6.79687529072899,6.291827227503944
Pr0.1Sm0.9Fe1.93,2.9206450014067875,2.5635592396142957
Sm1.06Ti1V1Fe10,6.763994069787103,5.652062327758001
Sm11Mn20Co69,6.724275951543136,6.296229258100746
Sm11Mn30Co59,6.785329906206578,5.6084734384387875
Sm12Zr7Fe4Co71CuB5,5.096913487350014,6.173618576091912
Sm13Mn10Co77,6.681241327853595,6.127083962177085
Sm13(Mn5Co24)3,6.707570261253709,6.476178400780533
Sm13Mn20Co67,6.716003427152961,6.416039955855215
Sm13Mn25Co62,6.732393840247865,5.977050372461844
Sm2Fe8.5Co8.5,6.526339406644135,4.98780206532279
Sm2Fe3.57Co13.09Cu0.34,6.657055948516671,6.081992469400161
Sm2Fe3.23Co13.77,6.6766937010552745,5.566143809745907
Sm2Al3Fe11.9Co2.1,6.851258409887308,4.281528791280314
Sm2Ti0.68Fe16.32,-6.694605286669819,2.5520586060764807
Sm2Si3Ag,5.113946693020772,2.8364987334354534
Sm2Ti1.13Co15.87,6.104180060388743,6.022641719252957
Sm2Ti0.85Co16.15,6.10412880717098,6.02872841930651
Sm2Ti0.7Co16.3,6.088738719308648,5.990752582973855
Sm2Ti0.55Co16.45,6.0818200568757375,5.829676679972488
Sm2TiCo16,6.1259571022881785,5.792242600681851
Sm2Co7,6.799340618389208,4.637678679125862
Sm2Cr2Fe11(Co2C)2,1.9684829485539352,2.5451633711593207
Sm2TiFe11,6.6020600999015695,4.551018641459019
Sm2Cr2Fe12Co3C2,1.9689496809813427,2.3883643760491076
Sm2Cr2Fe13(CoC)2,1.9722028383790644,2.6703519716981288
Sm2Fe14B,6.957695035186968,5.447330692621032
Sm2Cr2Fe14CoC2,1.9740509027928774,3.1108625986678375
Sm2Fe16Si1C2.7,6.3829173149195775,3.997038691490362
Sm2Fe17N2.8,6.770852085251372,6.612085785314646
Sm2Fe17N2.85,6.778964862328809,6.46512784914329
Sm2Fe17N2.94,6.924279337763602,6.573062000944983
Sm2Fe17N3,7.158348753582156,4.945409424954408
Sm3V2.3Fe26.7N4,6.532686045467427,1.8454951043508794
Sm6Fe23,-5.431365372654089,3.911572904314067
Sm2V5Fe18,6.486251007239509,5.717550407150396
Sm8Ti5Al2V8Ga0.5Fe73.5,6.577758065094718,2.1525474645748286
SmAlSi,0.05307844348341968,2.2840299352883346
SmFe3Co2,1.4747988188006311,3.6414853672138214
SmCo2Si3,1.3322364154914432,4.008403519341657
SmCo4B,7.255272529230776,4.777245119431738
SmFeCo5,7.230448946925008,5.6166568454134875
Sm1Co6.25B0.5,6.935003201894358,6.042557324139057
Sm1Hf0.125Co6.25B0.375,6.946452314141405,6.774489500945485
Sm1Hf0.375Co6.25B0.125,6.966611033581984,6.438656165274988
Sm1Hf0.5Co6.25,6.898725236424652,5.880659600436954
Sm1Co6.2Cu0.8,5.7226347450604615,6.127308804202787
Sm1Hf0.125Co6.375B0.25,6.967079780993953,6.686493490307722
Sm1Hf0.25Co6.375B0.125,6.993876958987302,6.59785570018704
Sm1Nb0.3Co6.7,6.146128345888472,6.313714575188392
Sm1Co6.9Si0.1,5.925012056480109,6.104280995861261
SmGaCo6,5.4997623217426845,5.150235864446626
Sm(Fe5Co)2,7.074084725646664,4.271140669782281
SmVFe10Co,6.960353601459601,6.436147237280907
Sm(VFe5)2,6.690196168660032,5.992160873406171
SmFe11Co,2.02816441942447,6.459819120862338
SmVFe11,6.676121884790425,5.428015723398959
Sm1Fe12.04,6.5477748284174035,3.477964825786415
SmFe12B,-1.931457870689005,4.529376189457711
SmFe12C,-2.5375672571526753,1.9220652873297988
SmFe12H,2.344588742578714,3.4153432262939027
SmFe12N,-2.8353734524700087,3.376543883453036
SmFe2,-5.707571027654909,2.505217420289268
SmFe2Co3,1.1476763242410988,4.752076059834546
SmFe3,6.380211422667602,0.49185978156159504
SmFe7,6.431363925008766,3.4768683363823647
Sm1Fe9.6Co2.4,5.903633058274264,4.476911245157927
SmFeN,6.933408947454571,3.740420887446921
GSmI,-0.437750562820388,1.3198421050812477
SmCo3Si2,1.250907699700856,4.02703635277783
SmTiFe11,6.6618127801547855,6.189357261380537
SmZr2Co9,6.419955913620708,5.795427727368281
SmZr4Co13,6.764923059270927,3.5968509922703333
SmTiCoCu,6.301030212811168,3.985012343040056
Sr1Nd0.05Zn0.05Fe11.9O19,4.9222114723180175,5.379586981382835
S4O3,4.000043427276863,2.3004856808052767
Sr0.2Ca0.4La0.4Al0.4Fe9.35Co0.25O19,5.8157277996974805,4.340716610239932
Sr0.2Ca0.4La0.4Al0.2Fe9.55Co0.25O19,5.8793746105354865,4.96132879673573
Sr0.2Ca0.4La0.4Fe9.75Co0.25O19,5.8593550900747875,4.8757252667776
Sr0.34Ca0.25La0.41Fe11.4Co0.19O19,4.502645577977924,4.678446764711997
Sr0.34Ca0.2La0.46Fe10.74Co0.3O19,4.598495042273586,4.878053252655472
Sr0.54Ca0.46Al5.5Fe6.2Ni0.3O19,4.894321602119543,4.489388701020909
Sr0.54Ca0.46Al5.5Fe6.3Ni0.2O19,4.7332052926568124,4.568794393025499
Sr0.54Ca0.46Al5.5Fe6.4Ni0.1O19,4.731596822523533,4.578106701109464
Sr0.54Ca0.46Al5.5Fe6.5O19,4.727549389807874,4.123965033628672
Sr0.5Ca0.2La0.3Mg0.5Fe11Sn0.5O19,4.995639581388343,4.976251648582987
Sr0.5Ca0.2La0.3Mg0.4Fe11.2Sn0.4O19,5.6170013901401195,5.054320043119208
Sr0.5Ca0.2La0.3Mg0.3Fe11.4Sn0.3O19,5.697230214836115,4.971952877103253
Sr0.5Ca0.2La0.3Mg0.2Fe11.6Sn0.2O19,5.750509166244057,5.028103206374753
Sr0.5Ca0.2La0.3Mg0.1Fe11.8Sn0.1O19,5.7558756175919665,5.076279470633343
Sr0.5Ca0.2La0.3Fe12O19,5.770852747733863,5.003195332332303
Sr0.5Ca0.5Fe12O19,5.091691924415038,4.948579630253178
Sr0.5La0.05Fe11.95Co0.5O19,0.960470777534299,1.6868726876043538
Sr0.5Fe12Co0.5O19,0.5366846726209301,2.873061404182404
Sr0.5La0.15Fe11.85Co0.5O19,1.0060807827160938,2.262883196351337
Sr0.5La0.2Fe11.8Co0.5O19,1.0913151596972228,2.554785630797427
Sr0.67La0.33Zn0.1Fe11.7Co0.2O19,5.032622789537803,5.006069032022023
Sr0.6Ca0.4Fe12O19,5.268095206233445,4.857917914411396
Sr0.6Zn0.8Fe16Co0.4Ni1.2O27,4.812920038045028,4.3044365541628515
Sr0.75La0.25Fe11.75Cu0.25O19,5.3598373788182005,4.913558975932777
Sr0.7Ca0.3Fe12O19,5.300417724780419,5.219038231149643
Sr0.7Ca0.3Ru1O3,4.1761202110560856,1.7068689270050619
Sr0.7Ce0.3Zn0.3Fe11.7O19,5.178979823406043,4.954822866298808
Sr0.7Zn0.6Fe16Co0.3Ni1.4O27,4.897632588654154,4.403536316783261
Sr0.8La0.2Nb0.2Fe11.8O19,5.655139395638819,5.21353562390767
Sr0.84La0.16Nb0.16Fe11.84O19,5.766413590766698,5.415030831726357
Sr0.85Y0.15Fe12O19,4.830595083622728,5.166554780069201
Sr0.88La0.12Nb0.12Fe11.88O19,5.725095338961079,5.5808592812657345
Ba0.2Sr0.8Al2Fe10O19,0.08884456272700428,0.8786834317556373
Sr0.8Ca0.2Al2Fe10O19,0.08098704691088722,1.4422176962136783
Sr0.8Ca0.2Fe12O19,5.374422136173782,5.251634428103069
Sr0.8Zn0.4Fe16Co0.2Ni1.6O27,4.9684876183619675,4.4828772585586965
Pr11.8Fe0.8O0.4,4.999569835496335,4.325018828003303
Sr0.8Nd0.2Fe11.9Co0.1O19,4.980916475835494,4.973789950946435
Sr0.92La0.08Nb0.08Fe11.92O19,5.781756092493994,5.537602289201974
Sr0.95Fe12Bi0.05O19,5.0777452504204135,5.2076805953350425
Sr0.96La0.04Nb0.04Fe11.96O19,5.791691350626146,5.493652022921015
Ba0.1Sr0.9Al2Fe10O19,0.0867156639448825,0.8345890285956841
Sr0.9Fe12Bi0.1O19,5.066681416683505,4.982438094987683
Sr0.9Ca0.1Al2Fe10O19,0.07151380509508916,1.420525116513092
Sr0.9Ca0.1Fe12O19,5.353336688974397,5.2518710483289714
Sr0.9Zn0.2Fe16Co0.1Ni1.8O27,5.037430482275392,4.450167338242321
Sr0.9Y0.1Fe12O19,4.864517014002592,5.317605432046085
Sr2.55La0.45Fe24Co2O41,4.833918081112112,4.516860835083973
Sr2.7La0.3Fe24Co2O41,4.725339815909737,4.704959143954668
Sr2.85La0.15Fe24Co2O41,4.730588495125402,4.544674004677969
Sr2Tb0.08Mn0.8Fe11.92Co1.2O22,3.5039268041935103,3.5747741808021742
Sr2Eu0.08Fe11.92Co1.2Ni0.8O22,3.3346547668832414,3.560176492839905
Sr2Tb0.06Mn0.6Fe11.94Co1.4O22,3.556423121371285,3.6920055427922547
Sr2Eu0.06Fe11.94Co1.4Ni0.6O22,3.37675939540488,3.5300302835184456
Sr2Tb0.04Mn0.4Fe11.96Co1.6O22,3.595606434865603,3.648119985163805
Sr2Eu0.04Fe11.96Co1.6Ni0.4O22,3.3306166672944384,3.5660762902194927
Sr2Tb0.02Mn0.2Fe11.98Co1.8O22,3.7567121601647715,3.7075049672372065
Sr2Eu0.02Fe11.98Co1.8Ni0.2O22,3.3346547668832414,3.593762802996382
Sr2Tb0.1Mn1Fe11.9Co1O22,3.3928727454020793,3.460110844983771
Sr2Eu0.1Fe11.9Co1Ni1O22,3.389343311252078,3.3988953636150887
Sr2CoIrO6,-0.38381536598043126,1.8725998394554166
Sr2Co(BrO)2,1.146128035678238,1.4289898957892642
Sr2IrO4,0.30319605742048883,1.4610293198502156
Sr2Fe28CoNiO46,0.0014308122463983271,1.8274427646777274
Sr2Yb0.03Fe27.97Co1Ni1O46,0.0012446399578303128,0.7353295074888646
Sr2Yb0.06Fe27.94Co1Ni1O46,0.0011277002770349424,0.7736796237849584
Sr2Yb0.09Fe27.91Co1Ni1O46,0.0010887133851462095,0.8109916758860745
Sr2Yb0.12Fe27.88Co1Ni1O46,0.0010713847541589158,0.3229480792108024
Sr2Yb0.15Fe27.85Co1Ni1O46,0.0008893923718743163,0.8633218277969493
Sr2ScOsO6,-0.6812412373755872,0.7589647491653706
SrZnFe14O23,5.580391469000212,4.360079580940814
Sr3CdIrO6,0.5634810853944107,0.5965864483051213
Sr3CuPtO6,0.04921802267018165,0.5671434265238205
Sr3MgIrO6,1.4974825373673704,0.5284348168176649
Sr3NiPtO6,0.24303804868629444,0.9837617226531508
Sr3ZnIrO6,0.7387805584843692,0.538534244145642
Sr1Al0.5Fe11.5O19,5.98497757599547,5.138746121329365
SrAlFe11O19,6.106191237352931,5.010377840960075
Sr1Al1.5Fe10.5O19,6.130012271609874,4.427561870137446
SrAl2Fe10O19,5.561102576764125,2.2355699729343934
SrAl2Fe10O19,5.3765787818194095,2.2355699729343934
Sr1Ti1.5Fe9Co1.5O19,0.2855573090077738,4.517294401100029
SrTi2Fe8Co2O19,5.364670105151111,2.452878326077016
Sr1Al1.5Fe10.5O19,5.294468430696515,4.427561870137446
SrAl2Fe10O19,0.09272064468409917,2.2355699729343934
Sr1Al0.5Fe11.5O19,5.620137096446086,5.138746121329365
Sr1Al0.3Fe11.7O19,5.59328717491313,5.449747039913212
Sr1Pr0.1Dy0.1Fe11.8O19,4.863923318018208,5.111208655809239
Sr1Pr0.05Dy0.05Fe11.9O19,4.883099043021236,5.259489824124218
Sr1Mn0.05Fe11.95O19,7.2355284721572275,5.379616168108274
Sr1Mn0.03Fe11.97O19,7.048441842396063,5.362250573961061
Sr1Al0.1Fe11.9O19,5.603145455647465,5.646566800998601
Sr1Cr0.25Fe11Co0.75O19,4.657065418709505,4.059815138870776
SrFe11CoO19,4.638499240621076,4.196410807594412
SrCrFe11O19,4.799347442962076,4.747984535529883
Sr(FeO2)2,0.0016904542321528524,2.2581963029296697
Sr1Al4Zn0.2Fe7.8O19,4.472771071780873,4.230836970101378
Sr1Al4Fe7.98Ni0.02O19,4.865109899491325,4.33658682717383
Sr1Al3Fe8.985Ni0.015O19,4.7664202835980785,3.431373399737949
SrAl4Fe8O19,4.3159913253599145,4.322195815400433
Sr1La0.2Al2Fe9.8O19,3.2316912687038095,2.248627297325603
Sr1La1Mn0.5Co0.5O4,3.7782236267660965,-0.36908749332668417
MhexaferriteSr,5.591065720600667,4.893710390508036
SrMn3(P2O7)2,3.1140686114958713,1.1322458256077914
SrMnGe,0.25767857486918455,1.3147421659852334
SrMnPb,0.35793484700045386,0.7494182878331053
SrMnSn,0.12385164096708581,0.7483682236267176
SrWN,5.113946693020772,1.8446311879110273
ZSrWN,5.530200979305859,2.1708771687888406
SrFe16Ni2O27,5.079184865153228,4.410865344266551
SrV2(NiO4)2,0.1931245983544616,2.050582602448789
Sr(RuO3)2,0.38021124171160603,1.6776449408803642
Sr1Sm0.01Fe11.99O19,5.941173841229077,5.76123794441779
Sr1Sm0.02Fe11.98O19,6.236733795724188,5.752552893824525
Sr1Sm0.03Fe11.97O19,6.309458672405647,5.717206272819985
SrTiSn,0.3010299956639812,1.0259808995035478
SrW,5.542826671354193,2.185066806462274
SrYFe11O19,4.575199395159225,4.154120032196188
SrYbO3,0.0005240855532349241,0.09843590001529974
ZSrW,5.595497324094434,2.1634605546480987
SrFe12O19,5.264560474501893,4.9360109713076135
Sr1Zr0.01Zn0.01Fe11.98O19,5.301765501645433,5.361041066963744
Sr1Zr0.02Zn0.02Fe11.96O19,5.318432745708342,5.363961097739822
Sr1Zr0.05Zn0.05Fe11.9O19,5.326173994616549,5.32552263822806
Sr(Fe2O3)9,5.773443882606296,4.422109718770823
Sr1Zr0.1Zn0.1Fe11.8O19,5.384530823846651,5.257701524761971
Sr1Zr0.15Zn0.15Fe11.7O19,5.398033806150366,5.251990386855681
Sr1Zr0.1Zn0.1Fe11.8O19,5.165247294635206,5.257701524761971
Sr1Zr0.2Zn0.2Fe11.6O19,5.05652753700777,5.063333208893782
Sr1Zr0.3Zn0.3Fe11.4O19,4.9952006828235325,5.086940084022913
Sr1Zr0.4Zn0.4Fe11.2O19,4.606392114840978,5.170820012345791
Sr1Zn0.5Fe17.5O27,5.731715449504381,4.21096440724115
SrZrFe,0.26949893449253554,2.114018765782922
SrZrFe2,0.3974359346535428,1.0358800963973291
Ta(H2C3)3,5.197283315542148,2.022213678734422
Ta3ZnFe8,6.480007086763247,3.963974608594153
TaI3,-0.919078092376074,0.613960798084452
MgTaFeCoBO,0.00026049854739031814,2.5754825450108667
Mg2TaFeCoBO,0.00047746137445523157,2.155906969118914
TbFe,1.146128035678238,2.789534064500603
Tb0.269Dy0.731Fe1.834,-5.77909192610414,-5.345004827631291
Tb0.294Dy0.706Fe1.817,-5.773714056535005,-5.430530841153954
Tb0.29Co0.71,5.342424654883547,4.328929321963713
Tb0.328Dy0.672Fe1.837,-5.795087837026104,-5.24024466864217
Tb0.365Dy0.635Fe1.836,-5.830941990594363,-5.454479996045048
Tb0.36Dy0.64Fe1.5725Co0.2775B0.15,6.342422878228744,4.294257889684707
Tb0.36Dy0.64Fe1.6065Co0.2835B0.11,6.350054287547045,4.658587206582979
Tb0.36Dy0.64Fe1.6575Co0.2925B0.05,6.343408790762761,4.923290701128654
Tb0.36Dy0.64Fe1.7Co0.3,6.33122498358341,1.7966903893610053
Tb0.3Dy0.7Fe2,-4.77815848856469,-0.9602654909785951
Tb0.496Dy0.504Fe1.808,-6.1892940367460305,-3.391422206799121
G1Tb1.99Bi1.01I1,3.9969929818907057,3.525405013956509
Tb5Ga7Fe38,5.000004342923105,5.029229286592132
Tb10Ga13Fe77,5.176094154342576,4.7615851627536605
Tb5(Ga2Fe13)3,5.000004342923105,4.870720705459146
Tb6Ga5Fe39,5.000004342923105,4.580401936384561
Tb18Fe49Co33,6.176091548585239,4.173732339893389
G1Tb2.09Bi0.91I1,3.767971721381619,3.781189788432249
G1Tb2.21Bi0.79I1,3.021602716028242,4.066992579721237
Tb2.8Fe5.2O12,3.4457184865092554,2.7468750921301006
Tb2.8Sc0.3Fe4.9O12,3.6017456498344553,2.9230201509924303
Tb2.8Sc0.8Fe4.4O12,3.6483107423554895,2.9880251747393634
Tb2.9Sc0.5Fe4.6O12,3.609861527973561,2.9971437696850556
Tb25Fe61Co14,4.862733485677415,4.14873762137787
TbFe3,5.778151974207177,-0.41036516301893816
Tb14Fe29Co7,6.0000004342942646,4.471713833692866
Tb29.6Co70.4,5.000004342923105,4.6877522499448565
Tb2Fe14B,6.770852085251372,4.800045716752071
Tb2Fe17H3,6.770852085251372,3.7156212687744303
Tb2(Ga3Ir)3,0.037426497940623665,2.5798879084009068
Tb3Cr5.5Fe4.7Co18.8,6.004590466978879,4.114135349816757
Tb3Cr4.5Fe9.8Co14.7,5.995635633278623,4.213215042537988
Tb31Fe69,5.778151974207177,2.433432792892489
Tb14(AlCu)3,6.770852085251372,4.458705965911995
Tb9Ga16Fe75,4.602070848554296,4.4115485593075014
TbHBr,1.6812412373755872,0.26343542343387544
TbCo5,-1.7781512503836436,4.656605224330404
Tb(Al2Cu)4,0.615950051656401,1.5884261118498277
TbFe,3.3981136917305026,2.789534064500603
Tb1Ti0.85Fe11.15,-5.59659819510477,4.654491198524893
TbTiFe11,4.6434625467031605,2.8665980143610903
Tb(FeSi)2,6.3733720010096135,2.6431758724520487
TbFe3(BO3)4,-0.01703333929878037,1.3771907462133683
TbAl7Fe5,6.0000004342942646,3.06608515403383
TbGdFeCo,5.477122702365523,4.04862644594733
Tb(MnSn)6,6.342422878228744,0.5511628261202363
TcGeSe3,-1.5877109650189114,0.5661138669272485
TcGeTe3,-1.4393326938302626,0.11989204400345169
SiTcTe3,-1.6384892569546374,0.08184162976778658
Ti2WS4,1.0681858617461617,1.564444873373153
Ti2WSe4,1.167317334748176,1.3656441642738175
Ti3O5,1.5145477526602862,2.110450005362518
Ti3Se2S3,1.9822712330395684,2.1526753296123466
Ti3Te2S3,3.0429690733931802,2.0701993662969014
Ti3Se3S2,2.4885507165004443,1.889874843471166
Ti3Te2Se3,2.651278013998144,1.5982919531644892
TiB3,0.08990511143939793,1.9537606009044728
TiCr2O4,0.0663259253620378,1.816208359545174
Ti1Fe2.5,5.220110704263994,3.025919291264927
TlFeSe,0.7649229846498885,2.0186909814743808
Tm2Co17,6.954242557694265,1.1884989439758638
Tm2Fe14B,-3.8344842853348053,1.9571868508894572
Tm2Mn1.5Fe15.5,6.122248981722615,1.1959501240291266
Tm2Mn0.2Fe16.8,6.253513917124203,1.467552248998703
Tm2Fe17,6.83884915367848,3.4510666399821965
Tm2Fe17H3.2,6.014940769400929,5.073450973452847
GYTmGaBiI,4.77815848856469,4.031866757509469
TmAl7Fe5,6.390935283645816,5.032296653937468
TmFeO3,-0.037426497940623665,2.1845854604674777
GTmI,4.0946807133711545,0.30006415406826054
Tm1Mn6Ga0.87Ge5.13,6.146903179585474,5.290403142879236
Tm(MnSn)6,1.567731962548069,0.5908880876561367
TmMnO3,7.173186297559554,1.1426336220626896
Lu0.2U0.8Fe2,5.176094154342576,0.930037671656373
U2Co15Si2,-5.986772181992285,-3.0778339650397726
U2Co16Si,-6.204120254089891,-2.7380206847674264
U2Fe13.6Si3.4,-6.173186559884983,-1.3562691454777593
U2Fe3Ge,4.477135730961123,2.360605076292332
U2Ni2Sn,0.3159703454569178,3.311956944159828
U3(CuGe)4,7.245512692489972,3.3074764986129797
U4Ge6Ru7,3.1975562131535367,3.1320299301103374
U(Co5Si)2,6.518514071482256,3.98055461571525
UCuP2,5.954242991988481,2.851111209020154
U(Fe5Si)2,6.477121399484465,4.05904898409522
UFe2,-5.000004342923105,1.6548068713775312
UFeSi,-0.287801729930226,2.9261886780324216
UAlIr,7.230448946925008,2.6421725974341035
USi3Ir,5.164430189012021,3.447341338051209
U(MnGe)2,6.195899929029835,4.754740969819294
UGeRh,0.8830933585756899,2.847573516491192
USiRh,1.1568519010700111,2.7980491388974125
V2C,2.4927603890268375,1.8892192532659238
V2MoS4,0.47712125471966244,1.408841573229861
V2MoSe4,0.505149978319906,1.3833150928323035
V2WS4,1.1172712956557642,1.474660567489337
V2WSe4,1.1522883443830565,0.9990976745468272
VAs,2.4210771900170216,1.4788473446941186
VB3,0.6776069527204931,0.95892787794762
VBr2,0.5797835966168101,0.750308019256414
VSBr,-0.12710479836480765,0.5019299822243642
VCl2,0.6812412373755872,1.0621657417884087
V(GeAs2)2,0.7930916001765802,0.8098539680993877
VSI,-0.10720996964786839,0.4098077256756427
VSeI,-0.1673173347481761,0.27837698530715654
EM800R2VPHIO,0.47712125471966244,2.9400188043302933
ARV2HC6025IO,1.0413926851582251,3.1866996673742114
VI2O,0.045322978786657475,0.6407814369831288
VHO2,2.469822015978163,1.5119584280399772
VP,2.01063911673663,1.4931651698557422
VPt3,4.164382600963169,2.7935048036158934
VSeS,-0.2041199826559248,0.3158785341340391
VTeS,-0.46089784275654777,0.45497924691711855
VSe2,-0.19589965240923368,0.6429692797641381
VTeSe,-0.5237464668115644,0.3682861602809432
V(SiAs2)2,0.829303772831025,0.9186401579168633
V(SiN2)2,-1.6334684555795866,1.797463799342394
VSiCN4,1.9897167199481047,0.9380719032513134
VSiGeN4,-0.6989700043360189,1.5266680634068466
VSiPbN4,-1.4951278812429332,1.6509807210902916
VSiSnN4,0.6989700043360189,0.3967348772645525
VTe2,0.5010592622177514,2.416540214801677
E2VH2(CN)2,3.2177470732627937,3.039964960790008
Fe(BW)2,6.029384183567713,4.1232177666859195
W3Cl8,1.3673559210260189,1.65268922413614
WI3,0.2041199826559248,0.8716349193233088
Y1Fe0.45Co2.55,4.570554614307831,4.276563287893726
Y1Fe0.201Co2.799,4.328399992372424,4.355510516228836
Y1Fe0.102Co2.898,4.240574207018384,4.479479048725989
Y1Fe0.3Co2.7,4.411636538756469,4.209348485295047
Y1V4.83Fe4.83,-2.575187844927661,3.905736477829698
Magnet,6.515850841185199,2.8114598459044458
Gd2.6Y0.2Fe5Bi0.2O12,1.442981191526734,1.8671200374689583
La0.2Gd2.4Y0.2Fe5Bi0.2O12,1.3385760077498081,1.6802936351027582
La0.4Gd2.2Y0.2Fe5Bi0.2O12,1.0536929387849532,1.7840024836910928
Y0.2Dy0.8Fe11Mo1,5.516457365750468,5.316897256868308
Gd2.5Y0.5Fe5O12,2.6398847419163043,2.411352385895777
Y0.6Dy0.4Fe11Mo1,5.605662949101778,5.404606420301859
Y0.8Dy0.2Fe11Mo1,5.726745949284682,5.488851301807254
MagnetY,6.516372117678057,5.656870792657394
Gd1.5Y1.5Fe5O12,2.498586208817518,2.5161596009567404
La0.42Y1.61Tm0.97Ga0.7Fe4.3O12,2.887054378050957,2.431176883830979
Y1.8Lu0.56Al0.83Fe4.18Bi0.63O12,3.265053788504015,1.9250230715004206
Gd2YFe5O12,2.3322364154914434,2.4436919801533725
MagnetY2,6.502806832137058,5.767979380630047
Yb0.15Eu0.5Y2.35Ga1.2Fe3.8O12,2.7611758131557314,2.0375201186513294
Gd0.5Y2.5Fe5O12,2.710540447933297,2.375202416698271
BaY2NiO5,-0.016615547557177382,1.934742588647554
Y2Cr2.34Co14.66,4.484314078276703,3.2741442027661143
Y2Cr3Co14,3.934548947666147,3.0506427119051986
Y2Cr1.76Co15.24,4.271864830219395,2.454077907228492
Y2Cr1.17Co15.83,-3.9294700161774894,3.613228099500527
Y2Co7,6.334453952213145,3.8541728159431354
Y2Fe14B,6.041393079971211,0.6148020681447603
Y2Fe14Si3,-5.968483415536998,3.257275804634388
Y2Cr2Fe15,-5.866878404411122,0.14039028242128826
Y2Fe16Si,5.822593662505115,-1.3030336705452201
Y2Fe17,-0.012837224705172217,-0.38483578825990983
Y2Fe17N3,-0.007747778000739949,3.423572010501344
GdY2Fe5O12,2.6126779183165016,2.5408087648049538
Y2NiIrO6,7.230448946925008,3.0612796355317884
MagnetY3,6.507085628778575,6.269375023695039
Y3V2.03Fe26.97,-6.352182711131089,-2.0582232839629593
Y,5.54406928518988,3.1206046963856213
Y3Ti1.6Fe27.4,-6.4593926385559,-1.7131184436979463
Y3Ti1.6Fe27.4N2.6,-6.352182711131089,3.124720052029581
Y3Fe5O12,-0.3010299956639812,2.5791363838688226
K0.5Na0.5Y3Nb1Fe5O15,-0.3010299956639812,2.4981129831317594
GLYBCI,5.690596332770795,3.7330173647665554
YBr2,0.03862016194970278,0.7852693975642374
YCl2,-0.00043407747931859284,1.4001070569718213
Y1Co0.838Cu0.1625,0.2624510897304295,2.570893590809338
Y1Fe0.081Co0.838Cu0.0815,0.3222192947339193,1.399135473716623
YTiCo11,5.875061842450624,3.6268421413959557
YCo12,0.17318626841227405,3.255395179517917
YCo16,0.1643528557844371,1.2807838668315334
YCo20,0.15836249209524964,0.862786209019057
YCo3Ni2,6.021189712683533,4.663230674788147
Y1Fe0.2Co4.8,6.681241327853595,5.639345955907223
YCo4Cu,6.431363925008766,5.239033033866156
YFeCo4,6.322219501540766,5.696737431041648
YCo4Ge,5.949390494615967,4.376338240759713
YCo5,0.38021124171160603,4.744366119613889
YCo2Cu3,6.541579368743828,3.954861214574816
Y1Ti1Fe10.5Co0.5,6.324282661124412,5.564055266858141
Y1Fe10.5Mo1.5,5.770852747733863,3.4495669294490092
YTiFe10Co,6.195899929029835,6.003042900269755
Y1Nb0.85Fe11.15,1.3296012483565187,1.753462320591453
Y1Nb0.9Fe11.1,1.3215984304653439,2.135935341238575
Y1Nb0.75Fe11.25,1.3891660843645326,1.8024768082511022
Y1Nb0.8Fe11.2,1.3564083270389813,1.5090159377478578
Y1Nb0.7Fe11.3,1.4164740791002208,1.831574262222974
YFe11Mo,5.396854654559089,3.4508536903506
YTiFe11H,6.096910360443503,4.50582323214736
YFe3Co2,6.698970091194907,5.208868974107848
YFe3Ni2,5.79239238997266,5.253722984510413
Y1Ti1Fe9.5Co1.5,6.217484207422603,5.647034694668071
YTiFe9Co2,6.342422878228744,5.674488823428196
YI2,0.15836249209524964,1.4899427072885887
Y3Fe5O12,2.0933166012043314,2.5603409185825075
YI,3.4473131088235682,1.6525188376847604
YI,3.4473131088235682,1.6525188376847604
G10YI,3.4625477288026643,4.170816633113653
G30YI,3.5052856741441323,3.8761598979719536
G50YI,3.755951041004132,3.6720319730372886
AGYI,0.00216606175650763,1.8507287940768729
GYLuAlBiI,3.265053788504015,4.893334325262831
GYCI,-0.00043407747931859284,2.526191509065441
MYC,2.718136163056574,3.0880123550427863
MYC2,2.605585145784423,2.4236286874888444
MYC3,2.6449405445967944,2.696899321833116
MYC4,2.351970144446861,2.8346035025223055
YTiFe10Co,5.202373870562465,6.003042900269755
YTiFe11,6.278753829528812,3.753544554121366
YTiFe6Co5,4.620162091032751,4.9001312519145275
YTiFe7Co4,4.969989273065701,4.624542711327589
YTiFe8Co3,5.102965527880899,5.333102015827165
YTiFe9Co2,5.168802325484709,5.674488823428196
YVO3,0.12385164096708581,2.0078009634510368
GYbI,-0.0269416279590294,2.577701092894188
YbMnBi2,0.505149978319906,1.1022398965919036
YbTaO4,3.664735968518705,0.9993936289363765
YFeO3,-0.01870049866624337,1.9516958559949904
ZFe3Pd,6.041393079971211,5.422277431005965
LZCuF9,0.43025247990310744,1.2095795609857074
LZCuF18,0.5607552418991306,1.021472151518138
LZCuF27,0.6367987118700661,0.8677013080682551
LZCuF36,0.6925296715591229,0.9425948883998208
MnFe2SiO6,2.0569048513364727,1.8699868505221258
Zn0.1Fe2Co0.7Si1Ni0.2O6,2.0141003215196207,0.4324480964330223
Zn0.25Fe2Co0.75O4,3.704711304290991,3.186803948679529
Mn0.75Zn0.25Fe2Si1O6,1.8512583487190752,1.8061092490054502
Mn0.2Zn0.2Fe2.2Co0.2Ni0.2O4,4.924284456203511,3.053192726919034
Zn0.2Fe2Ni0.8O4,2.783241418522291,2.5480964909201385
Zn0.3Fe2Co0.5Si1Ni0.2O6,1.9020028913507294,1.1695570237126143
Mn0.3Zn0.3Fe2.2Ni0.2O4,4.041432164680265,2.6497532962936505
La0.1Mg0.45Zn0.4Fe1.9Co0.15O4,3.1860198143188687,2.5698014029142193
La0.1Mg0.3Zn0.4Fe1.9Co0.3O4,3.2592215351565663,2.7980882081773175
La0.1Mg0.15Zn0.4Fe1.9Co0.45O4,3.4649858557803963,3.066949521375799
La0.1Zn0.4Fe1.9Co0.6O4,3.92698235349587,3.4290102669680937
Zn0.4Fe2Co0.6O4,4.187548920861271,3.56952440629838
La0.1Mg0.6Zn0.4Fe1.9O4,3.140433873537471,2.3541851287179028
Mn0.4Zn0.4Fe2.2O4,4.230474467361159,3.1189107850172104
Mn0.5Zn0.5Fe2Si1O6,1.6232492903979006,1.6838217971574139
Ca0.5Zn0.5Fe2O4,2.4456042032735974,1.3809904154882866
Zn0.5Fe2Co0.3Si1Ni0.2O6,1.8388490907372552,1.6709724547428422
Zn0.5Fe2Co0.5O4,1.8263987821876178,3.1017438200302667
Ce0.08Mn0.5Zn0.5Fe1.92O4,2.175719633554321,3.116929454424827
Ca0.4Zn0.6Fe2O4,0.00080270252041552,2.099604141599629
Zn0.6Fe2Ni0.4O4,2.4346105751451486,2.63676856049942
Zn0.75Fe2Co0.25O4,3.0621606458668076,3.9871458063490177
Zn0.75Co0.25O1,6.301030212811168,2.2090968282311207
Mn0.25Zn0.75Fe2Si1O6,1.4771212547196624,1.7712703463886958
Zn0.7Fe2Co0.1Si1Ni0.2O6,1.7371926427047373,1.693963207833024
Ca0.2Zn0.8Fe2O4,0.00016934182843166568,1.968832059314084
Zn0.8Fe2Ni0.2O4,1.9665392236735624,3.3004387130562494
ZnFe2SiO6,1.1139433523068367,1.9263764977923374
ZnO,-2.851869600729766,1.9415620155159132
Zn0.5Fe0.5O2,1.1580306125903403,2.3059368639301083
Zn0.5Fe0.5O2,1.1895183861263774,2.3059368639301083
Zn0.5Fe0.5O2,1.9090481641028725,2.3059368639301083
Ce0.6Zr0.4Fe10Si2,6.012837646350095,4.5832645990329635
Ce0.3Zr0.7Fe10Si2,5.707571027654909,5.123758219080132
Pr0.3Zr0.7Fe10Si2,4.680061159382847,5.058096421112099
Sm0.3Zr0.7Fe10Si2,5.255510095693294,4.83717968054001
Y0.3Zr0.7Fe10Si2,4.936688380200179,4.055082618570346
Sr0.2Zr0.8Fe2O4,2.6910814921229687,2.5190677339243264
Sr0.15Zr0.85Fe2O4,2.44870631990508,2.635358201095246
Sr0.1Zr0.9Fe2O4,2.603144372620182,2.559937425196778
Sr0.05Zr0.95Fe2O4,2.7168377232995247,2.633111136216001
Zr16Co78(SiB)3,6.041393079971211,3.5341904717706787
Zr2Co11,6.041393079971211,5.1657050379409855
Zr2Fe1.5Co9.5B1,0.3222192947339193,4.204236758694545
Zr2S,0.010299956639811963,1.826587406483382
Zr6Co23,7.152288374967174,2.83799777213959
ZrBr3,1.7671558660821804,1.466962584563485
ZrCl3,2.0068937079479006,0.9581781372991198
ZrCo5,6.0000004342942646,4.393771921080895
Zr1Co5.25,5.806180652568485,5.315244041056657
Zr(Fe5Si)2,5.8692323066150145,4.07586244846982
Zr(FeO2)2,2.3443922736851106,2.5978858111368224
ZrI3,1.7505083948513462,0.6186932649776187
ZrZn2,-8.685889594850646e-09,1.0525538487294652
La1.5Ce1.5Nd7Fe84B6,6.4166406737346025,5.691394176636328
L4CoCl2,-1.806179973983887,2.050379434844665
L4CoBr2,-2.2278867046136734,-0.5925814499886405
L4CoI2,-2.187520720836463,0.680596701071745
L4CoSiF6,2.603144372620182,0.522582483904189
CoI3,-2.0569048513364727,1.7065456319902532
FeCoIrPt,6.146128345888472,5.116259900920404
Ni2SbF6,1.1553360374650619,2.081260776175939
NiBr,2.0043213737826426,1.0578247810293397
NiCl,2.0827853703164503,1.3355356630306283
Ni4H2O,1.0881360887005513,2.2753285683285798
Ni25.21H2O1,0.9542425094393249,3.1546729835917002
M2Fe4S,1.2304489213782739,0.9061636108547644
Fe8N,5.982271685429418,3.8761696762309903
Fe8N,6.0000004342942646,3.8761696762309903
Fe8N,5.072529285970885,3.8761696762309903
Cr,3.64967553910988,0.9314283782587908
L32Cu,6.816274517276456,6.387879054020039
Fe2O3,4.079217435746567,1.7401506925574788
FeCo,5.361729724250366,3.3569446962518885
Li2IrO3,-0.9542425094393249,0.0069925889632569405
Mn2O3,4.7881754442836,2.103732291783079
MnAs,6.591064718384044,0.42391617948543675
MnBi,6.342422878228744,1.2354187524209679
MnSe,0.5276299008713387,0.8728334887341764
MnTe,0.8603380065709937,0.43359193124349327
RuCl3,-0.7781512503836436,0.8300177789319036
RuCl,-0.8195439355418687,1.2025753275183495
Fe8N,6.0000004342942646,3.8761696762309903
Fe8N,5.778151974207177,3.8761696762309903
FeC,-5.845098660434502,4.407682157240642
Fe8N,5.982271685429418,4.102899471447761
Fe8N,6.0000004342942646,4.086528767726532
VO,4.781762553014333,1.4653151053951963
FeSi2,4.672107098145544,2.938368850896871
Fe2O3,3.6721902511882525,1.7401506925574788
Fe2CoO3,4.301051709845226,3.1492934667149903
GdFe2O3,3.959089114367392,2.3802028104850157
GTi(FeO3)2,4.294488271007257,3.0839374708545417
Fe2O3,3.913866811896239,1.7401506925574788
Fe4N,4.361746717975897,4.304706896931364
Fe4N,4.46241297331255,4.360182883645118
Fe2O3,5.477122702365523,1.7401506925574788
Mn4N,0.03342375548694973,2.070112175860188
MnN,-1.2648178230095364,0.25568508381477195
MnAl,1.0413926851582251,3.793997353857229
MnAl,6.230449176845541,3.8193681114589406
Fe16N2,6.255272746377951,6.015845465626597
Fe14Co2N2,6.322219501540766,6.269415464391131
Fe13Co3N2,6.274158080271322,6.263562946825628
Fe12Co4N2,6.217484207422603,6.220784158132032
Fe10Co6N2,6.130334090194503,6.168146635036253
Fe8Co8N2,6.041393079971211,6.0684054013508435
Fe6Co10N2,5.963788299404518,6.042172124596429
Fe4Co12N2,5.892095159477921,5.980346328735239
Co16N2,5.79239238997266,5.399744029214787
Fe3Co3Ti2,5.977724062440694,5.488043579113597
Fe3Co3Nb2,6.060698218000823,5.956697909156886
Fe3Co3Ta2,6.146128345888472,5.468114089796184
Fe3Co3Mo2,5.903090529859707,5.205893134632204
Fe3Co3V2,5.944483165666345,5.124951259955079
Fe4Co2Ti2,5.913814382010811,5.428693236465465
Fe2Co4Ti2,6.021189712683533,5.368482969665982
Fe4Co2Nb2,5.991226518849904,5.5353165653347425
Fe2Co4Nb2,6.086360186653686,5.877317524190237
Mn9Bi10,6.243038296854499,6.241790071297492
Mn19Al19C2,6.230449176845541,5.401337250884089
Fe19Pt21,6.8325089765730675,6.697010626295025
Fe10Pt9Rh,6.792391759545746,6.310216408844907
Co19Pt21,6.707570261253709,6.009254756861822
Fe19Pd21,6.283301454898534,5.104043723902735
Co5Zr,6.146128345888472,6.07197498083956
Co24FeZr5,6.130334090194503,5.672642960828879
Co9FeZr2,6.096910360443503,5.922631667394334
Co11Zr2,6.079181607959542,5.9329619068219746
Co10FeZr2,6.060698218000823,5.894828326088653
Co7Hf,6.176091548585239,5.3258907529336765
Co6FeHf,6.152288650224134,5.285305180814275
Fe2CoC,5.812914024787698,5.558187722229928
FeCo2C,5.892095159477921,5.4241501420719525
Fe3CoB2,5.763428742345881,4.446055304231066
Fe5PB2,5.716004178815692,4.191326140588208
Fe9CoSi2B4,5.79239238997266,4.647130971049102
Fe15.5Co0.5N2,6.289991513848671,6.0966365868511545
Fe15Co1N2,6.30542319409436,6.390018302442957
Fe14.5Co1.5N2,6.3175877309741395,6.282793463192824
Fe13.5Co2.5N2,6.309145232660471,6.28355025244998
Fe12.5Co3.5N2,6.2624051660006765,6.26108769954107
Fe11.5Co4.5N2,6.215793093891845,6.201551520207624
Fe11Co5N2,6.198286954354888,6.192438640923719
Fe10.5Co5.5N2,6.183794069464844,6.149392285077067
Fe9.5Co6.5N2,6.15853741119044,6.1401440774594995
Fe9Co7N2,6.14616981900156,6.139232074255489
Fe8.5Co7.5N2,6.133547658038552,6.100406718478569
Fe7.5Co8.5N2,6.107210546444844,6.040537579338216
Fe7Co9N2,6.093422070423299,6.053865656301792
Fe6.5Co9.5N2,6.079181607959542,5.9751565601358125
Fe5.5Co10.5N2,6.049218410432939,6.0414819853763495
Fe5Co11N2,6.033424157611284,6.004380093761056
Fe4.5Co11.5N2,6.017033756889427,5.970758078792328
Fe3.5Co12.5N2,5.982271685429418,5.928263163267933
Fe3Co13N2,5.963788299404518,5.961451656684893
Fe2.5Co13.5N2,5.944483165666345,5.975206173637296
Fe2Co14N2,5.924279803078814,5.928831099806737
Fe1.5Co14.5N2,5.903090529859707,5.884278422044005
Fe1Co15N2,5.880814163720523,5.823630328149992
Fe0.5Co15.5N2,5.85733309961763,5.7657516048991315
Mn0.85Bi1.15,6.133539227704278,5.588047754663223
Mn0.875Bi1.125,6.147676633347381,6.04394202318999
Mn0.925Bi1.075,6.174641483158332,6.140310106883223
Mn0.95Bi1.05,6.187521002845775,6.1844901968923605
Mn0.975Bi1.025,6.200029540556511,5.951875814898182
Mn1.025Bi0.975,6.200029540556511,6.104525692138127
Mn1.05Bi0.95,6.187521002845775,6.172762240872595
Mn1.075Bi0.925,6.174641483158332,5.897544839920534
Mn1.125Bi0.875,6.147676633347381,6.073720090039202
Mn1.15Bi0.85,6.133539227704278,5.4197004851405195
Mn0.85Al1.15,6.073718716839202,5.948172943099186
Mn0.875Al1.125,6.0925455585505,6.004025380242087
Mn0.9Al1.1,6.110590046961508,6.080775368067778
Mn0.925Al1.075,6.127914617868294,6.109229288573863
Mn0.95Al1.05,6.144574518931714,6.071134727057498
Mn0.975Al1.025,6.1606188724301,6.001570793685783
Mn1.025Al0.975,6.1606188724301,5.96145694284043
Mn1.05Al0.95,6.144574518931714,6.1358266549516935
Mn1.075Al0.925,6.127914617868294,6.124013500675968
Mn1.1Al0.9,6.110590046961508,6.100653944091162
Mn1.125Al0.875,6.0925455585505,5.972755990626026
Mn1.15Al0.85,6.073718716839202,5.859762020150794
Fe0.85Pt1.15,6.638489356792438,5.711768852281489
Fe0.875Pt1.125,6.674401904759448,6.212341286738655
Fe0.9Pt1.1,6.707570261253709,6.590894951937042
Fe0.925Pt1.075,6.738384202835342,6.680621762080161
Fe0.975Pt1.025,6.794139425533951,6.7699476536886705
Fe1.025Pt0.975,6.794139425533951,6.712482169607623
Fe1.05Pt0.95,6.7671559403205475,6.693681719813711
Fe1.075Pt0.925,6.738384202835342,6.711599599233927
Fe1.1Pt0.9,6.707570261253709,6.654987305129874
Fe1.125Pt0.875,6.674401904759448,6.686360303003786
Fe1.15Pt0.85,6.638489356792438,6.530878472606082
