reduced_formula,True_Hc_log10,Predicted_Hc_log10,True_Hc_A_m,Predicted_Hc_A_m
Na0.5Ti0.5O11,5.380940861250924,4.686534241123497,240403.54154016371,48588.583817332816
Sr0.3La0.7Mn0.95Zn1Co0.05O31.5,3.7633389055024367,4.61494799495617,5798.810351549734,41204.81750063055
Ti0.6Al0.6Fe0.6Co0.6Ni0.6O4,3.349187239435411,3.5851970389286967,2234.5354010088718,3847.6631050249057
Ba0.5Sr0.5Ce0.6Fe0.4O3,4.4126734969565184,4.687816982064003,25862.678252417525,48732.30818753282
Ba0.5Sr0.5Ce0.4Fe0.6O3,4.228761759600654,4.398917461993086,16934.085944967508,25056.330102595613
Ba0.5Sr0.5Ce0.2Fe0.8O3,3.892459143357592,4.472061654314293,7806.54995865279,29652.52319629843
Ba0.5Sr0.5Ce1O3,5.198485005670717,4.310437556541861,157937.40777714772,20437.960550667973
Ba0.5Sr0.5Fe1O3,3.8219561866153824,4.553247210843637,6636.761126928061,35747.6264319198
Ba0.35Sr0.35Fe9Co0.3O14.5,5.419304075855531,5.025642041319966,262605.65610147,106082.08360646438
Ba0.4Sr0.4Fe10Co0.2O16,5.457092636744931,5.1481775606437825,286478.89756524,140662.25020705204
Ba0.45Sr0.45Fe11Co0.1O17.5,5.572887993913361,5.288708092046209,374014.11626573006,194405.2960985304
Eu0.5Fe0.5Co0.5Bi0.5O3,4.803880122969587,4.999744655072899,63661.977236719955,99941.22193880289
La0.5Fe0.5Co0.5Bi0.5O3,5.315763483948461,4.624524035963647,206901.42601933988,42123.45992753281
Nd0.5Fe0.5Co0.5Bi0.5O3,5.223009430711563,4.755791222206817,167112.69024638992,56989.02438607206
Tm3Ga5Fe5(BiO4)3,1.5997601403136623,3.4707456913559134,39.78873577294999,2956.2808582352386
Pr0.333333Nd0.333333,5.983575506294094,6.009746616142438,962887.4057053904,1022696.1385036698
Ce0.5Y0.5Fe1B1,4.24321281679985,4.5882632269861485,17507.043740097994,38749.243390757394
La0.333333Y0.333333,4.864577963323199,4.9071917848738416,73211.27382222797,80759.1584760244
La0.5Ce0.5Fe1B1,5.110589710299249,4.2246987402274705,128999.99999999996,16776.398754434893
La0.333333Y0.333333,5.093421685162235,4.9071917848738416,123999.9999999999,80759.1584760244
Ce0.5Nd0.5Fe1B1,5.14876340233945,5.257946687468972,140852.12463624304,181111.7752244515
Ce0.2Nd1.8Fe14Co14B1,6.059152628072893,5.443309749101724,1145915.5902609602,277529.88077239227
Ce7Ho7(Fe40B3)2,6.119816545937216,5.749460017753562,1317699.999999999,561642.5697425519
Ce8.4Ho3.6Fe82B6,5.565257343420214,5.76577079639182,367500.0000000002,583137.2660516934
La0.6Ce1.4Fe14B1,5.33645973384853,5.386449970353645,217000.00000000023,243472.53094840006
La3.4Ce13.6Fe78B6,5.656098202012832,5.632388377932461,453000.0000000004,428931.93128179543
La1.7Ce15.3Fe78B6,5.7160033436347994,5.6264473928158605,520000.00000000035,423104.254928599
Mn2Co4Ni3,3.377911390697306,3.914334167793508,2387.3241463770005,8209.830065531152
Mn3(Co3Ni)2,3.502850127305606,3.853262586121468,3183.098861836,7132.841705627978
Mn4Co8Ni,4.223009430711563,3.7720615569989886,16711.26902463899,5916.4548819912425
Nb0.5Cr2Fe435Co6815Si12.5B12.5,0.4322690530198987,1.3624744942372997,2.7056340325606,23.039576625174956
Fe435Co6815Si12.5B15,0.49185474300414284,1.6091588818782818,3.1035213902901,40.65920492065295
MnAlV2Fe2Co2(CuNi)2,3.8550326454169683,3.2462236309487835,7161.972439130997,1762.8835731204335
Fe0.5N0.5,4.377911390697306,3.6515069573348153,23873.241463769984,4482.362306187182
Fe41B18Pt41,5.350248018334163,5.705296283662003,224000.00000000017,507336.7046449515
Fe1.3Co0.7B1,4.104910118633568,3.9994003027613276,12732.395447343992,9986.200990180261
Fe53.3B18Pt28.7,5.862131379313038,5.737010931588074,728000.0000000007,545771.5984871156
Fe1.35Co0.55Re0.1B1,4.399100689767244,4.26659182243025,25066.903536958493,18475.313752537197
Fe1.35Co0.55B1W0.1,4.425834943014489,4.091484937085419,26658.452967876496,12344.824980784451
Fe55.35B18Pt26.65,5.8169038393756605,5.711219510367407,656000.0000000002,514303.5361464726
Fe49.2B18Pt32.8,5.982271233039569,5.765116106262567,960000.0000000009,582258.8606975414
Nb1Fe75.24Si8.91B9.9P4.95,0.0,0.7874685177763605,1.0,6.130113530403531
Fe74.1Si8.55Ni5B12.35,2.6789413863612874,1.27902637884769,477.4648292754002,19.011937540531925
Fe1.4Co0.6B1,4.24321281679985,3.7936271630457497,17507.043740097994,6217.6627658902435
Fe57.4B18Pt24.6,5.7419390777291985,5.617750468333176,551999.9999999995,414715.6918439555
Ga1Fe2.52Co0.48Te2,5.792884738668124,5.349767180795228,620704.2780580198,223752.13130738572
Fe56.8Co14.2B29,4.267171728403014,2.338506131827935,18499.999999999996,218.02491800280183
Fe68.8Co17.2B14,0.9030899869919435,1.2003878852087158,7.999999999999999,15.863093542259866
Ga1Fe2.73Ni0.27Te2,5.873917989577342,5.26867908516136,748028.2325314602,185643.21678051472
Nd0.21Fe2.79C1,4.062846473338196,4.285148306807479,11557.036192611056,19281.832542327327
Nd0.15Fe2.85C1,4.089521807423387,4.170495156384716,12289.14893083335,14807.957401028576
Nd0.09Fe2.91C1,4.104475606859551,4.158496360151698,12719.663051896661,14404.439377480832
Nd0.03Fe2.97C1,4.135054260356433,4.2449825451101475,13647.536370121841,17578.529620215522
Nd0.3Fe2.7C1,4.058125998074924,4.798127228473213,11432.09956228399,62824.23782174155
Fe77.4Ni8.6B14,0.414973347970818,1.5234972461705893,2.6,33.38083885048054
Nb7Fe4050(Ni675B2)6,1.2018201316416248,2.234071392850042,15.915494309180001,171.4239084874479
Cr35Fe65Pt,4.201820131641625,5.635526321739875,15915.494309180018,432042.3520673272
Cr20Fe80Pt,5.934213891464593,5.563105262085532,859436.6926957202,365683.41335688403
Y3(Ga19Fe81)97,2.45484486000851,2.391900923721009,285.0,246.54768199921435
Ce0.7Ga1886.7Fe8043.3,0.3769235244180294,0.9824619421581267,2.3819,9.604216515864351
Ce0.3Ga1894.3Fe8075.7,0.6774426926551983,1.1124319763093076,4.7582,12.954837695667822
Tb0.2Ga1896.2Fe8083.8,2.3242824552976926,2.3436254212314402,210.99999999999997,220.61011511029827
Ce(Ga19Fe81)99,0.6701716083552658,0.8318313961925676,4.679199999999999,6.7894000022694785
Cr15Fe85Pt,6.123506607125227,5.758024334866638,1328943.7748165312,572828.1274230012
Cr11Fe89Pt,6.258724982978097,5.8623899011797915,1814366.3512465185,728433.4845453941
Nb3Fe6615Co735Si13.5Cu1B9,0.9242792860618817,1.9279007788136293,8.4,84.70338742485076
TiFe2Co2Ni2Sb,3.926096001242414,3.7199019808869687,8435.211983865402,5246.89025963179
Fe15Co15Cu2(SiNi5)3,3.412673496956518,3.4622594847109847,2586.26782524175,2899.075226115554
Fe15Co15Cu3Si2Ni15,3.27185799824938,3.361926288173038,1870.0705813286497,2301.0512320055445
Fe15Co15Cu4SiNi15,3.359427985003293,3.3701531106231064,2287.852306944625,2345.055419448675
Fe3Co3CuNi3,3.1312390573559177,3.6060442650417897,1352.8170162803003,4036.8653622758425
Fe15Co15CuSi4Ni15,3.5887647560121994,3.2910959961281354,3879.401737862626,1954.7714892564584
Fe3Co3SiNi3,3.6878962290142137,3.454704182320388,4874.120132186375,2849.076970812339
Fe0.96Cu0.04Pt0.96,5.900790135977644,5.3125193300971585,795774.7154590008,205361.64292341523
Mn0.5Ga0.5As0.5P0.5,3.201820131641625,1.9578826469578194,1591.549430918,90.75752562616597
Mn0.5Ga0.5N1,3.9007901359776436,3.9018246554136296,7957.74715459,7976.725652721426
Mn0.5Ga0.5P1,3.9007901359776436,3.333267497045634,7957.74715459,2154.1081161574402
Gd4.75Lu0.25Ge4,6.745888175991901,6.1503105560528795,5570423.008213006,1413547.9856559194
Gd4.875Lu0.125Ge4,6.599760140313663,6.160072774877706,3978873.577295003,1445682.0038871004
Et6L2Co(HN)2,4.419304075855531,3.873728833747941,26260.565610146998,7477.025017256176
Nd0.5Ho0.5Fe1B1,6.107616012009493,6.334069157177712,1281197.2918889893,2158088.0363494367
Ba0.5La0.5Mn0.5Zn0.5As1O1,5.957694987314116,4.058964170235696,907183.1756232592,11454.184392876892
M1Sr1La0.15Co0.15,5.569920983350976,5.487466945044061,371467.6371762614,307232.35161453066
La0.2Sm1.8Fe13.6Co3.4N1.9,5.3479481673198626,5.383618201767391,222816.92032851986,241890.15998944343
La0.15Nd0.15Sm0.15Gd0.15Ho0.4Mn1O3,4.678941386361287,5.026512973871506,47746.482927539975,106295.03367878283
La0.7Ce1.3Fe14B1,5.262517971995236,5.386154083956264,183028.18455556987,243306.70872870972
La0.84Ce1.56Fe14B1,5.451018489032737,5.44934429905831,282500.02398794476,281413.09270446165
La0.98Ce1.82Fe14B1,5.508245159192312,5.504642304811395,322288.75976089505,319626.1508852758
La1.12Ce2.08Fe14B1,5.586531874579907,5.525829823615863,385950.73699761485,335606.08270599245
La1.26Ce2.34Fe14B1,5.599760140313663,5.558361951725111,397887.35772950033,361711.19607858534
La1.4Ce2.6Fe14B1,5.6466453311513725,5.540574496163776,443246.5165106629,347195.826584344
La2.7Ce6.3Nd9Fe72B10,5.678941386361287,5.312064398474144,477464.8292753997,205146.63537897938
Sr1.8La0.48Pr0.72Mn2O7,6.599760140313663,4.895756376660981,3978873.577295003,78660.44095694991
La1.4Y0.6Fe14B1,4.924279286061882,4.336284808151287,84000.00000000007,21691.261405717454
M2.6Nd1.4Fe14B1,5.941787828401134,4.935820395312286,874556.4122894407,86262.17323940662
Mg0.476Ti0.002Mn0.448Zn0.007Fe1.997O4,2.4309898341807257,3.548681385725887,269.7676285406009,3537.3773096227665
Mn0.2Fe2.2Co0.2Cu0.2Ni0.2O4,3.6489781629838443,3.9103306876584885,4456.338406570402,8134.496706588631
Mg0.2Mn0.2Fe2Co0.2Cu0.2Ni0.2O4,3.201820131641625,3.8275284060295287,1591.549430918,6722.46277487667
Mn55Al45C2,4.728159409031469,5.359651872344575,53476.06087884481,228903.2043838203
Mn3Cr3Fe3Co3Ni3O4,3.621775880131383,3.6078568487576934,4185.775003314342,4053.748945961941
Mn3Fe3Co3Cu3Ni3O4,3.621775880131383,3.5719608245842895,4185.775003314342,3732.1649038517867
Ce0.5Nd0.5Fe1B1,6.049701129087,5.257946687468972,1121246.574081732,181111.7752244515
CeNdFe7Co7B,5.77451696572855,5.609003403073009,595000.0000000003,406446.5140128219
CeNdFe14B,5.781036938621132,5.8716136851041885,604000.0000000005,744069.8122933486
NdDyFe14B,6.154728207440155,5.807479970686462,1427999.9999999988,641918.6160530993
LaNdFe14C,6.17030308019556,5.513436387052347,1480140.9707537405,326164.2722362235
TbNdFe14B,6.277001986260316,5.837742240088741,1892352.2733615017,688243.6927442646
Nd0.5Dy0.5Fe1B1,6.447158031342219,6.127090073220713,2800000.0000000014,1339954.5668678686
Nd0.5Dy0.5Fe1B1,6.397719784050858,6.127090073220713,2498732.606541259,1339954.5668678686
La0.333333Ce0.333333,5.544242812463831,5.372413258654902,350140.87480195996,235729.13287264353
Pr0.5Nd0.5Fe0.5Co0.5B1,6.502850127305606,6.000147120228792,3183098.8618359976,1000338.814230275
Tb0.333333Pr0.333333,6.17794074994144,5.6135130789415575,1506401.536363886,410689.00774242013
La0.333333Sm0.333333,5.641152825471887,5.490421314167767,437676.09350244974,309329.48189723823
Tb3Pr6.6Nd3.3Gd0.6Ho1.5Al0.99Ga0.1Fe0.73Co0.27Cu0.1B8.5,6.193124598354462,6.0943286965585814,1560000.0000000016,1242592.4100855596
Pr10.72Nd5.28Fe78B6,6.053995036061928,5.953594804626004,1132387.4200981574,898658.7445167374
Ce7.32Nd4.88Fe81.6B6.2,5.775851399369344,5.776194876879033,596831.0365942506,597303.2487294127
Nd0.8Dy1.2Fe14B1,5.648978162983844,5.953118845425646,445633.8406570398,897674.4110260525
Pr5.4Nd3.6Nb5Fe71B15,6.11293997608408,5.911731235531497,1297000.0,816077.1831951386
Pr5.4Nd3.6Nb4Fe72B15,6.037824750588342,5.943458881935806,1091000.000000001,877927.9628369194
Pr5.4Nd3.6Fe76B15,5.598790506763115,5.814502837835547,397000.0000000001,652383.3038902291
Pr5.4Nd3.6Fe86B5,5.69284691927723,5.791186476339238,492999.9999999997,618281.8195396246
Pr2.025Nd2.475Fe77B18.5,5.457092636744931,5.315690997383064,286478.89756524,206866.89571134315
NdDyFe14B,5.787280861150125,5.807479970686462,612746.5309034298,641918.6160530993
PrNdFe14B,6.315763483948461,5.73103616587445,2069014.260193399,538314.608800677
Pr5.28Nd10.72Fe78B6,6.017065723558188,5.877288596222292,1040077.5531049136,753856.347955053
Nd1.2Dy0.8Fe14B1,6.027894934342451,5.958095305345965,1066338.1187150602,908019.772046016
Ce7.625Nd22.875Al0.1Fe1Cu0.1B68.55,5.983575506294094,5.953337287875548,962887.4057053904,898126.0389627478
M5.625Nd3.375Fe77B18.5,3.4448581803279192,5.719089967537159,2785.2115041065,523708.9157935995
Ce3.6Nd8.4Ti5Fe77B6,5.9977001489857,5.903714123935217,994718.3943237505,801150.5292683904
Ce0.3Nd0.7Ti1Fe11,4.587710965018911,4.6121985547259206,38700.0,40944.78120427432
Nd1.4Dy0.6Fe14B1,5.9260960012424135,5.786872353485549,843521.1983865394,612170.4380053785
Nd13.6Dy2.4Fe78B6,6.29646592124758,5.971122823508125,1979091.7173465346,935670.2551146661
Ce0.32Nd1.28Fe12Co2B1,5.590986216006157,5.6475173426594605,389929.6105749097,444137.3967275515
Ce0.32Nd1.28Fe12Co2B1,5.590986216006157,5.6475173426594605,389929.6105749097,444137.3967275515
Ce0.32Nd1.28Ti0.5Fe12Co2B1,5.647424334915223,5.698851632081958,444042.2912261223,499863.7374770367
Ce0.32Nd1.28Ti1Fe12Co2B1,5.705610814698806,5.732542626635992,507704.2684628424,540185.1321202775
Ce0.32Nd1.28Ti1.5Fe12Co2B1,5.722303664382417,5.700428718987875,527598.636349317,501682.23087544495
Ce0.32Nd1.28Ti2Fe12Co2B1,5.625884657059113,5.762126767883571,422556.3739087293,578264.8147101654
Ce2.4Nd9.6Ti5Fe77B6,6.167961864380658,5.867250488011709,1472183.223599151,736631.8421123802
Ce2.6Nd10.4Nb0.5Fe81.5B5,6.018061431633408,5.850846567557425,1042464.8772512893,709327.1246208432
Ce2.6Nd10.4Hf1Fe81B5,6.0045938569336,5.888956619947738,1010633.8886329298,774384.4435721053
Ce0.4Nd1.6Ti0.4Fe12Co1.6B1,5.753879665829509,5.790476684050306,567387.372122267,617272.1515348954
Ce6.2Nd24.8Ga0.1Fe68.7Co0.2B1,6.163241225708073,5.786137746888354,1456267.7292899692,611135.8305230906
Ce0.2Nd0.8Ti1Fe11,4.451786435524291,4.481948028945217,28300.000000000025,30335.281469059653
Nd1.6Dy0.4Fe14B1,5.572887993913361,5.862426411556022,374014.11626573006,728494.7252464229
Nd1.84Dy0.16Fe14B1,6.214657356346797,5.787364585004204,1639295.913845541,612864.6683621852
Nd15.2Dy0.8Fe78B6,6.05673315394948,5.990398028462652,1139549.3925372874,978133.2639473445
La0.475Nd9.025Cr2Fe68Co10B10.5,5.878513741266492,5.639683982670929,755985.9796860504,436198.314066575
Nd1.94Dy0.06Fe14B1,6.184091364681193,5.846544300529901,1527887.4536812801,702334.9822813589
Ce0.1Nd0.9Ti1Fe11,4.283301228703549,4.678666275929004,19199.99999999998,47716.24677091078
Nd14.4Dy1.6Fe78B6,6.204633910866298,6.032951669224172,1601894.5022189673,1078826.6575436033
Nd1.8Dy0.2Fe14B1,5.53425859155723,5.9203337076193865,342183.12764737004,832403.1358339678
FeB,6.3479481673198626,3.866224647719333,2228169.203285198,7348.939087888245
FeB,6.216760481434561,3.866224647719333,1647253.66100013,7348.939087888245
Nd690Al115Fe345Ni,5.377911390697306,5.355325159286714,238732.4146376998,226634.0497367351
Fe20Ni80Ag,2.298730144649681,3.3198518213826533,198.94367886474993,2088.5833974073466
Fe20CoNi80,3.4701640455926897,3.4530698518061262,2952.3241943528915,2838.3755152743965
Pr0.666667Nd0.666667Dy0.666667Fe14B1,6.133538908370218,5.86971579296301,1360000.0000000012,740825.2785083631
Pr15.55Nd15.55Ti0.2Ga1.4Fe66.4Co1.4Cu1.4B0.9,6.1804126328383235,5.995244879599307,1514999.999999999,989110.6535410269
Pr15.55Nd15.55Ga1.4Fe66.6Co1.4Cu1.4B0.9,6.058805486675907,6.035955539909296,1145000.000000001,1086314.408505149
Pr3.625Nd10.875Fe83B6.5,6.15883272312147,5.850486881136895,1441559.9999999995,708739.8970101088
FeB,6.582031373353231,3.866224647719333,3819718.6342031993,7348.939087888245
Pr6.375Nd2.125Ti2Fe79.5B10,5.803880122969587,5.7806927373215125,636619.7723671995,603521.4877681262
Ca0.3Pr0.595Y0.105Co1O3,3.201820131641625,5.478706360011569,1591.549430918,301096.9525776492
Ca0.3Pr0.616Eu0.084Co1O3,5.803880122969587,4.621667433644909,636619.7723671995,41847.29915382587
FeB,5.917405683534821,3.866224647719333,826809.9293619014,7348.939087888245
Pr0.5Sm0.5Co5,5.9871499666523915,5.710033143926247,970845.1528599793,512900.52537868544
Pr0.5Sm0.5Co5,5.934213891464593,5.710033143926247,859436.6926957202,512900.52537868544
Ce1.2Sm0.8Fe17N3,5.2810013776892495,5.491601056523951,190985.93171015996,310170.9045108697
Ce0.8Sm1.2Fe17N3,5.671642147619788,5.260704101522322,469507.08212081,182265.3448105492
Pr0.4Sm0.6Co7,5.720334071519512,5.774093594668356,525211.3122029401,594420.2481351106
Sm0.6Zr0.4Fe7Co3,4.633183895800612,5.5653314565059695,42971.834634786006,367562.7198462445
Sm0.6Zr0.4Ti0.5Fe6.65Co2.85,5.539279392932281,5.5745160938265705,346162.00122466503,375418.8662633433
Sm0.6Zr0.4Fe3,5.720334071519512,5.810019638338952,525211.3122029401,645683.4254988215
Sm0.7Zr0.3Fe3,5.953868579461063,5.830689914404661,899225.4284686694,677157.8452990751
Sm0.7Zr0.3Ti0.5Fe9.5,5.554002649752987,5.406032324371414,358098.6219565498,254701.98192367412
Ce0.4Sm1.6Fe17N3,5.870671779724144,5.279695706539339,742457.8095232473,190412.61024452647
Sm0.8Zr0.2Ti1Fe11,4.9421828211358685,5.286878589789784,87535.21870048996,193588.0698633769
Sm0.8Zr0.2Fe3,5.830209061691936,5.7123709536316944,676408.5081401494,515668.9163176471
Sm0.9Zr0.1Fe10,5.174947985241324,5.208986421898009,149605.64650629205,161802.94495899152
Sm0.9Zr0.1Ti1Fe11,5.076881395033325,5.270636173258495,119366.20731885014,186481.68008617812
Sm0.9Zr0.1Fe3,5.502850127305606,5.782524931730174,318309.8861835997,606072.9926214399
Pr0.4Sm0.6Co5,5.951556447210686,6.025272120931969,894450.7801759169,1059917.6420500719
Na0.5Sr0.5Mn1Zn1As2,3.9421828211358685,4.2436501811703975,8753.521870048997,17524.683416216903
Tb0.1Ce0.5Pr0.4Fe1.93,3.8573324964312685,3.985348527220588,7200.000000000001,9668.264591068779
Tb0.12Ce0.4Pr0.48Fe1.93,3.8573324964312685,3.8727712259798146,7200.000000000001,7460.556539142876
V0.5Cr0.5,6.0768813950333245,4.0827835895136,1193662.073188499,12099.950384655553
NdYFe14B,5.619093330626743,5.780705377879211,416000.0000000004,603539.0540958826
Y3Ga5Fe5(BiO4)3,2.591064607026499,2.383385957207502,389.9999999999999,241.7608406959713
Ca3Eu3Y3Tm3Fe5Ge5O12,1.9007901359776436,3.6341803710298564,79.57747154589998,4307.054537865477
La3Y3Ga5Fe5O12,1.502850127305606,3.65071410598475,31.830988618360006,4474.186736011107
Pr3Y3Lu3Ga5Fe5(BiO4)3,1.2018201316416248,3.2897645914504765,15.915494309180001,1948.7879763658057
Ca3Sm3Y3Lu3Fe5Ge5O12,1.9030899869919435,2.4679054965115648,79.99999999999999,293.7010482115971
Yb3Y3Ga5Fe5(BiO4)3,1.845098040014257,3.532448615133287,70.00000000000001,3407.600043633235
Zn0.5Co0.5O1,1.5997601403136623,3.7628201890825443,39.78873577294999,5791.888452557803
Zn0.5Cr0.5Te1,5.03112390447265,4.68691389655975,107429.58658696499,48631.07799156691
Fe3IO4,2.8550326454169683,3.723371169078642,716.1972439130997,5288.970797069761
Fe3(IO2)2,2.8038801229695873,3.214730377450224,636.6197723672002,1639.5715638141921
Fe3I3O4,2.7458881759919005,3.4146977313364615,557.0423008213,2598.3504835128174
Zn0.5Cu0.5Sn0.5O1,1.2823955047425257,2.0655166304153525,19.160000000000004,116.28310783790577
Zn0.6Cu0.4Sn0.6O1,1.4387005329007363,1.6170703160939293,27.459999999999997,41.4066710432689
Zn0.7Cu0.3Sn0.7O1,1.5892792212359672,1.71808118222671,38.839999999999996,52.24938491159862
Zn0.8Cu0.2Sn0.8O1,1.424064525417488,1.8693811042305792,26.550000000000004,74.02545819680498
Zn0.9Cu0.1Sn0.9O1,1.3825573219087859,1.9966592111172532,24.130000000000003,99.23370604989012
Zn50Co50Sn50O,1.780677274433368,2.9800663942739827,60.35000000000001,955.1385949831106
Zn60Co40Sn60O,2.0985745100257076,2.5894358680260523,125.48000000000006,388.5401182600351
AM4Z,4.1673173347481764,4.142657988438647,14700.000000000011,13888.584595046095
AM5Z,4.146128035678238,4.077920410194138,14000.000000000004,11965.212339794163
AM6Z,4.100370545117563,4.23639818479687,12600.000000000015,17234.480016680045
Ca0.15Zn0.76Fe0.24O2,2.419304075855531,2.97185225855895,262.60565610147,937.243114539258
Mn0.3Fe0.7O2,5.055061911970739,2.9176465555511744,113517.26316022644,827.2686287512419
Ca0.3Zn0.76Fe0.24O2,2.5820313733532307,2.9945218784923275,381.97186342031995,987.4653801264801
Mn0.3Fe0.7O2,5.0553966752612665,2.9176465555511744,113604.79837892685,827.2686287512419
Ca0.45Zn0.76Fe0.24O2,2.2810013776892495,3.3289637435603403,190.98593171015995,2132.866846444534
Mn0.3Fe0.7O2,5.125763226406476,2.9176465555511744,133586.70148410223,827.2686287512419
Mn0.3Fe0.7O2,5.1303439999587805,2.9176465555511744,135003.18047761946,827.2686287512419
Ta0.22H2,6.056126173442705,3.023864916798449,1137957.84310637,1056.4888472134737
Ta0.09H2,2.9007901359776436,3.866186801818901,795.7747154589999,7348.298704207431
Ta0.14H2,2.9007901359776436,3.984081243625229,795.7747154589999,9640.093443325428
Ta0.28H2,2.9007901359776436,5.197979605478859,795.7747154589999,157753.71866237346
Na4H3O2,3.840106094456758,4.799815394272544,6920.000000000003,63068.92001859776
CoHO,5.7458881759919,4.301803263066821,557042.3008212994,20035.64200101825
Magnet,6.190824747340161,3.956285910928716,1551760.6951450494,9042.445729795823
A,1.792391689498254,4.142657988438647,62.00000000000001,13888.584595046095
A12MMagnetBP,6.034329044347861,4.655642912644318,1082253.6130242397,45252.534968316235
A,1.6720978579357175,4.142657988438647,47.00000000000001,13888.584595046095
A25Magnet,6.251038154311806,4.077920410194138,1782535.3626281596,11965.212339794163
A5Magnet,6.229169739416381,4.077920410194138,1695000.1439276694,11965.212339794163
ABN800F,3.6789413863612874,2.898893241813118,4774.648292754002,792.3065418966776
AG131,5.230448921378274,3.956285910928716,170000.00000000006,9042.445729795823
AG142,5.3222192947339195,4.142657988438647,210000.00000000012,13888.584595046095
AG153,5.3747483460101035,4.077920410194138,236999.99999999983,11965.212339794163
AG182,2.42192821968168,4.043153709548945,264.19720553238795,11044.694548527761
AG183,2.3525765715019338,4.043153709548945,225.20424447489697,11044.694548527761
AG184,2.16560795898718,3.956285910928716,146.42254764445593,9042.445729795823
AG186,2.2471431104282824,4.142657988438647,176.66198683189805,13888.584595046095
AG189,2.1337862463697976,3.956285910928716,136.07747634348905,9042.445729795823
AG180,2.2510381543118063,4.23639818479687,178.25353626281594,17234.480016680045
AG182,2.17030308019556,4.043153709548945,148.01409707537402,11044.694548527761
AJ,4.103803720955957,4.142657988438647,12700.000000000011,13888.584595046095
AJYP,4.136720567156407,5.138608660849625,13699.999999999996,137596.9035836581
ALVCINO,4.713490543093942,3.7738667158328774,51699.99999999999,5941.097994439232
AFe2HCO3,5.752048484696719,4.699114687139842,565000.0479758895,50016.6599983038
AMZP,3.8750612633917,4.471869426667081,7500.000000000001,29639.40128543999
Fe2CoAgO4,4.712432157430794,3.734308136580821,51574.15930889775,5423.855822868407
Co39.2Ag60.8,3.7641129960980995,3.497418515877281,5809.155422850699,3143.53656162384
Co32.6Ag67.4,3.1312390573559177,3.8816734057807625,1352.8170162803003,7615.061336733829
AgMoS2,4.266278120868543,4.2974530354037155,18461.973398648806,19835.951393004438
M4O3,3.928588079327943,4.313685064138579,8483.754241508395,20591.36154918532
Al0.3Fe1Co1Ni1,2.298730144649681,2.7512514949513402,198.94367886474993,563.9641464495825
Al10FeCoNi,2.502850127305606,3.5334734102635545,318.30988618360004,3415.6503768176403
BaAl2(Fe6O11)2,5.612513027804878,5.597063024401202,409744.40098983905,395423.999458451
Al30FeCoNi,3.0469181716558817,3.4135263120971024,1114.0846016426,2591.3514158076723
Al7Cr3,6.071145290451083,4.389588213208897,1178000.000000001,24523.825272875663
Al4Cr,6.073351702386901,4.168749267204388,1184000.0000000007,14748.548042037466
AlCrFeCoCuNi,3.379500891490403,3.7279870335414538,2396.077668247049,5345.483994817
Al1Cr1Fe1Co1Ni2.1,3.1560626410809496,3.2857435112033566,1432.3944878261996,1930.8276579666835
Al1Cr1Fe1Co1Si0.25Ni1,4.3479481673198626,3.9107078746913317,22281.692032851985,8141.564628414999
Al1Cr1Fe1Co1Si0.5Ni1,4.713703492620499,3.9685541287079555,51725.356504834956,9301.524379680803
Al1Cr1Fe1Co1Si0.75Ni1,4.6931818254758975,3.969921028187996,49338.032358458,9330.84613900608
TiAlZnCrFeCoNi,4.235243887128575,3.933285729918599,17188.733853914408,8576.018909124785
TiAlZnFeCoNi,4.5135739926973795,4.009517535870462,32626.763333819028,10221.56832245647
Al1Cr0.05Fe0.95O3,5.709338687218049,3.6466424740799037,512081.02939786686,4432.436005564817
TiAlZnFeNi,4.2987301446496815,3.9846020557616324,19894.36788647501,9651.660915417644
AlCo8Ni,5.151941479152998,3.4755784619139907,141886.63176633965,2989.361671900578
CrFeCoSiB,-0.9507819773298184,2.198375633453014,0.11199999999999999,157.89763801188116
FeSi,1.9007901359776436,3.7085308892806568,79.57747154589998,5111.294319261992
Zr7Fe93C11,2.5997601403136623,3.094736590127631,397.8873577294999,1243.7600130963222
Zr7Fe93C5.5,3.392151829811916,2.898724226902256,2466.9016179228993,791.9982589890215
NbFeSiB,1.3921518298119162,1.7615098257362938,24.669016179228997,57.74439370007828
NdNi5,3.7458881759919005,5.334830486511039,5570.423008213001,216187.45378148806
TbFe,5.855032645416968,3.904648133735731,716197.2439130998,8028.753673594844
AnisotropicMagnetNdFeB,5.900790135977644,5.975502610027452,795774.7154590008,945154.0726203453
AnnealedRibbonNbFeCuSiB,0.8450980400142568,3.7669536433538853,6.999999999999999,5847.276669106473
AnnealedTi3AlC2,4.358672032711636,5.3560337604588,22838.73433367332,227004.13097036118
Cr3AsN,3.2810013776892495,4.655308733496522,1909.8593171015993,45217.72762557698
NiAu2,4.1952563621392365,4.6117017815023535,15676.761894542296,40897.97277591358
LMBSO,3.377911390697306,4.512524870754402,2387.3241463770005,32548.04222609124
B,4.3479481673198626,3.889013563912977,22281.692032851985,7744.859862205418
MMagnetB13P,5.814603988361361,4.61516659684226,652535.2666763806,41225.56314333422
FeB2Rh,4.201820131641625,3.327394390849845,15915.494309180018,2125.173495321335
AB,0.17609125905568124,5.4356911667616945,1.5,272703.78561255435
Fe1B1C0.625,3.201820131641625,3.5683539839714777,1591.549430918,3701.297415547462
FeBC2,3.7993405494535817,3.1013501481813446,6300.0,1262.8452881960452
CoB,5.502850127305606,3.152866837620408,318309.8861835997,1421.8927427798415
MBCOF,3.4059401142975494,4.257194236138327,2546.479089468799,18079.825568004842
BOF,5.61779454301819,4.776031704718879,414757.7816972305,59707.88734302209
BC(O50F)2,3.1873994398599423,5.082506909112924,1539.5700000000002,120922.44201243404
BC(O50F)2,3.1959936932611313,5.082506909112924,1570.3399999999997,120922.44201243404
GFe3BO4,1.9745116927373283,4.025352441555278,94.29999999999998,10601.136867206504
LB,5.53425859155723,4.486089185055306,342183.12764737004,30625.922913689403
MnB,2.9007901359776436,4.809055282117139,795.7747154589999,64425.12681858771
AEG10MRB,5.732393759822968,5.393419591275074,539999.9999999995,247411.33419579716
AEG27MRB,5.903089986991944,5.2525814532612,800000.0000000003,178888.1007762717
BCSOF,4.696670153321719,4.818959058315841,49735.91971618752,65911.17567219549
MBSOF,3.298730144649681,3.8880778905315365,1989.4367886474993,7728.191774595112
BH3S2OF,3.1463028037917935,4.917073936404034,1400.56349920784,82617.85902650484
LBHS2OF,4.263272610728818,4.833247777209346,18334.649444175375,68115.78675654433
GBH,5.524039426375544,4.4774840403028,334225.38049277983,30025.070810196594
GBH,5.3661729874260615,4.4774840403028,232366.21691402778,30025.070810196594
ZBCOF,4.979971382025268,4.243895683411136,95492.96585507996,17534.59274155357
ZBPOF,5.184091364681193,4.379814070536884,152788.745368128,23978.061542881853
Ba1Ti0.5Mn0.5Fe11O19,5.355634995986154,4.709424032777133,226795.7939058152,51218.167110088645
BaTiMnFe10O19,5.167961864380658,4.710218310138144,147218.32235991512,51311.92527637758
Ba1Ti1.5Mn1.5Fe9O19,5.018061431633408,4.210597040994359,104246.48772512891,16240.411940664873
BaTi2Mn2Fe8O19,4.869273084531579,4.182009834386346,74007.04853768702,15205.819621782157
Ba1Mn0.4Zn0.4Fe16Co1.2O27,3.587426405239937,4.313245387340096,3867.4651171307396,20570.525542806605
BaZnCoAs2,2.6789413863612874,4.72662350594379,477.4648292754002,53287.27426972343
Ba1Zn0.2Fe11.6Sn0.2O19,5.117483735147398,4.929099383968928,131064.09563609734,84937.48237712575
Ba1Zn0.4Fe11.2Sn0.4O19,4.853098145639769,4.517102952936122,71301.41450512639,32892.95969925698
Ba1Zn0.6Fe10.8Sn0.6O19,4.561655613981513,4.861805944342422,36446.4819680222,72745.46835732975
BaFe12O19,5.292959285467379,4.885568954644892,196317.62230373514,76836.74427190961
BaFe12O19,5.3222295261976935,4.885568954644892,210004.9474096302,76836.74427190961
Ba1Zr0.1Zn0.1Fe11.8O19,5.198331803795804,5.171625273161048,157881.7035470657,148465.40699092805
Ba1Zr0.2Zn0.2Fe11.6O19,5.0226781210813245,5.153131731080185,105360.57232677154,142276.02762025545
Ba1Zr0.3Zn0.3Fe11.4O19,4.8352885872212115,4.918149373964508,68436.62552947403,82822.69803043093
Ba1Zr0.4Zn0.4Fe11.2O19,4.575651276715456,4.805931647858499,37640.14404121073,63963.415770073065
Ba1Zr0.5Zn0.5Fe11O19,4.3039106571534615,4.901124184220518,20133.1003011127,79638.7040543597
MypehexagonalferritesBa,5.613692261024866,5.423359322525443,410858.48559148144,265069.2336750792
Ba0.1La0.1Mn0.1Fe11.9O19,5.363379780184262,5.12277128026751,230876.52664668896,132669.5573938542
Ba0.25Sr0.75Fe12O19,5.2097044051198464,5.255631394109871,162070.66164924167,180148.80852294556
Ba0.25Sr0.75Pr0.05Fe11.95O19,5.04409228785489,5.15259869258749,110685.89672262319,142101.50991251334
Ba0.25Sr0.75Pr0.1Fe11.9O19,4.883716839748481,5.183805008187668,76509.76001780554,152688.03575705504
Ba0.25Sr0.75Pr0.15Fe11.85O19,5.160388792554385,5.12792481078136,144673.43481987712,134253.25089349248
Ba0.25Sr0.75Pr0.2Fe11.8O19,4.991457242024675,5.190691871828926,98052.17733999623,155128.59954546703
Ba0.25Sr0.75Pr0.25Fe11.75O19,5.1608591377227455,4.984402162636188,144830.20243882248,96472.19558656072
Ba0.2La0.2Mn0.2Fe11.8O19,5.374548546486926,5.304248943881833,236890.99194612802,201487.88766363935
Ba0.2Sr0.8Al1Fe15Co2O27,4.053903467488253,4.277726829968059,11321.486876835186,18955.13273540534
Ba0.34Ca0.66Al0.6Fe11.4O19,5.0850604092426535,5.067554187943456,121635.51807492449,116829.94922416884
Ba0.3La0.3Mn0.3Fe11.7O19,5.4404118978997555,5.280804727308469,275684.2135500388,190899.47204752377
Ba0.3Sr1.7Fe12Co2O22,4.5028501273056065,4.076977980385861,31830.98861836004,11939.275683719528
Ba0.4La0.4Mn0.4Fe11.6O19,5.330861964961268,5.086797601330436,214220.96185213185,122123.0385119338
Ba0.4Fe11.6Co0.4Pb0.6O19,5.419304075855531,4.800932923501305,262605.65610147,63231.4183321959
Ba0.4Fe11.7Co0.3Pb0.6O19,4.664218129540581,5.1149480976509825,46154.933496622,130301.10468501653
Ba0.4Fe11.8Co0.2Pb0.6O19,4.6931818254758975,5.07984643690198,49338.032358458,120183.93985599438
Ba0.4Fe11.9Co0.1Pb0.6O19,5.1930462073341195,4.935790664421778,155971.84422996393,86256.26811384993
Ba0.4Fe12Pb0.6O19,5.491854743004143,4.902926303806945,310352.13902900985,79969.8541243235
Ba0.4Sr0.6Al1Fe15Co2O27,3.994071703544889,4.258100507772,9864.423372829762,18117.593353970195
Ba0.52Sr2.48Fe24Co2O41,-0.46852108295774486,3.551492940295083,0.33999999999999997,3560.352024332972
Ba0.5Ca0.5Fe16Co2O27,4.461652830705108,4.331190380456077,28950.28414839841,21438.30179998355
Ba0.5Ca0.5Dy0.05Fe11.95O19,4.871601746850161,5.103714384155254,74404.93589541649,126973.87807743953
Ba0.5Ca0.5Dy0.15Fe11.85O19,4.94297173049341,5.0804499000145205,87694.37364358178,120351.05454324975
Ba0.5Ca0.5Dy0.1Fe11.9O19,4.904681302214554,5.04030541950593,80293.66878981305,109724.95704651331
Ba0.5Ca0.5Dy0.2Fe11.8O19,4.959974753609015,5.068491416829939,91195.78239160146,117082.346254616
Ba0.5Ca0.5Fe12O19,4.85647788629115,5.300594409729728,71858.45680594776,199799.50582621092
Ba0.5Ca0.5Mg0.2Fe11.8O19,5.449793398003432,5.092954733601276,281704.24927248614,123866.74738193507
Ba0.5Ca0.5Mg0.1Fe11.9O19,5.021364067183494,5.244195924488733,105042.26244058802,175467.19133783228
Ba0.5Ca0.5Fe12O19,5.011379846276893,5.300594409729728,102654.93829421105,199799.50582621092
Ba0.5Na0.25La0.25Ti1Mn0.5Fe10Co0.5O19,4.571787002849666,4.489128360300485,37306.7144354334,30840.99353546787
Ba0.5La0.5Mn0.5Fe11.5O19,5.346350751954733,5.010549607656308,221998.86392102807,102458.88081538737
Ba0.5La0.5Fe12O19,5.281699306879912,5.290599202347116,191293.10075032723,195253.66851422185
Ba0.5Sr0.1Zn0.4Fe12O19,5.076881395033325,5.0402198057583245,119366.20731885014,109703.3287751425
Ba0.5Sr0.25Tb0.25Al1Fe11O19,3.240798771117331,4.081868698239196,1740.9999999999998,12074.487277451804
Ba0.5Sr0.3Tb0.2Al1Fe11O19,3.241048150671644,4.047580273717989,1741.999999999999,11157.843706015814
Ba0.5Sr0.5Al1Fe11O19,3.2612628687924934,5.165607808491238,1824.9999999999993,146422.49690470143
Ba0.5Sr0.5Ce0.05Fe11.95O19,5.358747687181282,5.163878204544169,228427.132072506,145840.5201345792
Ba0.5Sr0.5Fe12O19,5.343833964625984,5.239316352386629,220716.07507970807,173506.74097313453
Ba0.5Sr0.5Ce0.15Fe11.85O19,5.3852750450095845,5.228998344585518,242814.73892800475,169433.13420968238
Ba0.5Sr0.5Ce0.1Fe11.9O19,5.365622333827612,5.200149894386792,232071.78026930816,158544.03041681318
Ba0.5Sr0.5Ce0.2Fe11.8O19,5.389143401016672,5.14202652616394,244987.20390120777,138684.05327707823
Ba0.5Sr0.5Ti0.2Fe11.6Co0.2O19,4.572887993913361,5.142333747821869,37401.411626573,138782.19364081137
Ba0.5Sr0.5Ti0.4Fe11.2Co0.4O19,4.2810013776892495,4.9657811261249085,19098.593171015993,92423.22659213768
Ba0.5Sr0.5Ti0.6Fe10.8Co0.6O19,4.201820131641625,4.488353636348471,15915.494309180018,30786.02632116653
Ba0.5Sr0.5Ti0.8Fe10.4Co0.8O19,3.9799713820252687,4.438928201751351,9549.296585508004,27474.39904457049
Ba0.5Sr0.5Fe12O19,5.223009430711563,5.239316352386629,167112.69024638992,173506.74097313453
Ba0.5Sr0.5Ti1Fe10Co1O19,3.7458881759919005,4.503620073748992,5570.423008213001,31887.470787017108
Ba0.5Sr0.5Zr0.2Fe11.6Cu0.2O19,5.413074199259497,5.135563876588401,258865.5149388125,136635.6026305629
Ba0.5Sr0.5Zr0.4Fe11.2Cu0.4O19,5.147165599981152,4.939251419869548,140334.87107119465,86946.36297138204
Ba0.5Sr0.5Zr0.6Fe10.8Cu0.6O19,4.885137393563507,4.77340822742225,76760.42905317513,59348.292358874445
Ba0.5Sr0.5Zr0.8Fe10.4Cu0.8O19,4.37961626493384,4.803398676702827,23967.142880194155,63591.442518743606
Ba0.5Sr0.5Fe12O19,5.600627861844889,5.239316352386629,398683.1324449587,173506.74097313453
Ba0.5Sr0.5Mg0.2Zn0.2Fe11.2Co0.4O19,5.44485818032792,4.743890284511458,278521.15041065024,55448.56159779528
Ba0.5Sr0.5Mg0.1Zn0.1Fe11.6Co0.2O19,5.554002649752987,5.10631983799647,358098.6219565498,127737.9193769491
Ba0.5Sr0.5Fe12O19,5.60836031207558,5.239316352386629,405845.10488408984,173506.74097313453
Ba0.67Ca0.33Al0.6Fe11.4O19,4.913783762859441,4.993617855734228,81994.31893422056,98541.20205979685
Ba0.6Ca0.4Fe16Co2O27,4.2926070595908925,4.249939547987243,19615.84673606435,17780.318980566415
Ba0.6Na0.2La0.2Ti1Mn0.5Fe10Co0.5O19,4.561285642360002,4.510025312879115,36415.44675411928,32361.25181543854
Ba0.6La0.6Mn0.6Fe11.4O19,5.320132816012113,4.367717954801714,208993.51774628175,23319.431294269354
Ba0.6Fe12Pb0.4O19,4.6330873751908355,5.015325996508396,42962.28533820051,103591.94720093864
Ba0.6Sr0.3Er0.1Al0.5Fe10Co1.5O19,5.521134435732137,4.677259929046489,331997.2112894946,47561.9803386163
Ba0.6Sr0.3Er0.1Al0.5Fe11.5O19,5.583386427438197,4.931645204745009,383165.52549350844,85436.84545856787
Ba0.6Sr0.4Al1Fe15Co2O27,3.9451730830511806,4.085284439730266,8814.000748423887,12169.827985347021
Ba0.6Sr0.4Cr1Fe11O19,5.44485818032792,4.861399009016453,278521.15041065024,72677.33754395426
Ba0.6Sr1.4Zn2Fe12O22,3.076881395033325,3.841147228675494,1193.6620731885,6936.609217597797
Ba0.7Ca0.3Fe16Co2O27,4.170069525749542,4.337591879272935,14793.451960382816,21756.642685279505
Ba0.7Na0.15La0.15Ti1Mn0.5Fe10Co0.5O19,4.579071728119668,4.57037913386862,37937.76378479234,37185.971650777115
Ba0.7La0.3Fe11.7Co0.3O19,5.6491332404651935,5.174603718221905,445792.9956001323,149487.1004880532
Ba0.7Nd0.3Cd0.05In0.05Fe12O19,3.4937437075255096,4.525783327777003,3117.0495604529037,33557.015443216085
Ba0.7Nd0.3Cd0.15In0.15Fe12O19,4.146845332884087,4.274927147460532,14023.142035818491,18833.33135417151
Ba0.7Nd0.3Cd0.1In0.1Fe12O19,4.140564951144163,4.007262001066856,13821.81103280737,10168.619600962234
Ba0.7Nd0.3Fe12O19,4.434002765828899,3.9414117165572584,27164.565686908434,8737.993484822358
Ba0.7Fe12Pb0.3O19,4.7254690662863155,4.885854207644654,53145.81437192933,76887.2287066401
Ba0.7Sr0.3Fe12O19,4.823588229745221,5.234800641060524,66617.48452993468,171711.99778772096
Ba0.85Fe12Cu0.15O19,5.064547659959599,5.153617298462655,116023.95351392211,142435.18974634257
Ba0.85Gd0.15Fe12O19,5.468991860044639,5.007130843877206,294436.64471983025,101655.49135510573
Ba0.85La0.15Fe11.5Co0.5O19,4.722021903881245,5.079518355927486,52725.645322166914,120093.18306288302
Ba0.85La0.15Fe11.85Co0.15O19,5.114639795536456,5.245204315626561,130208.63781697887,175875.0830927022
Ba0.85La0.15Fe11.8Co0.2O19,5.10285866835241,5.247849700257309,126723.94033798394,176949.64686338557
Ba0.85La0.15Fe11.9Co0.1O19,5.181766654677361,5.24746765089168,151973.07628478247,176794.0524995927
Ba0.8Ca0.2Zr0.8Fe10.4Co0.8O19,5.027894934342451,4.815696754440787,106633.81187150601,65417.923475424286
Ba0.8Ca0.2Zr0.6Fe10.8Co0.6O19,5.0851976213899635,4.7247586421423025,121673.95399368102,53058.94887588954
Ba0.8Ca0.2Zr1Fe10Co1O19,4.997004721324049,4.757030963486784,99312.68448928323,57151.93823012894
Ba0.8Ca0.2Zr0.4Fe11.2Co0.4O19,5.198331803795804,4.941621225647794,157881.7035470657,87422.09819104934
Ba0.8Ca0.2Zr0.2Fe11.6Co0.2O19,5.39882485966467,5.08967581001735,250509.8804264931,122935.07485883836
Ba0.8Ca0.2Fe12O19,5.614448652186,5.232556481452449,411574.6828353945,170826.98718338917
Ba0.8Ce0.2Zn0.2Fe11.8O19,5.06065798307021,4.866003065545388,114989.44638382545,73451.90528731122
Ba0.8Gd0.2Fe11.5Co0.5O19,4.9871499666523915,4.761722764486623,97084.51528599793,57772.7132723185
Ba0.8Na0.1La0.1Ti1Mn0.5Fe10Co0.5O19,4.5532975555289426,4.5779844659704985,35751.77064142647,37842.904866405726
Ba0.8Fe12Pb0.2O19,5.004723783877092,4.7447221097920815,101093.62830248041,55554.86668973726
Ba0.8Sr0.2Al1Fe15Co2O27,3.883513523646189,4.237820713336282,7647.395015560987,17291.023989631758
Ba0.9La0.1Fe185O27,4.427129413367488,4.4985407270608,26738.0304394224,31516.69922145559
Ba0.92La0.08Fe185O27,4.499580642740758,4.4727628248432305,31592.256203722274,29700.43600487804
Ba0.93Sm0.07Fe11.93Co0.07O19,5.641152825471887,5.382638942029436,437676.09350244974,241345.3535256738
K0.054Ba0.946Co2As2,3.9007901359776436,4.2780250598140395,7957.74715459,18968.15368765762
Ba0.94Co2.4Ru3.6O11,3.9007901359776436,4.207183450132457,7957.74715459,16113.261309744583
Ba0.94Mn2.4Ru3.6O11,3.9007901359776436,4.40708796505896,7957.74715459,25532.183971036273
Ba0.95Fe12Cu0.05O19,4.997352574351779,5.194326496901921,99392.26196082904,156432.32384036962
Ba0.95La0.05Fe12O19,5.453027693687723,5.186071292887452,283810.00000000023,153486.8923040131
Ba0.95La0.05Fe185O27,4.554002649752987,4.465449536031176,35809.86219565498,29204.483914481614
Ba0.95La0.05Ti0.94V0.06O3,2.201820131641625,4.2152716230412,159.1549430918,16416.161766769485
Ba0.95La0.05Ti0.97V0.03O3,3.9689759977238053,3.1150650940505997,9310.5641708703,1303.3621177101172
Ba0.95Sm0.05Fe11.95Co0.05O19,5.6931818254758975,5.4537576819531415,493380.32358458,284287.446052016
Ba0.97La0.03Fe185O27,4.556888337990475,4.472606488474911,36048.5946102927,29689.74643164768
Ba0.97Sm0.03Fe11.97Co0.03O19,5.599760140313663,5.370858603289837,397887.35772950033,234886.7956712956
Ba0.992Dy0.0053Ti0.98Mn0.02O3,5.684322120251913,4.509468667871226,483417.22414703347,32319.800241329645
Ba0.9Ca0.1Fe16Co2O27,3.9824974060749927,4.279202604413838,9605.000815590127,19019.65366274693
Ba0.9Ca0.1Fe12O19,4.755794132237283,5.20735742220624,56989.40624759629,161197.1734165248
Ba0.9Ce0.1Zn0.1Fe11.9O19,5.081489337273679,5.120293543969861,120639.4468635845,131914.80626213618
Ba0.9Fe12Cu0.1O19,5.309538742161887,5.02774864448449,203957.05957214156,106597.89887044081
Ba0.9Na0.05La0.05Ti1Mn0.5Fe10Co0.5O19,4.583485631876354,4.6015254718783245,38325.30607122087,39950.79922312515
Ba0.9La0.1Al1.3Fe10.7O19,5.455036944143754,5.059919709375702,285126.0805489596,114794.13750743755
Ba0.9La0.1Al1Fe11O19,5.48342157546728,5.02039477160882,304383.8286630674,104808.08156352577
Ba0.9La0.1Al0.7Fe11.3O19,5.424276468320872,5.023260283094346,265629.60002021433,105501.90051351234
Ba0.9La0.1Al0.5Fe11.5O19,5.262329107246923,5.091370649959412,182948.60708402412,123415.76795495718
Ba0.9La0.1Al0.3Fe11.7O19,5.220312585043097,5.134824893928366,166078.1831162932,136403.30521701177
Ba0.9La0.1Al0.1Fe11.9O19,5.174716916078169,5.189985457582488,149526.069034746,154876.47574181226
Ba0.9La0.1Fe12O19,5.133786246369797,5.332185800550603,136077.47634348893,214874.955894158
Ba0.9Fe12Pb0.1O19,4.545455169191673,5.052892970666575,35111.96777019747,112951.75173876781
Ba1.05Ti1Fe10Co1O19.05,4.653775341409827,4.779857345439258,45058.35593871947,60236.1693260324
Ba1.5Sr1.5Fe24Co2O41,3.236649047297462,2.891299996556698,1724.443808399654,778.5741791470739
Ba1.6Cr0.8Fe27.2Co2Cu0.4O46,4.065142991762081,4.237065812953643,11618.310845701413,17260.99445153991
Ba1.7Cr0.15Fe12Co2Ni0.15O22,4.330073964911769,4.082360726563623,21383.262379098796,12088.174663882482
Ba1.7Cr0.6Fe27.4Co2Cu0.3O46,4.093914734332105,4.162358828313054,12414.0855611604,14533.118955121072
Ba1.8Cr0.1Fe12Co2Ni0.1O22,4.051945391128561,4.189453464287823,11270.557295045806,15468.687443113982
Ba1.8Cr0.4Fe27.6Co2Cu0.2O46,4.120898224017699,4.004409327092019,13209.860276619409,10102.045658924813
Ba1.92Sm0.08Cd0.4Fe27.6Co2O46,3.4771212547196626,4.2323451714591664,3000.0000000000014,17074.388995174493
Ba1.94Sm0.06Cd0.3Fe27.7Co2O46,3.469822015978163,3.740982274787584,2950.0,5507.852163035548
Ba1.96Sm0.04Cd0.2Fe27.8Co2O46,3.5705429398818977,3.751742606038565,3720.000000000002,5646.02251968953
Ba1.98Sm0.02Cd0.1Fe27.9Co2O46,3.7902851640332416,3.6468765243421988,6169.999999999998,4434.825380619675
Ba1.9Cr0.2Fe27.8Co2Cu0.1O46,4.056126173442705,4.0594275151397605,11379.5784310637,11466.411281127643
Ba11Fe6O11,4.075140733457023,4.8131823368031,11888.874248957454,65040.27020035502
Ba2Zr1Mn1Fe26O44.5,1.3479481673198628,5.031130957565367,22.281692032851996,107431.33129480516
Ba2.5Nd0.5Fe24Co2O41,3.7069701099615306,3.664076479580152,5092.958178937598,4613.988200806655
Ba2.5Sr0.5Fe24Co2O41,3.807609851444189,3.4801094633922838,6421.106179038673,3020.7129914693023
Ba2.6Nd0.4Fe24Co2O41,3.7458881759919005,3.589560328225471,5570.423008213001,3886.514821213533
Ba2.7Nd0.3Fe24Co2O41,3.5540026497529875,3.6978784766790023,3580.986219565502,4987.449102355785
Ba2.8Nd0.2Fe24Co2O41,3.7758513993693437,3.5273728149956702,5968.3103659425005,3368.0056780461227
Ba2.9Nd0.1Fe24Co2O41,3.392151829811916,3.8158813069721695,2466.9016179228993,6544.572859257177
Ba2Zn1.5Fe12Co0.5O22,4.186347444985417,3.6460527640959377,15358.452008358687,4426.421473816052
Ba2Mn0.9Fe12Co1.1O22,5.307330316411599,4.500298906913694,202922.5524420449,31644.548741323448
Ba2Mn0.7Fe12Co1.3O22,4.944152413998773,4.478926001048192,87933.10605821946,30124.92685189065
Ba2Mn0.5Fe12Co1.5O22,4.68611997098841,4.384307484435072,48542.25764299896,24227.437642219407
Ba2Zn0.5Fe12Co1.5O22,4.338540698798032,4.0601769549272735,21804.22720357662,11486.215363476724
Ba2Mn0.3Fe12Co1.7O22,4.625066005578432,4.339046349430088,42176.05991932696,21829.628728645555
Ba2Mn0.1Fe12Co1.9O22,4.582031373353231,4.159963734719504,38197.186342031986,14453.190759354613
BaFe6CoO11,4.543254656219765,4.087941218315148,34934.51000865009,12244.504588858132
BaFe14CoO23,3.7641761323903307,4.350490202362598,5809.999999999999,22412.494828616098
Ba2Mn0.4Fe11.6Co2O22,3.784451571131261,4.242674647639109,6087.676573261349,17485.362792686763
Ba2Mn0.8Fe11.2Co2O22,3.6915677373153377,4.0617157942213575,4915.500417390246,11526.986757231592
BaFe6CoO11,3.9253578931736817,4.087941218315148,8420.88803898714,12244.504588858132
Ba2Mn1.2Fe10.8Co2O22,3.680602999148224,3.9363934003877787,4792.951111209557,8637.60620577328
Ba2Mn1.6Fe10.4Co2O22,3.649210758445212,4.145641402910383,4458.725730716777,13984.321598571163
Ba2CoRuO6,5.179543736930473,5.073356231271205,151197.19593721008,118401.23469838985
Ba2ZnFe12CoO22,4.266278120868543,4.01729547001063,18461.973398648806,10406.279108779201
Ba2Zn1.5Fe12Cu0.5O22,3.298730144649681,3.474769938677779,1989.4367886474993,2983.8015737595956
BaFe14CoO23,3.9942118211398787,4.350490202362598,9867.6064716916,22412.494828616098
BaZnFe6O11,3.1312390573559177,3.7584566835693622,1352.8170162803003,5733.986730434626
Ba2Zn0.5Fe12Cu1.5O22,3.201820131641625,3.8592283845538433,1591.549430918,7231.499900345486
Ba2ZnFe12CuO22,3.201820131641625,3.75462788757697,1591.549430918,5683.657347304826
BaFe6CuO11,3.6307644216771995,3.635208053412086,4273.310222014833,4317.2585017693045
Ba2CuGe2O7,6.201820131641625,4.602672898769267,1591549.4309180018,40056.49071400175
Ba2Fe1.5Mo0.5O6,4.0710518513726015,4.264841379884171,11777.465788793215,18400.99807450241
Ba2FeMoO6,3.4448581803279192,4.566614412190429,2785.2115041065,36865.01476582515
Ba2La2Ni(WO6)2,4.72686493867847,3.9248941204425356,53316.905935753,8411.900372970125
Ba2Dy0.25Fe27.75Co1Ni1O46,4.795272350987735,4.677731005178,62412.61093344943,47613.59846980575
Ba2Gd0.25Fe27.75Co1Ni1O46,4.826102227477294,4.724417656806181,67004.23104164787,53017.30611146303
Ba2La0.25Fe27.75Co1Ni1O46,4.795493788586874,4.531774178208096,62444.44192206773,34023.12323404222
Ba2Nd0.25Fe27.75Co1Ni1O46,4.86763555963256,4.491852807794102,73728.52738727632,31035.075610736887
Ba2Tb0.25Fe27.75Co1Ni1O46,4.849984910215626,4.709782294252988,70792.11868723259,51260.435818276834
Ba2NiOsO6,6.223009430711563,5.060451428424351,1671126.902463899,114934.76929716168
Ba2SrFe24Co2O41,3.6456305327630227,3.338440500052086,4422.120093805662,2179.919719674192
Ba2Zn0.5Fe13.5O22,3.1795437369304724,4.09048427260258,1511.9719593720997,12316.413826731
Ba2ZnFe13O22,3.223009430711563,3.7570987696112583,1671.1269024639007,5716.086202293567
Ba2Zn1.5Fe12.5O22,3.4448581803279192,3.7725279125831053,2785.2115041065,5922.811522127054
BaZnFe6O11,3.563547967659218,3.7584566835693622,3660.5636911114016,5733.986730434626
Ba3Zn1.6Fe24Co0.4O41,3.8785137412664916,3.6703345976261064,7559.8597968605045,4680.956417724772
Ba3Zn1.2Fe24Co0.8O41,3.0469181716558817,3.751838800880849,1114.0846016426,5647.2732341755955
Ba3Zn0.7Fe24Co0.9Cu0.4O41,3.3631881338765997,3.4248427672500665,2307.7466748311,2659.761940501002
Ba3Zn0.5Fe24Co1.1Cu0.4O41,2.8550326454169683,3.570028398604561,716.1972439130997,3715.5952465575674
Ba3Zn0.3Fe24Co1.3Cu0.4O41,3.9699029873647644,2.8384082853767962,9330.458538756773,689.3000109238844
Ba3Zn0.1Fe24Co1.5Cu0.4O41,1.5997601403136623,3.320812625147909,39.78873577294999,2093.209153152301
Ba3Fe24Co1.6Cu0.4O41,1.9007901359776436,3.2834272987269495,79.57747154589998,1920.5574318602683
Ba3Zn0.4Fe24Co1.6O41,3.1312390573559177,3.276258576637306,1352.8170162803003,1889.1157838669737
Ba3Dy0.2In0.1Fe23.7Co2O41,4.809777787615222,3.920502562037114,64532.395620489006,8327.268384832394
Ba3FeRu2O9,4.900790135977644,4.9526926810652006,79577.47154590007,89679.3973394575
Ba3FeRu2O9,4.957694987314116,4.9526926810652006,90718.31756232592,89679.3973394575
Ba3NdRu2O9,5.9421828211358685,4.895740063812086,875352.1870048996,78657.48639076971
Ba3NiIr2O9,5.050009248633024,5.0448819950658645,112204.23487971904,110887.34752135136
Ba3Zn1.6Fe24Cu0.4O41,4.0768813950333245,3.6913295706580564,11936.62073188499,4912.805500915164
Ba3Zn2Fe24O41,3.5820313733532307,3.972519023934291,3819.718634203199,9386.831540620102
Ba4Cr0.6Fe36Co1.1O60,4.523936010615583,4.205313385200343,33414.580302123395,16044.02703802447
Ba4Cr0.3Fe36Co1.55O60,4.046763038779825,4.161734849673904,11136.86714284871,14512.253287373758
Ba2Fe18CoO30,3.9314303308462755,4.286761686018854,8539.458471590526,19353.596666923026
Ba4Fe36Cu0.5Ni1.5O60,5.270516082528796,4.7358133629706005,186430.1214641574,54426.87043844645
Ba4Fe36Cu1.5Ni0.5O60,5.187343154778371,4.680859526608501,153937.04828253543,47957.83030158027
Ba4Fe36CuNiO60,5.235175520579285,4.866136551020077,171860.28219881855,73474.48505705534
Ba4Ti3Mn2Zn3(FeO2)30,3.913627360682816,4.268709642133911,8196.479569227704,18565.627910224775
Ba2TiMnZn(Fe8O15)2,4.062158138212618,4.333088909710833,11538.733374155496,21532.22501998824
Ba4TiMn2Zn(Fe17O30)2,4.704929568312994,4.150752883580872,50690.84937473828,14149.884131274754
Ba2Mn(Fe3O5)6,4.585635497622056,4.552737564203774,38515.49622821562,35705.70102694142
Ba2Fe18NiO30,5.370145218488078,4.557684898030397,234501.28047560438,36114.773714373114
Ba5Os3ClO15,3.502850127305606,4.994032265952407,3183.098861836,98635.27640873134
BaV2Co(AgO4)2,3.1795437369304724,3.844767111083441,1511.9719593720997,6994.668087534816
BaV2Ni(AgO4)2,2.9007901359776436,3.847143712666483,795.7747154589999,7033.050124957538
BaAl2Fe10O19,5.4322690530198985,5.599629146089367,270563.40325605986,397767.3629143562
BaAlFe11O19,5.214446482595675,4.419722317333304,163850.01391300815,26285.867677208662
BaFe12O19,4.972672143283769,4.885568954644892,93901.41642416202,76836.74427190961
Ba1La0.1Y0.1Fe11.7Bi0.1O19,5.386677283960838,5.019328136516675,243599.99999999994,104550.98686591849
Ba1La0.2Fe11.6Bi0.2O19,5.245575258610304,5.101816938642325,176025.36705953084,126420.33552873899
Ba1La0.2Y0.2Fe11.4Bi0.2O19,5.3881012015705165,4.960580772251804,244399.99999999994,91323.12668011998
Ba1La0.33Y0.33Fe11.01Bi0.33O19,5.337858429041094,4.801485839191442,217699.99999999983,63311.97175772696
Ba1La0.4Fe11.2Bi0.4O19,5.267586519264373,5.000429596003329,185176.7762873092,100098.96707545054
BaFe12O19,5.635429974965343,4.885568954644892,431946.5155511455,76836.74427190961
Ba1Ti0.2Fe11.6Co0.2O19,5.266090884615631,5.146516269354779,184540.15651494198,140125.2077064859
Ba1Zr0.2Fe11.1Co0.2O18.25,5.57978359661681,5.104906049960081,380000.0,127322.76164877188
Ba1Zr0.4Fe10.7Co0.4O18.25,5.474216264076255,5.026849881910125,298000.00000000006,106377.5250458393
Ba1Zr0.4Fe11.2Co0.4O19,5.263705934977239,5.082482053119763,183529.52262630934,120915.52145159955
Ba1Ti0.5Fe11Co0.5O19,5.156785862700046,4.837396933613585,143478.18119725777,68769.66893650603
Ba1Ti0.6Fe10.8Co0.6O19,3.7458881759919005,4.970565475975317,5570.423008213001,93447.02421136804
Ba1Zr0.6Fe10.3Co0.6O18.25,5.198657086954423,4.950113314209421,158000.00000000015,89148.35097548942
Ba1Zr0.6Fe10.8Co0.6O19,5.179452296887624,4.864785966943874,151165.36494859157,73246.34646991668
Ba1Ti0.8Fe10.4Co0.8O19,5.002193486532974,4.586828662932591,100506.34656247162,38621.457832252716
Ba1Zr0.8Fe10.4Co0.8O19,4.985545099156998,4.868944488416932,96726.41666404149,73951.07446473012
BaFe12O19,5.620287152588225,4.885568954644892,417145.1058436075,76836.74427190961
BaZrFe10CoO19,4.700268534815624,4.870702452925208,50149.72256822614,74251.02494294924
Ba1Ti1.2Fe9.6Co1.2O19,5.480573732594454,4.485930473583595,302394.3918744202,30614.732816996508
Ba1Ti1.3Fe9.4Co1.3O19,4.3479481673198626,4.823961968813775,22281.692032851985,66674.83794731552
Ba1Zr0.4Mn0.4Fe15.2Co2O27,5.170536509108411,4.215729203527015,148093.67454691997,16433.46724546892
BaV2(CoO4)2,6.491854743004143,4.777957947668442,3103521.390290099,59973.30018540298
Ba1Zr1Ti0.5Fe8Co2Sn0.5O19,4.453458352089837,4.556203653779153,28409.157341886297,35991.80720274126
BaCoSiO4,3.5997601403136623,4.9684358771093855,3978.8735772949994,92989.92064763336
Ba1Cr0.3Fe11.7O19,5.118800178962007,5.0883416461690585,131461.98299382685,122557.99463517645
Ba1Cr0.6Fe11.4O19,4.787280861150125,4.927181234839372,61274.65309034299,84563.16609365513
BaCrFe11O19,4.883513523646189,4.967835998188697,76473.95015560996,92861.56491726052
BaCrFe11O19,4.892016211670138,4.967835998188697,77985.92211498195,92861.56491726052
Ba1Zr1Ti0.5Fe8Cu2Sn0.5O19,4.4386092310509175,4.125681163180394,27454.227683335488,13356.14616515035
BaFe,3.9007901359776436,4.34136495871124,7957.74715459,21946.48430143022
Ba1Fe1.79Se3,5.201820131641625,4.247270374377577,159154.94309180017,17671.376275241888
BaMgTiFe10O19,4.72686493867847,4.418827697299212,53316.905935753,26231.776131450675
Ba1Ti0.9Fe10.2Ni0.9O19,5.324036009914451,4.717063187444606,210880.29959663478,52127.05475690637
Ba1Ti0.9Fe10.2Ni0.9O19,4.369137466389801,4.717063187444606,23395.776634494596,52127.05475690637
Ba1Mn1.1Al1.5Fe10.3Sn1.1O19,3.9421828211358685,4.147654973961314,8753.521870048997,14049.309307232383
Ba1Al0.4Fe10.4Co1.2O19,5.619623854281506,5.119645828704403,416508.48607124056,131718.21258405727
Ba1Zn0.8Fe10.4Sn0.8O19,4.172167007871718,4.949806881582175,14865.071684774126,89085.471226366
Ba1Al1.5Fe10.5O19,5.838849090737256,5.085178762907324,690000.0000000006,121668.67062853089
Ba1Ti0.7Fe10.6Ni0.7O19,5.38108459598065,4.821572535348064,240483.1190117098,66309.00869406581
Ba1Zn0.7Fe10.6Sn0.7O19,5.420618129753362,4.373268727992551,263401.4308169288,23619.392760784736
Ba1Al0.4Fe10.7Co0.9O19,5.613692261024866,5.214262778437918,410858.48559148144,163780.72092195178
Ba1Sm0.6Zr0.6Fe10.8O19,5.268146057003663,4.849091404338035,185415.50870194714,70646.62259259907
Ba1Mn0.9Al1.1Fe10.8Sn0.9O19,3.8038801229695873,4.172086681021537,6366.197723672001,14862.322504169733
Ba1Al1.2Fe10.8O19,3.8848671698804744,5.380626196168782,7671.268257024761,240229.42189254632
Ba1In1.2Fe10.8O19,4.046297307387306,4.593617944033937,11124.93052211681,39229.96711110792
Ba1Ti0.6Fe10.8Ni0.6O19,4.750823393667413,4.881872833102728,56340.84985449723,76185.58963544123
Ba1Fe10.8Sn1.2O19,4.5028501273056065,4.553581774109532,31830.98861836004,35775.175597343994
Ba1Zn0.6Fe10.8Sn0.6O19,4.355025031725909,4.861805944342422,22647.748401963152,72745.46835732975
BaAl2Fe10O19,5.869273084531579,5.599629146089367,740070.4853768701,397767.3629143562
Ba1Ti1Mn0.5Fe10Co0.5O19,4.549715825134856,4.722906190109025,35458.129771422115,52833.1117150289
BaAlCrFe10O19,5.6411666243046135,4.7505344189565815,437690.0000000001,56303.37375003545
BaMn2Fe10O19,5.405940114297549,5.058957007440285,254647.9089468799,114539.95481190801
Ba1Mg0.5Ti0.5Fe11O19,5.029835195865601,4.495360794656932,107111.27670078132,31286.774691160008
Ba1Ti0.5Fe11Ni0.5O19,5.48103064424302,4.90945462368126,302712.7017606039,81181.04242496956
Ba1Fe11.1Sn0.9O19,4.544242812463831,4.4589942157823526,35014.087480195994,28773.600919188964
Ba1Sm0.4Zr0.4Fe11.2O19,5.21989619528742,4.880716499000828,165919.02817320163,75983.01091818775
Ba1Fe11.2Cu0.8O19,3.7203340715195123,4.542123031779079,5252.1131220294,34843.60098902861
Ba1Al0.4Fe11.3Co0.3O19,5.613018805597179,5.0757519698353954,410221.86581911414,119056.18713726132
Ba1Mn0.7Al0.7Fe11.3Sn0.7O19,4.491854743004143,3.953798648036706,31035.21390290099,8990.806440999368
Ba1Ti0.3Fe11.4Ni0.3O19,5.530709171481186,5.040845842409783,339397.9161432636,109861.58044822804
Ba1Al0.6Fe11.4O19,4.722464120631868,5.084283912196146,52779.36011546041,121418.23409103068
Ba1Fe11.4Co0.3Sn0.3O19,5.014100321519621,4.711532587789258,103300.00000000003,51467.442475617616
Ba1Fe11.4Cu0.6O19,4.050009248633024,4.703956088951461,11220.423487971904,50577.35212003435
Ba1Ti0.3Fe11.4Ni0.3O19,4.896425330575194,5.040845842409783,78781.69683044103,109861.58044822804
Ba1Fe11.4Sn0.6O19,4.814603988361361,4.74593753785443,65253.52666763806,55710.56177855124
Ba1Cr0.5Fe11.5O19,4.773779221931294,5.040136185460126,59399.01208600609,109682.20821670636
Ba1Mn0.5Fe11.5O19,5.5135739926973795,5.073275058770495,326267.63333819027,118379.106795339
Ba1Sc0.5Fe11.5O19,4.573377454323497,5.078808062081684,37443.58768649231,119896.92974941808
Ba1Sm0.2Zr0.2Fe11.6O19,5.136066012664696,5.005535372258553,136793.6735874022,101282.72378386557
Ba1Mn0.2Fe11.6Co0.2Sn0.2O19,5.432327792261604,4.8166818229072765,270599.99999999977,65566.47307564123
Ba1Fe11.6Co0.4O19,4.26944884836987,5.083593847332529,18597.255100276812,121225.46183546892
Ba1Fe11.6Cu0.4O19,4.562602821514905,4.838174738992907,36526.05943956812,68892.9432309267
Ba1Al0.15Zn0.15Fe11.7O19,5.467145122062704,5.010091888569728,293187.27841655933,102350.95247983726
Ba1Fe11.7Sn0.3O19,4.830209061691936,4.9524683406912295,67640.85081401495,89633.08426162462
Ba1Ti0.1Fe11.8Ni0.1O19,5.55813287279227,5.258044354558583,361520.45323302405,181152.50944936043
Ba1Fe11.8Cu0.2O19,4.883965208015456,4.922125116897359,76553.52762715575,83584.37837086218
Ba1Ti0.05Fe11.9Ni0.05O19,5.615287544627449,5.255404177563409,412370.45755085343,180054.58194173293
Ba1Al0.1Fe11.9O19,4.542957770382588,5.163200837567828,34910.63676718629,145613.23068681732
Ba1Fe11.9Co0.1O19,5.66346869970508,5.132291177132659,460753.56025076075,135609.83174722237
Ba1In0.1Fe11.9O19,4.786547017046911,5.111194097743855,61171.20237733334,129179.64827921058
Ba1Nb0.1Fe11.9O19,5.483988909946267,5.127559545630237,304781.7160207973,134140.38411765362
Ba1Fe11.9Sn0.1O19,5.172631742514143,4.986225622215173,148809.871790833,96878.10211910751
Ba1Al0.4Fe11Co0.6O19,5.613355663850952,5.223037931486273,410540.17570529843,167123.6574532498
BaMnFe11O19,5.457092636744931,5.059468591142207,286478.89756524,114674.95836957204
Ba1Ti0.5Fe11Co0.5O19,4.999779775378821,4.837396933613585,99949.3042616504,68769.66893650603
Ba1Ti0.5Fe11Ni0.5O19,4.686831346220198,4.90945462368126,48621.83511454492,81181.04242496956
Ba1Ti0.5Zn0.5Fe11O19,4.643515267282342,4.908384850897277,44006.3417648827,80981.31988496613
BaFe12O19,5.057642037047655,4.885568954644892,114193.6716683666,76836.74427190961
BaFe14CoO23,5.262517971995236,4.350490202362598,183028.18455556987,22412.494828616098
BaFe14CuO23,5.604081514096305,4.4536918495966455,401866.231306795,28424.43557184505
BaFe2(PO4)2,7.1930462073341195,4.648214508585805,15597184.422996392,44485.09358895153
Ba(FeO2)2,5.44485818032792,4.89235292403509,278521.15041065024,78046.40873717918
Ba(FeSe2)2,5.648978162983844,4.630328402716782,445633.8406570398,42690.22096446373
Ba1Ti2.74Fe3.26O11,5.900790135977644,3.88375945061297,795774.7154590008,7651.726715200175
Ba1Mg2.5Ti2.5Fe7O19,3.9382166339182674,4.181948068346094,8673.944398503101,15203.657180117263
BaMg2Ti2Fe8O19,3.7458881759919005,4.276497387927606,5570.423008213001,18901.54862780458
Ba1Mg1.5Ti1.5Fe9O19,4.351039244297005,4.212552069547457,22440.846975943812,16313.684897165145
Ba1Ti1.2Fe9.6Ni1.2O19,4.01473348828448,4.820707573734402,10345.071300966993,66177.0759336435
Ba1Zn1.1Fe9.8Sn1.1O19,5.110305150520275,4.525277559200061,128915.50390435808,33517.958522496905
BaAl3Fe9O19,5.4623979978989565,5.4785733362908635,290000.0000000003,301004.741174722
BaFeF4,2.7458881759919005,5.29627392498312,557.0423008213,197821.6978538869
BaFe12O19,5.680386627235468,4.885568954644892,479056.37870631827,76836.74427190961
Ba1Gd0.1Fe11.9O19,5.693321897878951,5.190698923399956,493539.47852767137,155131.1183645285
MBa,5.54282542695918,4.808392434528153,348999.9999999998,64326.872133032826
MBa,5.342422680822207,4.808392434528153,220000.00000000017,64326.872133032826
MBa,5.4996870826184034,4.808392434528153,315999.9999999997,64326.872133032826
MBa,5.332438459915605,4.808392434528153,214999.9999999998,64326.872133032826
Ba1Mg0.25Ti1Mn0.25Fe10Co0.5O19,4.750823393667413,4.582031489456531,56340.84985449723,38197.19655358239
Ba1Mg0.9Zr1.8Zn0.9Fe8.4O19,3.8739179895773423,4.192459042300213,7480.282325314602,15576.111317965926
Ba1Mg1.8Fe16Cu0.2O27,5.254306332331286,4.622397184928536,179600.00000000006,41917.674884455635
Ba1Mg2Zr1Ti0.5Fe8Sn0.5O19,3.72686493867847,4.3399667824165205,5331.690593575299,21875.942965294187
BaMn2Fe16O27,5.377911390697306,4.604419325956496,238732.4146376998,40217.89407618734
BaFe12O19,5.127905218566768,4.885568954644892,134247.19449793317,76836.74427190961
Ba1Fe11.8Ni0.2O19,4.766781936103919,5.0718211595941876,58449.65285046353,117983.46852804959
Ba1Fe11.5Ni0.5O19,4.676400583984004,4.752982190268795,47467.96177712936,56621.606893488446
Ba1Fe11.2Ni0.8O19,4.623012599947374,4.478827945910283,41977.11624046223,30118.126004681035
BaFe11NiO19,4.4606967610137565,4.667642124378871,28886.62217116172,46520.25904237503
BaFe16Ni2O27,5.225689633029957,4.333916554663295,168147.19737648685,21573.29859993983
Ba1Gd0.2Fe15.8Ni2O27,5.084629173034065,4.448047817239048,121514.79905058934,28057.425423514494
Ba1Zr0.04Co0.02Sn0.94O3,4.073976404389918,4.495691526744241,11857.043260339111,31310.60985775097
Ba1Fe0.02Cu0.02Sn0.96O3,4.507171501088249,4.544999946637916,32149.29850454361,35075.183085542885
Ba1Zr0.04Sn0.96O3,4.06810747072582,4.574033923684394,11697.888317247298,37500.229334435535
BaSr2Fe24Co2O41,3.0660344621029543,2.495274739263263,1164.2184087165165,312.80575835099063
Ba1Sr1Cr0.5Fe11.5Co2O22,3.9961687355377076,4.427632691890202,9912.169855757305,26769.03354241365
BaSrCrFe11(CoO11)2,4.412740306353143,4.400360135623101,25866.657125994814,25139.702594221006
Ba1Sr1Cr1.5Fe10.5Co2O22,4.7757703234987385,4.343791204485648,59671.962813408594,22069.43446959866
BaSrCr2Fe10(CoO11)2,4.854061636376573,4.36685698566667,71459.77367350274,23273.247372087215
BaSrFe12(CoO11)2,3.6953478872324053,4.4016362827626745,4958.47225202503,25213.6826757344
Ba1Sr1Pr0.5Al1.2Fe10.3O19,5.517370666063529,5.315748691222026,329132.4223138421,206894.37876408504
Ba1Sr1Pr0.5Al0.6Fe10.9O19,5.4958452257369474,5.262108249745191,313216.92800466233,182855.59346828386
Ba1Sr1Pr0.5Fe11.5O19,5.4787412637073984,4.830920616314665,301121.15232968534,67751.76544042915
Ba1Sr1Pr0.5Al1.8Fe9.7O19,5.543353573082031,5.161728345883267,349424.6775580469,145120.3596029673
Ba1Ti1.2Fe9Co1.2O19,3.7758513993693437,4.522137332611862,5968.3103659425005,33276.47635401324
BaYFe11O19,5.45175188827582,4.942173182384188,282977.48881722044,87533.27596138396
Ba1Zr1Ti0.5Zn2Fe8Sn0.5O19,3.4448581803279192,4.379322162885576,2785.2115041065,23950.917945401885
BaFe12O19,4.021364067183494,4.885568954644892,10504.226244058802,76836.74427190961
Fe2Ni0.9Bi0.1O4,1.2375437381428744,3.6900474656081292,17.279999999999998,4898.323519849883
Fe2Ni0.8Bi0.2O4,1.249198357391113,3.6133286622073078,17.750000000000004,4105.146517454277
Ba0.3Fe1Bi0.7O3,5.091961591706202,4.839926694003909,123583.8133107826,69171.42043455681
Ca0.05Er0.2Fe1Bi0.75O3,2.240798771117331,4.435889095574225,174.09999999999997,27282.80981246587
Sr0.25Mn1Bi0.75O3,4.7236117812807485,4.601027140487345,52919.01857802354,39904.98395169155
Ba0.3Fe1Bi0.7O3,5.325671772608711,4.839926694003909,211676.07431209422,69171.42043455681
Ba0.1Nd0.1Fe0.93Co0.07Bi0.8O3,4.743336972472658,4.756802096180325,55377.96244879176,57121.82786777076
Ba0.1Nd0.1Fe0.95Co0.05Bi0.8O3,4.743898277977251,4.744797610238639,55449.58217318316,55564.52553190821
Ba0.2Fe1Bi0.8O3,5.1572673422193205,5.078589287887768,143637.33614034957,119836.5473369299
Ca0.1La0.1Mn0.06Fe0.94Bi0.8O3,4.136318582885193,4.57916434613216,13687.325105894806,37945.85528750009
La0.16Fe0.9Co0.1Bi0.84O3,4.377911390697306,4.435945331142264,23873.241463769984,27286.342815323376
La0.16Fe0.92Co0.08Bi0.84O3,4.377911390697306,4.466353280436955,23873.241463769984,29265.320215105265
La0.16Fe0.94Co0.06Bi0.84O3,4.377911390697306,4.491647070856948,23873.241463769984,31020.37694538907
La0.16Fe0.96Co0.04Bi0.84O3,4.377911390697306,4.55179645495058,23873.241463769984,35628.41111245973
La0.16Fe0.98Co0.02Bi0.84O3,4.377911390697306,4.646672220500685,23873.241463769984,44327.39609749349
La0.16Zr0.02Fe0.98Bi0.84O3,5.480573732594454,5.136232098559934,302394.3918744202,136845.99717316107
La0.15Ti0.025Fe0.975Bi0.85O3,5.948337569056279,5.096590216509462,887845.8500376069,124907.98904938033
La0.15Fe1Bi0.85O3,5.822944461208703,4.608559524871843,665188.0846521788,40603.13105289212
La0.85Fe0.15O2,5.148272396654698,4.333872293499003,140692.96969315122,21571.10006715206
Sm0.15Cr0.05Fe0.95Bi0.85O3,4.735719232438219,4.355770430662385,54415.07504308641,22686.653117301204
Sm0.15Fe1Bi0.85O3,4.220728575957952,4.7886519620725085,16623.733805938497,61468.40754830556
Ba0.2Fe1Bi0.8O3,5.322394062847475,5.078589287887768,210084.52488117607,119836.5473369299
Ba0.1Fe1Bi0.9O3,5.056126173442705,4.9976528410138,113795.784310637,99461.00449229039
Cd0.06Fe0.94Ni0.06Bi0.94O3,1.8038801229695873,4.0404558602020195,63.66197723672002,10976.297263037364
Ce0.06Fe0.94Ni0.06Bi0.94O3,6.053995036061928,4.4433576017292005,1132387.4200981574,27756.046201676596
Ba0.04Ca0.01Fe1Bi0.95O3,5.509102178674971,5.108220301107336,322925.3795332625,128298.12252998783
Ba0.025Ca0.025Fe1Bi0.95O3,5.204849602195242,5.285318196922158,160269.02769344245,192893.76809373702
Gd0.03Mn0.05Fe0.95Bi0.97O3,3.6737715863226073,4.312088464567273,4718.148287956409,20515.800373624057
Y0.03Mn0.05Fe0.95Bi0.97O3,4.157411682047349,4.088889020145566,14368.508262327696,12271.256107249003
Gd0.02Mn0.05Fe0.95Bi0.98O3,3.6820427302261,4.295742502889407,4808.866605518737,19757.978244273898
Sr0.02Fe0.97Co0.07Bi0.98O3,4.796538556855815,4.698845456751919,62594.8433432895,49985.66298536711
Y0.02Mn0.05Fe0.95Bi0.98O3,4.021034931524009,4.011275998229728,10496.268496904218,10263.039448614116
Gd0.01Mn0.05Fe0.95Bi0.99O3,4.313670494442618,3.8819162728929353,20590.670762501617,7619.321038976288
Y0.01Mn0.05Fe0.95Bi0.99O3,4.022317152433023,3.990763162603204,10527.303710807118,9789.559776656897
Ba0.1Fe1Bi0.9O3,5.554002649752987,4.9976528410138,358098.6219565498,99461.00449229039
Ca0.1Mn1Bi0.9O3,4.102187260298095,4.534775871133167,12652.817975798092,34259.09380285616
Gd0.1Mn0.05Cr0.05Fe0.9Bi0.9O3,4.377911390697306,4.650485549855835,23873.241463769984,44718.32725523599
La0.1Fe1Bi0.9O3,4.69778052652333,4.856504539794445,49863.24367066091,71862.8670355696
Nd0.1Fe1Bi0.9O3,3.781603728258435,4.8958539166684805,6047.8878374884,78678.10961724602
Sm0.1Fe0.85Co0.15Bi0.9O3,4.713703492620499,4.435103050938343,51725.356504834956,27233.474369768424
Sm0.1Fe0.95Co0.05Bi0.9O3,4.803880122969587,4.576872984594765,63661.977236719955,37746.17808819914
Sm0.1Fe0.9Co0.1Bi0.9O3,4.713703492620499,4.646197234862044,51725.356504834956,44278.941954480266
Fe4Bi2O9,4.03617724436003,4.063287837445683,10868.691063739034,11568.787329230856
FeO3,4.790091838483954,4.218400009133948,61672.54044807247,16534.840469467188
FeO3,3.7137034926204993,4.218400009133948,5172.535650483501,16534.840469467188
V2Cu3(Bi2O7)2,6.781603728258435,4.00249574935708,6047887.837488406,10057.63219079225
CrBiO3,4.2810013776892495,4.960290516867359,19098.593171015993,91262.11238107485
Mn0.4Al0.4Fe0.2Bi1O3,2.325043347403704,4.199106271042151,211.36999999999992,15816.350150330412
Mn0.3Al0.3Fe0.4Bi1O3,2.586350966176956,3.8103299913367814,385.7900000000001,6461.450049405514
Mn0.5Fe0.5Bi1O3,5.377911390697306,3.7748687020014167,238732.4146376998,5954.8208730119995
Mn0.2Al0.2Fe0.6Bi1O3,2.7174291612445076,4.104874592527275,521.7100000000002,12731.353956022875
Mn0.1Al0.1Fe0.8Bi1O3,3.3674491072686044,4.170440974427164,2330.4999999999995,14806.110096707574
Fe0.8Bi1O3,3.6489781629838443,3.6735618429764996,4456.338406570402,4715.870199414217
Fe0.93Co0.07Bi1O3,3.076881395033325,4.696518763475097,1193.6620731885,49718.58539264756
Fe0.95Co0.05Bi1O3,4.752176919001314,3.4843715780644136,56516.71606661362,3050.503854343809
Ti0.02Fe0.96Co0.02Bi1O3,5.15606264108095,4.229629153026185,143239.44878261996,16967.94129772083
Ti0.02Fe0.96Ni0.02Bi1O3,3.926096001242414,4.9566990733132865,8435.211983865402,90510.52277345404
Nb0.01Fe0.99Bi1O3,5.900790135977644,4.468266133277899,795774.7154590008,29394.503792469026
FeBiO3,3.671642147619788,4.1353877683426665,4695.0708212081,13658.020754913387
Fe1.2Bi1O3,3.909390307739561,4.0521530425879195,8116.902097681799,11275.947433207997
BaMgTiFe3BiO10,4.200928914143355,4.6204877603641386,15882.867545846171,41733.78365495114
MnBiO3,4.38508997532443,4.586257165077691,24271.128821499526,38570.66841396956
Mn0.5Bi0.5C1,5.997873832044165,4.864982168295709,995116.2816814805,73279.44447020242
C,3.2095150145426308,4.726441758002083,1619.9999999999993,53264.97873847352
C,4.2810013776892495,4.726441758002083,19098.593171015993,53264.97873847352
C,2.9007901359776436,4.726441758002083,795.7747154589999,53264.97873847352
C,5.496286357803218,4.726441758002083,313535.237890846,53264.97873847352
MagnetC12,5.781603728258435,4.698026802667055,604788.7837488406,49891.52772765858
C,3.4409090820652177,4.726441758002083,2760.0,53264.97873847352
CoC20,4.921979435047581,3.6944288981157243,83556.34512319494,4947.99096701518
C,4.238508898035092,4.726441758002083,17318.445132534205,53264.97873847352
C,4.204871165437565,4.726441758002083,16027.698544059707,53264.97873847352
C,4.216760481434561,4.726441758002083,16472.5366100013,53264.97873847352
C,4.166268339558286,4.726441758002083,14664.536456478463,53264.97873847352
C,4.191714695360398,4.726441758002083,15549.43794006886,53264.97873847352
A0.7Fe1C1F1,3.0147334882844805,3.5760793267906132,1034.5071300967004,3767.7261273571658
A1.3Fe1C1F1,2.9421828211358685,3.1400204900690207,875.3521870048996,1380.4493928448296
A2FeCF,2.8038801229695873,3.148592862808501,636.6197723672002,1407.9682543118613
A2.2Fe1C1F1,2.377911390697306,3.273395012901643,238.73241463770006,1876.7006866680438
A2.7Fe1C1F1,3.377911390697306,3.1215271093416774,2387.3241463770005,1322.9002829400388
C2O10F,5.2700059933877865,4.780632682513835,186211.28341740606,60343.80377991689
C2O5F,5.212543997033398,5.160996087367873,163133.8166690951,144875.88013739395
ZC2,3.5997601403136623,3.9158319594299567,3978.8735772949994,8238.19294822279
E0.3C1,6.034329044347861,4.707500824275508,1082253.6130242397,50991.85653812851
CF,5.599933823372127,5.088750325437832,398046.5126725915,122673.37829182965
CF3,5.968009824951785,4.6688354336379225,928987.4028268362,46648.25834830539
CF5,6.030576670497983,4.566449037987282,1072943.0488533692,36850.97967650128
P2CNF,4.1380824735451025,4.377399306699258,13743.029335976933,23845.108708550197
P3CNF,4.227330804494206,4.088780370496146,16878.3817148854,12268.186528959857
P4CNF,3.505016189062114,4.369134959487734,3199.0143561451814,23395.641586148424
COF,4.750823393667413,5.163003407644254,56340.84985449723,145547.0500727599
Ag35COF,6.131239057355917,5.677191571852373,1352817.016280299,475544.94754975365
Ag60COF,6.131239057355917,5.851759513447194,1352817.016280299,710819.7947669171
Ag75COF,6.046918171655881,5.826988309835385,1114084.601642599,671410.7799167238
CO80F,4.917823475276424,4.077611359990939,82760.57040773597,11956.700751346927
CF,5.443615562936824,5.088750325437832,277725.3756951911,122673.37829182965
HCIO,3.671642147619788,4.402734255814257,4695.0708212081,25277.50795954694
MC2,2.868185807009702,4.495244596028301,738.22,31278.40480814578
M(CF)2,2.961995027585359,4.257660261494746,916.21,18099.236773428016
MC2F5,2.8820119616266586,4.063939565986585,762.1,11586.161183384662
MC2NF,4.332153900136631,4.28995120816544,21485.917317393,19496.25552187498
CN,5.528637137283501,4.9186693603621015,337782.49347088195,82921.92210676736
PrCN,5.583467596391223,5.049158007802065,383237.1452178998,111984.52386318667
PrYCN,5.810752457631629,4.828808574040904,646773.8577364564,67423.07784181957
PrDyYCN,5.898032314163317,5.4073347627541155,790737.4615101445,255466.97337385727
ZCN2F,2.9799713820252687,4.337406746465846,954.9296585508005,21747.370152205887
ZCN2O25F,3.0147334882844805,2.9116941670006047,1034.5071300967004,816.0075311673814
ZCN2O50F,3.076881395033325,3.1181721758423313,1193.6620731885,1312.7202231840333
ZCN2O75F,3.1312390573559177,3.1500382726090024,1352.8170162803003,1412.662031305361
ZCN2O100F,3.223009430711563,3.0764416024011982,1671.1269024639007,1192.453911234574
FeCoPC,6.008000105625512,2.327951501654323,1018591.6357875199,212.79014066279973
RC2O15,6.419304075855531,3.683999630344524,2626056.5610146997,4830.583908780775
Z4BHCSF,5.119062989549091,4.631299989026147,131541.5604653727,42785.83273525153
Z6BHCSF,4.928547340668197,4.905526954673328,84829.58466792935,80450.16787444626
Z8BHCSF,4.68326276014393,4.628463267016722,48223.94775681543,42507.27522822778
Z11BHCSF,4.2987301446496815,4.862223095356131,19894.36788647501,72815.37581824149
NdFeBHCS,6.231203909326834,5.652304385597597,1702957.8910822587,449060.01403568673
H80C,4.163241225708073,4.646383691247165,14562.677292899692,44297.956389045845
MHC2,4.580219849717684,4.686966337380076,38038.19055388327,48636.95052208839
MHC3,4.569056745093142,4.78220860544259,37072.91582403152,60563.17090581472
MHC4,4.565733756815647,5.005278157012099,36790.33622257205,101222.7558387301
ZC,4.625066005578432,3.1179002238768643,42176.05991932696,1311.8984648872538
Z2C,4.563547967659217,3.77497570845203,36605.63691111398,5956.2882707789595
Z3C,4.524039426375544,4.718253917003198,33422.53804927799,52270.17053352418
Ca0.1Zn0.5Fe2Ni0.4O4,3.792884738668124,3.3612784822205595,6207.042780580199,2297.621477396136
Ca0.2Zn0.4Fe2Ni0.4O4,4.129857338048508,3.478808493820897,13485.198328168211,3011.6777041285395
Ca0.3Zn0.3Fe2Ni0.4O4,4.120427046786607,3.6933465661032483,13195.536331741141,4935.675127045645
Ca0.4Zn0.2Fe2Ni0.4O4,4.2016246551392555,3.8122909241320935,15908.332336740856,6490.690847715392
Ba0.44Ca0.5Pr0.06Fe11.4Ni0.6O19,5.185220869822163,4.600241733455916,153186.63272585743,39832.88234046008
Ba0.48Ca0.5Pr0.02Fe11.8Ni0.2O19,5.116956038263637,5.19907658975431,130904.94069300553,158152.6923952134
Ba0.4Ca0.5Pr0.1Fe11Ni1O19,5.1572673422193205,4.521265024333664,143637.33614034957,33209.70549951788
Ca0.5Cr0.1Fe1.9Co0.5O4,4.955479778927623,4.6020740722900095,90256.76822735973,40001.29692555693
Ca0.5Cr0.2Fe1.8Co0.5O4,4.72086017028997,4.774483259977273,52584.79319753076,59495.38236274447
Ca0.5Cr0.3Fe1.7Co0.5O4,4.99512148525474,4.694159388688793,98882.9661429353,49449.21352783911
Ca0.5Cr0.4Fe1.6Co0.5O4,4.792104535359787,4.75300815427964,61959.01934563776,56624.99208032088
Ca0.5Cr0.5Fe1.5Co0.5O4,4.883829752023746,4.613854175607682,76529.65438569208,41101.1691274284
Ca0.5Fe2Co0.5O4,4.893917621083354,4.349882952880152,78328.10524262936,22381.17859998763
Ca0.5Dy0.2Fe11.8Cu0.5O19,5.397996316681598,5.343499196268221,250032.41559721789,220546.0054830473
Ca0.5Dy0.15Fe11.85Cu0.5O19,5.3971661899900445,5.340234409640302,249554.9507679424,218894.27829598257
Ca0.5Dy0.1Fe11.9Cu0.5O19,5.393550525004481,5.339401786767158,247485.93650774896,218475.0194923588
Ca0.5Dy0.05Fe11.95Cu0.5O19,5.372814833677925,5.305964538024419,235947.20313359343,202285.39973765612
Ca0.5Fe12Cu0.5O19,5.338223579775615,4.800734107410723,217883.11709267442,63202.478184863845
Ca0.5Mn1.5Fe1Re1O6,4.900790135977644,4.603671292188089,79577.47154590007,40148.68193977555
Ca0.5Zn0.1Fe2Ni0.4O4,3.950008158647825,4.0431516923264335,8912.676813140795,11044.643247957149
Ca0.6Fe2Ni0.4O4,3.972672143283769,4.102936067726743,9390.1416424162,12674.652691960438
Ca0.7La0.3Zn0.25Fe11.75O19,5.162564406523019,5.239557747714718,145400.00000000012,173603.20860223763
Ca0.8Dy0.2Fe11.8Cu0.2O19,5.399238539151643,5.344877165004711,250748.61284113067,221246.88507723808
Ca0.85Dy0.15Fe11.85Cu0.15O19,5.399789499557797,5.3309821275576015,251066.92272731473,214280.24169445923
Ca0.9Dy0.1Fe11.9Cu0.1O19,5.392151829811916,5.327014195415662,246690.16179228996,212331.38638267136
Ca0.95Dy0.05Fe11.95Cu0.05O19,5.372814833677925,5.344668049144174,235947.20313359343,221140.37878319074
Ca1.5La0.5Mn1Ru1O6,4.900790135977644,5.022747240264727,79577.47154590007,105377.34209145053
Ca1.5Mn0.5Fe1Re1O6,5.599760140313663,4.9003645678247025,397887.35772950033,79499.53122700426
Ca2CoIrO6,5.829083548209846,5.531258669386364,674657.8037661407,339827.6164653635
Ca2MnReO6,6.502850127305606,5.072577459141843,3183098.8618359976,118189.10914284433
Ca3Co4O9,5.599760140313663,4.604524269522766,397887.35772950033,40227.61356235715
Ca3CuIrO6,4.377911390697306,5.516398839623887,23873.241463769984,328396.74181763286
Ca3CuRhO6,4.377911390697306,5.003806844625659,23873.241463769984,100880.41139127596
Ca3Mn1.3Ru0.7O7,5.167961864380658,4.632418826338675,147218.32235991512,42896.20047735521
Ca3Ru2O7,6.678941386361287,5.261893702440999,4774648.292753997,182765.28265960122
CaAlFe11O19,5.430489915741964,4.942085921510225,269457.2764015718,87515.69005326646
BaCaCoO,5.678941386361287,4.4187721351243,477464.8292753997,26228.42034093315
Ba1Li0.4Ca1Fe3.6O7,5.457092636744931,5.458090777447931,286478.89756524,287138.0703332832
Ba1Li0.1Ca1Fe3.9O7,5.994211821139879,4.983441160298479,986760.6471691601,96258.95892091756
Ba1Ca1Fe4O7.14,5.787280861150125,4.857350002318048,612746.5309034298,72002.90229165714
CaCo2TeO6,6.502850127305606,4.814344362409896,3183098.8618359976,65214.529059440676
CaCrFe11O19,4.920321820508899,5.13419553389563,83238.03523701147,136205.77883895556
Ca1Al0.6Fe11.4O19,5.113945431257378,5.294774377683543,130000.62230635791,197139.8299868374
CaFe12O19,5.369875435100764,4.897594659532833,234355.65370267536,78994.10074662449
Ca(FeO2)2,4.0768813950333245,3.9278865821983073,11936.62073188499,8470.061860829004
CaTi2FeO6,4.900790135977644,4.596149459577649,79577.47154590007,39459.30753119859
Ca1Mn0.7Ru0.3O3,4.53425859155723,4.700682015901508,34218.312764737006,50197.49162088869
Ca1Mn0.85Ru0.15O3,4.419304075855531,4.675389172657533,26260.565610146998,47357.54413269102
Ca1Mn0.8Ru0.2O3,4.2987301446496815,4.641997081304227,19894.36788647501,43852.775061943525
Ca1Mn0.9Ru0.1O3,4.979971382025268,4.46160455095164,95492.96585507996,28947.06597512657
CaMn7O12,4.554002649752987,4.478538326173435,35809.86219565498,30098.047702442072
CaMnFeSbO6,5.201820131641625,4.010169691095133,159154.94309180017,10236.928998179297
Gl4O7,4.24839332930363,4.219367923120775,17717.12826497916,16571.732835625604
Ca1Cr0.15Ru0.85O3,6.377911390697306,4.986970698433971,2387324.146376998,97044.44897785508
Ca1Ti0.2Ru0.8O3,4.900790135977644,5.409420621327424,79577.47154590007,256696.89845225206
Mg0.25Zn1Fe1.75O4,4.625884657059113,3.413721594679388,42255.63739087293,2592.51689132529
Fe2Co0.5Ni0.5O4,4.718355505537424,4.6117836084320984,52282.398805656274,40905.67923080162
Zr0.05Cd0.15Fe1.95Co0.85O4,5.076881395033325,4.654986593536611,119366.20731885014,45184.19960128589
Zr0.05Cd0.1Fe1.95Co0.9O4,5.059152628072893,4.7106308206606045,114591.55902609602,51360.68657929479
Cd0.1Fe2Co0.5Ni0.4O4,4.511450299067524,4.17014286982169,32467.608390727204,14795.950503830178
Zn0.4Cd0.1Fe2Ni0.5O4,3.4918547430041427,3.669907046802474,3103.521390290099,4676.35041409531
Zr0.05Cd0.25Fe1.95Co0.75O4,4.979971382025268,4.606307501498876,95492.96585507996,40393.1294633258
Mg0.25Zn0.75Cd0.25Fe1.75O4,4.63558996556649,4.1838778205541365,43210.56704942367,15271.363707067583
Zr0.05Cd0.2Fe1.95Co0.8O4,5.03112390447265,4.68334807862879,107429.58658696499,48233.42243010095
Cd0.2Fe2Co0.5Ni0.3O4,4.464271221372054,4.166810625978633,29125.35458579939,14682.85892266447
Zn0.3Cd0.2Fe2Co0.5O4,4.184317500839337,3.9752599931787,15286.832283967387,9446.262135925934
Zn0.3Cd0.2Fe2Ni0.5O4,3.5820313733532307,3.581041105824747,3819.718634203199,3811.018928510813
Zr0.05Cd0.3Fe1.95Co0.7O4,4.950008158647825,4.363972589731725,89126.76813140797,23119.18870024794
Cd0.3Fe2Co0.5Ni0.2O4,4.4153378886379295,4.199480218940712,26021.83319550929,15829.974633730675
Zn0.2Cd0.3Fe2Co0.5O4,4.207451012528274,4.01637914804354,16123.191509914814,10384.34595031462
Zn0.2Cd0.3Fe2Ni0.5O4,3.572887993913361,3.678527524947315,3740.1411626573,4770.100453582843
Mn0.6Zn1Cd0.4O2,3.6565125808811016,3.7748854089036907,4534.324328685382,5955.049953804258
Zn1Cd0.4Ni0.6O2,3.6394914364123534,3.9026067500257757,4360.049665999861,7991.103396640078
Ce0.03Dy0.03Cd0.4Fe1.94Co0.6O4,5.109857220970739,4.623606898008396,128782.60952687621,42034.59796443575
Ce0.05Dy0.05Cd0.4Fe1.9Co0.6O4,5.201826646009995,4.562226873172735,159157.33041594623,36494.454226415786
Ce0.07Dy0.07Cd0.4Fe1.86Co0.6O4,5.243615931303834,4.599480271755443,175233.01417534827,39763.103329215985
Ce0.09Dy0.09Cd0.4Fe1.82Co0.6O4,5.229029641559448,4.730408084535593,169445.34466981507,53753.66551164441
Ce0.11Dy0.11Cd0.4Fe1.78Co0.6O4,5.231261135016204,4.757559442956882,170318.22995520194,57221.52698079007
Sm0.1Cd0.4Fe1.9Co0.6O4,4.095969424250099,4.386974868430771,12472.956974610051,24376.697522459308
Cd0.4Fe2Co0.6O4,4.475672943637072,4.225146955327629,29900.120848770257,16793.7218315775
Mn0.6Cd0.4Fe1.5Co0.5O4,3.432141300560703,3.467368750412515,2704.8382578451397,2933.3828625423216
Mn0.6Cd0.4Fe2O4,2.9973525743517793,3.4855594446695726,993.9226196082914,3058.858903483219
Cd0.4Fe2Co0.5Ni0.1O4,4.377911390697306,4.205780213641691,23873.241463769984,16061.282230833021
Zn0.1Cd0.4Fe2Co0.5O4,4.192136782667269,4.032812006748121,15564.557659662582,10784.79779136779
Zn0.1Cd0.4Fe2Ni0.5O4,3.5540026497529875,3.681649369132398,3580.986219565502,4804.512959089004
Sm0.1Zn0.2Cd0.4Fe1.9Co0.4O4,4.339503637420189,4.25671351347165,21852.62622177081,18059.823993428116
Sm0.1Zn0.4Cd0.4Fe1.9Co0.2O4,4.178036408079298,3.9755315361251156,15067.33374420234,9452.170265160219
Sm0.1Zn0.6Cd0.4Fe1.9O4,3.907544043576956,3.7163872470690085,8082.468925743892,5204.598677936712
Mg0.25Zn0.5Cd0.5Fe1.75O4,4.661212619400856,4.202814831765191,45836.623610438415,15951.98864274135
Cd0.5Fe2Co0.5O4,4.292554201062084,4.082562978936523,19613.459411917956,12093.805477743206
Cd0.5Fe2Co0.5O4,4.544242812463831,4.082562978936523,35014.087480195994,12093.805477743206
Cd0.5Fe2Ni0.5O4,3.524039426375544,3.647727995603097,3342.2538049277987,4443.528761954161
Mg0.25Zn0.25Cd0.75Fe1.75O4,4.641152825471887,4.086880894939991,43767.60935024497,12214.646281186737
Mg0.25Cd1Fe1.75O4,4.637186638254286,3.8025111954308777,43369.721992515464,6346.162601826956
Cd(FeO2)2,3.1873364194943403,3.4414542547050484,1539.3466095838899,2763.4668211524167
Mg0.3Cd1Fe1.8O4,3.752140227361265,3.918348785014741,5651.194141832088,8286.073570800258
Mg0.6Cd1Fe1.4O4,3.484962994944867,3.7304120322309826,3054.660822760919,5375.415412955413
Mg1.05Cd1Fe1.3O4,3.477465430438186,3.418090051183315,3002.3784239552615,2618.7259460943337
CdS,3.9007901359776436,3.9498092729228556,7957.74715459,8908.596175596465
CdFe3SO4,3.6489781629838443,3.6638388423957826,4456.338406570402,4611.464210090548
Ce1Co3.5Cu1.5,6.291725243081022,4.901606952867752,1957605.8000291386,79727.28092589202
CaCeGa,1.4985862088175177,4.2133726434956,31.52,16344.537786011999
CeGa,1.4855794769846786,4.06206365550391,30.589999999999996,11536.22334409949
Ce,6.04066922237888,5.146939105328956,1098169.1073334196,140261.7022600632
M2Ce9NdFeBP,5.972672143283769,5.547796468993339,939014.1642416201,353017.69017467846
MCe7BP,5.957694987314116,5.630391241358698,907183.1756232592,426963.9831578589
MCe7PS,5.917823475276424,5.573964307782857,827605.7040773598,374942.1865929033
MCe6BP,5.913627360682816,5.671662894514231,819647.9569227704,469529.5117093711
MCe5BP,5.855032645416968,5.656388646542272,716197.2439130998,453303.05560590007
M2Ce5P,5.859831528298737,5.392602107039059,724154.9910676896,246946.06319094144
M2Ce2NdFeBP,5.983575506294094,5.816124689016767,962887.4057053904,654824.1517255229
CeFeB,3.8092751548562935,4.767161558138597,6445.775195217902,58500.76673201341
LaCeFeB,5.521138083704036,5.19409702010528,331999.99999999994,156349.68842184418
LaCeFeSiB,5.5263392773898445,4.719859235519301,336000.00000000035,52463.738606776475
CeN35,5.972672143283769,4.942685997808657,939014.1642416201,87636.69640193459
CeNdFeB,5.880813592280791,5.955880654650871,760000.0000000001,903401.1824141224
NdFeB,6.227629649571009,6.002095620901907,1689000.0000000007,1004837.0061767864
PrNd,5.963747970062154,5.892871202987553,919915.5710706039,781396.0346628627
La0.03Ce0.15Y2.67Fe5Bi0.15O12,3.2548985751250443,3.2928208008510556,1798.450856937339,1962.5503197020453
La0.05Ce0.15Y2.65Fe5Bi0.15O12,3.26214016032991,3.3032114377897166,1828.6902961247813,2010.0711846243867
La0.07Ce0.15Y2.63Fe5Bi0.15O12,3.28889133754816,3.28392205906717,1944.8734045817953,1922.7466310088819
La0.1Ce0.15Y2.6Fe5Bi0.15O12,3.302018303475757,3.2849782514239148,2004.5565082412222,1927.4283891172067
La0.2Ce0.15Y2.5Fe5Bi0.15O12,3.2860388183808635,3.3050625452049043,1932.1410091344517,2018.657060970363
Ce0.15Y2.7Fe5Bi0.15O12,3.1856718506330965,3.306070186115544,1533.4578766894929,2023.3461442227374
Ce0.25Pr0.25Y2.35Fe5Bi0.15O12,3.255272505103306,3.296764877035969,1799.9999999999998,1980.4545359804447
Ce0.25Pr0.25Y2.25Fe5Bi0.25O12,3.278753600952829,3.396231932011652,1899.9999999999995,2490.186830567512
Ce0.25Pr0.25Y2.3Fe5Bi0.2O12,3.414973347970818,3.304023494684071,2600.0000000000014,2013.833192289245
Ce0.25Pr0.5Y2.1Fe5Bi0.15O12,3.278753600952829,3.328409066694144,1899.9999999999995,2130.144507621992
Ce0.25Sm0.75Fe2Co2B1,0.19865708695442263,5.895969739190318,1.5799999999999998,786990.9517588235
Ce0.2Nd0.8Fe10.5Mo1.5N1,5.2987301446496815,5.327911897150239,198943.67886475014,212770.7366314414
Ce0.2Nd0.8Fe10Mo2N1,5.3631881338766,5.341839080477261,230774.66748310998,219704.56486576793
Ce0.6Zr0.4Fe10Si2,4.803880122969587,4.746219513891621,63661.977236719955,55746.744932917674
Ce0.95Fe0.05O2,4.731378804662788,4.5829791847811014,53873.94823657434,38280.63954210866
Ce0.96Co0.04O2,4.570107016543756,4.589524185768287,37162.679211935305,38861.913946986264
Ce0.97Fe0.03O2,4.599760140313663,4.560995039605815,39788.73577295003,36391.08796117658
Ce0.99Fe0.01O2,4.584737266729156,4.455918924381513,38435.91875666969,28570.571281321074
Ce0.9Gd0.1O2,3.827235483796033,4.559455656512432,6717.930147904878,36262.32588324097
Ce,5.9614210940664485,5.146939105328956,915000.0000000003,140261.7022600632
Ce12.2Gd0.8Fe81B6,5.652069239960986,5.602539583300912,448816.93951887626,400441.96451714064
Ce12.5Fe81.5B6,5.449793398003432,5.453649991108973,281704.24927248614,284216.96079175617
Ce12.63Nd0.87Fe78.76Ag0.23B7.51,5.781603728258435,5.754610333588363,604788.7837488406,568342.7621061092
Ce12.6Nd0.77Fe79.16Cu0.33B7.14,5.781603728258435,5.744651679526453,604788.7837488406,555458.579941863
Ce12.8Gd0.2Fe81B6,5.582935212351475,5.621755030315124,382767.6381357787,418557.4055458735
Ce6Fe41B3,5.498485321903156,5.432150281051397,315126.7873217642,270489.41899993905
Magnet1Ce13.5H2,4.73329904868388,5.50079846729676,54112.68065121197,316809.69785249914
Ce13.5Fe80.5B6,5.596271812467841,5.5933364346609356,394704.25886766415,392045.4651414054
Ce13Fe79B8,5.201820131641625,5.375969807469888,159154.94309180017,237667.50523645605
Ce13Fe80B7,5.062158138212618,5.489839040430697,115387.33374155498,308915.03098430496
Ce13Ta0.75Fe81.25B6,5.587710965018911,5.642209428789211,387000.0,438742.2203813647
Ce13(Fe27B2)3,5.5471938622007135,5.505108909779411,352528.1989483373,319969.7410118019
Ce14Fe77Co2B6Mo,5.68611997098841,5.549731054922374,485422.5764299896,354593.73234725173
Ce14Ta0.75Fe80.25B6,5.6512780139981444,5.67609078824172,448000.0000000004,474341.13479687285
Ce7Fe40B3,5.679664607980383,5.617585836733307,478260.60399085906,414558.5119315323
Ce,5.864511081058392,5.146939105328956,732000.0000000006,140261.7022600632
Ce15Ta0.75Fe79.25B6,5.710963118995275,5.677631749162848,513999.99999999965,476027.17843309965
Ce15Fe79B6,5.716367884301911,5.642716434794436,520436.6639101859,439254.7178781775
Ce8(Fe13B)3,5.693881736154224,5.625328992147049,494176.0983000392,422016.0732255492
MagnetCe17H2,5.2061415054242675,5.509225092766423,160746.49252271804,323016.7868585806
Ce17Fe75(SiB2)3,5.724275869600789,5.449733474410692,530000.0000000001,281665.3826350577
Ce17Ti3(Fe25B2)3,5.566371126995596,5.613227781976476,368443.6932575167,410419.3062940539
Ce17Ga2(Fe38B3)2,5.096689788386877,5.355861607581678,124936.63032706294,226914.16512588915
Ce17Zr0.5Fe76Co1B6Mo0.5,5.6445370577784075,5.622018887885497,441100.0000000002,418811.7792496804
Ce17Ta0.75Fe77.25B6,5.742725131304699,5.681219896967823,553000.0000000006,479976.41428918124
Ce17Fe77.75Si0.25B6,5.720159303405957,5.632491003061039,525000.0000000001,429033.3011996257
Ce17HfFe77B6,5.623249290397901,5.7222861086185155,420000.0000000003,527577.309322903
Ce17(Fe13B)6,5.642464520242122,5.681241024392735,439000.00000000035,479999.76460271014
Ce2.55Fe12Co2B1.27,5.3631881338766,5.356495321637049,230774.66748310998,227245.51555048965
Ce,5.985875357308394,5.146939105328956,967999.9999999998,140261.7022600632
MagnetCe21H2,5.7939968890374915,5.402253546637028,622295.8274889379,252495.44427527717
Ce25.5Nd5,4.981055763317489,5.543356008487401,95731.6982697178,349426.6370421241
Ce27.5Nd3,4.786151356009156,5.453560528108003,61115.498147251215,284158.4192155769
Ce27.5Nd3,5.134800953564823,5.453560528108003,136395.78622967258,284158.4192155769
Ce29.8Fe68.7Ge0.5B1,5.613270840808194,5.496998619983849,410460.0000000004,314049.8714597144
Ce2Fe17N3,3.629954925670414,4.424113465484738,4265.352474860241,26552.99205275198
Ce2Te5,4.201820131641625,4.82295753157099,15915.494309180018,66520.81042021574
Ce,5.959041392321094,5.146939105328956,910000.0000000005,140261.7022600632
Ce30PrCu,6.133786246369797,5.320086211183633,1360774.7634348893,208971.0915243071
Ce31.5,4.401849398195395,5.390683128040522,25226.05848005031,245857.31140266097
Ce35Fe63.5Ge0.5B1,5.690373306916059,5.370711052680422,490199.99999999977,234807.00694609198
Ce3Fe12Co2B,5.524039426375544,5.544609904358099,334225.38049277983,350436.960108018
Ce3Fe5O12,3.966369850706092,4.090960619184346,9254.85994078817,12329.930232139899
Ce4NdFeB,6.1156105116743,5.866235280250028,1304999.9999999993,734911.9009071194
Ce,5.9599948383284165,5.146939105328956,912000.0000000006,140261.7022600632
Ce8NdFeB,6.2332500095411,5.806227347702256,1711000.0,640069.8162991204
Ce9Fe91,3.502850127305606,4.984161913166034,3183.098861836,96418.84242363932
Ce,2.514631957853713,5.146939105328956,327.063408053649,140261.7022600632
CeAgBi2,6.819868228353718,5.05124629156971,6604930.138309703,112524.29265305212
CeAlSi,3.7458881759919005,4.919032091621132,5570.423008213001,82991.2090514142
Ce1Cd0.7Sb2,3.457092636744931,4.7525445347623885,2864.7889756523996,56564.5758304768
CeFe2Co2B,-0.9208187539523752,5.215404807129656,0.12,164211.96845295688
Ce1Fe0.6Co3.9Cu1.2,5.855032645416968,5.037078622532244,716197.2439130998,108912.72457150959
Ce1Fe0.6Co4.4Cu0.6,5.524039426375544,5.607131750629331,334225.38049277983,404698.64530493336
Ce1Co5.4,5.046918171655881,5.057984834118107,111408.46016425992,114283.84253367792
CeMnCu4,5.076881395033325,4.7526770525611415,119366.20731885014,56581.83821145801
CeFeO3,4.49518268635307,4.677165531841813,31273.946317538688,47551.643504329695
CeIn2,4.878513741266492,3.5950589144559824,75598.59796860504,3936.034663282731
M2La7CeP,5.917823475276424,5.519436338858553,827605.7040773598,330701.6325427593
CeNdFeB,5.98033314338055,5.955880654650871,955725.4332662597,903401.1824141224
CeNdFeB,6.04066922237888,5.955880654650871,1098169.1073334196,903401.1824141224
Ce1Cu0.6Ni0.4,4.44485818032792,4.3247632126105,27852.115041065026,21123.370308419835
Ce1Cu0.5Ni0.5,4.0768813950333245,4.531234958495563,11936.62073188499,33980.90636264794
Ce1Cu0.1Ni0.9,4.745888175991901,4.205227728071717,55704.23008213006,16040.862941249696
Ce1Ga1Ni1H1.1,3.5997601403136623,3.9190430804125085,3978.8735772949994,8299.330897360556
CeO2,3.8038801229695873,4.727681286308787,6366.197723672001,53417.220502443466
CeFeO2,4.339015943582173,4.181626108431775,21828.100445040374,15192.390276214188
Ce(Al4Pd)2,4.599760140313663,4.8375346422383485,39788.73577295003,68791.47828135721
CeAl3Pt,6.2987301446496815,5.3693136906446,1989436.7886475013,234052.7189650195
CeGa2BRu2,4.201820131641625,4.164588385736271,15915.494309180018,14607.92013269804
Ce(GeRu)2,3.4918547430041427,5.308199877978244,3103.521390290099,203329.2590182606
CeCoGe2Ru,5.9421828211358685,4.249255838101668,875352.1870048996,17752.349443009763
CeTiGe3,5.01473348828448,4.691416200046344,103450.71300966993,49137.85563528801
Co,3.7069701099615306,3.51422288622791,5092.958178937598,3267.5548480243165
CoNi11,2.9007901359776436,4.142174549301523,795.7747154589999,13873.132983334972
CoO2,4.750209549774543,4.7528977704469195,56261.27238295131,56610.60163870966
Co(HO)2,4.0768813950333245,4.763224047965348,11936.62073188499,57972.76947287485
CoAu,4.44485818032792,4.976309587458804,27852.115041065026,94691.19283907472
GCoCS,3.544242812463831,4.071705477101249,3501.4087480195994,11795.20456002632
Co2O,4.582031373353231,4.304320079174231,38197.186342031986,20152.089308805545
CrCo,5.201820131641625,4.107786327538856,159154.94309180017,12816.99832438119
CoCu,3.671642147619788,3.957015627158888,4695.0708212081,9057.65192336748
CoCu,3.73329904868388,3.957015627158888,5411.268065121203,9057.65192336748
CoCu,3.7872808611501254,3.957015627158888,6127.465309034299,9057.65192336748
CoCu,3.8038801229695873,3.957015627158888,6366.197723672001,9057.65192336748
GranularCoCu,4.2987301446496815,4.105991626264711,19894.36788647501,12764.141977280819
ErCoB,6.5017630316643915,5.430860267250869,3175141.114681408,269687.15837239585
FeCo,2.8038801229695873,3.976231039266332,636.6197723672002,9467.406816958373
FeCo,3.146128035678238,3.976231039266332,1400.0000000000005,9467.406816958373
FeCoB,3.6532125137753435,3.6067151523253997,4499.999999999998,4043.1062303288727
TaNbFeCoB,3.9921052956748664,3.206125969725619,9819.859988764058,1607.4074235893743
FeCoNi,3.076881395033325,3.8432016905947677,1193.6620731885,6969.501093954311
TaFeCoB,1.9007901359776436,4.11401894130969,79.57747154589998,13002.262848363936
FeCoW,3.223009430711563,4.21120875347858,1671.1269024639007,16263.303003937022
HfCo,3.377911390697306,4.392302043841678,2387.3241463770005,24677.550188782436
HfTaCo,1.6789413863612872,3.5396533445679905,47.746482927539994,3464.601942684675
GMCo,-0.3925449767853314,4.322461624042707,0.405,21011.72093067514
GgMCoPS35,-0.3115801779972894,3.7570036124229853,0.48800000000000004,5714.833902002552
NdFeCoB,4.3591712057167005,5.973624315839767,22864.999999999985,941075.1721826249
CoNi,4.301029995663981,3.284433421739632,20000.000000000004,1925.0119140682627
MgCoNiN,4.1303337684950066,4.038434348122749,13500.000000000013,10925.324576288545
CoNiO,4.961487976331255,4.0656982928260765,91514.09227778492,11633.175844080673
CoNiP,5.079181246047625,2.7042458750896023,120000.00000000007,506.11111486347824
CoO,5.071051851372601,4.006017456398873,117774.6578879319,10139.521405655409
CoPb,4.9366199612304715,4.6677850885831,86421.13409884735,46535.57543915164
CoPd,4.720334071519512,4.335394181321627,52521.131220294,21646.82376089733
CoPt,2.5997601403136623,4.942922436328358,397.8873577294999,87684.42054542105
CoPt,5.332153900136631,4.942922436328358,214859.17317393,87684.42054542105
VCoS,3.1312390573559177,3.9031063347552344,1352.8170162803003,8000.301142596245
CoSi,1.6789413863612872,3.803690856885681,47.746482927539994,6363.423931115946
CoSiO,3.456971982630555,3.8200092452784977,2863.9932009369413,6607.075130261496
CoSiO2,3.377911390697306,4.157481569600779,2387.3241463770005,14370.820658023262
VCo,3.377911390697306,4.08900394417663,2387.3241463770005,12274.503785694747
MesowiresCoW,4.598890681601033,5.395419208866593,39709.15830140408,248553.11416885312
Nb81Ni50B7,3.5997601403136623,2.582987085677851,3978.8735772949994,382.81335968483694
Ti2O3,5.2837072710651745,5.222718488899692,192179.59378334848,167000.77589147212
Co0.02Cu0.98S1,2.9421828211358685,3.8490566128629324,875.3521870048996,7064.096329490033
Co0.04Cu0.96S1,3.9421828211358685,3.3329854249215662,8753.521870048997,2152.7094878102703
Mg(FeO2)2,2.7137034926204993,3.5398541778406925,517.2535650483501,3466.2044688130054
Mn0.5Fe2Ni0.5O4,2.7758513993693437,3.7828730157911092,596.83103659425,6065.5895070546485
Zn0.5Fe2Ni0.5O4,4.864577963323199,3.4807923161814767,73211.27382222797,3025.46627489502
Co0.12Pt0.88,3.8038801229695873,4.433325858210317,6366.197723672001,27122.25895808414
Co0.18Ni0.82,5.223009430711563,3.784140733151416,167112.69024638992,6083.320993933692
Mg0.9Fe2Co0.1O4,4.079767083270813,3.512317329725553,12016.198203430895,3253.2491854964046
Mn0.4Zn0.5Fe2Co0.1O4,1.2787536009528289,3.1541089883362297,18.999999999999993,1425.965401734364
Mn0.5Fe2Co0.1Ni0.4O4,3.424536602789208,3.7866220857627857,2657.88754963306,6118.177686238302
Zn0.5Fe2Co0.1Ni0.4O4,4.703563861269619,3.6268938132584596,50531.69443164648,4235.393963084442
Ce0.09Fe1.91Co0.25Cu0.75O4,4.22435159944051,4.4005573346414595,16762.99438114383,25151.120308642585
Fe2Co0.25Cu0.75O4,4.770021855708619,4.717962993615582,58887.32894396594,52235.16773339372
Mg0.75Fe2Co0.25O4,3.0013312416474807,3.9339127690377484,1003.0700000000003,8588.41000199373
Co0.25Pt0.75,3.5997601403136623,4.977968001116578,3978.8735772949994,95053.47555308719
Al2Zn0.75Co0.25O4,4.206420911974609,4.182497719798423,16084.994323572771,15222.91140285728
Zn0.75Fe2Co0.25O4,3.567775854307304,3.3691875010290135,3696.373553307055,2339.847219413482
Y0.02Zn0.75Fe1.98Co0.25O4,3.4845555042626435,3.4732507082798283,3051.796033785266,2973.38200187663
Y0.04Zn0.75Fe1.96Co0.25O4,3.501763031664392,3.455938882749292,3175.1411146814107,2857.188429609737
Y0.06Zn0.75Fe1.94Co0.25O4,3.5082451591923123,3.5298606954000435,3222.8875976089507,3387.3548568163706
Y0.08Zn0.75Fe1.92Co0.25O4,3.524039426375544,3.5061390939828008,3342.2538049277987,3207.296379219758
Ta1Co0.27S2,5.104910118633568,5.69657753344001,127323.95447343994,497253.1390832916
Mg0.8Fe2Co0.2O4,3.566371126995597,3.775839694000586,3684.4369325751713,5968.149506582913
Mn0.3Zn0.5Fe2Co0.2O4,1.4471580313422192,3.0500820926741183,27.999999999999996,1122.2305642992728
Mn0.8Fe2Co0.2O4,4.68611997098841,3.8954098032081106,48542.25764299896,7859.769379559759
Mn0.5Fe2Co0.2Ni0.3O4,3.7855854999266247,3.7841318874190413,6103.592067570533,6083.19708980023
Zn0.5Fe2Co0.2Ni0.3O4,4.662717974398173,3.7071105794163257,45995.77855353019,5094.605726390566
Zn0.4Fe2Co0.2Ni0.4O4,3.777585112178344,3.7301935442088627,5992.183607406269,5372.71179006541
Zn0.3Fe2Co0.2Ni0.5O4,3.9724512594194312,3.672316628153201,9385.366994123442,4702.368160510379
Eu0.02Zn0.3Fe1.98Co0.2Ni0.5O4,4.0421144632530615,4.141233745732466,11018.296710245324,13843.112417240907
Eu0.04Zn0.3Fe1.96Co0.2Ni0.5O4,4.035222260873484,4.141304458863038,10844.817822275261,13845.366577848274
Eu0.08Zn0.3Fe1.92Co0.2Ni0.5O4,4.221227239660508,4.125928226240771,16642.832399109528,13363.746420889604
Zn0.1Fe2Co0.2Si1Ni0.7O6,3.8550326454169683,3.7224874265312513,7161.972439130997,5278.219253335512
Fe2Co0.2Ni0.8O4,5.563547967659217,4.030104323676162,366056.3691111398,10717.76730245023
Eu0.06Zn0.3Fe1.94Co0.2Ni0.5O4,4.182913554787555,4.160246121185303,15237.494251608936,14462.59155262443
Eu0.1Zn0.3Fe1.9Co0.2Ni0.5O4,4.071257212363581,4.116778447026747,11783.036211801422,13085.142212723249
Zn0.3Fe2Co0.2Ni0.5O4,3.8638220110315418,3.672316628153201,7308.394986775454,4702.368160510379
Al0.8Zn0.8Fe1.2Co0.2O4,3.892392732396089,3.1756118131368214,7805.3562965796045,1498.3449661793197
Tb0.08Co0.32Ni0.6,3.671642147619788,4.110544498268398,4695.0708212081,12898.657121228536
Sm0.1Fe2.57Co0.33O4,4.3479481673198626,4.3867676813015555,22281.692032851985,24365.071002525412
Fe0.65Co0.35,3.7458881759919005,3.781622436621992,5570.423008213001,6048.148371587257
Fe0.65Co0.35N1,3.377911390697306,3.521197727849275,2387.3241463770005,3320.4559859002998
Fe2.7Co0.3O4,5.24321281679985,4.256715161780508,175070.43740097995,18059.89253729777
Mn0.2Zn0.5Fe2Co0.3O4,1.6989700043360187,3.0610578001916986,49.99999999999999,1150.9535589992965
Mn0.7Fe2Co0.3O4,4.997352574351779,3.9773659873787857,99392.26196082904,9492.180486061667
Mn0.5Fe2Co0.3Ni0.2O4,4.161338508614623,3.9489586880869636,14499.01531566298,8891.165373402024
Zn0.5Fe2Co0.3Ni0.2O4,4.555928570789026,3.7746584253259012,35969.01713874679,5951.9383660905705
Tb0.14Co0.41Ni0.45,3.8645779633231987,4.089274869449473,7321.127382222797,12282.163359794777
Zn0.56Fe2Co0.44O4,4.143828184663938,3.6636866854866543,13926.057520532511,4609.848847085723
Mg0.6Fe2Co0.4O4,5.502850127305606,4.103791764802558,318309.8861835997,12699.650373043218
Mn0.1Zn0.5Fe2Co0.4O4,1.7403626894942439,3.4889241532486115,55.0,3082.649538225499
Mn0.6Fe2Co0.4O4,4.602358121033571,4.301630094386652,40027.46818758773,20027.65466937483
Mn0.5Fe2Co0.4Ni0.1O4,4.110573150826158,4.053652669870911,12899.508137590381,11314.950799688042
Zn0.5Fe2Co0.4Ni0.1O4,4.203986193398133,3.827234036682906,15995.071780725906,6717.907763119641
Zn0.3Fe2Co0.4Ni0.3O4,3.82403415460792,3.7519047155665737,6668.5921155464175,5648.130409445946
Zn0.1Fe2Co0.4Si1Ni0.5O6,3.9977001489857003,3.7403785231327724,9947.183943237505,5500.2005243056055
Fe2Co0.4Ni0.6O4,5.792884738668124,4.109945450156481,620704.2780580198,12880.877504242313
Sr0.6Fe2Co0.4O4,4.502850127305606,4.533300252203001,31830.988618359974,34142.887903210445
Al0.6Zn0.6Fe1.4Co0.4O4,3.940719550086204,3.105718547658016,8724.078205577012,1275.6118576966717
Fe2Co0.5Cu0.5O4,4.953868579461063,4.350153171667895,89922.54284686694,22395.108541703325
Zn0.48Fe2Co0.52O4,4.245182409662754,3.8505596969718203,17586.621211643895,7088.58737603563
Cr0.15Co0.55C0.3,4.756914580219944,3.6340830547024705,57136.62456995623,4306.089524978069
Zn0.4Fe2Co0.56O4,4.227125996906395,3.8709805438453415,16870.42396773079,7429.858517923383
Co0.57Ni0.43,5.599760140313663,4.056974475982841,397887.35772950033,11401.827756576306
Co0.57Sn0.43,4.675307101706193,4.08455308757947,47348.59556981047,12149.35123447182
Zn0.4Fe2Co0.5Cu0.1O4,4.203986193398133,3.848257794915723,15995.071780725906,7051.114952346758
Y0.06Zn0.25Fe1.94Co0.5Cu0.25O4,4.520342573782881,4.081954320988569,33139.242250574585,12076.868041568037
Y0.1Zn0.25Fe1.9Co0.5Cu0.25O4,4.393508629625388,4.093748988548372,24746.20632662851,12409.348706688164
Zn0.3Fe2Co0.5Cu0.2O4,4.5188382326897365,3.8722134070136516,33024.650691548515,7450.9801604543
Zn0.2Fe2Co0.5Cu0.3O4,4.38508997532443,3.863689422187974,24271.128821499526,7306.1640955787225
Zn0.1Fe2Co0.5Cu0.4O4,3.9977001489857003,3.9584961659339495,9947.183943237505,9088.582753899826
Ce0.06Fe1.94Co0.5Cu0.5O4,4.305025002631067,4.4757663017585605,20184.825657617534,29906.549019703303
Fe2Co0.5Cu0.5O4,3.950008158647825,4.350153171667895,8912.676813140795,22395.108541703325
La0.09Fe1.91Co0.5Cu0.5O4,4.865610544504747,4.359958854867061,73385.54848491348,22906.506258582118
La0.15Fe1.85Co0.5Cu0.5O4,4.946621450325398,4.179760501155219,88434.4441289586,15127.26800263974
Fe2.5Co0.5O4,4.794119051887536,4.704319842807585,62247.089792633844,50619.73215134276
La0.04Fe2.46Co0.5O4,4.768275301678338,4.596340600812892,58650.983853474645,39476.678142836565
La0.08Fe2.42Co0.5O4,4.742149606432498,4.597253996379207,55226.76525285458,39559.79171847023
La0.12Fe2.38Co0.5O4,4.733988263335325,4.61893028041831,54198.62432048158,41584.38475311312
Mg0.5Cr0.2Fe1.8Co0.5O4,4.819868228353718,4.234799761054614,66049.30138309703,17171.164985002877
Mg0.5Cr0.4Fe1.6Co0.5O4,4.664218129540581,4.244040546619068,46154.933496622,17540.4425534851
Mg0.5Cr0.6Fe1.4Co0.5O4,4.648978162983844,4.282914665257268,44563.38406570398,19182.917775136262
Mg0.5Cr0.8Fe1.2Co0.5O4,4.572887993913361,4.227853287947503,37401.411626573,16898.699684303094
Mg0.5Cr1Fe1Co0.5O4,4.544242812463831,4.290170651127326,35014.087480195994,19506.109197904974
Mg0.5Fe2Co0.5O4,4.601493853122663,4.315801861924135,39947.89071604179,20691.97104071902
La0.03Mg0.5Fe1.97Co0.5O4,4.881297996501451,4.341285930125788,76084.81631975042,21942.49106207897
La0.15Mg0.5Fe1.85Co0.5O4,4.914301469443544,4.329988848633474,82092.11964675046,21379.071938178746
Mn0.5Fe2Co0.5O4,4.9330058392756255,4.193707478282489,85704.93685493436,15620.951294421226
Mn0.5Fe2Co0.5O4,4.487377440649398,4.193707478282489,30716.904016717377,15620.951294421226
Zn0.5Fe2Co0.5O4,3.9614879763312554,3.8216546227074057,9151.409227778502,6632.154315189372
Fe2Co0.5Cu0.4Ni0.1O4,4.1930462073341195,4.37710285741631,15597.184422996394,23828.837598464605
Dy0.16Zn0.25Fe1.84Co0.5Ni0.25O4,4.044741252401607,4.02069348869456,11085.141786343875,10488.019561425976
Dy0.24Zn0.25Fe1.76Co0.5Ni0.25O4,4.025620285391503,3.977986362229911,10607.676957068481,9505.749431133592
Fe2Co0.5Cu0.3Ni0.2O4,4.553036476980967,4.379219718477551,35730.28472410914,23945.26890231018
Fe2Co0.5Cu0.2Ni0.3O4,4.653606567165915,4.458803403121502,45040.8488949794,28760.961657976728
Fe2Co0.5Cu0.1Ni0.4O4,4.693881736154224,4.3172230567145045,49417.60983000392,20759.79481418091
Fe1.96Co0.5Ni0.5Bi0.04O4,4.621775880131382,4.52474956450111,41857.75003314337,33477.23373380675
Fe1.95Co0.5Ni0.5Bi0.05O4,4.818768018570552,4.486895334627857,65882.18869285058,30682.82440370573
Fe1.92Co0.5Ni0.5Bi0.08O4,4.916987489490083,4.424214300405465,82601.41546464425,26559.157868374834
Fe1.9Co0.5Ni0.5Bi0.1O4,4.079767083270813,4.4844143968824,12016.198203430895,30508.046304625073
Fe1.85Co0.5Ni0.5Bi0.15O4,4.863064740600958,4.213965403500714,72956.62591328105,16366.861355525614
Fe1.9Co0.5Ni0.5Bi0.1O4,4.80284744678611,4.4844143968824,63510.78004078279,30508.046304625073
Fe1.8Co0.5Ni0.5Bi0.2O4,4.826514662913707,4.003723235677013,67067.89301888458,10086.099209481394
Fe2Co0.5Ni0.5O4,4.197455326239175,4.6117836084320984,15756.339366088208,40905.67923080162
Cr1Fe1Co0.5Ni0.5O4,4.463083000434119,4.358639401635152,29045.777114253524,22837.018390871788
Dy0.05Fe1.95Co0.5Ni0.5O4,4.737860647080172,4.260262146014151,54684.04689691158,18207.995861922005
Fe2Co0.5Ni0.5O4,4.847733406675469,4.6117836084320984,70426.0623181215,40905.67923080162
Co0.5Pt0.5,5.791825551292955,4.942922436328358,619192.3060986481,87684.42054542105
Sr0.5Fe2Co0.5O4,5.130296638414321,4.529174734799453,134988.45864538327,33820.08811683654
Ce0.1Mn0.25Zn0.25Fe1.9Co0.5O4,4.317364079673844,4.327476939267584,20766.53697461805,21255.774755472088
Zn0.45Fe2Co0.5Cu0.05O4,3.8603561826155715,3.8318935389823032,7250.3034325469525,6790.371560650504
Zn0.46Fe2Co0.5Cu0.04O4,3.840808290985307,3.80925195652574,6931.197771647892,6445.430896047031
Zn0.47Fe2Co0.5Cu0.03O4,3.6936718813630405,3.7639917592819496,4939.373658854011,5807.533976474432
Zn0.48Fe2Co0.5Cu0.02O4,3.587694405545821,3.797392895837029,3869.8524412771158,6271.810037579369
Zn0.49Fe2Co0.5Cu0.01O4,3.1490086971677185,3.810374827632672,1409.3170210778892,6462.117159980243
Al0.05Zn0.5Fe1.95Co0.5O4,3.5167401876340447,3.4998600501454664,3286.5495748456706,3161.2587915944273
Al0.1Zn0.5Fe1.9Co0.5O4,3.460696761013756,3.4915765486854315,2888.662217116169,3101.534016314249
Al0.2Zn0.5Fe1.8Co0.5O4,3.392151829811916,3.442986881009908,2466.9016179228993,2773.2363305976614
Al0.6Zn0.5Fe1.4Co0.5O4,3.544242812463831,3.4139992164338686,3501.4087480195994,2594.174681632789
Al0.8Zn0.5Fe1.2Co0.5O4,3.7203340715195123,3.4133162718489363,5252.1131220294,2590.0984491690942
Al2Zn0.5Co0.5O4,4.232338896485167,4.208550425668281,17074.14229488831,16164.058951171839
Al1Zn0.5Fe1Co0.5O4,4.110305150520275,3.4792468974592796,12891.550390435807,3014.719412356417
Zn0.5Cd0.2Fe1.8Co0.5O4,4.576568477651729,3.670727690659357,37719.72151275661,4685.195210589426
Zn0.5Cd0.4Fe1.6Co0.5O4,4.572887993913361,3.8754975530162854,37401.411626573,7507.538240695148
Zn0.5Cd0.6Fe1.4Co0.5O4,4.5607063360474935,4.0639554535034,36366.90449647627,11586.585040249736
Zn0.5Cd0.8Fe1.2Co0.5O4,4.556888337990475,4.04569007190657,36048.5946102927,11109.386387341518
Zn0.5Cd1Fe1Co0.5O4,4.577940657251077,4.079941203615096,37839.08772007547,12021.016786521403
Dy0.05Zn0.5Fe1.95Co0.5O4,3.225895118949051,4.074493748431999,1682.2677484803257,11871.176126388324
Zn0.5Fe0.5O2,3.802248457373756,3.1558289831822464,6342.324482208228,1431.6240422376363
Zn0.6Fe1.9Co0.5O4,3.6889585071188113,3.6493115427706133,4886.056752918261,4459.760562677694
Zn0.7Fe1.8Co0.5O4,3.731378804662788,3.3869488355141817,5387.394823657429,2437.5236353735454
Zn0.8Fe1.7Co0.5O4,3.5177904770985426,3.2943133810423673,3294.5073220002605,1969.3068023694186
Zn0.9Fe1.6Co0.5O4,3.358672032711636,3.250798521974571,2283.87343336733,1781.5520775332343
Tb0.11Co0.63Ni0.26,3.5909862160061574,4.414864843768074,3899.296105749101,25993.504967239878
Zn0.32Fe2Co0.68O4,4.403217255962076,4.023788023832763,25305.63595159619,10563.018096780837
Mn0.4Fe2Co0.6O4,3.3010299956639813,4.539752659683012,2000.0000000000005,34653.943236634484
Zn0.1Fe2Co0.6Si1Ni0.3O6,4.0768813950333245,3.7499626029873827,11936.62073188499,5622.929041739743
Fe2Co0.6Ni0.4O4,5.990695247417041,4.324624571674063,978802.9000145692,21116.628117198077
Sr0.4Ce0.025Fe1.975Co0.6O4,3.8645779633231987,3.799617206160604,7321.127382222797,6304.0145398862405
Sr0.4Ce0.05Fe1.95Co0.6O4,3.6789413863612874,3.6406170641196125,4774.648292754002,4371.364933755512
Sr0.4Ce0.075Fe1.925Co0.6O4,3.0469181716558817,3.4771602825296153,1114.0846016426,3000.2696066741296
Sr0.4Fe2Co0.6O4,3.9421828211358685,4.588485546389495,8753.521870048997,38769.08456853204
Sr0.4Ce0.1Fe1.9Co0.6O4,2.377911390697306,3.709120961187412,238.73241463770006,5118.243707674369
Zn0.4Cr0.2Fe1.8Co0.6O4,4.583386427438197,3.7822074480510137,38316.55254935083,6056.300950562806
Zn0.4Cr0.4Fe1.6Co0.6O4,4.577940657251077,3.935187030481544,37839.08772007547,8613.646220949693
Zn0.4Cr0.6Fe1.4Co0.6O4,4.580218032589762,4.1427608323859575,38038.031398940184,13891.8738977142
Zn0.4Cr0.8Fe1.2Co0.6O4,4.322394062847475,4.23395229804357,21008.452488117608,17137.69060523359
Zn0.4Cr1Fe1Co0.6O4,4.581578747484326,4.092355256035648,38157.39760625908,12369.588610291612
Al0.4Zn0.4Fe1.6Co0.6O4,4.058579222259692,3.237126462163774,11444.036183015876,1726.3405117168786
Zn0.4Fe2Co0.6O4,4.04066922237888,3.9516403108890983,10981.691073334197,8946.235182112832
Co0.7C0.3,4.758122632408912,3.5101902125465325,57295.779513048,3237.354157068096
Cr0.25Fe2Co0.75O4,4.618460638979906,4.637760469664253,41539.44014695983,43427.06409213783
Ce0.03Fe1.97Co0.75Cu0.25O4,4.481201862255055,4.319077138183432,30283.20679679223,20848.611574791357
Fe2Co0.75Cu0.25O4,5.112977740381601,4.599843117775769,129711.27861981695,39796.3386412243
Ce0.1Mg0.25Fe1.9Co0.75O4,5.0804338315939,4.496780719968672,120346.60176829547,31389.23416952251
Ce0.25Mg0.25Fe1.75Co0.75O4,5.152953571531137,4.1968786453902975,142217.67404797056,15735.431089553118
Mg0.25Fe2Co0.75O4,5.099900521659121,4.412376917031583,125863.70787057278,25845.02264534229
Co0.75Ni0.25Pt3,5.2455126678141495,4.549445456503952,175999.99999999985,35436.06229666922
Co0.75Pt0.25,5.143828184663938,4.710460871649187,139260.57520532512,51340.59194160019
Al2Zn0.25Co0.75O4,4.349898108404131,4.117386694609337,22381.95964699982,13103.481340927543
Zn0.24Fe2Co0.76O4,4.505016189062114,4.203444981073898,31990.143561451816,15975.151338212514
Co0.78Ni0.22,5.700130685431225,4.447734183627115,501338.0707391699,28037.170561068564
Gd0.21Co0.79,3.1049101186335686,4.938524945908727,1273.2395447344004,86801.04344471464
Al0.1Zn0.1Fe1.9Co0.7Cu0.2O4,3.5857512342408273,3.807307388021367,3852.576172204504,6416.635770852148
Al0.08Zn0.1Fe1.92Co0.7Cu0.2O4,3.5553997933369144,3.7882347073159215,3592.5249529396556,6140.937924008514
Al0.06Zn0.1Fe1.94Co0.7Cu0.2O4,3.587512183332632,3.7544142965760905,3868.22906085758,5680.862746781876
Al0.04Zn0.1Fe1.96Co0.7Cu0.2O4,3.5373622752834115,3.819854952842463,3446.3729686984557,6604.72824192857
Al0.02Zn0.1Fe1.98Co0.7Cu0.2O4,3.5220941937417605,3.912637229026396,3327.317113518635,8177.814009248658
Mg0.3Al1Fe1Co0.7O4,3.0045938569336004,3.8702369866979285,1010.6338886329298,7417.148713737387
Mn0.3Cr0.2Fe1.8Co0.7O4,4.57381104310654,4.04912445228642,37480.989098118895,11197.587177702253
Mn0.3Cr0.4Fe1.6Co0.7O4,4.133786246369797,4.080502359966877,13607.747634348892,12036.559304693194
Mn0.3Cr0.6Fe1.4Co0.7O4,3.8501801426225564,3.984651320014147,7082.394967585099,9652.755814960537
Mn0.3Cr0.8Fe1.2Co0.7O4,3.6167934796124426,3.880956056055075,4138.028520386798,7602.493474669552
Mn0.3Cr1Fe1Co0.7O4,2.9421828211358685,4.018326697944876,875.3521870048996,10431.018074767844
Mn0.3Fe2Co0.7O4,4.895547080565271,4.182555237960074,78622.54188734914,15224.92766578471
Fe2Co0.7Ni0.3O4,4.812480294731505,4.534871582865572,64935.216781454415,34266.644805002405
Zn0.3Fe2Co0.7O4,4.515908659306669,4.072346236032686,32802.62954593544,11812.620072278087
La0.025Zn0.3Fe1.975Co0.7O4,2.4913616938342726,3.501133749843702,309.99999999999994,3170.5437463166363
La0.05Zn0.3Fe1.95Co0.7O4,2.5289167002776547,3.395336831067879,337.99999999999994,2485.059726151568
La0.075Zn0.3Fe1.925Co0.7O4,2.5428254269591797,3.197355714089708,348.99999999999983,1575.272582063925
La0.1Zn0.3Fe1.9Co0.7O4,2.6232492903979003,4.014244900189913,419.9999999999999,10333.43947793524
Cr0.2Fe2Co0.8O4,4.67603639571788,4.7173569903670165,47428.173041356364,52162.33096511268
Co0.8Ni0.2,5.869273084531579,4.4569353529218585,740070.4853768701,28637.51653284236
Cr2Co0.8Ni0.2O4,4.752048484696719,4.854487421902238,56500.00479758896,71529.86771946162
Zn0.16Fe2Co0.84O4,4.679664607980383,3.938416097771426,47826.06039908591,8677.929104309618
Cr0.15Fe2Co0.85O4,4.858875984498729,4.724310816695575,72256.34416367726,53004.26501055093
Co0.85Ir0.15,3.502850127305606,4.5235480541963025,3183.098861836,33384.7442966729
Cr2Co0.85Ni0.15O4,4.44485818032792,5.009438571713289,27852.115041065026,102197.09988565337
Zn0.15Fe2Co0.85O4,2.9761545823509286,4.428730881802453,946.5740240384803,26836.809403085343
Y0.02Zn0.15Fe1.98Co0.85O4,3.682423460321541,4.068045424608369,4813.084211510667,11696.217200670137
Y0.04Zn0.15Fe1.96Co0.85O4,3.812267353083746,4.015302189193553,6490.338579283605,10358.626861507504
Y0.06Zn0.15Fe1.94Co0.85O4,3.8122620282045854,4.01739885706675,6490.259001812059,10408.756696400545
Y0.08Zn0.15Fe1.92Co0.85O4,3.732301581457369,4.160606557582766,5398.853979560039,14474.59955266892
Cd0.105Fe2Co0.895O4,4.5188382326897365,4.544861028561538,33024.650691548515,35063.965356670735
Sr0.01Zn0.1Fe2Co0.89O4,4.602703347189988,4.365182598896343,40059.29917620609,23183.69202243402
Al0.2Fe2Co0.8O4,4.963995852903417,4.206572693716233,92044.07823828068,16090.616856734667
Nd0.04Al0.2Fe1.96Co0.8O4,5.0515128131171165,4.645189074379706,112593.36871557844,44176.27312495392
Nd0.08Al0.2Fe1.92Co0.8O4,5.009956802108987,4.729380967508536,102319.12136428736,53626.686996351564
Nd0.12Al0.2Fe1.88Co0.8O4,4.963995852903417,4.614417090831406,92044.07823828068,41154.47736768499
Fe2.2Co0.8O4,5.29524181680386,4.692136394435195,197352.12943383204,49219.40897846413
Gd0.2Fe2Co0.8O4,5.285224199876281,4.336587062073653,192852.0234179113,21706.363027109488
Li0.2Fe2Co0.8O4,3.7528164311882715,4.5273251604731986,5660.0,33676.361317969284
Mg0.2Fe2Co0.8O4,4.167257031417885,4.568075154583889,14697.958994527742,36989.21840196861
Mn0.2Fe2Co0.8O4,3.845098040014257,4.294892888219672,7000.000000000001,19719.36329612761
Zn0.1Fe2Co0.8Si1Ni0.1O6,4.179543736930473,3.820024787735872,15119.71959372101,6607.311587378527
Co0.8Ni0.2,4.979092900638326,4.416456987651935,95299.99999999997,26088.9732609322
Fe2Co0.8Ni0.2O4,4.678941386361287,4.449995563108733,47746.482927539975,28183.54137910501
Co0.8Pt0.2,4.830209061691936,4.8835618282893325,67640.85081401495,76482.45648592216
Al0.2Zn0.2Fe1.8Co0.8O4,4.056581488335261,3.6653075442936354,11391.515051795574,4627.085710518873
Zn0.2Fe2Co0.8O4,3.8926804399136685,4.198979232523334,7810.528832230083,15811.724275645292
Cr0.1Fe2Co0.9O4,4.8631594716476645,4.680501147476499,72972.54140759027,47918.27189850571
Ce0.075Fe2Co0.925O4,5.220412459208135,4.732425498142408,166116.38030263543,54003.94647398857
Zn0.08Fe2Co0.92O4,4.796212682017051,4.408664823222464,62547.89263507738,25625.05600397447
Cd0.07Fe2Co0.93O4,4.532233904990815,4.4860642369362855,34059.157821645174,30624.163652965482
Cr0.05Fe2Co0.95O4,4.836297401802357,4.7376936797242415,68595.78047256585,54663.027298006964
Co0.95Ru0.05,3.5997601403136623,3.52752721420421,3978.8735772949994,3369.2032752555574
Cd0.035Fe2Co0.965O4,4.3289249300064325,4.696777403718405,21326.762374301205,49748.203675676006
Co0.97Sn0.03,5.03112390447265,3.7572015545135096,107429.58658696499,5717.439194138667
Fe2Co0.98Ag0.02O4,5.062158138212618,4.5758031928472525,115387.33374155498,37653.3128599294
Co0.98Ir0.02,3.1312390573559177,4.408456540527682,1352.8170162803003,25612.769464997356
Ti0.02Fe2Co0.98O4,5.107616012009493,4.054346618855645,128119.72918889894,11333.045147077239
Mg0.1Fe2Co0.9O4,4.902091068998062,4.3877813837566775,79816.20396053774,24422.0088202986
Mn0.1Fe2Co0.9O4,3.6861199709884107,4.591196347181337,4854.2257642999,39011.83216826194
Co0.9Ni0.1,4.0530784803607,4.352499336863211,11300.000959517793,22516.41978644817
Fe2Co0.9Ni0.1O4,4.895986427574823,4.640815053668,78702.11935889514,43733.58239949917
Co0.9Ru0.1,3.5997601403136623,3.5621017088340516,3978.8735772949994,3648.3937983962132
Sr0.05Zn0.05Fe2Co0.9O4,4.909049550968919,4.359074779053184,81105.3589995813,22859.923833930134
Fe2CoO4,5.739009357885269,5.019690347635348,548288.7789512507,104638.22105352614
Fe2CoO4,4.305452836851366,5.019690347635348,20204.720025504008,104638.22105352614
Fe1.9Co1.1O4,5.633183895800612,5.3046969401039785,429718.34634786006,201695.83961578386
Ti0.1Fe1.8Co1.1O4,2.1301085203609365,4.533313952588996,134.92999999999998,34143.96500213993
Cr0.75Fe1Co1.25Ge1,3.201820131641625,3.4189817525696897,1591.549430918,2624.1082858494756
Fe1.75Co1.25O4,6.0710518513726015,4.8193749786099565,1177746.5788793215,65974.32850487024
Ti0.2Fe1.6Co1.2O4,2.1443873741019366,3.4256659807757543,139.43999999999994,2664.8083515805192
Ti0.3Fe1.4Co1.3O4,1.212187604403958,3.6384247626649837,16.300000000000004,4349.35405734735
Ti0.4Fe1.2Co1.4O4,2.0611130539179787,3.3207997622393974,115.10999999999997,2093.147157524379
Cr0.5Fe1Co1.5Ge1,3.201820131641625,3.3459635960528953,1591.549430918,2218.0104913019622
Fe1.5Co1.5O4,5.4284200368489826,4.554753058998691,268176.0791096832,35871.79086855456
Ti0.5Fe1Co1.5O4,2.0450098609058243,3.4476302803715955,110.92000000000004,2803.0463580055107
Cr0.25Fe1Co1.75Ge1,3.201820131641625,3.4800113166890903,1591.549430918,3020.030414240843
Fe1.25Co1.75O4,5.7307368319192795,4.6907256314172745,537943.7076502839,49059.783960547415
Cr9Co,4.3222192947339195,4.016120436667047,21000.00000000001,10378.161786088616
Co10Ge3O16,6.0768813950333245,4.138513923677053,1193662.073188499,13756.68914134427
Fe2CoO4,4.3631881338766,5.019690347635348,23077.466748310995,104638.22105352614
M1Mn0.5Fe0.5Co2Si1C1S1F1,2.60836031207558,4.647944079392812,405.84510488408984,44457.40195629428
TiMnAlFeCo2CuNi,3.67603639571788,3.862887341745921,4742.81730413564,7292.683097120986
Mn0.6Fe0.4Co2Si1,3.076881395033325,3.348803642360221,1193.6620731885,2232.5625856931297
Co2H3ClO3,4.887113913028409,4.4372102273735035,77110.56992797705,27365.930985530627
Co,3.77002185570862,3.51422288622791,5888.7328943966,3267.5548480243165
Fe(CoO2)2,4.900790135977644,4.775189825853083,79577.47154590007,59592.255851056034
Fe0.75Co2.25B1O5,6.855032645416968,4.684706401613038,7161972.439130997,48384.5160601459
Fe0.75Co2.25O4,6.0675753557130765,4.760773982908688,1168356.437236904,57646.63786139105
Cr0.5Co2.5B1O5,6.24321281679985,5.179144478979894,1750704.3740097994,151058.26038705627
Fe0.5Co2.5O4,4.930173913662854,4.966614317060438,85147.8945541131,92600.71010396117
CoCu4,3.8452728081278122,4.2759223569138,7002.8174960392,18876.538445266262
CoNi4,3.5997601403136623,3.9595750410808375,3978.8735772949994,9111.188695047638
Co21Cu79,4.554002649752987,4.015043243330941,35809.86219565498,10352.452424166184
Zn39Co11,3.5820313733532307,3.6978758450257594,3819.718634203199,4987.418880473205
NbFe28Co28CuSi13Ni19(B4Mo)2,1.9420080530223132,1.925056495850738,87.49999999999997,84.15046029169856
MnCo29(Cu9Ni5)5,3.8038801229695873,4.175870360660786,6366.197723672001,14992.372379743458
Co2C,4.6543731948705505,3.840453705845483,45120.426366525324,6925.541018461761
Ti0.5Al0.5Fe1Co2,3.4448581803279192,3.2111903039704837,2785.2115041065,1626.2612128091844
Mn0.6Fe0.4Co2Si1,2.9007901359776436,3.348803642360221,795.7747154589999,2232.5625856931297
FeCo2BO5,6.855032645416968,5.300906816362207,7161972.439130997,199943.2818790776
GaFeCo2,2.9007901359776436,3.237099528538507,795.7747154589999,1726.2334526392165
FeCo2Ge,4.431629914594164,3.5036511046781387,27016.551589833045,3188.974927140777
MnCo2,4.24321281679985,4.260589976881653,17507.043740097994,18221.745510659915
MnCo2Si,3.201820131641625,3.8590593013137746,1591.549430918,7228.6850189814
MnCo2Sb,3.8550326454169683,3.820152434552622,7161.972439130997,6609.253878344934
MnCo2Sn,3.5997601403136623,4.17081012207581,3978.8735772949994,14818.70054971698
Co2Si,5.262517971995236,3.6447966198260584,183028.18455556987,4413.637082553645
SrFe6CoO11,4.76052870217479,4.604867681290643,57614.089399231554,40259.43551673026
Ti(CoO2)2,6.201820131641625,4.537537847006827,1591549.4309180018,34477.665115408854
ZypehexagonalferriteCo2,3.201820131641625,4.511173562706129,1591.549430918,32446.926327886944
Co,4.451018489032737,3.51422288622791,28250.002398794473,3267.5548480243165
MnAlFeCo3CuNi,3.5654321115337693,3.1499492204711563,3676.4791854205814,1412.3723944751619
Al8Fe45Co30Si12Ni25,1.7759743311293692,2.6495682664657547,59.70000000000001,446.23976320501276
Fe67Co32B,3.633183895800612,2.486470260784578,4297.1834634786,306.52807707804027
FeCoNi,3.905111509760286,3.8432016905947677,8037.324626135901,6969.501093954311
Co33Ni67,5.377911390697306,4.130433504023136,238732.4146376998,13503.100624809143
Ti4CrFe2Co7Ni6,2.1312390573559177,2.8995501307073637,135.28170162803002,793.5058460449037
Ti4CrFe3Co7Ni5,3.093914734332105,2.769207924934017,1241.4085561160398,587.7706891252539
AETi20Cr5Fe20Co35Ni20H,3.076881395033325,3.6286689404942134,1193.6620731885,4252.741062016546
AAnnealedETi20Cr5Fe20Co35Ni20H,3.076881395033325,3.570278627642634,1193.6620731885,3717.736691506314
Ti4CrFe(CoNi)7,2.2625179719952366,3.042063691258691,183.02818455557008,1101.7008671315368
Co37.6Pt62.4,4.143828184663938,4.888720448394737,13926.057520532511,77396.34438456711
Al2Co3(SiO4)3,6.502850127305606,4.263185262549468,3183098.8618359976,18330.96222899413
Co3BO5,6.201820131641625,5.761332495955147,1591549.4309180018,577208.2050063292
Co3C,4.818820472762524,4.034024056189177,65890.14644000522,10814.938551220055
Fe0.35C3,4.739639226714899,3.389528981520061,54908.45536667098,2452.0480794425353
Fe7Co3,3.6931818254758975,3.7539634401115265,4933.8032358457995,5674.968302352435
Mn3Co3(BO5)2,5.9421828211358685,4.98616844984408,875352.1870048996,96865.34951349192
Co3Pt,4.900790135977644,4.9413389333886055,79577.47154590007,87365.29212096594
Co3Si,4.491854743004143,4.165449949730139,31035.21390290099,14636.928445406893
Co3(SnS)2,4.900790135977644,4.367627139772499,79577.47154590007,23314.555493362863
Cr3Co2,4.531478917042255,4.21033577071728,34000.000000000015,16230.64469509543
ZrFe(CoB)4,4.716367884301911,2.6187431689245204,52043.66639101859,415.6647239007656
Ta4Fe11(Co4B3)5,3.515873843711679,3.6202466251439804,3280.000000000001,4171.06180559175
Dy(FeCo)2,3.1560626410809496,5.326674495204902,1432.3944878261996,212165.36812129736
Fe2Co2Ni,4.110305150520275,3.618839791105122,12891.550390435807,4157.572116060266
Co2Ni3,3.9007901359776436,4.006374442070094,7957.74715459,10147.859416099902
Co41.7Pt58.3,5.502850127305606,4.89900468185134,318309.8861835997,79250.98739770407
Fe6Co9Ni5,5.158468710846829,3.749206608852691,144035.22349807914,5613.149493899658
Al1.6Fe28.5Co47.5Si3.4Ni19,2.274850320016665,2.832986065157104,188.3000000000001,680.7475157685667
Ti8Nb4Fe21Co49B18,3.905111509760286,1.8899718854570215,8037.324626135901,77.61968670228327
Ti10Co49Ni21B20,3.4918547430041427,2.889573489127659,3103.521390290099,775.4851559549971
Co49Pt51,4.6931818254758975,5.035520607691403,49338.032358458,108522.7043479369
Mn1.5Al1.5Fe2Co4,2.1795437369304724,3.058489104867726,151.19719593720993,1144.1661757953723
Mn1.5Al1.5Cr0.25Fe2Co4,2.5060989599284405,3.0409731733257,320.7,1098.937955168795
Co4N,2.9799713820252687,4.074841331479544,954.9296585508005,11880.680901090507
Nb2Co4O9,5.201820131641625,5.083689037236868,159154.94309180017,121252.03529037708
Ta2Co4O9,5.377911390697306,4.396677727252742,238732.4146376998,24927.442735818993
FeCo2Ni,3.9538685794610635,3.8064442037828305,8992.254284686704,6403.895018982707
CoNi,3.4386092310509175,3.284433421739632,2745.422768333549,1925.0119140682627
CoPd,3.5540026497529875,4.335394181321627,3580.986219565502,21646.82376089733
CoPt,4.961487976331255,4.942922436328358,91514.09227778492,87684.42054542105
ZnCo,3.432269053019899,3.578563075185147,2705.634032560601,3789.335645401163
Hf4Fe5Co11,2.201820131641625,4.592788271473566,159.1549430918,39155.094049948595
Fe23(Co5Ni2)11,5.046918171655881,3.6844524753005716,111408.46016425992,4835.623453414516
Zr2Fe4Co14B5,1.1139433523068367,1.8598895221416976,12.999999999999998,72.42516981103192
Co14Ni11,4.715703317252718,4.627246137045518,51964.088919472735,42388.31343840105
Cr1.7Fe7.6Co57.3C33.4,1.3479481673198628,3.9520169613799316,22.281692032851996,8953.997347218019
Fe6.1Co57Si11Ni10B15.9,1.9030899869919435,2.253446014554479,79.99999999999999,179.2445726610872
Fe26Co59Ni15,2.201820131641625,3.8881728875127086,159.1549430918,7729.882413594625
Co59Ni41,4.759327333547283,4.439937314551453,57454.93445613983,27538.31190568765
Co59Pt41,4.803880122969587,5.113556301342799,63661.977236719955,129884.19330075686
Co5Cu7,4.480573732594454,4.136183681865011,30239.439187442025,13683.07419445962
SmCo5,3.921979435047582,5.584962324419548,8355.634512319502,384558.41968237853
Co5Sn(BO5)2,6.502850127305606,4.896296405798072,3183098.8618359976,78758.31314567056
FeCo3B,2.332153900136631,2.6856786978242346,214.85917317393,484.929604082811
FeCo3Ni,4.037510703134051,3.739598977750611,10902.113601788307,5490.336686993366
Co3Ni2,4.201820131641625,4.4204831063139975,15915.494309180018,26331.955126172335
Tb24Dy15Co61,5.900790135977644,5.344076398211931,795774.7154590008,220839.31847691353
Cr7.5Co62.5Ni30,5.377911390697306,4.003056954929556,238732.4146376998,10070.637301266877
Fe9Co62Ni29,4.745888175991901,3.8636757646910613,55704.23008213006,7305.934338239469
Tb29.5Co63.5Pd7,5.803880122969587,5.404434713994692,636619.7723671995,253766.74784093225
Co63Ni37,4.687541558123205,4.388625841576827,48701.41258609082,24469.542050842116
Cr3Fe2.5Co64.5Si15B15,0.5342585915572301,1.6423444775372114,3.4218312764736996,43.88786734183138
Al2Cr3Fe4Co64Si8Ni2B17,-0.08756536662442534,1.9693386532970814,0.8174,93.18342160914153
Fe5Co64Si13Ni5B13,2.201820131641625,2.568920798615892,159.1549430918,370.61312767167743
Zn9Co16,3.3631881338765997,3.7245726285593173,2307.7466748311,5303.622795206957
Fe7Co13,3.3631881338765997,3.830788685167849,2307.7466748311,6773.11867526215
Zr7Co13,3.572887993913361,4.335261301627635,3740.1411626573,21640.201564583665
Cr7Co33B10,4.625066005578432,2.855647222135959,42176.05991932696,717.211462962318
Fe2Co33Si8B6Mo,1.0278949343424513,2.928836770222512,10.6633811871506,848.8613701422379
Fe6Co66Si13B15,2.502850127305606,1.9388639613497036,318.30988618360004,86.86882782542483
Fe4Co66Si15NiB14,0.47712125471966244,1.8538965997546732,3.0,71.43262334210603
Fe4Co67.5Si12Ni1.5B14Mo1,1.9030899869919435,2.263089596582209,79.99999999999999,183.26924747115808
Fe4Co67Si17B11Mo2,4.079181246047625,1.2787601037343315,12000.00000000001,19.000284493077142
Cr3Fe4.35Co68.15Si12.5B12,-0.3467874862246563,3.0520645972822282,0.45,1127.365128827829
Zr2Fe6Co17,3.0469181716558817,2.926024008864598,1114.0846016426,843.3813806676967
Co17Pt8,4.377911390697306,4.962528157424599,23873.241463769984,91733.54087802175
Fe5.2Co69.1Si9.9Ni1B14.8,1.9030899869919435,2.7440123084572097,79.99999999999999,554.6414319777872
Fe3.9Co69.5Si10.8Ni1B12.8Mo2,1.9030899869919435,2.636127367036447,79.99999999999999,432.6406944557778
Fe31Co69,4.223009430711563,3.6061148567182277,16711.26902463899,4037.521581193012
Cr4Fe4Co69Si12B11,4.457092636744931,2.0055077500537237,28647.889756523997,101.27628215660187
Co69Pd31,3.24551266781415,4.289868036538706,1760.0000000000005,19492.522156394767
CoCu,4.641152825471887,3.957015627158888,43767.60935024497,9057.65192336748
Fe4.7Co70.3B25,3.380211241711606,2.364615256708214,2399.999999999999,231.5342569496017
Tb29.5Co70.5,5.2987301446496815,5.4535311502257615,198943.67886475014,284139.19794848224
Fe2Co7Ni,2.524039426375544,3.846428599456062,334.2253804927799,7021.4789703950555
Fe5Co14Ni,3.197455326239175,4.000466675845888,1575.633936608821,10010.751383933593
Fe3Co7,3.524039426375544,3.837020391369558,3342.2538049277987,6871.007006023169
Co7Pt3,4.900790135977644,4.699629635034181,79577.47154590007,50076.00049290803
YCo14B5,0.4623979978989561,2.973570249082974,2.9000000000000004,940.9580219135216
La3.5Co71.5B25,0.568201724066995,3.3729219142693148,3.6999999999999997,2360.053859613728
Y3.5Co71.5B25,0.17609125905568124,2.771059495657109,1.5,590.2819396068409
Fe4Co36(SiB)5,3.9007901359776436,2.333177351647937,7957.74715459,215.36610398318808
Mn0.5Nb1Fe4.5Co73Si4.2B16.8,1.3779113906973062,2.0294051254780663,23.873241463770007,107.00525972599735
Co73Si27,2.9614879763312554,3.9100541861249236,915.1409227778502,8129.319378618026
Tb13Co37,5.419304075855531,5.323681911800737,262605.65610147,210708.43030981038
Co3B,1.14921911265538,3.299447490313428,14.1,1992.7255550942168
FeCo3,2.6789413863612874,3.783375434678482,477.4648292754002,6072.610618968335
Co15Si3B2,3.6167934796124426,2.8192200424250853,4138.028520386798,659.5079611367948
Zr9Fe3Co38,5.207643884670652,4.988532826976739,161303.5348235393,97394.13997647415
Fe23Co77,3.9421828211358685,3.6699959852889736,8753.521870048997,4677.308174635533
Zr18Cr3Co77B2,5.745888175991901,5.367112476452526,557042.3008213006,232869.42801950776
Ta5Cr17Co78,5.24321281679985,4.9764837171620755,175070.43740097995,94729.16673920411
Dy11Co39,5.641152825471887,4.959772378810308,437676.09350244974,91153.29640687648
Co39Ir11,3.825069422039525,4.690118725883127,6684.507609855598,48991.273166610474
Zr9Fe2Co39,5.233228595893249,5.035829193713977,171091.563823685,108599.84207704167
Zr13V5Co79Si2B,5.688958507118811,4.951012836567634,488605.6752918261,89333.18878121077
Co7Cu5,4.678941386361287,4.0442609872561,47746.482927539975,11072.890042723498
HfCo7,5.201820131641625,5.216535428222576,159154.94309180017,164640.0268417121
Co4B,0.9007901359776436,3.0139504956223018,7.95774715459,1032.6436900199924
DyCo4,5.641152825471887,4.946384241805689,437676.09350244974,88386.15506094966
Co4Ni,4.201820131641625,4.161778379706567,15915.494309180018,14513.707946703063
Co4Pt,5.561655613981513,4.832984788949876,364464.81968022196,68074.55153433714
Zr7Co40BMo2,5.616793479612443,5.336314037723312,413802.8520386798,216927.21354325116
Zr15Co80B2Mo3,5.678941386361287,5.581331667018509,477464.8292753997,381356.9512882886
Zr15Nb3(Co40B)2,5.60836031207558,5.356185740458745,405845.10488408984,227083.58425966956
Zr4Co20B,5.252972654089006,5.41925295171233,179049.31097827488,262574.74458969705
Zr8Co40BMo,5.73329904868388,5.60377450888146,541126.8065121197,401582.25019065675
Zr8Co40BW,5.720334071519512,4.89283400070091,525211.3122029401,78132.91020274427
Zr17Co80B2Mo,5.616793479612443,5.68575603880859,413802.8520386798,485015.9700722532
Zr9FeCo40,5.289424105329433,5.077727045729393,194726.07287281723,119598.86156776523
Nb7(Co27B4)3,1.7075701760979363,2.882953746656776,50.999999999999986,763.7544376733719
Cr9Co41,4.01473348828448,4.374058908870203,10345.071300966993,23662.406389554606
Zr12V3Co82B3,3.8550326454169683,4.906562009381866,7161.972439130997,80642.13354879888
Zr90Al210Co17,2.4771212547196626,3.8600373307329887,300.0000000000001,7244.982332303133
Ta4Cr10.5Co85.5,5.377911390697306,4.7954042816301445,238732.4146376998,62431.57361203261
Dy3Co17,3.5997601403136623,5.298411404064381,3978.8735772949994,198797.7222309733
Fe3Co17,4.046918171655881,3.8499557989756066,11140.84601642599,7078.737357216536
Hf10.5Cr1Co86.5B2,5.204119982655925,5.111612166135899,160000.0000000001,129304.06139638288
Hf10.5Nb1Co86.5B2,5.133538908370218,5.174767216879483,136000.00000000012,149543.3884274266
Hf10.5Ti1Co86.5B2,5.158362492095249,5.226552408498954,143999.99999999988,168481.57296931028
Hf10.5Zr1Co86.5B2,5.334453751150931,5.0155099257584,215999.99999999988,103635.82900289084
Hf11.5Co86.5B2,5.283301228703549,5.169724534605983,191999.99999999985,147817.051305768
Co43Ni7,4.870206048331625,4.563981474995168,74166.20348077887,36642.19444398797
Cr13Co87,4.502850127305606,4.141096492150092,31830.988618359974,13838.738158201362
Tb3Co22,4.900790135977644,5.00874943932409,79577.47154590007,102035.06355422837
Co2Cu,4.60836031207558,3.993667068527773,40584.51048840899,9855.236905088002
FeCo9,3.3979400086720375,3.601418330599617,2499.999999999999,3994.0944500242435
NbCo9,2.7758513993693437,3.7296120307874494,596.83103659425,5365.522628374612
Co9Pt,4.900790135977644,4.610721539801482,79577.47154590007,40805.76647159258
Zr3Nb6Co91,0.9007901359776436,3.5497367261373833,7.95774715459,3545.9836282383194
Co23Pd2,4.301029995663981,3.9570723850758025,20000.000000000004,9058.835744649152
Zr7Co93,2.7458881759919005,3.567449415847511,557.0423008213,3693.5962094376164
Co97W3,5.027894934342451,4.084429176381495,106633.81187150601,12145.885323699253
FeCo9,3.377911390697306,3.601418330599617,2387.3241463770005,3994.0944500242435
Co,4.830209061691937,3.51422288622791,67640.85081401508,3267.5548480243165
Co,4.2987301446496815,3.51422288622791,19894.36788647501,3267.5548480243165
Co,4.5028501273056065,3.51422288622791,31830.98861836004,3267.5548480243165
Co,4.713703492620499,3.51422288622791,51725.356504834956,3267.5548480243165
Co,4.745888175991901,3.51422288622791,55704.23008213006,3267.5548480243165
Co,4.554002649752987,3.51422288622791,35809.86219565498,3267.5548480243165
Co,4.502850127305606,3.51422288622791,31830.988618359974,3267.5548480243165
Fe9Co2H2CNO2,3.9503957485726167,3.7975803714260135,8920.634560295388,6274.518027555169
FeCoPt,5.15606264108095,5.104712352647832,143239.44878261996,127265.98778019805
MZCoS,4.803880122969587,4.211381188923816,63661.977236719955,16269.761586347793
AlCo,2.347948167319863,3.7450052468876494,222.81692032852007,5559.10973415606
Fe2CoO4,4.88979475167618,5.019690347635348,77588.03475725245,104638.22105352614
Al0.1Cr0.1Fe1.8Co1O4,2.9942118211398787,4.513921715384152,986.7606471691602,32652.896773843542
Al0.2Cr0.2Fe1.6Co1O4,2.7001306854312253,3.843573415351749,501.33807073916995,6975.469037979549
Al0.3Cr0.3Fe1.4Co1O4,2.6411528254718877,3.495339538733237,437.6760935024502,3128.52434420905
Al0.4Cr0.4Fe1.2Co1O4,2.53425859155723,3.369923922941793,342.18312764737004,2343.818203580788
Al0.5Cr0.5Fe1Co1O4,2.1312390573559177,3.1244535242070315,135.28170162803002,1331.8445080550969
Al0.6Cr0.6Fe0.8Co1O4,1.9007901359776436,3.321297734368939,79.57747154589998,2095.5485851240305
Al0.6Fe1.4Co1O4,5.523107796811488,4.015296304574472,333509.18324886716,10358.486504761433
AlFeCoO4,4.8281604990166676,3.846357957866913,67322.54092783146,7020.33696165315
Al2CoO4,4.091989555679162,4.221128176295287,12359.177105793733,16639.036571549917
AlCoO,3.0469181716558817,3.741268323847308,1114.0846016426,5511.48111751353
ZrAlCo,3.9007901359776436,3.614174053597596,7957.74715459,4113.145319255007
Mn0.1Cd0.4Fe1.5Co1O4,4.340122829807906,3.9436887132688847,21883.804675122487,8783.926907168712
Mn0.2Cd0.4Fe1.4Co1O4,4.179543736930473,3.888814327044055,15119.71959372101,7741.307646369774
Mn0.3Cd0.4Fe1.3Co1O4,3.7458881759919005,3.8255442215103015,5570.423008213001,6691.819552200639
Mn0.4Cd0.4Fe1.2Co1O4,3.7458881759919005,3.7597486880104345,5570.423008213001,5751.07045422447
Mn0.5Cd0.4Fe1.1Co1O4,3.5997601403136623,3.723174915068979,3978.8735772949994,5286.581295759265
Mn0.6Cd0.4Fe1Co1O4,3.6789413863612874,3.680189438788995,4774.648292754002,4788.389157985062
Ce0.01Dy0.01Fe1.98Co1O4,4.289956220342176,4.619437780097323,19496.480528745484,41633.007055013
Ce0.02Dy0.02Fe1.96Co1O4,4.5301997350803624,4.653233005639761,33900.002878553394,45002.12334186282
Ce0.03Dy0.03Fe1.94Co1O4,4.309030101289493,4.679815123174654,20371.8327157504,47842.63854279112
Ce0.04Dy0.04Fe1.92Co1O4,4.875762130275713,4.714232535363624,75121.13313932963,51788.4049659939
Ce0.05Dy0.05Fe1.9Co1O4,4.890239953644335,4.696924652813947,77667.61222879837,49765.0738416337
Fe0.05O1.95,4.223009430711563,3.950015346682765,16711.26902463899,8912.824328628983
CoH4CS(NCl)2,5.678941386361287,5.228563207266078,477464.8292753997,169263.45727302643
CrCo,4.502850127305606,4.107786327538856,31830.988618359974,12816.99832438119
Fe2CoO4,5.368546187221677,5.019690347635348,233639.45645876246,104638.22105352614
Cr0.25Fe1.75Co1O4,5.017065723558188,4.669648559381696,104007.75531049135,46735.6792858577
Cr0.2Fe1.8Co1O4,4.888009365885648,4.619622701286945,77269.72487106886,41650.738029762004
Cr0.4Fe1.6Co1O4,4.902956197734151,4.466198566356468,79975.35890362952,29254.896525875352
Cr0.5Fe1.5Co1O4,4.568243088867598,4.5961777761571385,37003.5242688435,39461.8804145579
Cr0.6Fe1.4Co1O4,4.87759847331571,4.414280529300454,75439.44302551323,25958.555943595136
Cr0.8Fe1.2Co1O4,4.527130503352686,4.611860626964275,33661.270463915724,40912.934157762465
CrFeCoO4,4.478281935814869,4.29114625219491,30080.28424435021,19549.977062932066
Mg0.2Cr1.8Co1O4,5.319422823331709,4.535788821131888,208652.1303933497,34339.09309449376
Cr12FeCoNi,2.0147334882844805,3.2551699930820135,103.45071300967003,1799.5751733668292
Cr16FeCoNi,2.0147334882844805,3.147887277631595,103.45071300967003,1405.682627851611
Cr16CoPt12,4.599760140313663,5.248902347947212,39788.73577295003,177379.05953980872
Cr2CoO4,5.181596064371311,4.847250953887011,151913.39318112325,70347.87024781648
Cr6FeCoNi,2.0147334882844805,3.4128132581604254,103.45071300967003,2587.1002513656485
Cr9FeCoNi,2.0147334882844805,3.246334640543497,103.45071300967003,1763.334239689376
CrFeCoGe,3.201820131641625,3.5667830735768336,1591.549430918,3687.9334339894863
CrFeCoO4,4.15606264108095,4.29114625219491,14323.944878261997,19549.977062932066
CrCoPt,5.425834943014489,5.106503224733722,266584.5296787649,127791.86983633904
CrCoPt,5.131239057355917,5.106503224733722,135281.7016280299,127791.86983633904
CrCoBPt,4.903089986991944,5.501976792621681,80000.00000000003,317670.43126821594
NbCrCoPt,4.900790135977644,5.18865763977029,79577.47154590007,154403.67745219494
CoCu3,4.900790135977644,3.9646829654239637,79577.47154590007,9218.981966123763
CeFeCoCu,5.745888175991901,4.3450572273010275,557042.3008213006,22133.8634992606
DyCo,5.201820131641625,5.100859943172796,159154.94309180017,126142.0669952228
Eu0.02Fe1.98Co1O4,4.598890681601033,4.689614535760272,39709.15830140408,48934.430207596655
FeCo,4.27185799824938,3.976231039266332,18700.705813286495,9467.406816958373
FeCo,5.201820131641625,3.976231039266332,159154.94309180017,9467.406816958373
Ti0.2Mn0.2Al0.2Cr0.2Fe1Co1Cu0.2O4,3.076881395033325,3.569818019707591,1193.6620731885,3713.7957912038273
Ti0.2Mn0.2Al0.2Cr0.2Fe1.2Co1O4,3.7203340715195123,3.3587412698547574,5252.1131220294,2284.2375675754265
Mg0.2Ti0.2Mn0.2Al0.2Cr0.2Fe1Co1O4,3.2625179719952366,3.721958675641136,1830.2818455557006,5271.796963841917
Ti0.2Mn0.2Al0.2Cr0.2Fe1Co1Ni0.2O4,3.347948167319863,3.5042003791398644,2228.1692032852006,3193.010738577569
Ti0.2Mn0.2Al0.2Zn0.2Cr0.2Fe1Co1O4,2.9421828211358685,3.4649634205775053,875.3521870048996,2917.181297544608
Al2FeCoO3,3.7458881759919005,3.491043848019447,5570.423008213001,3097.7320422142293
HfFeCoO2,3.377911390697306,3.5915194846710126,2387.3241463770005,3904.086978450943
VFeCoS,3.5820313733532307,3.0424123334636013,3819.718634203199,1102.585643821299
FeCoSiO2,3.1049101186335686,3.75795590918385,1273.2395447344004,5727.378820486281
Al1.5Fe0.5Co1O4,4.170559845100566,4.177018715273301,14810.163229407459,15032.067431480651
Al0.75Fe1.25Co1O4,4.572860272104236,4.220271996553684,37399.02430242663,16606.266243189
Al0.5Fe1.5Co1O4,4.990101659240416,4.097759127875773,97746.59984925986,12524.46339758401
Zr0.25Zn0.25Fe1.5Co1O4,4.5103845452028635,4.062602683851176,32388.03091918129,11550.550516650466
Cr0.4Fe1.6Co1O4,4.549150146958575,4.466198566356468,35411.97483792549,29254.896525875352
Al0.25Fe1.75Co1O4,4.805099861745186,4.014958067940158,63841.02654769833,10350.42226316986
Al0.3Fe1.7Co1O4,3.877140114980917,4.188055286730659,7535.98655539673,15418.967276130152
Cr0.3Fe1.7Co1O4,4.729450032512964,4.691942829997102,53635.21582193665,49197.476845220706
Gd0.3Fe1.7Co1O4,4.521966417752679,4.0239291568195945,33263.383106186186,10566.45132610775
Fe1.7Co1Mo0.3O4,4.90425066808715,4.599319087154717,80214.09131826722,39748.348339252654
Fe1.7Co1Ni0.3O4,3.494851037248062,4.742958723736351,3125.007307607495,55329.7520153262
Ho0.2Fe1.8Co1O4,2.644143050509919,3.7012551675129584,440.7000000000001,5026.37825078299
Nd0.1Gd0.1Fe1.8Co1O4,4.691075300010885,4.629006084296049,49099.29994382028,42560.43756430313
Nd0.08Gd0.1Fe1.82Co1O4,4.7229582153456615,4.624741083073083,52839.44110647765,42144.51720690943
Fe1.84Co1Mo0.16O4,4.936219874162192,4.524686626396217,86341.55662730148,33472.38255316708
Nd0.06Gd0.1Fe1.84Co1O4,4.768257623836695,4.6981552557427495,58648.59652932834,49906.286533756946
Fe1.85Co1Cu0.15O4,5.189553412150457,4.551954310657374,154722.47792669333,35641.363545655
Gd0.15Fe1.85Co1O4,4.7058830143203165,4.607403595834472,50802.25783490255,40495.20443922099
Ho0.15Fe1.85Co1O4,2.706179913992751,3.975494779263196,508.3699999999999,9451.37030699918
In0.15Fe1.85Co1O4,5.2048927276093,4.221342004305919,160284.94318775187,16647.230937948436
Sm0.15Fe1.85Co1O4,4.560516231215435,4.595921427328386,36350.9890021671,39438.59432120177
Nd0.04Gd0.1Fe1.86Co1O4,4.840808290985307,4.718183507880857,69311.97771647891,52261.697023795314
Dy0.12Fe1.88Co1O4,4.408646007673474,4.208783179086137,25623.94583777979,16172.724150619335
Gd0.12Fe1.88Co1O4,4.757096002410942,4.594454463901308,57160.49781141993,39305.603053036146
Fe1.88Co1Mo0.12O4,4.9871499666523915,4.7201382674491414,97084.51528599793,52497.45711485501
Nd0.02Gd0.1Fe1.88Co1O4,4.8631594716476645,4.694480192937707,72972.54140759027,49485.754121684404
Cr0.2Fe1.8Co1O4,4.839309861154136,4.619622701286945,69073.24530184122,41650.738029762004
Gd0.2Fe1.8Co1O4,4.478281935814869,4.309495279624986,30080.28424435021,20393.664934808905
Fe1.8Co1Mo0.2O4,3.3157634839484618,4.768059854267612,2069.014260193401,58621.89513756681
Nd0.2Fe1.8Co1O4,4.324036009914451,4.497466296412344,21088.02995966348,31438.824286054987
Sm0.2Fe1.8Co1O4,4.375734471443032,4.51212697007739,23753.875256451163,32518.235360968283
Zr0.1Zn0.1Fe1.8Co1O4,4.6931818254758975,4.4635976968206394,49338.032358458,29080.220606785555
Ho0.1Fe1.9Co1O4,2.77423220878466,4.472797512971502,594.6099999999999,29702.80834374539
Gd0.09Fe1.91Co1O4,4.448687853540741,4.642361945116022,28098.805202857293,43889.6325730987
Gd0.075Fe1.925Co1O4,4.678216958366955,4.6134376991617945,47666.90545599406,41061.77313118734
La0.075Fe1.925Co1O4,5.061558697838771,4.877306924474757,115228.17879846312,75388.81631440544
Yb0.075Fe1.925Co1O4,4.775851399369344,4.577053311008823,59683.10365942506,37761.85419400503
Fe1.92Co1Mo0.08O4,4.9496202225059935,4.842042923961942,89047.19065986207,69509.30144591155
Al0.05Fe1.95Co1O4,5.1259701441553265,4.376518096400076,133650.36346133897,23796.774564831518
Dy0.05Fe1.95Co1O4,4.890951328876123,4.756123097335928,77794.93618327192,57032.590373962
Er0.05Fe1.95Co1O4,5.931966114728173,4.338272412444926,855000.0000000003,21790.761754766263
Ho0.05Fe1.95Co1O4,2.79155030502733,4.977609278926264,618.8000000000002,94974.99490446119
La0.05Fe1.95Co1O4,5.111643501292537,4.847746277477764,129313.39126208762,70428.14950410729
Sm0.05Fe1.95Co1O4,4.335678256844959,4.634869035016029,21660.987754793965,43138.89684080579
Yb0.05Fe1.95Co1O4,4.641152825471887,4.69859408934997,43767.60935024497,49956.7399129973
Fe1.96Co1Mo0.04O4,5.06544035191194,4.738117592542547,116262.68592855985,54716.40967291815
Gd0.025Fe1.975Co1O4,4.949231939528048,4.681623715608028,88967.61318831626,48042.29167663469
La0.025Fe1.975Co1O4,5.143828184663938,4.770038202309464,139260.57520532512,58889.54547173083
Yb0.025Fe1.975Co1O4,4.641152825471887,4.775491790764281,43767.60935024497,59633.70474881418
Gd0.03Fe1.97Co1O4,4.9261779358680515,4.754271880752127,84368.03533296322,56790.00157814502
Fe1.9Co1Bi0.1O4,5.036876233361741,4.4973230517302,108861.98107479118,31428.456432055806
Cr0.1Fe1.9Co1O4,4.955403190534532,4.756630840411747,90240.85273305066,57099.30740196924
Gd0.1Fe1.9Co1O4,4.607507918314402,4.598358336008785,40504.93301686309,39660.51378533976
Gd0.1Fe1.9Co1O4,4.792884738668124,4.598358336008785,62070.427805801985,39660.51378533976
La0.1Fe1.9Co1O4,5.0203759109394275,4.774766295954716,104803.53002595031,59534.16899903134
Nd0.1Fe1.9Co1O4,4.5156873520107785,4.735653646948545,32785.91827691082,54406.85810727804
Fe1.9Co1Ni0.1O4,3.5906315451151483,4.65761181309799,3896.1130068872626,45458.15583366847
Sm0.1Fe1.9Co1O4,4.538579965339872,4.614296117078073,34560.495892384344,41143.015287314585
Tb0.1Fe1.9Co1O4,5.104910118633568,4.4081923596617125,127323.95447343994,25597.193982650188
Y0.1Fe1.9Co1O4,4.982857070262757,4.642887542040846,96129.5856274472,43942.78134996194
Yb0.1Fe1.9Co1O4,4.921979435047581,4.351357340049015,83556.34512319494,22457.28962774279
Fe2Co,4.9421828211358685,3.757181035251286,87535.21870048996,5717.169066684761
Fe2Co,2.9007901359776436,3.757181035251286,795.7747154589999,5717.169066684761
Fe2CoO4,3.9977001489857003,5.019690347635348,9947.183943237505,104638.22105352614
Fe2CoO4,4.1751789315280226,5.019690347635348,14968.522397783792,104638.22105352614
Fe2CoO4,3.544242812463831,5.019690347635348,3501.4087480195994,104638.22105352614
Fe2CoO4,3.1863474449854174,5.019690347635348,1535.8452008358702,104638.22105352614
O2,4.9421828211358685,5.127888936437991,87535.21870048996,134242.16153245472
Fe2CoO4,4.541271572948065,5.019690347635348,34775.355065558266,104638.22105352614
BaTiFe2CoO7,4.416663979689322,4.64814269935575,26101.410667055177,44477.7387263598
AGMFe2CoBHC3O4,4.450149030320109,4.736524437669847,28193.502393996907,54516.05709099456
Fe2CoO2,5.678941386361287,4.232919461062096,477464.8292753997,17096.982259869008
Fe5CoO8,6.179543736930473,4.55311477063697,1511971.9593721011,35736.72668207152
MnFe4CoO8,5.3039106571534615,4.434236973080062,201331.003011127,27179.21900240259
AFe2CoBPO4,5.7939968890374915,3.9613738278477966,622295.8274889379,9149.004218600867
AVFe2CoPO4,4.90618516786435,3.998135979931116,80572.18994022375,9957.171329227574
Fe2CoSiO6,4.502850127305606,4.070922978569925,31830.988618359974,11773.971455076258
O2,5.872992974356708,5.127888936437991,746436.6831005423,134242.16153245472
Fe2CoSe4,6.1524283564258555,5.043595574604089,1420457.8670943147,110559.37491461146
Fe3311Co,5.7458881759919,5.196992189494344,557042.3008212994,157395.45576559036
Fe3313Co,5.855032645416968,5.008493233013487,716197.2439130998,101974.88706404
Fe3321Co,5.979971382025268,5.125713812333704,954929.6585507995,133571.502839535
Fe339Co,5.7458881759919,5.1503435516019405,557042.3008212994,141365.53841278495
TaFe6Co,5.840309388596262,4.4797000443396096,692324.0024493302,30178.6664011995
AlFeCoN,2.1156339840253415,3.2690370628106304,130.507053335276,1857.9630074006318
AlFeCoO,1.2018201316416248,3.3959871144656324,15.915494309180001,2488.7834748832943
AlFeCoO4,4.323265067908915,3.846357957866913,21050.628548036933,7020.33696165315
AlFeCoSi,3.0681074707258196,3.4309892289868933,1169.7888317247296,2697.6725261689476
FeCoB,3.8418043796832135,3.6067151523253997,6947.113265957073,4043.1062303288727
Al2FeCoBO3,3.076881395033325,2.949885607378663,1193.6620731885,891.0162146697726
LiNbFeCoBO3,3.076881395033325,3.6567165164855155,1193.6620731885,4536.454052541855
MgFe2Co2B2O,3.72686493867847,3.0182670885052274,5331.690593575299,1042.9586455214028
FeCoBN,2.5997601403136623,3.4163934512378917,397.8873577294999,2608.515677550521
CrFeCoO4,5.01473348828448,4.29114625219491,103450.71300966993,19549.977062932066
FeCoCu,5.2810013776892495,3.390081711768132,190985.93171015996,2455.170808443409
MnFeCoSi,4.341699218042861,3.333228204996861,21963.3821466684,2153.913235734118
NbFeCoSiB,0.31806333496276157,1.8409627907915693,2.08,69.33663976631644
FeCoNi,2.9382166339182674,3.8432016905947677,867.3944398503102,6969.501093954311
FeCoCuNi,1.9007901359776436,3.851740093409448,79.57747154589998,7107.880102538983
FeCoP,1.9030899869919435,3.7232884254759506,79.99999999999999,5287.963216200666
FeCoSiB,0.5910646070264992,2.5026994810010517,3.9000000000000004,318.1994912919251
NbAlVFeCoO,1.9942118211398787,3.1891740974275047,98.676064716916,1545.874016262802
VFeCoSb,3.7458881759919005,3.6794035694387994,5570.423008213001,4779.73225395088
Zr0.5Zn0.5Fe1Co1O4,4.558801532634756,3.9190721412286953,36207.74955338448,8299.88626568636
ZrFeCo,0.9007901359776436,3.973976324019831,7.95774715459,9418.38249907833
ZrFeCoB,1.1139433523068367,3.4012558637815973,12.999999999999998,2519.160649434143
ZrFeCoO,1.3779113906973062,3.463392641679893,23.873241463770007,2906.6493420620227
Fe4CoO4,4.429706836255298,4.648303333311854,26897.185382514195,44494.19289949791
Gd0.03Fe1.97Co1O4,4.4322690530198985,4.754271880752127,27056.340325605983,56790.00157814502
Gd0.05Fe1.95Co1O4,4.502850127305606,4.628280575492348,31830.988618359974,42489.39776008926
Gd0.07Fe1.93Co1O4,4.4322690530198985,4.642281341594138,27056.340325605983,43881.48756817975
Gd0.1Fe1.9Co1O4,4.671642147619788,4.598358336008785,46950.708212081,39660.51378533976
Gd0.15Fe1.85Co1O4,4.671642147619788,4.607403595834472,46950.708212081,40495.20443922099
Co,-0.10237290870955856,3.51422288622791,0.7899999999999999,3267.5548480243165
CoGe3,-0.10237290870955856,3.1552529356794414,0.7899999999999999,1429.7263972037742
CoGe6,-0.10237290870955856,3.04579719108789,0.7899999999999999,1111.2126866894678
Hf0.04Fe1.96Co1O4,4.939847154011088,4.427893896395931,87065.71161836927,26785.13850252704
Hf0.08Fe1.92Co1O4,3.9546365628298963,4.683214686494127,9008.169778995882,48218.609966520395
Hf0.12Fe1.88Co1O4,3.9626194432723425,4.376210535268731,9175.282469242267,23779.92799589796
Ho0.025Fe1.975Co1O4,4.975570018309576,4.56447378159583,94530.07844937465,36683.75477509859
Ho0.05Fe1.95Co1O4,4.999848925045698,4.977609278926264,99965.21975595958,94974.99490446119
Ho0.075Fe1.925Co1O4,4.973554557028394,4.276818388022084,94092.40235587217,18915.52449440929
Ho0.1Fe1.9Co1O4,4.948998803001789,4.472797512971502,88919.86670538862,29702.80834374539
H2O2,6.0768813950333245,4.323486620266139,1193662.073188499,21061.370121737644
L222Co,5.480573732594454,4.3355024255415415,302394.3918744202,21652.219720730747
La0.08Fe1.92Co1O4,5.079767083270813,4.832241215738465,120161.98203430894,67958.09805217803
La0.2Fe1.8Co1O4,3.7137034926204993,4.608711503548326,5172.535650483501,40617.34235471632
La0.3Fe1.7Co1Si1O6,4.315763483948461,4.336506533671286,20690.14260193399,21702.338530459292
La0.5Fe1.5Co1O4,4.57748374560251,4.098955283504061,37799.29898430251,12559.006450649516
La0.6Fe1.4Co1Si1O6,4.15606264108095,4.30864304530727,14323.944878261997,20353.684828995792
La0.9Fe1.1Co1Si1O6,4.01473348828448,4.319202152714982,10345.071300966993,20854.613849022
La1.2Fe0.8Co1Si1O6,3.9007901359776436,4.220443187426059,7957.74715459,16612.81341727236
La1.5Fe0.5Co1Si1O6,3.7458881759919005,4.282304792905912,5570.423008213001,19155.99843571359
Mn0.2Fe1.8Co1O4,4.803880122969587,4.3406799289968845,63661.977236719955,21911.894538318527
Mn0.3Fe1.7Co1O4,3.9342138914645934,3.700778514488452,8594.366926957202,5020.864655241337
Nb0.02Fe1.98Co1O4,4.663093499265412,4.723218246616252,46035.56728930316,52871.08788474976
Nb0.04Fe1.96Co1O4,4.746508153944302,4.725008986852529,55783.807553675884,53089.5429932563
Nb0.06Fe1.94Co1O4,4.687541558123205,4.688916101303677,48701.41258609082,48855.79686981017
Nb0.08Fe1.92Co1O4,4.6283313930062,4.67968596255555,42494.369805510614,47828.412099035726
Nb0.1Fe1.9Co1O4,4.639570694462013,4.643212334501659,43608.454407153244,43975.656790168265
Nb2CoO6,6.62012142296137,5.668374426070053,4169859.509005158,465987.6706744332
ZrNbCo,1.5997601403136623,3.5552605384398577,39.78873577294999,3591.373207946368
CoNi,4.1113761608828,3.284433421739632,12923.381379054166,1925.0119140682627
CoNi3,3.0469181716558817,4.106721534729665,1114.0846016426,12785.612406205586
CrCoNi,5.2987301446496815,3.9433563922837873,198943.67886475014,8777.208040565889
FeCoNi,3.478281935814869,3.8432016905947677,3008.0284244350214,6969.501093954311
FeCoNiB,1.9871499666523917,2.197186245689876,97.08451528599798,157.465800634184
FeCoNiBP,2.0621581382126184,2.0243908830183432,115.38733374155497,105.77691169149
MnCoNiP,4.776430072981812,3.390850115896627,59762.681130970916,2459.518626368992
CoNiO,4.979971382025268,4.0656982928260765,95492.96585507996,11633.175844080673
CoNiP,4.244848208428945,2.7042458750896023,17573.093041481094,506.11111486347824
CoCuNiP,4.678941386361287,3.169822169712212,47746.482927539975,1478.5028625692757
CoReNiP,5.4386092310509175,4.497207972989534,274542.27683335484,31420.12966715316
CoP,2.9007901359776436,3.5761313818009532,795.7747154589999,3768.1777581866604
MultilayerCoP,0.47712125471966244,4.936942218852409,3.0,86485.2845901265
CoPd,5.850180142622556,4.335394181321627,708239.4967585099,21646.82376089733
CaCoPdF2,2.778151250383644,4.446392411762538,600.0000000000002,27950.682165611895
CoPt,5.2810013776892495,4.942922436328358,190985.93171015996,87684.42054542105
MultilayersCoPt,5.830209061691936,5.456053476918304,676408.5081401494,285794.24348938256
CoPt,4.289015708501342,4.942922436328358,19454.304468826173,87684.42054542105
CoPt,4.979971382025268,4.942922436328358,95492.96585507996,87684.42054542105
CoAgPt,6.0768813950333245,5.122302841754274,1193662.073188499,132526.53456468476
CoHPtSO,5.201820131641625,5.035439848009784,159154.94309180017,108502.5257719159
Co1Pt0.5,5.033849778731553,4.72448895828733,108105.99509510511,53026.01108686605
Co1Pt1.5,5.377911390697306,4.900337328343299,238732.4146376998,79494.54507548288
CoPt2,4.779886015477716,4.5914167058523,60240.145960246286,39031.6315835174
Co1Pt2.3,4.851398360761874,4.855268669620912,71022.89335471572,71658.65784163654
Co1Pt2.4,4.745888175991901,4.516841062199901,55704.23008213006,32873.130378433634
CoPt3,4.892016211670138,4.357270843942998,77985.92211498195,22765.167178392894
CoPt,5.745888175991901,4.942922436328358,557042.3008213006,87684.42054542105
CoPtC,5.201820131641625,5.796333697994243,159154.94309180017,625653.240079183
CrCoSiPtO2,5.5352674061383755,5.311795786651246,342978.90236282925,205019.7910917684
CoPPt,4.9421828211358685,5.703637497951539,87535.21870048996,505402.6304565851
CoPPtW,5.33645973384853,5.293023644612043,217000.00000000023,196346.71724051156
CoPtO,5.979971382025268,5.171755741742193,954929.6585507995,148510.01492777248
TiCoPtO2,4.979971382025268,4.525448772822603,95492.96585507996,33531.17504420731
MnCoGeRh,3.377911390697306,4.107280215660126,2387.3241463770005,12802.070534431808
CoSi,5.201820131641625,3.803690856885681,159154.94309180017,6363.423931115946
SmCo,5.531478917042255,5.264409630236444,340000.0000000002,183827.13990683694
SmCrCo,5.524039426375544,5.885775961182506,334225.38049277983,768733.7724881311
ZrTaCo,3.298730144649681,2.7719381517436994,1989.4367886474993,591.47739536513
TbCo,5.377911390697306,5.472421370647323,238732.4146376998,296770.9388734635
Tb0.1Fe1.9Co1O4,4.20051528995328,4.4081923596617125,15867.747826252451,25597.193982650188
Ti0.5Fe0.5Co1Sb1,2.9007901359776436,4.282990439897876,795.7747154589999,19186.26505578709
Ti0.7Fe0.3Co1Sb1,4.678941386361287,3.9242241645137876,47746.482927539975,8398.93392239428
Ti0.8Fe0.2Co1Sb1,4.599760140313663,4.174799575906691,39788.73577295003,14955.453123273379
V0.1Fe1.9Co1O4,5.062457548415379,4.661911057888775,115466.9112131008,45910.398019183114
V0.3Fe1.7Co1O4,4.994211821139879,4.529152953060729,98676.06471691601,33818.39193629399
V0.5Fe1.5Co1O4,4.990342018864098,4.383962810482441,97800.71252991115,24208.2173798351
V0.7Fe1.3Co1O4,4.948454330579204,4.519442196126132,88808.45824522446,33070.609269846835
V0.9Fe1.1Co1O4,4.896863790462919,4.376816491219201,78861.27430198688,23813.13045816079
V2CoO4,5.330542415980052,5.097712880839291,214063.39845847103,125231.29766831099
Y0.02Fe1.98Co1O4,5.061858521448818,4.735979083393633,115307.75627000912,54447.64289923131
Y0.04Fe1.96Co1O4,4.8266177106023855,4.774755933412911,67083.80851319364,59532.74849294449
Y0.06Fe1.94Co1O4,4.704247251626057,4.750268745582714,50611.271903192384,56268.94150749945
Zr0.05Fe1.95Co1O4,5.031766827583261,4.693255910072924,107588.74153005681,49346.44945832354
Zr0.15Fe1.85Co1O4,4.983485766758305,4.757085605058018,96268.84620265245,57159.12936033506
Zr0.1Fe1.9Co1O4,5.026024092470249,4.763689502732279,106175.44563540156,58034.93504963457
Zr0.25Fe1.75Co1O4,4.981434658010097,4.578784881163304,95815.25461484081,37912.71456246936
Zr0.2Fe1.8Co1O4,4.981088252961175,4.5946829317719775,95738.8602421568,39326.28586223756
Zr0.3Fe1.7Co1O4,4.980875221023513,4.55383014123678,95691.90953394485,35795.64078665252
ZrNbCo,2.502850127305606,3.5552605384398577,318.30988618360004,3591.373207946368
Fe2CoO4,4.739639226714899,5.019690347635348,54908.45536667098,104638.22105352614
Co49O,3.201820131641625,3.4023063592874334,1591.549430918,2525.2615100773332
Co49O,3.9030899869919438,3.4023063592874334,8000.000000000004,2525.2615100773332
MultilayerCoNi,4.5028501273056065,3.788671560549347,31830.98861836004,6147.118150559557
CrCoPt,5.181843587944773,5.106503224733722,152000.0,127791.86983633904
CoMoC,1.1172712956557642,4.24066191538426,13.099999999999998,17404.51459081919
CoNiP,5.27415784926368,2.7042458750896023,187999.99999999988,506.11111486347824
CoO,5.104910118633568,4.006017456398873,127323.95447343994,10139.521405655409
CoPt,5.572887993913361,4.942922436328358,374014.11626573006,87684.42054542105
CoPt,5.502427119984433,4.942922436328358,318000.00000000023,87684.42054542105
CoPtAu,5.24321281679985,5.26642713665136,175070.43740097995,184683.0918593634
Ta2CoPtO5,5.377911390697306,4.292575875971914,238732.4146376998,19614.438311237667
Fe2CoO3,5.393550525004481,4.047863380548123,247485.93650774896,11165.119625268157
CrRu6,4.900790135977644,3.6326269822063866,79577.47154590007,4291.676540826864
MnCr,3.201820131641625,4.1064469054213255,1591.549430918,12777.529885997188
BiTe,4.201820131641625,4.784797507126644,15915.494309180018,60925.27625964542
Fe2NiO4,3.7069701099615306,3.839779382641421,5092.958178937598,6914.796167869958
Cr0.02Cu0.98S1,3.6931818254758975,3.7087528940422176,4933.8032358457995,5113.907803434968
Cr0.04Cu0.96S1,3.72686493867847,3.7231239795432227,5331.690593575299,5285.961303982117
Cr0.05Fe2Ni0.95O4,3.8550326454169683,3.9165439482829987,7161.972439130997,8251.709841521784
Cr0.05Sb1.95Te3,1.6989700043360187,4.662853345426111,49.99999999999999,46010.11782467829
Fe2CoO4,4.838809233453854,5.019690347635348,68993.66783029531,104638.22105352614
Cr0.1Fe2Ni0.9O4,3.8038801229695873,3.8890690365602802,6366.197723672001,7745.849180138089
Cr0.1Fe2Co0.9O4,4.804422652061882,4.680501147476499,63741.55470826595,47918.27189850571
Cr0.2Fe2Ni0.8O4,3.9007901359776436,3.9013328641831113,7957.74715459,7967.697991522939
Cr0.2Fe2Co0.8O4,4.692480784997762,4.7173569903670165,49258.454886912106,52162.33096511268
Cr0.5Ga1Fe0.5,4.201820131641625,3.8746798034471936,15915.494309180018,7493.415312370249
Ti0.5Cr0.5N1,3.076881395033325,4.627002137161435,1193.6620731885,42364.50508000382
V0.5Cr0.5I3,5.174947985241324,4.8043146290097365,149605.64650629205,63725.70209830706
Cr0.62Te1,4.34483493189572,4.892936004123435,22122.53708976022,78151.26355651786
Mn0.4Cr0.6O2,4.885317449321437,4.138196909287532,76792.26004179358,13746.651074336261
Mn0.3Cr0.7O2,3.6789413863612874,4.2783969380850255,4774.648292754002,18984.40272003327
Mn0.2Cr0.8O2,3.6789413863612874,4.148515146127543,4774.648292754002,14077.163219613163
Mn0.1Cr0.9O2,3.6789413863612874,4.196040655156613,4774.648292754002,15705.098159506788
Cr1.2Te2,4.641152825471887,4.800604695812828,43767.60935024497,63183.64783923303
Mn0.5Cr1.5Ge1C1,4.3479481673198626,4.563011445587884,22281.692032851985,36560.442678610474
Cr1.5P1Pt4.5,4.201820131641625,5.348431133554791,15915.494309180018,223064.84636127122
Cr,4.862211230044092,3.78739726081693,72813.38646449846,6129.107813231921
Cr,4.670905430764745,3.78739726081693,46871.13074053508,6129.107813231921
GCr2Ge2Te6HC,4.2810013776892495,4.7063411012105645,19098.593171015993,50855.8715163628
Cr4Ga17Pt,5.315763483948461,4.778580636154231,206901.42601933988,60059.35117180608
Cr4Te5,4.6427292137068426,5.0713583229030785,43926.764293336804,117857.79806057645
Cr,4.652069239960986,3.78739726081693,44881.69395188763,6129.107813231921
Cr5Te8,5.7458881759919,4.764897050387804,557042.3008212994,58196.52464157305
Cr,3.9007901359776436,3.78739726081693,7957.74715459,6129.107813231921
Cr,5.900790135977644,3.78739726081693,795774.7154590008,6129.107813231921
AlCrGe,4.131239057355917,4.439312962871188,13528.17016280299,27498.750642544284
Cr(FeO2)2,4.562962219394958,3.9811160759946924,36556.298878755566,9574.499393935197
TiMnCrFeNi,4.110840985852781,3.5018008374202685,12907.465884744992,3175.4175258258015
Gd0.025Er0.05Cr1Fe1.925O4,3.6856498242105653,3.3389911091425666,4848.973651177868,2182.6852275501333
CrO2,3.6789413863612874,4.459980928517041,4774.648292754002,28839.048573774948
CrCoGeRu,4.252972654089006,3.7533261529081954,17904.931097827488,5666.646915312614
CrSiTe3,6.0768813950333245,4.535453735068413,1193662.073188499,34312.60849906921
CrTe2,5.563547967659217,5.112219210678043,366056.3691111398,129484.92532964428
CsCuH2C2ClO4,3.671642147619788,4.992627343726189,4695.0708212081,98316.71147698232
CsFeCl3,6.775851399369344,4.49292642442376,5968310.365942507,31111.892133688445
Cu,4.900790135977644,3.7332855604203665,79577.47154590007,5411.100005246572
Co,4.388069952420713,3.51422288622791,24438.241511745902,3267.5548480243165
FeCu,3.291954687674771,3.7354823878104417,1958.6403071592372,5438.540760514976
MnFeCu,4.542264246481743,3.878181839566778,34854.93253710418,7554.08451790541
Cr2CoO4,5.392151829811916,4.847250953887011,246690.16179228996,70347.87024781648
Fe2CoO4,4.963169025954769,5.019690347635348,91869.0078008798,104638.22105352614
Zn(FeO2)2,1.6716355966021297,3.4827106101259,46.949999999999996,3038.859422671083
Fe2Co0.85Cu0.15O4,4.8228216453031045,4.669551150594226,66499.99999999999,46725.1980213292
Fe2.85Cu0.15O4,3.591064607026499,3.372136968729748,3899.999999999999,2355.7921415509268
Zn0.8Co0.1Cu0.1O1,4.231203909326834,3.970510614352335,17029.578910822587,9343.522039660731
Cr2Co0.9Cu0.1O4,5.262517971995236,5.145266550164337,183028.18455556987,139722.56513863005
Mg0.4Zn0.5Fe2Cu0.1O4,1.9007901359776436,2.938897035675502,79.57747154589998,868.754436988456
Zn0.4Fe2Cu0.1Ni0.5O4,3.591163442893703,3.4157885758294015,3900.8876551800195,2604.8851255149602
Mn0.75Fe2Cu0.25O4,5.393829724295295,3.6248366251665036,247645.09145084088,4215.378975931627
Sr0.75Fe2Cu0.25O4,4.644770001219486,4.543740822453462,44133.665719356104,34973.63896303165
Zn0.75Fe2Cu0.25O4,1.7136585162083564,3.12681152929847,51.72,1339.0954342968553
Cr2Co0.8Cu0.2O4,5.544242812463831,5.176061706823274,350140.87480195996,149989.79336779617
Fe2Co0.8Cu0.2O4,4.888273172198048,4.668305666288778,77316.675579281,46591.38989013276
Mg0.3Zn0.5Fe2Cu0.2O4,1.9007901359776436,2.8717209423291807,79.57747154589998,744.2535970806541
Fe2Cu0.2Ni0.8O4,4.131239057355917,3.6790227606141634,13528.17016280299,4775.543007874756
Mg0.6Zn0.2Fe2Cu0.2O4,4.0851976213899635,2.921699481372573,12167.395399368103,835.0250062580965
Mg0.45Zn0.2Fe2Cu0.2Ni0.15O4,4.09834634913118,3.1112664908630867,12541.409515633843,1292.0118319972712
Mg0.3Zn0.2Fe2Cu0.2Ni0.3O4,4.105994499925789,3.4262218527292747,12764.226435962371,2668.221336720593
Mg0.15Zn0.2Fe2Cu0.2Ni0.45O4,4.138585129251566,3.527608189410902,13758.9448302861,3369.8315295362127
Zn0.2Fe2Cu0.2Ni0.6O4,4.197455326239175,3.6842352098980573,15756.339366088208,4833.204931035679
Zn0.3Fe2Cu0.2Ni0.5O4,3.112711220286153,3.504919284507672,1296.3170114827105,3198.3006365582987
Zn0.8Fe2Cu0.2O4,3.7458881759919005,2.826159492596963,5570.423008213001,670.1306665538353
Fe2Co0.69Cu0.31O4,4.553883026643875,4.55372408946978,35800.000000000015,35786.90080111235
Fe2.69Cu0.31O4,3.568201724066995,3.5155713332332272,3700.0,3277.71609146002
Cr2Co0.7Cu0.3O4,5.6566649916501355,5.182026738900168,453591.58781163045,152064.11505864075
Fe2.7Cu0.3O4,3.377911390697306,3.5084015388593706,2387.3241463770005,3224.048295844458
Mg0.2Zn0.5Fe2Cu0.3O4,1.9007901359776436,2.801134957750867,79.57747154589998,632.6084049756068
Zn0.2Fe2Cu0.3Ni0.5O4,3.872562170278685,3.6198102396911125,7456.9661261516485,4166.872766587411
Fe2Co0.53Cu0.47O4,4.127104798364807,4.46217477597805,13399.999999999989,28985.09819344124
Fe2.53Cu0.47O4,3.230448921378274,3.638489643076833,1700.0000000000007,4350.00386749629
Fe2Co0.6Cu0.4O4,5.11430258047073,4.389417895843999,130107.57442811565,24514.20964439332
Mg0.1Zn0.5Fe2Cu0.4O4,1.9007901359776436,2.936835708124733,79.57747154589998,864.6407667361522
Mg0.4Cr1Fe1Co0.2Cu0.4O4,4.190824747340161,4.1065719960327565,15517.606951450492,12781.21075071545
Fe2Cu0.4Ni0.6O4,4.131239057355917,3.656908532625308,13528.17016280299,4538.46021431767
Zn0.1Fe2Cu0.4Ni0.5O4,3.0728089454022003,3.8363791892957595,1182.5212271720743,6860.869982908767
Zn0.6Fe2Cu0.4O4,3.4473327994557748,2.8110710479490977,2801.1269984156806,647.2484930245279
Zn0.5Fe2Cu0.5O4,1.745855195173729,3.2278951111063097,55.699999999999996,1690.032713079829
Cd0.125Fe2Co0.375Cu0.5O4,4.630618823704588,4.179326321616166,42718.77827527007,15112.152295418282
Fe2.5Cu0.5O4,3.4448581803279192,3.709449195207394,2785.2115041065,5122.113470683994
Zn0.5Fe2Cu0.5O4,1.9007901359776436,3.2278951111063097,79.57747154589998,1690.032713079829
Mg0.5Fe2Cu0.5O4,1.2507858266870344,3.341345818942944,17.815,2194.5517120436543
Mn0.5Fe2Cu0.5O4,4.143828184663938,3.938912088905057,13926.057520532511,8687.845497049588
Fe2Cu0.5Ni0.5O4,3.068166554391227,4.039341705097039,1169.9479866678225,10948.17435381732
Sr0.5Fe2Cu0.5O4,4.667054226629639,4.202547719999776,46457.327888496395,15942.180427471281
Zn0.4Fe2Cu0.5Ni0.1O4,3.843294242145724,3.0831609072285158,6970.9865074208365,1211.046746390226
Tb0.05Zn0.5Fe1.95Cu0.5O4,3.2301880153386864,3.2649051116925305,1698.9790175049654,1840.3698580688297
Zn0.5Fe2Cu0.5O4,3.1779407499414405,3.2278951111063097,1506.4015363638875,1690.032713079829
Fe2Co0.4Cu0.6O4,5.1325196136397055,4.443812566394545,135681.18053519045,27785.138528733085
Mg0.4Fe2Cu0.6O4,3.2167604814345614,2.9825488800778457,1647.25366100013,960.613929917802
Al1Fe1Co0.2Cu0.6Ni0.2O4,4.554002649752987,3.1402803639177064,35809.86219565498,1381.2756756218912
Fe2Cu0.6Ni0.4O4,3.909390307739561,4.153938880962147,8116.902097681799,14254.069794169043
Mn0.25Fe2Cu0.75O4,4.6275173450042155,3.70477486480666,42414.792333964666,5067.279559811932
Sr0.25Fe2Cu0.75O4,4.647579968130256,4.1400111727236855,44420.144616921425,13804.19777028198
Zn0.25Fe2Cu0.75O4,3.9125719665257503,3.3892289988575692,8176.585201341224,2450.354947345085
Sm0.1Zn0.25Fe1.9Cu0.75O4,3.909049550968919,3.3929301051241962,8110.53589995813,2471.3263804620997
Sm0.25Zn0.25Fe1.75Cu0.75O4,3.97270894634145,3.583545885736944,9390.937417131661,3833.0623679306655
Cd0.3Fe2Cu0.7O4,3.7723630715235226,3.518931494977423,5920.563883014964,3303.174331032904
Cr0.25Fe1.75Co0.3Cu0.7O4,4.792065488377514,4.390629865582863,61953.44892262956,24582.716098117213
Cr0.2Fe1.8Co0.3Cu0.7O4,4.83709774072603,4.523296247628803,68722.30865232377,33365.39323047204
Cr0.05Fe1.95Co0.3Cu0.7O4,5.076504843286338,4.543115703370477,119262.75660584023,34923.33447354937
Cr0.1Fe1.9Co0.3Cu0.7O4,4.996691415203521,4.577367346837597,99241.06476489187,37789.16944699421
Fe2Co0.3Cu0.7O4,5.2212064734338135,4.589967798218058,166420.3662439408,38901.629939987084
Mg0.3Fe2Cu0.7O4,3.2529726540890063,3.2650559428380626,1790.4931097827507,1841.0091323721217
Fe2Cu0.8Ni0.2O4,4.73329904868388,4.098942881660417,54112.68065121197,12558.647817010475
Zn0.2Cr0.02Fe1.98Cu0.8O4,4.126357849417115,3.7774285534067182,13376.9729668658,5990.023875078693
Zn0.2Cr0.04Fe1.96Cu0.8O4,4.094165216593343,3.836078754172521,12421.247533599531,6856.125429138853
Zn0.2Cr0.06Fe1.94Cu0.8O4,4.107589036359191,3.8733062933844606,12811.177144174446,7469.753894597189
Zn0.2Cr0.08Fe1.92Cu0.8O4,4.105127211605799,3.846162828681069,12738.761645067685,7017.183421841159
Zn0.2Cr0.1Fe1.9Cu0.8O4,4.101038549492998,3.8104979794270077,12619.395437748826,6463.949866131983
Zn0.2Fe2Cu0.8O4,4.007320989800025,3.450332706645177,10170.000863566022,2820.5428804183434
Gd0.08Fe1.92Co0.08Cu0.92O4,4.868978785350599,4.193423622774956,73956.9147306131,15610.744753713634
Gd0.06Fe1.94Co0.06Cu0.94O4,4.813623070700482,4.380207103299681,65106.30834527812,23999.77130399507
Mn0.02Fe0.02Co0.02Cu0.94O1,3.7587254006970725,3.690178426796912,5737.535698459388,4899.800828515143
Gd0.04Fe1.96Co0.04Cu0.96O4,4.6836352622790445,4.348515696902091,48265.328042019246,22310.828450621008
Mn0.01Fe0.01Co0.01Cu0.97O1,3.778737087606832,3.7602113546268265,6008.099101715453,5757.200502500886
Mn0.01Fe0.01Cu0.97Ni0.01O1,3.781603728258435,3.586646391196112,6047.8878374884,3860.525195481772
Mn0.005Fe0.005Co0.005Cu0.985O1,3.832248006666649,3.674397391931598,6795.916070019864,4724.951901965816
Gd0.02Fe1.98Co0.02Cu0.98O4,4.682911455890995,4.293590686883277,48184.954795757876,19660.324733475027
Gd0.1Fe1.9Co0.1Cu0.9O4,4.843373558095521,4.108452722452442,69722.59746965571,12836.68022025485
Fe2Co0.1Cu0.9O4,5.243038048686294,4.408371876362268,175000.0,25607.776833302294
Nd0.05Fe1.95Cu0.9Ni0.1O4,4.795549130349536,4.331088869990439,62452.399669222345,21433.291472248315
Nd0.04Fe1.96Cu0.9Ni0.1O4,4.807114401111016,4.4172712808216295,64137.85051656452,26137.935433302566
Nd0.03Fe1.97Cu0.9Ni0.1O4,4.857419519422411,4.548796179540614,72014.42865017761,35383.124417134284
Nd0.02Fe1.98Cu0.9Ni0.1O4,4.8614654071204235,4.694299431978382,72688.44983417148,49465.16157108356
Nd0.01Fe1.99Cu0.9Ni0.1O4,4.892844126799183,4.62720408880717,78134.73198677276,42384.20961553383
Fe2Cu0.9Ni0.1O4,4.850180142622556,4.117207120989502,70823.94967585099,13098.064387062504
Fe2CuO4,1.6860997719959159,4.311500041008756,48.53999999999999,20488.022434180046
Cu2Mo87.6H2O1,0.8450980400142568,3.5407546193616857,6.999999999999999,3473.3985556876733
Cu3BiSe2BrO8,5.8352885872212115,4.313315456754291,684366.2552947402,20573.844675368106
Cu3BiSe2ClO8,5.803880122969587,4.343381669936863,636619.7723671995,22048.63306376166
SmCu3Se2ClO8,5.377911390697306,4.529049381308054,238732.4146376998,33810.32779399851
Cu4H6ClO6F,4.599760140313663,4.388440144802791,39788.73577295003,24459.081536377464
FeCu,3.1049101186335686,3.7354823878104417,1273.2395447344004,5438.540760514976
Fe15Co210Cu7(Si2B3)15,3.8302090616919364,2.069503940825273,6764.085081401501,117.35563313934972
Co19Cu80Ni,3.8038801229695873,4.349226568773992,6366.197723672001,22347.37767795546
Ca7(Gd3Cu28)3,2.9799713820252687,5.214131411744267,954.9296585508005,163731.18753157998
Cr0.8Fe1.2Cu1O4,3.1049101186335686,4.040617624952967,1273.2395447344004,10980.386443971536
Cr2CuO4,5.405940114297549,4.808902875582288,254647.9089468799,64402.522138828645
Cr2CuSe4,4.046918171655881,4.835340062941887,11140.84601642599,68444.73761367053
TiCrFeCuNi,2.566371126995597,3.7064976397358915,368.44369325751717,5087.4205477217865
CrCuO2,6.641152825471887,4.468308635490656,4376760.935024498,29397.38062521967
ZrCrCuS4,3.5997601403136623,4.478785057665869,3978.8735772949994,30115.15187117373
Cr0.5Fe1.5Cu1O4,3.9977001489857003,3.8861053858540044,9947.183943237505,7693.171000461038
Cr0.35Fe1.65Cu1O4,4.03112390447265,4.008826946476451,10742.958658696498,10205.327505192477
Cr0.15Fe1.85Cu1O4,4.220936422088697,4.032899067087754,16631.69155309309,10786.959970061222
Ga0.15Fe1.85Cu1O4,3.201820131641625,3.3170559815778393,1591.549430918,2075.1809959152633
Cr0.2Fe1.8Cu1O4,4.073976404389918,4.075279623794754,11857.043260339111,11892.677000079348
Ga0.2Fe1.8Cu1O4,3.223009430711563,3.329472185278327,1671.1269024639007,2135.365320565574
Cr0.05Fe1.95Cu1O4,4.186347444985417,4.159216409387585,15358.452008358687,14428.341381608649
Cr0.1Fe1.9Cu1O4,4.1413393842602435,4.04018305749658,13846.480048986605,10969.404651102877
Fe2CuO4,4.502850127305606,4.311500041008756,31830.988618359974,20488.022434180046
FeCuNi,4.315763483948461,3.6338603002075933,20690.14260193399,4303.881449843252
L52Cu,5.104910118633568,4.556998286799651,127323.95447343994,36057.722061757224
CuNi54,4.315763483948461,3.866210985931623,20690.14260193399,7348.707912796791
CuNi58,4.315763483948461,3.9403391548698017,20690.14260193399,8716.440197699316
MicrowiresCoCuNi,3.201820131641625,4.187663792731945,1591.549430918,15405.074138045926
CuO,2.5702000032654264,3.916042152165315,371.706369590899,8242.181088730304
Tb0.025Fe1.975Cu1O4,1.497387231604104,3.2584112985289817,31.433101260630508,1813.0563345587052
Tb0.05Fe1.95Cu1O4,1.7364807074700692,2.530940311029263,54.510568008941505,339.5785980624264
Tb0.075Fe1.925Cu1O4,1.7364807074700692,2.5873427594382647,54.510568008941505,386.67203089818844
Tb0.125Fe1.875Cu1O4,1.648978162983844,2.637627400455118,44.563384065704,434.1375994004089
Tb0.15Fe1.85Cu1O4,1.60836031207558,2.3720948495778966,40.58451048840901,235.55636810023472
Tb0.1Fe1.9Cu1O4,1.5392793929322808,2.6367550852873283,34.61620012246648,433.26647449851777
MicrowireCoCuNi,4.803880122969587,3.7352394871335397,63661.977236719955,5435.499837980564
H2,6.177247836255623,4.560240304705708,1503999.9999999998,36327.90094487537
Mn3.4Ge1H19,3.2432128167998497,4.247652917185556,1750.7043740097995,17686.948741191034
Fe3H3Rh,4.0768813950333245,3.6291973416576484,11936.62073188499,4257.918472774007
H2,4.288962411025433,4.560240304705708,19451.917144679814,36327.90094487537
HC,6.174931593528442,4.6569082900444325,1495999.9999999993,45384.57679301937
EMBHC,4.000332664672976,4.206887697706368,10007.662821612386,16102.291992753675
HIF,6.237249869826173,4.217630004195382,1726831.13254603,16505.550139591236
MCePH,5.775851399369344,5.413127242192956,596831.0365942506,258897.13363399054
MCe40PH,5.811414540866845,5.697022035674744,647760.6183836258,497762.3403096534
MCe45PH,5.76052870217479,5.655389042986096,576140.8939923156,452260.9003531674
MCe50PH,5.725566598453189,5.6035613779369635,531577.5099266116,401385.2211938899
MCe60PH,5.552068149975788,5.583501065870331,356507.0725256319,383266.68103386654
GMB(PH)2,6.00253720992401,5.720866590859962,1005859.2403401764,525855.7061206176
M1Ce0.4P1H1,5.697364469188074,4.677275259138538,498154.97187733435,47563.65925104986
MPH11,5.946504194918512,5.090762749900066,884105.7088749496,123243.13861506416
H2,6.384234784076179,4.560240304705708,2422338.233857198,36327.90094487537
H2,6.401438199349555,4.560240304705708,2520218.523858651,36327.90094487537
CeDyFeB,6.2382493972683,5.885058933001322,1730810.006123325,767465.6260387187
Ce20Dy,6.114277296561586,4.9608233080388,1301000.0000000002,91374.14117182468
DyFeB,6.706970109961531,5.946317191723554,5092958.178937598,883725.1030663968
Nd15Fe67(Co5B4)2,5.798417227268085,5.91742736442412,628662.0252126099,826851.2064739884
Dy11In9Co4,5.930173913662853,5.481440707024985,851478.9455411292,302998.65942036064
Dy4Fe19C2,6.72686493867847,5.300813131077085,5331690.5935753,199900.15509781183
Dy21(Fe4Co)1580,5.037510703134051,5.381023866241143,109021.13601788308,240449.49331136537
Dy21.3Fe6296Co1574,5.110305150520275,5.364928999707538,128915.50390435808,231701.58234901525
Dy22.3Fe6184Co1546,5.449793398003432,5.382738744019853,281704.24927248614,241400.8216825897
Dy26.9Fe5848Co1462,6.125582092470325,5.3004597012227475,1335309.9725402026,199737.54206542653
Dy27.3Fe5816Co1454,5.332153900136631,5.622120312436862,214859.17317393,418909.59941336396
BaDy2CuO5,5.979971382025268,5.711190576889998,954929.6585507995,514269.2734636859
Dy2InCu2,4.9421828211358685,5.666115008912662,87535.21870048996,463569.6649854774
EtDy2HBr2OF2,3.972672143283769,4.194475990434648,9390.1416424162,15648.618049081708
Dy2ScC80N,5.502850127305606,5.201759223685643,318309.8861835997,159132.62385232895
Dy3Al2,6.34841323373793,5.1372155156452655,2230556.5274315793,137156.2225621505
Dy3Ni2,4.60836031207558,5.337051568629042,40584.51048840899,217295.91832320148
Dy,1.9977001489857,5.313309078064728,99.47183943237499,205735.4249974762
Dy5Si3Ge,5.745888175991901,5.4412378156160255,557042.3008213006,276208.9936922771
Dy6Al0.8Co2.2,5.599760140313663,5.496885168194078,397887.35772950033,313967.842172925
Fe6Cu13,6.258724982978097,3.769392640334626,1814366.3512465185,5880.20734646957
NdDy85Al15FeB,6.261762019703579,6.045082679458863,1827098.7466938628,1109385.9961712472
NdDy95Al5FeB,6.287467419938482,5.927235967031825,1938507.2068581255,845738.238830812
Nd6Dy9Fe67(Co5B4)2,6.062158138212618,5.966617235497867,1153873.3374155497,926013.3237824183
DyB50,6.15606264108095,5.844538243814669,1432394.4878261995,699098.2963940742
DyC,6.01473348828448,5.215675227536115,1034507.1300966993,164314.24950213378
DyCo,6.179543736930473,5.100859943172796,1511971.9593721011,126142.0669952228
Dy1V1.5Co10Mo0.5,6.5135739926973795,6.204431196914399,3262676.3333819024,1601146.9666071762
Dy1V0.5Co10Mo1.5,6.572887993913361,6.201470476940312,3740141.1626573,1590268.5747125286
DyVCo10Mo,6.524039426375544,6.289819147325032,3342253.8049277985,1949032.797598592
Dy(VCo5)2,6.4322690530198985,5.795721325901011,2705634.0325605986,624771.6663746665
DyCo2,5.270747743323697,5.192603117009196,186529.5933035897,155812.7946095996
Dy1Mn0.2Co2,5.368102198958196,5.595702610319409,233400.72404412486,394187.28396297235
Dy1Mn0.4Co2,5.645630532763023,5.557555772161261,442212.00938056625,361040.37546758814
Dy1Mn0.6Co2,5.766781936103919,5.64907903637636,584496.5285046353,445737.3598592515
DyMnCo2,6.2265109939970555,5.533010130494855,1684655.0726267027,341200.87049198843
EuDyMnZn,4.893785234408985,5.567031182312533,78304.23200116557,369004.0920862676
DyF3,6.1390872038530375,4.4996402261493165,1377486.0324595291,31596.59082808431
DyFe2,5.01473348828448,4.696732999509381,103450.71300966993,49743.11745699269
DyAl7Fe3Co2,6.104910118633568,6.0693864284073324,1273239.5447343993,1173238.8307300985
Dy1Al7Fe4.5Co0.5,6.405940114297549,6.191892209688435,2546479.0894687986,1555579.4945127934
DyAl7Fe4Co,6.377911390697306,6.192699459710514,2387324.146376998,1558473.6352845107
DyAl7Fe5,6.377911390697306,5.751272696613249,2387324.146376998,563991.6790789993
DyFeO3,6.082633723922417,5.2834680513678745,1209577.5674976811,192073.7658556571
ADyFeC50O3,0.20182013164162482,5.452872923757099,1.591549430918,283708.8763847392
ADyFeC50O3,0.26251797199523647,5.452872923757099,1.8302818455557,283708.8763847392
DyFeH50SO3,0.1560626410809496,5.0082551786911775,1.4323944878261998,101919.00583217575
DyFeH50SO3,0.17954373693047254,5.0082551786911775,1.5119719593721,101919.00583217575
Dy(MnGe)6,5.700130685431225,5.510892070649512,501338.0707391699,324259.0236132979
Dy(MnSn)6,7.201820131641625,5.822110482320056,15915494.309180016,663911.9447620845
DyMnO3,6.0768813950333245,5.005290356071208,1193662.073188499,101225.5991622719
DyMnNi2,5.7641129960981,5.303675886404777,580915.5422850705,201222.19698458875
DyNi4B,2.9799713820252687,3.890252031739087,954.9296585508005,7766.97722604433
EF,2.093421685162235,3.7853193813435713,124.00000000000003,6099.8531719717785
E2R98UOF,2.92054071650248,3.98101564776517,832.8000000000003,9572.285599160617
Dy0.5Er0.5Fe1O3,5.201820131641625,4.7002309898679435,159154.94309180017,50145.38729019842
Er11In9Co4,4.745888175991901,5.217558379924387,55704.23008213006,165028.28252562738
BaEr2CuO5,5.855032645416968,5.801111327588363,716197.2439130998,632573.9853977403
Er2MnCoO6,4.745888175991901,5.129709979545106,55704.23008213006,134806.2350247343
Er2Al2Fe15,5.678941386361287,5.3863405531787105,477464.8292753997,243411.19763190512
Er2Ga2Fe15,5.855032645416968,4.925993773891083,716197.2439130998,84332.26676810782
Er2Fe15Ni2,5.855032645416968,5.215464678746265,716197.2439130998,164234.608192007
Er2Fe15Si2,5.900790135977644,5.459962785922059,795774.7154590008,288378.4385146953
Er2Mn2O7,4.201820131641625,4.8793532447186205,15915.494309180018,75744.87351722641
Er3Ga5O12,0.850033257689769,4.819303004150654,7.08,65963.39566237219
ErB50,5.803880122969587,5.924235155390817,636619.7723671995,839914.6480512932
Er1Co4.5B0.5,5.803880122969587,5.483607989465121,636619.7723671995,304514.5086236923
ErMnFeO5,5.745888175991901,4.088887610598829,557042.3008213006,12271.216279708802
Er(MnSn)6,7.046918171655881,6.876925358868848,11140846.016425991,7532260.974800873
ErMnO3,4.377911390697306,5.4556642128175055,23873.241463769984,285538.1969552167
ErN,4.201820131641625,5.219164033940947,15915.494309180018,165639.54693937357
ErNi,4.979971382025268,5.051367077482806,95492.96585507996,112555.59224396852
Er(Al3Ni)3,6.027894934342451,5.406308538386488,1066338.1187150602,254864.025506978
ErNi4B,4.6566649916501355,3.5213158878959523,45359.158781163045,3321.3595170959707
ErScSi,4.900790135977644,5.0249621286360355,79577.47154590007,105916.13601208405
Sr0.4Ca0.1La0.1Eu0.4Mn1O3,6.554002649752987,4.732957882147913,3580986.219565498,54070.18831675153
Ba0.5Eu0.5Ti1O3,3.777585112178344,4.460779558583356,5992.183607406269,28892.12988589179
Sr0.1La0.3Eu0.6Mn1O3,5.599760140313663,4.557462918262927,397887.35772950033,36096.319184176085
Eu0.75Y0.25Mn1O3,6.641152825471887,5.167589879718527,4376760.935024498,147092.27997641687
Nd0.5Eu1.5Ir2O7,3.377911390697306,4.648017318222539,2387.3241463770005,44464.89982418689
Eu1Er2Ga0.7Fe4.3O12,4.4126734969565184,3.862856770969399,25862.678252417525,7292.16976999388
Eu2CoIrO6,6.01473348828448,4.83747464157748,1034507.1300966993,68781.97493922188
Eu2ZnIrO6,5.065142991762081,5.052787753941026,116183.10845701412,112924.39018007179
Eu(CdSb)2,6.201820131641625,5.2388918388865555,1591549.4309180018,173337.2247344144
Eu(FeP)2,3.377911390697306,5.480416521137293,2387.3241463770005,302284.94710489275
Eu(InAs)2,5.201820131641625,5.587743964609887,159154.94309180017,387029.4070669651
EuSi3Pt,5.900790135977644,5.549629343885965,795774.7154590008,354510.69681596174
EuS,3.9007901359776436,5.404678356941272,7957.74715459,253909.15311468815
EuSe,5.262517971995236,4.74061196050443,183028.18455556987,55031.57728547363
Eu(SnP)2,6.5135739926973795,4.924363166871565,3262676.3333819024,84016.22555383829
EuTe,6.77931193147885,5.078939436511108,6016056.848870044,119933.20415316112
EuRu1222,4.377911390697306,4.63098055594661,23873.241463769984,42754.37439109415
GHF3,3.8452728081278122,3.210069299840101,7002.8174960392,1622.0689082640727
CN10F,4.798801874775145,4.71962537387855,62921.90675134308,52435.495205855645
CN20F,4.628981534567591,4.7356552185018375,42558.03178274735,54407.05498620531
CN40F,4.479314741252637,4.679128749879238,30151.9039687415,47767.0861803883
CN50F,4.593108180236922,4.724300691162174,39183.946989201155,53003.02923569847
E2MHINF,0.0,4.128785901673198,1.0,13451.970358503915
E2MHINF,0.11394335230683679,4.128785901673198,1.3,13451.970358503915
MCF,5.73584623769776,2.9502208789363373,544309.9053739558,891.7043370055145
MC2F,5.609211036112357,4.148516541284309,406640.87959954946,14077.20844211052
PF,2.8550326454169683,3.5276279306632454,716.1972439130997,3369.9847117877607
P100F,2.4918547430041427,2.8247139821784897,310.3521390290099,667.9039042906226
P2F,2.9799713820252687,3.6274323664561523,954.9296585508005,4240.64938291248
P20F,2.4805737325944537,3.0423708228118254,302.3943918744199,1102.4802617283958
P3F,3.347948167319863,3.575866760554348,2228.1692032852006,3765.8824580759974
P4F,4.181823503225371,3.187290177093346,15199.297065266903,1539.182713203422
P60F,2.457092636744931,2.859318756977391,286.47889756524,723.300486115027
SF,2.9007901359776436,3.7339409407443354,795.7747154589999,5419.271892746829
S2F,3.298730144649681,3.384041280583269,1989.4367886474993,2421.259181461111
S3F,3.502850127305606,3.714757621963351,3183.098861836,5185.105794549986
Z15F,4.018061431633408,4.457284261230481,10424.648772512892,28660.532902234023
Z30F,4.03112390447265,4.271912636873672,10742.958658696498,18703.058698619785
Z50F,4.062158138212618,4.145723815166711,11538.733374155496,13986.975532477927
FeC,4.377911390697306,4.109769329973477,23873.241463769984,12875.654959013415
FeC,3.298730144649681,4.109769329973477,1989.4367886474993,12875.654959013415
FeCo,4.547035899740011,3.976231039266332,35240.00000000003,9467.406816958373
FeN,3.235528446907549,4.12800935315029,1720.000000000001,13427.93879805378
Fe,3.201820131641625,2.9516388181683886,1591.549430918,894.6204432913529
Fe1Te1.5Se0.5Cl1O5,4.377911390697306,3.9658447631734934,23873.241463769984,9243.67703338555
Fe0.36P1,2.414973347970818,2.1198125055067574,260.0000000000001,131.76877409208015
Fe0.4P1,1.6334684555795866,2.5076641210041206,43.00000000000001,321.85786120548596
Fe0.7P1,2.3909351071033793,2.077084383755507,246.0000000000001,119.42201198209742
Fe0.8P1,1.3222192947339193,2.9188153544803175,21.0,829.4980214773097
Fe0.1P1,2.2764618041732443,2.8747058479789485,189.00000000000009,749.386470409229
Ni,2.3010299956639813,4.089064355962879,200.00000000000003,12276.21132817241
Ni,1.9030899869919435,4.089064355962879,79.99999999999999,12276.21132817241
Ti1Cr0.5Co6Si0.5,4.633468455579586,3.8476075888368992,42999.99999999996,7040.566240076058
Si,2.9342138914645934,3.765671854796438,859.4366926957202,5830.044300105294
Fe6.2,6.436337415154312,3.486744427828425,2731098.82345529,3067.216471848033
Fe9.5,6.3637867480057,3.45754408749714,2310929.7736929385,2867.768482935547
Ni,2.041392685158225,4.089064355962879,109.99999999999996,12276.21132817241
Ni,1.9030899869919435,4.089064355962879,79.99999999999999,12276.21132817241
Si,2.9342138914645934,3.765671854796438,859.4366926957202,5830.044300105294
CrFe3Co,3.921979435047582,3.874136224573365,8355.634512319502,7484.0421465407
Cr2Fe4Co0.5Si1,4.7711940412566705,3.213985087793883,59046.483887057766,1636.7603196400546
Cr2Fe5CoSi,1.4471580313422192,4.2125658902955685,27.999999999999996,16314.204063138322
Cr2Fe6CoSi,4.912191395902387,3.0505057708942225,81694.23228902089,1123.3258963015899
Fe3.5B1,5.625066005578432,2.5147809914595927,421760.5991932696,327.17566322958015
Fe5Co,2.2347702951609163,4.1199866338693845,171.6999999999999,13182.161676503809
Fe5Co,2.8662873390841948,4.1199866338693845,734.9999999999998,13182.161676503809
FeSi,2.473194909204938,3.7085308892806568,297.30000000000007,5111.294319261992
Cr,2.645422269349092,3.78739726081693,441.99999999999994,6129.107813231921
VFe9Co,1.6720978579357175,3.3233645986612963,47.00000000000001,2105.545344240771
Nb1V0.1Fe9Co1,1.6720978579357175,3.2825427795527746,47.00000000000001,1916.6498502716022
Ni,0.8325089127062363,4.089064355962879,6.799999999999999,12276.21132817241
Co,2.8662873390841948,3.51422288622791,734.9999999999998,3267.5548480243165
FeSi,2.859831528298737,3.7085308892806568,724.1549910676897,5111.294319261992
Fe0.5Si1,1.6334684555795866,2.6185559045645252,43.00000000000001,415.48553118170986
Fe0.5Si1,3.049084233412389,2.6185559045645252,1119.6550246508125,415.48553118170986
Ti1Fe0.5Si0.5,2.9977001489857003,3.5509462580857556,994.7183943237505,3555.873135766567
Fe0.5Co1,3.043492381715259,3.8413437825041843,1105.3310797725505,6939.749312008813
Ti1Fe0.5,3.04536434358726,3.6022840910439236,1110.1057280653054,4002.0645672827595
Ti1Fe0.5Si0.5,3.0725165896308746,3.5509462580857556,1181.7254524566144,3555.873135766567
Ti1Fe0.5,3.093914734332105,3.6022840910439236,1241.4085561160398,4002.0645672827595
Fe0.5Co1,3.0469181716558817,3.8413437825041843,1114.0846016426,6939.749312008813
Fe0.5Co1,3.0543001252784814,3.8413437825041843,1133.1831948136166,6939.749312008813
Fe0.5Co1,3.0728089454022003,3.8413437825041843,1182.5212271720743,6939.749312008813
NiMo,0.28100137768924965,3.8267343614733917,1.9098593171016,6710.182954743933
AlFeN,0.0,3.262588246340873,1.0,1830.5780322936644
FeBP,3.2312039093268345,1.8223758609352008,1702.9578910822604,66.431775667368
FeCo,3.832508912706236,3.976231039266332,6799.999999999997,9467.406816958373
MicroclustersFeCo,3.9708280025853986,4.473633808837653,9350.352906643247,29760.060436571945
AlFeCo,3.4805737325944537,3.3372757899883516,3023.9439187441994,2174.0813472885366
FeCoBO,5.24321281679985,3.0110263948810774,175070.43740097995,1025.7142636386734
TiMnFeCoB,3.419304075855531,2.891616760560903,2626.0565610147,779.142259672227
FeCoN,2.8038801229695873,3.4708290289722514,636.6197723672002,2956.8481991752756
FeCoNi,2.5997601403136623,3.8432016905947677,397.8873577294999,6969.501093954311
FeCoNi,4.364190346603297,3.8432016905947677,23130.783654246738,6969.501093954311
FeCoCuSiNiBMo,2.9799713820252687,2.3512575843121692,954.9296585508005,224.5213186889518
TaFeCoN,1.9007901359776436,3.1269009371427736,79.57747154589998,1339.371141140578
CrFe,5.223009430711563,3.928267502455202,167112.69024638992,8477.494222132214
CrFeN,4.814603988361361,3.3538661880300973,65253.52666763806,2258.73971491468
CrFeNi,5.502850127305606,3.4742848443473338,318309.8861835997,2980.470614648231
FeCu4,3.4471580313422194,3.6415747508549883,2800.0000000000014,4381.015108028548
FeCu4,3.57978359661681,3.6415747508549883,3799.9999999999995,4381.015108028548
NbFeCuSiB,4.361687978734191,1.6255231093734195,22997.88927676509,42.22047445162113
DyFeC,5.9977001489857,5.4225981890127875,994718.3943237505,264605.0868924405
HfFeCN,1.5997601403136623,2.7265042378356865,39.78873577294999,532.7264226299271
HfFeN,1.5997601403136623,2.790953926979739,39.78873577294999,617.9508400794931
MnFe,1.9030899869919435,4.121055420950226,79.99999999999999,13214.642574022906
MnFeBiP,4.727541257028556,5.211266535263936,53399.99999999997,162654.6693932912
CrFeNiMo,3.6910814921229687,2.8648293761397143,4910.000000000002,732.5366805478691
FeN,4.554002649752987,4.12800935315029,35809.86219565498,13427.93879805378
FeBN,1.0569048513364727,2.9034063837438024,11.400000000000004,800.5830367096505
TbNbFeB,6.7458881759919,5.14515885613002,5570423.008212995,139687.92177604316
TbNbFeB,6.670167462053782,5.14515885613002,4679155.32689892,139687.92177604316
NdFe,4.903089986991944,4.250819637017042,80000.00000000003,17816.386972436612
NdNbFeB,6.041392685158225,5.748421623674623,1100000.0000000007,560301.2916971835
FeNi,1.9007901359776436,3.841903607170777,79.57747154589998,6948.700721889765
FeSiNi,3.462397997898956,3.615251294736252,2900.0,4123.360390606353
FePt,5.795184589682424,5.858498943627721,623999.9999999995,721936.4069062474
MultilayerFePt,5.9421828211358685,5.809423307745986,875352.1870048996,644797.4447487514
FeSi,5.278753600952829,3.7085308892806568,189999.99999999997,5111.294319261992
AM2FeSiHS,2.7620029693751156,5.031407538682798,578.1000000000003,107499.77089613852
GlassMetallicFeSiB,3.7323937598229686,4.208488940247545,5400.000000000001,16161.77067983176
MicrowireFeSiB,2.629409599102719,4.5028947081658375,425.99999999999994,31834.256276020893
FeSiBPC,0.7708520116421442,1.807290652948931,5.900000000000001,64.16388517433147
NbFeCuSiB,1.8452728081278122,1.6255231093734195,70.02817496039201,42.22047445162113
FeCuSiBP,0.9542425094393249,2.347017294936834,9.0,222.339843142586
FeSiNi,2.2510381543118063,3.615251294736252,178.25353626281594,4123.360390606353
FeCoSiBPC,1.0,2.4136238128066956,10.0,259.1933249047309
FeSiBMoPC,1.0,1.888157051249555,10.0,77.2960055364629
FeSiO2,4.44485818032792,3.7670582181449577,27852.115041065026,5848.684818155077
SmFe,3.201820131641625,4.792475022307945,1591.549430918,62011.897756331375
SmFeO,1.8142475957319202,4.792193179612182,65.2,61971.66714968874
TiFe,2.3979400086720375,3.4533098257126893,249.99999999999994,2839.9443224044344
VFe,4.377911390697306,3.661658402035221,23873.241463769984,4588.369688008254
FeB,2.2432128167998497,3.866224647719333,175.07043740097996,7348.939087888245
Fe2O3,4.269262974418005,3.8462599993077484,18589.29735312223,7018.7536476351925
Ti2O3,5.248900204457882,5.222718488899692,177378.1840758112,167000.77589147212
Fe0.02Cu0.98S1,3.8038801229695873,3.770714454248291,6366.197723672001,5898.131544054097
Fe0.04Cu0.96S1,4.02464177694473,3.8195399730346127,10583.803715604708,6599.939781807801
Al0.1Cr0.15Fe0.18Co0.36Ni0.21,2.377911390697306,2.994965886030509,238.73241463770006,988.4754465470584
Zn0.8Fe0.1Co0.1O1,4.091121834147935,3.813891025199747,12334.508089614495,6514.649055326593
Fe0.2Ni0.8,4.046918171655881,3.1543158505868987,11140.84601642599,1426.6447764157906
Fe0.24Ni0.76,3.7641129960980995,3.458476186282848,5809.155422850699,2873.9300027741347
Nb7Fe0.25Co0.75B12,1.6720978579357175,2.7015450885595147,47.00000000000001,502.97348196998166
Ta1Fe0.25S2,6.648978162983844,5.7450875909614805,4456338.406570397,556016.3864845712
Ta1Fe0.25Se2,6.502850127305606,5.277259255122437,3183098.8618359976,189347.36036197256
Ti1Fe0.25S2,6.502850127305606,5.158506107649865,3183098.8618359976,144047.6268074157
Ta1Fe0.26S2,6.678941386361287,5.61322658688937,4774648.292753997,410418.17690796574
Ta1Fe0.29S2,4.502850127305606,6.312226603580879,31830.988618359974,2052232.701237471
Fe0.3Ni0.7,3.6489781629838443,3.3664069134540755,4456.338406570402,2324.9141110877067
Fe0.3Pd0.7,4.2987301446496815,3.3670390076541543,19894.36788647501,2328.3003725879075
Fe0.32Ni0.68,3.6411528254718877,3.3846692152572233,4376.760935024502,2424.7625468855395
Ti1Fe0.33S2,5.775851399369344,5.392920576144169,596831.0365942506,247127.2156974689
Fe0.35Co0.65,4.539279392932281,3.840921788658762,34616.2001224665,6933.0093940771685
Fe0.37Co0.63,4.900790135977644,3.6486331567874237,79577.47154590007,4452.799669828909
Fe0.4Ni0.6,3.513573992697379,3.5135118704421546,3262.676333381899,3262.209667732587
Fe0.45Ni0.55,3.502850127305606,4.273869838891779,3183.098861836,18787.53656742144
Er0.03Fe0.47Co0.5,5.110305150520275,4.163889890847543,128915.50390435808,14584.444456734189
Fe0.4Co0.6,3.5909862160061574,3.6269761302459216,3899.296105749101,4236.196823654338
Fe0.4Ge0.6,2.7458881759919005,3.9876721389715826,557.0423008213,9720.131468643738
Fe0.51Co0.49,4.900790135977644,3.89694440547639,79577.47154590007,7887.591412135259
Tb0.49Fe0.51,3.7458881759919005,6.13852448072574,5570.423008213001,1375702.3549927098
Fe0.52Pt0.48C1,5.468991860044639,5.615013954539763,294436.64471983025,412110.76062777865
Fe0.53Co0.47,4.900790135977644,4.27164430985711,79577.47154590007,18691.506661629126
Fe0.55Co0.45,5.900790135977644,4.1417189550703775,795774.7154590008,13858.587080671341
Nb1Fe0.55B1Pt0.45,5.769377326076139,5.114883662286011,588000.0000000007,130281.77361642415
Ti1Fe0.55B1Pt0.45,5.552668216112194,5.384796428643985,357000.00000000035,242547.2911512023
Fe0.56Pt0.44C1,5.468991860044639,5.540502193469027,294436.64471983025,347138.0291556386
Fe0.5Co0.5,3.8092751548562935,3.9720669945693396,6445.775195217902,9377.066470500991
Nb7Fe0.5Co0.5B12,1.3010299956639813,2.6959493897854667,20.000000000000004,496.5344547708815
Fe0.5Co0.5Si1,4.201820131641625,3.27604683816711,15915.494309180018,1888.194977801488
Mn1.5Al1Fe0.5Ni1,5.262517971995236,4.084526270439728,183028.18455556987,12148.601050427551
Zr0.08Ga0.36Fe0.64,4.148910993109356,3.3278177004134646,14089.999999999998,2127.2459251376185
Fe0.64Ni0.36,3.076881395033325,3.4316407425827733,1193.6620731885,2701.7225184759736
Fe0.67Pd0.33,4.457092636744931,3.466744154061761,28647.889756523997,2929.167143874979
Fe0.6Co0.4,3.781603728258435,4.033635656589311,6047.8878374884,10805.27082521725
Fe0.6Pt0.4,5.2755384819877476,5.059354005164588,188598.60756378304,114644.7060651115
Zn0.4Fe2.6O4,3.7137034926204993,3.538016301894558,5172.535650483501,3451.5669506677455
Zr0.08Ga0.26Fe0.74,2.414973347970818,3.5705375791337453,260.0000000000001,3719.954082170324
Fe0.75Co0.25B13,1.0334237554869496,1.424508883195157,10.799999999999999,26.577179107916873
Fe0.76Si0.24,2.9007901359776436,3.052815202785044,795.7747154589999,1129.3152759962682
Mn0.1Al0.1Fe0.77Co0.2Si0.03,2.1049101186335686,3.2369923772958806,127.32395447344007,1725.8076004790173
Fe0.78Pd0.22,3.5997601403136623,3.5686484282761257,3978.8735772949994,3703.8076833830382
Fe0.7Co0.3Si1B16,0.7323937598229685,0.6343829198554798,5.3999999999999995,4.309063755899462
Al1Fe0.7Co0.3B19,0.9421828211358686,1.8623501574298382,8.753521870049,72.83668261952951
Fe0.7Co0.3Cu1B19,1.2018201316416248,1.221494996339054,15.915494309180001,16.653096410507615
Fe0.7Co0.3B20,1.2018201316416248,1.4675191858742114,15.915494309180001,29.343991343599416
Cr0.3Fe0.7,4.377911390697306,3.7818921115752557,23873.241463769984,6051.905132718685
Fe0.8,0.3921518298119163,3.1847350577259297,2.4669016179229,1530.1537033632085
Fe0.82Si0.04B0.13C0.01,0.8450980400142568,1.4136442360109236,6.999999999999999,25.920551405955436
Fe0.82Co0.05Si0.04B0.13C0.01,0.9493900066449128,1.414180157298305,8.9,25.95255722319199
Fe0.82Co0.1Si0.04B0.13C0.01,1.4913616938342726,1.26908188656023,31.0,18.581547785834516
Fe0.82Co0.15Si0.04B0.13C0.01,1.6866362692622934,1.3182336663030478,48.6,20.808159409989788
Fe0.84Si0.16,2.076881395033325,3.419616299056823,119.36620731885002,2627.945165678588
Fe0.85Co0.15Si1B16,0.5797835966168101,0.6192966991816908,3.7999999999999994,4.16194847353007
Zr0.08Ga0.15Fe0.85,2.214843848047698,3.0925646279878265,164.00000000000003,1237.5553386269996
Fe0.88N0.12,4.088310856814107,3.9976252524895157,12254.9306180686,9945.468644014292
Ga0.11Fe0.89,3.076881395033325,3.969064058347155,1193.6620731885,9312.452238179869
Al0.2Fe0.8,3.1312390573559177,3.3216858155946594,1352.8170162803003,2097.421983379317
Al0.2Fe0.8,3.3401228298079064,3.3216858155946594,2188.3804675122506,2097.421983379317
Al0.2Fe0.8Si0.05,3.3157634839484618,3.1825167114068225,2069.014260193401,1522.3577112198539
Al0.2Fe0.8Si0.1,3.223009430711563,3.24976142073342,1671.1269024639007,1777.3027821911128
Al0.2Fe0.8Si0.15,3.201820131641625,3.1920293661456065,1591.549430918,1556.0708465227428
Al0.2Fe0.8Si0.2,3.1560626410809496,3.192065426764114,1432.3944878261996,1556.2000565614849
Fe0.8Co0.2B13,0.9493900066449128,1.3842654969111403,8.9,24.225095450485483
Fe0.8Co0.2Cu1B13,0.8450980400142568,2.2262839259836062,6.999999999999999,168.3774492025133
Fe0.8Co0.2Si1B14,0.3424226808222063,1.7098961490876459,2.2,51.27387603861444
Fe0.8Co0.2Si1B15,0.5563025007672873,0.66047053306283,3.6,4.575836867202837
Fe0.8Co0.2Si1B16,0.47712125471966244,0.6719332017093979,3.0,4.698218403384829
Ga0.2Fe0.8,5.076881395033325,2.9947320709179492,119366.20731885014,987.9434151643096
Nd0.053Fe0.947B25,6.223009430711563,5.46911098149093,1671126.902463899,294517.4160190267
Fe0.94Ni0.06,3.076881395033325,3.3702001555314998,1193.6620731885,2345.309461112933
Fe0.9Co0.1Si1B16,0.6532125137753437,0.5926133068971742,4.500000000000001,3.9139322781995194
Ga1Fe1.25Co1.75,2.5997601403136623,3.248642274911878,397.8873577294999,1772.72869610178
Fe1.35Si1,4.2987301446496815,3.0694169856263294,19894.36788647501,1173.3213834187825
Ga1Fe1.5Co1.5,2.7458881759919005,3.0717614077286024,557.0423008213,1179.6723703604493
Fe1.5Co1.5Si1,3.6167934796124426,3.51780952950092,4138.028520386798,3294.651854474389
Ti1Fe1.5Sb1,3.3010299956639813,4.066367520480037,2000.0000000000005,11651.11584731425
Mn1.4Fe1.6Si1,2.5997601403136623,3.671986811469951,397.8873577294999,4698.798392125966
Ga1Fe1.75Co1.25,2.8038801229695873,3.121389166303474,636.6197723672002,1322.4801626898256
Fe1.75Si0.2Ni0.2P0.8,3.9007901359776436,2.8733042633452457,7957.74715459,746.9718978524056
Sm0.2Fe1.8Co1O4,4.735210839659176,4.51212697007739,54351.413065849716,32518.235360968283
Sm0.1Fe1.9Co1O4,4.717031435969426,4.614296117078073,52123.24386256446,41143.015287314585
Fe,4.468991860044639,2.9516388181683886,29443.664471983026,894.6204432913529
FeNi9,1.72686493867847,3.6065149265212635,53.316905935753,4041.242638581828
Nd2Fe14B,5.876217840591642,5.83636643263571,751999.9999999998,686066.8459508697
Fe3Ni17,3.397719784050859,3.3915303738980764,2498.7326065412617,2463.3741168641745
Fe3Ni17,4.855032645416968,3.3915303738980764,71619.72439130998,2463.3741168641745
Fe,3.201820131641625,2.9516388181683886,1591.549430918,894.6204432913529
Fe17Ni83,3.076881395033325,3.219978040788002,1193.6620731885,1659.502995942193
Nb2.6Fe18.8Co60Cu0.6Si9B9,1.146128035678238,1.7089821343392122,13.999999999999996,51.16607868130962
Fe9Ni41,3.502850127305606,3.1743337110631327,3183.098861836,1493.9419108083055
Fe19(Co19Ni8)3,3.8038801229695873,3.9345055489865004,6366.197723672001,8600.14055229934
Fe19Ni81,1.9421828211358687,3.5656410616987255,87.53521870049,3678.2484590228332
FeAu,4.57748374560251,4.976512176591159,37799.29898430251,94735.3745692595
Fe1Co0.6Ni1,4.2026878531728515,3.61385157773279,15947.325297798354,4110.092326803943
Fe1Co0.8Ni1,4.04815724377143,3.6208368744151658,11172.677005044367,4176.734546277574
Fe1Co0.8Si0.5Ni1,1.572887993913361,3.1681895508126217,37.401411626573,1472.9552436014994
Fe1Co0.8Si0.6Ni1,1.5820313733532307,3.4091728186163097,38.19718634203199,2565.504723614208
Fe1Co0.8Si0.7Ni1,4.244001726157391,2.6601677546810967,17538.874728716357,457.2647829125112
Fe1Co1.2Ni1,3.6825455106301126,3.5981171534184178,4814.437028526951,3963.8494693935168
Fe1Co1.4Ni1,3.5071715010882487,3.6854941560976884,3214.929850454361,4847.235900999382
FeCoNi,4.348413233737929,3.8432016905947677,22305.565274315748,6969.501093954311
Fe2.59Co0.41O4,5.225072591275336,4.729647671819737,167908.46496184895,53659.629761577926
Zn0.3Fe2.7O4,4.377911390697306,3.814902364325174,23873.241463769984,6529.837359657675
Zn0.2Fe2.8O4,4.131239057355917,3.6245024443289884,13528.17016280299,4212.136574538999
Fe2.9Sn0.1O4,2.909390307739561,4.0446640177342035,811.6902097681798,11083.17058673178
Zn0.1Fe2.9O4,4.24321281679985,3.4922033712764233,17507.043740097994,3106.013730712159
Fe,4.454673162621518,2.9516388181683886,28488.73481343218,894.6204432913529
FeAg4,4.409992658308747,3.5216664491551914,25703.523309325727,3324.0415913005604
Ca5Fe4,4.567308116532525,3.55435123050336,36923.94679729762,3583.86160481781
FeCo4,4.480573732594454,3.697818378087512,30239.439187442025,4986.758976322893
FeCu4,4.104910118633568,3.6415747508549883,12732.395447343992,4381.015108028548
FeCoNi3,4.0710518513726015,3.6410392503951066,11777.465788793215,4375.616490443842
FeNi4,3.2104203034035423,3.569439419030585,1623.3804195363598,3710.559662332572
Mn7Fe11Co11Ni11B10,-0.1938200260161128,1.3956559463737233,0.64,24.868863945778145
Mn6Fe11Co11(NiB)11,-0.00877392430750515,1.3793696965937123,0.98,23.953539526601393
Fe23Co38.5Ni38.5,4.225072591275336,3.698759098665162,16790.846496184895,4997.572448222862
Cr12Fe25Co,4.601493853122663,4.300050183033417,39947.89071604179,19954.92882256218
Cr15Fe25Co,4.546212405326735,4.480070976896434,35173.24242328779,30204.45312482432
FeNi3,4.8352885872212115,3.41233974252766,68436.62552947403,2584.2810471766657
Fe26Co67Ni7,5.15606264108095,3.4671243116167503,143239.44878261996,2931.73229857145
Fe13Co19Ni18,3.758122632408912,3.800667649740517,5729.5779513048,6319.280740093877
Fe7Ni18,3.076881395033325,3.795092631237451,1193.6620731885,6238.67886889239
Al5Fe2,3.0621581382126184,3.506579242305957,1153.8733374155497,3210.5485543701625
Fe2CoS,5.3631881338766,3.301226927030444,230774.66748310998,2000.9071081066209
Fe2CoSi,4.0768813950333245,3.5997006700484255,11936.62073188499,3978.3287661669656
Fe2CoSn,4.585635497622056,4.52208927919747,38515.49622821562,33272.794612907506
CrFe2Si,3.9007901359776436,3.4875873636532133,7957.74715459,3073.175509978256
FeNi49,3.8550326454169683,3.4143425344210625,7161.972439130997,2596.226236484845
AlFe2Ni,4.2987301446496815,3.6668955690892355,19894.36788647501,4644.035908164518
Fe2NiGe,3.9421828211358685,3.499512183345378,8753.521870048997,3158.7276595660096
Fe2GeRu,4.01473348828448,3.6322467835672185,10345.071300966993,4287.921080801528
Fe2Si,4.15606264108095,3.1680330249650055,14323.944878261997,1472.4244654432107
TiFe2Sb,3.3010299956639813,3.738304771808181,2000.0000000000005,5473.999731956845
Fe3GeTe2,4.04066922237888,4.9102304662509875,10981.691073334197,81326.1973903912
Fe3.6Co69.2Si11Ni1B12.5Mo1.5C1.2,1.9777236052888478,1.9940731266134666,95.00000000000001,98.6445569599877
Fe,4.558801532634756,2.9516388181683886,36207.74955338448,894.6204432913529
Fe3Co7,3.018061431633408,3.837020391369558,1042.4648772512903,6871.007006023169
Cr23Fe30Co,4.695974725660068,4.1940248565949165,49656.34224464161,15632.371110576538
Fe3Cu7,2.5540026497529875,3.7856391462508467,358.0986219565502,6104.346061730514
E1A1Mn5.5Fe30Co29Cu5.5Ni30H1,2.855034316675884,3.9696139275829285,716.1999999999998,9324.250394145245
Fe15Co11Ni24,3.419304075855531,3.820818652610243,2626.0565610147,6619.400411405804
Fe3Co2Ni5,3.987149966652392,3.589745764967944,9708.451528599802,3888.1746547231996
Fe3Ni7,1.9010221732480792,3.3824237325437667,79.62,2412.2578732206894
Nd50Fe31.5B18.5,6.24321281679985,5.990006591919892,1750704.3740097994,977252.0540210082
Fe32.5Co32.5Mo35,2.9007901359776436,3.2508033535701264,795.7747154589999,1781.5718976952194
Nb35Fe32.5Co32.5,4.24321281679985,3.545711395526206,17507.043740097994,3513.2689344199525
Hf3Fe8Co11N3,2.502850127305606,3.3508959500358717,318.30988618360004,2243.3443902033314
Fe8Sn17,4.309030101289493,4.480233775649956,20371.8327157504,30215.777627608342
Ta5Al6Fe33(CoNi)28,3.0145205387579237,3.9794395279167833,1034.0,9537.6092990385
Ta10Fe33Co40N17,2.201820131641625,3.259328748505484,159.1549430918,1816.8904765024542
Fe33Co67,3.9444826721501687,3.7693028657743586,8800.0,5878.991953474171
Fe33Co12Ni55,3.6861199709884107,3.569436791133306,4854.2257642999,3710.5372099631663
Nb8Fe34.5Co34.5Si4.6B18.4,1.9007901359776436,1.8051829246077513,79.57747154589998,63.85323790606044
Nb7Fe34.88Co34.88Si4.65B18.6,1.9007901359776436,1.7136248500893227,79.57747154589998,51.71599086734432
Y2Cr15Fe34Cu14B6Mo14C15,4.005243103299935,3.375079491802022,10121.458605923024,2371.8077936588065
Nb6Fe35.25Co35.25Si4.7B18.8,1.9007901359776436,1.942135064023863,79.57747154589998,87.52559343566057
Nb5Fe35.63Co35.63Si4.75B19,1.9007901359776436,1.681680662515236,79.57747154589998,48.048591639949834
Mn12Al18(FeCo)35,2.4101020766428607,2.757932708288426,257.1,572.7072860421628
Mn3Al3(FeCo)7,2.2232362731029975,2.7898966558706544,167.2,616.4482952019584
Fe7Co13,1.8512583487190752,3.830788685167849,71.0,6773.11867526215
Fe7P6Pt7,6.146128035678238,4.987011404087477,1400000.0000000005,97053.54520866288
Fe37.5Co37.5Mo25,2.9007901359776436,3.511297242661191,795.7747154589999,3245.616799692685
Fe37Co63,3.6861199709884107,3.736634693405091,4854.2257642999,5452.989901450752
Nb2.6Fe38.8Co40Cu0.6Si9B9,0.9030899869919435,1.441608495091426,7.999999999999999,27.64448445157677
Fe38Co38CuB15Mo8,3.4973872316041037,2.6378942461709407,3143.310126063049,434.4044306889782
Fe38Co38CuB15Mo8,1.7069701099615309,2.6378942461709407,50.92958178937601,434.4044306889782
Mn6Fe19Pt25,5.342799295118596,5.6878278528252135,220190.86376750533,487335.28014027973
Fe19Ni31,4.8092751548562935,3.3661084352846027,64457.75195217903,2323.316813101271
Fe39.5Co39.5Cu1B12Mo8,3.505016189062114,2.4795643529042386,3199.0143561451814,301.6923881904549
Nb6Fe39Co39CuB15,2.130333768495006,2.065924883479455,135.0,116.39246970460759
Nb6Fe39Co39B16,2.0969100130080562,1.9563457364209085,124.99999999999996,90.43691442211654
Y2Cr15Fe39Cu9B6Mo14C15,3.3606347783658514,3.7405069206107506,2294.218504668297,5501.826877643757
Fe3C2,3.792884738668124,3.6781064414810727,6207.042780580199,4765.477698570188
Ti2(FeCo)3,3.6789413863612874,3.8840183876813326,4774.648292754002,7656.290223460454
GaFe3,4.15606264108095,3.5611476061973146,14323.944878261997,3640.3874307331353
MnFe3C2,6.208286173890857,3.649602989892285,1615422.67238177,4462.7544312666605
Fe3N,4.633183895800612,3.5804078768799004,42971.834634786006,3805.466269851632
Cr4O3,3.9748748250058874,4.44574313466177,9437.88812534374,27908.926675231167
Fe3O4,4.590986216006157,3.776481138439943,38992.961057490975,5976.97085933151
Qu4O3,3.9846509368442167,3.796153652964733,9652.747298517672,6253.939173977471
Fe3O4,4.979971382025268,3.776481138439943,95492.96585507996,5976.97085933151
Fe3AgO4,3.3631881338765997,3.945349727922906,2307.7466748311,8817.586482933122
O2,3.6789413863612874,5.127888936437991,4774.648292754002,134242.16153245472
Fe3O4,0.7795964912578245,3.776481138439943,6.02,5976.97085933151
Fe3O4,0.8733206018153987,3.776481138439943,7.469999999999999,5976.97085933151
Fe3O4,0.8438554226231612,3.776481138439943,6.98,5976.97085933151
Fe3O4,0.8645110810583919,3.776481138439943,7.320000000000001,5976.97085933151
Fe3O4,0.7930916001765802,3.776481138439943,6.21,5976.97085933151
Fe3AgO4,3.414673321588736,3.945349727922906,2598.204445973634,8817.586482933122
Fe3AuO4,4.524039426375544,4.395425512956319,33422.53804927799,24855.672211823086
Fe3BO4,1.5037936920486545,3.4136341733473414,31.90022101860494,2591.995083012999
Fe3(BO2)2,1.4054376707716763,3.4007235252256387,25.43534723021602,2516.0746678320406
Fe3(BO)4,1.4663569885499,2.5708458357371535,29.26557009066327,372.2595394714834
Fe3B5O4,1.4736617381781238,2.620563317217244,29.761974358166604,417.4104496681563
Fe5CoO8,6.262517971995236,4.55311477063697,1830281.8455556987,35736.72668207152
Gd2Fe3O7,4.104910118633568,4.095776309777563,12732.395447343992,12467.411951231541
LaFe4BiO7,3.631733829405379,3.822175912049393,4282.859518600336,6640.119756238003
VFe3BPHO4,3.201820131641625,3.0129343884625515,1591.549430918,1030.2304654337036
AVFe3PO4,3.804042952871602,4.101432707603799,6368.585047818376,12630.853780256699
A5Fe3BSO4,3.436084256020414,4.121349798817393,2729.5072740243686,13223.602892814057
AbisoximepalladacycleFe3BSO4,3.75143637116071,4.378231571829769,5642.04273260431,23890.8483645215
Fe3SiH2NO6,3.5540026497529875,3.630068726447304,3580.986219565502,4266.470297092208
Ti(FeO2)3,0.5997601403136624,4.245707526775571,3.9788735772950004,17607.898528201265
Nd0.1Ti1Fe3O6,0.5997601403136624,4.089661471652663,3.9788735772950004,12293.101618687258
Nd0.5Ti1Fe3O6,1.2018201316416248,3.639849382269242,15.915494309180001,4363.644703710158
NdTi(FeO2)3,1.2018201316416248,3.089566790312682,15.915494309180001,1229.0421869078352
Y2Fe3SO6,3.7758513993693437,3.9593367933529944,5968.3103659425005,9106.191798262404
AFe3O4,2.8550326454169683,3.9750620552248503,716.1972439130997,9441.957803614834
Fe3BO4,3.7203340715195123,3.4136341733473414,5252.1131220294,2591.995083012999
Fe3CO4,3.6250660055784327,3.27229772379693,4217.605991932701,1871.964996951693
Fe3HO4,3.9538685794610635,3.529994804730276,8992.254284686704,3388.401027230769
EFe3O4,3.0147334882844805,3.6875157137879593,1034.5071300967004,4869.851451062251
Fe3Pt,5.7458881759919,4.765855520107172,557042.3008212994,58325.10376449745
Fe3Sn0.75Sb0.25,5.590986216006157,4.048197343385521,389929.6105749097,11173.708656928131
Cr3Fe4.3Co67.7Si11B14,4.623249290397901,2.132395628726005,42000.00000000003,135.64245101154282
Zr7Fe40.5Co40.5Cu1B9Mo2,2.0621581382126184,2.050183811084007,115.38733374155497,112.2493438644549
Fe8Co7B(PC)2,4.480573732594454,2.063719698806522,30239.439187442025,115.80297024453722
Fe2Co2B,1.6932871570056556,2.479025058295187,49.35,301.3179876205193
Fe2Co3,3.9614879763312554,3.665955276335978,9151.409227778502,4633.991964103084
Ga3Fe2,3.377911390697306,3.9176706667372274,2387.3241463770005,8273.14558373557
Fe20Ni19B9Mo2,1.2304489213782739,2.538313874115666,16.999999999999996,345.3932724216971
Fe2CoNi2,4.059152628072893,3.649753792079876,11459.155902609602,4464.304324290475
Fe10Si(Ni5P2)2,4.86078497430606,3.7612313839656366,72574.65404986076,5770.738356349452
Fe,1.9342138914645932,2.9516388181683886,85.94366926957198,894.6204432913529
Fe42Co42CuB15,3.377911390697306,2.254660727777755,2387.3241463770005,179.74661802460287
Fe42Co42CuB15,2.2863964095759557,2.254660727777755,193.37325585653696,179.74661802460287
Zr4TaFe21Ni14(BC)5,3.2810013776892495,3.644509345959077,1909.8593171015993,4410.71854826541
Fe21Ni21P8,4.776430072981812,3.665337621831802,59762.681130970916,4627.406175484931
Fe21Rh29,4.775851399369344,3.928772099332197,59683.10365942506,8487.349754130459
Cr25Fe43(Ni5B3)4,4.528155992570376,2.35957514746715,33740.847935461585,228.86276864316292
Cr31Fe43(Co12Si)2,4.796764868336708,3.9113107463475827,62627.47010662326,8152.874297562132
Y2Cr15Fe43Cu5B6Mo14C15,3.6493657529086354,3.553350751404202,4460.317280147693,3575.615007356775
Fe9Ag11,3.9576949873141163,3.8476793452172333,9071.831756232601,7041.72961494859
Cr7Fe9Co4,4.1463028037917935,4.152593890078649,14005.634992078401,14209.993853637863
Fe9Pd11,5.1019140331850235,4.992261946062337,126448.6022864352,98234.02659463193
Y2Cr15Fe46Cu2B6Mo14C15,3.9083245538749014,3.3810936731134538,8097.0077297953285,2404.8814537080857
Fe47.2Co11.8Pt41,5.335359040011842,5.208227106985248,216450.72260484795,161520.29792149487
Ti10Fe47Ni23B20,3.419304075855531,1.9805047590524776,2626.0565610147,95.61031720588481
Al13Fe12,4.599760140313663,3.5250728212909204,39788.73577295003,3350.2160994025057
Zr6Ti7Fe48Co35B4,1.2791880369257813,1.255145697982262,19.0190156994701,17.994745051859383
V(FeCo)12,3.664218129540581,3.2840668192378932,4615.493349662201,1923.3876327607961
Fe24Ag3B9Pt14,5.861534410859038,5.7815534843601455,727000.0000000005,604718.8192668459
V2(FeCo)49,2.113943352306837,3.2776961256512442,130.00000000000006,1895.379266811953
V2(FeCo)49,3.8129133566428557,3.2776961256512442,6500.000000000002,1895.379266811953
Fe4CoSi,5.855032645416968,3.0443784677086714,716197.2439130998,1107.588576140969
Fe4N,3.1076160120094936,3.805150395062146,1281.1972918889905,6384.845534696089
Fe5.9Co53.1Pt41,4.538279865490154,4.849306670252398,34536.6226509206,70681.6485486697
Al3Fe5Ni2,4.2810013776892495,3.6178140831713277,19098.593171015993,4147.764432580619
FeB,4.079181246047625,3.866224647719333,12000.00000000001,7348.939087888245
Cr14Fe25Co11,4.073976404389918,4.030420151117928,11857.043260339111,10725.564307188897
Zr6Ti7Fe50Co35B2,1.1772519401508879,1.7535209434053725,15.040142122175103,56.69189099462112
FeCu,4.01473348828448,3.7354823878104417,10345.071300966993,5438.540760514976
MnFe,4.502850127305606,4.121055420950226,31830.988618359974,13214.642574022906
Fe5Co2Ni3,4.131239057355917,3.7724608381450397,13528.17016280299,5921.896846498647
FeNi,3.1863474449854174,3.841903607170777,1535.8452008358702,6948.700721889765
Fe50Pd19Pt31,5.678941386361287,5.036382961490238,477464.8292753997,108738.4057785389
Fe2PdPt,5.201820131641625,5.193406675602103,159154.94309180017,156101.35598315691
FePd,5.3377157072056445,4.787221045014577,217628.46918372755,61266.21420679467
Fe50Pt,5.900790135977644,5.1198998309553145,795774.7154590008,131795.27206688284
FePd,4.599760140313663,4.787221045014577,39788.73577295003,61266.21420679467
Fe50Pd37.5Pt12.5,4.599760140313663,5.213341959794763,39788.73577295003,163433.8305526425
Fe2PdPt,4.855032645416968,5.193406675602103,71619.72439130998,156101.35598315691
Fe50Pd12.5Pt37.5,4.803880122969587,5.517901708723755,63661.977236719955,329535.1220210011
Fe5SiPt4,4.599760140313663,5.278069085722154,39788.73577295003,189700.7665135059
FePt,4.225309281725863,5.858498943627721,16800.00000000002,721936.4069062474
FePt,4.900790135977644,5.858498943627721,79577.47154590007,721936.4069062474
Ti(FePt)10,5.803880122969587,5.386154554252482,636619.7723671995,243306.97220497212
Fe10Pt10W,5.803880122969587,5.495452662922738,636619.7723671995,312933.93623422616
Fe51Co49,4.0,4.156147641216872,10000.0,14326.74863577755
Fe13Co12,3.515687352010778,4.222821285253158,3278.591827691079,16704.030921128953
Fe13Ni12,3.076881395033325,3.9216582660878077,1193.6620731885,8349.457647253434
Fe13Pt12,5.979971382025268,5.521853907100109,954929.6585507995,332547.668322899
Fe53.1Co5.9Pt41,5.508245159192312,5.252296233965243,322288.75976089505,178770.65607065716
Zr6Ti7Fe53(Co15B2)2,1.2846055019580749,1.2635891268152708,19.257748114107798,18.348016702912705
Cr31Fe53(Co7Si)2,4.540276625246229,4.289862826203896,34695.77759401238,19492.288301345438
Fe53Ni47,5.131239057355917,3.1226709038118994,135281.7016280299,1326.3889764182982
Zr10Fe53Co10Ni7B20,0.6812412373755872,1.4434808567085002,4.799999999999999,27.76392462644868
Fe54.6Co25.4N20,2.6250660055784327,3.4413261278156537,421.7605991932701,2762.6516549516728
Cr14(Fe3Co)9,4.172631742514143,4.0905623842879635,14880.9871790833,12318.62924139611
Fe54Pt,5.933892072641491,5.127078628643681,858800.0729233524,133991.92566996696
Fe27Pt23,6.046495164334709,5.554551415449659,1113000.000000001,358551.39410701016
Nb7Fe55(Co15B4)2,2.5997601403136623,1.51633749056053,397.8873577294999,32.835035529779134
Fe11(Co2Ni)3,3.4144072097655185,3.6066449539104752,2596.6128965427165,4042.4527642504245
Zr6Ti7Fe55(Co15B)2,1.7371142516843954,1.4143423900962728,54.59014548048741,25.962253737068018
Fe11Co9,4.347839580125422,4.410044417347944,22276.121609843776,25706.586827299598
Cr5Fe11Co4,4.262517971995236,3.9027843876783717,18302.81845555699,7994.372632741644
Fe11Ni9,3.076881395033325,3.6095618419298936,1193.6620731885,4069.6948063404593
Fe56.25B25Pt18.75,5.531478917042255,5.500937917537894,340000.0000000002,316911.4405276677
Zr6Ti7Fe56(Co5B3)4,1.2432128167998497,1.028381355391714,17.507043740097995,10.67533114068198
Fe14Pd11,5.223009430711563,4.130146200260641,167112.69024638992,13494.170719324955
Zr6Ti7Fe57(Co2B)10,-0.02002861797473155,1.158850194099722,0.9549296585508,14.416179928390784
Al13Fe57(Co7Si3)3,2.502850127305606,2.5639024270331565,318.30988618360004,366.35525634391723
Fe57Ni43,2.5909862160061574,3.7595812906356176,389.92961057491016,5748.854150258194
Nb2.6Fe58.8Co20Cu0.6Si9B9,0.414973347970818,1.3284605903159006,2.6,21.303972376821843
Zr6Ti7Fe58Co25B4,1.467816502136704,0.9897831801751271,29.364087000437102,9.767494608540732
Cr31Fe58Co9Si2,4.537278032331009,4.282446629762191,34457.04517937467,19162.255642372533
Zr6Ti7Fe59(Co5B2)4,0.29873014464968123,1.0599320761804636,1.9894367886475002,11.479740638825046
Fe59Co41,3.671642147619788,3.8046518901874364,4695.0708212081,6377.52089502806
Fe59Pt41,5.725566598453189,4.892348166748164,531577.5099266116,78045.55381697678
Ti2Fe5Co,4.554002649752987,3.582268061611291,35809.86219565498,3821.800928573548
Zr90Fe12Co2(Ni70B)3,3.7872808611501254,3.6488015941672916,6127.465309034299,4454.526984827197
Pr9ZrTi3Fe60Co13B14,5.892016211670138,5.8095197754829355,779859.2211498196,644940.6864009512
Zr8Nb2Fe60(CoB)15,1.3010299956639813,0.9733451781499443,20.000000000000004,9.404705014851517
Nb6Fe60Co18CuB15,0.6989700043360189,1.4782481860349053,5.0,30.07794674394156
Zr6Ti7Fe60Co25B2,1.7939968890374915,1.2255248423956846,62.2295827488938,16.80834069575498
Fe60Co35CuSi6Ni578(B4Mo)3,3.223009430711563,1.991403337824731,1671.1269024639007,98.0400079563286
Cr3Fe6Co,4.576341350205793,3.9990991176865345,37699.99999999997,9979.27791808537
Ga2Fe3,3.502850127305606,3.8433966269289908,3183.098861836,6972.630108960917
Fe3Pt2,4.079181246047625,5.391195442639751,12000.00000000001,246147.50760931798
Fe61.9Co22.8Ni15.3,3.130333768495006,3.773174632788719,1350.0,5931.637918595911
Pr3.5Dy1Zr1Fe61Co13.5B20,5.158362492095249,5.284244386927395,143999.99999999988,192417.41988854102
Pr4.5Zr1Fe61Co13.5B20,5.123851640967086,5.206741805151999,133000.0,160968.8365793039
Zr6Ti7Fe61(Co10B3)2,0.8550326454169684,0.9051979186455228,7.161972439130999,8.038923921969868
Y3Zr3Nb5Fe61Co8(NiB3)5,0.5440680443502757,0.6801012152410979,3.5,4.787416532745386
Y2Zr4Nb5Fe61Co8(NiB3)5,0.3010299956639812,0.8123082166436784,2.0,6.490949295809827
Nd10Nb4Fe61B25,6.075911761482778,5.844359955454709,1191000.0000000007,698811.3585827008
Cr14Fe31Co5,3.9421828211358685,4.131546726635572,8753.521870048997,13537.75738349089
Fe31Co19,4.903089986991944,3.649129839563403,80000.00000000003,4457.895046686931
Fe,1.8092751548562933,2.9516388181683886,64.457751952179,894.6204432913529
Al2Cr2.3Fe63.7Co5Si3.3B5.5Mo2.5P8.7C7,1.0606978403536118,1.3069300522427996,11.500000000000004,20.27356165896263
Nd7Y3Nb3CrFe63B23,6.04883008652835,5.932890796603844,1119000.000000001,856822.3700598811
Zr6Ti7Fe63(Co5B)4,0.37791139069730606,1.3197413288942503,2.387324146377,20.88052091041492
Fe63Co21CuB15,3.377911390697306,1.0040371996156718,2387.3241463770005,10.093393376182105
Zr10Fe63Ni7B20,0.8864907251724818,1.423252544866727,7.7,26.50040705329663
Fe63Pt37,5.68611997098841,4.713652944794157,485422.5764299896,51719.3365062047
Nd9.6Nb4Fe64.32B22.08,6.041392685158225,5.916767485238957,1100000.0000000007,825595.819596256
Zr5Fe32Co8B5,3.018061431633408,1.0436011816736785,1042.4648772512903,11.056080232881218
Fe64(Co7B5)3,1.0,1.5987150618355035,10.0,39.6931039798833
Fe64Co21CuB15,0.7781512503836436,2.4169500725112694,6.0,261.18610716056367
Fe16Co9,3.432269053019899,3.964502130490638,2705.634032560601,9215.14409338115
Fe16Pd9,3.6489781629838443,3.6142570432136094,4456.338406570402,4113.931377980583
Cr4Ga4Fe65.5B5.5Mo4P12C5,0.47712125471966244,1.7564124219750408,3.0,57.07059783653087
Nd9Fe65(B11Mo2)2,5.964118143151485,5.8804986042176886,920700.0000000006,759448.9818651355
Zr6Ti7Fe65(Co5B6)2,1.5501249946897855,1.475896372251392,35.4915523094714,29.915507324053113
Zr8Nb2Fe65(Co2B3)5,0.8450980400142568,1.3123775838650802,6.999999999999999,20.52946273603574
Fe65Co20B11(PC)2,1.649334858712142,1.4498600074878554,44.6,28.174745869518862
Fe13Co4B3,1.3802112417116061,1.813091754520098,24.000000000000007,65.02670594373816
Zr6Ti7Fe65(Co10B)2,0.9421828211358686,1.6389429213558206,8.753521870049,43.54546388027201
Co65O2,2.7481880270062002,3.762358651989909,559.9999999999998,5785.73651753667
Zn0.5Fe67Co35Ni0.5O4,3.524039426375544,2.9942193280940033,3342.2538049277987,986.7777038697185
Cr3Fe13Co4,3.9301739136628533,3.731234703923656,8514.7894554113,5385.60755988068
Fe13Pd7,3.201820131641625,3.787952868758466,1591.549430918,6136.954010587791
Fe13Pt7,3.9030899869919438,5.517744700716069,8000.000000000004,329416.008599848
Tm3Fe13B4,4.855032645416968,4.583114352838221,71619.72439130998,38292.55570772565
Fe66.65Co16Si2Cu1.35B14,0.07918124604762482,1.3351743712575828,1.2,21.635870396339346
Zr7Ga6Fe66.6Co8Cu1Ni7.4B4,3.475168700390726,3.071618329675184,2986.5425071176264,1179.2837920261338
Fe66.8Co28Ni5.2,2.5588285248170117,3.877841941056062,362.1000000000001,7548.174662547172
Fe66.9Pt33.1,5.713703492620499,5.54450254152391,517253.5650483496,350350.3385720533
Fe66Co17Si3B10PC3,1.469822015978163,1.2669886105560397,29.499999999999996,18.492201222414067
Fe66Co17Si3Sn0.5B9.5P1C3,1.0934216851622351,1.3688630423427401,12.400000000000002,23.3809978704579
Fe33Co10B7,1.3424226808222062,1.235217379929405,21.999999999999996,17.187684770155695
Fe33Co17,3.9030899869919438,3.775808066660935,8000.000000000004,5967.714894064233
Fe33Pd15Rh2,2.8302090616919364,3.738364834857566,676.4085081401502,5474.756840017203
Fe33Pt17,5.392151829811916,5.513409742188562,246690.16179228996,326144.2619980567
Fe67.2Co16Si2.5Cu0.8B9.5P4,0.25527250510330607,0.9975690969659861,1.8,9.944182749498232
Nd7Zr2Nb2.5Fe67.5B21,5.7656685547590145,5.891828821865622,583000.0000000006,779522.7993212852
Zr6Ti7Fe67(CoB)10,1.0651429917620807,1.4090717609591477,11.618310845701401,25.649078158813435
Fe67Co20B13,1.5440680443502757,1.5215134969556552,35.0,33.22871118325519
Zr6Ti7Fe67Co20,1.3921518298119162,3.6341968933901008,24.669016179228997,4307.218399169987
Fe67Si33,2.1760912590556813,3.614992439342791,150.00000000000003,4120.903449307506
Zr7Ga4Fe68.4Co8Cu1Ni7.6B4,3.5120884982740725,3.305645344608175,3251.535487365475,2021.3678065897361
Nb3Cr5Fe68.5Si13.5Cu1B9,1.3779113906973062,1.6312592838793838,23.873241463770007,42.78182273268811
Tm3Fe17B5,4.315763483948461,4.351511671231281,20690.14260193399,22465.2714835833
Nd7Nb2.5Fe69.5B21,5.644438589467838,5.765107545429309,440999.9999999996,582247.3832966106
Nd7Nb4Fe69SiB19,6.021189299069938,5.6962944877353365,1050000.0000000005,496929.1664874848
Zr6Ti7Fe69(Co5B4)2,1.4004772185960475,0.8227604409382987,25.1464810085044,6.649062893118083
Fe69Co26Si5,2.502850127305606,3.4614238539481015,318.30988618360004,2893.502446805409
Fe,1.8550326454169686,2.9516388181683886,71.61972439131002,894.6204432913529
Zr7Ga2Fe70.2Co8Cu1Ni7.8B4,3.4767857561809112,2.6515265834428314,2997.683353134053,448.256487222988
Nb3Cr3Fe70.5Si13.5Cu1B9,-0.09920986402235639,0.5983847020875948,0.7957747154589999,3.9662921653775496
Nb3Fe70.5Cu1Si13.5B9P3,0.5440680443502757,0.6237917487082456,3.5,4.205249314622269
Fe70Co15B11(PC)2,1.6364878963533653,1.4563084513057714,43.29999999999999,28.596208261803508
Fe7Co3Si,3.524039426375544,3.6847190561679337,3342.2538049277987,4838.592591788208
Fe14(Co2Si)3,3.5909862160061574,3.2719320611378993,3899.296105749101,1870.389523072784
Fe7Co3Si2,3.6167934796124426,3.9072898876946587,4138.028520386798,8077.740323040359
Fe14Co6Si,3.513573992697379,3.1917881474523915,3262.676333381899,1555.2068034126812
Zr8Nb2Fe70(CoB3)5,0.9030899869919435,1.0174222410318086,7.999999999999999,10.409317156102107
Fe70Ni5B2.5Mo5P12.5C5,5.201820131641625,0.902424270029357,159154.94309180017,7.9877464343270255
CrFe7Ni2,3.4557635943108833,3.4780927741041903,2856.03545378235,3006.7185300515634
Fe7Pd3,3.2810013776892495,3.843484635424637,1909.8593171015993,6974.0432350622405
Fe7Pt3,4.049218022670182,5.326128888187707,11200.000000000007,211898.99073320834
Fe35(Co2Si3)3,1.4747988188006311,3.683785768420469,29.839999999999996,4828.205744443424
TaFe14Si2C3,3.4345689040341987,3.4131441205055153,2719.9999999999995,2589.071955432199
Nb4Fe71.4Cu0.6Si4B20,0.14612803567823798,0.8046783401019184,1.3999999999999997,6.377909318151394
Nb3Cr2Fe71.5Si13.5Cu1B9,-0.09920986402235639,0.4912812874485365,0.7957747154589999,3.0994261112372015
Nb3Al2Fe71.5Cu1Si13.5B9,-0.3010299956639812,0.4187736271450323,0.5,2.6228510448949205
Cr20Fe71N9,4.814913181275074,3.635631585289631,65299.99999999999,4321.470824413971
Fe71Si2.5Cu0.6Ni9B4.9P12,0.6901960800285137,1.567571314517338,4.9,36.946330811393224
Fe71Pd29,2.7458881759919005,3.4717164573077803,557.0423008213,2962.896338666998
Ti5.4Fe72.4B19.2O3,3.380211241711606,2.3019997093164717,2399.999999999999,200.44706857252586
Nb3Cr1Fe72.5Si13.5Cu1B9,-0.09920986402235639,0.5266933846266639,0.7957747154589999,3.3627407336638666
Y1Nb3Fe72.5Cu1Si13.5B9,-0.3979400086720376,-0.25519469840952164,0.39999999999999997,0.5556550958792963
Nb2Fe72.5Cu1Si15.5B7Mo2,0.0,1.2891300131891366,1.0,19.459425443082317
Nb3Fe72.5Cu1Si13.5B9P1,0.3222192947339193,0.7018749780483663,2.1,5.0335568507456125
Nb2Fe72.5Si14.2Cu1.1B8.7Mo1.5,2.9906952474170416,0.8861604710268667,978.8029000145701,7.6941468510623245
Al7Fe18,2.7745930193327806,3.320107109342796,595.104205461704,2089.8114741123863
NbFe18SiB5,0.3979400086720376,0.795807972384592,2.5,6.248963275682473
Y1.5Nb3Fe72Cu1Si13.5B9,-0.27572413039921095,-0.09974830398202983,0.5299999999999999,0.7947887222686038
Nd17Nb2Ga1.5Fe72B7.5,6.24321281679985,5.810309256246249,1750704.3740097994,646114.1559293354
Zr7Fe72Co8Cu(Ni2B)4,3.474125976043711,2.1667753986764104,2979.380534678495,146.81667987588577
Fe18Sn7,4.777585112178344,4.576852735490086,59921.836074062696,37744.418202856425
Tm2Fe18B5,3.377911390697306,4.029504558386227,2387.3241463770005,10702.976167734634
Y1Nb3Fe73.5Co1Cu1Si13.5B9,-0.4002398596863376,0.12683451492857856,0.3978873577295,1.3391663096318305
Nb3Fe73.5Cu1Si15.5B7,-0.1804560644581313,1.6373166743207503,0.66,43.38270966027796
Nb2Al1Fe73.5Si13.5Cu1B9,0.414973347970818,0.553025129062797,2.6,3.5729351120144797
Nb2Fe73.5Si13.5Cu1Ni1B9,0.5440680443502757,1.2116059528401917,3.5,16.27818398619214
Nb3Fe73.5Si13.5Cu1B9,1.2018201316416248,0.7369501445866301,15.915494309180001,5.45695213686774
Nb3Fe73.5Si13.5Cu1B9,0.7403626894942439,0.7369501445866301,5.5,5.45695213686774
Nb3Fe73.5Si15.5Cu1B7,2.7228970515826996,0.31530194861166094,528.3199999999999,2.0668166362243903
Nb3Fe73.5Si15.5Cu1B7P1,0.7781512503836436,0.5496196496215243,6.0,3.5450278356302256
Nb3Fe73.5Si15.5Cu1B7P1.5,0.505149978319906,0.7394630642718237,3.2,5.488618742055296
Nb3Fe73.5Si15.5Cu1B7P2,0.8573324964312685,0.6231367656710636,7.200000000000001,4.1989119303781335
Nb2.5Fe73.5Si15.5Cu1B9Mo0.5,0.724275869600789,0.6602422683884914,5.3,4.573432444606141
Nb2V1Fe73.5Si15.5Cu1B9,0.43136376415898736,0.8259333781940754,2.7,6.697818554065549
Nb3Ga6Fe73.5Si7.5Cu1B9,-0.619788758288394,0.8556120319104901,0.24000000000000002,7.171533507558834
Nb3Fe73.6Cu1Si15.5B6.9,0.6127838567197355,0.5765738888705279,4.1,3.772019149555915
Nb2.1Fe73.8Cu1Si13B9.1,2.201820131641625,0.6783393051097422,159.1549430918,4.768033577206642
Nb3Fe73.9Cu1Si15.5B6.6,1.9464522650130731,1.0229359698126128,88.4,10.542314543657342
Al5Ga2Fe73SiB4(P2C)5,0.7481880270062004,0.9253851802864497,5.599999999999999,8.421417147575777
Al5Ga2Fe73Si3B4P8C5,0.6989700043360189,0.828103744928347,5.0,6.731374371776151
Fe73Co10Sn3(B6P)2,1.462397997898956,1.3044358229572064,29.0,20.157460756039306
Fe73Co10Sn5B12,1.462397997898956,2.0422309458198464,29.0,110.21252335213154
Y0.5Nb3Fe73Cu1Si13.5B9,-0.36653154442041347,-0.04113346513250902,0.43,0.9096336857573132
Nb1.5Fe74.5Co5Si6Cu1B12,1.6812412373755872,1.342826279526229,47.99999999999999,22.02045455085072
Fe37Pd13,3.298730144649681,3.48103334700518,1989.4367886474993,3027.1458565048865
Nb3Fe75.5Cu1Si13.5B7,2.2782785193537762,1.3149245412925785,189.79226963697147,20.650213269867393
Fe75Si12B9C4,1.7403626894942439,1.388397681880342,55.0,24.456690179008458
Fe75Co10B11(PC)2,1.1205739312058498,1.3151368063586322,13.199999999999998,20.660308701499375
Fe3Co,4.332153900136631,3.643987296083168,21485.917317393,4405.419766504636
Cr5Fe75B4P9C7,0.36172783601759284,0.5413663529977444,2.3,3.4782945236982075
GaFe3,2.5997601403136623,3.5611476061973146,397.8873577294999,3640.3874307331353
Nb3Ga6Fe75CuB15,0.8325089127062363,1.1307334020199205,6.799999999999999,13.512428284977263
Fe3Si,2.9007901359776436,3.5383618337426777,795.7747154589999,3454.3141669449733
Fe19(SiB)6,0.47712125471966244,2.133832559258341,3.0,136.09198833315935
Fe76.5Co8Cu0.5B12P2C1,2.1760912590556813,1.111128665041752,150.00000000000003,12.916018697570111
Y1.5Fe76.5Si9B13,0.8808135922807914,0.4969020172136227,7.6000000000000005,3.13980023200196
Fe19Co6,4.518513939877888,3.9029370497386995,33000.00000000004,7997.18328766733
Ga6Fe19,3.6789413863612874,3.2695142625641913,4774.648292754002,1860.005646232903
GaFe38SiB2MoP5C2,0.47712125471966244,1.0124555656248833,3.0,10.290952310307034
Fe76Si2B2.5Mo2P10C7.5,0.23044892137827394,1.501419732867905,1.7,31.7263223772167
Fe19Pd6,4.0011606810952065,3.424314065851669,10026.7614147834,2656.525969722633
Nb1.5Fe76Si13Cu1B8Mo0.5,0.17609125905568124,1.1920912120552876,1.5,15.562924553012962
Fe76Si9.6B8.4P6,1.4913616938342726,0.4400249681007919,31.0,2.7543870517389517
Fe76Si9(B2P)5,-0.09691001300805639,0.8768486008727921,0.8,7.530929826944609
TmFe19B5,2.72686493867847,4.293181111868832,533.1690593575299,19641.79218864221
Fe77.2Co6Cu0.8B10C6,0.3424226808222063,1.4135231456922277,2.2,25.913325225493303
Fe77.5Si7.5B15,1.2787536009528289,1.4117604135612165,18.999999999999993,25.808360327677175
Fe77.5Si7.5B15,3.845098040014257,1.4117604135612165,7000.000000000001,25.808360327677175
Ga6Fe77.5Si7.5B9,0.36172783601759284,1.0044077014831696,2.3,10.102007846001161
Fe77.7Si7.5B15,1.2278867046136734,1.4134880842088358,16.899999999999995,25.911233274096432
Zn1Fe78.7Si7.5B150,1.3560258571931227,1.9502925488122078,22.700000000000003,89.1851503537368
Al2.14Ga0.86Fe77Si2.6B4P8.4C5,1.0644579892269186,0.5993188010510457,11.600000000000003,3.9748322153921958
Al3Fe77B2(PC)9,0.3222192947339193,1.3072878037667222,2.1,20.29026895320851
Nb3Fe77CuB19,1.9030899869919435,0.8904585114918573,79.99999999999999,7.770670813919807
Nb2Fe77CuB20,0.8450980400142568,1.4151346274368546,6.999999999999999,26.00965714507809
Nb2AlFe77CuSi10B9,0.47712125471966244,0.5261065325895421,3.0,3.3581998089998075
Nb2AlFe77CuSi12B7,0.2787536009528289,1.0800619547384602,1.8999999999999997,12.024359571554635
Nb2.6Fe78.8Cu0.6Si9B9,0.6020599913279624,1.0458627531881806,4.0,11.113804505915748
Fe78Co5Sn3(B6P)2,1.3617278360175928,1.2270361060655275,23.0,16.866932466624895
Fe78Co5Sn5B12,1.3617278360175928,2.041109756658288,23.0,109.9283619733397
Zr6Fe78Co5CuB10,0.8450980400142568,0.8894958984914559,6.999999999999999,7.7534662089537285
Zr6Fe78Co5Cu(GeB)5,0.9030899869919435,2.201093584615543,7.999999999999999,158.88890959256426
Tb0.12Nb8Fe78B14,6.466637954651161,6.19599878663378,2928450.9528891193,1570358.4169360655
Fe39Ni11,3.502850127305606,3.345485761868101,3183.098861836,2215.571458696947
Fe78SiSn2B2P9C8,0.6989700043360189,0.7909976842391088,5.0,6.18013104737591
Fe79.3B14.3C6.4,0.6989700043360189,2.5140934496201126,5.0,326.6581134996049
Fe79.3Co2Cu0.5Si4B14Mo0.2,1.0,1.2835617201435479,10.0,19.211519685596272
Fe79.4Ag0.6P13C7,0.9912260756924949,1.3989955374311835,9.8,25.060835017780434
Nb1.5Fe79.5Si6Cu1B12,1.7242758696007892,0.860104505518152,53.000000000000014,7.24610304139038
Fe79.6Ag0.4P13C7,0.9493900066449128,1.2242953110398962,8.9,16.760821889808625
Fe79Cu(BMo)10,3.0,1.8991715236313242,1000.0,79.28143889198292
Fe79SiSnB2P9C8,0.5797835966168101,0.599176015628552,3.7999999999999994,3.9735256024069825
Zr11Fe79(CoB)10,1.0149403497929366,2.0239611380166047,10.35,105.6722946218442
Fe7Se8,3.9007901359776436,4.49880760018277,7957.74715459,31536.072124070663
Fe80.5Co4Cu0.5B12P2C1,0.8920946026904804,1.5555198455178765,7.8,35.93518173185634
Nb0.5Fe80.5Cu1.5B9.5P8,0.8344207036815325,0.8212215385343163,6.829999999999999,6.625543940144994
Al1Fe80.5Cu1.5Si4B13,1.0086001717619175,0.8334613817883155,10.2,6.814929725060274
Fe80.5Cu1.5Si4B14,0.9030899869919435,2.1562821876845235,7.999999999999999,143.3118781731193
Fe80.7Si4Cu2.3B13,3.3706121519558065,0.9488483832531331,2347.5354106040495,8.888907426263803
NbFe80Cu(Si4B5)2,0.47712125471966244,0.9590725393563178,3.0,9.100652663564695
Nb3Fe80Si2.5Cu1B12.5C1,1.167317334748176,1.4212245009792244,14.699999999999996,26.376945437845798
Fe4B,2.8550326454169683,3.771581701056709,716.1972439130997,5909.921347064741
Fe80CuSi2B14P3,0.8808135922807914,0.9365985417932304,7.6000000000000005,8.641687190697521
Fe4Co,3.8038801229695873,3.8394101140354717,6366.197723672001,6908.919206487194
Fe80Co2CuSi2(B4P)3,0.8450980400142568,1.0707358441817791,6.999999999999999,11.768899227802077
Fe80Co5B11(PC)2,1.0043213737826426,1.0378638018942468,10.100000000000001,10.910981059904568
Nb2Fe80CuSi6B6P5,1.9912260756924949,0.6798924414784662,98.0,4.78511568204018
Fe4Cu,3.1312390573559177,3.5337786827680264,1352.8170162803003,3418.052135856602
GaFe4,2.377911390697306,3.9931889166573793,238.73241463770006,9844.39240436167
Nb3Fe40B7,0.6020599913279624,0.9986944215983138,4.0,9.969983087453109
Tb0.12Nb6Fe80B14,6.6566649916501355,5.750977639694827,4535915.878116304,563608.6368398123
Fe4Ni,3.778151250383644,3.661152609836673,6000.000000000004,4583.02904749915
Fe40BP5C4,0.07918124604762482,0.282001820778157,1.2,1.9142639505494468
Fe80BP11C8,0.07918124604762482,0.7560691828675217,1.2,5.702551063644312
Fe80P11C9,3.322219294733919,0.4678840369572419,2099.999999999999,2.9368653608181376
Fe20P3C2,0.07918124604762482,1.4320562895417932,1.2,27.043088508127763
Fe20B(PC)2,0.07918124604762482,0.4911272931712538,1.2,3.0983272962780704
Fe80B3P9C8,0.07918124604762482,0.21588499308595727,1.2,1.6439363295188163
Fe4Pd,3.5997601403136623,3.625801155146171,3978.8735772949994,4224.751366948635
Fe80Si9B11,0.38021124171160603,2.082811376984221,2.4,121.00724600738148
Fe81.3Co3Si0.5Cu0.7B10.5P4,1.0,1.1969233307292386,10.0,15.737050219604244
Fe81.3Co5Si0.5Cu0.7B8.5P4,1.7781512503836436,0.9852058529434271,60.0,9.665088897703745
Nb0.5Fe81.5Cu0.5B10P7.5,0.7450747915820575,0.9147938161251215,5.56,8.21852378033317
Fe81.5Si0.5Cu0.5B4.5P11C2,0.6812412373755872,0.9218542651941743,4.799999999999999,8.353226646488222
Fe81.5Si3.6Cu1Ni1.5B8.4Mo0.4P3.6,0.0,0.9851195310200092,1.0,9.663168020997306
V2Fe81CuB10(P2C)2,3.6589648426644352,2.370816926587706,4560.000000000003,234.86425604040164
Fe81Cu(B5P4)2,0.5854607295085007,0.8018572452204428,3.8500000000000005,6.336613893362512
Fe81Si5.5B10P3.5,0.5185139398778875,0.6994707120189465,3.3000000000000003,5.005767934583848
NbFe81CuSi2B11P4,1.089905111439398,0.884240099447176,12.300000000000004,7.660199835630623
Fe81Si13B6,1.7758513993693437,1.553893441176276,59.683103659425,35.80085850671829
Zr7Fe81CuB9Mo2,0.9799713820252685,1.164214008338099,9.549296585508,14.595333008399146
Fe82.3Si4Cu0.7Ge2B9P2,1.0863598306747482,0.7481640788644677,12.2,5.599691209762542
Fe82.3Si4Cu0.7Ge1B9P3,0.7558748556724915,0.8290726187466573,5.700000000000001,6.746408255286619
Fe82.3Si4Cu0.7B9P4,0.9344984512435677,0.8141566034682783,8.599999999999998,6.518634089453476
Fe82.5,0.7781512503836436,3.1352143609709575,6.0,1365.2568397562354
V0.5Fe82.5Cu1B10P4C2,3.1818435879447726,2.1763016680957183,1520.0000000000002,150.07269031510467
Fe82.5Si2B15C0.5,0.9030899869919435,1.1243142846822751,7.999999999999999,13.314175726936075
Fe82.5P11.5C6,0.6127838567197355,0.7993640278750787,4.1,6.30034059390543
VFe82CuB10(P2C)2,3.459392487759231,2.196327821122673,2880.000000000001,157.1548618250036
NbFe82CuSi2(B5P2)2,0.8976270912904415,0.9607181677581681,7.900000000000001,9.135202267751648
Fe82Si5B10P3,0.5910646070264992,0.7286087278969251,3.9000000000000004,5.353141556976073
Fe82Si2B15C,0.8260748027008264,1.0334720532689,6.7,10.80120113211719
Cr2Fe82Si3B8P4C,0.6655809910179531,0.8198450620944642,4.629999999999999,6.604577825652297
Tb0.12Nb4Fe82B14,6.527130503352686,6.138828512896625,3366127.0463915723,1376665.766290436
Nb3Fe41B6,0.6532125137753437,0.9166518291326697,4.500000000000001,8.253759860760738
NbFe82Si3B9P4C,0.6608654780038692,0.9640812594836838,4.579999999999999,9.206218103098752
Fe82P11.7C6.3,0.6127838567197355,0.9063577195319716,4.1,8.060420883199242
Fe82Si3.6Cu1Ni1B8.4Mo0.4P3.6,0.17609125905568124,0.9758505259407789,1.5,9.459115445818812
Fe83.2Cu0.8B10C6,0.5314789170422551,1.2269594213165564,3.4,16.86395448198626
Fe83.3Si1Cu0.7B15,0.4913616938342727,0.8011851449978835,3.1,6.326815136844103
Fe83.5P10.5C6,0.6232492903979004,0.8594091997103315,4.199999999999999,7.234511306374473
Nb3Fe83.5Si13.5,3.8650497661744927,2.6597190681229415,7329.085129377392,456.7926087937383
V0.6Fe83.5Si1Cu0.2B9.2P5C0.5,0.6434526764861874,0.7735642279630631,4.4,5.936961436298159
V0.4Fe83.5Si1Cu0.4B9.2P5C0.5,0.6532125137753437,0.8361116456765623,4.500000000000001,6.856644700799817
V0.3Fe83.5Si1Cu0.5B9.2P5C0.5,0.8750612633917001,0.8042616930287458,7.500000000000001,6.371793507129272
V0.2Fe83.5Si1Cu0.6B9.2P5C0.5,0.8750612633917001,0.8088103932994896,7.500000000000001,6.438880918969245
V0.1Fe83.5Si1Cu0.7B9.2P5C0.5,0.8450980400142568,0.8912424952771595,6.999999999999999,7.784711015124994
Fe83.5Si1Cu0.8B9.2P5C0.5,0.8920946026904804,0.8716706714433133,7.8,7.4416745248552365
Fe83.5Si1Cu0.8B9.2P5C0.5,0.8129133566428556,0.8716706714433133,6.5,7.4416745248552365
V0.8Fe83.5Si1B9.2P5C0.5,0.6232492903979004,0.8003889641283373,4.199999999999999,6.315226975260174
Fe83Si3B10PC3,1.14921911265538,1.4258635279459844,14.1,26.660207664660103
Fe83CuB10(P2C)2,3.334453751150931,1.50996328652067,2160.000000000001,32.356630280151855
Nb3Fe83CuSi2B10C,1.8273692730538253,1.0196853350841208,67.20000000000002,10.463701334438333
Fe83Si4B13,0.7626410582667364,1.4782003344258978,5.789500000000001,30.07463286610369
Fe83Cu(B7P)2,0.14612803567823798,1.0724129258160622,1.3999999999999997,11.814434144514886
Fe83B17,3.1903316981702914,3.8510429497442447,1549.9999999999998,7096.479454396248
Fe83Si3Cu1.5B8.5P1C3,1.0644579892269186,0.9444042821043049,11.600000000000003,8.798411745534885
Fe83Si3Cu1.25B8.75P1C3,0.8260748027008264,0.8766928941711128,6.7,7.528230262225122
Fe83Si3Cu0.75B9.25P1C3,0.9731278535996987,1.0965840459533247,9.399999999999999,12.490621434047878
Fe83Si3Sn0.75B9.25P1C3,0.8195439355418687,1.2956175642144643,6.6,19.752295048466124
Fe83Si3Cu0.5B9.5P1C3,1.3138672203691535,1.2929789288804687,20.6,19.632650207431983
Fe83Si3Cu0.25B9.75P1C3,2.229937685907934,1.1785646247999984,169.80000000000007,15.08567074807001
Fe83CuSi3B9PC3,0.5314789170422551,1.030970738562476,3.4,10.739170526481933
NbFe83CuSi2B9P4,1.089905111439398,0.9869714846359623,12.300000000000004,9.704462465728762
Fe83Si5(B3P)3,0.7323937598229685,0.7956424778359188,5.3999999999999995,6.24658246638814
Nb7Fe83(CoB4)2,0.9007901359776436,1.4497620712210375,7.95774715459,28.168392995043426
Cr2Fe83Si2B8P4C,0.8365139988906715,0.8507037881937305,6.863,7.090939634053387
Nb3Fe83CuSi4B9,0.6989700043360189,1.0994168261540216,5.0,12.572360519259702
Fe83Si2B8Mo2P4C,0.6631353149577542,1.2266654308795264,4.604,16.85254249344456
Fe83P11C6,0.6720978579357175,0.8476147825674467,4.7,7.040682862225351
Fe83CuSi3B11P2,0.7160033436347992,0.8817815692359323,5.200000000000001,7.616958146291208
Fe83CuSi4(B5P)2,0.7923916894982539,0.8485028189467765,6.2,7.055094234020912
Fe83Sn5B12,2.1760912590556813,1.5878394450668998,150.00000000000003,38.711450556274855
Al5.4Fe84.2Si9.6Sn0.8,2.355634995986154,3.065201507945537,226.79579390581497,1161.9876384847964
Fe84.3Si1B9.2P5C0.5,0.5440680443502757,0.8503758681597501,3.5,7.08558754319507
Fe84Cu(SiB7)2,0.2787536009528289,0.9775204082929152,1.8999999999999997,9.4955561951103
Fe84Si4.5B8.5P3,0.7923916894982539,0.8263106975881358,6.2,6.7036402144765175
Fe84Si1.5Cu1B8Mo2P3.5,0.6434526764861874,0.901000717796665,4.4,7.9616066630094755
CrFe42Si(B2P)2,0.9600900679049195,1.0179674957400897,9.121999999999998,10.42239421289973
Fe84CuB15,3.0147334882844805,1.3524703569543732,1034.5071300967004,22.51491734501867
Fe42SiB4MoP2,0.8637985386805002,0.9041897511765822,7.308,8.020284076789569
Tb0.12Nb2Fe84B14,6.235243887128575,5.860154826954497,1718873.3853914407,724694.2691567708
Nb3Fe42B5,0.47712125471966244,0.9335522322686822,3.0,8.581283149596151
Fe21Ni4,3.076881395033325,3.365302962856295,1193.6620731885,2319.011823280191
Fe84P10.7C5.3,0.8573324964312685,0.727325371324051,7.200000000000001,5.337346171262799
Fe84CuSi2B8MoP4,1.3783979009481377,0.9341230110392124,23.900000000000002,8.592568658643417
Zr7(Fe28B3)3,0.2624510897304295,1.609921444867024,1.8300000000000003,40.730659757293175
Fe85.25Cu1.5B11.25P2,0.8864907251724818,1.135896919064174,7.7,13.674042300904791
Fe85.5Si2B10P2C0.5,1.0791812460476249,0.8967079199473436,12.000000000000002,7.883297566499518
Fe85.5Cu1.5B13,0.47712125471966244,1.460776565311487,3.0,28.89193075441488
In0.2Fe85.8B1P11C2,0.4623979978989561,1.027420379106759,2.9000000000000004,10.651735633612951
Fe85.8Sn0.2B1P11C2,0.6127838567197355,0.9011860281170041,4.1,7.9650045479742015
Fe85B11(PC)2,0.7993405494535817,1.024372480664653,6.299999999999999,10.57724297029259
Fe85Cu1.5B13.5,1.5440680443502757,1.1921537778741538,35.0,15.565166758014868
Fe85SiB14,1.0043213737826426,1.564259475186197,10.100000000000001,36.66565732107708
Fe17B3,4.201820131641625,1.474078062858915,15915.494309180018,29.790518550799828
Fe85CuSiB8PC4,1.2671717284030137,1.3831709747564558,18.499999999999996,24.164119497552406
Fe85Si1.5Cu1B8Mo1P3.5,0.5440680443502757,0.9466776621656763,3.5,8.84458911649634
Fe85Si4B8P3,1.2405492482825997,0.9738230991965913,17.4,9.41506015558553
Fe85B9(P2C)2,0.6989700043360189,1.4550923918641727,5.0,28.516248580191544
Fe85B2P11C2,0.7481880270062004,0.7731440005222436,5.599999999999999,5.931219554759537
Nb6Fe85B9,0.7634279935629373,0.9963771422725523,5.800000000000001,9.916927592209118
Fe85B2P11C2,0.7481880270062004,0.7731440005222436,5.599999999999999,5.931219554759537
Fe17Pd3,3.3157634839484618,3.474283812784514,2069.014260193401,2980.4635352605164
Fe85Si1.4Cu0.5B9P4C0.1,0.9684829485539351,0.9440129253434404,9.299999999999999,8.790486784273778
Fe85Si1.5Cu0.5B9P4,1.0,0.9776862043667731,10.0,9.499181906573602
Fe85CuSi2(B2P)4,1.6074550232146685,1.048196111087062,40.49999999999999,11.17367695188697
Al5.4Fe85Si9.6,2.572887993913361,2.7193648594373334,374.01411626573,524.0405085636594
Fe86.5Si13.5,3.7190160295915993,2.9559749627315552,5236.197627720222,903.5973794331942
Zr3.3Fe86.7Ag6B4,1.9007901359776436,2.1849974175482867,79.57747154589998,153.1078357381037
Hf0.6Fe86Si0.75Cu0.4B12.25,1.14921911265538,1.3717163461309843,14.1,23.53511615879385
Hf0.6Fe86Si0.5Cu0.4B12.5,1.2174839442139063,1.289254201308418,16.5,19.464990733694577
Hf0.6Fe86Si0.25Cu0.4B12.75,1.0492180226701815,1.374008998133676,11.199999999999996,23.659687174091857
Hf0.6Fe86Si1Cu0.4B12,1.1986570869544226,1.3353561937159772,15.8,21.644930402643276
Fe43B7,0.8325089127062363,2.9057009145345334,6.799999999999999,804.8239923799168
Zr5.5Nb5.5Fe86B3,1.9007901359776436,2.1878116923479642,79.57747154589998,154.10321251803427
Zr7Fe86CuB6,0.47712125471966244,1.8733782281548579,3.0,74.7099125670326
Al4.2Fe87.3O8.5,1.6789413863612872,3.6353465771268256,47.746482927539994,4318.635765577295
Fe87B13,0.8260748027008264,2.9226122981786586,6.7,836.7819396045891
Pr10(Fe29B)3,3.6020599913279625,5.38430800153238,4000.0000000000014,242274.66488890888
Pr11Fe87B2,3.845098040014257,5.04893122680929,7000.000000000001,111926.0627658315
Zr10(Fe29B)3,3.041392685158225,2.447229658982264,1099.9999999999995,280.04618385455746
Zr11.6Fe88.4,6.325018206673623,3.7944659663693048,2113577.644259102,6229.683263972377
Zr11.6Fe88.4H16,5.9252758036768105,3.3075294494425305,841929.6489556219,2030.1561797729653
Zr11.6Fe88.4H4,6.263272610728818,4.645271063592592,1833464.9444175372,44184.61382446913
Zr11.6Fe88.4H8,6.155338213086617,3.6532954384314045,1430007.163679822,4500.859316882827
Fe22Co3,2.5611968224983364,3.957726069408654,364.07999999999987,9072.481042913649
Sm9Fe88Mo3,6.53425859155723,5.531689460973532,3421831.2764737005,340164.8703689393
Sm9Fe88Mo3C,6.633183895800612,5.726646397429514,4297183.463478601,532900.8309432941
Fe8N,4.457092636744931,4.09119974562356,28647.889756523997,12336.721071754935
Mn0.9V0.9Fe9.4Co6.7Ni6.6,3.4059401142975494,3.3661631107502705,2546.479089468799,2323.6093252799783
Mn0.9V0.9Fe9.4Co6.7Cu2.4Ni6.6,3.73329904868388,3.4263419302548126,5411.268065121203,2668.95917182032
ZrFe9,4.201820131641625,4.533560257944969,15915.494309180018,34163.33486989171
Zr7(Fe30B)3,1.5622928644564746,2.4382935287479843,36.49999999999999,274.34277594766723
Fe91.5Si6.5Ge2,2.4448581803279192,3.448670135492288,278.52115041064997,2809.765887045534
Zr7Fe91B2,2.832508912706236,2.064467691597078,679.9999999999998,116.00259153076388
Fe93Ni7,4.9977001489857,3.109058954968443,99471.83943237505,1285.4611479488424
Cr3Fe93Ni4,2.8976270912904414,2.983128448988149,789.9999999999999,961.8967314385636
TiFe47Ni2,1.6020599913279625,2.99834003900283,40.00000000000001,996.1850938672359
Fe19B,4.153643166957536,2.208212838824238,14244.367406716088,161.51499147654485
Fe19Ni,3.778151250383644,3.2646572614981926,6000.000000000004,1839.3198656945447
Fe19Sn,4.652838583797082,4.134245909218366,44961.27142343346,13622.157873581877
Fe97Si3,3.0469181716558817,3.135145832852912,1114.0846016426,1365.0414303859075
Fe49Sn,4.911514001369417,3.973177383252115,81566.90833454754,9401.072095782647
Fe99.2,2.778151250383644,2.6136702351529313,600.0000000000002,410.83764883833754
Fe,4.504508134777214,2.9516388181683886,31952.742149825244,894.6204432913529
FeH2WCN,4.5028501273056065,4.031867608863814,31830.98861836004,10761.37111987615
FeO,4.757216908447888,3.5743447391732213,57176.413305729155,3752.707707127339
Fe2Pt,5.946113114764301,5.052520183578207,883309.9341594892,112854.83849251951
MgFeO,2.3010299956639813,3.496932722967218,200.00000000000003,3140.022231922697
MgFeSiO3,2.3010299956639813,3.332574587207639,200.00000000000003,2150.6740116749475
FeSiO2,2.3010299956639813,3.7670582181449577,200.00000000000003,5848.684818155077
Al2Fe,4.803880122969587,3.3762424990782733,63661.977236719955,2378.167824853319
FeB,2.514631957853713,3.866224647719333,327.063408053649,7348.939087888245
FeCo,4.377911390697306,3.976231039266332,23873.241463769984,9467.406816958373
NbFeCoB,3.076881395033325,2.1670892749644297,1193.6620731885,146.9228265871173
Nb0.4V0.5Fe1Co0.5W1,2.1818435879447726,3.4905902469305383,152.0,3094.4982892161934
V0.3Cr1Fe1Co1,3.0791812460476247,3.5658803920778395,1199.9999999999995,3680.276021520704
V0.3Cr0.2Fe1Co1Mo1,2.744022914075653,3.71524050707797,554.6549766749231,5190.874237391878
V0.5Cr1Fe1Co1,2.204119982655925,3.542722074518161,160.00000000000009,3489.1695563303415
FeCo13C,4.690370848142069,3.835505092643704,49019.722472274414,6847.075120924252
FeCo22C,4.532233904990815,3.9717029202543586,34059.157821645174,9369.208856332774
GaFeCo2,2.502850127305606,3.237099528538507,318.30988618360004,1726.2334526392165
FeCo2Si,3.8038801229695873,3.6038277676881125,6366.197723672001,4016.3150042013613
FeCo31C,4.227125996906395,3.956913660568816,16870.42396773079,9055.525556338369
FeCo85,0.7993405494535817,4.290351791500245,6.299999999999999,19514.246719810533
YFeCo85,1.0762762554042176,1.4104040545251584,11.919999999999998,25.727883145012694
YFeCo86,1.0989896394011773,1.3033650176070797,12.559999999999999,20.107821329986585
YFeCo87,1.1132746924643504,1.3264359839793243,12.979999999999999,21.204888050515176
AlFeCoNi,3.53655844257153,3.2854594996420308,3439.9999999999986,1929.5653851746888
FeCoC,4.2810013776892495,4.2701814805377305,19098.593171015993,18628.654177727265
FeCoSiO2,4.377911390697306,3.75795590918385,23873.241463769984,5727.378820486281
AlFeCoN,1.9007901359776436,3.2690370628106304,79.57747154589998,1857.9630074006318
AlFeCoNO,3.2312039093268345,3.035520509345459,1702.9578910822604,1085.2267977298366
FeCoB,2.5540026497529875,3.6067151523253997,358.0986219565502,4043.1062303288727
Gd0.2Al1Cr1Fe1Co1,3.9576949873141163,4.5822891729446455,9071.831756232601,38219.86713283796
TiCrFeCoMo,4.876221944486907,3.5470535358402877,75200.7106108755,3524.143107688192
AlFeCoCuNi,3.4805737325944537,3.322147428429486,3023.9439187441994,2099.652524359947
Ti0.1Al1Fe1Co1Cu1Ni1,4.420618129753362,3.507996979960176,26340.143081692877,3221.046392375302
Ti0.3Al1Fe1Co1Cu1Ni1,3.972672143283769,3.97264653836878,9390.1416424162,9389.588039501677
Ti0.5Al1Fe1Co1Cu1Ni1,4.774691733842105,3.8900661643275236,59523.948716333216,7763.653861050839
MnFeCoCuNi,4.43986623477042,3.6947071530617492,27533.805154881404,4951.162188787055
GaFeCoO4,4.700130685431225,3.2646943591614592,50133.80707391699,1839.4769880763747
FeCoNi,2.2764618041732443,3.8432016905947677,189.00000000000009,6969.501093954311
Al0.8Fe1Co1Cu0.8Ni1,2.558708570533166,3.0096741414960655,362.00000000000006,1022.5254861930415
Al0.8Cr0.1Fe1Co1Cu0.8Ni1,2.5514499979728753,3.176613554410115,356.0000000000001,1501.805029419146
Ho0.05Al0.8Fe1Co1Cu0.8Ni1,2.3483048630481607,3.7724691057159823,222.99999999999997,5922.0095814523565
Nd0.05Al0.8Fe1Co1Cu0.8Ni1,2.4785664955938436,4.24729725757231,301.0000000000001,17672.470182194662
Y0.05Al0.8Fe1Co1Cu0.8Ni1,2.490800952010855,3.181649033995054,309.60000000000014,1519.319227419527
AlFeCoNi,3.4689918600446386,3.2854594996420308,2944.3664471982997,1929.5653851746888
Mn0.25Al0.25Fe1Co1Ni1,2.8403093885962623,2.8743940566347836,692.3240024493301,748.8486593796248
Al0.2Fe1Co1Si0.2Ni1,2.4983105537896004,2.307943003316933,314.99999999999994,203.20903024875915
Al0.375Fe1Co1Si0.375Ni1,0.7075701760979364,2.9361141610316275,5.1,863.205424863239
Fe1Co1Cu0.2Ni1Pt0.2,3.6167934796124426,4.314338566818639,4138.028520386798,20622.369632205726
Fe1Co1Cu0.4Ni1,4.037510703134051,3.3447431439130897,10902.113601788307,2211.7861993556235
Fe1Co1Cu0.5Ni1,3.201820131641625,3.7423582215016227,1591.549430918,5525.330002012771
Fe1Co1Cu0.5Si0.2Ni1,2.7758513993693437,3.439351629782949,596.83103659425,2750.119907130593
TiFeCoCuNi,1.5882380827421352,3.5083207602454536,38.74699999999999,3223.448679813023
ZnFeCoCuNi,3.298730144649681,3.4886146333025656,1989.4367886474993,3080.4533288955968
Gd0.03Fe1Co1Ni1,2.6377898293622293,4.339856139032364,434.3000000000002,21870.370432906286
Mn0.25Al0.25Fe1Co1Ni1,2.428134794028789,2.8743940566347836,268.00000000000006,748.8486593796248
Mn0.5Al0.5Fe1Co1Ni1,2.863322860120456,2.9670526784391855,730.0,926.9422514937502
Mn0.75Al0.75Fe1Co1Ni1,2.6483600109809315,3.095627356590223,444.99999999999994,1246.3136644045142
MnAlFeCoNi,2.424881636631067,3.6248836189671527,266.00000000000006,4215.835135071664
MnFeCoSiNi,3.6335054763276364,3.4823583207434776,4300.366562340434,3036.395371513025
MnVFeCoNi,4.0768813950333245,3.492424207038681,11936.62073188499,3107.593518990585
FeCoNiN,4.708325164046497,3.472885679284035,51088.736732467776,2970.883893596158
Fe1Co1Ni1Pt0.4,3.5382798654901544,4.142081091358511,3453.6622650920604,13870.147877537294
FeCoPd,5.442369379924225,3.6297187649510545,276929.6009797321,4263.033691354714
FeCoPt,3.0147334882844805,5.104712352647832,1034.5071300967004,127265.98778019805
FeCoSiB,3.2013971243204513,2.5026994810010517,1589.9999999999993,318.1994912919251
SmFeCo,2.9136019497291574,5.420952948974095,819.6,263604.5783814664
TaFeCoN,1.9007901359776436,3.1269009371427736,79.57747154589998,1339.371141140578
VFeCo,1.954242509439325,3.3808282086877957,90.00000000000001,2403.411908446489
VFeCo,1.8920946026904804,3.3808282086877957,77.99999999999999,2403.411908446489
FeCoW,0.7458881759919005,4.21120875347858,5.570423008213,16263.303003937022
Cr22FeCo15,4.538824988937904,3.5832468689914956,34580.000000000015,3830.4241687271956
CrGaFeBMoPC,0.6989700043360189,2.503113782293958,5.0,318.5031869797496
CrFeNi,3.77002185570862,3.4742848443473338,5888.7328943966,2980.470614648231
NbFeCuSiB,-0.1804560644581313,1.6255231093734195,0.66,42.22047445162113
NbFeCuSiB,1.6167934796124428,1.6255231093734195,41.380285203868,42.22047445162113
RibbonNbFeCuSiB,1.0,4.461184067424459,10.0,28919.053015106994
NbFeCuSiBMo,0.6020599913279624,2.2118632028383636,4.0,162.8782906217318
DyNbFeCuSiBMo,0.6020599913279624,4.9557058465532196,4.0,90303.76271069393
GdNbFeCuSiBMo,0.6020599913279624,4.4324783401169,4.0,27069.38195466407
NbFeCuSiB,0.0,1.6255231093734195,1.0,42.22047445162113
ZrFeCu,3.7458881759919005,3.3162329589008683,5570.423008213001,2071.252086412399
FeF,3.201820131641625,3.956062872366563,1591.549430918,9037.803035993016
GaFeB,0.1312390573559175,2.710047602811896,1.3528170162803,512.9176015650181
GaFeMo,3.1049101186335686,3.786644412351304,1273.2395447344004,6118.492222923917
GaFeSiB,2.2013971243204513,2.0062935882580106,158.99999999999994,101.4597033672988
SmGaFeC,6.24321281679985,5.9242747346177165,1750704.3740097994,839991.1967726408
MnAlFeNi,5.641152825471887,3.7817076593725303,437676.09350244974,6049.335332135314
MnFePt,5.9977001489857,5.3553663983675355,994718.3943237505,226655.57113301734
MnAlVFe,3.9977001489857003,3.7205003379923944,9947.183943237505,5254.124240154228
FeGe3Mo4,3.8403093885962623,3.013557828654749,6923.2400244933015,1031.7104481093415
FeN,4.378397900948138,4.12800935315029,23900.00000000002,13427.93879805378
ANdFeBP,6.047274867384179,5.807897244378349,1114999.9999999998,642535.6731012518
NdFeBPI,6.047274867384179,5.585259353397821,1114999.9999999998,384821.5224141873
NdFeBH,6.419129307741976,5.856750896682977,2625000.0000000005,719036.43364424
NdFeBPH,6.047274867384179,5.875913314904967,1114999.9999999998,751472.8852045286
NdVFeB,6.419129307741976,5.780898292086646,2625000.0000000005,603807.2065279807
ElectrodepositedFeNi,3.502850127305606,4.2851016158835185,3183.098861836,19279.759667304777
FeNi,3.7069701099615306,3.841903607170777,5092.958178937598,6948.700721889765
FeNi,2.832508912706236,3.841903607170777,679.9999999999998,6948.700721889765
FeNi,3.2810013776892495,3.841903607170777,1909.8593171015993,6948.700721889765
FeNi13C,3.572887993913361,4.094265591890215,3740.1411626573,12424.118697181082
FeNi22C,3.73329904868388,4.008491834246742,5411.268065121203,10197.455862594765
FeNi31C,4.216760481434561,3.6277735431946305,16472.5366100013,4243.982097081416
FeNiC,3.0469181716558817,4.1484539824117705,1114.0846016426,14075.180806714485
FeCuNiB,0.5440680443502757,2.764320354962158,3.5,581.1929732762094
CrFeNi,3.3369527830183996,3.4742848443473338,2172.4649732030693,2980.470614648231
FeNiPt,5.543056754880317,4.707212326488876,349185.94514340936,50957.994370315515
FePd3,1.9007901359776436,3.8312537215020486,79.57747154589998,6780.375118447392
FeCuPd,5.201820131641625,3.948875221097471,159154.94309180017,8889.456745895948
FePdPt,5.480573732594454,5.304066428171321,302394.3918744202,201403.2285667366
FePt,5.377911390697306,5.858498943627721,238732.4146376998,721936.4069062474
Fe1Ag0.5Pt1C0.5,6.138836239106439,5.7357263388102435,1376690.2577440701,544159.6544567463
GranularFePt,6.599760140313663,5.740760053648091,3978873.577295003,550503.460916806
L10FePt,5.377911390697306,5.80284317404252,238732.4146376998,635101.5520221187
FePt,3.909390307739561,5.858498943627721,8116.902097681799,721936.4069062474
FePt,6.332153900136631,5.858498943627721,2148591.7317393,721936.4069062474
Fe1Ag0.5Pt1C0.5,6.360182623736875,5.7357263388102435,2291831.180521921,544159.6544567463
FeSiPtCO2,6.4126734969565184,4.612128583837045,2586267.8252417524,40938.18496122641
FeAgPt,6.222976449893391,5.5297666799210665,1670999.9999999988,338662.1646207485
FeAgPt,6.648978162983844,5.5297666799210665,4456338.406570397,338662.1646207485
VFeBPtN2,6.502850127305606,5.040776216774843,3183098.8618359976,109843.96896686853
FePtC,6.554002649752987,5.517997197765622,3580986.219565498,329607.58541618066
MgFePtO,5.713703492620499,4.663570599241791,517253.5650483496,46086.16806270887
FePt3,4.830209061691936,4.934565179196663,67640.85081401495,86013.21463911458
FePt,5.966743116291513,5.858498943627721,926281.7687942763,721936.4069062474
FePt,5.830209061691936,5.858498943627721,676408.5081401494,721936.4069062474
FeAgPt,6.04066922237888,5.5297666799210665,1098169.1073334196,338662.1646207485
FeAg7BPt,5.954242509439325,5.466259908925344,900000.0000000006,292590.2896900838
FeAg10BPt,5.821513528404773,5.540488426409534,662999.9999999994,347127.02511494374
AlFePt,5.599760140313663,5.374718087818133,397887.35772950033,236983.4882965686
FeBPt,5.979971382025268,5.560048393822973,954929.6585507995,363118.515137059
RibbonFeBPt,5.775851399369344,5.227689525772336,596831.0365942506,168923.28785652074
FeCoPt,3.7001306854312253,5.104712352647832,5013.380707391699,127265.98778019805
FeCuPt,5.582031373353231,5.7624843781631006,381971.86342032,578741.170302488
FeCuPtC,6.223009430711563,5.668463964252654,1671126.902463899,466083.7529233506
FePtI,5.758845854028008,5.471680472989913,573912.7247890313,296265.08522719145
FePtI2,5.836146228923217,5.560313106614194,685719.0723110201,363339.9119541968
FePtI3,5.856958566453007,5.303847989485316,719380.3427749358,201301.9535187758
FePtN,5.286396409575956,5.543290280191175,193373.25585653717,349373.7570711212
FeNiPt,5.745888175991901,4.707212326488876,557042.3008213006,50957.994370315515
FePPt,6.146128035678238,4.989311436259702,1400000.0000000005,97568.90618147944
TiFePt10C,5.979971382025268,5.590405928505232,954929.6585507995,389408.9496213035
TiFePt20C,5.720334071519512,5.4898142636017315,525211.3122029401,308897.4076506472
TiFePt25C11,6.0530784803607,5.4124730508143415,1130000.0959517793,258507.4423496591
AlFePtN,5.803880122969587,5.260657288164996,636619.7723671995,182245.6991709595
FePtAu,5.599760140313663,5.667133727561514,397887.35772950033,464658.3303670058
FePtC,5.9421828211358685,5.517997197765622,875352.1870048996,329607.58541618066
FeSiPtCO2,6.235243887128575,4.612128583837045,1718873.3853914407,40938.18496122641
FeSiPtN,6.085481566795242,5.274456369767595,1217535.31465227,188129.2697690237
FeRh,3.664218129540581,4.451672127666953,4615.493349662201,28292.552319187704
FeRh,4.44485818032792,4.451672127666953,27852.115041065026,28292.552319187704
MnGaFeRu,5.502850127305606,3.786086014253271,318309.8861835997,6110.630370953853
FeSb3,3.8038801229695873,4.060242811516196,6366.197723672001,11487.95726983646
Fe1Se1.14,5.377911390697306,4.497810166465373,238732.4146376998,31463.72709215705
FeSi,1.2041199826559248,3.7085308892806568,16.0,5111.294319261992
Cr10FeSi10,3.3979400086720375,3.303629587505889,2499.999999999999,2012.0074640217886
Fe(SiO)2,2.693881736154224,3.3622730600544717,494.17609830003926,2302.8892901649106
AlFeSi,0.6232492903979004,3.4159030192655435,4.199999999999999,2605.571644222882
AlFe3CoSiO4,3.7300939088086684,3.7166941367572033,5371.479329348249,5208.277753312272
MnAlFe3SiO4,3.6411528254718877,3.492234106324515,4376.760935024502,3106.2335512795903
AlFe3SiNiO4,3.6789413863612874,3.7538423521262594,4774.648292754002,5673.386254412922
AlZnFe3SiO4,3.6931818254758975,3.605805039262386,4933.8032358457995,4034.642316914741
FeSiB,1.3424226808222062,1.845505085488431,21.999999999999996,70.0656387342416
AlFeSiNiB,4.20051528995328,2.6797783257777548,15867.747826252451,478.3858504901567
AlFeSiNiBC,3.5997601403136623,2.6134847221936517,3978.8735772949994,410.66219316163637
CeAlFeSiNiB,3.5997601403136623,3.9448081645127466,3978.8735772949994,8806.59784213148
NbAlFeSiNiB,4.324363655710379,1.78782046924323,21103.945453972687,61.35083376886262
FeSiBC,2.3525765715019338,2.9290546846530328,225.20424447489697,849.2874072339088
CrFeSiBC,2.407295168382516,2.8429552616106473,255.44368366233914,696.5547555591136
CrFeSiBC,3.798417227268085,2.8429552616106473,6286.620252126098,696.5547555591136
FeCuSiB,3.8403093885962623,2.0717478645590592,6923.2400244933015,117.96355836765807
NbFeCuSiB,2.8302090616919364,1.6255231093734195,676.4085081401502,42.22047445162113
NbFeSiB,3.6959747256600677,1.7615098257362938,4965.634224464161,57.74439370007828
NbFeCuSiBP,-0.09691001300805639,2.3032088346656963,0.8,201.00591364655452
FeCuSiNiBMoPC,1.8260748027008264,1.6508135405896562,67.0,44.75211248048314
NbFeCuSiNiBPC,1.414973347970818,1.4683975707822048,26.0,29.40340126890809
NbFeCuSiBP,0.5185139398778875,2.3032088346656963,3.3000000000000003,201.00591364655452
CrFeSi,2.9122220565324155,3.4990364899098703,817.0,3155.26972154138
MgCrFeSiO,2.859831528298737,3.2610191192882034,724.1549910676897,1823.9759988848482
CrFeSiB,3.2666523513801984,2.353961965157347,1847.788889295797,225.92379009765634
SmFe,4.6566649916501355,4.792475022307945,45359.158781163045,62011.897756331375
TaFeCN,1.9007901359776436,3.07889344819628,79.57747154589998,1199.2050485771524
TaFeN,1.8550326454169686,2.528242283513647,71.61972439131002,337.47552646170027
TbFe,6.855032645416968,3.904648133735731,7161972.439130997,8028.753673594844
TiFeB,2.7458881759919005,3.5014796963053874,557.0423008213,3173.07031620715
TiFeO3,6.502850127305606,3.6770661459595946,3183098.8618359976,4754.076281962458
ZrFeB,4.2328244130051615,2.6588849173999964,17093.240888059318,455.9160878881708
AZrFeBC,5.252779591413276,4.769784316663402,178969.7335067292,58855.129098546335
LNaZrFeBO,5.111643501292537,3.820131834956146,129313.39126208762,6608.940393509829
ZrFeN,2.103803720955957,3.0975710232262927,126.99999999999999,1251.903988942283
Fe0.07C0.2O1,2.197455326239175,4.041082964108057,157.56339366088207,10992.158046808257
Fe0.07P1C0.2O0.3,1.9093903077395613,2.771444260246592,81.16902097681802,590.8051335133313
Fe0.07Si1P0.3C0.2O0.3,1.7872808611501254,1.8406387728839517,61.27465309034299,69.28492846180293
Fe0.07Si1P0.4C0.2O0.3,1.7001306854312253,1.7969407225920742,50.13380707391699,62.65283431830878
Fe0.07Si1P0.5C0.2O0.3,1.60836031207558,1.9204213090900852,40.58451048840901,83.2571056672848
Fe0.35P1,2.2432128167998497,2.5138599735601628,175.07043740097996,326.48254978496163
Cr1Fe0.7Si1P0.7,1.9007901359776436,3.0927188469357785,79.57747154589998,1237.9948753486233
Fe10Ni,2.3010299956639813,3.7501710539138813,200.00000000000003,5625.628560507136
Cr3Fe15Si1Mo0.5,2.567543915573101,3.1151440779508475,369.43999999999994,1303.599178021662
Cr15Fe28Co3.5Mo1,4.838786144946595,4.439350215467101,68990.00000000006,27501.10951152571
Ti1Cr15Fe28Co3.5Mo0.89,4.781603728258435,4.621905781993046,60478.87837488406,41870.271981159305
Cr15Fe28Co3.5Si1Mo0.91,4.678941386361287,3.9723770317201184,47746.482927539975,9383.763025624956
V1Cr15Fe28Co3.5Mo0.93,4.745888175991901,4.416832568818086,55704.23008213006,26111.544961820502
Ti1Cr15Fe28Co3.5Mo1.83,4.896526217489555,4.7060314965491425,78799.99999999993,50819.62973904393
Ti1Cr15Fe28Co3.5Mo1.8,4.896526217489555,4.676784676252563,78799.99999999993,47509.96125566631
Cr16Fe30Co,4.737192642704738,4.358978828601753,54600.00000000006,22854.87385558556
Fe45Ni,2.825069422039525,2.929889908142715,668.4507609855598,850.9223055701859
VFe49Co2,2.859831528298737,2.7379979701104737,724.1549910676897,547.0134061509663
V0.5Cr1Fe49Co2,2.3157634839484618,2.7676245905454357,206.90142601934008,585.6317184462383
Fe50Ni,1.6434526764861874,3.573376184075804,43.99999999999999,3744.3478169647656
Fe79Ni4Mo,0.05153839051532738,2.9568768871189377,1.126,905.4758821251696
Al2FeO3,4.502850127305606,3.4715543325647955,31830.988618359974,2961.790478062848
VFeCo2,3.225895118949051,3.136684849800355,1682.2677484803257,1369.8873327483668
AlFeCo,3.223009430711563,3.3372757899883516,1671.1269024639007,2174.0813472885366
AlFeCoO,1.9007901359776436,3.3959871144656324,79.57747154589998,2488.7834748832943
ZrFeCo,2.6127838567197355,3.973976324019831,409.99999999999994,9418.38249907833
CrFeCo,4.6020599913279625,3.815537264036677,40000.00000000001,6539.3903793125355
CrFeCo,3.9777236052888476,3.815537264036677,9499.999999999996,6539.3903793125355
FeN,2.502850127305606,4.12800935315029,318.30988618360004,13427.93879805378
FeNO,3.73329904868388,3.7958069446185188,5411.268065121203,6248.948487410653
FePd,5.043492381715259,4.787221045014577,110533.10797725506,61266.21420679467
ZrFeN,1.7781512503836436,3.0975710232262927,60.0,1251.903988942283
G15PN,4.008000105625512,4.604097094974037,10185.916357875198,40188.06490376097
G15MP10N,4.104910118633568,3.81905480545391,12732.395447343992,6592.570844295462
G15MP15N,4.085481566795242,4.107747522834367,12175.3531465227,12815.85316220673
G15MP5N,4.126099417703506,4.142765016957397,13369.015219711198,13892.007751173629
A4G,5.826074802700827,4.043153709548945,670000.0000000007,11044.694548527761
A40G,6.006466042249232,4.043153709548945,1015000.0000000012,11044.694548527761
A40G,5.913813852383717,4.043153709548945,820000.0,11044.694548527761
AGB(PH)2,6.114838815389585,5.575933304749152,1302683.2092063827,376645.9524619707
AGBPH2,6.021034931524009,3.9928474504876372,1049626.849690422,9836.65524456456
GC,1.4292676664331685,4.281764857508441,26.87,19132.19759257648
GSr10C,1.520876381688342,5.380571139656947,33.18,240198.96938569096
GSr20C,1.5454308294653512,5.474999457556676,35.11,298537.88901119796
GSr30C,1.6208644752651211,5.395681350616314,41.769999999999996,248703.18703223372
G2M2Magnet,6.294540776325724,3.956285910928716,1970338.195476485,9042.445729795823
GRdopedNdFeBPN,6.051853389331394,4.694742180929661,1126816.9970899448,49515.61539127638
GFe2NiO5,3.298730144649681,3.9606899281669192,1989.4367886474993,9134.608279106438
GMO,3.1049101186335686,3.140936284700315,1273.2395447344004,1383.3634109767863
GM2O,3.1049101186335686,3.2029832346903815,1273.2395447344004,1595.817541822177
GM3O,3.1049101186335686,3.393161287560818,1273.2395447344004,2472.642260282804
GM4O,3.1049101186335686,3.2672529899081244,1273.2395447344004,1850.346188717999
EGYHN,3.6615894476083612,4.284927677765744,4587.641234621133,19272.039528575475
GYPHN,3.572980387165896,4.9048923027348845,3740.9369373727577,80332.6886781033
GYHSN,3.593196370811274,4.322973421847315,3919.190473635573,21036.496957091334
Mn0.08Ga0.92As1,3.201820131641625,3.8449792591508403,1591.549430918,6998.085740471786
Mn0.052Ga0.948As1,3.802793027328373,3.432647878728174,6350.282229362822,2707.995128379975
Mn0.041Ga0.959P0.973S0.027,3.502850127305606,3.561077004389527,3183.098861836,3639.795673171796
MnGa2Ni,4.2987301446496815,3.9506127490892085,19894.36788647501,8925.092977539289
GdGaN,3.5997601403136623,4.186017690451307,3978.8735772949994,15346.794948068604
MnGaAsP,0.6020599913279624,3.4539637526578173,4.0,2844.2237112643743
GaN,4.201820131641625,3.9704864918126725,15915.494309180018,9343.003075614539
GaN,2.9538685794610635,3.9704864918126725,899.2254284686703,9343.003075614539
Gd,4.0011606810952065,4.819588090250701,10026.7614147834,66006.710559432
Gd,4.037510703134051,4.819588090250701,10902.113601788307,66006.710559432
Gd,3.983575506294094,4.819588090250701,9628.874057053903,66006.710559432
GdFe,3.4973872316041037,4.937770713280266,3143.310126063049,86650.42821478378
GdI,3.3157634839484618,4.1451609470573105,2069.014260193401,13968.859431047114
G20GdI,4.436084256020414,4.35815945375607,27295.072740243686,22811.79466631095
G40GdI,4.436084256020414,4.158637661277051,27295.072740243686,14409.126737614582
Tb0.2Gd0.2Dy0.2Ho0.2Er0.2Ni1,5.392151829811916,4.702606366653856,246690.16179228996,50420.40927764894
Gd0.52Cr0.48,4.625066005578432,4.78126307565116,42176.05991932696,60431.45845465477
Ca0.5Gd0.5Cr1O3,3.502850127305606,4.846937546342162,3183.098861836,70297.12219355821
Ce2.5Gd0.5Fe5O12,4.579763511897409,3.956091804139465,37998.24266316724,9038.405135226756
Sr0.5Gd0.5Cr1O3,4.937818015733418,4.084828834159319,86659.86651348502,12157.067671055398
Gd0.6Y0.4B4,5.15606264108095,5.0561692351515495,143239.44878261996,113807.06809176086
Gd0.8Y0.2B4,4.9421828211358685,5.16625208020379,87535.21870048996,146639.87447814055
Ce1.5Gd1.5Fe5O12,3.4271294133674877,3.698120715468469,2673.80304394224,4990.231754876821
Ce2GdFe5O12,4.4144072097655185,3.7981397356717963,25966.128965427168,6282.604711604665
Ce0.5Gd2.5Fe5O12,2.9301739136628533,3.507672432270492,851.4789455411301,3218.6402078643073
Gd22Fe71Co7,4.457092636744931,5.0508574004349915,28647.889756523997,112423.57732024668
CeGd2Fe5O12,3.177251940150888,3.508762870521805,1504.0142122175105,3226.7318102136123
Gd2CoRuO6,4.15606264108095,4.8726209902638935,14323.944878261997,74579.76151283624
Gd2Mn1Co0.75Ni0.25O6,4.124078355074591,5.042821565377153,13306.944791905384,110362.50903388759
Gd2Mn1Co0.8Ni0.2O6,5.026297426035982,4.555021575185801,106242.29071150026,35893.97658634644
Gd2Mn1Co0.5Ni0.5O6,5.0352445677659095,5.011916117142009,108453.74864576064,102781.77586067659
Gd2Mn1Co0.25Ni0.75O6,4.996238462515766,4.873203173278032,99137.6140518823,74679.80465721176
Gd2Mn1Co0.2Ni0.8O6,4.944937756856366,4.893751039911072,88092.26100131129,78298.0669021332
Gd2ZnIrO6,4.03112390447265,4.56636660575815,10742.958658696498,36843.98575819065
Gd,6.0775859063672435,4.819588090250701,1195600.000000001,66006.710559432
Gd3Sn4Au13,2.8550326454169683,5.102401720196626,716.1972439130997,126590.67634192853
Gd3Ga2.03Fe2.97O12,3.480345096378642,3.5230117132852854,3022.352369313281,3334.3540567363366
Gd3Ga1.56Fe3.44O12,3.449056681148389,3.4751106686031745,2812.267844432106,2986.143462624507
Gd3Ga1.06Fe3.94O12,3.4253160726040193,3.484386440434122,2662.6621979258134,3050.608250079303
Gd3Ga1.04Fe3.96O12,3.4605771041782,3.503206655222101,2887.8664424007106,3185.7130547514794
Gd3Fe5O12,4.564491061367292,3.8407040358708016,36685.21438265992,6929.534093842808
Gd,6.075729399740899,4.819588090250701,1190500.000000001,66006.710559432
Gd57Fe36Co7,5.720334071519512,4.67942416040982,525211.3122029401,47799.5887820151
GdAl2,3.5997601403136623,5.248664636921325,3978.8735772949994,177281.9977013938
Ba1Gd1Co2O5.5,4.572887993913361,5.137158271568537,37401.411626573,137138.14527994854
Gd1Co3.5Cu1.5,5.524039426375544,4.7730896658513196,334225.38049277983,59304.775450926674
GdCrO3,6.046918171655881,4.7838042076328104,1114084.601642599,60786.08984273296
GdMnCu4,5.44485818032792,4.8823690501636445,278521.15041065024,76272.6876682256
GdDyCo,4.745888175991901,4.931378277952158,55704.23008213006,85384.35025728389
Gd(Al5Fe)2,6.855032645416968,5.265058257217357,7161972.439130997,184101.89432376708
GdFeCo,3.3124098419408736,4.729190289904528,2053.098765884219,53603.14729183789
GdFeO3,6.082633723922417,5.066569972658902,1209577.5674976811,116565.48436870133
GdN,2.9007901359776436,4.497551347711801,795.7747154589999,31444.981800861522
GdNi4B,3.347948167319863,4.362605466610387,2228.1692032852006,23046.525834077212
Gd(Al5Re)2,5.252972654089006,5.429485705458339,179049.31097827488,268834.9356206215
Gd(Al5Ru)2,7.131239057355917,5.582266953383672,13528170.16280299,382179.1176158733
GdTiO3,4.201820131641625,5.3012409697681875,15915.494309180018,200097.18076807942
Mn0.039Sn0.09Ge0.871Te1,4.53425859155723,4.012655832772227,34218.312764737006,10295.698893568733
Mn0.07Ge0.93,5.3631881338766,4.500503946816371,230774.66748310998,31659.492350699493
Mn0.05Ge0.95,5.392151829811916,4.535174868836719,246690.16179228996,34290.582991455136
Mn0.01Ge0.99,4.678941386361287,5.134468749127788,47746.482927539975,136291.4930329459
MnGe,4.5135739926973795,4.674351754903989,32626.763333819028,47244.55415272799
Gossexturesteelsheets,0.8129133566428556,4.23639818479687,6.5,17234.480016680045
GradedFeCuPt,4.745888175991901,5.2047233207180685,55704.23008213006,160222.43242639804
GranularMagnetite,4.2987301446496815,4.043153709548945,19894.36788647501,11044.694548527761
CrCoSiPHPtCO2,5.648978162983844,4.575845695922801,445633.8406570398,37656.998055073775
FeNiPHC,3.4805737325944537,2.9931071493533166,3023.9439187441994,984.2539114281013
Pr0.333333Nd0.333333,5.907256178226875,6.009746616142438,807711.336190885,1022696.1385036698
Ce0.333333Nd0.333333,5.762384280621509,5.338421287590307,578607.7956102391,217982.32858034744
RNdFeBH3,5.554002649752987,5.5089852205396,358098.6219565498,322838.42548109806
RNdFeBH3,6.042181594515767,5.5089852205396,1102000.000000001,322838.42548109806
H2F,6.1330236570923775,3.3218522402116255,1358387.439288514,2098.225883854433
GH2,6.293311225909576,4.75596148333556,1964767.7724682696,57011.37078525423
A50EH,2.6580113966571126,3.781636269249746,455.0000000000002,6048.3410130341845
AEH,2.611723308007342,3.4975481894901925,409.00000000000006,3144.4753131458497
A2EH,2.5240064455573727,3.062135886162865,334.20000000000016,1153.8142176472597
A3EH,2.6263403673750423,2.9944057499526098,422.99999999999994,987.2013712863269
AEMX3SiHC3,4.104910118633568,4.043376469828894,12732.395447343992,11050.36109608716
HF,2.5962718124678412,3.870992143601213,394.7042588676641,7430.0569678221
HF2,2.4297068362552983,3.4680518522863037,268.9718538251419,2938.000411528652
HF3,2.3401228298079064,3.962958560141383,218.83804675122508,9182.449744690344
GHO,0.7781512503836436,3.8191151110746993,6.0,6593.486344487598
EMypeRPH2I,1.3010299956639813,3.4044998969528404,20.000000000000004,2538.04838374865
MFe2HO3F,5.334719901586108,4.331241384832249,216132.41271866445,21440.819703078912
H2,2.9590413923210934,4.560240304705708,909.9999999999997,36327.90094487537
CoH2Pt,5.158468710846829,5.105334062104223,144035.22349807914,127448.30446129754
Fe2O3,1.7708520116421442,3.8462599993077484,59.00000000000001,7018.7536476351925
Hf0.98Co0.02O2,4.262517971995236,4.199735307380932,18302.81845555699,15839.275303752805
Hf2Co11,5.085481566795242,5.035188880534599,121753.531465227,108439.84309998457
Hf2Co11B,5.01473348828448,4.9657112168536015,103450.71300966993,92408.35023362872
Hf7Fe52Si41,5.572887993913361,4.4552555206549025,374014.11626573006,28526.961806133855
HfGa2Fe,5.131239057355917,4.463498139714536,135281.7016280299,29073.555058603262
HfMnGa2,4.405940114297549,4.9940390045051455,25464.790894687987,98636.80685453753
HfO2,3.201820131641625,4.211451080736096,1591.549430918,16272.380119795922
Cr2HgO4,6.900790135977644,4.407910054424827,7957747.154590007,25580.560398564765
Tb0.75Ho0.25Fe1.95,4.27185799824938,4.374949478305766,18700.705813286495,23710.978586177724
Sr0.67Ho0.33Co1O2.67,2.9007901359776436,4.983274199825347,795.7747154589999,96221.96017206856
Sr0.67Ho0.33Co1O2.71,2.9007901359776436,5.011578526481101,795.7747154589999,102701.91142169201
Dy0.5Ho0.5Fe1O3,4.753879665829509,5.030536827770434,56738.73721222671,107284.46202099262
Tb0.5Ho0.5Fe1.95,4.151210138286538,4.442138001291243,14164.7899351702,27678.21007708584
Tb0.25Ho0.75Fe1.95,3.8403093885962623,4.325004819556076,6923.2400244933015,21135.12494280321
Tb0.15Ho0.85Fe1.95,3.7137034926204993,4.266881987295993,5172.535650483501,18487.661775456527
Ho11In9Co4,5.201820131641625,5.228080077315627,159154.94309180017,169075.26520499383
BaHo2CuO5,5.979971382025268,5.734594691750432,954929.6585507995,542743.5759658632
Ho2Fe14B,6.02938377768521,5.552676058766761,1070000.0000000002,357006.4468996908
Ho2Fe17,4.93801909747621,5.0630015884470145,86699.99999999993,115611.64707201472
Ho3Co,4.979971382025268,4.955190248772461,95492.96585507996,90196.61699718576
Ho5Si3.2Ge0.8,5.104910118633568,5.450560568039732,127323.95447343994,282202.312364343
HoB50,6.104910118633568,5.882784208002624,1273239.5447343993,763456.343559864
Ho1Fe1.95,3.8302090616919364,4.356749063157254,6764.085081401501,22737.832513705227
Ho(MnSn)6,7.046918171655881,6.852556166385493,11140846.016425991,7121248.916479953
HoN,5.2987301446496815,4.254059369692579,198943.67886475014,17949.789904545418
HoNi4B,3.1312390573559177,4.019685713840296,1352.8170162803003,10463.710460027973
HoNiGe3,5.892016211670138,5.014825315740046,779859.2211498196,103472.58899594353
HoScSi,4.720334071519512,5.00066897841779,52521.131220294,100154.15667265926
FeCoBI,2.6411528254718877,3.631795741429037,437.6760935024502,4283.470116736217
I,3.6117532549729194,3.970104097090778,4090.282037459261,9334.780215799941
I,3.7076481654964613,3.970104097090778,5100.915926092192,9334.780215799941
IN50,3.643515267282342,4.715645783109674,4400.63417648827,51957.20531531914
GBPHIF,6.256241656104161,4.7357150953864675,1804021.2799455544,54414.55669224685
GBPH2I,6.29471614256348,4.816210034908112,1971133.9701919418,65495.28479095589
In0.2Fe2Cu0.8O4,2.083430948160511,3.6538462132611675,121.17999999999996,4506.570954280954
Mn0.02In0.98Sb1,4.237249869826173,3.47335187862042,17268.311325460298,2974.07474176484
Mn0.06In1.92Co0.02O3,3.9175728484644843,3.8788663879249663,8271.282392480845,7566.000887936068
Mn0.04In1.94Co0.02O3,3.8899283601934327,3.88686195936588,7761.190799871626,7706.584760982276
Mn0.02In1.96Co0.02O3,3.8258958627873074,3.918242811163453,6697.240005302943,8284.051901084154
MnInO3,4.0768813950333245,4.469611014392159,11936.62073188499,29485.67093252152
MnInSb,2.3364597338485296,4.700694679047894,217.00000000000003,50198.95529928761
Mn0.95Sn1.15Ir0.9,5.979971382025268,4.911042011125825,954929.6585507995,81478.30975934477
MnGaIr,5.9421828211358685,5.142245209278913,875352.1870048996,138753.9033417363
Jacobsite,2.3138672203691533,4.077920410194138,205.99999999999991,11965.212339794163
Ba0.25Bi0.75,4.851154990353766,5.03143642304439,70983.10461894273,107506.92080395951
K2Co(SeO3)2,5.803880122969587,5.195352696176519,636619.7723671995,156802.39657523486
K2NaCrO8,6.77002185570862,4.276988241091458,5888732.894396606,18922.923824556467
K2Ni2(MoO4)3,4.900790135977644,4.834941172314279,79577.47154590007,68381.90137888222
K3Fe5F15,6.046918171655881,4.442050681861307,1114084.601642599,27672.645644018965
K6BaCo9P9H3(ClO18)2,6.167961864380658,4.98961350489798,1472183.223599151,97636.79274202508
K1Ho0.15Fe2Bi0.85O5,4.1538985734553595,4.750207492905863,14252.74691446987,56261.005923717225
K1Ho0.05Fe2Bi0.95O5,4.84802774384831,4.679700599440294,70473.80880104906,47830.02407151437
K1Ho0.1Fe2Bi0.9O5,4.792086016371582,4.514361698740046,61956.37737358244,32685.99415734875
KFe2BiO5,5.038460673214399,4.9107564212926205,109259.86843252067,81424.74765199979
KNbO3,4.482967173666053,4.612835438314299,30406.5518776884,41004.8699006351
Llaninecadmiumchloride,3.0341871207934528,4.077920410194138,1081.9000000000003,11965.212339794163
L5Mn11Fe14Pt25,5.713703492620499,5.665334530194301,517253.5650483496,462737.32342154975
L10CoPt,5.954242509439325,5.474323271877704,900000.0000000006,298073.4346279736
L10Fe0.53Pt0.47,6.01473348828448,5.790608102367543,1034507.1300966993,617458.9674989778
L10Fe0.5Pt0.5,6.01473348828448,5.834903535386598,1034507.1300966993,683759.7550768945
L5Fe27Pt23,6.443615562936824,5.6062445699021906,2777253.756951911,403872.7670656267
L10FeCo,5.678941386361287,5.381407850826703,477464.8292753997,240662.182469409
L10FePt,5.775851399369344,5.80284317404252,596831.0365942506,635101.5520221187
L10FePd,5.174947985241324,5.362283462868361,149605.64650629205,230294.44527714225
L10Mn53Ga47,6.01473348828448,3.4540402156668315,1034507.1300966993,2844.7245167277642
L10CoPt,5.752048484696719,5.474323271877704,565000.0479758895,298073.4346279736
L5Fe27Pt23,6.2810013776892495,5.6062445699021906,1909859.3171015994,403872.7670656267
L10FeCoPt,5.00992977988166,5.591877888861145,102312.75516656373,390731.01800228644
L10FeNi,3.4805737325944537,5.248068003057551,3023.9439187441994,177038.6148682553
L10Fe1Ni1Pt12.5,6.225309281725863,5.279204567730298,1680000.0000000016,190197.3964515074
L10Fe1Ni1Pt8.3,6.146128035678238,5.5044934527266545,1400000.0000000005,319516.6195225079
L10FeNi,6.093421685162235,5.248068003057551,1239999.9999999988,177038.6148682553
L10FePd,5.44485818032792,5.362283462868361,278521.15041065024,230294.44527714225
L10Mn1.8Ga1,5.575651276715456,5.470502513791668,376401.4404121074,295462.5990452792
L2Mn11Ga9,1.6146165603581681,5.72176811551403,41.17338377784865,526948.4307395224
L5(Mn4Ga3)7,5.72686493867847,5.03643917376949,533169.05935753,108752.48108798864
L10MnAl,5.502850127305606,5.223943995351631,318309.8861835997,167472.68969093362
L10MnGa,5.644517365902283,5.188269860303752,441079.9999999998,154265.872678566
L10FeNi,4.980003371583746,5.248068003057551,95499.99999999993,177038.6148682553
L12CoPt3,5.01473348828448,4.761712850892623,103450.71300966993,57771.39451578189
L10FePt,6.524039426375544,5.80284317404252,3342253.8049277985,635101.5520221187
L10Mn1.5Ga1,5.502850127305606,5.4942668407803765,318309.8861835997,312080.64923063805
L11CoPt,5.233228595893249,5.653639477089451,171091.563823685,450442.6212521544
LBF,4.845272808127812,4.212797648187549,70028.174960392,16322.912335327488
LBF2,4.845272808127812,4.433226187228508,70028.174960392,27116.03508900352
LBF3,4.845272808127812,4.34921343979169,70028.174960392,22346.702113555035
LMC2O,4.697364469188074,4.211597440619767,49815.49718773344,16277.864935091882
LMCO,5.045675554264786,3.8693878456140505,111090.15027807647,7402.660727397337
ALMCO,3.38022147317538,3.719427037043259,2400.056541824343,5241.155404099827
ALMCoCO,3.3269759612221548,3.46397486459928,2123.126940844611,2910.54866111618
ALMFeCO,3.35988092557823,3.652179059543362,2290.239631091002,4489.3044573011075
ALMNiCO,3.338064933387767,3.5120335956888193,2178.0353962112827,3251.1244611417987
GL,2.8721562727482928,4.077920410194138,744.9999999999999,11965.212339794163
LH,2.9020028913507296,4.449350188344621,798.0000000000003,28141.690885590004
JL,2.8959747323590648,4.23639818479687,787.0000000000005,17234.480016680045
Ti2.5Fe65Si10,3.351039244297005,3.022683696624761,2244.0846975943814,1053.6192497167692
Fe13Si2,2.7477454609974674,3.7734797099970137,559.4296249676768,5935.8061577866
LMNO,4.268146057003663,3.447957597011612,18541.550870194715,2805.1597386327926
LMNO,4.009693263644957,3.447957597011612,10225.705093648148,2805.1597386327926
LMNO,3.6489781629838443,3.447957597011612,4456.338406570402,2805.1597386327926
LMNO,3.5829352123514755,3.447957597011612,3827.676381357791,2805.1597386327926
LMCSO,5.04066922237888,4.105159040424336,109816.91073334198,12739.695284816356
LMnBiPH,6.3631881338766,5.630805234912618,2307746.6748311,427371.18292622
La,4.599760140313663,5.069446627942971,39788.73577295003,117340.14699784342
LLaC2F,4.284605501958075,3.6949342239240535,19257.74811410781,4953.7515807240625
Sr0.75La0.25Fe11.75Co0.25O19,5.762025754611684,5.404355843569171,578130.3307809633,253720.66649535543
Sr0.75La0.25Fe11.8Co0.2O19,5.7800007412694026,5.440372870340624,602560.6145455545,275659.4405009411
Sr0.8La0.2Ru1O3,5.625066005578432,4.8515485424274605,421760.5991932696,71047.45774896389
Ca0.375La0.325Pr0.3Mn1O3,4.517790477098543,4.645551170884644,32945.0732200026,44213.12080561239
Ca0.375La0.325Pr0.3Mn1O3,4.979971382025268,4.645551170884644,95492.96585507996,44213.12080561239
Sr0.67La0.33Co1O2.85,5.289956220342176,4.9821828449795635,194964.80528745486,95980.46396924485
Sr0.67La0.33Co1O3,4.869273084531579,4.934649902892115,74007.04853768702,86029.99603646943
Ca0.375La0.35Pr0.275Mn1O3,4.599760140313663,4.731196371600434,39788.73577295003,53851.32228629822
Sr1.8La0.48Pr0.72Mn2O7,6.68611997098841,4.895756376660981,4854225.764299896,78660.44095694991
Sr0.6La0.4Mn1O3,3.3949447299960864,4.205538683633981,2482.81711223208,16052.352338181463
Sr0.44La0.57Co1O3.01,4.201820131641625,5.388900242498236,15915.494309180018,244850.07562878338
Ba0.5La0.5Co1O3,4.803880122969587,5.096780255263353,63661.977236719955,124962.6582976403
Ba0.2La0.5Mn0.1Fe1Bi0.2O3,5.648978162983844,4.721167258970489,445633.8406570398,52621.98893902427
Sr0.5La0.5Co1O2.89,5.241234250817762,5.220794334643582,174274.66268552086,166262.51078653394
Sr0.5La0.5Co1O3,5.599760140313663,4.8833176524504935,397887.35772950033,76439.46740867602
Sr0.5La0.5Co1O3,5.900790135977644,4.8833176524504935,795774.7154590008,76439.46740867602
Sr0.5La0.5Mn1O3,3.377911390697306,3.914889818002771,2387.3241463770005,8220.340706309065
Sr1.5La0.5Co1O4,5.900790135977644,4.9081802308580675,795774.7154590008,80943.1741139758
La0.66Mn1O3,4.15606264108095,4.379721523465603,14323.944878261997,23972.952422140574
Sr0.34La0.66Mn1O3,3.3010299956639813,4.416409317523522,2000.0000000000005,26086.109774278128
Ba0.33La0.67Mn1O3,1.414973347970818,3.8106841250137298,26.0,6466.72101264764
La0.67Mn1Sn0.33O3,3.8038801229695873,4.308527743831379,6366.197723672001,20348.28181676113
Sr0.33La0.67Co1O2.925,5.335359040011842,5.317852026432073,216450.72260484795,207898.820995076
Sr0.33La0.67Mn1O3,5.371935101138277,3.5135104696384523,235469.73830431828,3262.199145591042
La0.6Mn1.2Ag0.2O3,4.046918171655881,4.237236261676396,11140.84601642599,17267.77025000306
La0.6Ce0.4Co1O3,4.900790135977644,4.047944467529482,79577.47154590007,11167.204455742238
La0.6Mn1Pb0.4O3,4.315763483948461,3.893194654396596,20690.14260193399,7819.7821518975425
Sr0.4La0.6Co1O3,5.045675554264786,5.023160054775782,111090.15027807647,105477.55514777581
Sr0.4La0.6Fe1O3,5.6081218104124,4.2319449868363,405622.28796376166,17058.66288984901
Sr0.3La0.7Mn1O3,3.6789413863612874,3.944142613394054,4774.648292754002,8793.112171826997
Ba0.27La0.73Mn1O3,2.9007901359776436,3.6991092884084913,795.7747154589999,5001.603824315084
Sr0.27La0.73Mn1O3,3.5997601403136623,3.7276488381677853,3978.8735772949994,5341.322960496354
Ba0.25La0.75Co1O2.9,5.502850127305606,4.749284559658667,318309.8861835997,56141.57079340466
La0.75Mg0.25Fe1O3,3.985116130994471,4.163364247772385,9663.092369818642,14566.803028923177
Sr0.25La0.75Mn1O3,3.5997601403136623,3.5525576617540615,3978.8735772949994,3569.091333543656
Ba0.3La0.7Mn1O3,3.1872466057246265,3.753826948578042,1539.028299697706,5673.18503442831
Ca0.3La0.7Co1O3,5.678941386361287,5.025660706873587,477464.8292753997,106086.64300902157
Ca0.3La0.7Fe1O3,4.184091364681193,3.9682990408381893,15278.8745368128,9296.062626292909
K0.3La0.7Fe1O3,1.3542237232648509,2.754135300288058,22.605999999999998,567.7214460419676
La0.7Mn1Pb0.3O3,2.8437897293436842,4.391559282747992,697.8944254575431,24635.380970338774
Sr0.3La0.7Co1O3,5.9977001489857,5.118185152648925,994718.3943237505,131275.94481147281
Sr0.3La0.7Mn0.95Co0.05O3,3.7533311217474425,4.3740366742041354,5666.711748783539,23661.19497136144
Sr0.3La0.7Mn0.95Ru0.05O3,5.201820131641625,3.805583099938858,159154.94309180017,6391.210180559867
L1M1Sr0.3La0.7Mn1S1O4,2.9007901359776436,4.352712077730191,795.7747154589999,22527.45224552362
La0.7Zn0.3Fe1O3,4.966481864070914,4.226477085850093,92572.47264934542,16845.235459685897
La0.85Mg0.15Fe1O3,3.9815969403120057,4.162159602390314,9585.106447703653,14526.453638954035
Sr0.15La0.85Co1O3,2.201820131641625,4.440405167070915,159.1549430918,27567.994094480488
Sr0.15La0.85Mn1O3,2.5997601403136623,3.4082519940598406,397.8873577294999,2560.0709058544203
Ca0.2La0.8Mn1O3,4.585635497622056,4.0646827512729615,38515.49622821562,11606.004945092405
Ca0.2La0.8Mn1O3,3.77002185570862,4.0646827512729615,5888.7328943966,11606.004945092405
K0.2La0.8Fe1O3,1.5785131431421615,2.1498322205899365,37.889,141.19919495184104
La0.8Mg0.2Fe1O3,3.995575603797202,4.071195388576035,9898.641685594504,11781.358962585553
La0.8Mn1O3,4.491854743004143,4.180934611728882,31035.21390290099,15168.219744275124
Sr0.2La0.8Co1O3,5.599760140313663,4.756155314225708,397887.35772950033,57036.82132993263
Sr0.2La0.8Ti0.05Mn0.95O3,3.2681460570036625,4.280852097710202,1854.1550870194694,19092.02954248753
Sr0.2La0.8Mn1O3,3.4594987065108094,3.5297851311126838,2880.7044699615803,3386.7655313705486
Sr0.2La0.8Mn1O3,3.377911390697306,3.5297851311126838,2387.3241463770005,3386.7655313705486
La0.95Mg0.05Fe1O3,4.026791592765318,4.408840161973348,10636.32484682499,25635.403757902754
La0.95Fe1Sb0.05O3,5.724003449260311,4.003991730112141,529667.6506095107,10092.336679445845
La0.9Ce0.1Co1O3,3.5997601403136623,4.786799041296661,3978.8735772949994,61206.71077332655
K0.1La0.9Fe1O3,1.6848991964665259,2.2826401429238423,48.406,191.70795872770117
La0.9Mg0.1Fe1O3,4.013830554065464,4.2312159749550835,10323.585383649612,17030.05203546774
Sr0.1La0.9Mn1O3,2.9370196800639383,3.347562426230799,865.0071157039333,2226.1910182959896
La0.9Zn0.1Fe1O3,5.251619409560611,4.369466945448817,178492.26867745357,23413.532658439148
Ca0.8La1.2Co1Ir1O6,6.0823764997145,5.202037783763093,1208861.3702537671,159234.7255761239
Sr1.8La1.2Mn1Ru1O7,5.377911390697306,5.153533087776188,238732.4146376998,142407.57391700582
Sr1.8La1.2Mn1.5Ru0.5O7,5.2810013776892495,4.938024988593462,190985.93171015996,86701.17607602946
Sr1.8La1.2Mn1.9Ru0.1O7,4.979971382025268,4.992210846217151,95492.96585507996,98222.46888792398
Sr1.8La1.2Mn2O7,4.201820131641625,4.870717119788837,15915.494309180018,74253.5325687467
Ca0.5La1.5Co1Ir1O6,6.1166126911320156,5.026234556964317,1308014.8997999574,106226.91204326028
La1.5Sm0.5Mn1Ni1O6,4.979971382025268,4.7628082665956395,95492.96585507996,57917.294526872865
La1.8Ho0.2Mn1Ni1O6,4.277367093034155,4.6039237711094305,18939.43822792419,40172.02933056312
La1.9Ho0.1Mn1Ni1O6,4.262517971995236,4.594769105673457,18302.81845555699,39334.08986589009
La2Mn1Fe0.4Co0.6O6,5.819868228353718,5.274012967441369,660493.0138309704,187937.2931480016
La2Mn1Fe0.3Co0.7O6,5.8092751548562935,5.4254802237462,644577.5195217902,266366.879983182
La2Mn1Fe0.2Co0.8O6,5.781603728258435,5.488248520761797,604788.7837488406,307785.7584745183
La2Mn1Fe0.1Co0.9O6,5.739639226714899,5.4270921262994465,549084.5536667098,267357.3490032566
La2CoIrO6,6.145166229998216,5.150195693499862,1396902.9355167293,141317.4178785103
La2MnCoO6,4.888456400903919,5.072398736343729,77349.30234261487,118140.48144105423
La2CuIrO6,4.745888175991901,5.2520761513566745,55704.23008213006,178680.0853942948
La2CuRuO6,4.678941386361287,4.924952141458675,47746.482927539975,84130.24263858826
La2Co14B,3.9301739136628533,4.777939148605397,8514.7894554113,59970.704210788856
La2Fe2Co12B,3.8964253305751937,3.7763993444991204,7878.169683044103,5975.845277527445
La2Fe4Co10B,3.671642147619788,3.8667784280927457,4695.0708212081,7358.315891405364
La2Fe6Co8B,3.8645779633231987,3.913988018036473,7321.127382222797,8203.289115608102
La2Fe8Co6B,4.091121834147935,4.037585354821319,12334.508089614495,10903.987747468587
La2MnFeO6,4.3114492926690104,4.509502681650091,20485.628500061022,32322.331614935396
La2Mn1Fe0.8Ni0.2O6,4.186032298403059,4.8633769242759115,15347.311162342274,73009.08813991182
La2Mn1Fe0.5Ni0.5O6,4.107966543072806,4.850648869115256,12822.31799019086,70900.42999938127
La2Mn1Fe0.2Ni0.8O6,3.887337949392368,4.648207547394138,7715.035866375007,44484.38055483783
La2Ni1.19Os0.81O6,6.5135739926973795,5.055369729241194,3262676.3333819024,113597.74993060395
La2MnNiO6,4.3004638574586815,4.715335312613727,19973.94535802089,51920.07517579164
La2Mn2Se2O3,4.9421828211358685,4.438547276264621,87535.21870048996,27450.31144778039
La2MnVO6,4.900790135977644,4.530890076664895,79577.47154590007,33953.9321651591
BaLa(CoO3)2,5.845272808127812,5.363161603045149,700281.74960392,230760.57000536055
CaLaReNiO6,5.745888175991901,5.47904009489862,557042.3008213006,301328.4203515621
CaLaVMoO6,5.633183895800612,4.305603673893152,429718.34634786006,20211.738649109284
La1Ce0.5Pr1Nd1,5.713703492620499,5.206025890116101,517253.5650483496,160703.7052378188
MLaCe8BP,6.00902574208691,5.284434304120683,1021000.0000000005,192501.58252295438
La,5.599760140313663,5.069446627942971,397887.35772950033,117340.14699784342
GLaBPH,6.0530784803607,5.0666853762773965,1130000.0959517793,116596.46304030444
GRLaB,5.909390307739561,4.8189493736706295,811690.2097681798,65909.70588784125
M2LaP,6.0530784803607,4.617212996693093,1130000.0959517793,41420.27678652536
MLaCeBP,6.04493154614916,4.94863033478094,1108999.999999999,88844.45646799175
MLaCePS,5.893206753059848,4.313661890642352,782000.0000000008,20590.262845129557
LaCeYFeB,5.518513939877888,5.337672227081391,330000.00000000035,217606.6820332721
La1Co0.3,5.557867961568022,4.361590544621401,361300.0000000001,22992.730271320313
LaCoO3,5.599760140313663,5.110691106563419,397887.35772950033,129030.12160106213
LaCoPO,3.298730144649681,4.466656907390874,1989.4367886474993,29285.78754143954
LaCrGe3,4.599760140313663,4.7203550423451155,39788.73577295003,52523.66737518801
LaCrO3,3.593196370811274,4.977843520227694,3919.190473635573,95026.23448500058
LaMnCu4,5.502850127305606,4.331386682809838,318309.8861835997,21447.994164323154
La1Fe0.2Co0.8O3,3.7203340715195123,4.6462651189118835,5252.1131220294,44285.86368376561
La1Mn0.5Fe0.5O3,3.9182408654881797,4.4121660173817645,8284.01478792819,25832.47497735191
La1Fe0.75Bi0.25O3,4.422307407710261,4.380718922488604,26442.79801998715,24028.071881050375
La1Fe0.85Bi0.15O3,3.797701976803669,4.188969258266627,6276.275180825137,15451.450618679533
La1Mn0.15Fe0.85O3,4.179543736930473,4.393108853354884,15119.71959372101,24723.43745766653
La1Fe0.8Co0.2O3,4.755096177778724,4.2483022073570185,56897.89215531849,17713.41131731011
La1Fe0.95Bi0.05O3,3.715237514500131,4.3524235286934925,5190.838468939054,22512.489781172586
LaFeO3,3.9421828211358685,4.73669586043297,8753.521870048997,54537.57967103947
La1Mn0.5Fe0.5O3,4.968975997723805,4.4121660173817645,93105.64170870301,25832.47497735191
LaMn7O12,4.961487976331255,4.427555768819698,91514.09227778492,26764.292579794434
LaMnO3,5.201820131641625,4.711908041687268,159154.94309180017,51511.95606697159
La1Mn0.5Ni0.5O3,4.900790135977644,4.304710999320656,79577.47154590007,20170.236912866014
LaNi5,3.5471644507433,4.657407477675296,3525.0432570687303,45436.77281581118
LaNiO3,7.01473348828448,4.757453783181076,10345071.300966993,57207.60721308777
SrLaFeCoO6,5.949231939528048,4.911281025737896,889676.1318831625,81523.16380954822
SrLaCoO4,4.803880122969587,5.075890160275695,63661.977236719955,119094.07627798556
Li1Mn0.5Zn0.5As1,3.5997601403136623,3.665397381404741,3978.8735772949994,4628.042957334241
Li1Mn0.5Zn0.5P1,3.5997601403136623,3.9050530712286107,3978.8735772949994,8036.243198970453
LiFe2NiO4,3.9421828211358685,3.7850722117160904,8753.521870048997,6096.382555735871
Li0.05Mn0.4Zn0.55Fe2.025O4,2.9007901359776436,3.1343311088814243,795.7747154589999,1362.483052350038
Li0.05Zn0.45Fe2.05Cu0.45O4,3.8964253305751937,3.0403542714152154,7878.169683044103,1097.3730022691211
Mn0.4Zn0.6Fe2O4,2.9007901359776436,3.097584464928531,795.7747154589999,1251.9427368006345
Li0.1Zn0.4Fe2.1Ni0.4O4,1.0166155475571774,2.8060695954981214,10.39,639.8373609209292
Li0.15Zn0.35Fe2.15Ni0.35O4,0.8363241157067517,2.85599562474271,6.859999999999999,717.7870599593903
Li0.15Mn0.4Zn0.45Fe2.075O4,2.9007901359776436,3.087270672193122,795.7747154589999,1222.5613789632853
Li0.15Zn0.35Fe2.15Cu0.35O4,3.8452728081278122,2.641310826821854,7002.8174960392,437.8353540904487
Li0.1Fe2.1Co0.8O4,5.089156062040792,4.091895943898194,122788.03859532376,12356.513383490086
Li0.1Mg0.3Fe2Cu0.6O4,3.332153900136631,3.1169279798518965,2148.5917317393,1308.9648360632734
Li0.1Mn0.4Zn0.5Fe2.05O4,2.9007901359776436,3.0055403721728555,795.7747154589999,1012.838898310419
Li0.1Fe2Ni0.9O4,1.1075491297446862,3.4154969097534638,12.809999999999997,2603.136308547124
Li0.25Fe2.25Co0.5O4,4.712472361817157,4.267057668378236,51578.933957190544,18495.141929086512
Li0.25Er0.1Fe2.15Ni0.5O4,3.7209915954632837,3.8748179554692985,5260.070869183988,7495.7993978131935
Li0.25Er0.08Fe2.17Ni0.5O4,3.7758513993693437,3.854759016224171,5968.3103659425005,7157.461427405236
Li0.25Er0.06Fe2.19Ni0.5O4,3.935819418180012,3.8511199860442993,8626.197915575563,7097.738358279621
Li0.25Er0.02Fe2.23Ni0.5O4,4.053689732371391,3.8115057876942156,11315.916453826987,6478.967295096548
Li0.25Fe2.25Ni0.5O4,4.082633723922416,3.6213400541810783,12095.775674976789,4181.576574829761
Li0.25Zn0.5Fe2.25O4,1.926096001242414,3.599797484333622,84.35211983865402,3979.2157265255346
Sr0.1Li0.25Zn0.4Fe2.25O4,2.5820313733532307,3.370792083461069,381.97186342031995,2348.508213876084
Sr0.2Li0.25Zn0.3Fe2.25O4,3.1143078929739487,3.2998057822533218,1301.0916597754656,1994.3702273856563
Sr0.3Li0.25Zn0.2Fe2.25O4,3.358369282973406,3.445817306054127,2282.2818839364127,2791.3693534618565
Sr0.4Li0.25Zn0.1Fe2.25O4,3.5285655112069465,3.595028151588169,3377.2678924079946,3935.7558676019808
Sr0.5Li0.25Fe2.25O4,3.6301979329407117,4.050725032789951,4267.7397990066165,11238.931721053612
Li0.25Zn0.25Fe2.25Cu0.25O4,3.8739179895773423,2.927765772511863,7480.282325314602,846.770603258303
Li0.25Zn0.3Fe2.3Co0.15O4,4.794385469797527,3.4396770586370087,62285.286978975986,2752.1814202357373
Li0.2Fe2.2Co0.6O4,5.04317960209648,4.234602785349099,110453.53050570918,17163.378711939207
Li0.2Mn0.4Zn0.4Fe2.1O4,2.9007901359776436,3.177060429656572,795.7747154589999,1503.3511344686578
Li0.2Fe2Ni0.8O4,3.9799713820252687,2.890614006781284,9549.296585508004,777.3453531855366
Li0.2Tb0.02Dy0.02Fe1.96Ni0.8O4,4.0011606810952065,3.868867198002167,10026.7614147834,7393.791472892865
Li0.2Tb0.04Dy0.04Fe1.92Ni0.8O4,4.02464177694473,3.9479808360886484,10583.803715604708,8871.16865779425
Li0.2Tb0.06Dy0.06Fe1.88Ni0.8O4,4.0530784803607,3.9376434607672866,11300.000959517793,8662.504251470107
Li0.2Tb0.08Dy0.08Fe1.84Ni0.8O4,4.093914734332105,3.889713530884653,12414.0855611604,7757.352577170332
Li0.35Fe2.35Co0.3O4,4.754518759467839,4.3544729057292315,56822.29355734984,22618.97422680901
Li0.35Zn0.15Fe2.35Cu0.15O4,3.752048484696719,3.6448120100223713,5650.000479758902,4413.793492426593
Li0.3Fe2.3Co0.4O4,4.528155992570376,4.3409985928823085,33740.847935461585,21927.978306559417
Li0.3Fe1.7Co1O4,4.804964504261807,3.850154326538493,63821.13217981185,7081.973976121375
Li0.3Mg0.1Fe2Cu0.6O4,2.653606567165915,3.2267844517194018,450.408488949794,1685.716166021088
Na0.7Li0.3Ni1O2,6.15606264108095,4.437605827048762,1432394.4878261995,27390.87002125561
Li0.3Ca0.075Zn0.325Fe2.3O4,2.1818435879447726,2.563102669757791,152.0,365.6812305789141
Li0.3Ca0.05Zn0.35Fe2.3O4,2.1398790864012365,2.488640390281168,137.99999999999997,308.0636028714864
Li0.3Ca0.02Zn0.38Fe2.3O4,2.03342375548695,2.5546129318477866,108.00000000000003,358.60218534069685
Li0.3Ca0.1Zn0.3Fe2.3O4,2.2671717284030137,2.652975422379122,184.99999999999997,449.7544016434318
Li0.4,3.6931818254758975,4.042960244981401,4933.8032358457995,11039.77557929134
Li0.425Fe2.5Ag0.075O4,3.9799713820252687,3.9051191704923562,9549.296585508004,8037.466401673323
Li0.45Fe2.5Ag0.05O4,3.9342138914645934,4.021626865959994,8594.366926957202,10510.584448687281
Li0.45Fe2.45Co0.1O4,4.475781579955139,4.24234005570395,29907.60113109562,17471.896795486387
Li0.45Zn0.05Fe2.45Cu0.05O4,3.4689918600446386,4.000924351591107,2944.3664471982997,10021.306648416288
Li0.475Fe2.5Ag0.025O4,3.972672143283769,3.934766662711925,9390.1416424162,8605.312826045736
Li0.4Fe2.5Ag0.1O4,3.965248125204562,3.9383920639969707,9230.986699324401,8677.448882642751
Li0.4Fe2.4Co0.2O4,4.8492031017562445,4.33688329150946,70664.79473275917,21721.1738464773
Li0.5Ti0.2Al0.4Fe1.7Co0.2O4,3.62012142296137,4.012974322744542,4169.8595090051585,10303.252016258915
Li0.5Fe2Co0.5O4,4.327301397342219,4.181836521326593,21247.184902755307,15199.752675369073
Li0.5Nd0.035Fe1.965Co0.5O4,5.036558650545466,4.8372095844601235,108782.40360324527,68740.00896795692
Li0.5Nd0.07Fe1.93Co0.5O4,5.089437431977361,4.945140798821312,122867.61606686954,88133.45564759568
Li0.5Nd0.105Fe1.895Co0.5O4,5.098897134851045,4.947484518721726,125573.25009943018,88610.36361951209
Li0.5Nd0.14Fe1.86Co0.5O4,5.096689788386877,4.9733904702270895,124936.63032706294,94056.85871977163
Li0.5Nd0.175Fe1.825Co0.5O4,5.0812027688159676,4.854132721104381,120559.86939203853,71471.47106896651
Li0.5Fe2.5O4,3.370759345477603,4.116334801644103,2348.3311853195087,13071.78215613166
Li0.5Al1Fe1.5O4,3.236649047297462,3.860146851740521,1724.443808399654,7246.8096127689205
Li0.5Cr1Fe1.5O4,7.257332247926404,3.9318247564757307,18085571.958236687,8547.217518447278
Li0.5Al0.8Fe1.7O4,3.5645852581970514,3.672076490877601,3669.3172129814507,4699.768768181636
Li0.5Al0.5Fe2O4,4.010031104565847,3.7482043865288404,10233.662840802748,5600.210951453732
Li0.5Cr0.5Fe2O4,7.186752297709037,3.9819216672715037,15372775.953236975,9592.27602165608
Li0.5In0.32Fe2.18O4,4.215036671266065,3.697854254030843,16407.283083333663,4987.170936593
Li0.5In0.24Fe2.26O4,4.1965550972074155,3.9227652933382844,15723.71260275438,8370.767767364434
Li0.5In0.16Fe2.34O4,4.0295447086683325,4.0501619656305365,10703.965697639005,11224.36977504719
Li0.5Al0.2Fe2.3O4,4.136192316135676,4.217290073165437,13683.346232317514,16492.635968119295
Li0.5In0.08Fe2.42O4,4.123766585871035,4.0671643704052345,13297.395495319894,11672.513110635398
Li0.5Fe2.5O4,4.085481566795242,4.116334801644103,12175.3531465227,13071.78215613166
Li0.5Fe2.5O4,4.123506607125227,4.116334801644103,13289.437748165314,13071.78215613166
Li0.5Fe2.5O4,5.251297877797681,4.116334801644103,178360.1700746874,13071.78215613166
Li0.5Zr0.1Fe2.3Ni0.1O4,4.364011015752435,4.201757851833511,23121.234357661233,15913.212118399295
Li0.5Zr0.2Fe2.1Ni0.2O4,4.245673415347507,4.102579603473525,17606.515579530373,12664.253741215784
Li0.5Zr0.3Fe1.9Ni0.3O4,4.2386286153422645,4.254449457320446,17323.219780826956,17965.91982750599
Li0.5Zr0.4Fe1.7Ni0.4O4,4.232521028793101,4.24491459841197,17081.304267327443,17575.77962069414
Li0.6,4.050009248633024,3.920838962900144,11220.423487971904,8333.721115871216
Li0.8,3.8550326454169683,3.9941565792515474,7161.972439130997,9866.351400373567
Li0.99Cr1Cu0.01O2,5.468991860044639,4.45469077572827,294436.64471983025,28489.890216789758
Fe2CoO4,4.711694416646344,5.019690347635348,51486.62409019726,104638.22105352614
Li,4.102187260298095,3.9941565792515474,12652.817975798092,9866.351400373567
Li1.2,4.073976404389918,3.920838962900144,11857.043260339111,8333.721115871216
Li2.7Fe0.3N1,6.965248125204562,3.8020005589843073,9230986.699324401,6338.705271168198
Li2Mn3O7,4.830209061691936,4.722279192600674,67640.85081401495,52756.89078690889
Li2Mn0.5Co1.5Ni6O10,3.1299085913065956,3.4874954885230682,1348.678987759913,3072.5254475244074
Li2MnCo(Ni3O5)2,3.2165716166862475,3.3906965239010853,1646.5374637562165,2458.6489501514843
Li2Mn1.5Co0.5Ni6O10,3.3396171746998116,3.440286009030511,2185.833988422782,2756.043125939022
LiMnNi3O5,3.501806567776092,3.7397480150388644,3175.459424567593,5492.2211348599585
Li2RhO3,4.678941386361287,4.704187393615668,47746.482927539975,50604.29672528733
Li2Zn0.5Co1.5Ni6O10,3.640915872943374,3.5590469641974956,4374.373610878122,3622.821731525435
LiCoNi3O5,3.459138644739263,3.4897384385577164,2878.3171458152015,3088.4348084303997
Li2Zn1.5Co0.5Ni6O10,3.6250660055784327,3.5059724171101014,4217.605991932701,3206.0656945514434
Li2ZnCo(Ni3O5)2,3.598977705843766,3.542002191503161,3971.711604855871,3483.3907279321306
LiZnNi3O5,3.235444902860885,3.52509393985283,1719.669160106899,3350.3790152794377
LiCa2CoN2,5.502850127305606,4.4835772982104345,318309.8861835997,30449.29895795826
Li1Zn0.25Fe2Co0.25O4,1.954242509439325,3.513164730450275,90.00000000000001,3259.603162208543
Li1La0.02Zn0.25Fe1.98Co0.25O4,2.12057393120585,2.371446897936681,132.00000000000006,235.205188567231
Li1La0.04Zn0.25Fe1.96Co0.25O4,2.12057393120585,2.307476130359823,132.00000000000006,202.99069492962659
Li1La0.06Zn0.25Fe1.94Co0.25O4,2.12057393120585,2.248632080878518,132.00000000000006,177.26870859866827
Li1La0.08Zn0.25Fe1.92Co0.25O4,2.041392685158225,2.3035866123784117,109.99999999999996,201.1808377911076
Li1La0.1Zn0.25Fe1.9Co0.25O4,2.041392685158225,2.4234987868552054,109.99999999999996,265.1543686258612
Li1Fe1.9Co0.5Bi0.1O4,4.655138471688662,4.03871982409599,45200.003838071185,10932.50851047228
Li1Fe1.8Co0.5Bi0.2O4,4.446097252443468,4.274161835682805,27931.69251261091,18800.17256729394
Li1Fe1.7Co0.5Bi0.3O4,4.364683124963551,4.232944341093852,23157.0442198569,17097.96174651687
Li1Fe1.6Co0.5Bi0.4O4,4.364683124963551,4.150246583725032,23157.0442198569,14133.397829290501
Li1Fe2Co0.5O4,5.048466460218743,3.814558183176818,111806.34752198956,6524.664471924041
Li1Co0.85Ni0.15O2,3.6234240585114557,4.064400818878748,4201.690497623518,11598.473081242764
Li1Co0.92Ni0.08O2,3.962242615064837,3.9268882019794575,9167.324722087686,8450.612777185974
Li1Co0.96Ni0.04O2,4.127390041185001,3.8696646947711844,13408.803955484158,7407.3811966362855
Li1Co0.98Ni0.02O2,3.7963784116439063,3.945039576744802,6257.176587654114,8811.291656129033
LiCoO2,3.399100689767244,4.063732126169403,2506.6903536958494,11580.628400095002
Li1Dy0.1Fe4.9O8,3.8302090616919364,4.539846644307314,6764.085081401501,34661.44342466326
LiHoF4,6.595395334911212,4.845834273746895,3939084.841522051,70118.76749855373
Li1Gd0.04Mn1.96O4,5.065142991762081,5.369215592808121,116183.10845701412,233999.85743117458
Li1Gd0.03Mn1.97O4,5.233228595893249,5.227195893404581,171091.563823685,168731.39356718995
Li1Gd0.02Mn1.98O4,5.6543731948705505,5.280292973690523,451204.26366525324,190674.65694329425
Li1Gd0.01Mn1.99O4,5.661212619400856,5.334706516948183,458366.2361043842,216125.7517786081
LiMn2O4,5.656664991650135,4.672755809057074,453591.5878116295,47071.25842107881
Li1Mn0.1Co0.25Ni0.65O2,4.499580642740758,4.1851564484080495,31592.256203722274,15316.391135124866
LiNiO2,4.599760140313663,4.406797628445714,39788.73577295003,25515.120778154742
Sr0.025Li1Fe4.975O8,3.7835422915907237,4.152190339353573,6074.944177814009,14196.79591967489
Sr2LiCoN2,5.377911390697306,4.900231840317019,238732.4146376998,79475.238580314
LiTiZn,3.1049101186335686,3.8593570826998893,1273.2395447344004,7233.643189244919
LiSm2TiZnO3,3.298730144649681,5.06595518380445,1989.4367886474993,116400.59058303724
GradeLowNdFeB,6.051853389331394,5.931279387564536,1126816.9970899448,853649.1015249474
LowNdFeBC,6.102187260298095,5.928564314214589,1265281.7975798093,848329.0013033608
LowNdFeCuB,6.138836239106439,5.761263634678754,1376690.2577440701,577116.6907356688
LowemperaturephaseMnBi,6.0768813950333245,4.9242472601924066,1193662.073188499,83993.80587605719
Lu6Fe41B3,5.495544337546448,5.205056536009457,312999.9999999999,160345.41131131572
Lu7Fe40B3,5.3692158574101425,5.147958591594319,233999.99999999983,140591.3468982629
Lu2MnCoO6,5.983575506294094,4.866155999593755,962887.4057053904,73477.77546481391
Lu2MnNiO6,4.600627861844889,4.649229344056321,39868.31324449587,44589.16545749253
Lu2V2O6.35,3.201820131641625,4.220524506231364,1591.549430918,16615.92434932614
Lu2V2O7,3.201820131641625,4.175295466532733,1591.549430918,14972.539466742603
Lu1Fe0.9Co0.1O3,5.725566598453189,5.336524249074733,531577.5099266116,217032.23813465083
Lu1Fe0.9Os0.1O3,5.49518268635307,5.4747043273522635,312739.4631753869,298335.0828016555
Lu1Fe0.95Co0.05O3,5.780459341609697,5.397554708585016,603197.2343179224,249778.30179916145
Lu1Fe0.95Os0.05O3,5.612597365018835,5.358572763832614,409823.9784613851,228335.14565612873
LuFeO3,4.5135739926973795,5.341527946713892,32626.763333819028,219547.22225442645
LuV4O8,3.0211892990699383,3.9717972258415792,1050.0000000000005,9371.243569456581
LuVO3,5.201820131641625,4.476234686962941,159154.94309180017,29938.82053603794
SrFe12O19,5.556302500767288,5.02990098042909,360000.00000000035,107127.50256265224
Mypebariumhexaferrite,4.590098995101264,4.077920410194138,38913.3835859451,11965.212339794163
G,0.9007901359776437,4.043153709548945,7.957747154590002,11044.694548527761
M,3.470046969306254,3.956285910928716,2951.5284196374323,9042.445729795823
M,3.5197790563425775,3.956285910928716,3309.627041593983,9042.445729795823
M,3.6172108698241985,3.956285910928716,4142.007393964094,9042.445729795823
GM3,4.201820131641625,4.142657988438647,15915.494309180018,13888.584595046095
M,3.639649938049844,3.956285910928716,4361.64121543078,9042.445729795823
M,3.776950220803272,3.956285910928716,5983.430085536224,9042.445729795823
GM5,4.201820131641625,4.043153709548945,15915.494309180018,11044.694548527761
M,3.9376185693547567,3.956285910928716,8662.007777771214,9042.445729795823
AM,-0.22184874961635637,4.23639818479687,0.6,17234.480016680045
AMP,4.03112390447265,4.069765692799684,10742.958658696498,11742.638542566237
AMP2,4.01473348828448,4.165730663764879,10345.071300966993,14646.392345117862
AMP2Rh,4.3631881338766,4.220131097054898,23077.466748310995,16600.879494859753
MBH1610S,4.0768813950333245,4.701952234028481,11936.62073188499,50344.523421096084
MC6OF,5.006981033241059,4.326177438577893,101620.4311641144,21192.268054317083
MC2OF,4.955785997506785,4.23281967760817,90320.43020459653,17093.054510282098
MNiC,3.825069422039525,4.372033012269643,6684.507609855598,23552.283063799565
MC2OF,4.983216436838416,4.23281967760817,96209.16309899316,17093.054510282098
MNiC,3.8875618702438883,4.372033012269643,7719.0147399522975,23552.283063799565
MH2,6.062158138212618,4.20856668264612,1153873.3374155497,16164.664032925084
MH2C3,5.905970648481424,4.939934645540946,805324.0120445082,87083.25335554552
M(HC)3,6.095304477860111,4.914341732411588,1245387.4296933354,82099.73067048338
AMC,2.076640443670342,4.015182108247454,119.30000000000005,10355.763132360418
M1A1B1.2C1,2.457124626303409,4.128345777787299,286.50000000000017,13438.34473182564
AMC2,3.9942118211398787,2.953140789340822,9867.6064716916,897.7197696240098
AMC2,3.987149966652392,2.953140789340822,9708.451528599802,897.7197696240098
AMC2,4.008000105625512,2.953140789340822,10185.916357875198,897.7197696240098
AMC2,4.027894934342451,2.953140789340822,10663.3811871506,897.7197696240098
MC2,4.18859186590787,4.495244596028301,15438.029479904597,31278.40480814578
MAcHC,3.9799713820252687,5.128737222689042,9549.296585508004,134504.62645232005
MHCCl,3.8645779633231987,4.486722396076053,7321.127382222797,30670.60875950423
LMCuF9,4.093914734332105,4.192990517728456,12414.0855611604,15595.184523393304
LMCuF18,4.128676840591317,4.21937979844799,13448.592691257096,16572.185978478563
LMCuF27,4.179543736930473,4.163205371432248,15119.71959372101,14561.475083989146
LMCuF36,4.2061415054242675,4.176331657215899,16074.649252271804,15008.305356751482
EMC15,3.1048284036536553,4.3262402398297475,1272.9999999999998,21195.332788618744
M1E1C7.5,2.582063362911709,4.319353897871684,382.00000000000017,20861.90185222206
AEGLMHCS2606,1.7781512503836436,3.404772336346734,60.0,2539.641038779892
MCF,5.405940114297549,2.9502208789363373,254647.9089468799,891.7043370055145
MCNF,5.2987301446496815,4.2708173654222215,198943.67886475014,18655.949841006524
GMAu,4.223009430711563,4.071089517566872,16711.26902463899,11778.487288191935
GMAu2,4.377911390697306,4.3594785870026005,23873.241463769984,22881.18892522906
GMAu3,4.480573732594454,4.211608632357658,30239.439187442025,16278.284419917833
GM,3.347948167319863,4.23639818479687,2228.1692032852006,17234.480016680045
GMC2,2.8038801229695873,3.9594883371082146,636.6197723672002,9109.369889060881
G2M2Magnet,6.247924918887663,3.956285910928716,1769802.9671808144,9042.445729795823
LMHf,2.7458881759919005,5.156599943868452,557.0423008213,143416.77220412684
LMW,3.2432128167998497,4.2912083190505035,1750.7043740097995,19552.77123224431
LM,3.181823503225371,4.142657988438647,1519.9297065266903,13888.584595046095
L2M,3.503934508597826,4.142657988438647,3191.056608990592,13888.584595046095
M2FeB,5.733937247890429,4.875311452897542,541922.5812275795,75043.21864455295
M11Fe84.5B5.5,5.404580819034825,5.618436959022286,253852.13423142117,415371.7526585528
M12.5Fe82.5B6,5.565432111533769,5.674299681237267,367647.9185420581,472388.89679008035
M12Fe83.5B5.5,5.512513443984986,5.666448268196476,325471.85862273135,463925.5253297569
M13.5Fe81.5B6,5.660457980667275,5.681795473378506,457570.4613889255,480612.95530409383
M13Fe80(CoB3)2,5.633183895800612,5.721826149935323,429718.34634786006,527018.8511382644
M13(Fe41B3)2,5.594517084901291,5.6780363116874,393112.7094367465,476470.8232229506
M14.5Fe83.5B6.5,5.705050787052112,5.741848561061065,507049.9999999996,551884.9628620176
M14Fe79B8,5.900790135977644,5.742537997602179,795774.7154590008,552761.7684552118
M14Fe80.5B6.5,5.713703492620499,5.700951000309358,517253.5650483496,502285.9154360789
M14Fe80B7,5.830209061691936,5.744236972084579,676408.5081401494,554928.4261648863
M14(Fe27B2)3,5.678941386361287,5.7254492668147785,477464.8292753997,531433.9151118173
M15.5Fe82.5B6.5,5.876806511093515,5.713352475300103,753019.9999999997,516835.66518315306
M15(Fe39B4)2,5.905111509760286,5.735022951338604,803732.4626135901,543279.0416241285
M15Fe79B7,5.781603728258435,5.711558445740948,604788.7837488406,514705.0694527281
M15(Fe40B3)2,5.739639226714899,5.743698543943174,549084.5536667098,554240.8651798491
M15Fe83B6.5,5.7771294572734755,5.75845556628551,598590.0,573397.1978963423
M16.5Fe81.5B6.5,5.765422658093823,5.734931289720152,582670.0000000003,543164.3899683096
M16Fe77.5B7.5,5.861260913511943,5.7026821659276195,726542.3152140679,504292.1013537331
M16Fe77.6Cu0.4B7,5.831586398960944,5.788381679239359,678557.0998718896,614301.6463411774
M16Fe78B7,5.679303147716569,5.70504763279098,477862.7166331298,507046.3173322115
M16Fe82B6.5,5.791332682170591,5.754817981035458,618489.9999999994,568614.5664831831
M17Fe76(CoB3)2,5.840309388596262,5.6202696836668755,692324.0024493302,417128.3270706909
M17(Fe13B)6,5.840309388596262,5.675671150339701,692324.0024493302,473883.02309860714
M21Fe72(CoB3)2,5.909390307739561,5.494089289726554,811690.2097681798,311953.08849612717
M2Ce45P,5.882155645056188,5.414768120992315,762352.1774097221,259877.1653540414
M2P,6.082633723922417,4.663983487046992,1209577.5674976811,46130.00344558478
M2Dy3P,6.277367093034155,5.311010877236196,1893943.8227924192,204649.58921316869
M2Dy3PI,6.235243887128575,5.791030401503223,1718873.3853914407,618059.6640664648
M2Dy3PI2,6.2568159931707665,5.741428380995069,1806408.6040919307,551351.272178386
M2Dy3PI3,6.277367093034155,5.8491106465068,1893943.8227924192,706497.5278284291
GM2BP2H,6.106806012740988,4.575579107609249,1278809.9677426137,37633.88969082306
M2LaP,5.884867169880475,4.617212996693093,767126.8257024769,41420.27678652536
AM2MagnetLaP,5.762324546836681,4.5522623106135915,578528.2181386928,35666.649227152964
M2MagnetLaBP,5.946113114764301,4.619111977498597,883309.9341594892,41601.78617632652
M2NdDyFeBP,6.221153321954705,5.8288770033265624,1663999.9999999988,674337.021457034
M0.325Nd0.325,5.943365648417834,5.518881144163829,877739.5111512768,330279.13930009154
AM2MagnetLaCe35P,6.003909389523358,5.669832537693068,1009042.3392020126,467554.81915669475
M2MagnetLaCe35BP,6.039092834143925,5.706949370867815,1094190.233756124,509271.49780233373
M2MagnetLaCe35PC,6.0011606810952065,4.950985234719355,1002676.14147834,89327.51133682464
EMCN,3.64044157968702,3.7362903564681176,4369.598962585366,5448.668129595348
E2MCN,3.6038234407113294,3.7584793016552753,4016.274988921573,5734.285364626713
E3MCN,3.4865891449906448,3.814028311022055,3066.119978663529,6516.708741473406
E4MCN,3.6150360469955376,3.682151058784004,4121.31725136216,4810.066258247155
MNF,1.9983901303180476,3.982722165321314,99.62999999999997,9609.972952130745
LMNF,1.8575737041474958,2.5298691858535847,72.04,338.7421080223229
L2MNF,1.638389407665336,2.295087843004803,43.49,197.2821730509084
L3MNF,1.4038066105474225,2.2005764341749665,25.339999999999996,158.69982000143645
L4MNF,1.212187604403958,2.282219604007079,16.300000000000004,191.5224126531206
AMQ,5.979971382025268,4.077920410194138,954929.6585507995,11965.212339794163
A84MQ,6.037510703134051,4.23639818479687,1090211.3601788308,17234.480016680045
MQPF,6.210420303403542,3.555441339425065,1623380.4195363598,3592.8686425419032
MQBP,5.44485818032792,4.096320116064767,278521.15041065024,12483.032926843503
MQPS,5.788875115775417,4.278551695855555,615000.0,18991.168883291848
MQNdFeBPS,5.444858180327919,5.493083166978542,278521.15041064966,311231.2284872837
MQUF,5.972672143283769,3.382429125733133,939014.1642416201,2412.287829494214
M1R1E11Zr1.5Fe79.5B8,6.0643831044121965,5.672423250640995,1159799.9999999998,470352.2768187304
MZ4BHSF,4.900790135977644,4.480103744141459,79577.47154590007,30206.73211775496
MZ6BHSF,4.590986216006157,4.441399983654939,38992.961057490975,27631.215096594766
MZ8BHSF,4.112977740381601,4.664065702065026,12971.127861981695,46138.73700824074
MZP,3.794962148543657,4.19232207953124,6236.804754938369,15571.199878689184
MagTbH2,5.9098158780645536,4.654232905568973,812485.9844836384,45105.853556817
JMMagTb,5.864577963323199,4.5560266021094415,732112.7382222797,35977.13717799489
MagTbCS,5.840808290985307,3.854781911901462,693119.7771647893,7157.838773316018
MaghemiteMesocrystals,3.9007901359776436,4.142657988438647,7957.74715459,13888.584595046095
Magnesioferrite,2.0492180226701815,4.077920410194138,111.99999999999996,11965.212339794163
AMagnet,5.781603728258435,3.956285910928716,604788.7837488406,9042.445729795823
MagnetB,5.664218129540581,3.525302727882783,461549.33496622,3351.9901046161895
AMagnet,5.65129853082899,3.956285910928716,448021.1648034174,9042.445729795823
MagnetB,5.583837174216494,3.525302727882783,383563.4128512384,3351.9901046161895
GMagneticOgAPC,2.8803385106817387,3.8969641475409014,759.169078547886,7887.949972707223
E2M2MagnetiteRHI(NO)2,4.3631881338766,1.776546205639778,23077.466748310995,59.778664127137574
MagnetiteMesocrystals,4.201820131641625,3.956285910928716,15915.494309180018,9042.445729795823
MagnetiteMicrocrystals,4.706970109961531,4.142657988438647,50929.58178937598,13888.584595046095
Magnetite,4.377911390697306,4.077920410194138,23873.241463769984,11965.212339794163
Magnetite,4.201820131641625,4.077920410194138,15915.494309180018,11965.212339794163
Magnetite,3.377911390697306,4.077920410194138,2387.3241463770005,11965.212339794163
Magnetiteike,3.5997601403136623,4.23639818479687,3978.8735772949994,17234.480016680045
Mn(FeO2)2,3.076881395033325,4.075791556206216,1193.6620731885,11906.703972087182
Manganesetetraporphyrinetracyanoethylene,6.201820131641625,4.043153709548945,1591549.4309180018,11044.694548527761
Manganesetetracyanoethylene,6.201820131641625,4.142657988438647,1591549.4309180018,13888.584595046095
Manganesetetracyanoethylene,5.803880122969587,4.142657988438647,636619.7723671995,13888.584595046095
MagnetiteManganesedoped,3.9169874894900825,4.043153709548945,8260.141546464416,11044.694548527761
Manganesezincferrite,4.24321281679985,3.956285910928716,17507.043740097994,9042.445729795823
Manganesezincferrite,4.340122829807906,3.956285910928716,21883.804675122487,9042.445729795823
MeltspunNdFeB,5.715167357848458,6.007611227045106,518999.99999999977,1017679.9705561122
GlassMetallic,1.2018201316416248,4.142657988438647,15.915494309180001,13888.584595046095
Fe2CoO4,4.500345726963624,5.019690347635348,31647.96043380442,104638.22105352614
Mg0.15Mn0.85Fe2O4,3.225895118949051,3.464076770399427,1682.2677484803257,2911.2316921091738
Mg0.1Mn0.4Zn0.5Fe2O4,3.65932355821493,3.220832009410362,4563.767993157364,1662.7693457795137
Sr0.1Mg0.1Mn0.1Fe2Co0.7O4,4.44560204773542,4.307674743003757,27899.861523992564,20308.354837475563
Mg0.25Fe2Co0.75O4,4.495458867272968,4.412376917031583,31293.84068542519,25845.02264534229
Sr0.15Mg0.25Mn0.25Zn0.35Fe2O4,5.229784197840634,4.8376663041849834,169739.99999999985,68812.33646253352
Sr0.2Mg0.25Mn0.25Zn0.3Fe2O4,5.405943680512197,4.543817498424443,254650.00000000026,34979.814207197574
Sr0.1Mg0.25Mn0.25Zn0.4Fe2O4,5.243286146083446,4.486258372183708,175100.0,30637.85611011363
Mg0.25Mn0.25Zn0.5Fe2O4,3.9304395947667,3.3296414485893804,8520.0,2136.1977268310825
Mg0.25Mn0.75Fe2O4,3.1368232830952794,3.510686735783614,1370.3240600203974,3241.0574985910384
Ca0.8Mg0.2Fe2O4,2.4309898341807257,4.033131222059772,269.7676285406009,10792.727751933582
Mg0.2Zn0.6Fe2Co0.2O4,2.3240360099144515,3.483961476092543,210.880299596635,3047.624639389008
Mg0.2Zn0.4Fe2Co0.4O4,3.602271771598571,3.5048532160824397,4001.9510440433123,3197.8141219391932
Mg0.2Zn0.2Fe2Co0.6O4,4.121029015912048,3.9602277556702115,13213.839150196696,9124.892477261814
Mg0.2Fe2Co0.8O4,4.87782289242772,4.568075154583889,75478.43598657075,36989.21840196861
Mg0.2Mn0.1Fe2Co0.7O4,4.158468710846829,4.26327240426011,14403.522349807914,18334.64072766928
Mg0.2Mn0.3Zn0.5Fe2O4,3.679881339823143,3.4754791497935535,4784.993364054969,2988.6781589458774
Mg0.2Mn0.5Al0.05Fe1.95Ni0.3O4,3.295976693424148,3.5906799328024066,1976.863548143247,3896.5471233872604
Mg0.2Mn0.5Al0.1Fe1.9Ni0.3O4,3.301120857875088,3.6183082774146387,2000.4184797208347,4152.4869609398465
Mg0.2Mn0.5Fe2Ni0.3O4,3.281363139044531,3.5885269649918787,1911.4508665325177,3877.2782146876893
Mg0.2Mn0.5In0.1Fe1.9Ni0.3O4,3.290841632436631,3.4948106746031993,1953.6269264518453,3124.716887847952
Mg0.2Mn0.5In0.2Fe1.8Ni0.3O4,3.4485402347487337,3.431003439832139,2808.925590627178,2697.760799991458
Mg0.2Mn0.5In0.3Fe1.7Ni0.3O4,3.4665789432397105,3.329449085272711,2928.05306553139,2135.2517440843335
Sr0.2Mg0.2Mn0.2Fe2Co0.4O4,4.4034903112882064,4.196702443486688,25321.551445905385,15729.048207311753
Mg0.2Zn0.8Fe2O4,3.2283533961649216,3.2527733328721378,1691.817045065834,1789.67154424066
Sr0.33Mg0.33Mn0.33Fe2Co0.01O4,3.8239304920028445,4.016176328531663,6667.0005661155055,10379.497497603686
Mg0.3Zn0.5Fe3Cu0.2O4,3.1693681078604867,3.036021416793551,1476.9578718919036,1086.4792009199818
Mg0.3Mn0.2Zn0.5Fe2O4,3.7033586342916003,3.34723010745518,5050.782119018275,2224.4882057346217
Mg0.3Cr0.7Fe1.3Ni0.7O4,4.00171181629849,3.9301511847597164,10039.493810230751,8514.343843577282
Sr0.3Mg0.3Mn0.3Fe2Co0.1O4,4.0520067148341,4.049772117632766,11272.148844476742,11214.298648502096
Mg0.3Mn0.2Zn0.5Fe2O4,3.223835871459345,3.34723010745518,1674.3100013257354,2224.4882057346217
Mg0.3Zn0.7Cr0.7Fe1.3O4,3.5560246430119378,3.5275311136844403,3597.697488590138,3369.233527080285
Mg0.4Mn0.1Zn0.5Fe2O4,3.7129679101363977,2.948738592169591,5163.782128613453,888.6660565042596
Mg0.4Fe2Ni0.6O4,3.814074037738062,3.7625374389763335,6517.394919609212,5788.118835038735
Mg0.4Zn0.6Fe2O4,3.347948167319863,3.27180764445173,2228.1692032852006,1869.8537706141701
Mg0.525Zn0.325Fe2Co0.15O4,3.579508772374995,3.6280912141282675,3797.5960971134405,4247.087554341265
Ca0.5Mg0.5Fe2O4,4.01473348828448,3.9717947222779433,10345.071300966993,9371.189547501483
Mg0.5Zn0.4Fe2Co0.1O4,3.958798368693046,3.3579656229727544,9094.909222980912,2280.1615763176233
Mg0.5Zn0.3Fe2Co0.2O4,4.159666765349775,3.5002244983907316,14443.311085580859,3163.9127483328903
Mg0.5Zn0.2Fe2Co0.3O4,4.418183995405741,3.644693781466028,26192.924759332964,4412.5920831739195
Mg0.5Zn0.1Fe2Co0.4O4,4.305572554944287,4.070151726874589,20210.290448512245,11753.080936050284
Mg0.5Fe2Co0.5O4,4.106265172718534,4.315801861924135,12772.18418311694,20691.97104071902
Mg0.5Cd0.3Fe2Cu0.2O4,3.3021906767591878,2.9569317468365615,2005.3522829566803,905.5902683096812
Mg0.5Fe1.9Cu0.5Bi0.1O4,3.678216958366955,3.542953268811467,4766.69054559941,3491.02749115644
Mg0.5Fe2Cu0.5O4,1.662653966234103,3.341345818942944,45.98900000000001,2194.5517120436543
Gd0.1Mg0.5Mn0.5Fe1.9O4,3.0375107031340502,3.42285897661342,1090.2113601788296,2647.640261634273
Mg0.5Cr0.5Fe1.5Ni0.5O4,3.9503957485726167,4.06901069287071,8920.634560295388,11722.242268123577
Mg0.5Zn0.1Fe2Cu0.4O4,1.5088393379755751,2.702469874146979,32.27300000000001,504.0456535836831
Mg0.5Zn0.2Fe2Cu0.3O4,1.6133766346948344,2.740824395146439,41.05599999999999,550.5850250234452
Mg0.5Zn0.3Fe2Cu0.2O4,1.3454325474991466,2.714113422009249,22.153,517.7420297856746
Mg0.5Zn0.4Fe2Cu0.1O4,1.4362421808715622,2.9129705014037883,27.305,818.4091974161155
Mg0.5Zn0.5Cr0.5Fe1.5O4,2.875163643059067,3.5891072077038046,750.1768242631997,3882.461946225453
Gd0.075Mg0.5Zn0.5Fe1.925O4,2.0739764043899176,2.768944650921116,118.57043260339098,587.4144841538711
Gd0.05Mg0.5Zn0.5Fe1.95O4,2.6192918248449177,2.7770914829379585,416.1901761850569,598.5376620940832
Gd0.025Mg0.5Zn0.5Fe1.975O4,2.6387774623110745,3.1092872266798692,435.28876935607303,1286.136983260431
Gd0.1Mg0.5Zn0.5Fe1.9O4,1.7700218557086198,2.918931536487955,58.887328943966,829.7199576091301
Mg0.5Zn0.5Fe2O4,3.2498733047572337,3.210903659404205,1777.760714335405,1625.1881963299736
Mg0.6Cr2Cu0.4O4,3.502850127305606,4.378202912797262,3183.098861836,23889.27186277516
Mg0.6Cr2Ni0.4O4,3.6250660055784327,4.241185573935519,4217.605991932701,17425.51306117835
Mg0.6Zn0.4Fe2O4,3.171934453926722,3.4250629050457437,1485.7113937619526,2661.1104783584883
Mg0.75Fe2Co0.25O4,4.326079752424438,3.9339127690377484,21187.501799095902,8588.41000199373
Mg0.75Mn0.21Fe2Co0.04O4,2.878513741266491,3.81603177303964,755.9859796860497,6546.840690851742
Mg0.7Al0.3Fe2O4,4.061558697838771,3.2978289118754147,11522.817879846312,1985.3126593575703
Mg0.7Cd0.3Fe2O4,4.0768813950333245,3.2085859285984712,11936.62073188499,1616.5380393045175
Mg0.7Fe2Co0.3O4,4.393550525004481,4.097644549542715,24748.5936507749,12521.159549814074
Yb0.02Mg0.7Fe1.98Co0.3O4,4.480573732594454,4.4695681103196705,30239.439187442025,29482.758178778964
Yb0.04Mg0.7Fe1.96Co0.3O4,5.01971588880342,4.2447041574427615,104644.3750828584,17567.265194912317
Yb0.06Mg0.7Fe1.94Co0.3O4,4.377911390697306,4.345274375534779,23873.241463769984,22144.93324882781
Yb0.08Mg0.7Fe1.92Co0.3O4,4.229169739416381,4.333774299294632,16950.001439276693,21566.233313346125
Mg0.7Cr0.3Fe2O4,4.052772531435117,4.012678545470475,11292.0432123632,10296.237351290005
Mg0.7Cr0.3Fe1.7Ni0.3O4,3.9310254319898883,3.911968787141889,8531.500724435939,8165.236854786946
Mg0.7Zn0.3Cr0.3Fe1.7O4,3.370311722390868,3.488008381819403,2345.9120301845146,3076.1561835281323
Mg0.7Zn0.3Fe2O4,3.2722274533817446,3.376358699109383,1871.6621307595683,2378.804213661603
Pr0.04Mg0.96Fe2O4,4.502850127305606,3.911217729930781,31830.988618359974,8151.128316482379
Mg0.9Mn0.1In0.1Fe1.8Cu0.1O4,1.0322157032979815,2.4205441655604565,10.769999999999998,263.356575042461
Mg0.9Mn0.1In0.2Fe1.7Cu0.1O4,0.8027737252919757,1.897667153113276,6.35,79.00728775085538
Mg0.9Mn0.1In0.3Fe1.6Cu0.1O4,0.7678976160180907,1.8171802305062998,5.860000000000001,65.64176205234924
Mg0.9Mn0.1In0.4Fe1.5Cu0.1O4,1.0153597554092142,1.9808177872332482,10.36,95.67925548030588
Mg0.9Cr0.1Fe1.9Ni0.1O4,4.017231833516956,3.7856869455110873,10404.75440462643,6105.017954411296
Mg0.9Zn0.1Cr0.1Fe1.9O4,3.7427749405677577,3.300104955280604,5530.634272440053,1995.7445652189044
Mg0.9Zn0.1Fe2O4,3.524039426375544,3.195773682101599,3342.2538049277987,1569.544675994775
Mn(FeO2)2,3.26421406889482,4.075791556206216,1837.4438179948313,11906.703972087182
Mg2Nb1Fe0.95Ni0.05O6,3.076881395033325,3.258565273270725,1193.6620731885,1813.6992494146712
Mg2NbFeO6,3.076881395033325,3.286465946285876,1193.6620731885,1934.0422013793495
Ce0.1Mg2Ti0.9Fe1O6,4.472801587703957,4.444988326235425,29703.08702922265,27860.462791553866
Ce0.08Mg2Ti0.92Fe1O6,4.507869680706214,4.4571884327610665,32201.023861048423,28654.209561445943
Ce0.06Mg2Ti0.94Fe1O6,4.462999703093753,4.457672988894276,29040.206691245283,28686.197814060233
Ce0.04Mg2Ti0.96Fe1O6,4.456851294987176,4.450510441062654,28631.97426221483,28216.97419931094
Ce0.02Mg2Ti0.98Fe1O6,4.445886859432718,4.456950101547756,27918.16434244812,28638.48907844768
JMMgFeHO,5.201820131641625,4.14839366076294,159154.94309180017,14073.225959973224
Gd0.05Mg1Fe1.95O4,4.011043053331047,3.888082224582734,10257.536082266519,7728.268898637301
Gd0.1Mg1Fe1.9O4,4.114307892973948,3.586323023297256,13010.916597754644,3857.651787388137
Gd0.2Mg1Fe1.8O4,3.673844829341906,3.532431927766879,4718.944062671869,3407.4691122481686
Gd0.25Mg1Fe1.75O4,3.354108476024681,3.4401021519035244,2260.000191903559,2754.8766111696596
Gd0.3Mg1Fe1.7O4,3.2432128167998497,3.5938287221880025,1750.7043740097995,3924.901139394687
Mg1Mn0.1Fe1.9O4,1.1510632533537501,3.545130750568275,14.159999999999998,3508.5748872089484
MgO,3.201820131641625,4.040164154057207,1591.549430918,10968.927198656116
JMMgHO,4.599760140313663,4.434262720671356,39788.73577295003,27180.830397887195
Microdiorite,3.17030308019556,4.077920410194138,1480.1409707537405,11965.212339794163
MetalMischFeB,5.739639226714899,4.7571438121525755,549084.5536667098,57166.79072826432
Mischmetal1M942.4Nd2128Al0.4Fe68.2Cu0.2B0.8,5.791690649020118,5.625373509355477,618999.9999999995,422059.33405704465
MischmetalFeB,5.546542663478131,4.854681058729838,351999.99999999977,71561.76751441449
MischmetalFeB,5.383815365980431,4.854681058729838,241999.99999999988,71561.76751441449
MischmetalAlFeB,5.382017042574868,4.5673216502554626,240999.99999999997,36925.09745951619
Mischmetalbased,5.883513523646189,4.043153709548945,764739.5015560996,11044.694548527761
Mix,5.523004158943939,4.142657988438647,333429.60577732115,13888.584595046095
MnTe2,6.377911390697306,5.125080682600999,2387324.146376998,133376.9194860938
Mn(C2N3)2,4.745888175991901,4.630022778779808,55704.23008213006,42660.18935177506
Mn,4.678941386361287,2.286329363291104,47746.482927539975,193.34340524083072
MnAl,5.076881395033325,5.264283490645391,119366.20731885014,183773.75559246584
MnAlC,5.378397900948138,4.7100106701821,239000.00000000015,51287.39846386501
MnAlC,5.468991860044639,4.7100106701821,294436.64471983025,51287.39846386501
MnFe2CoO4,2.858537197569639,3.4778342904281825,721.9999999999998,3004.9295217793183
MnFe2CuO4,2.100370545117563,3.4642748155404663,126.00000000000001,2912.559562469575
MnFe3O4,1.9007901359776436,3.669135689100134,79.57747154589998,4668.052041431876
MnGa,5.076881395033325,4.4217002904750276,119366.20731885014,26405.85842450738
RMnHIN,4.131239057355917,4.543869569406523,13528.17016280299,34984.00846374927
MnNiN,5.544242812463831,4.294794898514198,350140.87480195996,19714.914525289005
MnFe2NiO4,2.5211380837040362,3.3108552741473396,331.99999999999994,2045.7627857828786
MnCoSnN,6.103803720955957,4.168295255208435,1270000.0000000012,14733.137947690195
MnSnN,5.389166084364533,4.1196366922050895,245000.00000000006,13171.544158246657
Mg0.25Mn0.05Zn0.5Fe3Cu0.2O4,2.4485648413654664,3.115419174691722,280.90847455702715,1304.4251831953393
Mn0.06Ge0.94,3.9007901359776436,5.247782825092666,7957.74715459,176922.40123580067
FeCoO3,4.748979252969042,5.043731672644091,56102.11743985951,110594.02714434027
Mg0.5Fe2Ni0.5O4,4.313670494442618,3.768660284220614,20590.670762501617,5870.299836591385
Fe2NiO4,2.5997601403136623,3.839779382641421,397.8873577294999,6914.796167869958
Zn(FeO2)2,4.372565756998448,3.4827106101259,23581.19214319655,3038.859422671083
Mn0.1,3.413874496442788,3.0024932168569674,2593.4297976808825,1005.7573541922753
Mg0.15Mn0.15Zn0.5Fe3Cu0.2O4,3.009355159710478,3.0026714636381513,1021.7747346493558,1006.1702302773008
Mn0.18Zn0.25Fe2.57O4,5.803880122969587,5.722042711891758,636619.7723671995,527281.7158513116
Mn0.1Zn0.8Co0.1O1,3.432269053019899,3.941781814102488,2705.634032560601,8745.443011361898
Mn0.1Fe2Co0.9O4,4.924495178599681,4.591196347181337,84041.76769962501,39011.83216826194
Mg0.2Mn0.1Fe2Co0.7O4,5.98033314338055,4.26327240426011,955725.4332662597,18334.64072766928
Mg0.2Mn0.1Zn0.5Fe3Cu0.2O4,2.772363071523522,2.984890093461564,592.0563883014956,965.8064322404946
Mg0.2Mn0.1Fe2Ni0.7O4,5.0011606810952065,3.4906532498479774,100267.614147834,3094.9472393424267
Mg0.2Mn0.1Zn0.7Fe2O4,5.071051851372601,2.9456866357667866,117774.6578879319,882.4429458727428
Ce0.5Mn0.1Zn0.2Fe1.5Ni0.7O4,3.04066922237888,3.5184073589808644,1098.1691073334198,3299.1902411367123
Dy0.5Mn0.1Zn0.2Fe1.5Ni0.7O4,3.011379846276893,3.6574255988881514,1026.5493829421105,4543.866873354447
Er0.5Mn0.1Zn0.2Fe1.5Ni0.7O4,2.9689759977238053,3.6111686108536376,931.05641708703,4084.7794337062264
Sm0.5Mn0.1Zn0.2Fe1.5Ni0.7O4,3.128676840591317,3.7215007321414326,1344.8592691257095,5266.241026855136
Mn0.1Fe2Ni0.9O4,2.7209915954632837,3.5569317998583942,526.0070869183988,3605.2202341270076
Mn0.2Zn0.17Fe2.63O4,6.332153900136631,5.178784640303741,2148591.7317393,150933.15151717592
Mn0.2Zn0.25Fe2.55O4,6.873917989577342,5.363994115006422,7480282.325314601,231203.3460295017
Mn0.24Zn0.21Fe2.55O4,5.502850127305606,5.442289561380758,318309.8861835997,276878.7090453607
Mn0.25,2.92321850716313,2.286329363291104,837.9507753783267,193.34340524083072
Mg0.5Mn0.25Fe1.75Ni0.5O4,4.303051518432324,3.8494011711671416,20093.311565339744,7069.703029421325
Mg0.05Mn0.25Zn0.5Fe3Cu0.2O4,3.3835208360575866,3.1496835286108364,2418.3593602799015,1411.5086002034625
Mg0.25Mn0.25Fe2Co0.5O4,3.9007901359776436,4.068966381548471,7957.74715459,11721.046301841996
Ti1.1Mn0.25S2,5.386511562459224,4.800595897338237,243507.06293045403,63182.36779973908
Mn0.25Zn0.75Fe2O4,0.8038801229695872,3.4743215872491295,6.366197723672,2980.722784031713
Mn0.2Zn0.5Fe2Co0.3O4,4.167492102861732,3.0610578001916986,14705.91674168233,1150.9535589992965
Nd0.02Mn0.2Fe0.98Co0.8O3,4.688958507118811,4.487963531665862,48860.567529182605,30758.385212985326
Mn0.2Fe2Co0.8O4,4.876929107592,4.294892888219672,75323.25991705623,19719.36329612761
Gd0.15Mn0.2Fe1.85Cu0.8O4,4.043023127772358,3.493567868467794,11041.374176993635,3115.787771190104
Mg0.1Mn0.2Zn0.5Fe3Cu0.2O4,2.535267406138375,3.124456587852909,342.9789023628289,1331.8539033260442
Mn0.2Fe2Ni0.8O4,2.377911390697306,3.416240940071321,238.73241463770006,2607.5998060827155
Mn0.35Zn0.35Fe2Sb0.3O4,2.920123326290724,2.8866236388457587,832.0000000000001,770.2356907470643
Mn0.375Zn0.375Fe2Sb0.25O4,2.514547752660286,2.832671974116245,326.9999999999999,680.2553626214902
Mn0.38Fe1.62Co1O4,0.3010299956639812,4.184967165778499,2.0,15309.71710350565
Mn0.3Fe2Co0.7O4,4.811361184458902,4.182555237960074,64768.10409120801,15224.92766578471
Mn0.3Zn0.5Fe3Cu0.2O4,2.8862166100606452,3.2084409385202677,769.5141498488529,1615.9984449361539
Mn0.3Fe2Ni0.7O4,2.932602407308014,3.480917765621245,856.2535938338843,3026.340331295329
Mn0.3Zn0.7Fe2O4,4.360363542082296,2.9551492021310146,22927.861101804716,901.880926124643
Mn0.4Zn0.4Fe2Sb0.2O4,2.561101383649056,2.7341297253800603,364.0,542.1628122693787
Mn0.425Zn0.425Fe2Sb0.15O4,2.5854607295085006,2.5995115748879387,384.99999999999994,397.6596948249004
Mn0.45Zn0.45Fe2Sb0.1O4,1.6532125137753437,2.619110577830171,45.0,416.01652099990827
Mn0.475Zn0.475Fe2Sb0.05O4,1.7634279935629373,2.789977115042171,58.00000000000001,616.5625115135043
Nd0.04Mn0.4Fe0.96Co0.6O3,4.641152825471887,4.363144518354145,43767.60935024497,23075.149230427665
Mn0.4Fe2Co0.6O4,4.722742322568119,4.539752659683012,52813.180540867426,34653.943236634484
Gd0.15Mn0.4Fe1.85Cu0.6O4,4.0540560710535125,3.6402342379503168,11325.465750412495,4367.513317849967
Mn0.4Fe2Ni0.6O4,4.015801207278097,3.5758567210143934,10370.53609186169,3765.7954035727007
Mn0.4Zn0.4Fe2Co0.2O4,3.8555191556678,3.287012533166458,7170.0,1936.477847339131
Mn0.4Zn0.6Fe2O4,4.900790135977644,3.097584464928531,79577.47154590007,1251.9427368006345
Mn0.5,0.37791139069730606,3.422590611376479,2.387324146377,2646.004700628351
Ce0.5Mn0.5Fe2O4,4.247729598676634,3.560741367006408,17690.071924653566,3636.983803344708
Mn0.5Zn0.5Fe2O4,1.6901960800285136,3.346501974504169,49.0,2220.7617800409885
Mn0.54Al0.46,5.093914734332105,5.1770001497848135,124140.85561160398,150314.24845121693
Mn0.55Al0.45Co0.02,5.119915410257991,4.335376677035289,131799.99999999994,21645.951300893215
Mn0.55Al0.45Co0.03,5.098989639401178,4.139057620915754,125600.00000000013,13773.922051217532
Mn0.55Al0.45Co0.04,2.845098040014257,5.031578697692698,700.0000000000001,107542.14578530192
Mn0.55Bi0.45,5.8092751548562935,5.825930414817432,644577.5195217902,669777.2852146279
Mn0.55Bi0.45Mo1,5.896425330575194,5.553900051282689,787816.9683044103,358014.0341183498
Mn0.55Bi0.45Mo2,5.909390307739561,5.618549776304075,811690.2097681798,415479.6683727403
Mn0.55Bi0.45Mo3,5.934213891464593,5.739840454118669,859436.6926957202,549339.027221726
Mn0.55Bi0.45Mo4,5.968975997723805,5.323915583166741,931056.41708703,210821.83210739164
Mg0.5Mn0.5Fe1.5Ni0.5O4,4.313653709790471,3.699178231558997,20589.874987786152,5002.397879296674
Mn0.5Fe2.5O4,2.5909862160061574,4.046964857518718,389.92961057491016,11142.043701378625
Mn0.5Fe2Ni0.5O4,3.991823652032114,3.7828730157911092,9813.493791040386,6065.5895070546485
Mn0.5Co2Ru0.5O4,6.24321281679985,4.509844532521818,1750704.3740097994,32347.783854288587
Dy0.005Ho0.005Mn0.5Zn0.5Fe1.99O4,3.1113761608828,3.3555549955225565,1292.3381379054154,2267.5402018222326
Dy0.015Ho0.015Mn0.5Zn0.5Fe1.97O4,3.1164276994127054,3.2103862763564925,1307.457857499137,1623.2532323850442
Dy0.01Ho0.01Mn0.5Zn0.5Fe1.98O4,3.1608615239627182,3.2240209817386387,1448.3099821353796,1675.0237982210801
Dy0.025Ho0.025Mn0.5Zn0.5Fe1.95O4,3.0757217295060864,3.202525479174814,1190.4789743266645,1594.1364027124532
Dy0.02Ho0.02Mn0.5Zn0.5Fe1.96O4,3.119850468426505,3.2453936144643416,1317.8029288001046,1759.5175964991404
Dy0.03Ho0.03Mn0.5Zn0.5Fe1.94O4,3.0834900393136864,3.200991511927999,1211.9648916440574,1588.5157015364507
Mn0.5Zn0.5Fe2O4,3.201820131641625,3.346501974504169,1591.549430918,2220.7617800409885
Gd0.1Mn0.5Zn0.5Fe1.9O4,2.099887727411467,3.0299684227842505,125.86000000000004,1071.441398730292
Gd0.2Mn0.5Zn0.5Fe1.8O4,2.1002326519645065,2.9881610530847773,125.96000000000006,973.1080227272704
Gd0.3Mn0.5Zn0.5Fe1.7O4,2.296050601788739,2.830191281729948,197.7199999999999,676.3808166269354
Gd0.4Mn0.5Zn0.5Fe1.6O4,2.3034984457923136,2.9510401594723246,201.13999999999993,893.3880920487906
Mn0.5Zn0.5Fe1.975Ni0.025O4,3.9906952474170416,3.3325017029805872,9788.029000145702,2150.313111255599
Mn0.5Zn0.5Fe1.95Ni0.05O4,3.972672143283769,3.1728518173485725,9390.1416424162,1488.8529896840887
Mn0.5Zn0.5Fe2O4,3.524039426375544,3.346501974504169,3342.2538049277987,2220.7617800409885
Sm0.1Mn0.5Zn0.5Fe1.9O4,3.502850127305606,3.2395856241105445,3183.098861836,1736.1435216330249
Sm0.2Mn0.5Zn0.5Fe1.8O4,3.60836031207558,3.387119096737745,4058.4510488408987,2438.479431811537
Sm0.3Mn0.5Zn0.5Fe1.7O4,3.4918547430041427,3.402871405458927,3103.521390290099,2528.54918249715
Ca0.4Mn0.6Fe2O4,4.6291439179988725,3.9786693981060193,42573.94727705654,9520.71134426823
Ca0.4Mn0.6Fe2O4,4.871137012207737,3.9786693981060193,74325.35842387062,9520.71134426823
Nd0.06Mn0.6Fe0.94Co0.4O3,4.6209494393836,4.266968946387974,41778.172561597465,18491.36394371115
Mn0.6Fe2Co0.4O4,3.513573992697379,4.301630094386652,3262.676333381899,20027.65466937483
Gd0.15Mn0.6Fe1.85Cu0.4O4,3.664517539743342,3.5679142894862483,4618.676448524038,3697.551992638013
Mn0.6Fe2Ni0.4O4,3.953791706377952,3.7308565063634145,8990.66273525578,5380.919641622184
Mn0.6Al0.2Zn0.4Fe1.8O4,2.8501801426225564,3.3022895399953645,708.2394967585099,2005.8088353465832
Mn0.6Zn0.4Fe2O4,3.0147334882844805,3.1799193394114305,1034.5071300967004,1513.2801640346004
Mn0.6Zn0.4Fe2O4,4.223009430711563,3.1799193394114305,16711.26902463899,1513.2801640346004
Gd0.02Mn0.6Zn0.4Fe1.98O4,3.0530784803607003,3.1687259890836907,1130.0000959517806,1474.7757543205457
Gd0.04Mn0.6Zn0.4Fe1.96O4,3.0854815667952424,3.1239185753143124,1217.53531465227,1330.2049980970328
Gd0.06Mn0.6Zn0.4Fe1.94O4,2.6387774623110745,3.110645522254962,435.28876935607303,1290.1657908454433
Gd0.08Mn0.6Zn0.4Fe1.92O4,2.883061369017212,2.9910527998908356,763.94372684064,979.609075358868
Gd0.1Mn0.6Zn0.4Fe1.9O4,2.9799713820252687,2.9072829117608667,954.9296585508005,807.7610573915126
Mn0.75Fe0.25Ni1Ge1,4.457092636744931,3.7650100817428527,28647.889756523997,5821.167309130309
Mg0.5Mn0.75Fe1.25Ni0.5O4,4.312409841940874,3.8851048767281426,20530.987658842212,7675.468200158013
Mn0.75Zn0.25Fe2O4,0.6789413863612872,3.158780062852174,4.774648292754,1441.385214598036
Mn0.76Zn0.24Fe2O4,2.377911390697306,2.781602508981208,238.73241463770006,604.787085813023
Mn0.7Fe2Ni0.3O4,3.9448985234237637,3.8159868360235154,8808.430325415675,6546.163315757012
Dy0.1Mn0.7Zn0.3Fe1.9O4,3.3023629816540896,3.4268787142623984,2006.1480576721394,2672.2600204355867
Mn0.7Zn0.3Fe2O4,2.8550326454169683,2.9158814568766354,716.1972439130997,823.9131925739725
Ce0.2Mn0.8Fe2O4,4.126796830706823,3.89757180602789,13390.501137028601,7898.994401738029
Nd0.08Mn0.8Fe0.92Co0.2O3,4.4126734969565184,4.194927219988339,25862.678252417525,15664.885325630197
Mn0.8Fe2Co0.2O4,3.5997601403136623,3.8954098032081106,3978.8735772949994,7859.769379559759
Gd0.15Mn0.8Fe1.85Cu0.2O4,3.6477355455927483,3.3747014696100788,4443.606011123055,2369.7442033524076
Mg0.2Mn0.8Fe2O4,3.3529753867925423,3.4568336011949548,2254.1114590091643,2863.0807777479795
Mn0.8Fe2Ni0.2O4,3.8446999513903584,3.868063307483422,6993.586509339876,7380.118029092328
Dy0.05Mn0.8Zn0.2Fe1.95O4,3.786547017046911,3.3535950107884807,6117.120237733335,2257.3297784782203
Ce0.1Mn0.9Fe2O4,3.7819407471224045,4.022851458649994,6052.5829083096105,10540.263270580306
Ce0.075Mn0.925Fe2O4,4.225154914179933,3.916946759796108,16794.029595046726,8259.366917092098
Ce0.05Mn0.95Fe2O4,3.973444353310678,4.011359034857335,9406.852911440837,10265.001918081627
Ce0.025Mn0.95Fe1.975Bi0.05O4,2.898613216723369,3.084662587763754,791.7958418817051,1215.2414879031708
Ce0.03Mn0.95Fe1.97Bi0.05O4,2.946504194918511,3.0677973875605344,884.1057088749487,1168.9539089347543
Ce0.015Mn0.95Fe1.985Bi0.05O4,2.9273234005009403,3.0694899392538755,845.9085225329169,1173.5184967707376
Ce0.02Mn0.95Fe1.98Bi0.05O4,2.9803331433805496,3.070349828528683,955.7254332662587,1175.8443278827551
Ce0.005Mn0.95Fe1.995Bi0.05O4,2.9321986002292677,3.127964776256478,855.4578191184249,1342.6560597067196
Ce0.01Mn0.95Fe1.99Bi0.05O4,2.920736817656486,3.066053983870675,833.1761270855728,1164.2707421287853
Mn0.965Si1Ir0.035,4.706970109961531,4.700538690606721,50929.58178937598,50180.92824386424
Ce0.025Mn0.975Fe2O4,4.244277506215946,3.987121799875534,17550.01557473279,9707.821893797265
Mn0.979Si1Ir0.021,4.641152825471887,4.6341066193172225,43767.60935024497,43063.23177713517
Mn0.985Si1Ir0.015,4.53425859155723,4.616933029229022,34218.312764737006,41393.583854981356
Mn0.9Fe2Ni0.1O4,3.8433735580955206,3.7941310148499814,6972.259746965571,6224.880445833818
Mn0.9Pd0.1,3.9007901359776436,4.777265394413448,7957.74715459,59877.73920855899
Mn0.9Zn0.1Fe2O4,3.0154011202098165,3.0819322596031586,1036.0986795276176,1207.625457378412
Mn,3.419304075855531,2.286329363291104,2626.0565610147,193.34340524083072
Mn1.08Bi1,5.900790135977644,5.830445189050646,795774.7154590008,676776.3736984726
Mn1.08Sb1.92Te4,3.201820131641625,4.603000542155031,1591.549430918,40086.7218052826
Nd0.1Mn1Fe0.9O3,4.319091427297389,4.319239395534786,20849.297545025787,20856.402308146357
Mg0.5Mn1Fe1Ni0.5O4,4.303051518432324,3.805971671937447,20093.311565339744,6396.9310836392715
Mn(FeO2)2,4.386199212300221,4.075791556206216,24333.199249305308,11906.703972087182
Mn1.1Ga1.4Fe1.5,5.201820131641625,4.5514669300204105,159154.94309180017,35601.38798135362
Mn1.2Ga1Ni1,4.377911390697306,4.373769345277184,23873.241463769984,23646.634861213595
Mn1.2Ga1Ni0.8Pt0.2,4.572887993913361,5.414076381801815,37401.411626573,259463.56550902783
Mn1.2Ga1Ni0.5Pt0.5,5.703563861269619,4.999198020199785,505316.9443164648,99815.50772332629
Mn1.2Ga1Pt1,5.803880122969587,5.273103933517873,636619.7723671995,187544.32775164914
Mn1.4Ga1.4Fe1.2,5.377911390697306,5.0998427072116606,238732.4146376998,125846.95367105854
Mn1.4Sn1Pd0.1Pt0.9,3.883061369017212,5.695392560444202,7639.437268406399,495898.23259114334
Mn1.5Al1V1Co0.5,4.27762248526845,4.541770186961028,18950.57907394061,34815.303620313694
Mn1.6Ga1.4Fe1,5.4322690530198985,5.225804493016672,270563.40325605986,168191.6739697652
Mn,2.9007901359776436,2.286329363291104,795.7747154589999,193.34340524083072
Mn11Cr,5.878513741266492,4.076016192940536,755985.9796860504,11912.864250564238
Mn,3.0530784803607003,2.286329363291104,1130.0000959517806,193.34340524083072
Mn2.01Sb1.19Te4,5.599760140313663,4.319256494745742,397887.35772950033,20857.223490681394
Mn2.2Ga1Ru0.5,5.079767083270813,5.079603722300229,120161.98203430894,120116.79129991632
Mn2.2Ga1Ru0.9,5.043804936231739,5.202885776319187,110612.68544880107,159545.9470661568
Mn2.2Al1.2V0.6,4.5028501273056065,4.762284362130025,31830.98861836004,57847.46901474629
Mn2.2Al1V0.8,4.7137034926205,4.694161039497824,51725.35650483506,49449.401490999604
Mn2.37Ga1Co0.63,4.201820131641625,4.516438711908845,15915.494309180018,32842.68930861965
Mn2.43Ga1Co0.57,4.201820131641625,4.63798069790297,15915.494309180018,43449.091291508135
Mn2.63Ga1Co0.37,5.179543736930473,5.076864485901469,151197.19593721008,119361.5599200669
Mn2.65Fe0.35Sn1,6.502850127305606,4.417491816725196,3183098.8618359976,26151.21171765152
Mn2.6Ga1.4,5.781603728258435,5.2395709212853685,604788.7837488406,173608.47463465342
Mn2.6Ga1,5.518513939877888,5.59368125784193,330000.00000000035,392356.86685655534
Mn2.85Ga1Co0.15,6.062158138212618,5.475156191924814,1153873.3374155497,298645.64905350277
Mn2.875Ni0.125Ge1,6.633987401084213,4.563048411803688,4305141.210633192,36563.554757603735
Mn2.97Ga1Co0.03,6.252972654089006,5.384213736325734,1790493.1097827489,242222.0839929077
Mn2.9Ga1,5.6148972160331345,5.4204437272683546,411999.9999999999,263295.6762115801
Mn2Ga1.4Fe0.6,5.850180142622556,5.214495507156479,708239.4967585099,163868.5108746291
Mn2Ga1Fe0.73,5.830209061691936,4.9742494659339185,676408.5081401494,94243.07889065985
Mn2FeReO6,4.900790135977644,4.438988686221871,79577.47154590007,27478.225688177223
Mn2FeSn,5.332153900136631,4.303731801872859,214859.17317393,20124.810603511654
Mn2Co0.32Ni1.32Sn0.36,2.347948167319863,4.190477323704073,222.81692032852007,15505.1982568188
Mn2Co0.24Ni1.4Sn0.36,3.846750839555212,3.5865403944607643,7026.690737502969,3859.58308557207
Mn2Co0.16Ni1.48Sn0.36,4.101640634068721,3.659640766863551,12636.902481488913,4567.102586514217
Mn2Co0.08Ni1.56Sn0.36,4.104095052116127,3.759115394768016,12708.52220588023,5742.690288206192
Mn2GaPt,5.131239057355917,5.4021200090946415,135281.7016280299,252417.81851843456
Mn2SnRh,4.713703492620499,4.671694199604057,51725.356504834956,46956.33578527704
Mn2Ga1Ru0.9,5.554002649752987,4.930566260254046,358098.6219565498,85224.85289106093
Mn2Al1.2V0.8,4.5028501273056065,4.6801414472651,31830.98861836004,47878.60048347148
Mn2AlV,4.7137034926205,4.620078272101283,51725.35650483506,41694.4521848776
Mn,2.8038801229695873,2.286329363291104,636.6197723672002,193.34340524083072
Mn3.1Sn0.9,5.803880122969587,5.107681534511205,636619.7723671995,128139.0602161574
Mn3.4Sn0.6N1,5.468991860044639,4.522398017554897,294436.64471983025,33296.45653038976
Mn3.5Ni0.5N1,5.076881395033325,5.002139480236755,119366.20731885014,100493.84896402397
Mn7Ga13,5.3979400086720375,5.047614507529966,249999.99999999994,111587.23271828108
Mn38.5Ga29Fe32.5,5.419304075855531,4.743516451646156,262605.65610147,55400.85301128486
Mn3Al2(GeO4)3,6.262517971995236,4.229584313430343,1830281.8455556987,16966.189499376353
Mn3.39Co0.61N1,5.88979475167618,4.717023189926853,775880.3475725246,52122.25419673763
Mn3In,5.332153900136631,5.198635831517157,214859.17317393,157992.2672816577
Mn3O4,5.8973018081318225,5.201681936285134,789408.5177353284,159104.3070004096
Mn3Sn,5.076881395033325,5.601956690940887,119366.20731885014,399904.86814182997
Mn9Bi11,5.648978162983844,5.767052620740291,445633.8406570398,584860.9437863377
Mn12Bi13,5.957694987314116,5.658713234529395,907183.1756232592,455735.8933040758
Mn4C,4.377911390697306,4.5590167235938255,23873.241463769984,36225.694775675445
Mn4N,2.9007901359776436,4.8092368040222695,795.7747154589999,64452.06019346178
Mn,3.332153900136631,2.286329363291104,2148.5917317393,193.34340524083072
Mn50.5Bi45Pt4.5,6.14876340233945,5.775860423243133,1408521.2463624305,596843.4378199745
Mg3Mn50In0.5Bi45Sb1.5,5.830719696062231,5.799714990395659,677204.2828556085,630543.4089678916
Mg3Mn50In0.5Bi46Sb0.5,5.750823393667413,5.861561866430498,563408.4985449723,727045.9615128132
Mn50Bi47Sb3,6.212543997033398,5.8198718691256355,1631338.166690951,660498.5508907222
MnBi,5.468991860044639,5.808218372021637,294436.64471983025,643010.9549173751
Mn50Co8.5Ni33.5Sn8,5.377911390697306,4.023329925873269,238732.4146376998,10551.881998862318
Mn50Ni41.5Sn8.5,4.678941386361287,4.7838694890863085,47746.482927539975,60795.22765755724
Mn50Ni42.25Sn7.75,5.01473348828448,4.518206461778408,103450.71300966993,32976.64445066231
Mn50Ni42.5Sn7.5,5.2987301446496815,4.510746577543047,198943.67886475014,32415.041170817967
Mn51Al46C3,5.4252080511386565,4.979119616700627,266200.00000000006,95305.86265576955
Mn51Al47C2,4.9871499666523915,5.207772700971449,97084.51528599793,161351.38624094456
Mn52.2Al45.8C2,5.05307844348342,5.180323740930458,113000.00000000006,151468.99397421934
Mn52.3Al45Cr1C1.7,5.266278120868543,5.2217947720417115,184619.73398648805,166645.95329411584
Ti0.5Mn52.8Al45C1.7,5.419304075855531,5.135791759085141,262605.65610147,136707.31671869176
Mn53.3Al45C1.7,5.468991860044639,5.147658463529713,294436.64471983025,140494.2219428204
Mn54.1Al37.6Ga8.3,5.328379603438738,5.216423385323332,213000.00000000017,164597.55711808053
Mn54.2Al43.8C2,5.155336037465062,5.220943409570131,143000.00000000017,166319.59147031483
Mn54.45Al44.55B1,5.29698948307338,4.732526946446762,198147.9041492912,54016.5629104381
Mn54Al43.6Bi0.4C2,5.558419567366595,4.847777195622199,361759.1856476611,70433.16357935213
Mn27Al22C,5.6534530790986155,5.009218850221811,450249.33400670206,102145.4086465744
Mn27Al23,5.544242812463831,5.1770001497848135,350140.87480195996,150314.24845121693
Mn27SnBi22,5.700130685431225,5.859007310799369,501338.0707391699,722781.9706218303
Mn55.2Ga19Cu25.8,6.201820131641625,4.736231426222052,1591549.4309180018,54479.28839590018
Mn55(Al4Ga)9,5.33645973384853,5.180316510091863,217000.00000000023,151466.47209384677
Mn55Al42Cu3C2,4.902091068998062,4.950118754320935,79816.20396053774,89149.46768322648
Mn55Al43(CuC)2,4.983575506294094,4.958435140912177,96288.74057053904,90873.05758638993
Mn55Al44C,4.778151250383644,5.165912698019004,60000.00000000003,146525.32657859245
Mn55Al44CuC2,4.981055763317489,5.0505656370913545,95731.6982697178,112348.0754094219
Mn11Al9,4.662757831681574,5.176047905333472,46000.00000000002,149985.02690218913
Mn55Al45C2,4.94297173049341,5.359651872344575,87694.37364358178,228903.2043838203
Mg4Mn55Bi41,5.896425330575194,5.849001692639486,787816.9683044103,706320.3071031692
Mg3Mn55Bi42,5.883061369017212,5.86851054999859,763943.72684064,738772.2092292529
Mn55Bi43.5Sb1.5,5.8092751548562935,5.945455287215244,644577.5195217902,881972.9939399529
Mg2Mn55Bi43,5.883061369017212,5.869610368931596,763943.72684064,740645.4666248199
Mg(Mn5Bi4)11,5.878513741266492,5.857512088790065,755985.9796860504,720297.8007855323
Mn11Bi9,5.8092751548562935,5.788683791354303,644577.5195217902,614729.1271022675
Mn11Ga9,4.222716471147583,5.060686193078904,16700.0,114996.91587462829
Mn5Ge3,5.027894934342451,4.790966225573266,106633.81187150601,61796.83398040551
Mn5Si2,5.491854743004143,4.861190337122154,310352.13902900985,72642.42557646488
Mn3Ga2,4.764176132390331,5.373202383541927,58099.99999999999,236157.84849525016
Mn16Ga9,5.575187844927661,5.451488127637861,375999.9999999998,282805.67990511114
Mn13Ga7,4.972665592266111,5.549472356131253,93900.00000000001,354382.5722759654
Mn67.5Ga32.5,5.2810013776892495,5.558693750024298,190985.93171015996,361987.6467860108
Mn7Ga3,5.994317152669637,5.42104227788802,986999.9999999997,263658.80410514784
Mn72.5Ga27.5,5.377911390697306,5.631111461668363,238732.4146376998,427672.6342388804
Mn3Ga,5.460897842756548,5.30067031982277,289000.00000000023,199834.43172392462
MnAlC,6.531218011002667,4.7100106701821,3397958.0350099276,51287.39846386501
MnAlNiC,5.392151829811916,4.432568099936111,246690.16179228996,27074.977222479174
MnAlC,5.17030308019556,4.7100106701821,148014.09707537404,51287.39846386501
MnAlV,4.913627360682816,4.576566131421379,81964.79569227704,37719.517736471105
MnAs,4.377911390697306,4.552676911075815,23873.241463769984,35700.714753057175
MnB,5.841356422467734,4.809055282117139,693995.129351794,64425.12681858771
MnB2,5.858205850700313,5.237954337837609,721449.3570351296,172963.4494129213
MnB3,5.808953336033191,5.338603028969346,644100.0546925144,218073.5678224929
GMnBi2BP,5.678941386361287,5.256795820702216,477464.8292753997,180632.47004827528
MnBiSb,5.900790135977644,5.719589940800442,795774.7154590008,524312.1729010082
Mn1Bi0.98Sb0.02,5.900790135977644,5.992811134180229,795774.7154590008,983583.2724189667
Mn1In0.5Bi43Sb1.5,6.0710518513726015,4.865991209237971,1177746.5788793215,73449.90006615735
MnBi,5.961487976331255,5.808218372021637,915140.9227778492,643010.9549173751
MnBiC,4.2810013776892495,5.716263196235895,19098.593171015993,520311.2261164427
Dy0.1Mn1Bi1,5.405940114297549,5.675966244438913,254647.9089468799,474205.1262098462
MnGeBi,6.050009248633024,5.502261648310188,1122042.3487971905,317878.861069079
MgMnBiSb,5.53425859155723,5.419737443921642,342183.12764737004,262867.83236674976
Sm0.1Mn1Bi1,5.405940114297549,5.5327082568847965,254647.9089468799,340963.78769643
MnCoN2,5.502850127305606,4.0831352167501,318309.8861835997,12109.751096290085
Mn5(CuO4)3,2.9007901359776436,4.317969373089523,795.7747154589999,20795.500298445026
GMn(FeO2)2,3.588844926054928,4.550419419636331,3880.1179351065384,35515.62155676827
GMn(FeO2)2,3.512959189930617,4.550419419636331,3258.0608400322385,35515.62155676827
GMn(FeO2)2,3.553258887127635,4.550419419636331,3574.858754256466,35515.62155676827
GMn(FeO2)2,3.602375388860531,4.550419419636331,4002.905973701863,35515.62155676827
O2,4.855032645416968,5.127888936437991,71619.72439130998,134242.16153245472
Mn1Fe1Si0.55P0.45,3.1560626410809496,3.3196498417106852,1432.3944878261996,2087.612274526633
MnFeSiP,2.9799713820252687,2.70851701877917,954.9296585508005,511.11310772999616
GlasscoatedMicrowiresMnFeSiP,4.782174792748217,4.171428908920052,60558.45584642995,14839.829421744933
Gd0.125Mn1Fe1.875O4,3.3073303164115986,3.383626418480963,2029.2255244204491,2418.9473651768712
Gd0.25Mn1Fe1.75O4,3.3865115624592237,3.339891810293907,2435.07062930454,2187.2166853943468
Gd0.5Mn1Fe1.5O4,3.5549666778556044,3.6215446396166597,3588.943966720092,4183.546876623443
Mn1Bi0.2Sb1.8Te4,4.392151829811916,5.076015919053955,24669.016179228995,119128.56737752617
MnSiB2,3.9007901359776436,4.193670819805853,7957.74715459,15619.632797100809
MnSiB20,4.44485818032792,2.7689512520258814,27852.115041065026,587.4234126901091
MnSiN2,3.9799713820252687,4.647310919069173,9549.296585508004,44392.63448835434
EEtMnP2H2CNO,5.599760140313663,4.654168819670676,397887.35772950033,45099.19808225348
MnCrTe4,5.2810013776892495,4.908607378357142,190985.93171015996,81022.82440716295
MnCr,4.599760140313663,4.1064469054213255,39788.73577295003,12777.529885997188
MnCrTe,5.131239057355917,4.886073693629452,135281.7016280299,76926.09619146734
MnCrTe,4.9421828211358685,4.886073693629452,87535.21870048996,76926.09619146734
MnCrTe,5.4322690530198985,4.886073693629452,270563.40325605986,76926.09619146734
TiMnO3,6.7137034926205,4.5557653665348585,5172535.650483506,35955.50282071226
MnV2O4,5.377911390697306,5.137697092069824,238732.4146376998,137308.39543259423
Mn(FeO2)2,4.201820131641625,4.075791556206216,15915.494309180018,11906.703972087182
Yb0.025Mn1Fe1.975O4,4.184882326620478,3.8584287107787283,15306.726651853875,7218.196668757885
Yb0.05Mn1Fe1.95O4,4.166103338531941,3.814520727051816,14658.96603347024,6524.101770531825
Yb0.075Mn1Fe1.925O4,4.078615107842325,3.495477112041613,11984.36721481254,3129.515537142764
Yb0.1Mn1Fe1.9O4,2.8302090616919364,3.8670036304185293,676.4085081401502,7362.132517314827
AMnZnPIN,3.0311239044726497,4.285956389165992,1074.2958658696498,19317.743230268978
UMnZnP,2.798417227268085,4.972441912051757,628.6620252126098,93851.64994016092
CeMnFeO,2.6273658565927325,4.09405651701842,423.99999999999983,12418.139008328253
MoS2,4.377911390697306,4.457821449870188,23873.241463769984,28696.00569581452
Mumetal,1.7458881759919005,4.142657988438647,55.70423008213,13888.584595046095
MagnetiteMultidomain,2.909390307739561,4.077920410194138,811.6902097681798,11965.212339794163
N2,6.147985320683805,4.560185740841444,1405999.9999999998,36323.33706892302
N2,6.214578953570499,4.560185740841444,1639000.0000000012,36323.33706892302
N2,6.334654766883242,4.560185740841444,2161000.0000000023,36323.33706892302
GradeNdFeBN30,5.903632516084238,2.9531677581268294,800999.9999999998,897.775517889517
ZN32,6.3979400086720375,4.763189735247842,2499999.999999999,57968.189344032544
HN33,6.152288344383057,4.572375076743204,1420000.0000000007,37357.26530862631
MagnetNdUFeBHN33,5.938614886565985,4.822068069848262,868190.2145657687,66384.7111399216
UHN34,6.298853076409706,4.6300435636746675,1989999.9999999986,42662.23107416766
N2,6.370513089598592,4.560185740841444,2346999.999999999,36323.33706892302
DyAlN42,6.20073303600041,4.701973437593659,1587570.5573407037,50346.98145242614
N2,6.052466366824691,4.560185740841444,1128408.546520862,36323.33706892302
N2,6.060697840353612,4.560185740841444,1150000.0000000005,36323.33706892302
CN,3.7069701099615306,4.9186693603621015,5092.958178937598,82921.92210676736
C2N,4.664966268367975,4.976629382176732,46234.51096816793,94760.94480773497
C3N,4.869739816958987,4.707485852501578,74086.62600923299,50990.09868620772
CNOF,4.714037436875249,5.043198202475459,51765.145240608,110458.26121634172
GCNOF,4.745205176451468,4.264300003687495,55616.6948634295,18378.07432968554
G2CNOF,4.746012242406658,4.530254470427841,55720.14557643922,33904.27565992187
G3CNOF,4.6457086784189965,4.399034461039971,44229.158685211194,25063.08119380328
G4CNOF,4.62514794020407,4.510010195430577,42184.0176664816,32360.12536538042
CSNOF,5.008542634717806,4.91477063819182,101986.48753322536,82180.85176296186
CS2NOF,5.1752943586335265,4.914176820644191,149725.01271361075,82068.56140170504
CS3NOF,4.996691415203521,4.915429341700557,99241.06476489187,82305.59175071932
CS4NOF,5.046141952536105,4.847140684287229,111209.51648539527,70330.01082960184
HCNO,6.2987301446496815,4.853184121808779,1989436.7886475013,71315.53126127203
ZCN,4.043648687091034,3.832464913187848,11057.289671302797,6799.311108978319
ZCN,3.9991569324169745,3.832464913187848,9980.606481286773,6799.311108978319
ZCN,3.9230122404853494,3.832464913187848,8375.528880205971,6799.311108978319
CuN,4.380382575759573,3.965407667290264,24009.470137309436,9234.378410424219
CuN,3.3937445875338805,3.965407667290264,2475.965491931978,9234.378410424219
CuN,4.111668622831366,3.965407667290264,12932.08715444127,9234.378410424219
CuN,3.3560949520999124,3.965407667290264,2270.361178698837,9234.378410424219
FeP2H6NO8,5.138836239106439,3.8593898211018445,137669.025774407,7234.18850320685
AE2MX5HNO,6.298634783124435,3.863236635938018,1988999.999999999,7298.550812689407
AEMX9HSNO,6.001300933020418,4.352698124483643,1002999.9999999994,22526.728483056166
NF,4.010739716208231,4.490438809174323,10250.374109827371,30934.194309705315
NF2,4.002708969658067,4.60742896531681,10062.571276979048,40497.570051549694
MWNF,3.200950672928996,3.8665505580036266,1588.3663320561636,7354.4560673456335
GNO50,1.6020599913279625,4.413515161221165,40.00000000000001,25912.84881535667
GBPHNF,6.234438892492345,4.689658528076408,1715690.2865296046,48939.38732321516
GBPH2N,6.312073048995028,5.063680612773753,2051507.2164533043,115792.54857167629
VNO,4.143828184663938,4.521651439138518,13926.057520532511,33239.26708290103
Z1M1C0.2N1,3.89510728864728,3.958430607631805,7854.296441580327,9087.210903439263
Z1M1C0.5N1,4.306819080941259,3.861038415358265,20268.382002740742,7261.7018771058265
ZCNF,3.698473070892543,4.682817189325988,4994.282114220686,48174.49705927354
ZNF,2.623424058511456,3.0708266954502186,420.16904976235224,1177.1361454037565
ZPN,3.752134111786532,4.1990196845559336,5651.114564360544,15813.19711539279
Na0.75Co1O2,3.9007901359776436,4.405265819794453,7957.74715459,25425.28441627201
Na2Co2TeO6,6.678941386361287,4.971831445198251,4774648.292753997,93719.81986759671
Na2Mn3O7,4.572887993913361,4.776393702767398,37401.411626573,59757.67648411039
Na2Ti3O7,4.362588693502753,4.680170070531739,23045.63575969263,47881.756146661384
NaCr2O4,6.44485818032792,4.952838063544776,2785211.504106503,89709.42303902081
NaCr(GeO3)2,4.900790135977644,4.939754145162404,79577.47154590007,87047.06755340315
NaCr(SiO3)2,6.392151829811916,4.741746106273926,2466901.6179228993,55175.47825588096
NaFe2P(SO6)2,4.554002649752987,4.725625472885227,35809.86219565498,53164.95772604116
Na(FeSb3)4,4.979971382025268,3.854855688470735,95492.96585507996,7159.054827553396
Na1Yb0.02Lu0.98O2,6.3289249300064325,4.620009468967749,2132676.2374301204,41687.84726159364
Co0.333333Ni0.333333,1.7781512503836436,3.942797920862074,60.0,8765.928437176708
Nb,1.414973347970818,4.157780718195296,26.0,14380.722906227842
E2NbH2(CN)2,4.201820131641625,4.281704571786975,15915.494309180018,19129.541979084886
Nb,1.513573992697379,4.157780718195296,32.62676333381899,14380.722906227842
ZrNb,1.3424226808222062,4.089405393202118,21.999999999999996,12285.855221066005
NdFe6Mo6N,5.3479481673198626,5.496836360916234,222816.92032851986,313932.5595356715
Nd1Fe12Mo12N1.52,5.480573732594454,5.24195758509942,302394.3918744202,174565.16574150382
Nd,4.4322690530198985,5.631489876271586,27056.340325605983,428045.4414112877
CeNdFeB,6.103119253545714,5.955880654650871,1267999.9999999995,903401.1824141224
CeNdFeB,5.953759691733229,5.955880654650871,898999.9999999999,903401.1824141224
CeNdFeB,5.6551384348113825,5.955880654650871,452000.00000000035,903401.1824141224
CeNdFeB,5.598790506763115,5.955880654650871,397000.0000000001,903401.1824141224
CeNdFeB,5.810232517995084,5.955880654650871,646000.0000000001,903401.1824141224
CeNdFeB,5.8352885872212115,5.955880654650871,684366.2552947402,903401.1824141224
M2CeNdFeBP,6.018061431633408,5.958272617575304,1042464.8772512893,908390.5708659907
CeNdFeB,6.041392685158225,5.955880654650871,1100000.0000000007,903401.1824141224
CeNdFeB,5.887561870243888,5.955880654650871,771901.4739952298,903401.1824141224
NdDyFeB,6.179543736930473,6.26051446530433,1511971.9593721011,1821857.7537798996
NdDyFeB,6.210420303403542,6.26051446530433,1623380.4195363598,1821857.7537798996
NdDyNbFeB,6.093914734332105,6.1653649604654275,1241408.5561160399,1463406.4351743583
NdDyFeCoB,6.332153900136631,6.140707977651983,2148591.7317393,1382636.3729206768
AnisotropicNdFeB,6.1702617153949575,6.007611227045106,1480000.0000000002,1017679.9705561122
NdFeB,6.317018101048111,6.002095620901907,2074999.9999999988,1004837.0061767864
NdFeB,6.222716471147583,6.002095620901907,1670000.0,1004837.0061767864
LRNdFeBP2H3,6.018061431633408,5.593048815680383,1042464.8772512893,391785.9122540841
NdFeB,6.008000105625512,6.002095620901907,1018591.6357875199,1004837.0061767864
M2QNdFeB2PH,5.845098040014257,5.59915155454499,700000.0000000001,397330.18049408507
M2QNdFeBPHS19,5.826074802700827,4.978726123128924,670000.0000000007,95219.54965504583
MQNdFeBPS,5.780317312140151,5.493083166978542,602999.9999999998,311231.2284872837
NdFeB,6.008600171761918,6.002095620901907,1020000.0000000009,1004837.0061767864
NdFeB,5.917823475276424,6.002095620901907,827605.7040773598,1004837.0061767864
NdFeB,5.775851399369344,6.002095620901907,596831.0365942506,1004837.0061767864
NdFeB,6.167961864380658,6.002095620901907,1472183.223599151,1004837.0061767864
NdFeB,6.247143110428282,6.002095620901907,1766619.8683189787,1004837.0061767864
NdFe2,5.60916737430202,4.684754130259418,406600.0,48389.83377532508
NdFe2B5,5.589167390546048,5.827103776950612,388300.0000000001,671589.3135524151
NdFe2B,5.63205216670581,5.695083331091163,428600.0,495545.26538654236
NdSmFe2BN,5.9421828211358685,5.695790830586659,875352.1870048996,496353.20509276475
NdFeB,5.418645554907672,6.002095620901907,262207.76874374057,1004837.0061767864
RNdFeBH3,5.977444652948287,5.5089852205396,949389.9999999998,322838.42548109806
RNdFeBH3,6.190891716922169,5.5089852205396,1551999.9999999988,322838.42548109806
NdFeB,6.050317149731992,6.002095620901907,1122838.12351265,1004837.0061767864
AMagnetMethodNdFeBH,6.205065186454772,5.605834692648893,1603486.0516498853,403491.780946098
MagnetNdFeB,5.992995098431342,5.986716953142096,984000.0000000007,969877.6536625889
Magnet2NdFeB,6.0888445627270045,5.939096951735278,1227000.0000000005,869154.4373370071
AMagnetNdFeB,5.978180516937414,5.975502610027452,950999.9999999998,945154.0726203453
MagnetNdFeB2,5.951823035315912,5.8994972748414565,895000.0000000001,793409.2781901367
MagnetNdFeBC,6.086003705618382,5.953823140733156,1219000.0000000007,899131.3505472444
NdFeB,5.9421828211358685,6.002095620901907,875352.1870048996,1004837.0061767864
NdFeCuB,6.151210138286538,5.910328257333566,1416478.99351702,813445.1185828898
NdFeCuB,5.977723605288848,5.910328257333566,949999.9999999997,813445.1185828898
NdFeCuB,5.830209061691936,5.910328257333566,676408.5081401494,813445.1185828898
NdGaFeB,6.143828184663938,5.959839502510382,1392605.7520532513,911673.8596970406
NdFeSiB,5.502850127305606,6.036221683470646,318309.8861835997,1086980.325764567
NdTiFeBC,5.698970004336019,5.645731705443586,499999.99999999994,442315.0385183872
NdFeBr,5.502850127305606,4.857735459257419,318309.8861835997,72066.83664875403
NdFeCoB,6.013258665283517,5.973624315839767,1031000.0000000005,941075.1721826249
NdFeCoCuB,5.9871499666523915,5.895241142507071,970845.1528599793,785671.7586609668
NdNbFeCoB,5.524039426375544,5.68968425075612,334225.38049277983,489422.86023333744
NdGaFeCoB,6.24321281679985,6.034554776488321,1750704.3740097994,1082816.2794527067
NdFeCuB,6.237249869826173,5.910328257333566,1726831.13254603,813445.1185828898
NdGaFeCuB,6.1455618974729385,5.9663423882136515,1398176.1750614627,925427.4730761322
NdGaFeB,6.563547967659217,5.959839502510382,3660563.691111398,911673.8596970406
LaCeNdFeB,6.01473348828448,5.77716607889042,1034507.1300966993,598640.477864393
MLaNdFeB2P,5.419304075855531,5.90368783133902,262605.65610147,801102.0283303818
NdMn6Fe,5.1890393615496295,5.034547648876,154539.44974213775,108279.85084893541
PrNdGaFeCoB,6.13640344813399,6.12725300495094,1369000.0,1340457.3641249288
TbNdFeB,6.3289249300064325,6.2108725619483645,2132676.2374301204,1625071.8296458493
NdFeB,5.730093908808668,6.002095620901907,537147.9329348248,1004837.0061767864
FeB7,6.03112390447265,1.7103306121950204,1074295.86586965,51.32519548839942
Nd0.04Fe0.963B1,5.222976449893391,4.779588999651928,167099.99999999988,60198.96155534101
Ce0.6Nd0.4Fe14B1,5.72686493867847,5.7758573741565575,533169.05935753,596839.2475274396
La0.25Ce0.25Nd0.5Fe77Co1B6,6.106806012740988,5.731908499996285,1278809.9677426137,539396.966859594
La0.3Ce0.2Nd0.5Fe14B1,5.700130685431225,5.714383069431121,501338.0707391699,518063.58844826766
Sr0.49Nd0.51Mn1O3,4.843294242145724,4.831793215025154,69709.86507420836,67888.0313577859
Nd0.55Ho0.45Fe0.8Co0.2B1,6.201820131641625,6.153453456387731,1591549.4309180018,1423814.6473597016
Ce0.5Nd0.5Fe13Co1B1,5.803880122969587,5.774184789064024,636619.7723671995,594545.0793022396
Ce0.5Nd0.5Fe14B1,5.819868228353718,5.8126942324145805,660493.0138309704,649672.1238042796
Ce0.5Nd0.5Fe68Cu0.5B1,5.924279286061882,5.989503936862808,840000.0000000007,976121.6308952222
Ce0.5Nd0.5Fe68.3Cu0.2B1,5.9965116721541785,5.964305761709134,991999.9999999995,921097.8354116693
La0.5Nd0.5Fe14B1,5.6931818254758975,5.698291795575248,493380.32358458,499219.7926662216
Nd0.65Y0.35Mn1O3,5.679809107892514,5.439172417497108,478419.7589339508,274898.53000364004
Ce0.4Nd0.6Fe14B1,5.896425330575194,5.832536163682317,787816.9683044103,680042.6697687795
Nd0.6Dy0.4Co2,6.065142991762081,4.999270651321836,1161831.0845701413,99832.20219879968
Nd0.6Gd0.4Co2,5.24321281679985,5.184524963011903,175070.43740097995,152941.36537618545
La0.4Nd0.6Fe81B6,5.799340549453582,5.856513584363881,630000.0000000006,718643.6365937217
Nd0.6Y0.4Mn1O3,5.397443075228561,5.451261540671723,249714.105711034,282658.16855012684
La0.7Ce0.15,6.19964321238735,5.210219247532306,1583591.6837634104,162262.9052344341
Nd0.75Dy0.25Fe14B1,6.177251940150888,5.80512527190568,1504014.2122175104,638447.6193522041
Ce0.3Nd0.7Fe14B1,5.921979435047581,5.836514834951051,835563.4512319494,686301.3211975158
Ce0.3Nd0.7Ga0.6Fe73.6Co6.6B5.6,5.938216633918267,5.8901348131352025,867394.4398503094,776488.1156648833
Nd0.7Mn1Pb0.3O3,3.9007901359776436,4.675947411865971,7957.74715459,47418.45634134618
Sr0.3Nd0.7Co1O3,5.6712739454087515,4.934298575629408,469109.19476308045,85960.42927410107
Nd0.7Y0.3Mn1O3,5.619291824844918,5.5663353221648455,416190.1761850573,368413.318659538
Ba0.15Nd0.85Fe1O3,4.61412575027517,4.892318145190654,41126.878703477225,78040.15893355638
Ce0.15Nd0.85Fe0.4Co0.6B0.07,5.840309388596262,5.874119341121416,692324.0024493302,748375.120568105
Ce0.15Nd0.85Fe0.78B0.07,6.120898224017699,5.68030956923179,1320986.0276619408,478971.38602289604
Ce0.2Nd0.8Zr1Cr0.1Fe12Co1.9B0.5C1,5.840309388596262,5.840080646176168,692324.0024493302,691959.4521805809
Ce0.2Nd0.8Zr1Mn0.1Fe12Co1.9B0.5C1,5.850180142622556,5.81873769350261,708239.4967585099,658775.8856049556
Ce0.2Nd0.8Zr1Fe12Co1.9Ni0.1B0.5C1,5.869273084531579,5.847607725068969,740070.4853768701,704056.8448603
Ce0.2Nd0.8Zr1V0.1Fe12Co1.9B0.5C1,5.909390307739561,5.840438470066846,811690.2097681798,692529.8063131955
Ce0.2Nd0.8Fe12Co2B1,5.787280861150125,5.847988316644614,612746.5309034298,704674.1116256126
Ce0.2Nd0.8Zr1Fe12Co2B0.5C1,5.909390307739561,5.842028502165316,811690.2097681798,695069.9326009153
Ce0.2Nd0.8Fe14B1,5.930173913662854,5.8682916167627965,851478.945541131,738399.8788501039
Ce0.2Nd0.8Fe67.5B1,6.15452439400478,5.914479523445108,1427330.000000001,821257.8304279988
Ce0.2Nd0.8Ti7Fe75B6,6.190824747340161,5.844907942942266,1551760.6951450494,699693.6667692356
Ce0.2Nd0.8Ti5Fe77B6,6.167961864380658,5.987394240885961,1472183.223599151,971391.3701679753
Pr0.2Nd0.8Fe12Co2B1,5.93601079571521,5.776723850578571,863000.0000000002,598031.2114825454
Sr0.2Nd0.8Co1O3,2.8038801229695873,4.827550103218968,636.6197723672002,67227.98634985382
Nd0.8Y0.2Mn1O3,5.679520059973756,5.633055464780382,478101.4490477675,429591.2873858555
Ba0.1Nd0.9Fe1O3,5.079129151205198,4.944518166812067,119985.6065263747,88007.19248809949
Ce0.1Nd0.9Mn1O3,5.803880122969587,5.793335205391738,636619.7723671995,621348.4301105518
Nd0.9Fe1Co0.1O3,4.854549827710873,4.323519582724257,71540.14691976416,21062.96871648374
Nd0.9Fe1Ni0.1O3,4.021364067183494,4.848934450877598,10504.226244058802,70621.0956081425
Ce0.08Nd0.92Mn1O3,5.803880122969587,5.739668812767496,636619.7723671995,549121.9609986548
Ba0.05Nd0.95Fe1O3,5.093013780819036,4.872169176714998,123883.58960384334,74502.21361274825
La0.05Nd0.95Fe82B6,5.855032645416968,5.866236184048134,716197.2439130998,734913.4303133235
Ce0.04Nd0.96Mn1O3,5.979971382025268,5.72316884398451,954929.6585507995,528650.7394158845
Ce0.1Nd0.9Fe14B1,5.965248125204562,5.8458397173267125,923098.6699324402,701196.463941318
Ce0.1Nd0.9Ga0.6Fe73.6Co6.6B5.6,6.088310856814107,5.8408831324746835,1225493.06180686,693239.2320244812
La0.1Nd0.9Fe81B6,5.804139432335351,5.8565180180141905,637000.0000000005,718650.9731613692
Nd0.9Y0.1Mn1O3,5.6800257676535075,5.655609077472565,478658.4913485889,452490.09554767545
NdFe14B,6.01473348828448,5.643312489195647,1034507.1300966993,439857.99392774096
Nd1.2Fe6Mo6,4.201820131641625,5.095356120636561,15915.494309180018,124553.55298681745
Nd1.2Fe6Mo6N0.85,5.656664991650135,5.068406981114992,453591.5878116295,117059.5852685239
Ce19.6Nd10.1Fe69.3B1.1,5.179543736930473,5.559421894311975,151197.19593721008,362595.0694729047
Pr2.56Nd10.23Fe68.32Co13.08B5.81,6.107209969647869,5.872493060584388,1280000.0000000012,745577.9586444027
Pr2.56Nd10.23Nb0.5Fe68.32Co13.08B5.81,6.080987046910887,5.8879138552595744,1204999.9999999995,772527.3347779212
Pr2.56Nd10.23Nb1Fe68.32Co13.08B5.81,5.988112840268352,5.931704316919237,972999.9999999999,854484.7512835292
Pr2.56Nd10.23Nb2Fe68.32Co13.08B5.81,6.003029470553618,5.903987410212459,1007000.0000000001,801654.8238333599
Pr2.56Nd10.23Nb3Fe68.32Co13.08B5.81,5.985426474083002,5.916107553257131,967000.0,824342.2385257584
Tb0.75Nd10.8Dy0.75Zr0.8Nb0.8Fe67.7Co12Cu0.4B6,5.975385848989467,5.938102651884386,944900.0,867166.8191605513
Nd10.8Dy1.5Zr2Nb2Fe79.7Cu2B6,6.075546961392531,5.900122422868734,1190000.0000000007,794552.1787359014
Nd5Fe28B3W14,6.1303337684950066,5.489520881205276,1350000.0000000014,308688.8062015181
Nd5Ti6Fe38B,5.9421828211358685,5.758788220970634,875352.1870048996,573836.5687433699
Nd5Ti5(Fe19B)2,5.965248125204562,5.833689269213149,923098.6699324402,681850.6662792892
Nd10Fe82BC7,4.745888175991901,5.591748650880842,55704.23008213006,390614.76099942403
Nd5Fe41BC3,5.405940114297549,5.476582425126748,254647.9089468799,299628.0205088851
Nd10Fe82B3C5,5.502850127305606,5.578180566202939,318309.8861835997,378599.96214402036
Nd5Fe41(BC)2,5.77002185570862,5.663767868655031,588873.2894396606,461071.0651993854
Nd5Fe41B3C,5.840309388596262,5.710387275222184,692324.0024493302,513318.92397516983
Nd5Fe41B4,5.775851399369344,5.6842163212149455,596831.0365942506,483299.4725990719
Nd5(Fe14B)3,5.414973347970818,5.6280050278200875,260000.00000000015,424624.4797884893
Nd10Ti3.5Fe1Co5B11,6.0768813950333245,5.979689590111553,1193662.073188499,954310.2535478409
MagnetNd11Zr83Fe83Co83B6,5.703291378118662,5.054568439243269,505000.0000000005,113388.35095330981
Pr1.2Nd11.5Fe80.7Cu0.5B6.1,5.7460890430562,5.895022372466864,557299.9999999997,785276.0866799226
Nd11.7Fe82.1B6.2,5.9912703891951,5.8091048430030305,980100.0000000009,644324.7931484656
Nd11Dy0.5Nb2Fe80.4B6.1,5.750508394851346,5.923445536234725,563000.0,838388.9318074228
M2.5Nd11Dy4Fe76.5B6H1,6.318063334962762,4.954117470106622,2080000.000000002,89974.09149656883
Nd12Dy2.8Fe74.7Co3.4Cu0.2B6.9,6.266936911159173,5.9719599570041115,1849000.000000001,937475.5654387369
Nd12.2Fe81.6B6.2,5.953868579461063,5.842750498911186,899225.4284686694,696226.4188663452
Nd12.2Fe81.8B6,5.758122632408912,5.847866386156605,572957.7951304801,704476.2983868989
Nd12.7Dy0.3Zr0.1Ga0.4Fe64.3Co16B6.2,6.107616012009493,5.733465679419435,1281197.2918889893,541334.4666637712
Nd12.8Dy3.2Ti0.5Fe75.5B8,6.091315159697223,5.955503942394229,1234000.000000001,902617.9011266652
Nd12.8Dy3.2Fe76B8,6.091315159697223,5.9631087594989465,1234000.000000001,918562.6014786109
Nd12Nb3Fe79B6,6.021364067183494,5.872105207492178,1050422.6244058802,744912.4064871772
Nd12Nb1.5Fe80.5B6,5.9871499666523915,5.869265867527885,970845.1528599793,740058.1871615548
Nd6Fe41B3,5.8352885872212115,5.83233331613115,684366.2552947402,679725.1138573609
Nd2Fe14B,5.418645554907672,5.83636643263571,262207.76874374057,686066.8459508697
Nd13Zr0.09Ga0.5Fe64.36Co16B6.5,5.965248125204562,5.666888083918588,923098.6699324402,464395.58677699097
Tb1.8Nd13.2Al0.9Fe1Co5B9Mo3.8,6.414973347970818,6.073864273570819,2600000.0000000014,1185398.2276592879
Nd13.34Ga0.42Fe74.74Co5.5B6,6.135813295472867,5.892162614687527,1367140.9611585625,780122.160225328
Nd13.53Al89.5Fe75.69Co5.54Cu9.7B6.04,6.034329044347861,4.945069449366567,1082253.6130242397,88118.97755093337
Nd13.53Al89.5Fe75.69Co5.54Cu9.7B6.04,5.950008158647825,4.945069449366567,891267.6813140797,88118.97755093337
Nd13.53Al89.5Fe75.69Co5.54Cu9.7B6.04,5.921979435047581,4.945069449366567,835563.4512319494,88118.97755093337
Nd13.5Fe72Co8B6.5,6.011379846276893,5.891881671640281,1026549.3829421106,779617.6660828836
Nd13.5Fe79.5B7,5.942206542277095,5.866214831016186,875399.9999999993,734877.2975857952
Nd13.65Ga0.8Fe73.35Co6.6B5.6,5.2810013776892495,5.9030386922662945,190985.93171015996,799905.5172033106
Nd13.65Ga0.6Fe73.55Co6.6B5.6,6.0530784803607,5.758963179718114,1130000.0959517793,574067.7896250751
Nd13.65Ga0.43Fe73.72Co6.6B5.6,5.878513741266492,5.84404096122432,755985.9796860504,698298.2621622164
Nd13.65Fe74.15Co6.6B5.6,5.869273084531579,5.886037713693202,740070.4853768701,769197.2336956008
Nd13.9Ga0.5Fe7387.6Co642.4B5.5,6.197455326239175,5.4414050213074745,1575633.936608821,276315.3561014927
Nd13Dy2Fe67Co10(BC3)2,6.309030101289493,5.931023032030953,2037183.27157504,853145.3578557562
Nd13Dy2Fe77C8,4.900790135977644,5.985728003184618,79577.47154590007,967671.6177567281
Nd13Dy2Fe77(BC3)2,6.338540698798032,5.869725962930968,2180422.720357662,740842.6267775074
Nd14.36Ga0.18Fe74.2Co4.9B6.36,5.864577963323199,5.571388258097818,732112.7382222797,372724.77229547076
Nd14.36Ga0.18Fe79.1B6.36,5.633183895800612,5.542827156375206,429718.34634786006,349001.38976528606
Nd14.5Dy1.5Nb1Fe76B7,6.046885190837711,5.985229859191671,1114000.0000000012,966562.3164073348
Tb0.375Nd14.5Dy0.375Ti0.375Fe55.5Co16.5B12Mo0.375,6.0553783313750005,5.903796255807902,1136000.000000001,801302.0536793817
Nd14Fe79C7,5.883061369017212,5.679816354188278,763943.72684064,478427.7415359382
Nd7Fe40B3,5.590098995101264,5.874975728566456,389133.835859451,749852.301135059
Nd15.5Ti0.375Al0.375V0.375Fe71B12Mo0.375,5.924279286061882,5.933430182817537,840000.0000000007,857887.1896888043
Nd15.5Fe78.5B6,5.44485818032792,5.84572255939349,278521.15041065024,701007.3304105548
Nd15Co78B7,5.599760140313663,5.90453076248712,397887.35772950033,802658.4137585498
Nd15Dy1.2Al0.8Fe1B6,6.049992856920142,6.159979849031307,1121999.9999999995,1445372.7048792061
Nd3Al2Fe10Co4B,5.900790135977644,5.783366264742906,795774.7154590008,607248.2399839165
Nd15Ga2Fe75B8,2.951823035315912,4.2044046477236785,895.0000000000001,16010.490886495789
Nd15Ga0.5Fe76.5B8,2.951823035315912,4.350626482567191,895.0000000000001,22419.528900623183
Nd15Ga(Fe19B2)4,2.951823035315912,3.9053365255390142,895.0000000000001,8041.489987499139
Nd15Fe77B8,6.146128035678238,5.727087603487981,1400000.0000000005,533442.4877127646
Nd15Fe78.5B1C5.5,6.046918171655881,5.863470415925957,1114084.601642599,730248.0667918115
Nd15Fe78B7,5.855032645416968,5.816761210451789,716197.2439130998,655784.5949796191
Nd15Fe78C7,5.60836031207558,5.760705939353148,405845.10488408984,576376.0671983861
Nd15Fe79C6,5.814603988361361,5.767493311312222,652535.2666763806,585454.7195033133
Nd16Fe62.4Co15.6B6,5.845272808127812,5.919212013281703,700281.74960392,830255.9818189776
Nd4Co21,3.9007901359776436,5.659619109410068,7957.74715459,456687.483932951
Nd16Fe46Co26BC11,4.201820131641625,5.748165237261606,15915.494309180018,559970.6145883526
Nd16Fe62Co10BC11,5.377911390697306,5.400552459090412,238732.4146376998,251508.3795441578
Nd16Al1Cr2Fe63.4Co11.6B6,5.924279286061882,5.9338272587563665,840000.0000000007,858671.915605448
Nd16Ti0.5Fe63.9Co11.6B8,5.900913067737669,5.958825619101449,795999.9999999998,909547.9913553179
Nd16Zr0.5Fe65.9Co11.6B6,5.980003371583747,5.927630362561174,955000.000000001,846506.6273226271
Nd16Cr0.25Fe66.15Co11.6B6,5.989449817666692,5.944280888511717,976000.0000000007,879591.2258523325
Nd16Al5Fe72B7,6.212543997033398,5.872353236294909,1631338.166690951,745337.9529974244
Nd2Fe9B,5.822736590207054,5.874116258002633,664869.7747659945,748369.8077647039
Nd16Ti0.5Fe75.5B8,6.047274867384179,5.936716327908925,1114999.9999999998,864403.1242606537
Nd16Ti0.5Fe75.5B8,6.047274867384179,5.936716327908925,1114999.9999999998,864403.1242606537
Nd16Ti0.25Fe75.75B8,5.980003371583747,5.973549353238517,955000.000000001,940912.7493156017
Nd8Fe38B3,6.0768813950333245,5.9547394593928695,1193662.073188499,901030.432033065
Nd4Fe19B2,6.0220157398177205,5.9624100026683085,1052000.0000000007,917085.8711888315
Nd8(Fe13B)3,5.95271405202375,5.936857014226474,896838.1043222927,864683.1862851153
Nd8(Fe13C)3,5.819868228353718,5.621246654954749,660493.0138309704,418067.7383060618
Nd18Ga(Fe25B2)3,6.563547967659217,5.94441764085123,3660563.691111398,879868.2385776588
M1.5Ce10.9Nd19.1Fe67.5B1,5.924454054175437,5.577486264139441,840338.0995247045,377995.1818857626
Nd2Fe7Co7C,6.110305150520275,5.61395505954127,1289155.0390435806,411107.1778490362
Nd2Fe7Co7B,6.282807178552512,5.8493624224113585,1917817.0642561917,706907.228234291
M7Nd2Fe7B,5.934213891464593,4.852548233515376,859436.6926957202,71211.18840162753
Nd2Fe14Co14B,6.034329044347861,5.464590980244475,1082253.6130242397,291468.0666556319
Nd20Fe68Cu2B0.5C9.5,5.944482672150169,5.877217608738308,880000.0000000009,753733.1366449693
Nd20Fe70B0.5C9.5,5.799340549453582,5.812780375102937,630000.0000000006,649800.9996161954
La2Pr2Nd2AlFe2Co,5.447158031342219,5.089223679611644,280000.0000000001,122807.15759318993
Nd23(Fe10B)7,6.0768813950333245,5.94302843595288,1193662.073188499,877058.2457058089
La3Nd25.2Y1.8Al0.1Fe1Cu0.1B169.8,6.001733712809001,5.442184834990535,1004000.0000000008,276811.95016840636
Nd5Al2Fe6Co6B,6.262517971995236,5.906782634874042,1830281.8455556987,806831.1088350026
Nd5AlFe8(Co2B)2,6.155336037465062,5.937278701587248,1430000.0000000016,865523.1763468509
Nd5Al2Fe12B,5.201820131641625,6.060939783235352,159154.94309180017,1150640.8366703617
Nd27Dy4Ga0.5Fe1Co2B1,6.308520864003979,6.030604925002003,2034795.9474286635,1073012.8550818842
M0.6Nd28.5Dy3Fe1Co12B155.9,6.215920453161245,5.913071846807798,1644070.5621382927,818600.2007387263
M0.6Nd28.5Dy3Fe1Co6B161.9,6.299424460516036,5.621660129671255,1992619.8875093379,418465.9537099415
Nd29.89Ga0.64Fe1Co5.93B0.89,6.156303848797177,5.9716144472885615,1433190.2625416587,936730.0387995193
Nd2Co0.85Si2.88,3.9977001489857003,5.543898832581333,9947.183943237505,349863.6579889644
Nd2Co14B,5.900790135977644,5.809325825137295,795774.7154590008,644652.7284659385
Nd2Co17,4.192802402213989,4.979420087870942,15588.430901126336,95371.82382694753
Nd2MnCoO6,5.900790135977644,5.161310631691461,795774.7154590008,144980.84668416032
Nd2CuO4,5.825069422039525,5.185805547559962,668450.7609855598,153393.00221454317
Nd2Fe12.8Co1.2B1,5.599760140313663,5.856745435807453,397887.35772950033,719027.3924430781
Nd2Fe14B,6.325671772608711,5.83636643263571,2116760.7431209423,686066.8459508697
Nd2Fe15B,5.7458881759919,5.819911161777776,557042.3008212994,660558.3119858993
Nd72Fe14Cu30B,5.380211241711606,6.056515616642774,240000.00000000017,1138978.7372758188
FeB7,5.399846712712923,1.7103306121950204,251100.00000000012,51.32519548839942
FeB7,4.599760140313663,1.7103306121950204,39788.73577295003,51.32519548839942
Nd2Fe15B,5.383663719586397,5.819911161777776,241915.5134995358,660558.3119858993
FeB7,5.991226075692495,1.7103306121950204,980000.0000000005,51.32519548839942
Nd2Fe14B,5.878521795501206,5.83636643263571,755999.9999999998,686066.8459508697
Nd2Cr2Fe15,4.900790135977644,4.918486236250491,79577.47154590007,82886.96471505307
Nd2Cr0.5Fe16.5,4.554002649752987,4.934351779318865,35809.86219565498,85970.96058942268
Nd2CrFe16,4.700130685431225,4.8342426321857594,50133.80707391699,68272.00104862009
Nd2Fe23B3,4.201820131641625,5.615851502201475,15915.494309180018,412906.2932893857
NdFe41B3,5.853089529851865,5.7991252438083745,712999.9999999994,629687.7488786083
Nd2Ir2O7,3.201820131641625,5.630796585101979,1591.549430918,427362.6710911725
Nd2MnNiO6,4.855032645416968,5.3814647001088485,71619.72439130998,240693.68728555727
Nd2Ni1O4.11,5.377911390697306,5.306274088081131,238732.4146376998,202429.63315680035
Nd3Fe14.5Re14.5,5.039092834143926,4.7106927086216785,109419.02337561264,51368.0061166006
Nd3Ti14.5Fe14.5,4.619291824844918,5.189985024335486,41619.01761850573,154876.32123896168
Nd327.5Ti1.5,4.201820131641625,5.761988176204379,15915.494309180018,578080.3087842222
Nd3.4Dy1Zr0.2Cr2.4Fe71.7Co2.4Cu0.4B18.5,5.6674529528899535,5.521155412094395,464999.9999999996,332013.2470952627
Nd3.5Dy1Nb0.5Cr2.4Fe71.3Co2.4Cu0.4B18.5,5.670245853074124,5.486290723860147,467999.9999999997,306401.384852481
Nd3Al(FeCo)3,5.201820131641625,5.4989272130692814,159154.94309180017,315447.5894897274
Nd31.25Fe68.25,5.599760140313663,4.697557895362315,397887.35772950033,49837.68896662235
Nd31(Fe20B3)3,6.201820131641625,5.746869280814392,1591549.4309180018,558302.1249441915
Nd32.5Dy1Nb1Al0.2Fe62.2Co2B1.1,5.358672032711636,6.008951690895746,228387.34333673323,1020825.9249796745
Nd3DyNb3Fe62Co10CuB20,5.0,5.351666562587807,100000.0,224732.85163489069
Nd3DyV3Fe63(CoB2)10,5.294466226161593,5.369424522443832,197000.0000000002,234112.45675889388
Nd3Dy1Zr0.5Ti0.5Fe65Co10B20,5.3979400086720375,5.391901610527381,249999.99999999994,246548.0718974516
Nd3DyFe66(CoB2)10,5.471291711058939,5.3000537893495725,296000.0000000001,199550.94525982303
Pr3Nd3TiNb3Fe67Co3B20,5.799340549453582,5.691976782826826,630000.0000000006,492013.23218869354
Nd3(Al3Ru)4,6.24321281679985,5.331864054176782,1750704.3740097994,214715.82507918944
Nd4.5Nb0.5Cr2Fe72.3Co2Cu0.2B18.5,5.5263392773898445,5.455384430456322,336000.00000000035,285354.3060084136
Nd4.5Nb1Cr0.5Fe73.8Co1.5Cu0.2B18.5,5.377911390697306,5.44438876789342,238732.4146376998,278220.27009667654
Nd4.5Nb1Fe75.8Cu0.2B18.5,5.361727836017593,5.412476258516222,230000.0000000001,258509.35169436806
Nd4.5Fe77B18.5,5.326335860928752,5.4914958819711925,212000.00000000012,310095.7984762812
Nd4Zr0.5Fe65Co10B20Mo0.5,5.380211241711606,5.358069884138061,240000.00000000017,228070.90408870493
Nd4Zr0.5Ti0.5Fe65Co10B20,5.350248018334163,5.299715147634034,224000.00000000017,199395.40578659627
Nd4Fe77.5B18.5,5.2552725051033065,5.490764036611779,180000.00000000015,309573.68485599913
Nd2(Fe13B3)3,5.502850127305606,5.138786903511493,318309.8861835997,137653.3875431901
Nd5Si2.4Ge1.6,4.900790135977644,5.661469774674046,79577.47154590007,458637.7251597507
Nd5.9Ti5Fe1Co6B7.7,5.480573732594454,5.9010613660010565,302394.3918744202,796271.8560316043
Nd5AlFe4,6.7458881759919,5.0221798768317605,5570423.008212995,105239.76674350786
Nd29Dy(AlFe3)5,5.505149978319906,5.570922853813576,320000.0000000002,372325.5620834364
Nd5Y4Fe64B23Mo4,5.88320703335239,5.6553529693195,764199.9999999997,452223.3359077034
Nd5Cr5(Fe4B)18,5.6148972160331345,5.468989941291344,411999.9999999999,294435.3438743032
Nd5Cr3(Fe37B9)2,5.568201724066995,5.413536652308798,369999.99999999994,259141.311459115
Nd5Fe77B18,4.0,5.553226150315921,10000.0,357458.92940811027
Nd6Ga1Fe6.5Co6.5,6.01473348828448,5.404516765188898,1034507.1300966993,253814.69648554482
Nd6AlFeCo2,5.502850127305606,5.2677570272786784,318309.8861835997,185249.49266915006
Nd12Al2(FeCo)3,5.468991860044639,5.257268921959434,294436.64471983025,180829.35031254715
Nd6AlFe2Co,4.930949031167523,5.5054141070232685,85299.99999999996,320194.67641383293
Nd12Al2Fe5Co,5.457092636744931,5.298329270907317,286478.89756524,198760.1294422818
Nd6AlFe3,5.414973347970818,5.626183754692731,260000.00000000015,422847.48776697594
Nd6AlFe3,5.444858180327919,5.626183754692731,278521.15041064966,422847.48776697594
Nd12Al2FeCo5,5.2987301446496815,5.508799660698502,198943.67886475014,322700.5166350377
Fe6Cu13,5.582031373353231,3.769392640334626,381971.86342032,5880.20734646957
Nd6NbFe86CuB6,5.392151829811916,5.771703430566936,246690.16179228996,591157.808619764
Nd3Fe44B3,5.4322690530198985,5.762804013531482,270563.40325605986,579167.2734314479
Nd7.5Ti4Fe75.5B12C1,5.79657433321043,5.788950960483699,625999.9999999999,615107.412299133
Nd7.5Y2.7Nb3.1Fe62Cu2.4B22.3,6.118925752825777,5.932952494653983,1315000.0000000002,856944.1031856991
Nd14(GaCu)3,6.29698948307338,5.994382961254611,1981479.0414929118,987149.5713104589
Nd7Cu3,6.24321281679985,5.537837743314533,1750704.3740097994,345014.81432906026
Nd7ZrFe67B22Mo3,6.045322978786658,5.715989038116149,1110000.0000000002,519982.871651627
Nd7Ti4Fe75B14,5.631443769013172,5.6793799023714495,428000.0000000002,477947.178745265
Nd7Fe77(B7Mo)2,4.954242509439325,5.756248817528014,90000.00000000006,570491.0264024298
Nd7Zr2Fe79B12,5.468991860044639,5.74074540744394,294436.64471983025,550484.8959788283
Nd7Y2.5Nb3Fe64.5B23,5.950131090407851,5.910678558216733,891520.0000000003,814101.5061411979
Nd7Y6Fe61(B11Mo2)2,6.110252917353403,5.821885006094387,1289000.0,663567.3456181883
Nd8Nb2.58Fe83.42B6,5.641152825471887,5.621294366298494,437676.09350244974,418113.66951196466
Nd8Fe82.6Co5.4B4,5.608419051317285,5.594506832531047,405899.9999999997,393103.4293522849
Nd2Fe22B,5.413969971748061,5.422478247675689,259400.0000000001,264532.01963703334
Nd8.2Ti5Fe1Co6B11.2,5.887561870243888,5.954606652324287,771901.4739952298,900754.9394335669
Nd8.4Fe85.5B4.5Mo1.1,5.491854743004143,5.595516057688358,310352.13902900985,394017.9958731759
Nd8.5Ti3Fe73.5B15,5.819868228353718,5.813003931627921,660493.0138309704,650135.5759339031
Nd16Ga3Cu,6.174947985241324,6.034984025623276,1496056.4650629205,1083887.045362615
Nd4Nb2Fe37B7,5.7596678446896306,5.748885689946447,575000.0000000001,560900.3227986319
Nd4Ti2Fe37B7,5.853089529851865,5.794468294893704,712999.9999999994,622971.6665291006
Nd8Ti3Fe74B15,5.72686493867847,5.749390078435876,533169.05935753,561552.1294146271
Nd8Nb3Fe77Co5CuB6,5.262517971995236,5.644422617443805,183028.18455556987,440983.78166573215
Nd8GaFe80Co5B6,5.2987301446496815,5.654429691079095,198943.67886475014,451262.963440083
Nd8Nb3Fe82CuB6,5.44485818032792,5.627815818698826,278521.15041065024,424439.5238908392
Nd8NbFe85B6,5.6462553046483706,5.627537647575938,442848.6291529333,424167.7520394773
Nd8Fe87.5B4.5,5.678941386361287,5.2639715913733625,477464.8292753997,183641.82132801737
Nd8Ti4FeCo5B8,5.73329904868388,5.937583818901736,541126.8065121197,866131.4707367434
Nd8YZr2Ti2(Fe24B5)3,5.965389870215122,5.856439868029059,923399.9999999998,718521.6657159188
Nd9.3Ti3Cr1Fe71.7B14.6C0.4,6.206556044099029,5.911161936353301,1608999.999999999,815008.1212692742
Nd9.5Zr83.8Ga0.2Fe83.8Co83.8B6.5,5.778368343355874,4.989827865341962,600300.0,97684.99651430282
Nd9.5Nb6Fe69.5B15,6.112977740381601,5.929799668639017,1297112.7861981695,850745.5157818007
Nd9.5Nb4Fe71.5B15,6.065142991762081,5.938213883525529,1161831.0845701413,867388.9466471646
Nd9.5Zr0.5Ti2.5Cr1Fe71.5B14.5C0.5,6.02464177694473,5.9963925681985195,1058380.371560471,991727.984284576
Nd9.5Nb4Fe71Sn0.5B15,5.869273084531579,5.9627358706885545,740070.4853768701,917774.2545709279
Nd9.5Ti3Fe72.5B15,5.913627360682816,5.909537969577079,819647.9569227704,811966.2345644288
Nd9.5Zr3Fe76Co5B6.5,5.83695673705955,5.7458906549738495,686999.9999999994,557045.4804650838
Nd9.5Fe79Co5B6.5,5.648360010980932,5.625403021834294,445000.0000000004,422088.0160709981
Nd9.5Zr3Fe81B6.5,5.799340549453582,5.754581873454525,630000.0000000006,568305.518756796
Nd9.5Fe84B6.5,5.502427119984433,5.6143028079451325,318000.00000000023,411436.491534532
Nd9.5Zr0.5Nb2.5Fe1Co10B15,5.977723605288848,5.9605633034992165,949999.9999999997,913194.5343745106
Nd9.5Ti2.5Nb0.5Fe1Co10B15,5.903089986991944,5.958370292984308,800000.0000000003,908594.896278016
Nd9.5Zr0.5Ti2.5Fe1Co10B15,5.977723605288848,5.941273858697857,949999.9999999997,873522.02285187
Nd9Ti3Cr1Fe73B12.6C1.4,6.143014800254095,5.852491960789958,1389999.9999999995,712019.6197068099
Nd9Ti4Fe73B12.6C1.4,5.99563519459755,5.891550656341319,989999.9999999994,779023.6749938726
Nd9Ti4Fe73B14,5.895974732359065,5.88100101550667,787000.0000000003,760328.0548059862
Nd9Ti3Fe73B15,5.840309388596262,5.893948259737141,692324.0024493302,783336.3133714221
Nd9(Fe11B2)7,5.6512780139981444,5.764685151889787,448000.0000000004,581681.366496826
Nd9Fe85B5.9P0.1,5.7028793938593765,5.637385563812887,504521.16960100626,433895.9174145981
Nd9Fe85B6,5.649752997233805,5.632070196833946,446429.61537249916,428617.79408593697
Nd9Fe86B5,5.563547967659217,5.620154036291045,366056.3691111398,417017.26562240516
Nd9(Ti2B3)2,5.520926190951402,5.952446635690823,331838.0563464033,896286.047262014
Ti9B4,5.776430072981812,4.482083110375037,597626.8113097091,30344.718315954942
Ti9B4,6.008678161160442,4.482083110375037,1020183.1852184377,30344.718315954942
NdB4,6.377911390697306,5.658945685874219,2387324.146376998,455979.886219965
Ba1Nd1Co2O5.72,6.332153900136631,5.256459785025392,2148591.7317393,180492.7595983791
NdMnCu4,5.803880122969587,5.367351259113839,636619.7723671995,232997.4988866928
NdDyFeB,6.27185799824938,6.26051446530433,1870070.5813286498,1821857.7537798996
NdDyZrFeB,6.2987301446496815,6.031123058580523,1989436.7886475013,1074293.7734241597
NdDyZrFeB,6.179543736930473,6.031123058580523,1511971.9593721011,1074293.7734241597
NdDyFeCoB,6.542264246481743,6.140707977651983,3485493.2537104175,1382636.3729206768
NdDyNbFeCoCuB,6.390748615402479,6.032774985316879,2458943.870768312,1078387.848051032
TbNdDyZrNbFeCoCuB,5.975385848989467,6.05461721862892,944900.0,1134010.8729917577
NdFe,5.076881395033325,4.250819637017042,119366.20731885014,17816.386972436612
Nd1V1.5Fe10.5,5.940601144182706,5.056117388888357,872169.9999999994,113793.48256566058
NdV2Fe10N,5.9406006901259945,5.251827064310683,872169.088143065,178577.6338651863
NdFeAgB,6.055760464687735,6.019376857538518,1136999.9999999998,1045627.1650297734
NdFeB48H,6.143828184663938,5.374360185892638,1392605.7520532513,236788.2707399645
MagnetNdFeB,5.903089986991944,5.986716953142096,800000.0000000003,969877.6536625889
MagnetNdFeB,6.079181246047625,5.986716953142096,1200000.0000000007,969877.6536625889
NdFeB,6.0,6.002095620901907,1000000.0,1004837.0061767864
NdFeB,5.8973018081318225,6.002095620901907,789408.5177353284,1004837.0061767864
ANdFeB,6.131939295210425,5.9605991911614575,1355000.0000000014,913269.9987713138
NdFeB2,6.419129307741976,5.893238355567977,2625000.0000000005,782056.906227377
MicroarrayNdFeNiBP,4.803880122969587,5.8416704797426195,63661.977236719955,694497.1689891649
ANdVFeBP,5.678941386361287,5.578339382119233,477464.8292753997,378738.4366071018
NdFeCoB,5.705863712283919,5.973624315839767,507999.9999999996,941075.1721826249
NdTiFeCuB,5.563547967659217,5.813871276266881,366056.3691111398,651435.2817527157
NdHfFeB,5.958563883221967,5.940296669021148,908999.9999999999,871558.7533755612
MagnetRNdZrFeBH3,6.021189299069938,5.989564102859633,1050000.0000000005,976256.8695447638
NdFeC,5.903089986991944,5.311873268814518,800000.0000000003,205056.37178694815
NdFeCo,3.230448921378274,4.32133940098363,1700.0000000000007,20957.496436401958
NdFeCoB,5.738780558484369,5.973624315839767,548000.0,941075.1721826249
NdNbFeB,5.8169038393756605,5.748421623674623,656000.0000000002,560301.2916971835
Nd1Nb1Fe1Sn1B0.3,6.0068937079479,5.8484984200715875,1015999.9999999993,705502.2774854137
NdDy2NbFeBO3,5.915927211697116,4.585444854040826,823999.9999999999,38498.59267303667
Nd1Dy2Nb1Fe1Sn1B1O3.3,6.010299956639812,4.244120991081301,1023999.9999999993,17543.691874437234
NdFeO3,5.775450012697899,5.510127516006456,596279.6840826438,323688.683302196
NdGdFeB,5.960732024039598,6.09230026547793,913549.3733469313,1236802.2466713227
NdIr3,4.480573732594454,4.426067881821764,30239.439187442025,26672.755368989514
Nd1Mn0.8Fe0.2O3,6.021364067183494,5.313360691954747,1050422.6244058802,205759.87715393744
NdMnO3,3.8451000430089866,5.71746609648633,7000.032284535091,521754.3715157317
NdN,6.046918171655881,5.049209395757636,1114084.601642599,111997.77523167132
NdNi4B,3.6789413863612874,5.876950009958465,4774.648292754002,753268.8527343702
NdCrFeNiB,5.66346869970508,5.768388570082947,460753.56025076075,586662.8261973216
NdO,6.457092636744931,5.421706104005693,2864788.9756523995,264062.11899629835
NdYFeB,6.136318582885193,5.957084684345427,1368732.5105894806,905909.2295550978
CeNdFeB,6.059152628072893,5.955880654650871,1145915.5902609602,903401.1824141224
NdDyGaFeCuB,6.29698948307338,6.069842075296306,1981479.0414929118,1174470.3986558183
NdFeB,6.02464177694473,6.002095620901907,1058380.371560471,1004837.0061767864
NdDyGaFeCoB,5.979971382025268,6.262022775171773,954929.6585507995,1828196.0874694788
NdNbFeB,5.979971382025268,5.748421623674623,954929.6585507995,560301.2916971835
NdDyGaFeCoB,6.204119982655925,6.262022775171773,1600000.000000001,1828196.0874694788
Ni,4.201820131641625,4.089064355962879,15915.494309180018,12276.21132817241
FeNi,3.076881395033325,3.841903607170777,1193.6620731885,6948.700721889765
NiGe,4.29348708923731,3.3947385777192314,19655.635471837322,2481.638840435617
Q2NiH2(CN)2,2.9007901359776436,4.635936385585872,795.7747154589999,43245.048208606335
GNiCS,3.6861199709884107,4.15187777329397,4854.2257642999,14186.582020365016
MnAlCoNi,2.9007901359776436,4.043598298568343,795.7747154589999,11056.006836281824
CuNi,3.797922179359738,4.045107329653947,6279.458279686969,11094.489657885628
CuNiHCN,3.943641178528433,4.617428235394062,8782.96553452098,41440.809988138986
FeNi,2.1560626410809496,3.841903607170777,143.23944878261997,6948.700721889765
FeCuNiMo,1.9007901359776436,3.410531517395418,79.57747154589998,2573.5435235241875
FeNiMo,2.5909862160061574,2.7861960270694692,389.92961057491016,611.217847445479
VFeNi,2.6789413863612874,3.1817338130839765,477.4648292754002,1519.6158442965448
NiGe,4.279188036925781,3.3947385777192314,19019.01569947009,2481.638840435617
MnGaNiB,4.342422680822207,3.846977198189494,22000.00000000002,7030.35407370232
MicrowiresMnGaFeNi,2.883061369017212,4.337252348395484,763.94372684064,21739.640016704583
MnCoNiSn,4.480573732594454,3.858017514945656,30239.439187442025,7211.365617835883
NiW,5.05307844348342,4.4118828135442225,113000.00000000006,25815.635087526764
Zn0.4Fe2Co0.528Ni0.072O4,3.8491052766669913,3.900028260337296,7064.887923845,7943.799247989981
Zn0.24Co0.64Ni0.12,3.0854815667952424,3.8978147517512745,1217.53531465227,7903.41436064593
Zn0.24Co0.64Ni0.12,3.5616556139815128,3.8978147517512745,3644.6481968022194,7903.41436064593
Mg0.1Zn0.45Fe2Cu0.3Ni0.15O4,2.428134794028789,3.2545552582354906,268.00000000000006,1797.0297139189602
Zn0.64Fe1.98Cu0.2Ni0.16O4,2.9910481889089597,3.1043836858816594,979.5986747300286,1271.6971145392681
Mn0.8Fe2Co0.1Ni0.1O4,3.4689918600446386,3.8910590974490105,2944.3664471982997,7781.424310494926
Zn0.8Co0.1Ni0.1O1,4.079767083270813,4.010627258567222,12016.198203430895,10247.720187876854
Zn0.4Fe2Co0.5Ni0.1O4,3.908153790289922,3.8691697762797492,8093.824630933489,7398.944612767977
Co0.9Ni0.1,3.9704582328892393,4.150294727045859,9342.395159488658,14134.964661129197
Fe2Co0.9Ni0.1O4,4.377911390697306,4.640815053668,23873.241463769984,43733.58239949917
Zn0.4Fe2Cu0.5Ni0.1O4,1.9007901359776436,3.0831609072285158,79.57747154589998,1211.046746390226
Fe2Cu0.9Ni0.1O4,4.954828346662513,4.117207120989502,90121.48652573171,13098.064387062504
Er0.015Fe1.985Cu0.9Ni0.1O4,5.002227871116493,4.7922096591631025,100514.30430962636,61974.018744432535
Er0.01Fe1.99Cu0.9Ni0.1O4,5.024511142417679,4.741239254637248,105806.20616742852,55111.12222565015
Er0.02Fe1.98Cu0.9Ni0.1O4,5.00253720992401,4.775779099813495,100585.92403401763,59673.168689239814
Er0.025Fe1.975Cu0.9Ni0.1O4,4.984328587207783,4.764119169912653,96455.85326078546,58092.380048422034
Er0.03Fe1.97Cu0.9Ni0.1O4,4.924330657532498,4.648139591393758,84009.9367110067,44477.420429368765
Fe2Cu0.9Ni0.1O4,4.523004158943939,4.117207120989502,33342.96057773212,13098.064387062504
Fe2.9Ni0.1O4,2.2737021389477503,3.1467375818305845,187.80283284832407,1401.966324214014
Mg0.4Cd0.3Fe2Cu0.2Ni0.1O4,3.8785137412664916,3.3791980352306417,7559.8597968605045,2394.407340423615
Mg0.4Zn0.5Fe2Ni0.1O4,3.2625179719952366,3.154856628315499,1830.2818455557006,1428.4223220275148
Mg0.54Mn0.21Fe2Co0.03Ni0.22O4,3.5997601403136623,3.788233718238958,3978.8735772949994,6140.923938444406
Zn0.66Fe2Cu0.11Ni0.23O4,2.1312390573559177,3.27514508079493,135.28170162803002,1884.2784480703062
Zn0.25Fe2Co0.5Ni0.25O4,1.3031960574204888,4.00619402280801,20.099999999999998,10143.644559276123
Zn0.5Fe2Cu0.25Ni0.25O4,4.3631881338766,3.2765515663543665,23077.466748310995,1890.3906751356817
Zn0.45Fe2Cu0.3Ni0.25O4,1.864451747158183,3.2702449485249674,73.18999999999998,1863.137677640555
Zn0.2Fe2Cu0.55Ni0.25O4,3.252586442874667,3.5578231598535686,1788.9015603518321,3612.6273030116886
Zn0.75Fe2Ni0.25O4,3.4059401142975494,3.062694935055699,2546.479089468799,1155.3004301860246
Zn0.54Fe1.98Cu0.2Ni0.26O4,3.103823022992354,3.2576005025110737,1270.0564458725632,1809.6746487159821
Mg0.4Cd0.4Fe2Ni0.2O4,2.77527195367711,3.3223001832190073,596.0352618787912,2100.391166928715
Zn0.4Fe2Co0.4Ni0.2O4,3.899790108195964,3.8838676275112354,7939.4443361344465,7653.632894520712
Fe2Co0.8Ni0.2O4,4.91573048577058,4.449995563108733,82362.6830500065,28183.54137910501
Zn0.5Fe2Cu0.3Ni0.2O4,3.8198682283537178,3.203957972404689,6604.930138309704,1599.4032434916055
Zn0.4Fe2Cu0.4Ni0.2O4,1.9007901359776436,3.1358669837528668,79.57747154589998,1367.3099800774164
Fe2Cu0.8Ni0.2O4,4.813368199923383,4.098942881660417,65068.11115893608,12558.647817010475
Fe2.8Ni0.2O4,2.926914652723094,3.1577672518749766,845.1127478174578,1438.0277005055232
Mg0.3Cd0.3Fe2Cu0.2Ni0.2O4,3.529179066027955,3.4124589005856794,3382.04254070075,2584.9901977009267
Mg0.3Zn0.5Fe2Ni0.2O4,3.457092636744931,3.271161523711421,2864.7889756523996,1867.0739677706356
Zn0.4Fe2Co0.264Ni0.336O4,3.678216958366955,3.8242171238692544,4766.69054559941,6671.402200606021
Zn0.33Fe2Cu0.33Ni0.33O4,1.876621916034273,3.290439580594002,75.27,1951.8191764627795
La0.02Zn0.5Fe2Co0.15Ni0.35O4,3.435577494607135,4.034351980606887,2726.324175162533,10823.107712561008
La0.04Zn0.5Fe2Co0.15Ni0.35O4,3.3896227703600443,4.018056699215018,2452.577673044639,10424.535177860364
La0.06Zn0.5Fe2Co0.15Ni0.35O4,3.55803726586136,4.0180730603806065,3614.408757614779,10424.927908521428
Zn0.5Fe2Co0.15Ni0.35O4,3.4740099630920653,3.7927142284372684,2978.584759963036,6204.606285058749
Zn0.45Fe1.98Cu0.2Ni0.35O4,3.2673998463700733,3.1872920750461047,1850.9719881576343,1539.189439750918
Zn0.5Cr0.075Fe1.925Co0.2Ni0.3O4,4.104910118633568,3.8483675820881444,12732.395447343992,7052.897659381635
Mn0.4Fe2Co0.3Ni0.3O4,3.9007901359776436,3.9339150944227694,7957.74715459,8588.455987872603
Zn0.4Fe2Co0.3Ni0.3O4,3.997004721324049,3.8332602984012234,9931.268448928324,6811.775063857926
Co0.7Ni0.3,3.218853470940405,4.739843218767896,1655.2114081547197,54934.25242372632
Fe2Co0.7Ni0.3O4,4.875426158223383,4.534871582865572,75063.04158510116,34266.644805002405
Pr0.05Fe1.95Co0.7Ni0.3O4,4.50242648362588,4.528075198853421,31799.953404457105,33734.57156061039
Pr0.2Fe1.8Co0.7Ni0.3O4,3.8414560084534726,4.458793871341044,6941.542842948858,28760.330426921933
Zn0.5Fe2Cu0.2Ni0.3O4,3.8501801426225564,3.415981899851342,7082.394967585099,2606.0449352555165
Zn0.4Fe2Cu0.3Ni0.3O4,1.9007901359776436,3.27672007660807,79.57747154589998,1891.1243064244559
Fe2Cu0.7Ni0.3O4,3.8353895741957165,4.331968878044618,6845.254102378315,21476.76564071923
Fe0.7Ni0.3,3.7758513993693437,3.314332490329877,5968.3103659425005,2062.2081093608317
Fe2.7Ni0.3O4,2.1363185828851927,3.133315147892613,136.87325105894806,1359.299471026825
Mg0.2Cd0.3Fe2Cu0.2Ni0.3O4,3.54027662524623,3.5178991648257663,3469.577759401242,3295.3319176097248
Zn0.35Fe2Co0.35Ni0.3O4,3.502850127305606,3.8315658690173455,3183.098861836,6785.25023918112
Zn0.45Fe2Co0.25Ni0.3O4,3.419304075855531,3.7918594856903485,2626.0565610147,6192.406897175468
Zn0.4Fe2Co0.3Ni0.3O4,3.98237074745608,3.8332602984012234,9602.200000000006,6811.775063857926
Zn0.55Fe2Co0.15Ni0.3O4,3.201820131641625,3.602072557991028,1591.549430918,4000.115744918755
Zn0.5Cr0.15Fe1.85Co0.2Ni0.3O4,4.064994235301676,3.844417291277969,11614.331972124095,6989.036221761004
Zn0.5Cr0.2Fe1.8Co0.2Ni0.3O4,4.039787150010279,3.7707307974457915,10959.409381301342,5898.353504374767
Zn0.5Cr0.05Fe1.95Co0.2Ni0.3O4,4.124441803164824,3.848302333515958,13318.085637921815,7051.838108884719
Zn0.5Cr0.1Fe1.9Co0.2Ni0.3O4,4.086926807669423,3.8601520750852316,12215.937657011098,7246.896772090228
Zn0.5Fe2Co0.2Ni0.3O4,4.131877256562467,3.7071105794163257,13548.064530689482,5094.605726390566
Mg0.2Zn0.5Fe2Ni0.3O4,3.60836031207558,3.2493258092739583,4058.4510488408987,1775.5209835722612
Zn0.65Fe2Co0.05Ni0.3O4,3.1795437369304724,3.4233638838839853,1511.9719593720997,2650.7201768964314
Zn0.37Fe1.98Cu0.2Ni0.43O4,3.337906229025722,3.3557566196931266,2177.2396214958235,2268.5931672061006
Mn0.05Zn0.5Fe2Ni0.45O4,3.7634279935629373,3.360208251133629,5800.000000000001,2291.966423778177
Zn0.4Fe2Co0.132Ni0.468O4,3.533247428162368,3.726309934802517,3413.873529319111,5324.88134527494
Mg0.4Cd0.2Fe2Ni0.4O4,2.9016578575088707,3.596100251563059,797.3662648899184,3945.4836822354273
Zn0.4Fe2Co0.2Ni0.4O4,3.985687994438999,3.7301935442088627,9675.824765265981,5372.71179006541
Mn0.2Fe2Co0.4Ni0.4O4,3.4448581803279192,3.8332724263329387,2785.2115041065,6811.965289384137
Fe2Co0.6Ni0.4O4,3.65605502738989,4.324624571674063,4529.549680392626,21116.628117198077
Zn0.5Fe2Cu0.1Ni0.4O4,3.921979435047582,3.372248596729883,8355.634512319502,2356.3977356250725
Eu0.05Zn0.4Fe1.95Cu0.2Ni0.4O4,4.223009430711563,4.00987275559887,16711.26902463899,10229.932204983896
Gd0.05Zn0.4Fe1.95Cu0.2Ni0.4O4,4.251038154311806,3.978040236350161,17825.353626281594,9506.9286900797
Pr0.05Zn0.4Fe1.95Cu0.2Ni0.4O4,4.2987301446496815,3.9470950907641176,19894.36788647501,8853.094311621018
Sm0.05Zn0.4Fe1.95Cu0.2Ni0.4O4,4.184091364681193,3.9870763982840627,15278.8745368128,9706.807081165269
Zn0.4Fe2Cu0.2Ni0.4O4,3.4918547430041427,3.4592135377549114,3103.521390290099,2878.8135473307498
Fe2Cu0.6Ni0.4O4,4.458922464300789,4.153938880962147,28768.847513273784,14254.069794169043
Ho0.02Fe1.98Cu0.6Ni0.4O4,4.733139352237181,4.543365887199594,54092.786283325506,34943.458539188076
Ho0.04Fe1.96Cu0.6Ni0.4O4,4.867382362233566,4.508844212073601,73685.5555526416,32273.36220273308
Ho0.06Fe1.94Cu0.6Ni0.4O4,4.775573361919448,4.669295761437697,59644.90647308291,46697.729100050354
Ho0.08Fe1.92Cu0.6Ni0.4O4,4.914234105633589,4.341273007349218,82079.3872513031,21941.83815557776
Fe2.6Ni0.4O4,2.893785234408985,3.188838248982529,783.0423200116556,1544.679023666649
Mg0.1Cd0.3Fe2Cu0.2Ni0.4O4,3.2510381543118063,3.700774213652786,1782.5353626281594,5020.814933663559
Sm0.08Zn0.35Fe1.92Co0.25Ni0.4O4,4.436944395661087,4.205125485435499,27349.185420894923,16037.087007765855
Sm0.06Zn0.35Fe1.94Co0.25Ni0.4O4,4.498836125219405,4.266487065032848,31538.14352307109,18470.85780741344
Sm0.04Zn0.35Fe1.96Co0.25Ni0.4O4,4.5317160959877665,4.293024934353374,34018.573311156826,19634.730033991324
Sm0.02Zn0.35Fe1.98Co0.25Ni0.4O4,4.598516278523988,4.15632530798959,39674.939988639395,14332.61080538968
Sm0.1Zn0.35Fe1.9Co0.25Ni0.4O4,4.395083904642976,4.1787869514980915,24836.128869475382,15093.395474353465
Zn0.35Fe2Co0.25Ni0.4O4,4.131239057355917,3.813973243785744,13528.17016280299,6515.882494755687
Zn0.4Fe2Co0.2Ni0.4O4,4.214657356346797,3.7301935442088627,16392.95913845541,5372.71179006541
Zn0.45Fe2Co0.15Ni0.4O4,4.034329044347861,3.685002239654466,10822.536130242397,4841.748644650098
Zn0.4Fe2Co0.2Ni0.4O4,4.837555133587585,3.7301935442088627,68794.72415143049,5372.71179006541
Zn0.4Fe2Cu0.2Ni0.4O4,1.9395192526186185,3.4592135377549114,86.99999999999999,2878.8135473307498
Zn0.5Fe2Co0.1Ni0.4O4,3.983575506294094,3.6268938132584596,9628.874057053903,4235.393963084442
Zn0.55Fe2Co0.05Ni0.4O4,3.9342138914645934,3.5313006775691513,8594.366926957202,3398.6048870220684
Mg0.1Zn0.5Fe2Ni0.4O4,3.758122632408912,3.3940202239168,5729.5779513048,2477.5374271492765
Ce0.1Zn0.6Fe1.9Ni0.4O4,3.921979435047582,3.5610709353786727,8355.634512319502,3639.744809515862
Zn0.6Fe2Ni0.4O4,4.436944395661087,3.3085590732934667,27349.185420894923,2034.974976937184
Zn0.3Fe1.98Cu0.2Ni0.5O4,3.4048530186563353,3.4273795957397653,2540.112891745127,2675.3437752428213
Zn0.5Fe2Ni0.5O4,3.8645779633231987,3.4807923161814767,7321.127382222797,3025.46627489502
Zn0.4Fe2Co0.066Ni0.534O4,3.396056880365454,3.5178227529061896,2489.183309955752,3294.752171613502
Zn0.3Fe2Co0.15Ni0.55O4,3.527130503352686,3.7076969946145337,3366.1270463915694,5101.489470631639
La0.15Zn0.3Fe1.85Co0.15Ni0.55O4,3.6649662683679742,4.0189235901827285,4623.451096816789,10445.364272031406
Zn0.4Fe2Co0.033Ni0.567O4,3.347482602349171,3.2552464597929127,2225.7818791388227,1799.8920544586451
Al0.45Zn0.51Fe1.48Ni0.56O4,0.9148718175400504,2.3514075820430835,8.22,224.59887782511672
Zn0.52Fe1.92Ni0.56O4,0.6127838567197355,3.3980630363812674,4.1,2500.708304743418
Al0.66Zn0.53Fe1.25Ni0.56O4,0.9894498176666918,2.3311024914602525,9.76,214.33963729261694
Al0.15Zn0.53Fe1.75Ni0.57O4,0.7283537820212285,2.8967215699009556,5.3500000000000005,788.3545343852542
Al0.3Zn0.53Fe1.6Ni0.57O4,0.8286598965353198,2.542537691271251,6.739999999999999,348.7688515494236
Al0.8Zn0.53Fe1.1Ni0.57O4,1.0330214446829107,2.604112980436551,10.79,401.8953491478106
Al0.98Zn0.53Fe0.92Ni0.57O4,1.0606978403536118,3.2682417175516925,11.500000000000004,1854.5635403497927
Li0.2Fe2.2Co0.1Ni0.5O4,2.4176377396522297,3.4539561032281387,261.6,2844.1736150771744
Zn0.4Fe2Co0.1Ni0.5O4,3.9705691968591577,3.5659925121520337,9344.782483635034,3681.2262663574525
Li0.15Fe2.15Co0.2Ni0.5O4,2.5991185650553628,3.108535800125443,397.2999999999999,1283.9136027487793
Zn0.3Fe2Co0.2Ni0.5O4,3.7533921053158785,3.672316628153201,5667.507523498998,4702.368160510379
Zn0.3Fe1.975Co0.2Ni0.5Bi0.025O4,3.509316169554838,3.977324853268221,3230.8453447635407,9491.281478757499
Zn0.3Fe1.95Co0.2Ni0.5Bi0.05O4,3.838859322201029,3.74197162214013,6900.162557744987,5520.413663739612
Zn0.3Fe1.925Co0.2Ni0.5Bi0.075O4,3.7812035358555605,3.646378795249947,6042.31741448019,4429.745700105499
Zn0.3Fe1.9Co0.2Ni0.5Bi0.1O4,3.2751718340285256,3.688421950251763,1884.3945262069112,4880.023914374362
Li0.1Fe2.1Co0.3Ni0.5O4,2.696618459232225,3.0868027314477633,497.3000000000002,1221.244811027158
Li0.05Fe2.05Co0.4Ni0.5O4,2.9086458389071135,3.288182170384245,810.3000000000002,1941.7001778114989
Co0.5Ni0.5,4.133786246369797,3.588922138371118,13607.747634348892,3880.8078345616814
Dy0.02Fe1.98Co0.5Ni0.5O4,4.328113922334891,4.372072415497372,21286.973638528267,23554.42004253878
Gd0.02Fe1.98Co0.5Ni0.5O4,4.43111792575573,4.094473160931056,26984.72060121471,12430.058166561028
La0.02Fe1.98Co0.5Ni0.5O4,3.9949117318182052,4.227923753764604,9883.521966000786,16901.44178060006
Nd0.02Fe1.98Co0.5Ni0.5O4,4.168665555296541,4.326731522300081,14745.705477455265,21219.322932964868
Sm0.02Fe1.98Co0.5Ni0.5O4,4.3539555285035005,4.366039543551977,22592.044171880993,23229.482967300995
Fe2Co0.5Ni0.5O4,2.0402066275747113,4.6117836084320984,109.70000000000003,40905.67923080162
Gd0.015Ga0.015Fe1.97Co0.5Ni0.5O4,3.502850127305606,4.020144916277266,3183.098861836,10474.780143637281
Gd0.01Ga0.01Fe1.98Co0.5Ni0.5O4,3.9799713820252687,4.069061966090915,9549.296585508004,11723.626288909163
Gd0.025Ga0.025Fe1.95Co0.5Ni0.5O4,2.8550326454169683,4.040242099914119,716.1972439130997,10970.896045129999
Gd0.02Ga0.02Fe1.96Co0.5Ni0.5O4,3.2810013776892495,3.7053962679708006,1909.8593171015993,5074.53518354083
Fe2Co0.5Ni0.5O4,4.466637954651161,4.6117836084320984,29284.509528891194,40905.67923080162
Mg0.4Fe2Cu0.1Ni0.5O4,3.825069422039525,3.611026697721237,6684.507609855598,4083.4448803829055
Zn0.4Fe2Cu0.1Ni0.5O4,4.424536602789208,3.4157885758294015,26578.875496330576,2604.8851255149602
Mg0.3Fe2Cu0.2Ni0.5O4,3.917823475276424,3.7548436350316368,8276.057040773598,5686.481558272103
Mg0.2Fe2Cu0.3Ni0.5O4,3.9799713820252687,3.71765610086395,9549.296585508004,5219.826896452557
Mg0.1Fe2Cu0.4Ni0.5O4,4.0530784803607,3.7358627704495055,11300.000959517793,5443.306265946981
Fe1.9Cu0.5Ni0.5Bi0.1O4,3.377911390697306,3.6328729850469035,2387.3241463770005,4294.10821733913
Fe1.8Cu0.5Ni0.5Bi0.2O4,3.5997601403136623,3.546495470654553,3978.8735772949994,3519.6175182495826
Fe1.7Cu0.5Ni0.5Bi0.3O4,3.5997601403136623,3.6364992230886277,3978.8735772949994,4330.112931214412
Fe1.6Cu0.5Ni0.5Bi0.4O4,3.6789413863612874,3.648010472845875,4774.648292754002,4446.419897119081
Fe2Cu0.5Ni0.5O4,2.7458881759919005,4.039341705097039,557.0423008213,10948.17435381732
Fe0.5Ni0.5,3.7758513993693437,2.9797617570365014,5968.3103659425005,954.4688449223175
Fe2.5Ni0.5O4,2.1208982240176986,3.2221837574273584,132.09860276619395,1667.9528026413263
Mg0.5Fe2Ni0.5O4,4.104910118633568,3.768660284220614,12732.395447343992,5870.299836591385
Li0.25Fe2.25Ni0.5O4,2.1293675957229854,3.6213400541810783,134.69999999999993,4181.576574829761
Li0.2Mg0.4Fe2Ni0.5O4,4.110305150520275,3.7573699864428485,12891.550390435807,5719.657012043529
Li0.4Mg0.3Fe2Ni0.5O4,4.123506607125227,3.9503141648437206,13289.437748165314,8918.958945457349
Li0.6Mg0.2Fe2Ni0.5O4,4.136318582885193,3.9490797455634468,13687.325105894806,8893.644087994198
Li0.8Mg0.1Fe2Ni0.5O4,4.16560795898718,3.7820750812144874,14642.254764445595,6054.455356668896
Mg0.1Zn0.4Fe2Ni0.5O4,3.1693681078604867,3.6019788102898955,1476.9578718919036,3999.2523648861443
Mg0.2Zn0.3Fe2Ni0.5O4,3.961865459607435,3.5116782829789126,9159.366974933086,3248.4656812652443
Mg0.3Zn0.2Fe2Ni0.5O4,3.9429717304934098,3.657018587493461,8769.437364358177,4539.610454427569
Mg0.4Zn0.1Fe2Ni0.5O4,4.000643355862025,3.6166114710435378,10014.82479405152,4136.294676457822
Mg0.5Fe2Ni0.5O4,3.73329904868388,3.768660284220614,5411.268065121203,5870.299836591385
Mg0.5Fe2Ni0.5O4,3.2990774413350445,3.768660284220614,1991.0283380784172,5870.299836591385
Zn0.5Fe2Ni0.5O4,4.0188894480556385,3.4807923161814767,10444.543140399384,3025.46627489502
Ce0.04Mn0.25Fe1.96Co0.25Ni0.5O4,4.6543731948705505,4.387753132910335,45120.426366525324,24420.42022084036
Ce0.1Mn0.25Fe1.9Co0.25Ni0.5O4,4.68966525175306,4.295299444931621,48940.14500072845,19737.8318549285
Ni0.5Pd0.5,4.5028501273056065,4.797479869586601,31830.98861836004,62730.661840015855
Zn0.2Fe2Co0.3Ni0.5O4,3.9283435900278643,3.772853238861689,8478.979593215643,5927.24991170789
Zn0.3Fe2Co0.2Ni0.5O4,4.646021120505784,3.672316628153201,44260.989673829565,4702.368160510379
Ce0.1Zn0.5Fe1.9Ni0.5O4,3.8501801426225564,3.5688766463088317,7082.394967585099,3705.754514092926
Nd0.15Zn0.5Fe1.85Ni0.5O4,3.1304719782953194,3.440250240329931,1350.429692133923,2755.8161462604276
Nd0.2Zn0.5Fe1.8Ni0.5O4,3.022021591127265,3.5386565168493136,1052.014173836798,3456.6588282276043
Zn0.5Fe1.95Co0.05Ni0.5O4,4.666979829287803,3.4521653883814736,46449.37014134181,2832.470454162541
Eu0.05Zn0.5Fe1.95Ni0.5O4,3.221974163279958,3.530362420316979,1667.1480288866055,3391.270408316039
Nd0.05Zn0.5Fe1.95Ni0.5O4,3.373546585294856,3.413049675668616,2363.4509049132294,2588.508978229793
Zn0.5Cr0.1Fe1.9Ni0.5O4,3.1934891390215734,3.690450699076968,1561.3099917305583,4902.873624219083
Nd0.1Zn0.5Fe1.9Ni0.5O4,3.250650218169975,3.524685510521855,1780.9438131972418,3347.2296549482735
Zn0.5Fe2Ni0.5O4,3.7390093578852697,3.4807923161814767,5482.887789512513,3025.46627489502
Zn0.5Fe2Ni0.5Sb2O9.1,1.5797835966168101,1.666370373877458,37.99999999999999,46.38423238988849
Zn0.5Fe2Ni0.5Sb2O9.2,1.6232492903979006,1.6218304072527978,42.00000000000001,41.863005743265695
Zn0.5Fe2Ni0.5Sb2O9.3,1.5440680443502757,1.7184004581857966,35.0,52.287810695571544
Zn0.5Fe2Ni0.5Sb2O9.4,1.662757831681574,1.7914423482746886,46.00000000000001,61.86461980545586
Zn0.5Fe2Ni0.5Sb2O9.5,1.6532125137753437,1.8741325863409415,45.0,74.83979450439602
Ba1Zn0.5Fe14Ni0.5O23,4.377911390697306,4.897685346294191,23873.241463769984,79010.5975419007
Zn0.5Fe2Ni0.5Sb2O9,1.4913616938342726,2.5027271428553526,31.0,318.219759263671
Zn0.5Fe0.5O2,4.487354937761656,3.1558289831822464,30715.31246728651,1431.6240422376363
La0.1Zn0.5Fe1.9Ni0.5O4,3.6505264515467046,3.718569167352487,4472.253900879579,5230.812674143166
La0.3Zn0.5Fe1.7Ni0.5O4,3.9802969808024113,3.5865465311038918,9556.458557947135,3859.6376224182422
Zn0.5Fe2Ni0.5O4,2.9007901359776436,3.4807923161814767,795.7747154589999,3025.46627489502
Sm0.05Zn0.5Fe1.95Ni0.5O4,2.9007901359776436,3.314204369260937,795.7747154589999,2061.5998277694325
Sm0.075Zn0.5Fe1.925Ni0.5O4,2.9007901359776436,3.5104947047262054,795.7747154589999,3239.62472395136
Sm0.1Zn0.5Fe1.9Ni0.5O4,2.9007901359776436,3.550032572692186,795.7747154589999,3548.4000173087275
Zn0.35Fe1.99Co0.01Ni0.65O4,1.0147334882844803,2.8541026592132335,10.345071300966998,714.665239804984
Zn0.35Fe1.98Co0.02Ni0.65O4,1.5997601403136623,2.340376027974962,39.78873577294999,218.96566879086012
Zn0.35Fe1.97Co0.03Ni0.65O4,1.1312390573559177,2.794337682727172,13.528170162803004,622.7843386946861
Zn0.35Fe1.96Co0.04Ni0.65O4,1.0469181716558817,2.8126353043238166,11.140846016426002,649.5839777598887
Zn0.35Fe1.95Co0.05Ni0.65O4,1.2987301446496813,2.6870372040763133,19.894367886475003,486.448875817821
Zn0.35Fe2Ni0.65O4,1.9382166339182674,3.0174110703077393,86.73944398503102,1040.9049415849552
Cd0.4Fe2Ni0.6O4,4.233228595893249,3.648716768051813,17109.1563823685,4453.657014480216
Fe2Co0.4Ni0.6O4,3.2573895717026145,4.109945450156481,1808.795928238307,12880.877504242313
Zn0.4Fe2Ni0.6O4,1.9007901359776436,3.288412970351404,79.57747154589998,1942.732342522751
Zn0.3Fe2Cu0.1Ni0.6O4,4.2987301446496815,3.4597957965729225,19894.36788647501,2882.6757624783095
Fe2Cu0.4Ni0.6O4,3.800227590263821,3.656908532625308,6312.880817736244,4538.46021431767
Mg0.4Fe2Ni0.6O4,2.3720818470365823,3.7625374389763335,235.54931577586407,5788.118835038735
Ce0.1Zn0.4Fe1.9Ni0.6O4,3.6250660055784327,3.739043381021957,4217.605991932701,5483.317342168021
V0.06Zn0.4Fe1.94Ni0.6O4,2.7203340715195123,3.5555147538228002,525.2113122029401,3593.4760428056875
Zn0.4Fe2Ni0.6O4,4.466449089902848,3.288412970351404,29271.777133443877,1942.732342522751
Fe2Cu0.25Ni0.75O4,2.6789413863612874,3.9921018347252453,477.4648292754002,9819.781733325168
Zn0.25Fe2Ni0.75O4,3.041926226098383,3.832445755273498,1101.3522061952565,6799.011179432217
Zr0.05Zn0.25Fe1.9Cu0.05Ni0.75O4,3.4076184012785755,3.6751074624807947,2556.3387381933367,4732.683507078033
Zr0.15Zn0.25Fe1.7Cu0.15Ni0.75O4,3.6008202610868922,3.7211365501419307,3988.597944317908,5261.826818600206
Zr0.1Zn0.25Fe1.8Cu0.1Ni0.75O4,3.4451980378525855,3.71020673759194,2787.391926826856,5131.055799740137
Zr0.2Zn0.25Fe1.6Cu0.2Ni0.75O4,3.7280049226573753,3.756804551325141,5345.704186314536,5712.2150788650115
Al0.05Cr0.05Fe1.9Co0.2Cu0.1Ni0.7O4,4.638737762646354,4.029379700004009,43524.89806202997,10699.899535946612
Al0.1Cr0.1Fe1.8Co0.2Cu0.1Ni0.7O4,4.630246518082213,3.9667356152313067,42682.17263835895,9262.657703517383
Fe2Co0.2Cu0.1Ni0.7O4,4.740280753198355,4.047395757368262,54989.62438764782,11153.104140162308
Co0.3Ni0.7,4.15606264108095,4.099384918198922,14323.944878261997,12571.436852035471
Fe1.92Co0.3Ni0.7Bi0.02O4,4.358672032711636,4.276148795777818,22838.73433367332,18886.38313962489
Fe1.94Co0.3Ni0.7Bi0.06O4,4.340122829807906,4.308816580598205,21883.804675122487,20361.819374871924
Sm0.02Fe1.94Co0.3Ni0.7O4,4.4126734969565184,4.309439906062764,25862.678252417525,20391.064860591865
Fe1.96Co0.3Ni0.7Bi0.04O4,4.332153900136631,4.331376713917665,21485.917317393,21447.501847943073
Sm0.04Fe1.96Co0.3Ni0.7O4,4.526102586939317,4.291687334237375,33581.6929923698,19574.349313293875
Sm0.06Fe1.98Co0.3Ni0.7O4,4.623424058511456,4.333624307977416,42016.90497623522,21558.78631746591
Fe2Co0.3Ni0.7O4,4.463083000434119,4.2404555813128235,29045.777114253524,17396.24763933329
Zn0.2Fe2Cu0.1Ni0.7O4,4.241234250817762,3.637127534042446,17427.466268552085,4336.382010122829
Cu0.3Ni0.7,3.921979435047582,4.017492982688715,8355.634512319502,10411.012854183002
Fe2Cu0.3Ni0.7O4,4.027505839663383,3.650647788257855,10653.831890565087,4473.503569973285
Fe0.3Ni0.7,3.9763370973701746,3.3664069134540755,9469.719113962105,2324.9141110877067
Fe2.3Ni0.7O4,2.3385406987980315,3.3829183043325806,218.04227203576596,2415.0065018799764
Mn0.15Fe2Cu0.15Ni0.7O4,3.332153900136631,3.618073066096356,2148.5917317393,4150.23860750694
Mn0.1Fe2Cu0.2Ni0.7O4,3.2810013776892495,3.6953192341787426,1909.8593171015993,4958.145122183975
Mn0.25Fe2Cu0.05Ni0.7O4,3.6489781629838443,3.5977051212753413,4456.338406570402,3960.0905939103573
Mn0.2Fe2Cu0.1Ni0.7O4,3.53425859155723,3.5719189541058585,3421.8312764737007,3731.8051019110335
Ni0.7Pd0.3,3.9007901359776436,4.115619748728266,7957.74715459,13050.277564742852
Ce0.02Zn0.3Cr0.5Fe1.48Ni0.7O4,2.2974759933242117,3.454665939928595,198.37000000000003,2848.8261025067663
Gd0.02Zn0.3Cr0.5Fe1.48Ni0.7O4,2.278550120613505,2.9801027134284164,189.91100000000006,955.2184745996892
Sm0.02Zn0.3Cr0.5Fe1.48Ni0.7O4,2.2962701975267965,3.6115355668464684,197.81999999999994,4088.232316010255
Zn0.3Fe2Ni0.7O4,4.469519735096073,3.355285672348217,29479.474334178663,2266.1344464425974
Fe0.11Ni0.89,4.392151829811916,3.743355594578801,24669.016179228995,5538.033705046771
Fe2Co0.2Ni0.8O4,3.06544035191194,4.030104323676162,1162.6268592855986,10717.76730245023
Mn0.05Fe1.95Co0.2Ni0.8O4,3.16560795898718,3.9736631166342296,1464.2254764445597,9411.5925359982
Mn0.1Fe1.9Co0.2Ni0.8O4,3.424536602789208,3.9509562776519846,2657.88754963306,8932.155552426146
Fe2Cu0.2Ni0.8O4,4.080054600316669,3.6790227606141634,12024.155950585488,4775.543007874756
Fe2.2Ni0.8O4,3.395083904642976,3.376531851176127,2483.6128869475383,2379.7528257318786
Cs0.2La0.2Fe1.8Ni0.8O4,3.875099141369562,3.801316660774593,7500.654158030354,6328.731352779261
Mn0.2Cr0.2Fe1.8Ni0.8O4,3.950008158647825,3.8657062950268894,8912.676813140795,7340.172985386184
Ni0.8Pd0.2,3.9007901359776436,4.192301451348875,7957.74715459,15570.460293140877
Zn0.2Fe2Ni0.8O4,4.034329044347861,3.607701970342326,10822.536130242397,4052.3035527956677
Ca0.08Fe2Ni0.92O4,2.102879434869378,3.00498228045191,126.73000000000003,1011.5381818839718
Ca0.1Fe2Ni0.9O4,2.1571544399062814,2.9986836332956903,143.59999999999997,996.9735426330869
Co0.1Ni0.9,4.172631742514143,4.172281496853826,14880.9871790833,14868.990940815911
Cs0.1La0.1Fe1.9Ni0.9O4,3.894318947308309,4.055185249423406,7840.052074173616,11354.950607129382
Mn0.1Cr0.1Fe1.9Ni0.9O4,4.197455326239175,3.785289744657884,15756.339366088208,6099.43692615106
Fe2CuO4,4.777325496061076,4.311500041008756,59886.026211867,20488.022434180046
Fe2CuO4,4.433913699356066,4.311500041008756,27158.9952639002,20488.022434180046
Fe3O4,2.748362795119756,3.776481138439943,560.2253996831363,5976.97085933151
Ni,3.869273084531579,4.089064355962879,7400.7048537687015,12276.21132817241
Al46Ni15,4.0530784803607,4.102489656124534,11300.000959517793,12661.631101176352
Al83Ni15,4.266278120868543,3.8153696138107147,18461.973398648806,6536.866472746699
Fe2NiO4,4.128265479460014,3.839779382641421,13435.860295809744,6914.796167869958
Ni,3.392151829811916,4.089064355962879,2466.9016179228993,12276.21132817241
Co4Ni,3.6664586907366576,4.161778379706567,4639.3665911259695,14513.707946703063
Cu73Ni27,4.615119895722876,4.1389748746332495,41221.13026077617,13771.297950930726
Cr0.1In0.9Ni2Sb1O6,6.377911390697306,3.735166657245723,2387324.146376998,5434.588397313154
Mn0.7Al0.16Ga0.84Cu0.3Ni2,5.2987301446496815,3.96028124852959,198943.67886475014,9126.016476467006
Co7Ni3,3.7758513993693437,4.175195293880248,5968.3103659425005,14969.086358091366
Al27Co37Ni36,3.9799713820252687,3.3491096314666096,9549.296585508004,2234.136127550307
Fe3Co3Ni4,3.380211241711606,3.7844923816085307,2399.999999999999,6088.248656651966
Mn15Ga10Co3Ni22,3.818820472762524,3.747318795375304,6589.014644000522,5588.802922244634
Mn20Co3Ni22Sn5,3.076881395033325,3.9721246880137375,1193.6620731885,9378.312240873795
Mn37.2Ga17.1Ni45.7,4.979971382025268,4.186406798341708,95492.96585507996,15360.551132353414
Si11Ni9,4.332153900136631,3.897386618898717,21485.917317393,7895.626916476471
Mn30.6Ga22.1Ni47.3,4.15606264108095,4.23695482279647,14323.944878261997,17256.583721533585
Nb2Ni4O9,5.554002649752987,5.308660188166659,358098.6219565498,203544.88263665463
Ni5.15Sn0.85B2O10,4.633183895800612,5.135465491044567,42971.834634786006,136604.65255853866
CoNi,3.563547967659218,3.284433421739632,3660.5636911114016,1925.0119140682627
CuNi,3.917823475276424,4.045107329653947,8276.057040773598,11094.489657885628
FeNi,3.1312390573559177,3.841903607170777,1352.8170162803003,6948.700721889765
Mn28Ga20.5Cu1.5Ni50,4.2755384819877476,4.136083477562787,18859.8607563783,13679.917477543637
Mn28Zn1.5Ga20.5Ni50,4.1952563621392365,3.8301431593582205,15676.761894542296,6763.058738238438
Mn14Ga11Ni25,3.076881395033325,4.1586342686293865,1193.6620731885,14409.01417597435
Mn34.3In15.2Ni50,3.502850127305606,3.8061255542507926,3183.098861836,6399.198091419448
MnNi,0.9030899869919435,4.139087382586604,7.999999999999999,13774.865993629839
Mn32.9Ni51.6Sn15.5,3.9007901359776436,4.182868144233905,7957.74715459,15235.901077150278
Mn19Ga27Fe19Ni54,2.1795437369304724,3.617632432567102,151.19719593720993,4146.029926620395
Hf5Zr5Fe6Ni29B5,3.201820131641625,4.056752728757645,1591.549430918,11396.007562188352
AnnealedHf10Zr10Fe12(Ni29B5)2,2.5997601403136623,5.340831290594284,397.8873577294999,219195.32667568943
Zr10Fe6Ni29B5,3.1560626410809496,3.2865529662489408,1432.3944878261996,1934.4297659243905
TiNi5(BO5)2,5.803880122969587,5.082160319903476,636619.7723671995,120825.97821552143
Co3Ni7,3.4448581803279192,3.9975142020498304,2785.2115041065,9942.925882090349
Mn12Ni37Pt,4.355634995986154,4.742534739256683,22679.57939058152,55275.76213105035
FeNi3,3.6789413863612874,3.41233974252766,4774.648292754002,2584.2810471766657
SiNi3,4.0768813950333245,3.957645112494949,11936.62073188499,9070.789997684078
Fe23Ni77,4.99140084380605,3.5662832205367794,98039.44494454884,3683.6912334240596
Fe11Ni39,3.913627360682816,3.6790115655072295,8196.479569227704,4775.419907011628
Fe16Ni79Mo5,1.9007901359776436,2.5995819435776615,79.57747154589998,397.72413280418255
Co17Ni80Mo3,2.9370196800639383,3.435522369260738,865.0071157039333,2725.9781426131353
CoNi4,3.201820131641625,3.9595750410808375,1591.549430918,9111.188695047638
FeNi4,2.201820131641625,3.569439419030585,159.1549430918,3710.559662332572
FeNi4,2.201820131641625,3.569439419030585,159.1549430918,3710.559662332572
FeNi4,2.201820131641625,3.569439419030585,159.1549430918,3710.559662332572
FeNi4,2.201820131641625,3.569439419030585,159.1549430918,3710.559662332572
SiNi4,4.046918171655881,3.7984479643322695,11140.84601642599,6287.065201570277
Cu19Ni81,3.9007901359776436,3.996429583898821,7957.74715459,9918.125146477962
Fe19Ni82O,2.076881395033325,3.123206748463313,119.36620731885002,1328.0265221693662
Al0.1Fe1.9Ni1O4,4.360107218843568,3.8229005236213216,22914.332931641882,6651.207909553304
Al0.2Fe1.8Ni1O4,4.364384538164644,3.832673512396844,23141.128725547715,6802.577721052011
Al0.8Fe1.2Ni1O4,4.292518958468387,3.7822117766879844,19611.86786248706,6056.361314348069
Al2NiO4,3.513573992697379,4.267213386844868,3262.676333381899,18501.774644095844
Fe1.95Ni1Bi0.05O4,4.216760481434561,3.5485970788058756,16472.5366100013,3536.6906869419363
Fe1.9Ni1Bi0.1O4,3.8092751548562935,3.5301314108529853,6445.775195217902,3389.467007001799
Ce0.01Fe1.99Ni1O4,4.093914734332105,4.187140959707915,12414.0855611604,15386.539628321869
Ce0.03Fe1.97Ni1O4,4.1248049473505075,4.163911002652046,13329.226483938246,14585.153448989418
Ce0.05Fe1.95Ni1O4,4.174947985241324,4.235370770660735,14960.564650629205,17193.756450291996
NiH4CS(NCl)2,6.223009430711563,5.055170450260759,1671126.902463899,113545.6367866318
ACoNiBHC,4.112177688914502,5.3281824974391885,12947.254620517926,212903.35117322297
JeffamineCoNi,3.795106198662082,4.414519071542086,6238.873769198559,25972.817955370167
A2CoNiP,4.107076180390076,5.269485837486226,12796.05742458073,185988.39106881895
Ce0.08Co1.92Ni1O4,3.076881395033325,3.6707278537025383,1193.6620731885,4685.196969509483
Ce0.06Co1.94Ni1O4,3.392151829811916,3.5056654289456923,2466.9016179228993,3203.800235311253
Ce0.04Co1.96Ni1O4,3.7069701099615306,3.512668629256871,5092.958178937598,3255.881793822004
Ce0.02Co1.98Ni1O4,3.524039426375544,3.5230075693063125,3342.2538049277987,3334.322240934495
Co2NiO4,4.2810013776892495,4.700299718642749,19098.593171015993,50153.32361887426
AlFeCoNi,3.446097252443468,3.2854594996420308,2793.169251261091,1929.5653851746888
Fe2CoNiO4,2.949390006644913,4.219675379712765,890.0,16583.468864196537
CoNiP,2.6896652517530604,2.7042458750896023,489.401450007285,506.11111486347824
Cr0.2Fe1.8Ni1O4,4.803277120946486,3.9421170608460585,63573.646243304036,8752.196523814262
Cr0.4Fe1.6Ni1O4,4.88233694102288,3.9279940790043186,76267.04872959053,8472.158634627189
Cr0.6Fe1.4Ni1O4,4.905957773948246,3.8877377719127684,80530.0138803044,7722.141794612115
Cr0.8Fe1.2Ni1O4,4.909386049929651,4.080922688436143,81168.2252021025,12048.214432387796
CrFeNiO4,4.968262723932757,4.161054728758572,92952.852963335,14489.544358350011
CrNiO4,2.7069701099615306,5.1663758855267226,509.2958178937599,146681.68340211222
CuNi,4.68611997098841,4.045107329653947,48542.25764299896,11094.489657885628
ZnFe2CuNiO4,4.537278032331009,3.702300924102097,34457.04517937467,5038.496069443053
FeNi,1.0413926851582251,3.841903607170777,11.000000000000002,6948.700721889765
FeNi,3.1103051505202743,3.841903607170777,1289.1550390435793,6948.700721889765
NdFeNi,1.2018201316416248,4.270961544618938,15.915494309180001,18662.144362258816
VFeNiS,1.9007901359776436,3.671549469488631,79.57747154589998,4694.06900335746
TbFeNi,1.2018201316416248,4.651924619017665,15.915494309180001,44866.7507449686
Al1.6Fe0.4Ni1O4,4.954252740903099,3.9361179401670703,90002.12031841296,8632.129363204296
Y0.08Cr1.42Fe0.5Ni1O4,5.3369527830184,4.298876868363787,217246.49732030698,19901.090211538347
Y0.06Cr1.44Fe0.5Ni1O4,5.160861523962718,4.2964749204330035,144830.99821353794,19791.32727303152
Y0.04Cr1.46Fe0.5Ni1O4,5.288179962316373,4.309759322682047,194169.03057199589,20406.067677928353
Cr1.5Fe0.5Ni1O4,5.3706121519558065,4.572914734364958,234753.54106040497,37403.71458336769
Mn1.5Fe0.5Ni1O4,2.992457093573328,3.861929931675118,982.781773591865,7276.623952662356
Al1.2Fe0.8Ni1O4,4.681827074598775,3.7496995113543723,48064.792813723594,5619.523754201079
Al0.8Fe1.2Ni1O4,4.801703203715313,3.7822117766879844,63343.66735053644,6056.361314348069
Cr0.8Fe1.2Ni1O4,2.8920162116701387,4.080922688436143,779.8592211498204,12048.214432387796
Al0.6Fe1.4Ni1O4,3.8920162116701387,3.741631146414383,7798.592211498203,5516.087497156129
Cr0.6Fe1.4Ni1O4,2.987149966652392,3.8877377719127684,970.8451528599802,7722.141794612115
Mn0.5Fe1.5Ni1O4,3.4465918931369197,3.6260127419997294,2796.3523501229256,4226.810153496599
Al0.4Fe1.6Ni1O4,4.11827408019155,3.6015365773498234,13130.282805073497,3995.1820829784465
Cr0.4Fe1.6Ni1O4,3.1608615239627182,3.9279940790043186,1448.3099821353796,8472.158634627189
Sm0.15Fe1.85Ni1O4,3.8092751548562935,4.0369096801314,6445.775195217902,10887.03652978659
Al0.2Fe1.8Ni1O4,4.034329044347861,3.832673512396844,10822.536130242397,6802.577721052011
Cr0.2Fe1.8Ni1O4,3.399100689767244,3.9421170608460585,2506.6903536958494,8752.196523814262
Dy0.05Fe1.95Ni1O4,4.149792710887405,3.9326409077590254,14118.63500167357,8563.295045631094
Sm0.05Fe1.95Ni1O4,3.6931818254758975,4.205489092395213,4933.8032358457995,16050.519456064729
La0.03Fe1.97Ni1O4,3.926096001242414,4.106183625016181,8435.211983865402,12769.78616854799
Sm0.03Fe1.97Ni1O4,3.544242812463831,4.177389162281406,3501.4087480195994,15044.89504102847
Nd0.02Fe1.98Ni1O4,4.034329044347861,4.003801626212202,10822.536130242397,10087.919923557169
Sm0.1Fe1.9Ni1O4,3.739639226714899,3.9955227296588607,5490.845536667098,9897.436627016003
MnFeNiO4,3.2749883939067264,3.7090246693752036,1883.598751491453,5117.109016008477
Fe2NiO4,3.6411528254718877,3.839779382641421,4376.760935024502,6914.796167869958
Fe2NiSe4,5.9550200458410405,4.8854432788946704,901612.7526150462,76814.51254016737
AlFeNiO4,3.377911390697306,4.168173288060991,2387.3241463770005,14729.00087807926
CrFeNi,1.3010299956639813,3.4742848443473338,20.000000000000004,2980.470614648231
FeCuNi,0.3010299956639812,3.6338603002075933,2.0,4303.881449843252
FeCuNiMo,1.502850127305606,3.410531517395418,31.830988618360006,2573.5435235241875
FeNiMo,2.290034611362518,2.7861960270694692,194.99999999999991,611.217847445479
FeCuNiMo,1.2151085810530933,3.410531517395418,16.410000000000004,2573.5435235241875
FeNiP,1.2018201316416248,3.7647922144727874,15.915494309180001,5818.247806754686
Ga0.25Fe1.75Ni1O4,3.223009430711563,3.679587704162735,1671.1269024639007,4781.759222563685
Ga0.5Fe1.5Ni1O4,3.419304075855531,3.3655756291352352,2626.0565610147,2320.4682425727824
Gd0.01Fe1.99Ni1O4,4.24321281679985,4.077789881271446,17507.043740097994,11961.616688314463
Gd0.03Fe1.97Ni1O4,4.1952563621392365,4.11173813673932,15676.761894542296,12934.157251810524
Gd0.05Fe1.95Ni1O4,4.167961864380658,4.103992270404449,14721.832235991511,12705.514916664333
Gd0.07Fe1.93Ni1O4,4.128676840591317,4.10399370750289,13448.592691257096,12705.556959809368
Gd0.09Fe1.91Ni1O4,4.088310856814107,4.1200460760980455,12254.9306180686,13183.96605286162
Gd0.1Fe1.9Ni1O4,4.084059979660449,4.127612381303386,12135.564410749761,13415.670444619973
Fe2NiO4,4.300498461218065,3.839779382641421,19975.53690745183,6914.796167869958
In0.4Fe1.6Ni1O4,4.140639956667835,3.585769905324245,13824.19835695374,3852.7418047887068
MgFe2CoNiO4,6.372081847036582,3.756299376017055,2355493.1577586383,5705.57444108537
MgZnFeCoCuNiBiO,2.488501100996555,4.5591038916946225,307.96481488263294,36232.966435949864
MgMnFe2CoNiO4,6.837806243442458,3.908058516538331,6883451.28872035,8092.049235454033
MgMnFe2NiO4,5.961487976331255,4.417860122600205,915140.9227778492,26173.398806264817
MnNi,3.091121834147935,4.139087382586604,1233.4508089614496,13774.865993629839
MnNi,5.44485818032792,4.139087382586604,278521.15041065024,13774.865993629839
MnNi,5.641152825471887,4.139087382586604,437676.09350244974,13774.865993629839
Mn2Ni,4.859831528298737,4.431750885996331,72415.49910676897,27024.078015988016
Mn2NiO4,2.919490634643887,4.612427873726167,830.7888029391959,40966.40684321097
Mn4Ni,4.53425859155723,4.637381475893962,34218.312764737006,43389.18332664949
MnInNi,2.201820131641625,4.363840257667713,159.1549430918,23112.145221632014
MnNiSb,2.758122632408912,4.166396518751413,572.95779513048,14668.865237858648
MnNiSn,4.599760140313663,3.8538225752972486,39788.73577295003,7142.044885961061
MnZnNi,2.622441993637987,4.111143544635858,419.22,12916.461227733433
GdMnZnNi,1.1222158782728267,4.65578578075315,13.25,45267.42396157558
PrMnZnNi,2.902247725228436,5.182620506993455,798.4499999999997,152272.15954097762
MnZnNi,1.9857856177726052,4.111143544635858,96.78000000000002,12916.461227733433
Nb2NiO6,6.44485818032792,5.755474041551917,2785211.504106503,569474.1847641441
Pr0.04Fe1.96Ni1O4,4.913627360682816,4.157392754851526,81964.79569227704,14367.882075132437
Pr0.08Fe1.92Ni1O4,5.132769162809148,4.334789567247729,135759.1664573055,21616.708554062618
Pr0.12Fe1.88Ni1O4,5.302362981654089,4.294137218138676,200614.80576721372,19685.08154290341
YbZnFeCoNiO,3.4687570428007977,3.8142365578029382,2942.774897767381,6519.834291280647
ZnFe2NiO4,3.9799713820252687,3.3232913339618797,9549.296585508004,2105.1901724805043
ZrNi,3.9799713820252687,3.7876668719704703,9549.296585508004,6132.91396075025
Zr0.2Fe1.6Co0.2Ni1O4,4.332153900136631,4.062107181469369,21485.917317393,11537.379588174952
Zr0.4Fe1.2Co0.4Ni1O4,4.563547967659217,4.401340686586495,36605.63691111398,25196.527191008376
Zr0.6Fe0.8Co0.6Ni1O4,5.4322690530198985,4.348515956658257,270563.40325605986,22310.841794969718
Zr0.8Fe0.4Co0.8Ni1O4,4.563547967659217,4.50438381479876,36605.63691111398,31943.59675222943
Fe2NiO4,3.968604647139484,3.839779382641421,9302.606423715712,6914.796167869958
BaFe12CoNiPO19,4.361687978734191,4.070784411120191,22997.88927676509,11770.215411609848
FeNiP,0.9242792860618817,3.7647922144727874,8.4,5818.247806754686
Magnet1No0.1,6.31308264530069,4.885131439343329,2056281.864746055,76759.37666733665
C40N,5.499580642740758,4.204603350670153,315922.5620372227,16017.817849502006
C20N,5.625884657059113,4.223637131733982,422556.3739087293,16735.43987021717
RIO,6.037510703134051,3.9042770640418123,1090211.3601788308,8021.896679320804
FeCoBP,3.1312390573559177,2.5813180596328165,1352.8170162803003,381.34500273714553
Si8P3,1.1205739312058498,2.0350527077835037,13.199999999999998,108.40584718799612
SiP,1.3010299956639813,2.918904388136794,20.000000000000004,829.6680922834661
Si2P,1.2227164711475833,2.470301157062314,16.7,295.3256422212485
AP,-0.15490195998574322,4.655630167598437,0.6999999999999998,45251.206981902025
A0.7P1,6.288001936291375,5.2643714320234025,1940894.5310045027,183810.97216869687
A0.9P1,6.267773111955495,5.216090629501942,1852563.5375885528,164471.49100325786
A2Fe3NiP,2.6505264515467046,3.918386858409615,447.2253900879579,8286.800019772436
AP,6.050317149731992,4.655630167598437,1122838.12351265,45251.206981902025
AP,6.224248502827112,4.655630167598437,1675901.5507566554,45251.206981902025
AP,6.051239545438524,4.655630167598437,1125225.4476590264,45251.206981902025
AP,6.182958914282285,4.655630167598437,1523908.5801039836,45251.206981902025
AP,6.046607850469472,4.655630167598437,1113288.8269271418,45251.206981902025
AP,6.171236043995606,4.655630167598437,1483324.0696155748,45251.206981902025
Zn0.5Fe0.5O2,3.2510381543118063,3.1558289831822464,1782.5353626281594,1431.6240422376363
E2K15NdFeBP,4.790285164033242,5.165476529112381,61700.000000000044,146378.2427171221
E2K34NdFeBP,5.185825359612962,5.093013390509701,153399.99999999994,123883.47826717717
E2K41NdFeBP,5.199755177253475,4.8543274543149035,158400.0,71503.52533256798
LNdFeBP2,5.977723605288848,5.351418421554621,949999.9999999997,224604.48363548497
PHN,4.491854743004143,4.370590365033752,31035.21390290099,23474.176465285804
PH2N,4.466637954651161,4.49263747131852,29284.509528891194,31091.199059700943
PN2F,4.004183305951172,4.219485414622566,10096.789589743792,16576.2166622759
P(NF)2,4.012455831917162,4.127102643786127,10290.958620315783,13399.933521414841
PN2F3,4.02610871410117,4.055625821516938,10619.613577800352,11366.475535308577
P(NF2)2,4.039976316393773,4.0518015977053246,10964.184029594106,11266.82626962529
PN2F5,4.062756752341718,4.104977536816555,11554.648868464668,12734.372128219042
M4O3,4.2810013776892495,4.313685064138579,19098.593171015993,20591.36154918532
Co4O3,3.7458881759919005,4.42546573299924,5570.423008213001,26635.799248674
VFe3PCO4,1.3779113906973062,2.5940238150280903,23.873241463770007,392.6664671181517
VFe3(PO2)2,1.6657966776894944,3.2927908894870503,46.32299999999999,1962.4151567240212
ZPHCNF261100,4.797867139187064,4.537521117160545,62786.62504971508,34476.336996006285
ZPHCNF321100,4.609211036112357,4.52838647099516,40664.087959954944,33758.75882694563
ZPHCNF581100,4.623424058511456,4.517705501472449,42016.90497623522,32938.62769864513
ZPHCNF811100,4.516740187634045,4.632259998802508,32865.495748456706,42880.515608110676
Fe12O19,5.766012592267822,4.177515992879068,583462.0213745383,15049.289367374537
Cr0.3Fe12Pb0.3O19,5.7165670562760065,4.978852405939913,520675.3963248239,95247.24132809043
Fe0.094Ni0.376Pb0.53,2.9007901359776436,5.076127239007792,795.7747154589999,119159.10676248881
Cr0.5Fe12Pb0.5O19,5.715170930447582,4.9502619818379845,519004.26942235976,89178.87345091747
Co9Te5(PbO5)6,6.01473348828448,4.303037918574127,1034507.1300966993,20092.68235654068
AlFe11PbO19,5.344053123436339,4.820310754973528,220827.48353987272,66116.63696221064
Fe12PbO19,5.055822364768614,4.836279228009117,113716.20683909103,68592.9100252087
CoPd,4.934213891464593,4.335394181321627,85943.66926957203,21646.82376089733
Fe0.13Pd0.87,2.2625179719952366,3.885794959545483,183.02818455557008,7687.674017496094
CoPd4,5.128676840591317,3.8825907000579547,134485.92691257095,7631.162472290859
NiPd,5.076881395033325,4.335179851902977,119366.20731885014,21636.1434352256
Ni14Pd,4.6931818254758975,3.764704655544742,49338.032358458,5817.07489710189
Pr1Fe1.88175Si0.04825,3.7458881759919005,5.023622681181504,5570.423008213001,105589.97357238372
Pr,6.407565672584287,5.53633671926055,2556028.3860543077,343824.4201678184
Pr,6.389904505356563,5.53633671926055,2454169.2224755576,343824.4201678184
Pr,6.441244749649056,5.53633671926055,2762134.037358191,343824.4201678184
PrFe,3.204119982655925,4.956720874566079,1600.0000000000007,90515.06644692458
PrFeCuB,5.979971382025268,5.721627613234245,954929.6585507995,526777.9807707057
PrFeCuB,5.812913356642856,5.721627613234245,650000.0000000001,526777.9807707057
CePrNdAl,6.074849943702669,5.262818499348952,1188091.6501802877,183154.88202487826
MagneticRPrNdFeBH3,6.015359755409214,5.942319027574187,1036000.0000000005,875626.7640654872
TbPrAlCu,6.264345507050092,6.030952005409568,1837999.9999999988,1073870.7305803022
TbPrCu,6.204933522354145,6.173319175983574,1603000.0000000019,1490456.0559587765
TbPrCuNi,6.222716471147583,5.258799444860996,1670000.0,181467.74597752804
Ce0.25Pr0.5Y2.25Fe5O12,3.2995978661809082,3.4315608108542124,1993.4156622247956,2701.225313265809
Ce0.5Pr0.5Y2Fe5O12,3.396056880365454,3.444241505110253,2489.183309955752,2781.2594574444774
Ce0.75Pr0.5Y1.75Fe5O12,3.480916461389226,3.457916103311865,3026.331242890577,2870.2260603090967
Pr0.5Sm0.5Co5,6.027894934342451,5.710033143926247,1066338.1187150602,512900.52537868544
Ca0.375Pr0.625Mn1O3,6.641152825471887,4.819706604826216,4376760.935024498,66024.72558168515
Sr0.4Pr0.6Mn1O3,4.848223857864695,4.382826801952451,70505.63978966746,24144.977328889956
Ca0.3Pr0.7Co1O3,5.855032645416968,4.666698825213812,716197.2439130998,46419.325457392944
Pr0.7Sm0.3Co5.5,6.050009248633024,5.909863805489682,1122042.3487971905,812575.652926506
Sr0.3Pr0.7Mn0.85Co0.15O3,4.557214176264796,4.302758993673202,36075.650950618314,20079.782008131297
Sr0.3Pr0.7Mn0.9Co0.1O3,4.2137921225147,4.337052133304677,16360.332375121568,21729.62008545151
Sr0.3Pr0.7Mn0.95Co0.05O3,3.8993110188126816,4.393986173057317,7930.690814264392,24773.431834386483
Sr0.3Pr0.7Mn1O3,3.8936086560443233,4.6563918692754145,7827.240101254726,45330.64194068741
Pr0.87Fe4Sb12,2.9007901359776436,4.159496749103157,795.7747154589999,14437.657969896223
Sr0.2Pr0.8Mn1O3,4.784451571131261,4.464111239215793,60876.765732613494,29114.627581185498
Pr0.9Sm0.1Co4.9Cu0.1,5.921979435047581,5.775366503963273,835563.4512319494,596165.0388893827
Pr10.5Ti2Fe69.5Co10B4C4,5.892016211670138,5.791993232202691,779859.2211498196,619431.4221358593
Pr10Fe84.12B5.88,5.739639226714899,5.656185515230599,549084.5536667098,453091.08304512396
Pr5(Fe14B)3,5.7450747915820575,5.660289381174874,556000.0,457392.86029555206
Pr11Fe83.5B5.5,5.972303941072733,5.723062140731958,938218.389526161,528520.8694160332
Pr12Nb0.1Fe57.81Co16B6,5.534026106056135,5.815807246122911,342000.00000000023,654345.6899191973
Pr12.5Nb0.1Fe56.4Co16B6,5.69284691927723,5.8467818249625125,492999.9999999997,702719.2085437817
Pr12Dy3Fe77B8,5.568201724066995,5.820268204109205,369999.99999999994,661101.5937073681
Pr12GaFe80CuB6,5.468991860044639,5.820258667738614,294436.64471983025,661087.0771964731
Pr6Fe41B3,5.947923619831727,5.794374361290583,887000.0000000006,622836.9384868515
Pr13Nb0.1Fe55.81Co16B6,5.633468455579586,5.8212763007418475,429999.99999999965,662637.9438415779
Pr13.5Nb0.1Fe54.89Co16B6,5.624282095835668,5.891790712275579,420999.99999999994,779454.3987493898
Pr13.5Ga0.4Fe80.6Co4B5.5,6.262517971995236,5.551197694717967,1830281.8455556987,355793.2419657605
Pr13.7Nb0.1Fe63.5Co16.7B6,5.899273187317604,5.814992376344123,793000.0000000006,653119.0876183718
Pr13.7Zr0.1Fe63.5Co16.7B6,5.864511081058392,5.828135127113041,732000.0000000006,673186.0799476869
Pr13Co87,5.616793479612443,4.5717156104872,413802.8520386798,37300.58220100026
Pr13Dy2Fe77B8,5.431363764158988,5.7591478256243285,270000.0000000003,574311.9138503051
Pr13Dy2Fe77(BC3)2,6.24321281679985,6.002579430208115,1750704.3740097994,1005957.0305009946
Pr13Fe65Co15B2C5,6.062158138212618,5.806892989130213,1153873.3374155497,641051.6009615615
Pr14Nb0.1Fe54.1Co16B6,5.8088858673598125,5.89268832808925,644000.0000000006,781067.0697680615
Pr14Fe54.56Co16B6,5.770115294787102,5.869506962251299,589000.0000000005,740469.137946865
Pr14Fe68.62B6,5.873901597864461,5.899730497106681,747999.9999999995,793835.4645923437
Pr14DyFe77B8,5.3222192947339195,5.705409581821315,210000.00000000012,507469.07522650115
Pr14DyFe77(BC3)2,6.190824747340161,5.842562539419582,1551760.6951450494,695925.1623339035
Pr14Nb0.1Fe61.9Co16B8,5.678518379040114,5.809953129221816,477000.00000000047,645584.5512366218
Pr14Nb0.1Fe62.9Co16B7,5.814913181275074,5.816144322539209,652999.9999999999,654853.755590703
Pr14Nb0.1Fe63.9Co16B6,5.873901597864461,5.829069899698603,747999.9999999995,674636.6017239444
Pr14Nb0.1Fe64.9Co16B5,5.824776462475546,5.778764009999156,668000.0000000002,600847.1561927557
Pr14Nb0.1Fe65.9Co16B4,5.544068044350276,5.78916456914499,350000.0,615410.0285985564
Pr14Nb0.1Fe67.9Co12B6,5.845098040014257,5.838967160167429,700000.0000000001,690187.6122892441
Pr14Nb0.1Fe69.9Co10B6,5.913813852383717,5.86513760397221,820000.0,733056.7616102101
Pr14Nb0.1Fe71.9Co8B6,5.986771734266245,5.806554071215273,970000.0000000008,640551.5275595795
Pr14Nb0.1Fe75.9Co4B6,5.926342446625655,5.803990175008902,843999.9999999992,636781.1149234626
Pr14Nb0.1Fe79.9B6,5.965201701025912,5.815642233822912,923000.0000000007,654097.1153193474
Pr7Fe40B3,5.965201701025912,5.803307873419014,923000.0000000007,635781.4806432937
Tb2Pr14Fe69.5Co6.5B2C6,6.208286173890857,5.8397737262594385,1615422.67238177,691470.6108070954
Pr15Fe62.4Co15.6B7,6.201820131641625,5.794727541367357,1591549.4309180018,623343.652422736
Pr15Co78B7,5.979971382025268,5.719983404702585,954929.6585507995,524787.4066459337
Pr15Fe77B8,5.146128035678238,5.800480312852068,140000.00000000003,631655.5448504349
Pr15Fe79B6,5.519883466604386,5.7958173401186714,331042.281630944,624909.8067304337
Pr16.9Fe79.3B4,6.201820131641625,5.886983627945149,1591549.4309180018,770874.4080551139
Pr16Dy17Fe42Co24B,6.235243887128575,5.798298636670938,1718873.3853914407,628490.3830894756
Pr8Fe33Co5BC3,5.671642147619788,5.916440947657823,469507.08212081,824975.303449867
Pr16Zr0.5Fe75.5B8,5.72686493867847,5.8542519167899645,533169.05935753,714910.896930175
Pr4Fe19B2,5.9871499666523915,5.846121977655753,970845.1528599793,701652.3395826605
Pr8(Fe13B)3,5.985008822716883,5.876564015176173,966070.5045672267,752599.655481186
Pr17.5Co82.5,5.803880122969587,4.885083422400857,636619.7723671995,76750.89038215297
Pr20.5Fe73.8Cu2,6.201820131641625,4.991101799190718,1591549.4309180018,97971.96060442971
Pr20Fe73.5Cu1.5B5,6.350248018334163,5.948788090887137,2240000.000000002,888767.3479984155
Pr20Fe73Cu1.5B5.5,6.193124598354462,6.031667957408975,1560000.0000000016,1075642.5098888832
Pr27.5Co72.5,5.444858180327919,5.500655559084602,278521.15041064966,316705.4661359838
Pr2Co14B,6.0768813950333245,5.660793709473237,1193662.073188499,457924.32031118404
Pr2Co17,4.486250865486144,4.840620233786728,30637.32654517149,69281.9709003718
Pr2Co7,2.113943352306837,5.8573468566668705,130.00000000000006,720023.807671995
Pr2Fe13.3Co0.7B1,2.9339931638312424,5.805499235165236,859.0000000000002,638997.6120104276
Pr2Fe14B,5.599760140313663,5.536884784590832,397887.35772950033,344258.5891561805
FeB7,5.671642147619788,1.7103306121950204,469507.08212081,51.32519548839942
FeB7,5.678941386361287,1.7103306121950204,477464.8292753997,51.32519548839942
Pr2Fe14C,6.197455326239175,5.463652548091318,1575633.936608821,290838.9366240133
Pr2Fe17N3,3.9977001489857003,4.479862393415996,9947.183943237505,30189.949976522104
Pr2Ir2O7,6.2987301446496815,3.7105606869108083,1989436.7886475013,5135.239306681281
Pr3Cu4(As2O)2,5.502850127305606,4.911613968828315,318309.8861835997,81585.685858626
Pr3Fe14B0.1,6.233228595893249,5.823450396981607,1710915.63823685,665963.4538249045
Pr3In,4.0768813950333245,5.453591322705081,11936.62073188499,284178.5688021734
Pr3Ni4(As2O)2,4.599760140313663,5.0495276953492105,39788.73577295003,112079.88982101865
Pr3(Al3Ru)4,5.377911390697306,5.7860030096779855,238732.4146376998,610946.2587727075
Pr4.5Ti5Fe72B18.5,5.529199285203831,5.599058971951766,338219.99999999977,397245.4869524995
Pr4.5Fe76B18.5,5.325146068490752,5.357117632197658,211420.00000000015,227571.37429041852
Pr8Al2Fe6Co3B,6.312409841940874,5.652555340121798,2053098.7658842215,449319.57572207716
Pr4ZrNb4Fe67(CuB11)2,5.5820633629117085,5.237145648743751,381999.99999999977,172641.678093821
Pr4Ni3O8,4.544242812463831,5.232337338797592,35014.087480195994,170740.81055032116
Pr29(Al3Fe4)3,4.848804701051804,5.52525663763528,70599.99999999997,335163.4387787397
Pr5Co19,6.0768813950333245,4.073772606949421,1193662.073188499,11851.48051826351
Pr5Co19C1.5,5.803880122969587,5.705398793031185,636619.7723671995,507456.46878185665
Pr5Cr5(Fe4B)18,5.802773725291976,5.650847397428784,635000.0000000005,447556.0141298714
Pr5Cr4Fe73B18,5.799340549453582,5.667872783678625,630000.0000000006,465449.7310353416
Pr5Cr3(Fe37B9)2,5.749736315569061,5.631908740994859,561999.9999999999,428458.47826120787
Pr5Ge3,5.377911390697306,5.299269441899232,238732.4146376998,199190.87616040095
Pr6Si3Ni2,5.752048484696719,5.152908408083302,565000.0479758895,142202.8852196348
Pr7Ti2Fe81B10,5.616793479612443,5.677934142380104,413802.8520386798,476358.74496665125
Tb1Pr7Zr1Nb0.5Fe86.5B4,5.77002185570862,5.735412389670736,588873.2894396606,543766.4265246284
Tb1Pr7Zr0.5Nb1Fe86.5B4,5.775851399369344,5.749033439247728,596831.0365942506,561091.1765457778
Tb1Pr7Zr1Nb1Fe86.5B4,5.720334071519512,5.733206429174601,525211.3122029401,541011.4157865662
TbPr7Nb2(Fe43B2)2,5.787280861150125,5.734214692744415,612746.5309034298,542268.8938654372
Tb1Pr7Zr0.5Nb0.5Fe87B4,5.814603988361361,5.711713438238108,652535.2666763806,514888.791936656
TbPr7NbFe87B4,5.7641129960981,5.705253063173713,580915.5422850705,507286.21759075206
TbPr7(Fe22B)4,5.648978162983844,5.68974690144221,445633.8406570398,489493.4687513884
Pr8Nb4.92Fe38.54Co38.54B10,5.713703492620499,5.722829773378623,517253.5650483496,528238.1622856373
Pr8Nb6.88Fe79.12B6,5.869273084531579,5.724272566575492,740070.4853768701,529995.9691020192
Pr8.5Al1Fe76.05Co8.45B6,5.651568738865792,5.6540171600073945,448299.9999999999,450834.5177330665
Pr8.5Hf1Fe76.05Co8.45B6,5.709354775834396,5.658544967977091,512100.00000000006,455559.35352083546
Pr8.5Ti1Fe76.05Co8.45B6,5.688864568054792,5.633004456115394,488500.0000000004,429540.83408246347
Pr8.5Fe76.95Co8.55B6,5.619093330626743,5.650675840289811,416000.0000000004,447379.25327008346
Pr8.5Ti2Fe79.5B10,5.830209061691936,5.7356457140976715,676408.5081401494,544058.6431719316
Pr4Al,6.101640634068721,5.504190629217769,1263690.2481488911,319293.90562104236
Pr16Fe3C,5.2810013776892495,5.746249827559361,190985.93171015996,557506.3618033672
Pr8NbFe75Co10B5C,5.720334071519512,5.711209166643643,525211.3122029401,514291.28696860146
Pr4Cr(Fe14B)3,5.616793479612443,5.6425258553159665,413802.8520386798,439062.0040088133
Pr4Nb(Fe14B)3,5.713703492620499,5.649069391254368,517253.5650483496,445727.4607155786
Pr4Ti(Fe14B)3,5.544242812463831,5.649733124270447,350140.87480195996,446409.18758265564
Pr4Zr(Fe14B)3,5.633183895800612,5.691386046071737,429718.34634786006,491344.44009593513
Pr8NbFe85B5C,5.77002185570862,5.677177703824501,588873.2894396606,475529.7625414975
Pr8VFe85B5C,5.739639226714899,5.681903897440554,549084.5536667098,480732.958012805
Pr8Mn0.6Fe86.4B5,5.664641975556125,5.540291498299663,461999.9999999997,346969.65822304034
Pr4Fe43B3,5.53425859155723,5.408834960855556,342183.12764737004,256350.96749727972
Pr9Hf0.5Fe81.225Co4.275B5,5.700130685431225,5.670702308700419,501338.0707391699,468492.13964784885
Pr9Nb0.5Fe81.225Co4.275B5,5.745888175991901,5.672000315174026,557042.3008213006,469894.4496145489
Pr9Ti0.5Fe81.225Co4.275B5,5.72686493867847,5.640006796350515,533169.05935753,436522.66340643284
Pr9.5Cr2Fe78.5B10,5.965248125204562,5.806975224314366,923098.6699324402,641172.9978248484
Pr9.5Nb2Fe78.5B10,6.021364067183494,5.847912460579018,1050422.6244058802,704551.0404380232
Pr9.5Ti2Fe78.5B10,6.008000105625512,5.83014646964422,1018591.6357875199,676311.0287923978
Pr9.5V2Fe78.5B10,5.946113114764301,5.8285686538825825,883309.9341594892,673858.4115368084
Pr9.5Zr2Fe78.5B10,5.905111509760286,5.870033823112598,803732.4626135901,741367.9772317158
Pr9.5Zr2Fe82B6.4P0.1,5.984077033902831,5.745472923859398,964000.0000000001,556509.9374991135
Pr9.5Zr1Fe83B6.4P0.1,5.93801909747621,5.810811367775771,866999.9999999993,646861.5957277145
Pr9.5Fe84B6.4P0.1,5.693726948923647,5.691072865959994,494000.0000000001,490990.24762198416
Pr9.5Fe84B6.5,4.698970004336019,5.720050290057626,49999.99999999999,524868.2349698558
Pr9.5Nb4Fe86.5B12,5.827369273053825,5.762450438646756,671999.9999999994,578695.9442433459
Pr9ZrNb4Fe52Co13B21,6.133538908370218,5.798195623206113,1360000.0000000012,628341.3245661746
Pr9Ti4Fe66Co10B10C,5.921979435047581,5.891825245367363,835563.4512319494,779516.3798281271
Pr9Ti4Fe66Co10B8.5C2.5,5.983575506294094,5.840421154044167,962887.4057053904,692502.19458137
Pr9Ti2.5Fe73.5B15,5.887561870243888,5.8407890614934,771901.4739952298,693089.0882045736
Pr9Ti2.5Fe81.5B7,5.563547967659217,5.689634717649954,366056.3691111398,489367.042687706
Pr9Ti2Nb1Fe82.5B5.5,5.941787828401134,5.721236752492823,874556.4122894407,526304.0990707601
Pr9Zr2Fe82Cu0.5B6.5,5.864577963323199,5.694968292079734,732112.7382222797,495414.01921539527
Pr9Ti1Nb1Fe83.5B5.5,5.86786987012214,5.711254714456765,737683.1612304924,514345.2274924171
Pr9Ti0.5Nb0.5Fe84.5B5.5,5.752048484696719,5.701663974742015,565000.0479758895,503111.1875705256
Pr9Ti1Nb0.5Fe84B5.5,5.778161481847418,5.745028333155972,600014.1354560863,555940.5253706723
Pr9Fe85.5B5.5,5.6839788270529015,5.652327223803584,483035.2522836133,449083.62933634454
Pr9Fe85B6,5.615950051656401,5.697405654599674,412999.99999999965,498202.2156054342
GLaPrAlBPH,6.0710518513726015,5.543068289327267,1177746.5788793215,349195.219312006
PrAlGe,5.53425859155723,5.136378838755711,342183.12764737004,136892.2427556061
PrAlSi,5.502850127305606,5.1862725304148505,318309.8861835997,153558.02947283257
Ba1Pr1Co2O5.5,5.871601746850161,5.004195301486513,744049.358954165,100970.6847440404
Ba1Pr1Co2O5.74,5.179543736930473,5.8367851528548815,151197.19593721008,686728.6286829107
Ba1Pr1Co2O5.75,5.961487976331255,5.3988668054879785,915140.9227778492,250534.07679803215
Pr1Fe0.75Co2.25,5.076881395033325,5.346817675362436,119366.20731885014,222237.67010549115
Pr1Fe0.5Co2.5,5.2987301446496815,5.452948026189242,198943.67886475014,283757.9423295247
Pr1Fe0.25Co2.75,5.599760140313663,5.262504973854472,397887.35772950033,183022.7067274949
PrCo3,5.979971382025268,4.128910038448113,954929.6585507995,13455.815958586301
Pr1Co4.9C0.1,6.03112390447265,5.55562259566931,1074295.86586965,359436.8467707171
PrCo4Cu,4.900790135977644,5.839357433351391,79577.47154590007,690808.1193269846
PrCo5,5.2810013776892495,4.521600573241103,190985.93171015996,33235.37422629962
Pr1Co5C0.3,5.599760140313663,5.698818083045088,397887.35772950033,499825.124738587
PrAl4Co,5.7458881759919,5.320053029402273,557042.3008212994,208955.12593305123
MagnetPr,6.251425744236598,5.466345666366708,1784126.9120590778,292648.0713870227
PrCu,6.298903827708147,5.198788871631424,1990232.5633629612,158047.95165336152
PrCu20,6.208286173890857,5.449429530596465,1615422.67238177,281468.3262510316
PrCu40,6.231203909326834,5.598001392641468,1702957.8910822587,396279.30499253405
PrMnCu4,5.900790135977644,5.129814993435053,795774.7154590008,134838.8355743734
GLaPrDyAlBPH,6.0768813950333245,5.521097551032735,1193662.073188499,331969.0159108877
Pr(FeAs3)4,2.942182821135869,3.9327842659652608,875.3521870049005,8566.122208548702
PrFeB,6.034329044347861,5.744262453377784,1082253.6130242397,554960.9863501017
MagnetPrFeB,6.034329044347861,5.177314829043511,1082253.6130242397,150423.20198133044
PrFeCuB,6.176091259055681,5.721627613234245,1500000.0000000005,526777.9807707057
PrNbFeCoB,5.914343157119441,5.396113238478149,820999.9999999998,248950.63506162507
PrZrFeCoB,5.888740960682893,5.6963302056818845,774000.0000000001,496970.03741734737
MagnetRPrZrFeCoBH3,5.864511081058392,5.553731700772582,732000.0000000006,357875.2799610694
GLaPrGaBPH,6.107616012009493,5.561580771650966,1281197.2918889893,364402.01656526123
PrIr3,4.468991860044639,4.760490884328375,29443.664471983026,57609.072651351096
PrNdFeB,6.375152112010275,6.100347814344994,2372204.426783281,1259934.0539078424
Pr(SiNi)2,6.664218129540581,5.010566279811115,4615493.349662201,102462.81419050999
PrPd,4.104910118633568,5.576037173930608,12732.395447343992,376736.04475448444
PrVO3,6.2810013776892495,4.753411397423709,1909859.3171015994,56677.59289522652
PrFeB,6.043804936231739,5.744262453377784,1106126.8544880108,554960.9863501017
Cu3Pt,4.018061431633408,4.594448910844234,10424.648772512892,39305.10047961929
Ni18Pt7,4.728159409031469,4.8074748862028756,53476.06087884481,64191.11008630669
CrPt3,4.480573732594454,4.76896974088131,30239.439187442025,58744.84211076512
CoPt3,5.599760140313663,4.357270843942998,397887.35772950033,22765.167178392894
RFeB,5.554002649752987,5.07626441811548,358098.6219565498,119196.75108561806
R26H,6.060697840353612,4.162531538624949,1150000.0000000005,14538.899637977604
R26HS,6.326335860928752,4.748864053848521,2120000.000000001,56087.23800258647
R1E11.8,5.664218129540581,4.077920410194138,461549.33496622,11965.212339794163
R1E12Zr2Fe68.4Co7.6B10,6.070407321740119,5.3391080646447815,1175999.999999999,218327.31038270457
E12RZr2(Fe38B5)2,6.064832219738574,5.846666439940572,1161000.0000000005,702532.5322115441
E12R(Fe39B5)2,5.9253120914996495,5.705938317990206,842000.0,508087.27477754897
E12R(Fe41B3)2,5.898725181589493,5.769825471613463,791999.9999999999,588607.0663814148
R1E16.1,5.955403190534532,4.043153709548945,902408.5273305066,11044.694548527761
E2RFe14B,6.046916377831505,4.825586635942282,1114080.0000000005,66924.73126209318
E30RB,5.899920677265015,5.404587772972878,794183.1660280818,253856.19895299256
R1E32B0.92,5.99140084380605,5.582286848021656,980394.4494454884,382196.62529708975
R1E33B0.9,6.0308020856495475,5.409038444021378,1073500.09115419,256471.10563094565
RCoHPt,4.815661953517694,5.629395635376066,65412.68161072975,425986.3031832728
R,6.110305150520275,4.142657988438647,1289155.0390435806,13888.584595046095
M30R,5.929767841186422,4.23639818479687,850683.1708256714,17234.480016680045
Rb0.9Fe1.78Se2,4.457092636744931,4.384394015750832,28647.889756523997,24232.265336354296
Rb2Co(SeO3)2,5.775851399369344,5.130767648503941,596831.0365942506,135134.93855516159
RbEu(FeAs)4,4.457092636744931,4.435071420400128,28647.889756523997,27231.490973434014
CoSbRh2,5.900790135977644,4.11745137768721,795774.7154590008,13105.433096384997
ARibbon,5.938216633918267,4.142657988438647,867394.4398503094,13888.584595046095
RibbonB,6.02464177694473,3.525302727882783,1058380.371560471,3351.9901046161895
Ringshapedmultipoleanisotropicferrite,5.419304075855531,3.956285910928716,262605.65610147,9042.445729795823
Rotor,2.7075701760979363,4.142657988438647,509.9999999999999,13888.584595046095
Sr2Ce0.5Eu1.5Cu2Ru1O10,4.599760140313663,4.426982161041353,39788.73577295003,26728.96615254768
Sr2Ce0.5Gd1.5Cu2Ru1O10,4.104910118633568,4.5261591112669946,12732.395447343992,33586.06400381322
Sr2Ce0.5Gd1.5Cu2Ru1O10,4.131239057355917,4.5261591112669946,13528.17016280299,33586.06400381322
S,5.146055975435105,3.746687785838887,139976.77244923805,5580.688549751389
S,4.9281397437524,3.746687785838887,84750.00719638346,5580.688549751389
BS,4.435957621092588,4.408815396625826,27287.114993089133,25633.941958114305
BS,4.623544130915767,4.408815396625826,42028.523287080905,25633.941958114305
BS,5.06016781035643,4.408815396625826,114859.73510520563,25633.941958114305
AMBS11,5.104910118633568,4.359070753696686,127323.95447343994,22859.711952544734
A1M1B1S3.5,4.752048484696719,4.009649012066487,56500.00479758896,10224.663218704947
AMBS6,4.938216633918267,4.003663193545959,86739.44398503093,10084.704881310978
BSO25F,5.634548971564846,5.274845880734908,431071.16336414,188298.07524037876
BSO50F,5.703632248716718,5.175954361635192,505396.5217880111,149952.724757441
BSO75F,5.664517539743342,5.352757886321442,461867.6448524033,225298.2852549241
SF,2.089905111439398,3.7339409407443354,123.00000000000004,5419.271892746829
L2BSN10,1.792884738668124,4.4581154426257825,62.07042780580199,28715.4378421428
L2BSN20,2.8418043796832135,3.057794578077966,694.7113265957073,1142.337879502159
L2BSN30,2.9484543305792035,2.9540194873933356,888.0845824522438,899.5379441346369
MCe45PS,5.702193845994999,5.45434531992038,503725.3948855471,284672.37189586204
GMBP2HS,6.016400647651944,4.3530083971723155,1038486.0036739956,22542.827987483797
MNdDyFeBPS,6.186391215695493,5.421408446158317,1535999.9999999993,263881.19744248583
MNdFeBPS,6.084933574936716,5.683330639031804,1216000.0000000007,482314.856001512
M1Ce0.36P1S1,5.988216593013929,4.095545033836405,973232.4770063569,12460.774416255304
NdFeBPS2,6.217799679947118,5.5771750701697105,1651200.000000001,377724.4262296467
APS2,5.936513742478893,4.064434821398648,863999.9999999998,11599.381204111514
PCS2,5.912753303671323,4.299276584334942,818000.0000000002,19919.415209363382
A1Sb0.1,2.0224283711854865,4.952448252241707,105.29999999999998,89628.93834653488
Y2.8Fe5Sb0.2O12,3.3359015691041365,3.479957829581746,2167.212860081041,3019.658494377671
A,2.040602340114073,4.142657988438647,109.80000000000001,13888.584595046095
H2,2.5148132949992856,4.560240304705708,327.20000000000016,36327.90094487537
Sc,5.961487976331255,4.764668301140554,915140.9227778492,58165.879753245805
ScFeO3,4.3631881338766,4.1360411349450175,23077.466748310995,13678.583785073366
ScInFe2CoNiO4,4.380509371417214,3.936877319836687,24016.480912552604,8647.236158345111
E1A1Si0.24H1,1.8325089127062364,3.66620358020326,68.0,4636.642163840058
E1A1Si0.76H1,1.9344984512435677,4.178724931349622,85.99999999999999,15091.240190714982
SiC,4.315763483948461,4.257037003223928,20690.14260193399,18073.281093575923
CoSiO2,1.9421828211358687,4.157481569600779,87.53521870049,14370.820658023262
CoSiO2,5.201820131641625,4.157481569600779,159154.94309180017,14370.820658023262
Fe2CoSiO6,6.018061431633408,4.070922978569925,1042464.8772512893,11773.971455076258
Fe2CuSiO6,4.5188382326897365,3.8298019722088963,33024.650691548515,6757.747681623722
MnFe2SiO6,3.8875618702438883,3.9739579957284406,7719.0147399522975,9417.985028643961
Fe2SiNiO6,4.059152628072893,4.411805166247185,11459.155902609602,25811.019935396154
SmBRuC,7.0768813950333245,5.631614759693318,11936620.73188499,428168.5455907675
SmBRuC,7.0768813950333245,5.631614759693318,11936620.73188499,428168.5455907675
SmZr10Fe10(CoCu)10,5.72686493867847,5.67164559189642,533169.05935753,469510.8056741852
SmZr103Fe2Co2Cu,5.53425859155723,5.255751851222717,342183.12764737004,180198.7820223896
Sm(Fe52Co)2,5.332153900136631,5.416369621665565,214859.17317393,260837.25532183395
Sm1Co2.5Cu2.5,5.9260960012424135,5.8156453100729895,843521.1983865394,654101.7485198879
Sm1Al1.66667Co1.66667Si1.66667,6.377911390697306,5.613683233998808,2387324.146376998,410849.9457829747
SmFe2Co2B,6.4383863619236665,5.897656817599589,2744014.2470871867,790054.0752621212
Sm1Fe1.33333Co1.33333Cu1.33333B1,6.548661901283876,5.9865435606928,3537218.610215254,969490.5064561245
Sm1Fe1.66667Co1.66667Cu1.66667,5.787280861150125,5.9999599794748075,612746.5309034298,999907.85358102
Sm1Zr0.25Fe0.25Co0.25Cu0.25,6.24321281679985,5.910100383865348,1750704.3740097994,813018.4174689795
Sm1Zr0.25Fe0.25Co0.25Cu0.25,6.079767083270813,5.910100383865348,1201619.8203430893,813018.4174689795
Sm1Zr1.85Fe1.85Co1.85Cu1.85,5.713703492620499,5.818581632101737,517253.5650483496,658539.2005397655
Sm1Zr1.875Fe1.875Co1.875Cu1.875,5.633468455579586,5.8969095975729555,429999.99999999965,788695.9261533351
SmZr2Fe2(CoCu)2,5.921979435047581,5.702112938276427,835563.4512319494,503631.5611433971
M3.5Sm1Co3.5,6.1930462073341195,5.560608481802019,1559718.4422996393,363587.1131128975
Sm1Fe0.55Co2.7Cu1.75,6.272718599147948,5.924285114820159,1873780.000000002,840011.2738936673
Sm1Zr0.5Fe3.1Co5.6Cu0.4B0.4,5.787280861150125,5.8434919072379685,612746.5309034298,697416.0009203436
Sm1Zr0.6Fe3.72Co6.72Cu0.48B0.48,5.671642147619788,5.787180081730554,469507.08212081,612604.357613292
Sm1Zr0.4Fe2.48Co4.48Cu0.32B0.32,5.9421828211358685,5.902949708294391,875352.1870048996,799741.6388177673
Sm1Co2.5Cu2.5,6.176091259055681,5.8156453100729895,1500000.0000000005,654101.7485198879
Sm1Zr0.175Fe1.96Co4.445Cu0.42,6.070170631289593,5.990123767870145,1175359.2547329431,977515.7596219799
Sm1Zr0.1568Fe2.1952Co5.07248Cu0.41552,6.281543906781544,5.99381343784226,1912246.6412479791,985855.895369638
Sm1Zr0.1935Fe2.0898Co5.0697Cu0.387,6.440117199517019,6.001130841162029,2754972.0649190587,1002607.2509847885
Sm1Zr0.156Fe2.028Co5.07Cu0.546,5.837806243442458,6.091062775502264,688345.128872035,1233283.0864034428
Sm1Zr0.152Fe2.128Co4.94Cu0.38,6.148026685484408,6.000866176449421,1406133.922216053,1001996.435208642
Sm1Zr0.175Fe1.75Co4.655Cu0.42,5.977723605288848,5.9741127915938375,949999.9999999997,942134.2485504101
Sm1Zr0.225Fe1.65Co5.1Cu0.525,6.288535795586507,5.965066851788769,1943281.8551508782,922713.4512879358
Sm1Zr1.2Fe1.5Co4.5B0.3,5.076881395033325,5.964424588441398,119366.20731885014,921349.890238938
Sm1Zr0.3Fe0.75Co5.25Cu0.9B0.3,6.317430643315925,6.111447378473408,2076972.0073479915,1292550.078786595
Sm1Zr0.3Fe0.75Co5.25Ni0.9B0.3,6.184091364681193,6.07168690498236,1527887.4536812801,1179470.0162050675
Sm1Zr0.1965Fe1.572Co5.6199Cu0.4716,6.383377905504411,5.9788642525274875,2417563.585564443,952498.3949643547
Sm1Zr0.296Fe0.74Co5.365Cu0.888B0.111,6.062158138212618,6.075627462041405,1153873.3374155497,1190220.598361328
Sm1Zr0.3Fe0.75Co5.475Cu0.675B0.3,6.332153900136631,6.038175042658754,2148591.7317393,1091880.3308134798
Sm1Zr0.296Fe0.74Co5.476Cu0.888,6.502850127305606,6.01279273627771,3183098.8618359976,1029894.4938624501
Sm1Zr0.3Fe0.75Co5.55Cu0.9,6.377911390697306,5.997345143173567,2387324.146376998,993905.6128231892
Sm1Zr0.32Fe0.8Co5.92Cu0.96,5.076881395033325,5.963095112177264,119366.20731885014,918533.7369112096
Sm1Zr0.328Fe0.82Co6.068Cu0.984C0.041,5.819868228353718,5.783604122468198,660493.0138309704,607580.9134392206
Sm1Zr0.152Fe1.14Co5.7Cu0.608,5.803880122969587,5.955156685942648,636619.7723671995,901896.4675726758
Sm1Zr0.2Fe1.7Co5.1C0.06,5.830209061691936,5.87272909839973,676408.5081401494,745983.2882815236
Sm1Zr0.25113Fe0.761Co5.91297Cu0.6849,6.511875869392516,5.874787199213306,3249943.9379345546,749526.8572367426
Sm1Zr0.20132Fe0.719Co5.63696Cu0.63272,6.3039106571534615,6.068824540973093,2013310.0301112703,1171721.8833244548
Sm1Zr0.20132Fe0.719Co5.63696Cu0.63272,4.900790135977644,6.068824540973093,79577.47154590007,1171721.8833244548
Sm1Zr0.15Fe0.75Co5.85Cu0.75,5.840309388596262,5.957341107831956,692324.0024493302,906444.2697282687
Sm1Zr0.3Fe0.75Co5.25Ni0.9B0.3,6.0768813950333245,6.07168690498236,1193662.073188499,1179470.0162050675
Sm1Zr0.328Fe0.82Co7.052C0.041,5.590986216006157,5.799049264565325,389929.6105749097,629577.5954787781
Sm1Co4.32Cu0.48,6.5301997350803624,6.07806832786706,3390000.2878553392,1196928.830178625
Sm1Zr6.8Fe6.8Co6.8Cu6.8,5.201820131641625,5.969925587120607,159154.94309180017,933094.4088493804
Sm1Zr7.4Fe7.4Co7.4Cu7.4,6.104910118633568,5.692054771648802,1273239.5447343993,492101.5938407101
Sm1Zr7.6Fe7.6Co7.6Cu7.6,6.2700059933877865,5.798872670293443,1862112.8341740603,629321.646576335
SmZr8Fe8(CoCu)8,5.131239057355917,5.802258694551755,135281.7016280299,634247.3985074598
Sm1Co0.4Cu0.65,6.502850127305606,5.928772063320551,3183098.8618359976,848734.9050360469
Sm899.7Co1,6.201820131641625,5.30732222714303,1591549.4309180018,202918.77279526967
Sm,5.895422546039408,5.383384953734382,786000.0000000007,241760.28208830996
Sm(VFe)6,5.724264365147945,5.505803546133604,529985.9604956938,320481.92909714
SmFe7Co3,4.792884738668124,5.4609988655658315,62070.427805801985,289067.2331540212
Sm1Ti1Fe8.4Co2.1Cu0.5,5.405940114297549,5.3390211523458655,254647.9089468799,218283.62244587994
Sm1Ti0.6V0.6Fe8.64Co2.16,5.42957832775254,5.580449779417091,268892.2763535961,380583.3454772026
Ti10.8V0.6Co0.8,5.508673880334634,4.137043394409516,322607.06964707864,13710.187505829555
Sm1Ti1Fe8.8Co2.2,5.491631970759246,5.381473799911719,310192.9840859182,240698.73061017744
Sm11TiSi,4.528155992570376,5.3988036094015035,33740.847935461585,250497.62314285155
Sm11Ti1Si0.5,4.9496202225059935,5.0228244043531625,89047.19065986207,105396.0668722203
Sm1Ti1Fe8.8Co2.2B0.25,5.678941386361287,5.628758032664402,477464.8292753997,425361.3568602928
Sm1Fe9.6Co2.4B0.5,6.15606264108095,5.63203195343147,1432394.4878261995,428580.05222691863
Sm,5.859831528298737,5.383384953734382,724154.9910676896,241760.28208830996
SmCo,6.6127838567197355,5.264409630236444,4100000.0,183827.13990683694
SmCo,6.315763483948461,5.264409630236444,2069014.260193399,183827.13990683694
SmCrCoC,5.892016211670138,5.762004729497265,779859.2211498196,578102.342946363
SmTiCoCu,5.979971382025268,5.9022746332657885,954929.6585507995,798499.4719341571
SmHfCoB,5.8352885872212115,5.8912398837520925,684366.2552947402,778466.4203784583
SmFeMo,5.599760140313663,5.522982784671402,397887.35772950033,333413.1960825435
SmTiFe,5.599760140313663,5.787023578464987,397887.35772950033,612383.6380007843
SmVFe,5.968975997723805,5.538789682204582,931056.41708703,345771.8887238361
Sm0.01Fe1.99Co1O4,4.599760140313663,4.64621541352199,39788.73577295003,44280.79541730029
Sm0.02Fe1.98Co1O4,4.855032645416968,4.643489653613939,71619.72439130998,44003.746450747974
Sm0.03Fe1.97Co1O4,4.900790135977644,4.639415625429162,79577.47154590007,43592.88636749695
Sm0.04Fe1.96Co1O4,4.678941386361287,4.611788099371781,47746.482927539975,40906.10222924064
Sm0.12Co0.87Cu0.01,5.7641129960981,5.49678876392512,580915.5422850705,313898.15562981274
Sm0.167Al0.2Co0.633,6.425834943014489,5.873202379410513,2665845.2967876494,746796.6814657315
Sm0.167Co0.833,4.900790135977644,5.09237945101366,79577.47154590007,123702.77751585639
Sm0.2Gd0.8Zr1.875Fe1.875Co1.875Cu1.875,5.864577963323199,5.759011506745853,732112.7382222797,574131.6737746248
Sm0.3Ti6Fe2.9Co0.1Bi10.7O33,5.491854743004143,5.398724680562486,310352.13902900985,250452.10174926883
Ce0.3Sm0.3Zr0.4Fe10Si2,5.616793479612443,5.139778768115249,413802.8520386798,137968.1268695492
Sm0.4Ti6Fe2.9Co0.1Bi10.6O33,5.792884738668124,5.204221694419974,620704.2780580198,160037.47638698271
Pr0.6Sm0.4Fe0.9Co3.04Cu0.06B1,5.5135739926973795,5.852209113309395,326267.63333819027,711556.0462640689
Pr0.6Sm0.4Co5,6.1952563621392365,5.925872540528712,1567676.1894542298,843087.2869010753
Sm0.5Gd0.15Dy0.2Er0.15Zr0.18Fe1.44Co5.004Cu0.576,5.925686096085129,5.556628641480812,842725.4236710817,360270.44956487
Sm0.5Gd0.2Dy0.1Er0.2Zr0.18Fe1.44Co5.004Cu0.576,5.744022914075653,5.708534099089526,554654.9766749225,511133.2096252381
Pr0.5Sm0.5Fe0.9Co3.04Cu0.06B1,5.976337097370174,5.846363821518011,946971.9113962095,702043.1747762909
Sm0.5Y0.5Co5,6.278753600952829,5.49922719235804,1899999.9999999995,315665.5531895081
Sm0.5Y0.5Mn0.42Fe0.58O3,4.829784778720074,5.008672825265258,67574.80151263191,102017.06509649962
Sm0.67Gd0.22Dy0.11Zr0.200088Fe1.59594Co5.50242Cu0.64314,6.2788244584349755,5.787426811671318,1900310.0205160938,612952.4872490603
Sm0.6Gd0.3Dy0.1Co5,6.02464177694473,5.696362958800697,1058380.371560471,497007.518742042
Sm0.6Gd0.4Co5,5.938216633918267,5.8893740326609585,867394.4398503094,775129.0841592454
Pr0.4Sm0.6Fe0.9Co3.04Cu0.06B1,6.220936422088697,5.936063860480222,1663169.155309309,863105.4530784491
Pr0.4Sm0.6Co5,6.156544922620688,6.025272120931969,1433986.0372571175,1059917.6420500719
Sm0.6Zr0.4Fe2.25Co0.75,5.745888175991901,5.768094263594949,557042.3008213006,586265.3995801576
Sm0.74Zr0.26Ti1Fe8.8Co2.2,5.563547967659217,5.455783182797897,366056.3691111398,285616.42757624417
Sm0.75Zr0.25Ti1.4Fe9.2Co2.3,5.69284691927723,5.60871643134133,492999.9999999997,406178.0322861496
Sm0.75Zr0.25Ti1Fe8.8Co2.2,5.325671772608711,5.587385593598793,211676.07431209422,386710.16997051716
Sm0.75Zr0.25Ti1Fe8.8Co2.2,5.413299764081252,5.587385593598793,259000.00000000006,386710.16997051716
Sm0.75Zr0.25Ti1.2Fe8.8Co2.2,5.605305046141109,5.5817943690967855,402999.9999999997,381763.4696601089
Sm0.75Zr0.25Ti1.4Fe8.8Co2.2,5.684845361644412,5.578570523547179,483999.9999999998,378940.0634911636
Sm0.75Zr0.25Ti1.4Fe9.6Co2.4,5.665580991017953,5.586505709752114,463000.0000000002,385927.4854233922
Sm0.75Zr0.25Ti1.4Fe10Co2.3,5.626340367375042,5.586517159366491,422999.99999999994,385937.66003835364
Sm0.75Zr0.25Ti1.4Fe9.6Co2.3,5.706717782336759,5.577239810724863,509000.0000000005,377780.73804766807
Pr0.3Sm0.7Fe0.9Co3.04Cu0.06B1,6.258724982978097,6.22421499390724,1814366.3512465185,1675772.2479754987
Sm0.7Zr0.3Fe2.25Co0.75,5.792884738668124,5.864688367092205,620704.2780580198,732298.8752414784
Sm0.7Zr0.3Fe10Si2,5.934213891464593,5.360501232764035,859436.6926957202,229351.31406765216
Sm0.8Lu0.2Zr0.2Co6.8,5.675274120888021,5.777480492417282,473449.99999999965,599074.0288781438
Pr0.2Sm0.8Fe0.9Co3.04Cu0.06B1,6.532233904990815,6.018186375112727,3405915.782164518,1042764.8302369851
Sm0.8Zr0.2Fe3.5Co1.5,5.57748374560251,5.838440692526271,377992.98984302516,689351.4485609747
Sm0.8Zr0.2Ti0.8Fe9.2,5.572887993913361,5.476730436447748,374014.11626573006,299730.15373640734
Sm0.95Er0.05Fe1O3,5.625066005578432,4.778956102089303,421760.5991932696,60111.297470954036
Sm0.972Gd0.028Al2,7.201820131641625,5.452707110571666,15915494.309180016,283600.5773037932
Sm0.98Ga0.25Fe8.77N1,5.814247595731921,5.520777562309991,652000.0000000006,331724.5108076113
Sm0.98Gd0.02Al2,5.468991860044639,6.348993288261125,294436.64471983025,2233537.704690644
Sm0.99Ti1Fe11,5.60836031207558,5.246127497035407,405845.10488408984,176249.33905411212
Sm0.99Gd0.01Al2,5.468991860044639,6.148432919272757,294436.64471983025,1407449.81816452
Fe2CoO4,4.878513741266492,5.019690347635348,75598.59796860504,104638.22105352614
Sm1.06Ti1V1Fe10,5.9421828211358685,4.96674937929956,875352.1870048996,92629.51269009153
Sm1.1Nb0.1Fe9.5N1,6.02464177694473,5.71330844950505,1058380.371560471,516783.27458476595
Sm1.2Ho0.8Fe17,4.041392685158225,5.321994199612129,11000.000000000007,209891.18506075648
Sm1.2Ho0.8Fe17H4.4,4.041392685158225,5.150054405845339,11000.000000000007,141271.45100604164
Sm1.2Ho0.8Fe17N2.4,4.01473348828448,5.5475484409675095,10345.071300966993,352816.1373420507
Sm1.3Zr0.27Fe9.6Co2.4,5.502850127305606,5.6987200822342405,318309.8861835997,499712.349321679
Sm1.4V2Fe10,4.900790135977644,5.373550349965958,79577.47154590007,236347.1392518435
Sm1.5V2Fe10,4.900790135977644,5.648711947385943,79577.47154590007,445360.75791912427
Sm1.6V2Fe10,5.845272808127812,5.1581039139947515,700281.74960392,143914.28819539424
Sm1.7Ti1Ga1Fe8Co2,5.599760140313663,5.690579136972158,397887.35772950033,490432.3810486154
Sm1.7V2Fe10,5.9260960012424135,5.5257953466237595,843521.1983865394,335579.4412691766
Sm1.8V2Fe10,5.377911390697306,5.61546896322622,238732.4146376998,412542.7537726168
Sm1.9V2Fe10,5.377911390697306,5.725633240717723,238732.4146376998,531659.0864804637
Sm10.2Nb4Fe85.8,5.7160033436347994,5.723052622377753,520000.00000000035,528509.2860459419
Sm11Mn29.6667Fe29.6667Co29.6667,5.53425859155723,5.53655175036044,342183.12764737004,343994.6992122305
Sm11Mn6.675Fe6.675Co75.65,5.706970109961531,5.7429418311458384,509295.8178937599,553275.9991644975
Sm11Fe17.8Co71.2,5.502850127305606,5.586361980326735,318309.8861835997,385799.7841508514
Sm11.6Zr7Fe15.7Co60.7Cu1B4,6.160861523962718,5.992205576350717,1448309.9821353795,982212.7703268991
Sm11Zr2Fe17.4Co69.6,5.641152825471887,5.755559267657009,437676.09350244974,569585.9495486936
Sm12.5Fe8Co66.5Cu13,5.457092636744931,5.80717014003113,286478.89756524,641460.82727881
Sm12.5Zr2Co85.5,6.223009430711563,5.716562801202002,1671126.902463899,520670.2949441192
Sm12.5Zr1Co86.5,5.990695247417041,5.4916530556834795,978802.9000145692,310208.0442688351
Sm12Zr3Fe24Co55Cu6,5.229373585691846,5.91073572667253,169579.59186431303,814208.6776371635
Sm12Zr3Fe20Co59Cu6,5.24321281679985,5.722341729031518,175070.43740097995,527644.8808629443
MasterSm12Zr3Fe20Co59Cu6,6.225072591275336,4.612654156104438,1679084.6496184894,40987.75731337319
Sm12Zr3Fe20Co59Cu6,6.338540698798032,5.722341729031518,2180422.720357662,527644.8808629443
Sm6Co30Cu13B,5.803880122969587,5.78029699516931,636619.7723671995,602971.7913826482
Sm12Zr7Fe16Co60CuB4,6.1608973159890486,6.024875069035089,1448429.3483426997,1058949.0596484984
Sm12Zr7Fe4Co71CuB5,6.190824747340161,5.986972813837505,1551760.6951450494,970449.2167248708
Sm12Ti7Co81,4.698970004336019,5.848362122058757,49999.99999999999,705280.8989624078
Sm12V15Fe73,5.9260960012424135,5.587244379581845,843521.1983865394,386584.4487801892
Sm12V11.5Fe76.5,5.5135739926973795,5.733607591311891,326267.63333819027,541511.384295682
Sm13.94Zr4.06Fe12.34Co69.67,6.136318582885193,5.913768416893431,1368732.5105894806,819914.2168396037
Sm15Zr7Fe16Co57CuB4,6.061573693936282,5.97153955765007,1152321.5767204047,936568.5232178182
Sm3Fe2Co14B,6.088564591141629,6.026386832060839,1226209.2590507737,1062641.645300085
Sm16.7Fe25Co48.3Cu8.3B1.7,5.377911390697306,6.046782516961649,238732.4146376998,1113736.6644446938
Sm17Fe16.6Co66.4,5.798417227268085,6.004756624537724,628662.0252126099,1011012.731315227
Sm17.24Fe8.28Co66.2Cu8.28,6.419304075855531,5.972595473767538,2626056.5610146997,938848.4071107802
Sm17Co83,6.502850127305606,4.645768563578867,3183098.8618359976,44235.25789432165
Sm2Zr4.25Fe4.25Co4.25Cu4.25,6.357286731514121,5.714329805247051,2276600.000000002,518000.0542717988
Sm2Zr4.25Fe4.25Co4.25Cu4.25,6.104910118633568,5.714329805247051,1273239.5447343993,518000.0542717988
Sm2Zr4.25Fe4.25Co4.25Cu4.25,6.313250683407605,5.714329805247051,2057077.6394615164,518000.0542717988
Sm2Ti0.68Fe1.53Co14.79,5.599760140313663,5.6676283238162455,397887.35772950033,465187.80792996753
Sm2Mn1.7Fe1.7Co13.6B0.5,5.648978162983844,5.882131664957908,445633.8406570398,762310.0843687141
Sm2Zr17Fe17(CoCu)17,5.892016211670138,5.610779774193654,779859.2211498196,408112.3846912489
Sm2Ti8.5Fe8.5N3,5.850180142622556,5.036089076209128,708239.4967585099,108664.84783971166
Sm2Fe10.88Co6.12N2.06,5.480573732594454,5.321269669717943,302394.3918744202,209541.31725365756
Sm2Fe11.9Co5.1,6.15606264108095,5.473579931920188,1432394.4878261995,297563.68745942216
Sm2Fe14.11Co2.89N2.06,5.502850127305606,5.549619226023207,318309.8861835997,354502.43779139617
Sm2Mn0.85Fe14.28Co1.87N5.2,5.855032645416968,5.377444862035782,716197.2439130998,238476.10073341153
Sm2Mn0.0517Fe0.95N5,6.017033339298781,5.168468834764751,1040000.0000000009,147390.27690226852
Sm2Mn0.85Fe16.15N5.5,5.745888175991901,5.435012624033096,557042.3008213006,272278.0452465911
Sm2Fe15.3Co1.7N2.9,5.946113114764301,5.605159302410824,883309.9341594892,402864.78099183936
Sm2.2Mn1.7Fe1.7Co13.6,5.840309388596262,5.778253115605856,692324.0024493302,600140.7485111677
Sm20.8Zr1.6Fe7.9Co63.4Cu2.4B4,5.968482948553935,6.107610283042239,929999.9999999993,1281180.3911701785
Sm2TiFe7,6.602358121033571,5.771994370589115,4002746.818758773,591553.9662863842
Sm24.6Hf1Zr1.3Fe17.4Co50Cu5.7,5.569373909615046,5.805962909179784,371000.0000000002,639680.2014093826
Sm24.6Zr2.3Fe17.4Co50Cu5.7,5.281033367247727,5.980892573121737,190999.99999999985,956957.329502085
Sm25Zr3Fe23.5Co42.9Cu5.6,5.869273084531579,5.951419273163073,740070.4853768701,894168.3081112665
Sm25Zr3Fe21.5Co44.9Cu5.6,6.269077020879775,5.795155802598805,1858133.960596765,623958.6397119941
Sm26Ti9Fe65,6.775851399369344,5.128883178678813,5968310.365942507,134549.83783757177
Sm7Fe18,3.392151829811916,5.783921789816868,2466.9016179228993,608025.4947816049
Sm2Si3Ag,5.803880122969587,5.933702942366268,636619.7723671995,858426.1567468423
Sm2Co17,6.352182518111363,5.135330607868605,2250000.000000001,136562.23247463242
Sm2Fe13.5Cu1.5Si2C1,6.008000105625512,5.642822673390784,1018591.6357875199,439362.18300806236
Sm2Al1.5Fe14.9Mo0.6C1.5,6.037510703134051,5.83482833600235,1090211.3601788308,683641.3702865337
Sm2Ga3(Fe7C)2,6.008000105625512,4.862212265251484,1018591.6357875199,72813.56002656044
Sm2NbFe14Si2C,5.678941386361287,5.8410848031572105,477464.8292753997,693561.2220574332
Sm2ZrFe14Si2C,5.599760140313663,5.870453198140905,397887.35772950033,742084.2225282222
Sm2Cr2Fe15C2,6.021364067183494,5.596071308373747,1050422.6244058802,394522.07475660404
Sm2Ga2Fe15C1.5,6.01473348828448,5.827220196922603,1034507.1300966993,671769.3685447343
Sm2Ga2Fe15C2,5.990695247417041,5.018813272061022,978802.9000145692,104427.11310333834
Sm2Fe15Si2C,5.814603988361361,5.7768324615924795,652535.2666763806,598180.7894797465
SmFe6O,3.8038801229695873,5.040611605159168,6366.197723672001,109802.34244929478
Sm2Fe17N2.7,4.900790135977644,5.744371794771724,79577.47154590007,555100.7252822384
Sm2Fe17N2.85,5.79546289439038,5.282721769723714,624400.0000000002,191743.99413343228
Sm2Fe17N3,5.5135739926973795,4.370009982326205,326267.63333819027,23442.82698403053
Sm2ZnFe17N30,5.977723605288848,4.717396682046491,949999.9999999997,52167.09847937197
Sm2ZnFe17N3,5.8061799739838875,5.678909231268256,640000.0000000005,477429.4791655226
Sm2Fe17N,1.0530784434834197,5.470783646967508,11.299999999999999,295653.92367228336
Sm2Gd10.5Zr2.5Fe8Co64Cu13,5.883061369017212,5.806010177052187,763943.72684064,639749.8269028979
Sm2Mo2O7,5.2987301446496815,4.624803568969349,198943.67886475014,42150.58135807307
Sm2Ge5Ru3,4.502850127305606,5.229874197401855,31830.988618359974,169775.17914492908
Sm8Co17,5.950008158647825,5.6027749512012255,891267.6813140797,400659.04470779735
Sm8Fe17,3.5909862160061574,5.652371783102382,3899.296105749101,449129.70838884485
Sm3Fe0.5Co10.5B4,6.672097857935718,6.143382636653627,4700000.000000006,1391177.79341836
Sm3Fe(Co5B2)2,6.204119982655925,6.3368974154742785,1600000.000000001,2172188.026596153
Sm3Co11B4,6.556302500767288,5.728194854289981,3600000.0000000033,534804.2554437327
Sm3V2.3Fe26.7N4,5.775851399369344,5.463274028445087,596831.0365942506,290585.5594918849
Sm5Fe0.5Co18.5,6.5196746209730945,6.211499642086574,3308831.2668785257,1627419.9744423735
Sm5Nb0.5Co18.5,6.5264112174025515,6.019578844451255,3360556.623383358,1046113.5910235988
Sm5Co18.5Ni0.5,6.576110119316936,6.175671374058302,3767993.2776983646,1498550.469427558
Sm5Co19,6.4661656386917175,5.882496916014242,2925267.8540272852,762951.4733173511
Sm6.2Nb2.7Fe66.4Co16.4B8.3,5.816241299991783,5.70184029380128,655000.0000000001,503315.4869680896
Sm6.2Nb2.7Fe68.7Co16.4B6,5.732393759822968,5.777077598524576,539999.9999999995,598518.5271249961
Sm6.7Nb2.7Fe65.9Co16.4B8.3,5.841984804590114,5.772521352085616,694999.9999999997,592272.2052197651
Sm7.5Y2.5Fe80Si10,4.377911390697306,5.452305790533815,23873.241463769984,283338.6305629868
Sm7.5Y2.5Fe90,3.6789413863612874,5.192761261403666,4774.648292754002,155869.5427563282
Sm7.7V20Fe72.3,5.965248125204562,5.470611705916526,923098.6699324402,295536.89482023666
Sm7.8Zr3.5Fe84.7Co4,5.851154990353766,5.607292863631073,709831.0461894274,404848.80680133746
Sm8Ti8Al2V8Ga0.5Fe69.825Co3.675,5.641152825471887,5.485733856001142,437676.09350244974,306008.75785341987
Sm8.5Zr1.2Nb1.2Fe84.6Co4.5,5.8874485002499535,5.798109364708805,771699.9999999997,628216.537357137
Sm8.5Zr1.2Fe85.8Co4.5,5.7990647193510085,5.608641238149667,629600.0000000006,406107.7132282978
Sm8Zr7Fe16Co64CuB4,5.6396895544222225,5.926407684101688,436203.9102788506,844126.7908475021
Sm4Co37B9,5.641152825471887,5.398154870851483,437676.09350244974,250123.7152136731
Sm2V5Fe18,5.855032645416968,5.723568915588514,716197.2439130998,529137.9562789701
Sm8Ti5Al2V8Ga0.5Fe73.5,5.678941386361287,5.297479576477602,477464.8292753997,198371.63666152765
Sm4ZrFe43Co2,5.615119895722876,5.610370134646029,412211.30260776164,407727.622369167
Sm2Fe22Co,5.046918171655881,5.348352548629574,111408.46016425992,223024.48676858793
Sm1In0.4Ag0.6,6.855032645416968,5.652614216754543,7161972.439130997,449380.4934127713
SmCo,6.0948203803548,5.264409630236444,1243999.9999999988,183827.13990683694
MagnetSmCo,6.373546585294856,5.41197255691664,2363450.9049132317,258209.70226790244
SmCo10,5.419304075855531,5.016120554316491,262605.65610147,103781.64597510772
SmFeCo104,5.4322690530198985,5.08311734851,270563.40325605986,121092.52873314798
Sm1V1.5Co10.5,6.19037908852024,5.847432920044664,1550169.1457141312,703773.5165802025
Sm(VCo5)2,6.215078796925141,5.836718690908887,1640887.4632764568,686623.5436984845
Sm1V0.5Co11.5,5.6403624804277355,5.665538673922068,436880.31878699095,462954.888073202
SmVCo11,5.970088148093173,5.7447917933616806,933443.741233407,555637.8131374003
SmCo12,5.49296689337351,5.355510936771685,311147.9137444689,226731.01737524642
Sm1Fe1.5Co2.5B1,6.2987301446496815,6.293255231042934,1989436.7886475013,1964514.4655028647
Sm1Fe1Co2.94Cu0.06B1,6.600627861844889,6.198265042821735,3986831.324449587,1578574.3539112075
SmCo2Cu3,6.524039426375544,5.56604220323896,3342253.8049277985,368164.74888397136
SmCo3,6.419304075855531,5.50118986717002,2626056.5610146997,317095.34543397516
Sm1Co3.5Cu0.5,6.307330316411599,6.207456076550915,2029225.5244204493,1612337.9512954843
Sm1Ga0.04Co4.5Cu0.3Sn0.16,6.322394062847475,5.957421882595501,2100845.248811761,906612.8756718078
Sm1Fe0.25Co4.75,6.332153900136631,6.037577585388238,2148591.7317393,1090379.2679262885
Sm1Co4.7Sn0.08,6.40823996531185,6.017333524937474,2560000.000000003,1040719.0995891163
SmCo4B,6.544242812463831,5.775513169711948,3501408.7480195994,596366.4040028206
SmCo4Cu,5.745888175991901,6.138685270555392,557042.3008213006,1376211.7786880985
SmFeCo4,5.909390307739561,5.997657212621541,811690.2097681798,994620.0567168278
SmFeCo55Ni,5.181823503225371,5.204345949525478,151992.970652669,160083.27093264027
SmFeCo5Ni,5.302190676759188,5.832949764814804,200535.22829566803,680690.6181192623
SmCo5Cu,6.027894934342451,5.936805238281041,1066338.1187150602,864580.1061799158
SmCo5Sn,6.14876340233945,5.792166750716651,1408521.2463624305,619678.9599221164
Sm1Co5.67,6.143828184663938,5.496230364067404,1392605.7520532513,313494.81629142986
Sm1Mn0.5Fe0.5Co5.7Cu0.3,6.179543736930473,5.992569597111389,1511971.9593721011,983036.395176009
SmFeCo5,6.066924106282753,6.003911812848005,1166605.7328628935,1009047.96958438
Sm1Mn0.6Cr0.3Co6.1,6.136318582885193,5.9312149218572445,1368732.5105894806,853522.3971543948
Sm1Co6.25B0.5,5.73329904868388,5.85738966334292,541126.8065121197,720094.7810465352
Sm1Hf0.125Co6.25B0.375,5.814603988361361,5.91112746723421,652535.2666763806,814943.4382065978
Sm1Hf0.375Co6.25B0.125,5.8352885872212115,5.911993990221863,684366.2552947402,816571.0715490563
Sm1Hf0.5Co6.25,5.792884738668124,5.892968841864281,620704.2780580198,781571.7292923715
Sm1Mn0.3Fe0.5Co6.2,6.289424105329433,5.887755482851017,1947260.7287281721,772245.6717253183
Sm1Mn0.5Co6.2Cu0.3,6.289424105329433,5.9425208121669835,1947260.7287281721,876033.6977261372
Sm1Hf0.125Co6.375B0.25,5.913627360682816,5.872664650026978,819647.9569227704,745872.5941697704
Sm1Hf0.25Co6.375B0.125,5.976337097370174,5.876121210036087,946971.9113962095,751832.6985552664
Sm1Zr0.4Co6.3Si0.3,6.142702245737616,5.949684456921213,1389000.0000000012,890603.6217706822
Sm1Ti0.25Co6.45Cu0.6,5.625066005578432,5.904367610217682,421760.5991932696,802356.934112458
Sm1Ti0.3Co6.4Cu0.3,6.2987301446496815,5.935740956927147,1989436.7886475013,862463.9615414769
Sm1Ti0.3Co6.4Cu0.6,5.8092751548562935,5.922781801465625,644577.5195217902,837108.5957745266
Sm1Zr0.3Co6.4Si0.3C0.2,6.197831693328903,5.906962502265799,1576999.999999999,807165.3351936595
Sm1Zr0.3Co6.4Si0.3,5.946452265013074,6.004456854278727,884000.0000000009,1010315.1240741506
Sm1Co6.6Mo0.4,4.671642147619788,5.269826999226923,46950.708212081,186134.5523832069
Sm1Nb0.4Co6.6,6.042553366253432,5.854712505565484,1102943.7556261746,715669.4941911644
Sm1Zr0.4Co6.6,5.338456493604605,6.0225817572968205,218000.00000000012,1053371.9690388185
Sm1Co6.7Mo0.3,4.678941386361287,5.046795751390066,47746.482927539975,111377.06043020061
Sm1Nb0.3Co6.7,5.961487976331255,5.664051436759945,915140.9227778492,461372.2151039933
Sm1Ti0.3Co6.7,6.179543736930473,5.748499074347956,1511971.9593721011,560401.2229278933
Sm1Zr0.3Co6.7,6.193124598354462,5.844577011827967,1560000.0000000016,699160.7053421458
Sm1Co6.8Mo0.2,4.590986216006157,5.084490623677586,38992.961057490975,121476.039377819
Sm1Zr0.2Co6.8,6.03181227133037,5.996730768488997,1075999.9999999993,992500.5783080936
Sm1Hf0.1Co6.9,5.9977001489857,5.5880103795842295,994718.3943237505,387266.90044188173
Sm1Co6.9Mo0.1,4.524039426375544,4.980204833452771,33422.53804927799,95544.3111125019
SmCo7,5.913627360682816,5.683272709847583,819647.9569227704,482250.52582010016
Sm1Zr0.1Co7.6,4.201820131641625,5.705288548961962,15915.494309180018,507327.6691576257
Sm1Co7.7,3.9007901359776436,5.336850442048874,7957.74715459,217195.30947731447
SmCo8,5.377911390697306,4.8106391977429785,238732.4146376998,64660.52072306875
SmZrFeCoCu,6.502850127305606,5.794175398928805,3183098.8618359976,622551.6649410656
SmCrO3,6.091121834147935,5.011981161701675,1233450.8089614494,102797.17070517504
SmTiCrO5,4.745888175991901,4.592947574104933,55704.23008213006,39169.45908081406
SmMnCu4,4.745888175991901,5.5488918261278695,55704.23008213006,353909.1785668336
SmFe10,5.905111509760286,5.329885147669808,803732.4626135901,213739.6764654224
Sm1Ti1.2Fe10.8B0.2,5.678941386361287,5.602640535023404,477464.8292753997,400535.05804366444
Sm1Ti1.2Fe10.8B0.4,5.678941386361287,5.640953554096379,477464.8292753997,437475.31657634146
Sm(Fe5Si)2,5.3479481673198626,5.370110888842206,222816.92032851986,234482.74460171818
Sm1Ti0.5V1.5Fe10,-0.13076828026902382,5.566809625833397,0.74,368815.89168181113
Sm(VFe5)2,5.468991860044639,5.500801632921614,294436.64471983025,316812.0071250098
SmTiFe11,5.15606264108095,5.524907836065279,143239.44878261996,334894.3619080369
SmVFe11,5.468991860044639,5.360119034111241,294436.64471983025,229149.56339654786
Sm1Ti0.8Fe4.2,6.29524181680386,5.986023655745769,1973521.2943383204,968330.5991801369
Sm1Ti0.6Fe4.4,5.909390307739561,6.098579604255677,811690.2097681798,1254814.718762319
SmFe7N,6.544242812463831,5.1719750200136465,3501408.7480195994,148585.01758900617
Sm1Fe8.5,6.050009248633024,5.427807888748039,1122042.3487971905,267798.34500848094
Sm1Fe8.7Mo0.3C1,5.8352885872212115,5.666312512725261,684366.2552947402,463780.5301974916
SmFe9,5.486250865486144,5.5293570807384675,306373.26545171486,338342.9103861933
Sm1Fe9.5N1,5.803880122969587,4.8675985914088775,636619.7723671995,73722.2516992268
Sm1Nb0.1Fe9.5N1,5.859831528298737,5.690402523041765,724154.9910676896,490232.9781453814
Sm1Ti0.5Fe9.5,6.131239057355917,5.497999212031526,1352817.016280299,314774.2602943819
Sm1Fe9.6Co2.4,5.502850127305606,5.166996385129146,318309.8861835997,146891.40510167493
SmTiFe9Co2,5.678941386361287,5.520912303805318,477464.8292753997,331827.4455510112
SmTaFeN,6.107209969647869,4.661992280933968,1280000.0000000012,45918.98512128316
SmNi4B,6.7458881759919,4.934310121191243,5570423.008212995,85962.71453142093
Sm(Sb3Os)4,3.298730144649681,4.603624998050004,1989.4367886474993,40144.40247124862
SmPd,5.979971382025268,4.868131374786491,954929.6585507995,73812.74811229782
SmTiCoCu,6.603220672423169,5.9022746332657885,4010704.565913361,798499.4719341571
SmFeN,5.886665493286038,4.610605432965998,770309.9245643127,40794.8586766541
Fe0.4Sn0.6O2,4.803880122969587,3.8356108257554147,63661.977236719955,6848.742309257859
Cr0.05Fe0.05Sn0.9O2,3.5997601403136623,4.334711863947059,3978.8735772949994,21612.841271793408
Cr0.05Sn0.95O2,4.2987301446496815,5.0137073433695765,19894.36788647501,103206.56965773174
Fe0.05Sn0.95O2,4.377911390697306,4.841329438751706,23873.241463769984,69395.20111761664
Fe0.03Sn0.97O2,5.7575794247309595,4.234086922788002,572241.5978865664,17143.003854521754
Mn0.03Sn0.97O2,5.76837546252468,4.304345517380103,586645.1202363747,20153.269724471924
Ni0.03Sn0.97O2,4.844576391850339,5.253321698258564,69915.97072551228,179193.27145113857
Co0.1Sn0.9O2,3.9007901359776436,4.7654307389478365,7957.74715459,58268.084175648
Co3(SnS)2,4.803880122969587,4.367627139772499,63661.977236719955,23314.555493362863
Sr1Co1.8Ni0.2As2,5.599760140313663,4.125001448068202,397887.35772950033,13335.258785315895
SrAl6Fe6O19,5.720334071519512,5.163090015253998,525211.3122029401,145576.0781622758
Sr1Ti0.5Mn0.5Fe11O19,0.5118833609788744,4.176078226300055,3.2500000000000004,14999.5498713216
SrTiMnFe10O19,0.1670217957902565,2.6954769489292625,1.469,495.99460076616487
Sr1Ti1.5Mn1.5Fe9O19,-0.09151498112135023,2.0885787537962033,0.81,122.62492472662905
SrTi2Mn2Fe8O19,-0.09366495819490933,2.1637052963660808,0.806,145.78246736060734
Sr1Nd0.05Zn0.05Fe11.9O19,5.504226827928078,5.235097249787275,319320.5200722326,171829.3114430892
Sr1Zr0.5Zn0.5Fe11O19,5.193312020551784,4.929314022339767,156067.33719581898,84979.4708190579
SrZrZnFe10O19,4.464627054642189,4.636484303740291,29149.22782726318,43299.64181100799
Sr0.2Ca0.35La0.45Fe11.65Co0.35O19,5.2987301446496815,5.2793043910906725,198943.67886475014,190241.1186865485
Sr0.2Ca0.5La0.3Zn0.25Fe11.75O19,5.185258765296585,5.272945622552404,153200.00000000006,187475.97571388632
Sr0.2Ca0.4La0.4Al0.4Fe9.35Co0.25O19,5.276453749938529,4.927096392625429,188996.49492151258,84546.64775004469
Sr0.2Ca0.4La0.4Al0.2Fe9.55Co0.25O19,5.193489139021573,5.199444507069394,156130.9991730558,158286.7299440912
Sr0.2Ca0.4La0.4Fe9.75Co0.25O19,5.127647706266367,5.263393293762228,134167.6170263873,183397.4503867471
Sr0.2Mn0.1Fe2Co0.7O4,4.1930462073341195,4.427020493532824,15597.184422996394,26731.32545741595
Sr0.3Ca0.25La0.45Fe11.65Co0.35O19,5.398962796614187,5.289455512553283,250589.45789803885,194740.155544279
Sr0.3Ca0.3La0.4Fe11.68Co0.32O19,5.4750898033890065,5.321115582146408,298599.99999999994,209466.9852349507
Sr0.4Ca0.15La0.45Fe11.65Co0.35O19,5.261004749272996,5.292295369734377,182391.56478320295,196017.7364228434
Sr0.4La0.6Fe12O19,5.360182623736875,5.234132302700797,229183.11805219206,171447.9523962591
Sr0.5Ca0.05La0.45Fe11.65Co0.35O19,5.238049675727919,5.332019570170389,173001.4231407865,214792.72618107035
Sr0.5Ca0.2La0.3Fe11.15Co0.25O19,5.629062733872661,5.24068813597651,425659.8952990191,174055.65422630278
Sr0.5Ca0.2La0.3Zn0.25Fe11.75O19,5.251394850040104,5.243379795479573,178400.00000000006,175137.76188293975
Sr0.54Ca0.46Al5.5Fe6.2Ni0.3O19,4.491854743004143,5.290078881540789,31035.21390290099,195019.87850439642
Sr0.54Ca0.46Al5.5Fe6.3Ni0.2O19,4.664218129540581,5.52639185490335,46154.933496622,336040.6800332036
Sr0.54Ca0.46Al5.5Fe6.4Ni0.1O19,5.604081514096305,5.795640479957083,401866.231306795,624655.3730388208
Sr0.54Ca0.46Al5.5Fe6.5O19,6.302018303475757,5.346958473370853,2004556.508241222,222309.73110418796
Sr0.55La0.45Fe11.65Co0.35O19,5.191936897709529,5.387794458316207,155573.9568722344,244227.44062922933
Sr0.55La0.4Y0.05Fe11.75Co0.25O19,5.462368504278604,5.306438883837037,289980.30631325964,202506.46092194293
Sr0.5Ca0.2La0.3Mg0.5Fe11Sn0.5O19,4.417193284425046,4.693591745425542,26133.241655673533,49384.62330621431
Sr0.5Ca0.2La0.3Mg0.4Fe11.2Sn0.4O19,4.625721050170042,4.783900101908676,42239.72189656375,60799.51318080897
Sr0.5Ca0.2La0.3Mg0.3Fe11.4Sn0.3O19,4.80922153494365,5.023140551976545,64449.79420502445,105472.81858887548
Sr0.5Ca0.2La0.3Mg0.2Fe11.6Sn0.2O19,4.962242615064837,5.195616030880691,91673.24722087684,156897.50262777146
Sr0.5Ca0.2La0.3Mg0.1Fe11.8Sn0.1O19,5.147239474244688,5.270770960976619,140358.74431265838,186539.56555813728
Sr0.5Ca0.2La0.3Fe12O19,5.25187104544066,5.338388215915323,178595.71939046355,217965.72978265365
Sr0.5Ca0.3La0.2Fe11.84Co0.16O19,5.402605241919915,5.334449242107767,252699.99999999994,215997.75740123808
Sr0.5Ca0.5Fe12O19,5.665936926085669,5.4219753744803185,463379.6168117757,264225.8930771586
Sr0.5Ca0.5Al5Fe7O19,6.457092636744931,6.145665773039091,2864788.9756523995,1398510.6340937226
Sr0.5Fe2Co0.5O4,4.340911739165447,4.529174734799453,21923.59341089544,33820.08811683654
Sr0.5La0.05Fe11.95Co0.5O19,5.4618915196266995,5.282062670788415,289661.99642707594,191453.2181315927
Sr0.5Fe12Co0.5O19,5.278096387045842,4.395093227440209,189712.69216542548,24836.66202080097
Sr0.5La0.15Fe11.85Co0.5O19,5.683835708092337,5.427429313591557,482876.0973405217,267565.0065017945
Sr0.5La0.2Fe11.8Co0.5O19,5.747436464554761,5.336617603211953,559031.7376099477,217078.89549718972
Sr0.5Nd0.5Fe10.5Co0.5O19,5.5188382326897365,5.140364980305427,330246.50691548514,138154.48246666716
Sr0.65Pr0.35Mn1O3,3.377911390697306,4.756371173918329,2387.3241463770005,57065.177690599485
Sr0.65La0.3Y0.05Fe11.75Co0.25O19,5.44659189313692,5.368289161441806,279635.2350122925,233501.22399300337
Sr0.6667Ca0.3333Al5.5Fe6.5O19,6.457092636744931,5.379640166280552,2864788.9756523995,239684.6194543475
Sr0.6667Ca0.3333Al5Fe7O19,6.403217255962076,6.178946694146717,2530563.595159619,1509894.8163931137
Sr0.67Ca0.33Al4Fe8O19,6.229169739416381,6.036327433606669,1695000.1439276694,1087245.0362734785
Sr0.67Ca0.33Al2.5Cr0.5Fe9O19,6.051152522447381,5.527023143494528,1125000.0000000002,336529.5025095849
Sr0.67Ca0.33Al3Fe9O19,5.9810026899414,5.767450642274662,957200.0000000009,585397.2019355629
Sr0.67La0.33Zn0.1Fe11.7Co0.2O19,5.419435660307955,5.315634036185345,262685.2335730158,206839.7652412813
Ba0.4Sr0.6Mn1O3,4.03112390447265,4.567018782295181,10742.958658696498,36899.35563967436
Sr0.6Ca0.4Fe12O19,5.642493119935383,5.4105311639024,439028.9105187302,257354.142879507
Sr0.6Zn0.8Fe16Co0.4Ni1.2O27,4.887561870243888,4.585218217236609,77190.14739952298,38478.5074033749
Sr0.6La0.4Fe11.6Co0.4O19,5.4361626470407565,5.191824309548719,273000.0000000003,155533.63051265446
Sr0.6Nd0.4Fe10.6Co0.4O19,5.571035989051768,5.315248324577723,372422.5668348121,206656.14540658033
Sr0.7La0.3Zn0.25Fe11.75O19,5.200850498091078,5.28640451752449,158800.0000000001,193376.86602223606
Sr0.75La0.25Fe10.4Cu0.2O19,5.309630167425899,5.313407357281362,204000.0000000002,205781.98742278467
Sr0.75La0.25Fe11Cu0.2O19,5.363611979892144,5.30601293454234,230999.99999999983,202307.9430921802
Sr0.75La0.25Fe11.2Cu0.2O19,5.387745659608863,5.289694007991958,244199.9999999998,194847.12764678508
Sr0.75La0.25Fe11.75Cu0.25O19,5.43986623477042,5.298334046232406,275338.05154881405,198762.31493965883
Sr0.75La0.25Fe11.8Cu0.2O19,5.3656751404559175,5.352238810938102,232099.9999999999,225029.16617053546
Sr0.75La0.2Y0.05Fe11.75Co0.25O19,5.40675365399577,5.3682696202495155,255125.37377615544,233490.7177815376
Sr0.7Ca0.3Fe11O19,5.206015876763344,5.099749632086514,160699.99999999994,125819.98587296331
Sr0.7Ca0.3Fe11.4O19,5.193958978019187,5.173838887207926,156299.99999999997,149224.07215183193
Sr0.7Ca0.3Fe12O19,5.142702245737616,5.52811701763097,138900.0000000001,337378.20062550204
Sr0.7Ca0.3Fe12O19,5.624409971493107,5.52811701763097,421123.9794209031,337378.20062550204
Sr0.7Ca0.3Fe9.8O19,5.061452479087193,5.144306280217174,115199.99999999996,139413.96541722986
Sr0.7Ce0.3Zn0.3Fe11.7O19,5.15990598016271,4.852433170518588,144512.68832735452,71192.32404174993
Ce0.7Zn11.7Fe0.3O0.3,5.172863923477654,4.97849047170264,148889.44926237903,95167.89683181202
Sr0.7Ce0.3Mn1O3,5.2987301446496815,4.150868408333465,198943.67886475014,14153.648579973655
Sr0.7Zn0.6Fe16Co0.3Ni1.4O27,4.965996264031956,4.5863361468260395,92469.02193633588,38577.68359832172
La0.7Ce0.1Zn11.7Fe0.2O0.3,5.329734426013218,5.14313085061957,213665.5111007414,139037.14796502067
La0.7Ce0.2Zn11.7Fe0.1O0.3,5.313754407974306,5.22675140345732,205946.4963607891,168558.78939099764
Sr0.7La0.2Fe12O19,5.124701222849918,5.213426926577947,133260.43385076406,163465.8084061673
La0.7Ce0.3Zn11.7O0.3,5.355025031725909,5.04045032643964,226477.48401963152,109761.57404401296
Sr0.7La0.3Al0.12Fe11.63Co0.25O19,5.451874001163424,5.27406846007024,283057.0662887664,187961.3086518174
Sr0.7La0.3Al0.08Fe11.67Co0.25O19,5.4402426275271045,5.3575093606693915,275576.78396345174,227776.73357281688
Sr0.7La0.3Al0.04Fe11.71Co0.25O19,5.416399085212124,5.373861825925768,260854.95172746014,236516.70819707264
Sr0.7La0.3Fe11.7Co0.3O19,5.523746466811565,5.362839018942423,334000.00000000006,230589.22992321386
Sr0.7La0.3Fe12O19,5.4126734969565184,5.296092150362162,258626.78252417527,197738.9166044058
Sr0.7Nd0.3Fe10.7Co0.3O19,5.610060096953474,5.28444612098891,407436.654315008,192506.82043611398
Sr0.7Nd0.3Fe12O19,2.444622429442504,4.796755004067688,278.3700000000001,62626.0476450836
Sr0.7Nd0.3Fe8.4Co0.3O14.1,1.7686381012476144,3.8174462170467196,58.699999999999996,6568.197709929962
Sr0.8Dy0.2Fe11.2Ni0.8O19,5.247973266361806,4.69079142601537,176999.9999999999,49067.21696608274
Sr0.8La0.2Zn0.15Fe11.25O19,5.387567779417188,5.320153407952741,244099.99999999985,209003.4273452211
Sr0.8La0.2Zn0.15Fe11.65O19,5.411282913017384,5.319296604443311,257800.00000000006,208591.49869196038
Sr0.8La0.2Nb0.2Fe11.8O19,4.279914282048035,4.842451101535959,19050.846688088455,69574.6614179271
Sr0.8Pr0.2Al2Fe10O19,5.901180825227554,5.664240868600501,796490.9127029135,461573.50168530847
Sr0.84La0.16Nb0.16Fe11.84O19,4.71663342664091,4.746674649910113,52075.49737963694,55805.19755484563
Sr0.85Ca0.15Zn0.75Fe11.25O19,5.652454082238631,4.715455391347051,449214.82687660586,51934.432620090716
Sr0.85Fe12Co0.15O19,2.290034611362518,5.163194515622593,194.99999999999991,145611.11103711402
Sr0.85Dy0.15Fe11.4Ni0.6O19,5.195899652409234,4.981283918967366,157000.0000000001,95782.00391945442
Sr0.85Sm0.15Fe12O19,4.743336972472658,4.862540995199211,55377.96244879176,72868.69556243936
Sr0.85La0.1Y0.05Fe11.75Co0.25O19,5.370317615164658,5.341828721676834,234594.3861173134,219699.32453071157
Sr0.85Y0.15Fe12O19,5.638047202206091,5.287856345894135,434557.452392566,194024.39856756554
Sr0.88La0.12Nb0.12Fe11.88O19,4.757035536767698,4.911468510941104,57152.540064265384,81558.36500869894
Sr0.8Mn0.6Al0.2Fe11.4O19,5.563319430876616,4.860496740381297,365863.7916299986,72526.5034558249
Ba0.2Sr0.8Al2Fe10O19,5.741203642268387,5.5690987130808,551066.0327082024,370764.9853326901
Sr0.8Ca0.2Al2Fe10O19,5.557137530426185,5.650663667503329,360692.8475289465,447366.71390789124
Sr0.8Ca0.2Fe12O19,5.6322177230285915,5.397301955626166,428763.41668930906,249632.97681801347
Sr0.8Zn0.4Fe16Co0.2Ni1.6O27,5.032729431188068,4.594123799814674,107827.4739446945,39275.687856536235
Sr0.8Cu0.2Ru1O3,4.775851399369344,4.914449736432175,59683.10365942506,82120.15046404577
Pr11.8Fe0.8O0.4,5.5135739926973795,5.208420785849277,326267.63333819027,161592.345911259
Sr0.8La0.133Fe12O19,5.151795309471279,5.224407878831732,141838.88528341224,167651.66806279778
Sr0.8La0.2Fe11.8Co0.2O19,5.547774705387822,5.432105248976326,352999.9999999998,270461.3733561597
Sr0.8Nd0.2Fe10.8Co0.2O19,5.639570694462013,5.373964696210544,436084.54407153244,236572.73797393191
Sr0.8Nd0.2Fe11.9Co0.1O19,5.609635774025823,5.077672728292113,407038.7669572788,119583.90421117519
Sr0.8Nd0.2Fe9.6Co0.2O15.7,1.7524326092614742,4.90583150645355,56.550000000000004,80506.6038544122
Sr0.9Pr0.1Al2Fe10O19,5.901137432663007,5.783126184695992,796411.335231367,606912.6430485621
Sr0.9Sm0.1Fe12O19,4.210633140693714,5.294929176372557,16241.76194251819,197210.1104712702
Sr0.925Ce0.075Mn0.75Fe11.25O19,4.145858411696043,4.882454304642888,13991.311047200139,76287.66190075202
Sr0.925Ce0.075Zn0.75Fe11.25O19,5.17855745511005,4.793835414805553,150854.21703484713,62206.44958309032
Sr0.92Ca0.04Mg0.04Fe12O19,5.331348905500401,5.42248238954326,214461.28581620048,264534.54249160347
Sr0.92La0.08Nb0.08Fe11.92O19,5.006913009984298,4.968049621717188,101604.5156698051,92907.25348956005
Sr0.93Sm0.07Fe11.93Co0.07O19,5.6931818254758975,5.479053350118382,493380.32358458,301337.61741842097
Sr0.94Sm0.06Fe8Sn1O15,4.831504900617827,4.798287399523557,67842.97759174166,62847.41214329518
Sr0.95Ca0.05Zn0.25Fe11.75O19,5.63558996556649,5.111874803588473,432105.6704942367,129382.2810408338
Sr0.95Ce0.05Mn0.5Fe11.5O19,4.223278196495722,5.1462675643256155,16721.614095939964,140044.9859477684
Sr0.95Ce0.05Zn0.5Fe11.5O19,5.267058027063291,4.874466107409849,184951.57204283448,74897.29059553254
Sr0.95Dy0.05Fe11.8Ni0.2O19,5.037426497940624,5.273565654791008,109000.00000000004,187743.8220040479
Sr0.95Gd0.05Fe11.5Sn0.5O19,5.336475273919273,4.968584782419842,217007.76490566912,93021.80930300387
Sr0.95Nd0.05Fe15.5Co2Ni0.5O27,4.993826388922807,4.807185114295339,98588.5294982156,64148.29449199601
Sr0.95Pr0.05Al2Fe10O19,5.901180825227554,5.68618735624945,796490.9127029135,485497.90058489743
Sr0.95Sm0.05Fe11.95Co0.05O19,5.745888175991901,5.527966572405996,557042.3008213006,337261.3486943947
Sr0.95Sm0.05Fe12O19,5.705270325083636,5.033201407325434,507306.38110511214,107944.72079129606
Sr0.95Y0.05Fe11.68Co0.32O19,5.458898437608194,5.348618283776239,287672.55963842885,223160.99225616586
Sr0.95Y0.05Fe11.6Co0.4O19,5.397996316681598,5.225530835302512,250032.41559721789,168085.72638639144
Sr0.95Y0.05Fe11.76Co0.24O19,5.477592031806556,5.374240286046208,300325.3776142265,236722.90735228485
Sr0.95Y0.05Fe11.84Co0.16O19,5.413741215950134,5.38707156781876,259263.4022965422,243821.25807358176
Sr0.95Y0.05Fe11.92Co0.08O19,5.35548258521712,5.368762867284849,226716.21643426904,233756.05394139123
Sr0.95Y0.05Fe12O19,5.3316710824305344,5.4245052831034934,214620.4407592921,265769.5879684141
Sr0.96Ce0.04Mn0.4Fe15.6Co2O27,5.3565483390817805,4.168650573949871,227273.25873509047,14745.196820945332
Sr0.96La0.04Nb0.04Fe11.96O19,5.108155173446716,4.952491934586941,128278.88413199087,89637.9538862151
Sr0.96Zr0.04Ti0.9Ni0.1O3,4.474821403705362,4.463156631992147,29841.551829712465,29050.70203782951
Sr0.975Ce0.025Mn0.25Fe11.75O19,4.324183481112727,5.267115568406288,21095.19193210265,184976.0786100212
Sr0.975Ce0.025Zn0.25Fe11.75O19,5.553313021925497,5.030789897045876,357530.4388097121,107346.99634779488
Sr0.975Nd0.025Fe15.75Co2Ni0.25O27,5.159738543629734,4.49461881104067,144456.98409727233,31233.367484955117
Sr0.97Sm0.03Fe11.97Co0.03O19,5.6931818254758975,5.467443618045141,493380.32358458,293388.85893484316
Sr0.98Fe2.7Ru3.3O11,6.179543736930473,4.337656061234066,1511971.9593721011,21759.85821584768
Sr0.98Sm0.02Fe8Sn1O15,4.873381720748683,4.754376133309357,74710.5133861528,56803.63567621141
Ba0.1Sr0.9Al2Fe10O19,5.720051029871357,5.6420117719811484,524869.1290752928,438542.5847440553
Sr0.9Ca0.1Al2Fe10O19,5.634018707691094,5.608285877211712,430545.15627722203,405775.5519937392
Sr0.9Ca0.1Zn0.5Fe11.5O19,5.641547459285414,5.213490600642207,438073.9808601795,163489.77669469756
Sr0.9Ca0.1Fe12O19,5.648046533419788,5.377083344474863,444678.91099848953,238277.66987884138
Sr0.9Ce0.1Zn1Fe11O19,5.4751027353880115,4.654813623273707,298608.89155298134,45166.20727801676
Sr0.9Zn0.2Fe16Co0.1Ni1.8O27,5.118537209240437,4.583124813352507,131382.40552228093,38293.47804191764
Sr0.9Cu0.1Ru1O3,4.859831528298737,5.012542269141907,72415.49910676897,102930.07024028941
Sr0.9Dy0.1Fe11.6Ni0.4O19,5.133538908370218,5.14049880121566,136000.00000000012,138197.05912385293
Sr0.9La0.067Fe12O19,5.2748966447816565,5.250422015676297,188320.08641337242,178000.82520097168
Sr0.9La0.1Fe12O19,5.393550525004481,5.326404268064642,247485.93650774896,212033.3954393304
Sr0.9Nd0.1Fe10.8Co0.1O11.4,1.423245873936808,4.030596164274041,26.500000000000004,10729.912101397942
Sr0.9Nd0.1Fe10.9Co0.1O19,5.606653848261563,5.4175517608576165,404253.555453172,261548.2152609813
Sr0.9Sm0.1Fe8Sn1O15,4.764618387276218,4.780391426897075,58159.19507932107,60310.291406845914
Sr0.9Y0.1Fe12O19,5.629283519206025,5.409464754789515,425876.346021624,256722.98558657418
Sr1.15La0.05Fe16Co1.7O27,3.457574918284669,3.8838446931488333,2867.9720745142354,7653.228729689849
Sr1.1Fe12O19,4.9421828211358685,5.033367921928896,87535.21870048996,107986.11624848319
Sr1.1La0.1Fe16Co1.7O27,3.394805510734787,4.032542318265131,2482.02133751662,10778.102719264616
Sr1.2Fe15.8Co0.4Ni1.5O27,4.092939260996178,4.224638523292072,12386.23344611934,16774.07279053416
Sr1.2Fe15.8Co0.95Ni0.95O27,3.5642083482303235,4.426428200508809,3666.134114119615,26694.893988112355
Sr1.2Fe15.8Co1.4Ni0.5O27,3.342956221762364,4.371954168253806,2202.704412390513,23548.007651364434
Sr1.2Fe15.8Co1.9O27,3.626538468973192,4.04649526671685,4231.929936810962,11130.002623826493
Sr1.2Fe15.8Ni1.9O27,4.286592959302663,4.41762309461081,19346.07910752375,26159.11786163537
Sr1.5Y0.5Co1O4,5.201820131641625,5.042018536424783,159154.94309180017,110158.63261100442
Sr1.6La0.4Nb1Co1O6,3.6789413863612874,4.728773821237082,4774.648292754002,53551.76894878187
Sr1.8La0.2Nb1Co1O6,4.586531874579907,4.294453428727861,38595.07369976148,19699.419505104066
Sr1.96Ce0.04Mn0.2Fe27.8Co2O46,2.268928822432613,2.721440209714249,185.75000000000003,526.5507184969277
Sr1.96Gd0.04Mn0.2Fe27.8Co2O46,2.7210352806230325,2.7663984535225765,526.06,583.980645120965
Sr1.96La0.04Mn0.2Fe27.8Co2O46,2.1615776110488705,2.9785512827500753,145.06999999999996,951.812234222298
Sr1.96Nd0.04Mn0.2Fe27.8Co2O46,2.0457531475941413,2.763687532844151,111.11000000000001,580.346718133397
Sr1.96Sm0.04Mn0.2Fe27.8Co2O46,2.4085452213154457,2.704992699875799,256.17999999999995,506.98218625983327
Sr1.98Gd0.02Cd0.1Fe27.9Ni2O46,2.6850427233755543,4.071676025746357,484.2200000000001,11794.40470418785
Sr1.9Gd0.1Cd0.5Fe27.5Ni2O46,2.948153681102154,4.5976325263040305,887.4699999999996,39594.286959376
Sr2.55La0.45Fe24Co2O41,4.5544945714628,4.188994956863601,35850.44670614344,15452.36495760659
Sr2.7La0.3Fe24Co2O41,4.1248049473505075,4.107395820641501,13329.226483938246,12805.478775115116
Sr2.85La0.15Fe24Co2O41,4.042616030488719,3.740614134858637,11031.029105692665,5503.185280921642
Sr2Mg0.375Fe12Co1.25Ni0.375O22,4.928547340668197,4.7990235985914484,84829.58466792935,62954.038974550975
Sr2Eu0.08Fe11.92Co1.2Ni0.8O22,5.262517971995236,5.125497957898139,183028.18455556987,133505.13119850768
Sr2Mg0.3Fe12Co1.4Ni0.3O22,4.905970648481424,4.834942034151824,80532.40120445083,68382.03707977403
Sr2Eu0.06Fe11.94Co1.4Ni0.6O22,5.262517971995236,5.1502576715726,183028.18455556987,141337.586696137
Sr2Mg0.225Fe12Co1.55Ni0.225O22,4.888902976245996,4.9051813370737065,77428.87981416075,80386.16997854471
Sr2Tb0.04Mn0.4Fe11.96Co1.6O22,5.4052609984720625,4.955334978404387,254250.02158915048,90226.68023566314
Sr2Eu0.04Fe11.96Co1.6Ni0.4O22,5.262517971995236,5.1543382474372,183028.18455556987,142671.83513165492
Sr2Mg0.15Fe12Co1.7Ni0.15O22,4.881248028253744,4.880239043822856,76076.06279788038,75899.52252752778
Sr2Mg0.075Fe12Co1.85Ni0.075O22,4.878056348404936,4.960138861157189,75519.02049705904,91230.24919887006
Sr2Tb0.02Mn0.2Fe11.98Co1.8O22,5.401849398195395,5.069947023601905,252260.58480050307,117475.42465459718
Sr2Eu0.02Fe11.98Co1.8Ni0.2O22,5.262517971995236,5.033950217277126,183028.18455556987,108130.99947582139
Sr2Eu0.1Fe11.9Co1Ni1O22,5.262517971995236,4.981237020891316,183028.18455556987,95771.66128476313
SrFe6CoO11,5.1890393615496295,4.604867681290643,154539.44974213775,40259.43551673026
Sr2Mn0.1Fe11.8Co2Ge0.1O22,5.190824747340161,5.069394234139835,155176.06951450492,117325.99179673436
Sr2Mn0.2Fe11.6Co2Ge0.2O22,5.194152690689089,5.090412886330234,156369.73158769342,123143.89507629296
Sr2Mn0.3Fe11.4Co2Ge0.3O22,5.1952563621392365,5.082643393839712,156767.61894542296,120960.45000186884
Sr2Mn0.4Fe11.2Co2Ge0.4O22,5.1970164232388045,5.0595926543922936,157404.23871779031,114707.72180752558
Sr2Mn0.5Fe11Co2Ge0.5O22,5.199424919102079,4.857913060596056,158279.59090479516,72096.31384593257
Sr2NbCoO6,4.77002185570862,4.596784922931031,58887.32894396606,39517.08698458123
SrFe14NiO23,4.511450299067524,4.371755233157209,32467.608390727204,23537.223603610528
Sr2Cr0.1Fe27.9Cu0.1Ni1.9O46,4.580218032589762,4.502295562853513,38038.031398940184,31790.36855552408
Sr2Cr0.2Fe27.8Cu0.2Ni1.8O46,4.611753254972919,4.511268791477669,40902.82037459261,32454.041821752722
Sr2Cr0.3Fe27.7Cu0.3Ni1.7O46,4.6403624804277355,4.527428584504253,43688.0318786991,33684.382050296445
Sr2Cr0.4Fe27.6Cu0.4Ni1.6O46,4.554002649752987,4.604738276224366,35809.86219565498,40247.44135367479
Sr2Cr0.5Fe27.5Cu0.5Ni1.5O46,4.737746873037194,4.489430960220626,54669.722952033306,30862.48985785962
Sr2FeMoO6,3.757216908447888,4.590764714267741,5717.641330572916,38973.07868080339
Sr2FeMoO6,3.8758081336105263,4.590764714267741,7512.909088648419,38973.07868080339
Sr2Cr0.07Fe0.93Mo1O6,4.0011606810952065,4.117432770783439,10026.7614147834,13104.871619509375
Sr2Cr0.03Fe0.97Mo1O6,3.929767841186422,4.096481461364098,8506.831708256714,12487.671375962453
Sr2Cr0.1Fe0.9Mo1O6,4.112977740381601,4.072714491955183,12971.127861981695,11822.640720257481
Sr2FeIrO6,4.671642147619788,5.425389120800405,46950.708212081,266311.0094543916
Sr2FeOsO6,5.599760140313663,5.0709774570690955,397887.35772950033,117754.48490943361
Sr2La2Ni(WO6)2,3.502850127305606,4.662117449422969,3183.098861836,45932.221389680984
SrFe6CoO11,5.487377440649398,4.604867681290643,307169.0401671738,40259.43551673026
Sr2Mn0.5Fe12Co1.5O22,5.227125996906395,5.115994657484609,168704.2396773079,130615.48202437087
Sr2MnFe12CoO22,5.536273882792556,4.86780865348859,343774.67707828816,73757.91873162524
SrFe6NiO11,4.216760481434561,4.731687818200643,16472.5366100013,53912.294805869264
Sr2Fe28CoNiO46,4.682954488009329,4.388801103677184,48189.72944405066,24479.418871689057
Sr2Yb0.03Fe27.97Co1Ni1O46,4.662387243702627,4.5338623508126625,45960.76446604999,34187.1069657968
Sr2Yb0.06Fe27.94Co1Ni1O46,4.692291309890955,4.572561798117983,49236.968969594665,37373.330213777626
Sr2Yb0.09Fe27.91Co1Ni1O46,4.70017204484099,4.612534836178,50138.58172220976,40976.49770816784
Sr2Yb0.12Fe27.88Co1Ni1O46,4.727881423316405,4.636284070471956,53441.84256608011,43279.68293335806
Sr2Yb0.15Fe27.85Co1Ni1O46,4.718474474030677,4.66808171807714,52296.7227505346,46567.370776079195
Sr3Zn1.5Fe24Co0.5O41,3.6945805206684623,4.110792023694378,4949.71873015498,12906.010785054606
Sr3Zn0.5Fe24Co1.5O41,3.7617267566777373,3.8979313669861457,5777.324434232339,7905.536842767391
Sr3ZnFe24CoO41,3.737746873037194,4.052097100925,5466.972295203331,11274.495067009646
Sr3Cr2WO9,4.979971382025268,5.136681478032944,95492.96585507996,136987.66972838904
Sr3TiMnO7,3.7458881759919005,4.792642609938451,5570.423008213001,62035.831821439046
Sr4Ru3O10,6.2987301446496815,5.183458345202585,1989436.7886475013,152566.20558731476
Sr1Al0.5Fe11.5O19,5.24321281679985,5.345234557894072,175070.43740097995,221429.03016779773
SrAlFe11O19,5.237249869826173,5.373711601087775,172683.113254603,236434.90992140645
Sr1Al1.5Fe10.5O19,5.288179962316373,5.639757958723837,194169.03057199589,436272.6207393129
SrAl2Fe10O19,5.181823503225371,5.67226428182239,151992.970652669,470180.1409387319
SrAl2Fe10O19,5.792884738668124,5.67226428182239,620704.2780580198,470180.1409387319
SrAl3Fe9O19,6.128082813069783,5.749508622606082,1343021.0295329988,561705.4305041991
Sr1La0.25Sm0.25Al4Fe7.5O19,5.696743803420498,5.453508067395643,497443.54928171367,284124.09630014544
SrAl4Fe8O19,5.702649170473153,6.051279583326416,504253.78929661185,1125329.1876993384
Sr1La0.75Sm0.75Al4Fe6.5O19,5.695561810473333,5.196706145662464,496091.5280401484,157291.82291330487
Sr1La0.5Sm0.5Al4Fe7O19,5.691481952695253,5.36646863305014,491452.9572237385,232524.45388561735
Sr1Al4Fe7.2Co0.8O19,4.838809233453854,5.556393994359213,68993.66783029531,360075.84983054275
Sr1Al4Fe7.4Co0.6O19,5.045675554264786,5.409930368862361,111090.15027807647,256998.37000859907
Sr1Al4Fe7.6Co0.4O19,5.659020544435393,5.560238193507379,456058.48942955246,363277.2434761118
Sr1Al4Fe7.8Co0.2O19,5.938893446283542,5.931124663297425,868747.2568665912,853345.0297209846
SrAl4Fe7CoO19,4.768846497800685,5.541524814383016,58728.17400087418,347956.38834476756
SrAl4Fe8O19,6.176216672719282,6.051279583326416,1500433.2259979432,1125329.1876993384
SrAlFe11O19,5.675307101706193,5.373711601087775,473485.9556981047,236434.90992140645
Ba1Sr1Mn0.75Zn1.25Fe10.5Si0.75Ni0.75O22,4.491854743004143,4.078922284459652,31035.21390290099,11992.846759777394
Ba1Sr1Mn0.5Zn1.5Fe11Ni0.5Sn0.5O22,4.678941386361287,3.6809771083772516,47746.482927539975,4797.081625965439
SrFe12O19,5.660457980667275,5.02990098042909,457570.4613889255,107127.50256265224
Sr1Fe11.8Bi0.2O19,5.453458352089837,5.145769027376936,284091.57341886294,139884.31721821174
Sr1Fe11.6Bi0.4O19,5.508245159192312,5.238142444766447,322288.75976089505,173038.3816806726
Sr1Fe11.4Bi0.6O19,5.03112390447265,5.270859144521881,107429.58658696499,186577.44628441863
Sr1Fe11.2Bi0.8O19,5.468991860044639,5.114557428913942,294436.64471983025,130183.94528872047
SrFe11BiO19,5.5103845452028635,5.035153480022321,323880.3091918129,108431.00423671375
Sr1Zr0.02Fe11.96Co0.02O19,5.364578642933479,5.356170600416216,231514.7379684867,227075.6679831801
Sr1Ca0.5Mn0.5Zn0.5Fe16Co1.3O27,5.021364067183494,4.42872167508779,105042.26244058802,26836.24048904654
Sr1Ca0.4Mn0.4Zn0.4Fe16Co1.4O27,5.088310856814107,4.878293391779273,122549.30618068599,75560.25097649834
Sr1Ca0.3Mn0.3Zn0.3Fe16Co1.5O27,5.11827408019155,4.758861309720955,131302.82805073497,57393.314958617004
Sr1Ti1.5Fe9Co1.5O19,3.643515267282342,3.8865729266937254,4400.63417648827,7701.457563116769
Sr1Ca0.2Mn0.2Zn0.2Fe16Co1.6O27,4.983575506294094,4.633641384247386,96288.74057053904,43017.12527709352
Sr1Ca0.1Mn0.1Zn0.1Fe16Co1.7O27,5.01473348828448,4.556372098760485,103450.71300966993,36005.7696531554
Sr1Ti1.8Fe8.4Co1.8O19,3.563547967659218,3.3974187381384304,3660.5636911114016,2497.0011256888492
SrAlFe15Co2O27,4.457044379121468,4.528316171907372,28644.706657662147,33753.29475133725
SrFe16Co2O27,4.745888175991901,4.325390260748322,55704.23008213006,21153.89092798772
SrTi2Fe8Co2O19,4.0768813950333245,3.020034379679618,11936.62073188499,1047.2114442663817
Sr1Co1O2.5,4.797867139187064,4.602852051619322,62786.62504971508,40073.0180131692
Sr1Co1O2.88,4.60836031207558,4.636245885394212,40584.51048840899,43275.877760888805
Sr1Cr0.5Fe11.5O19,5.682545510630113,5.170678946668561,481443.7028526951,148142.2534768817
Sr1Cr1.5Fe10.5O19,4.803880122969587,4.809713175619459,63661.977236719955,64522.79555210525
Sr1Cr2.5Fe9.5O19,4.355634995986154,4.590636767144149,22679.57939058152,38961.5985467898
SrCr2Fe10O19,4.641152825471887,4.583339596018586,43767.60935024497,38312.42097071086
SrCrFe11O19,4.878513741266492,4.998584446589886,75598.59796860504,99674.58740019915
Sr1Er0.04Fe1.96O4,4.24321281679985,4.627113821135342,17507.043740097994,42375.401015599935
Sr1Al1.7Fe10.3O19,5.6739419986340875,5.598491410691199,471999.99999999977,396726.6825467126
Sr1Al1.5Fe10.5O19,5.926342446625655,5.639757958723837,843999.9999999992,436272.6207393129
Sr1Al1.3Fe10.7O19,5.908537913978384,5.506136065660975,810098.660337262,320727.40149204904
SrAl2Fe10O19,5.8092751548562935,5.67226428182239,644577.5195217902,470180.1409387319
Sr1Al0.5Fe11.5O19,5.678216958366955,5.345234557894072,476669.0545599406,221429.03016779773
Sr1Zn0.25Fe11.5Sn0.25O19,5.243804633128411,4.8755739862898855,175309.16981561758,75088.5963952996
Sr1Cr0.2In0.2Fe11.6O19,3.750356951455527,4.878730771092568,5628.037097612229,75636.38627010386
Sr1Al0.3Fe11.7O19,5.490739737303351,5.444107056703999,309556.36431355093,278039.85714750405
Sr1Cr0.15In0.15Fe11.7O19,4.655795532937506,4.615160161058018,45268.440463600666,41224.95222867872
Sr1Pr0.1Dy0.1Fe11.8O19,5.536353295124451,5.271622501651352,343837.54328080924,186905.68086524497
Sr1Al0.2Fe11.8O19,5.633468455579586,5.34099584756824,429999.99999999965,219278.3969324615
Sr1Cr0.1In0.1Fe11.8O19,5.147195151194521,4.844447530175954,140344.4203677802,69895.22868771001
Sr1Mn0.1Zn0.1Fe11.8O19,5.459498706510809,5.367790138349975,288070.44699615776,233233.07510201255
Sr1Pr0.05Dy0.05Fe11.9O19,5.51990434564489,5.2888321705424115,331058.1971252535,194460.84587846437
Sr1Er0.08Fe11.92O19,5.446847710155809,5.31810285166204,279800.0,208018.92689810958
Sr1Tm0.08Fe11.92O19,5.412292509323047,5.264567682086408,258400.00000000017,183894.05189445775
Sr1Mn0.05Fe11.95O19,5.650526451546705,5.188635460316145,447225.39008795837,154395.79224531093
Sr1Mn0.03Fe11.97O19,5.6458649275597015,5.211768559142979,442450.7417952044,162842.79921121546
Sr1Sm0.03Fe11.97O19,5.172999482974601,5.414869136443147,148935.93046350885,259937.61894801568
Sr1Sm0.02Fe11.98O19,5.1920720744305235,5.4026163609186595,155622.3877214173,252706.46981960096
Sr1Sm0.01Fe11.99O19,5.199075508871296,5.358129500613029,158152.29878131027,228102.21398828403
Sr1Al0.1Fe11.9O19,5.423234369483963,5.391732712133135,264992.9802478469,246452.2072734059
Sr1Cr0.05In0.05Fe11.9O19,5.189812441814983,4.903179848987923,154814.78779368667,80016.55490405859
Sr1Mn0.1Fe11.9O19,4.2987301446496815,5.524316295830019,19894.36788647501,334438.5222795534
SrAlFe11O19,5.707570176097937,5.373711601087775,510000.0000000004,236434.90992140645
Sr1Cr0.25Fe11Co0.75O19,3.4596186607946553,4.615295759291573,2881.500244677039,41237.82575966332
SrFe11CoO19,2.4099926583087465,4.652963003448641,257.03523309325703,44974.15408104695
SrCrFe11O19,5.697091041237869,4.998584446589886,497841.43663944333,99674.58740019915
SrFe11O19,5.593637055254874,4.841752829829614,392316.9347212871,69462.8870696922
SrFe12CoO19,1.421603926869831,4.475689818328986,26.4,29901.282652917027
SrFe12O19,5.034199215600875,5.02990098042909,108193.01306024061,107127.50256265224
SrFe15O23,4.315763483948461,4.634542686637634,20690.14260193399,43106.49251285774
SrZnFe14O23,5.577026352740955,4.834515342361815,377595.1024852952,68314.88512164261
Sr(FeO2)2,4.63830082665112,4.6366143838173555,43481.13045267979,43312.61288150321
Sr1Ti1.2Fe7.6Co1.2O19,3.9799713820252687,4.335420540902911,9549.296585508004,21648.137658611813
Sr1Al4Zn0.2Fe7.8O19,6.168196554730548,5.676107328821784,1472978.9983146088,474359.2009415188
Sr1Al4Fe7.98Ni0.02O19,6.2888913375481605,5.9269382287714585,1944873.4045817973,845158.6267329479
Sr1Ti1.2Fe8.1Co1.2O19,3.9301739136628533,4.180337506925733,8514.7894554113,15147.379521989267
Sr1Ti1.2Fe8.6Co1.2O19,3.9382166339182674,4.047689650584068,8673.944398503101,11160.65415772628
Sr1Al3Fe8.985Ni0.015O19,6.134293896318778,5.704707019486286,1362366.3128658074,506648.80131370027
SrAl4Fe8O19,6.154370425539827,6.051279583326416,1426824.0648179874,1125329.1876993384
SrFe8SnO15,4.819365621124042,4.271580048066731,65972.90701041296,18688.741116886144
Sr1Mn1.5Fe9Sn1.5O19,4.405940114297549,4.649149055076583,25464.790894687987,44580.922921958336
Sr1Ti1.2Fe9.1Co1.2O19,3.9576949873141163,4.077563107815082,9071.831756232601,11955.372379004315
Sr1Ti1.2Fe9.6Co1.2O19,4.0045938569336,3.7297920449858633,10106.338886329297,5367.74708781074
Sr1La0.2Al2Fe9.8O19,5.870392400826183,5.599371037684069,741980.3446939717,397531.0334152215
Sr1Fe1O2.5,4.5028501273056065,4.2119338458889155,31830.98861836004,16290.478682571013
Sr1Gd0.03Fe11.97O19,5.372814833677925,5.372544933015034,235947.20313359343,235800.61475868404
Sr1La0.05Fe11.95O19,5.745888175991901,5.240905375786905,557042.3008213006,174142.74093235028
Sr1La1Mn0.5Co0.5O4,5.775851399369344,4.556761535863126,596831.0365942506,36038.07094160538
MhexaferriteSr,5.323872094274875,4.747757773153326,210800.72212508915,55944.54849029423
SrMn2Fe10O19,5.752048484696719,5.075682715436295,565000.0479758895,119037.20345758353
SrMn2Fe16O27,5.377911390697306,4.930773976677781,238732.4146376998,85265.62438715597
SrMn3Fe9O19,5.803880122969587,5.171314483432776,636619.7723671995,148359.20021312576
SrMn4Fe8O19,5.845272808127812,5.104866531452425,700281.74960392,127311.17647598503
SrMn5Fe7O19,5.887561870243888,5.174066223887732,771901.4739952298,149302.20573875148
SrMnFe11O19,5.6566649916501355,5.185553912954239,453591.58781163045,153304.15050428946
Sr1Zr0.02Fe11.96Ni0.02O19,5.428857976571851,5.3650419609883,268446.6425129391,231761.8564550886
SrFe16Ni2O27,5.18859186590787,4.619807018696959,154380.29479904595,41668.41862618775
Sr1Pr0.2Fe11.8O19,5.644770001219486,4.9329932401738175,441336.657193561,85702.45054758489
Sr1Cu0.2Ru0.8O3,5.340122829807906,5.243422847211959,218838.04675122484,175155.12419837824
Sr1Cr0.1Ru0.9O3,5.544068044350276,5.325683449495245,350000.0,211681.7657284801
Sr1Cu0.1Ru0.9O3,5.448564841365466,5.265678721492593,280908.4745570271,184365.10348181726
Sr1Mn0.1Ru0.9O3,5.262517971995236,5.355921057580982,183028.18455556987,226945.22923303404
SrRuO3,5.44485818032792,5.7479581478081,278521.15041065024,559703.6612431507
Sr1Sc0.02In0.02Fe11.96O19,4.4178540094602985,4.959046561284934,26173.03039144652,91001.08308654214
Sr1Sc0.03In0.03Fe11.94O19,4.652069239960986,4.876339444006714,44881.69395188763,75221.05911441393
Sr1Sc0.04In0.04Fe11.92O19,4.434307997994611,4.697113495683055,27183.664280079433,49786.71773354701
Sr1Sc0.05In0.05Fe11.9O19,4.368250245484908,4.692019580164738,23348.030151567073,49206.17197817564
Sr1Sc0.06In0.06Fe11.88O19,4.526514045503399,4.686414920172767,33613.523980988124,48575.236100772585
Sr1Sm0.01Fe11.99O19,5.720334071519512,5.358129500613029,525211.3122029401,228102.21398828403
Sr1Sm0.02Fe11.98O19,5.664367860444289,5.4026163609186595,461708.48990931147,252706.46981960096
Sr1Sm0.03Fe11.97O19,5.66346869970508,5.414869136443147,460753.56025076075,259937.61894801568
SrFe4Sn2O11,1.332153900136631,4.495084183060713,21.485917317393,31266.853808942076
Sr1Ti0.65Fe0.35O3,5.262517971995236,4.227001249952517,183028.18455556987,16865.578795011475
SrTiO3,4.335359040011842,4.771292233993197,21645.072260484794,59059.83563702122
SrYFe11O19,5.730415489335693,4.723717891488737,537545.8202925541,52931.94974417528
SrFe12O19,5.613776369572026,5.02990098042909,410938.0630630273,107127.50256265224
Sr1Zr0.01Zn0.01Fe11.98O19,5.638777462311074,5.47995288861627,435288.76935607265,301962.4139938185
Sr1Zr0.02Zn0.02Fe11.96O19,5.642650530042907,5.462558451329072,439188.065461822,290107.1625209176
Sr1Zr0.05Zn0.05Fe11.9O19,5.648667841797434,5.498423197352377,445315.5307708568,315081.71258386335
Sr1Zr0.1Zn0.1Fe11.8O19,5.684836551785757,5.468649783045987,483990.1819421642,294204.81965251477
Sr1Zr0.15Zn0.15Fe11.7O19,5.685193437730652,5.372099475373547,484388.0692998929,235558.87709233904
Sr1Zr0.1Zn0.1Fe11.8O19,5.406211463560925,5.468649783045987,254807.06388997188,294204.81965251477
Sr1Zr0.2Zn0.2Fe11.6O19,5.313754407974306,5.375542284147369,205946.4963607891,237433.65836520097
Sr1Zr0.3Zn0.3Fe11.4O19,5.253358522156952,5.227368372554491,179208.46592136665,168798.41819755384
Sr1Zr0.4Zn0.4Fe11.2O19,5.180228924264664,5.086560237348527,151435.9283518478,122056.31030848168
Sr1Ca0.18Mn0.18Zn1.4Fe16O27,4.678941386361287,4.709839793745973,47746.482927539975,51267.223019861405
Sr1Ca0.08Mn0.08Zn1.6Fe16O27,4.568243088867598,4.73062761568722,37003.5242688435,53780.84427542582
SrZn2Fe16O27,4.900790135977644,4.657902189536314,79577.47154590007,45488.560068073224
SrZnFe16CoO27,4.53425859155723,4.633759470082492,34218.312764737006,43028.82333919264
Sr1Zr0.2Fe11.6Co0.2O19,5.004321373782642,5.181842908330676,100999.99999999991,151999.7621400544
Sr1Zr0.4Fe11.2Co0.4O19,5.12057393120585,5.045558069747697,131999.9999999999,111060.10244637365
Sr1Zr0.6Fe10.8Co0.6O19,4.8750612633917,4.763645328948817,75000.0,58029.03239052343
Sr1Zr0.8Fe10.4Co0.8O19,4.973127853599698,4.241966286179914,93999.99999999994,17456.866318583623
SrZrFe,1.539578803135042,3.084746370698691,34.64007336393027,1215.475951670205
SrZrFe2,1.5491501469585751,3.4236336838568566,35.41197483792549,2652.367415005633
SrFe12O19,2.8452728081278122,5.02990098042909,700.2817496039199,107127.50256265224
SrFe12O19,5.696670153321719,5.02990098042909,497359.1971618752,107127.50256265224
Fe2NiSO4,4.57748374560251,3.836326654832788,37799.29898430251,6860.040107476044
H2,4.491854743004143,4.560240304705708,31035.21390290099,36327.90094487537
AHS,4.377911390697306,3.800486330454837,23873.241463769984,6316.642971571024
Ta(NiTe)2,4.885767262393137,5.340024137378231,76871.8375133394,218788.3219547662
Tb,6.101568371734063,4.434328222287863,1263480.0000000012,27184.930202678177
TbDyFe,3.1312390573559177,4.8553180391022295,1352.8170162803003,71666.80427684533
TbFe,6.201820131641625,3.904648133735731,1591549.4309180018,8028.753673594844
TbFeB,6.201820131641625,6.238600723755516,1591549.4309180018,1732210.7271706008
TbNbFeB,6.7458881759919,5.14515885613002,5570423.008212995,139687.92177604316
TbFeCo,4.953868579461063,4.548021285960537,89922.54284686694,35320.04806894377
FeBiO3,4.6411133423606366,4.1353877683426665,43763.630476667684,13658.020754913387
Tb0.02Fe1Bi0.98O3,4.272762605671737,4.08786764879306,18739.698774343997,12242.430544418348
Tb0.08Ho0.92Mn0.1Fe1.9,3.8785137412664916,3.993310116942758,7559.8597968605045,9847.140101423458
Tb0.15Nd0.1Ho0.75Mn0.1Fe1.8,3.8550326454169683,4.669501277576717,7161.972439130997,46719.83255407697
Tb0.29Co0.71,4.900790135977644,5.339257303651465,79577.47154590007,218402.34829191622
Tb0.2Y1.8Er1Fe5O12,3.3157634839484618,3.4852994747375776,2069.014260193401,3057.0284096274904
Tb0.35Nd0.65Co2,4.803880122969587,5.6437988377464,63661.977236719955,440350.8487394994
Tb0.3Dy0.7Be0.4Fe1.6,3.9007901359776436,5.148169101582628,7957.74715459,140659.51045548177
Tb0.3Dy0.7Be0.2Fe1.8,3.8550326454169683,5.272025532655022,7161.972439130997,187079.21230798276
Tb0.3Dy0.7Fe1.95,5.713703492620499,4.348892243302009,517253.5650483496,22330.180999461205
Tb0.5Dy0.5Cu2,6.457092636744931,5.223128514057514,2864788.9756523995,167158.5187515079
Tb0.5Pr0.5Fe0.76Co1.14,4.283301228703549,4.814312544370977,19199.99999999998,65209.75137401995
Tb0.5Pr0.5Fe1.045Co0.855,4.904174368284163,4.613438071662523,80199.99999999999,41061.808350485815
Tb0.5Pr0.5Fe1.33Co0.57,4.916980047320382,4.735430507167444,82599.99999999994,54378.911134414084
Tb0.5Pr0.5Fe1.615Co0.285,4.924279286061882,4.872377436086051,84000.00000000007,74537.94859343684
Tb0.5Pr0.5Fe1.9,4.983175072037813,4.7224490328011495,96200.00000000006,52777.52653881694
Tb0.5Y0.5Ni1,6.377911390697306,4.680270573592428,2387324.146376998,47892.838074032734
Tb0.8Fe7Co3,5.286396409575956,5.216652240759614,193373.25585653717,164684.3161585066
Tb0.8Y2.2Fe5O12,3.0,3.4653748503042188,1000.0,2919.946204414695
Tb0.8Y2.2Al0.6Fe4.4O12,3.6020599913279625,3.540518827362301,4000.0000000000014,3471.5132512818773
Fe7Co3,4.713703492620499,3.7539634401115265,51725.356504834956,5674.968302352435
TbAl3(GaCu)3,6.0860489012742285,5.098283357393896,1219126.8640831872,125395.90593413144
Tb10Pr20Al23.3333Ga23.3333Cu23.3333,6.1845435193101705,5.64249419238517,1529479.0031121995,439029.9946610862
Tb10Pr40Al16.6667Ga16.6667Cu16.6667,6.304939385187339,6.023324330672441,2018084.6784040255,1055174.6055346937
TbPr6AlGaCu,6.30664853529528,5.9565705171457894,2026042.4255586138,904837.3458149653
Tb10Pr80Al3.33333Ga3.33333Cu3.33333,6.282807178552512,5.820811372464349,1917817.0642561917,661928.9450298022
Tb11In9Co4,6.0011606810952065,5.480443204748739,1002676.14147834,302303.52045134315
Tb3Co22,4.900790135977644,5.00874943932409,79577.47154590007,102035.06355422837
Tb9Co41,5.4618915196266995,4.93363284960781,289661.99642707594,85828.76226311307
Tb2.8Fe5.2O12,4.544068044350276,3.996451514572585,35000.0,9918.625997094196
Tb2.8Sc0.3Fe4.9O12,3.9542425094393248,3.844139317224209,8999.999999999998,6984.564258150745
Tb2.8Sc0.8Fe4.4O12,3.6020599913279625,4.183700249774472,4000.0000000000014,15265.120952969044
Tb2.9Sc0.5Fe4.6O12,3.9030899869919438,3.788155477817924,8000.000000000004,6139.817718546052
Tb25Fe61Co14,5.332153900136631,5.24395695768565,214859.17317393,175370.6685829228
Tb29.6Co70.4,5.457092636744931,5.290199475027012,286478.89756524,195074.03851225434
Tb2MnCoO6,5.444858180327919,4.998037687632518,278521.15041064966,99549.1801367258
Tb3V(Fe11Co3)2,6.7458881759919,6.037486638826857,5570423.008212995,1090150.9531155657
Tb3VFe25Co3,6.8352885872212115,6.215666284588192,6843662.552947402,1643108.6599460996
Tb3VFe28,6.9260960012424135,5.822276398566327,8435211.983865393,664165.6316643351
Tb3Co0.5Ni1.5,5.457092636744931,5.190273901073864,286478.89756524,154979.37354898153
Tb3CoNi,5.2987301446496815,5.360283625124566,198943.67886475014,229236.42405954294
Tb3Ni2,5.15606264108095,5.5003496086690555,143239.44878261996,316482.43303180026
Tb2V6(FeCo)147,4.24321281679985,5.293407336711281,17507.043740097994,196520.26301745902
Tb11Ce4Cu5,6.3479481673198626,5.605187396033585,2228169.203285198,402890.8423343788
Tb13Al7,6.137692678415778,5.317661177096619,1373070.0000000002,207807.48058732276
Tb6Al0.8Co2.2,5.678941386361287,5.468275102308116,477464.8292753997,293951.108527152
Tb6AlCo2,5.678941386361287,5.451172938821792,477464.8292753997,282600.5084066287
Tb3Cu,6.3631881338766,5.524828405623494,2307746.6748311,334833.11688699183
TbB50,6.377911390697306,5.899821978878753,2387324.146376998,794002.6993311159
TbCo,5.179543736930473,5.472421370647323,151197.19593721008,296770.9388734635
TbCo,5.2987301446496815,5.472421370647323,198943.67886475014,296770.9388734635
Tb1Mn0.1Co2,5.179543736930473,5.382472624113626,151197.19593721008,241252.94532616608
Tb1Mn0.2Co2,5.2987301446496815,5.319439971751474,198943.67886475014,208660.36933054065
Tb1Mn0.3Co2,5.3631881338766,5.342073169072116,230774.66748310998,219823.01950475355
TbCu,6.14876340233945,5.54757389085432,1408521.2463624305,352836.81316048827
TbNdCu2,6.3289249300064325,5.699142246243246,2132676.2374301204,500198.3401524014
TbCu,6.289956220342176,5.54757389085432,1949648.0528745484,352836.81316048827
TbNdCu2,6.38792851145483,5.699142246243246,2443028.3764591296,500198.3401524014
TbGdErAlFeO,3.347948167319863,4.235761909904506,2228.1692032852006,17209.248662436486
TbPr80Al10Cu10F3,6.174947985241324,5.5053175015140035,1496056.4650629205,320123.4594609008
Tb1Fe1.95,4.324036009914451,4.760182856888843,21088.02995966348,57568.22736225985
TbFe2,5.713703492620499,4.702071088625572,517253.5650483496,50358.30323446242
Tb1Mn4.8Fe7.2,6.201820131641625,5.365537063364922,1591549.4309180018,232026.2191895924
TbFeCo,6.091121834147935,4.548021285960537,1233450.8089614494,35320.04806894377
TbGdFeCo,4.377911390697306,4.967568854508514,23873.241463769984,92804.46137801194
TbMn2,4.524039426375544,5.313371697586762,33422.53804927799,205765.09146422448
Tb(VSn)6,4.0768813950333245,5.549360022969372,11936.62073188499,354290.9207156967
TbAlFeCo2,3.6789413863612874,5.360931391707933,4774.648292754002,229578.59393953433
AEM,2.6489781629838443,4.23639818479687,445.6338406570402,17234.480016680045
Ti0.2Fe1.6Co1.2O4,5.095026884701473,3.4256659807757543,124459.16549778759,2664.8083515805192
Ti0.6Fe0.4C0.5,3.9007901359776436,3.83629318652255,7957.74715459,6859.511468237724
Ti0.7Fe0.3C0.7,4.599760140313663,3.759518280484564,39788.73577295003,5748.020131160516
EMTi10C,2.9614879763312554,5.169374861023289,915.1409227778502,147698.08383695447
Ti,5.819868228353718,4.4358631473091314,660493.0138309704,27281.17976543013
TiFeCoCuNi,4.491854743004143,3.5083207602454536,31035.21390290099,3223.448679813023
Ti3AlC2,3.7641129960980995,4.963726348125103,5809.155422850699,91986.97729721421
Ti3C2,5.338540698798032,4.185386141151536,218042.2720357662,15324.493919157578
EMTi5C,2.8146039883613603,4.363221418442528,652.5352666763799,23079.235485725134
Ti,5.745888175991901,4.4358631473091314,557042.3008213006,27281.17976543013
Ti1Fe2.5,4.315763483948461,3.7719672666696473,20690.14260193399,5915.170490990245
TiCrFeNi,4.123324529359357,3.5792208300844504,13283.867325157084,3795.0790812483615
TiCrFeCoNi,4.0755475122883045,3.3614191050643663,11900.01509497389,2298.365558645601
TiMnCrFeNi,4.254571770506461,3.5018008374202685,17970.980399210606,3175.4175258258015
TiO2,3.9007901359776436,5.060666602271379,7957.74715459,114991.72853809429
Zn0.5Fe0.1Cu0.4O2,4.131239057355917,3.495718735264514,13528.17016280299,3131.2571526815045
Tl(FeSb3)4,4.900790135977644,4.635735903915895,79577.47154590007,43225.089772475956
Tm2.28Ga0.7Fe4.3Bi0.72O12,2.988216593013929,3.4279044162916086,973.2324770063569,2678.5787325588954
Tm2InCu2,4.855032645416968,5.226287352234106,71619.72439130998,168378.77757673676
Tm2Mn1.5Fe15.5,5.131239057355917,5.0580998151296965,135281.7016280299,114314.10359389707
Tm2Mn0.5Fe16.5,4.599760140313663,4.834842385456685,39788.73577295003,68366.34864864235
Tm2Mn0.2Fe16.8,4.502850127305606,4.829177902819307,31830.988618359974,67480.43955185119
Tm2MnFe16,5.01473348828448,4.882272730662212,103450.71300966993,76255.77349375948
Tm2Fe17,4.377911390697306,4.941600584636945,23873.241463769984,87417.94331993842
Tm3Sc0.75Fe4.25O12,-0.32105861363871274,4.299738409565037,0.4774648292754,19940.608620411804
Tm3Fe5O12,3.7001306854312253,2.8919305318995563,5013.380707391699,779.7053818282009
GYTmGaBiI,2.9007901359776436,5.570436288958199,795.7747154589999,371908.6581243329
Tm(MnSn)6,7.104910118633568,6.573490139780007,12732395.447343992,3745330.435430082
U2Fe13.6Si3.4,6.419304075855531,4.735086800617725,2626056.5610146997,54335.89195102746
U3(CuGe)4,5.502850127305606,5.202444815631846,318309.8861835997,159384.03438062855
U3Ge13Ir4,5.377911390697306,4.894337193001007,238732.4146376998,78403.81459398978
UAsSe,5.803880122969587,4.9953418734001565,636619.7723671995,98933.15827025216
UBeGe,5.770021855708619,5.107527015818112,588873.2894396594,128093.47741684136
UBiTe,6.201820131641625,5.462948940490415,1591549.4309180018,290368.12518847646
U1Co0.5Sb2,6.0768813950333245,4.882752024876735,1193662.073188499,76339.9770192543
U1Al1Fe0.05Co0.9Ni0.05,5.2810013776892495,5.3896514600848455,190985.93171015996,245273.96969837192
UAlCo,5.7458881759919,5.245992484698139,557042.3008212994,176194.55563459214
UGaCo,5.377911390697306,4.978656518289139,238732.4146376998,95204.28993915008
U(CuSi)2,5.900790135977644,5.098470961528891,795774.7154590008,125450.08546721663
U1Mo0.18H3,6.44485818032792,4.16554054062611,2785211.504106503,14639.981928288817
U(Zn10Ir)2,2.9799713820252687,4.828760703471455,954.9296585508005,67415.64647119542
UAlIr,5.405940114297549,5.978733378430261,254647.9089468799,952211.4040124549
UGeIr,7.223009430711563,5.086514807368608,16711269.024638992,122043.54310570697
USi3Ir,6.7641129960981,5.367726597676632,5809155.422850705,233198.9537783876
U(MnAl10)2,2.8550326454169683,4.694262161923529,716.1972439130997,49460.91677807118
U1Al1Fe0.5Ni0.5,5.4322690530198985,5.2348556313052885,270563.40325605986,171733.74128898222
UGe2Rh,4.599760140313663,5.603909452228031,39788.73577295003,401707.048627998
M2UPCSIO,4.599760140313663,4.400994054350385,39788.73577295003,25176.42460080788
MUPS3IO,4.599760140313663,4.233806718183473,39788.73577295003,17131.94684243396
SrUTiVO3,4.335359040011842,4.382007390444935,21645.072260484794,24099.464387054915
SbTe,5.491854743004143,3.5130675871501116,310352.13902900985,3258.874133381007
AM745RYVH2CO,6.046918171655881,4.547596225329293,1114084.601642599,35285.49589761468
A2MRX262VHCO,5.946113114764301,4.898666336696387,883309.9341594892,79189.26949338903
VBr3,6.0768813950333245,4.73103932429723,1193662.073188499,53831.85237279364
VI3,5.859831528298737,5.271810415719116,724154.9910676896,186986.57023368156
NbAlVRu,3.201820131641625,4.081408527953556,1591.549430918,12061.70015294553
CoW,4.949390006644913,3.8518936579148058,89000.00000000009,7110.39386022687
CoWC2,4.913813852383717,5.016931235974487,82000.0,103975.55230834198
CoWC,5.786041210242554,4.253804529682079,610999.9999999997,17939.260222463494
CoNiW,4.188994632729166,3.48643901817727,15452.353424782847,3065.060266208528
CoNiW,4.361808182023612,3.48643901817727,23004.255474488786,3065.060266208528
CoNiW,4.524618099988013,3.48643901817727,33467.101433343734,3065.060266208528
CoNiW,4.403981378660978,3.48643901817727,25350.19933566191,3065.060266208528
EMBWC,3.75497467981125,3.9309646884276717,5688.197666100931,8530.307530586184
WF,2.1072099696478683,4.449895215625198,127.99999999999999,28177.03008121021
WO3,4.174947985241324,4.690575358044152,14960.564650629205,49042.81136662885
X,4.53425859155723,4.142657988438647,34218.312764737006,13888.584595046095
X,6.148910993109356,4.142657988438647,1408999.9999999998,13888.584595046095
X46Cr13,3.6861199709884107,5.166533446872385,4854.2257642999,146734.90893748967
GXHS8,6.2987301446496815,4.4009637276880555,1989436.7886475013,25174.66659949336
YCo,4.8458646244563734,3.70948018017343,70123.66792624704,5122.4789235742355
YCo,4.612850278438718,3.70948018017343,41006.271087602254,5122.4789235742355
Magnet,5.990342018864098,3.956285910928716,978007.1252991115,9042.445729795823
Pr0.75Y0.25Co5,4.900790135977644,5.7246659228941885,79577.47154590007,530476.2231997666
Tb0.75Y0.25Fe2,4.0768813950333245,4.9760463704593585,11936.62073188499,94633.81983261656
Gd2.6Y0.2Fe5Bi0.2O12,3.6172108698241985,3.543371391478466,4142.007393964094,3494.3901417850875
La0.2Gd2.4Y0.2Fe5Bi0.2O12,3.507386445156929,3.5132601104143992,3216.521399885279,3260.3191164474797
La0.4Gd2.2Y0.2Fe5Bi0.2O12,3.493410957299626,3.48246318720116,3114.662236306527,3037.128640034944
Gd2.5Y0.5Fe5O12,3.781603728258435,3.3324406902866963,6047.8878374884,2150.011041609688
Pr0.5Y0.5Co5,6.037510703134051,5.307012114879719,1090211.3601788308,202773.92836175615
Tb0.5Y0.5Fe2,3.9799713820252687,4.428201148261933,9549.296585508004,26804.0949848057
Pr0.25Y0.75Co5,5.616793479612443,5.157800089268167,413802.8520386798,143813.64351734662
Tb0.25Y0.75Fe2,3.9421828211358685,4.495824419181666,8753.521870048997,31320.192249689877
Y,3.6861199709884107,4.311794751593341,4854.2257642999,20501.93024668573
MagnetY,5.873917989577342,5.351982129559735,748028.2325314602,224896.20631699945
Gd1.5Y1.5Fe5O12,3.3157634839484618,3.391742823337638,2069.014260193401,2464.5794521800444
La0.42Y1.61Tm0.97Ga0.7Fe4.3O12,4.335359040011842,3.522578739912536,21645.072260484794,3331.0315021710157
Gd2YFe5O12,3.3157634839484618,3.351797276901678,2069.014260193401,2248.0050209546503
MagnetY2,5.781603728258435,5.62086140524692,604788.7837488406,417697.0472982652
Y217N3,3.758381941774675,4.39348938409541,5732.999999999997,24745.10973589751
La0.75Y2.25Fe5O12,3.4805737325944537,3.662838871094028,3023.9439187441994,4600.858440748173
Yb0.15Eu0.5Y2.35Ga1.2Fe3.8O12,3.544242812463831,3.7056465895645996,3501.4087480195994,5077.46092158358
Ca0.7Y2.3Zr0.3V0.2Fe4.5O12,1.7758513993693437,3.5033158301650285,59.683103659425,3186.513994608834
Gd0.5Y2.5Fe5O12,3.2810013776892495,3.3057577240704754,1909.8593171015993,2021.8909300222915
La0.5Y2.5Fe5O12,3.332153900136631,3.6371516906715953,2148.5917317393,4336.623218081467
Ca0.4Y2.6In0.6Fe4Ge0.4O12,3.257771536970775,3.5434853978057435,1810.3874776692255,3495.307572000939
Y2MnCoO6,5.187021990006197,4.946751221135661,153823.2524982247,88460.87302619849
GdY2Fe5O12,3.3157634839484618,3.2998356130555724,2069.014260193401,1994.5072213140686
Y2Ir1.6Ru0.4O7,1.926096001242414,2.584580466411658,84.35211983865402,384.2204412395714
Y2Ir1.8Ru0.2O7,2.2039861933981326,2.180883131204819,159.95071780725905,151.66421836048022
Y2Ir1.9Ru0.1O7,2.2104203034035423,2.2636379914953837,162.33804195363598,183.5008124769734
Y2Ir2O7,2.2167604814345614,3.503843117220895,164.725366100013,3190.38516510552
Y,6.351216345339342,4.311794751593341,2245000.0,20501.93024668573
MagnetY3,5.590986216006157,5.55604439128997,389929.6105749097,359786.10871358815
Y,5.243038048686294,4.311794751593341,175000.0,20501.93024668573
Y3Al(FeO3)4,2.8302090616919364,3.855495430345293,676.4085081401502,7169.608316653757
Y3Fe5O12,3.7758513993693437,3.6041379103865263,5968.3103659425005,4019.1841994180245
Y3Co2Ni11B2,5.4322690530198985,4.816940748314021,270563.40325605986,65605.57531662368
Y3Co4Ni9B2,5.3631881338766,4.608186935161229,230774.66748310998,40568.31177265978
Y,4.03112390447265,4.311794751593341,10742.958658696498,20501.93024668573
GLYBCI,1.803880122969587,4.595490510093658,63.66197723671999,39399.481824506096
BaYFeCo3O7,4.900790135977644,4.703476810925564,79577.47154590007,50521.566832174256
BaYFeCuO5,5.7458881759919,4.7937281693139076,557042.3008212994,62191.09010260967
Y1Fe0.2Co4.8,5.840309388596262,3.859313133163905,692324.0024493302,7232.91119934104
YCo69,5.979971382025268,2.5572251067400575,954929.6585507995,360.7655892663225
YCrO3,4.599760140313663,5.037297020660019,39788.73577295003,108967.5084059141
Y1Mn0.4Fe0.6O3,4.07962325333676,3.99823729729728,12012.219329853608,9959.4945271984
Y1Mn0.3Fe0.7O3,3.825069422039525,4.070270950076846,6684.507609855598,11756.307853169606
Y1Mn0.1Fe0.9O3,3.6527617107139707,3.9497242811177147,4495.331367627889,8906.852926215204
YFe2,3.0147334882844805,3.64682587905926,1034.5071300967004,4434.308243285431
YFeO3,6.15606264108095,4.507939296088899,1432394.4878261995,32206.18594891251
TbGdDyYHo,4.745888175991901,4.815846085782166,55704.23008213006,65440.42117313714
Y3Fe5O12,4.0768813950333245,3.6041379103865263,11936.62073188499,4019.1841994180245
YI,3.3157634839484618,4.098763680180332,2069.014260193401,12553.466853124673
YI,3.3157634839484618,4.098763680180332,2069.014260193401,12553.466853124673
G1Y1Al0.2I1,2.358672032711636,4.5687342881317035,228.387343336733,37045.39997154401
GYCI,3.363487544079361,4.4852698558028194,2309.3382242620187,30568.199270396603
G2YI,3.222802574560044,4.267145740882508,1670.3311277484413,18498.893021289878
G10YI,4.9421828211358685,4.352818127093396,87535.21870048996,22532.95384357162
G30YI,3.5668398744581595,4.217034745676652,3688.4158061524654,16482.942578299942
G50YI,3.564255479868755,4.068727706283028,3666.5320014773433,11714.606534870587
MYC,3.0518533893313937,4.25558583128888,1126.8169970899437,18012.990969344875
MYC2,3.1258408321156925,3.906123247851497,1336.1057472556613,8056.07030906248
MYC3,3.17309598037973,4.056067396285935,1489.6902673392474,11378.038429903601
MYC4,3.16157680463262,4.1727702484036495,1450.6973062817567,14885.733804131898
Y1Mn4.4Fe7.6,3.8302090616919364,3.6104407356493686,6764.085081401501,4077.9390992369194
YRuO3,5.444858180327919,4.54474003156042,278521.15041064966,35054.19769008596
YV4O8,2.6020599913279625,4.521027976677179,400.00000000000006,33191.5838444064
Yb1Mn0.5Fe0.5O3,5.15606264108095,4.785909745276527,143239.44878261996,61081.50726264308
Yb1Co0.54Si2Rh1.46,4.803880122969587,4.668164894473364,63661.977236719955,46576.290247030534
YbCrO3,4.405940114297549,4.804110207470903,25464.790894687987,63695.71359686255
GYbI,2.201820131641625,4.397106958045481,159.1549430918,24952.091713946364
YbGe7Ir3,3.6789413863612874,4.903559396959933,4774.648292754002,80086.51525844615
Yb(Al3Ni)3,4.9519426584250255,5.328562501936467,89524.65548913761,213089.72157380462
YbBiPt,5.502850127305606,4.583054066478563,318309.8861835997,38287.2405157043
Z1C0.1,4.797867139187064,5.090679715961137,62786.62504971508,123219.5776778161
Z1C0.2,4.774110737793042,4.845461619598427,59444.37124478725,70058.62664203868
Z1C0.3,4.7307368319192795,4.9347945871381445,53794.3707650284,86058.66151401417
Z1C0.4,4.454673162621518,4.4939137264717015,28488.73481343218,31182.70071538856
LZCF9,4.2061415054242675,4.01800999443317,16074.649252271804,10423.414165545331
LZCF18,4.160861523962718,4.104248848166094,14483.099821353795,12713.023452647578
LZCF27,4.115633984025341,4.066996995170673,13050.705333527587,11668.01544078749
LZCF36,4.0710518513726015,4.070021478249352,11777.465788793215,11749.55661518609
ZPC,3.7649035250277962,4.175707207791005,5819.739226566303,14986.741202557536
ZHC,3.8427981889999567,3.9766825041201974,6963.028760266247,9477.25364664873
LZCuF9,4.197455326239175,4.192990517728456,15756.339366088208,15595.184523393304
LZCuF18,4.167961864380658,4.21937979844799,14721.832235991511,16572.185978478563
LZCuF27,4.123506607125227,4.163205371432248,13289.437748165314,14561.475083989146
LZCuF36,4.085481566795242,4.176331657215899,12175.3531465227,15008.305356751482
GZincdopedYI,3.8352885872212115,4.1889839888441465,6843.662552947402,15451.974716177245
GZincdopedYI,3.4973872316041037,4.1889839888441465,3143.310126063049,15451.974716177245
GZincdopedYI,3.7137034926204993,4.1889839888441465,5172.535650483501,15451.974716177245
Zn0.05Fe1,6.760348708603697,4.78492959174104,5759021.615776782,60943.808651414096
Zn0.1Fe1,6.490181159114576,4.397875038550548,3091584.769558213,24996.260298904363
Zn0.2Fe1,6.290664694368629,3.779636218850233,1952831.1517363852,6020.550711683715
ZnFe3O4,3.0469181716558817,3.2832931443388067,1114.0846016426,1919.964259652186
MnFe2SiO6,4.046918171655881,3.9739579957284406,11140.84601642599,9417.985028643961
Zn0.1Fe2Co0.7Si1Ni0.2O6,3.264402115869788,3.984399372671918,1838.2395927102903,9647.157583861215
Zn0.1Fe2.9O4,2.971566598821078,3.4922033712764233,936.6268400952428,3106.013730712159
Zn0.25Fe2Co0.375Ni0.375O4,4.255138715845514,3.7098154709068494,17994.45575331665,5126.43518585825
Zr0.05Zn0.25Fe1.9Co0.75Ni0.05O4,3.972108667258613,4.17430936162471,9377.966289269676,14938.581528322293
Zr0.1Zn0.25Fe1.8Co0.75Ni0.1O4,3.974757630245167,4.129564016733553,9435.341646254266,13476.09353682082
Zr0.15Zn0.25Fe1.7Co0.75Ni0.15O4,4.047541247275424,4.058820997282525,11156.841088206731,11450.408938231081
Zr0.2Zn0.25Fe1.6Co0.75Ni0.2O4,4.046095335241904,4.149110441235793,11119.757986466328,14096.47226619241
Zr0.25Zn0.25Fe1.5Co0.75Ni0.25O4,4.049849053750882,4.120256925653801,11216.285459451514,13190.36840981905
Zn0.25Fe2Co0.75O4,4.599243891756766,4.201964478544908,39741.46675485176,15920.78503757392
Mn0.75Zn0.25Fe2Si1O6,4.011379846276893,3.851806781091555,10265.493829421106,7108.97163020806
Zn0.2Fe2.8O4,2.806262197902348,3.6245024443289884,640.1211811152198,4212.136574538999
Mg0.8Zn0.2Fe2O4,3.201820131641625,3.4088684394649693,1591.549430918,2563.7072967495437
Zn0.2Fe2Ni0.8O4,3.8981765203749568,3.607701970342326,7910.0006716624575,4052.3035527956677
Mg0.35Mn0.14Zn0.35Fe2Co0.02Ni0.14O4,3.201820131641625,3.4786862416987265,1591.549430918,3010.830048471651
Zn0.3Fe2Co0.5Si1Ni0.2O6,3.2529726540890063,3.756279153691818,1790.4931097827507,5705.308775043995
Zn0.3Fe2.7O4,2.4722660396595875,3.814902364325174,296.6648139231152,6529.837359657675
La0.1Mg0.45Zn0.4Fe1.9Co0.15O4,4.625066005578432,4.009316725031256,42176.05991932696,10216.843124862819
La0.1Mg0.3Zn0.4Fe1.9Co0.3O4,4.660457980667274,4.145534234793029,45757.04613889245,13980.871201233109
Zn0.4Fe2Co0.3Ni0.3O4,4.092995061392234,3.8332602984012234,12387.824995550265,6811.775063857926
La0.1Mg0.15Zn0.4Fe1.9Co0.45O4,4.699440781422912,4.323582464486977,50054.229602371066,21066.01865735729
La0.1Zn0.4Fe1.9Co0.6O4,5.025945965558174,3.5052289077319876,106156.34704223064,3200.5816262517724
Zn0.4Fe2.6O4,2.4944084441071794,3.538016301894558,312.18242087456565,3451.5669506677455
La0.1Mg0.6Zn0.4Fe1.9O4,4.609211036112357,3.7883376455758206,40664.087959954944,6142.393646823831
Mn0.4Fe0.6O2,1.9007901359776436,4.833926851939984,79.57747154589998,68222.37777640579
Mn0.5Zn0.5Fe2Si1O6,3.9421828211358685,3.78509128628102,8753.521870048997,6096.650319669016
Zn0.55Fe2Co0.225Ni0.225O4,3.918366004368718,3.6194814308188397,8286.402112074567,4163.719177806185
Mg0.23Mn0.09Zn0.58Fe2Co0.01Ni0.09O4,3.0469181716558817,3.2651768603993325,1114.0846016426,1841.5217829735718
Ca0.5Zn0.5Fe2O4,4.713703492620499,2.7216143152416183,51725.356504834956,526.7618512025203
Zn0.5Fe2Co0.3Si1Ni0.2O6,3.2352438871285747,3.6028939812921683,1718.8733853914407,4007.688711517044
Zn0.5Fe2Co0.5O4,3.8038801229695873,3.8216546227074057,6366.197723672001,6632.154315189372
Zn0.5Fe2.5O4,2.5072789864202916,3.2737534252321896,321.5725625169818,1878.2501198860095
Mg0.5Zn0.5Fe2O4,3.8964253305751937,3.210903659404205,7878.169683044103,1625.1881963299736
Ce0.08Mn0.5Zn0.5Fe1.92O4,3.4883888656988886,3.587106284579945,3078.8523741108716,3864.6154394098126
Mn0.5Zn0.5Fe5O8,3.5997601403136623,4.302877808035593,3978.8735772949994,20085.27619001626
Sm0.05Mn0.5Zn0.5Fe1.95O4,2.917823475276424,3.367514885747647,827.6057040773597,2330.853005533314
Zn0.5Fe2Ni0.5O4,3.392151829811916,3.4807923161814767,2466.9016179228993,3025.46627489502
Ca0.4Zn0.6Fe2O4,0.8598315282987372,3.3798330286450398,7.2415499106769,2397.91082718295
Mg0.4Zn0.6Fe2O4,3.9007901359776436,3.27180764445173,7957.74715459,1869.8537706141701
Zn0.6Fe2Ni0.4O4,3.547193862200713,3.3085590732934667,3525.281989483369,2034.974976937184
Zn0.75Fe2Co0.25O4,3.9140614381621344,3.3691875010290135,8204.676048796926,2339.847219413482
Zn0.75Co0.25O1,3.9421828211358685,3.743837338479454,8753.521870048997,5544.180212353996
Mn0.25Zn0.75Fe2Si1O6,3.8920162116701382,3.7043697265819495,7798.592211498196,5062.554675048351
Zn0.7Fe2Co0.15Ni0.15O4,3.5982548757943533,3.432936623349984,3965.106674717562,2709.796162131017
Zn0.7Fe2Co0.1Si1Ni0.2O6,3.1885918659078696,3.6242761599827995,1543.8029479904599,4209.942458928582
Zn0.7Fe2Co0.3O4,3.264590081456753,3.5074836237647236,1839.0353674257492,3217.2412157214335
Zn0.7Co0.3O1,3.113943352306837,3.5860029117347314,1300.0000000000005,3854.8094212063274
Zn0.8Cr0.2O1,4.227125996906395,4.0064883301851175,16870.42396773079,10150.520910035984
Zn0.85Fe2Co0.075Ni0.075O4,3.449302392318679,3.21465036233928,2813.8593938630243,1639.2695143491103
Zn0.85Cr0.15O1,4.227125996906395,4.1371454496478925,16870.42396773079,13713.409653299717
Tb0.15Zn0.85Fe2O4,4.293434337716071,3.69785516882086,19653.248147690916,4987.18144149044
Tb0.12Zn0.88Fe2O4,4.288802479341834,3.791076334502689,19444.755172240664,6181.250363812177
Ca0.2Zn0.8Fe2O4,0.4570926367449309,2.873747784521239,2.8647889756524,747.735129010441
Zn0.8Fe2Ni0.2O4,3.288179962316373,3.149451932919492,1941.6903057199609,1410.7560873887403
Zn0.9Cr0.1O1,4.233228595893249,4.108749437416219,17109.1563823685,12845.453383814578
Mn0.1Zn0.9O1,3.2810013776892495,3.9805161565944296,1909.8593171015993,9561.282641782778
Zn0.9Ni0.1O1,3.9977001489857003,4.117376765089679,9947.183943237505,13103.181752068847
Tb0.09Zn0.91Fe2O4,4.290611598888167,3.9728374430082605,19525.9241932175,9393.71636722365
Zn0.92Ga0.03Co0.05O1,4.6450831191003195,3.836562216658945,44165.49670797446,6863.762010406143
Zn0.93Cu0.07O1,4.499580642740758,4.294620403586804,31592.256203722274,19706.994872366664
Tb0.06Zn0.94Fe2O4,4.294312694301182,3.9729308193321646,19693.03688346387,9395.736298496606
Zn0.95Co0.05O1,4.201820131641625,4.010830350356905,15915.494309180018,10252.513512739108
Zn0.95Co0.05O1,3.5997601403136623,4.010830350356905,3978.8735772949994,10252.513512739108
Zn0.95Cr0.05O1,4.258724982978097,4.150084993924196,18143.663512465188,14128.14013384606
Zn0.95Cu0.05O1,4.489621861571851,4.332544524171808,30876.058959809197,21505.25141369668
Zn0.95Fe0.05O1,4.392151829811916,3.8689269912338773,24669.016179228995,7394.809512818377
V0.05Zn0.95O1,4.15606264108095,4.085101311707055,14323.944878261997,12164.697441836879
Zr0.05Zn0.95O1,3.6121755150760952,3.9568592046923894,4094.2609110365543,9054.390161609403
Mn0.02Al0.008Zn0.972O1,4.201820131641625,3.7559585760708574,15915.494309180018,5701.09891396242
Zn0.97Cu0.03O1,4.5135739926973795,4.230052031425953,32626.763333819028,16984.471257636924
Gd0.01Mn0.02Zn0.97O1,4.648978162983844,4.125416202501347,44563.38406570398,13348.00013887849
Na0.02Gd0.01Zn0.97O1,3.9421828211358685,4.360852138617052,8753.521870048997,22953.670265638288
Tb0.03Zn0.97Fe2O4,4.297616925246427,3.7118606409432857,19843.438304685606,5150.633414014746
Zr0.03Zn0.97O1,3.581397564969431,4.006516967460276,3814.148211194984,10151.19025504592
Zn0.98Co0.02O1,4.0768813950333245,4.037470506030115,11936.62073188499,10901.10457880593
Mn0.02Zn0.98O1,3.8550326454169683,4.018399856608315,7161.972439130997,10432.775369993396
Ti0.02Zn0.98O1,3.9007901359776436,3.9632666162652725,7957.74715459,9188.965400470599
Zn0.9Fe2Co0.1O4,2.7568540893107434,3.229978447527022,571.2866682280161,1698.1593768290275
Zn0.9Co0.1O1,3.8550326454169683,3.9815201767878325,7161.972439130997,9583.412386281783
Zn0.9Cu0.1O1,4.467816502136704,4.22126304546985,29364.087000437084,16644.20458935018
Zn0.9Fe0.15Co1.85Ni0.1O4,1.2821460991494678,2.116816566419702,19.149000000000004,130.86290787227003
Zn0.9Fe0.05Co1.95Ni0.1O4,1.1950135628758283,1.7252860047388103,15.668000000000001,53.12341734579497
Zn0.9Fe0.1Co1.9Ni0.1O4,0.9376683143990051,1.984071844739775,8.662999999999998,96.39884817249376
Zn0.9Co2Ni0.1O4,0.22193559982800534,3.8867388038410344,1.667,7704.399667753973
Fe3O4,2.7131017451087676,3.776481138439943,516.5373678044372,5976.97085933151
ZnFe2SiO6,3.7458881759919005,3.642050971681958,5570.423008213001,4385.821696678279
Al2ZnO4,4.137176224587198,4.51447254775921,13714.381446220405,32694.33797237729
Zn(CoO2)2,5.599760140313663,2.860712443566453,397887.35772950033,725.6253449959693
ZnFe2CoO4,2.3845146986856527,3.7433104926591776,242.3900000000001,5537.458604528226
Zn1Fe1.7Mo0.3O4,1.3404441148401183,1.2092967951005713,21.899999999999995,16.19186204958898
Zn1In0.15Fe1.85O4,3.5540026497529875,3.6075669822896534,3580.986219565502,4051.044205543053
Zn1Fe1.8Mo0.2O4,0.11727129565576427,1.540170483045109,1.31,34.687298931799106
Zn1In0.05Fe1.95O4,3.792884738668124,3.4044047316637522,6207.042780580199,2537.492291841125
Eu0.03Zn1Fe1.97O4,3.138836239106439,3.87046475527593,1376.69025774407,7421.039706070768
Nd0.03Zn1Fe1.97O4,4.057642037047655,3.314768689285177,11419.36716683666,2064.280401205483
Zn1In0.1Fe1.9O4,3.8146039883613603,3.506573612473908,6525.352666763799,3210.5069357617153
Zn1Fe1.9Mo0.1O4,0.7427251313046983,1.5386213615146176,5.53,34.56379029416376
ZnFeO,3.950008158647825,3.446380751916289,8912.676813140795,2794.9931761691564
Zn(FeO2)2,1.3479481673198628,3.4827106101259,22.281692032851996,3038.859422671083
ZnFe3O,3.5997601403136623,3.619935883442305,3978.8735772949994,4168.07843989426
ZnFe5O,4.037510703134051,3.596412677540221,10902.113601788307,3948.32303464889
AlZnFeO4,4.264176449727063,3.3278618840650904,18372.846630517397,2127.462354952051
ZnO,4.201820131641625,3.625759913622158,15915.494309180018,4224.350194657482
ZnCoO,4.554002649752987,3.5568710306187343,35809.86219565498,3604.7158041277976
Zr,1.462397997898956,4.974527866997223,29.0,94303.51204349528
Zn0.5Fe0.5O2,3.5281047755785244,3.1558289831822464,3373.6869061884295,1431.6240422376363
Zn0.5Fe0.5O2,3.2478878148065036,3.1558289831822464,1769.6517699848785,1431.6240422376363
Zn0.5Fe0.5O2,2.960713108362777,3.1558289831822464,913.5095846111586,1431.6240422376363
Zn0.5Fe2Ni0.5O4,3.722041567523585,3.4807923161814767,5272.803264631336,3025.46627489502
Zr0.05Zn0.45Fe2Ni0.5O4,3.2705624245746066,3.3899728018474073,1864.5001583204378,2454.555191749047
Zr0.15Zn0.35Fe2Ni0.5O4,1.7641129960980995,3.8566943651602417,58.09155422850699,7189.428437398267
Zr0.25Zn0.25Fe2Ni0.5O4,4.03858717903583,3.672024407787532,10929.16994211391,4699.205178697494
Sm0.3Zr0.7Fe10Si2,5.2810013776892495,5.49069515192648,190985.93171015996,309524.58638563944
Sr0.2Zr0.8Fe2O4,2.3091189319555587,2.9716999573164498,203.76,936.9144935904226
Sr0.15Zr0.85Fe2O4,2.099922232196922,2.690823019179863,125.87,490.70786537209665
Sr0.1Zr0.9Fe2O4,2.3106933123433606,2.3624545830584527,204.5,230.38520349689233
Sr0.05Zr0.95Fe2O4,2.490379920003179,2.4536423879553437,309.2999999999999,284.2119850750676
Zr15Ti2Co83,5.315763483948461,5.038676380131133,206901.42601933988,109314.14948890006
Zr16Co74Si3B3Mo4,5.887561870243888,5.460085090033614,771901.4739952298,288459.66182496806
Zr16Nb3Co75(SiB)3,5.582031373353231,5.4186726262187435,381971.86342032,262224.11371151306
Zr16Nb2Co76(SiB)3,5.524039426375544,5.442871451419307,334225.38049277983,277249.9339890971
Zr16NbCo77(SiB)3,5.44485818032792,5.461595049580771,278521.15041065024,289464.32686396665
Zr16Co78(SiB)3,5.3631881338766,5.212737905148179,230774.66748310998,163206.67053926486
Zr9Co39Si2,5.5135739926973795,4.966494865056902,326267.63333819027,92575.24392893675
Zr18Co79Cu3,5.076881395033325,4.902474358454201,119366.20731885014,79886.6773709849
Zr9Co41,5.24321281679985,4.500378628285698,175070.43740097995,31650.358113778555
Zr2Co11,4.3631881338766,4.86088294585401,23077.466748310995,72591.02785507574
Zr2Fe1.5Co9.5B1,5.115633984025341,3.1571860515020607,130507.05333527588,1436.1045279310645
Zr,6.0011606810952065,4.974527866997223,1002676.14147834,94303.51204349528
Zr6Co23,2.2355284469075487,4.9457425750005175,171.99999999999991,88255.66161207094
Zr7Fe52Si41,5.625066005578432,3.1502795429443524,421760.5991932696,1413.4470473440367
Zr(FeO2)2,2.2620237046063174,3.6550175661044992,182.82000000000008,4518.742211654255
ZrO2,3.415603430976929,4.659548111002967,2603.774868981849,45661.28308230105
ZrO2,3.5540026497529875,4.659548111002967,3580.986219565502,45661.28308230105
ZrO2,3.8785137412664916,4.659548111002967,7559.8597968605045,45661.28308230105
ZrZn2,1.5997601403136625,3.84230082457887,39.78873577295001,6955.059097696283
La0.51Ce1.19Pr15.3Fe78B6,6.1413393842602435,5.8124887560042495,1384648.0048986606,649364.8191365184
La1.53Ce3.57Pr11.9Fe78B6,6.073976404389918,5.882441448477696,1185704.326033911,762854.0363520185
La2.55Ce5.95Pr8.5Fe78B6,5.825069422039525,5.816494616165679,668450.7609855598,655382.1611830601
La3.57Ce8.33Pr5.1Fe78B6,5.77002185570862,5.634976103665215,588873.2894396606,431495.33385826397
La1.5Ce1.5Dy7Fe84B6,5.853698211776175,5.707046485018535,714000.0000000008,509385.39056668873
La1.5Ce1.5Nd7Fe84B6,5.562292864456475,5.8301665410800325,364999.99999999994,676342.286032948
La4.84Ce10.12Pr7.04Nd7.04Zr2.5Fe74.2B1.3,5.668687751995734,5.514158791910752,466323.9832589741,326707.2649304308
La4.84Ce10.12Pr7.04Nd7.04Fe76.7B1.3,5.310723259308938,5.709125896159398,204514.10187296302,511830.18675955164
EMe2Fe2HC3I5N3Cl4,4.377911390697306,4.664589309969026,23873.241463769984,46194.39780448303
Fe260Co140Si,3.651714883622836,3.641015351782047,4484.50883149765,4375.37571306211
Fe585Co315Si,3.636141481146435,3.558306426441028,4326.547550479037,3616.6495364651296
Cu13B85.5,0.47712125471966244,2.79752134582713,3.0,627.3665306572153
Ni13B85,0.6627578316815741,2.5526961363692138,4.6,357.02295182780057
Nb85Cu13B,0.3979400086720376,3.4913792395481376,2.5,3100.1252440774374
Fe2O3,6.201820131641625,3.8462599993077484,1591549.4309180018,7018.7536476351925
Fe3N,3.7758513993693437,3.5804078768799004,5968.3103659425005,3805.466269851632
Fe8N,5.012388660858038,4.09119974562356,102893.6707088488,12336.721071754935
V2CoO6,6.0768813950333245,5.005949817969586,1193662.073188499,101379.42366715381
Cr,5.201820131641625,3.78739726081693,159154.94309180017,6129.107813231921
VO,4.599760140313663,4.306049572384884,39788.73577295003,20232.501086423817
Cr0.4Se0.6,6.099447222932066,4.860881409841934,1257324.0504252198,72590.77111569059
Cr0.6Se0.4,5.885767262393137,4.793841207719356,768718.375133394,62207.279340360525
Fe2O3,3.9799713820252687,3.8462599993077484,9549.296585508004,7018.7536476351925
LiFeO2,3.5682430888675976,3.9824660464276604,3700.3524268843503,9604.307280267642
Mn2O3,4.9421828211358685,5.434278753935311,87535.21870048996,271818.338770722
MnBi,5.099447222932066,5.808218372021637,125732.40504252199,643010.9549173751
Fe8N,5.201820131641625,4.09119974562356,159154.94309180017,12336.721071754935
FeC,2.201820131641625,4.109769329973477,159.1549430918,12875.654959013415
Co0.95N16,4.377911390697306,4.499094442429531,23873.241463769984,31556.907907442615
Fe8N,5.24321281679985,4.09119974562356,175070.43740097995,12336.721071754935
Fe,1.0,2.9516388181683886,10.0,894.6204432913529
FeSi2,4.451018489032737,2.6430411829316975,28250.002398794473,439.58329791681257
FeB,3.6343885969389826,3.866224647719333,4309.120084210484,7348.939087888245
Li2IrO3,6.377911390697306,5.01793330120195,2387324.146376998,104215.73629306456
V2PO5,5.01473348828448,4.4259339279475105,103450.71300966993,26664.52968777944
Fe4N,3.3681021989581956,3.805150395062146,2334.0072404412463,6384.845534696089
Mn0.74Co0.15O2,5.262517971995236,4.061342093860824,183028.18455556987,11517.072317822393
Fe2O3,4.730093908808668,3.8462599993077484,53714.793293482486,7018.7536476351925
Fe2CoO3,3.9799713820252687,4.047863380548123,9549.296585508004,11165.119625268157
GTi(FeO3)2,4.322394062847475,4.441177867444039,21008.452488117608,27617.08696032385
FeO,4.20807218301099,3.5743447391732213,16146.268976663125,3752.707707127339
FeSiH2NO3,3.4681694436286223,3.962375966243731,2938.796024190087,9170.140003678622
Mn2O3,6.24321281679985,5.434278753935311,1750704.3740097994,271818.338770722
Fe4N,2.603220672423169,3.805150395062146,401.0704565913361,6384.845534696089
Fe4N,2.9007901359776436,3.805150395062146,795.7747154589999,6384.845534696089
CrO2,6.201820131641625,4.459980928517041,1591549.4309180018,28839.048573774948
Fe0.2N2.8,4.210420303403542,4.019406435821686,16233.8041953636,10456.983814759471
Fe0.3N2.7,4.214657356346797,4.067415648529168,16392.95913845541,11679.268655540429
Fe0.4N2.6,4.19964321238735,3.8865614721835247,15835.916837634106,7701.254439972105
Fe2.26N1,3.905111509760286,3.330559468652445,8037.324626135901,2140.7180387190433
Fe2.93N1,2.8808135922807914,3.7453874263671163,760.0,5564.003908137848
Fe2O3,6.201820131641625,3.8462599993077484,1591549.4309180018,7018.7536476351925
Fe23N,4.211654400553183,3.9848367183239923,16280.000000000016,9656.87741154849
Fe3N,4.495734872672727,3.5804078768799004,31313.735053311626,3805.466269851632
Fe3N,4.2810013776892495,3.5804078768799004,19098.593171015993,3805.466269851632
Fe3N,4.102187260298095,3.5804078768799004,12652.817975798092,3805.466269851632
Cr9Si38,4.179543736930473,3.858939339796035,15119.71959372101,7226.688575764702
MnAl,4.653212513775344,5.264283490645391,45000.00000000002,183773.75559246584
MnAlC,5.104910118633568,4.7100106701821,127323.95447343994,51287.39846386501
MnAlC,5.076881395033325,4.7100106701821,119366.20731885014,51287.39846386501
Fe16N2,5.812913356642856,5.3762109965552085,650000.0000000001,237799.5325379439
Fe14Co2N2,5.9084850188786495,5.738859214424897,809999.9999999995,548099.2583620506
Fe13Co3N2,5.880813592280791,5.706802640158678,760000.0000000001,509099.46442606713
Fe12Co4N2,5.832508912706237,5.664040651707296,680000.0000000005,461360.7577586808
Fe10Co6N2,5.740362689494244,5.622005672112938,550000.0000000002,418799.0348164996
Fe8Co8N2,5.623249290397901,5.583613630313562,420000.0000000003,383366.03249661165
Fe6Co10N2,5.556302500767288,5.5406878626220495,360000.00000000035,347286.46899521607
Fe4Co12N2,5.491361693834273,5.484047597394122,310000.00000000023,304822.9048233661
Co16N2,5.3979400086720375,5.009384961717205,249999.99999999994,102184.4852929936
Fe3Co3Ti2,5.653212513775344,5.486020261532497,450000.00000000023,306210.62895671144
Fe3Co3Nb2,5.7160033436347994,5.568554052937075,520000.00000000035,370300.2906570197
Fe3Co3Ta2,5.785329835010767,4.37370411705787,610000.0000000001,23643.083556457288
Fe3Co3Mo2,5.57978359661681,4.808600834962259,380000.0,64357.74741602591
Fe3Co3V2,5.6127838567197355,5.122502819277799,409999.99999999994,132587.57248233206
Fe4Co2Ti2,5.5910646070264995,5.4042811795953725,390000.0000000003,253677.0505488767
Fe2Co4Ti2,5.681241237375588,5.233385195789026,480000.0000000004,171153.2679284287
Fe4Co2Nb2,5.662757831681574,5.3130451153692695,460000.00000000023,205610.41770566435
Fe2Co4Nb2,5.748188027006201,5.352409559904038,560000.0000000003,225117.65693748952
Mn9Bi10,6.1303337684950066,6.034717477159308,1350000.0000000014,1083222.0132280216
Mn19Al19C2,5.740362689494244,5.117842376023036,550000.0000000002,131172.37321661913
Fe19Pt21,6.469822015978163,6.370371034637564,2950000.000000003,2346232.436776497
Fe10Pt9Rh,6.414973347970818,5.737902765484797,2600000.0000000014,546893.504791516
Co19Pt21,6.371067862271737,5.693664053033483,2350000.0000000023,493928.4625495482
Fe19Pd21,5.8061799739838875,5.18697817298159,640000.0000000005,153807.73367972547
Co5Zr,5.653212513775344,4.981688621607964,450000.00000000023,95871.30115469712
Co24FeZr5,5.633468455579586,5.499331170825783,429999.99999999965,315741.1386537062
Co9FeZr2,5.5910646070264995,5.483218211982995,390000.0000000003,304241.33073144034
Co11Zr2,5.57978359661681,4.9475279046212375,380000.0,88619.21621268912
Co10FeZr2,5.556302500767288,5.083940909199222,360000.00000000035,121322.37660712727
Co7Hf,5.698970004336019,5.405300237344601,499999.99999999994,254272.9943307148
Co6FeHf,5.672097857935717,5.329699188644913,469999.9999999996,213648.1756171239
Fe2CoC,5.161368002234975,4.40061089723571,145000.00000000012,25154.222448747532
FeCo2C,5.243038048686294,4.551987595631918,175000.0,35644.095257407396
Fe3CoB2,5.1303337684950066,4.071442024059738,135000.00000000015,11788.051486935761
Fe5PB2,5.096910013008056,3.7357131150508467,124999.99999999994,5441.430856835002
Fe9CoSi2B4,5.161368002234975,2.952136692764943,145000.00000000012,895.6466230298632
Fe15.5Co0.5N2,5.707224732057788,5.712088750984494,509594.5000000003,515333.9457632917
Fe15Co1N2,5.725446721098746,5.782640659794511,531430.7999999997,606234.5166638196
Fe14.5Co1.5N2,5.740419617821378,5.804602825677581,550072.1000000001,637680.0433969997
Fe13.5Co2.5N2,5.7376489688767816,5.8633361022399875,546574.0000000005,730022.2588474808
Fe12.5Co3.5N2,5.696655747746761,5.826642532961888,497342.7,670876.4283775706
Fe11.5Co4.5N2,5.6558676675621875,5.743443384996525,452759.6000000003,553915.3303512676
Fe11Co5N2,5.641303036179311,5.70667921166895,437827.5000000002,508954.79657477466
Fe10.5Co5.5N2,5.629771666044421,5.63243531238702,426355.29999999964,428978.28870731505
Fe9.5Co6.5N2,5.610499508287254,5.661559888743131,407849.0999999999,458732.90021154087
Fe9Co7N2,5.601155391635123,5.620479477560375,399167.6999999997,417329.8772164218
Fe8.5Co7.5N2,5.59157788465867,5.604747729079251,390461.20000000036,402483.1738912758
Fe7.5Co8.5N2,5.571394698865783,5.5846126886734755,372730.29999999976,384248.9493405518
Fe7Co9N2,5.560716313536831,5.556259577998269,363677.3999999999,359964.42176007363
Fe6.5Co9.5N2,5.549608398870921,5.5582666514694825,354493.6000000004,361631.8319856975
Fe5.5Co10.5N2,5.525978637421967,5.530002206760294,335721.1,338845.8778965826
Fe5Co11N2,5.513386222792728,5.506003114010085,326126.6,320629.2314414898
Fe4.5Co11.5N2,5.500221375829603,5.494851125186758,316389.0000000001,312500.7940378817
Fe3.5Co12.5N2,5.471983097180812,5.472416445373706,296471.6000000002,296767.5732544003
Fe3Co13N2,5.456798745310555,5.451750541493119,286285.10000000027,282976.61128224933
Fe2.5Co13.5N2,5.44081780769203,5.441910014615112,275942.00000000006,276636.8397243666
Fe2Co14N2,5.423964405319238,5.423935769874337,265438.79999999993,265421.29872409685
Fe1.5Co14.5N2,5.406151184980315,5.392014518528298,254771.70000000004,246612.17786694822
Fe1Co15N2,5.387277144341828,5.391890939965998,243936.7000000001,246542.0143164193
Fe0.5Co15.5N2,5.367225426685831,5.381822092878066,232930.00000000015,240891.84220515494
Mn0.85Bi1.15,5.989004615698537,5.959399917281941,975000.0000000005,910751.5463205107
Mn0.875Bi1.125,6.005395031886707,5.974789771650681,1012500.0000000012,943603.9965889899
Mn0.925Bi1.075,6.036429265626675,6.0486993104981694,1087500.0000000012,1118663.0941603929
Mn0.95Bi1.05,6.051152522447381,6.074791168240152,1125000.0000000002,1187930.870078092
Mn0.975Bi1.025,6.065392961561992,6.0319389670293635,1162500.0000000012,1076313.944718512
Mn1.025Bi0.975,6.065392961561992,6.063731823141594,1162500.0000000012,1158062.0319745438
Mn1.05Bi0.95,6.051152522447381,6.036095912422805,1125000.0000000002,1086665.5834259996
Mn1.075Bi0.925,6.036429265626675,6.030764150835853,1087500.0000000012,1073406.3270167958
Mn1.125Bi0.875,6.005395031886707,5.9715944593715315,1012500.0000000012,936686.9278408893
Mn1.15Bi0.85,5.989004615698537,5.98781025256177,975000.0000000005,972322.3139847884
Mn0.85Al1.15,5.5910646070264995,5.568990128563861,390000.0000000003,370672.2963716168
Mn0.875Al1.125,5.607455023214668,5.549265218147101,404999.9999999997,354213.5888053968
Mn0.9Al1.1,5.623249290397901,5.583505519280596,420000.0000000003,383270.611207042
Mn0.925Al1.075,5.638489256954637,5.605698464957433,434999.99999999965,403365.23516630795
Mn0.95Al1.05,5.653212513775344,5.59814343507189,450000.00000000023,396408.93519495585
Mn0.975Al1.025,5.6674529528899535,5.590667794077227,464999.9999999996,389643.8214672916
Mn1.025Al0.975,5.6674529528899535,5.566592267240985,464999.9999999996,368631.35043404304
Mn1.05Al0.95,5.653212513775344,5.6023047028520025,450000.00000000023,400225.4511543508
Mn1.075Al0.925,5.638489256954637,5.586895397852542,434999.99999999965,386273.9297082726
Mn1.1Al0.9,5.623249290397901,5.553728961005623,420000.0000000003,357873.022295325
Mn1.125Al0.875,5.607455023214668,5.559513840957021,404999.9999999997,362671.8444056103
Mn1.15Al0.85,5.5910646070264995,5.5329872771523885,390000.0000000003,341182.91637212166
Fe0.85Pt1.15,6.278753600952829,6.2450958680843165,1899999.9999999995,1758311.708623787
Fe0.875Pt1.125,6.311753861055754,6.289610478346587,2049999.9999999995,1948096.5550038596
Fe0.9Pt1.1,6.342422680822207,6.317617529225345,2200000.000000002,2077865.963745198
Fe0.925Pt1.075,6.371067862271737,6.346002214216685,2350000.0000000023,2218207.7291312097
Fe0.975Pt1.025,6.423245873936808,6.298462035088638,2650000.0,1988208.9986609924
Fe1.025Pt0.975,6.423245873936808,6.302449705007691,2650000.0,2006548.701167803
Fe1.05Pt0.95,6.3979400086720375,6.380443321033172,2499999.999999999,2401282.8604654428
Fe1.075Pt0.925,6.371067862271737,6.376043695061949,2350000.0000000023,2377079.4363553873
Fe1.1Pt0.9,6.342422680822207,6.336210123126448,2200000.000000002,2168753.1510043642
Fe1.125Pt0.875,6.311753861055754,6.242231486528774,2049999.9999999995,1746752.9546030841
Fe1.15Pt0.85,6.278753600952829,6.219557640120634,1899999.9999999995,1657897.3605116361
