reduced_formula,True_TC,Predicted_TC
Al0.02Zn0.9795Ag0.0005O1,298.15,309.5353489208733
Zn0.9995Ag0.0005O1,298.15,313.1186172400915
Li0.475Fe2.5Ag0.025O4,893.0,888.888866398655
La0.975Mn1Ag0.025O3,117.0,221.94803387033707
Al0.02Zn0.96Ag0.02O1,298.15,303.5715398566734
Zn0.98Ag0.02O1,298.15,320.31733578606634
La0.97Mn1Ag0.03O3,272.0,212.8245878808769
Ag0.03Sn0.97O2,304.3,309.6396261775933
Ba0.3La0.65Mn1Ag0.05O3,300.0,299.0329122136385
Ga0.95Fe3Ag0.05C1,546.0,547.3364801734187
Ca0.285La0.665Mn0.95Ag0.05O2.85,280.0,227.12038706415962
Ca0.3La0.65Mn1Ag0.05O3,255.0,228.96467004709945
Li0.45Fe2.5Ag0.05O4,900.0,889.5434446840591
K0.15La0.8Mn1Ag0.05O3,330.0,287.3954670352717
La0.67Mn1Ag0.05Pb0.28O3,332.0,271.0466373366206
Sr0.25La0.7Mn1Ag0.05O3,365.0,295.94704560686336
La0.95Mn1Ag0.05O3,115.0,225.4355923069017
La0.94Mn1Ag0.06O3,278.0,224.8343283818287
Ag0.06Sn0.94O2,318.9,312.4644066800261
Li0.425Fe2.5Ag0.075O4,915.0,879.4508476734636
Ce1Fe1.92Ag0.08,225.0,235.49898507306764
Ca0.21La0.7Mn1Ag0.09O3,263.0,232.92094358447576
La0.91Mn1Ag0.09O3,287.0,233.1763629121133
Ag0.09Sn0.91O2,357.6,305.531464612511
Sr0.0201Ca0.201La0.67Mn1O3,278.74,276.8712831300973
Co0.887Ag0.113,770.85,884.849021251988
Ag0.12Sn0.88O2,359.3,301.2096692481759
Ba0.1La0.75Mn1Ag0.15O3,315.0,274.73524863703256
Ca0.33La0.67Mn0.98Co0.02Ag0.15O3,244.3,222.03606776708097
Ca0.33La0.67Mn0.98Fe0.02Ag0.15O3,236.4,220.39943330077742
Ca0.33La0.67Mn0.98Ni0.02Ag0.15O3,245.4,226.29427826568337
Ca0.33La0.67Mn1Ag0.15O3,266.3,228.55797529892632
La0.85Mn0.4Co0.6Ag0.15O3,211.0,165.165100622362
La0.85Mn0.3Co0.7Ag0.15O3,149.5,148.2792132914729
La0.85Mn0.15Co0.85Ag0.15O3,57.2,125.88274885837777
La0.85Mn0.2Co0.8Ag0.15O3,94.5,135.10454665291974
La0.85Mn0.05Co0.95Ag0.15O3,11.5,115.61378010523387
La0.85Mn0.1Co0.9Ag0.15O3,21.0,119.24363854442205
K0.05La0.8Mn1Ag0.15O3,300.0,270.20067431653604
La0.65Sm0.2Mn1Ag0.15O3,164.0,210.96583357603436
La0.67Mn1Ag0.15Pb0.18O3,289.125,260.9439926034051
La0.75Sm0.1Mn1Ag0.15O3,248.0,225.71807417873254
La0.7Sm0.15Mn1Ag0.15O3,206.0,207.18687738720897
Sr0.15La0.7Mn1Ag0.15O3,305.0,281.6669475824826
La0.85Mn1Ag0.15O3,305.75,238.08412121898962
La0.85Mn1Ag0.15O3.1,246.0,230.3748046980208
La0.8Mn1Ag0.15O2.95,315.15,240.2050242979679
La0.8Mn1Ag0.15O3,281.5,237.663971915342
La0.8Sm0.05Mn1Ag0.15O3,265.0,232.1365154142134
Sr0.3Sm0.55Mn1Ag0.15O3,99.0,140.0584252081511
La0.834Mn1Ag0.166O3,292.5,239.63292903088606
Nd0.833Mn1Ag0.167O3,95.0,118.07545372344674
Eu0.81Ag0.19,70.0,95.36747750606466
V1Ag0.1Au3.9,28.0,86.08065862498749
Sr0.0201Ca0.201La0.67Mn1Ag0.1O3,279.27,276.8846728327763
Ca0.27La0.63Mn0.9Ag0.1O2.7,290.0,226.0450946101401
Ca0.2La0.7Mn1Ag0.1O3,266.0,232.5122013130168
Ca0.2La0.8Mn1Ag0.1O3,234.0,227.91348957129995
Ca0.3La0.6Mn1Ag0.1O3,199.625,234.96879364815038
Ca0.4La0.5Mn1Ag0.1O3,243.5,226.17960622068244
Zn0.5Fe2Co0.4Ag0.1O4,388.15,437.54819490320756
Mn1Fe1.9Ag0.1O4,416.0,510.60210287325384
Li0.4Fe2.5Ag0.1O4,896.0,851.8518632649224
Mn5Ag0.1Ge2.9,301.5,296.1153938118573
K0.1La0.8Mn1Ag0.1O3,310.0,274.876656641721
La0.67Mn1Ag0.1Pb0.23O3,313.765,270.6451439704415
Sr0.2La0.7Mn1Ag0.1O3,340.0,282.4803513347131
La0.85Mn1Ag0.1O3,209.0,234.94248165738807
La0.8Mn1Ag0.1O2.92,315.15,235.75239514718265
La0.9Mn1Ag0.1O2.97,318.0,235.13270161575474
La0.9Mn1Ag0.1O3,259.5,234.9614598002913
Sr0.3Nd0.7Mn0.9Ag0.1O2.7,226.0,164.80570334771747
Nd0.9Mn1Ag0.1O3,93.0,108.7833945557194
Sr0.4Pr0.5Mn1Ag0.1O3,283.0,234.00863231532117
Cr2Cu1Ag0.25Te4,330.0,246.90902337096932
Eu0.75Ag0.25,37.0,104.88152998375958
La0.75Mn1Ag0.25O2.9,320.15,241.44402669132725
La0.75Mn1Ag0.25O3,287.0,244.43352851729298
La0.7Mn1Ag0.25O3,279.35,241.5202474246675
Nd0.75Mn1Ag0.25O3,95.0,126.69360537448823
Co0.735Ag0.265,739.65,742.1418163583832
Co0.72Ag0.28,733.55,690.2660528782409
Mn3Cu0.8Ag0.2C0.2N0.8,165.0,176.02327052870072
Ca0.15La0.65Mn1Ag0.2O3,278.0,237.37212026264967
Ca0.1La0.7Mn1Ag0.2O3,296.0,236.89821549291344
Sr0.0201Ca0.201La0.67Mn1Ag0.2O3,280.28,273.0126219116635
Sr0.07Ca0.23La0.7Mn1Ag0.2O3,287.0,274.98655721902185
Sr0.05Ca0.25La0.7Mn1Ag0.2O3,276.0,275.762613485641
Sr0.03Ca0.27La0.7Mn1Ag0.2O3,265.0,281.192958859698
Sr0.0165Ca0.2835La0.7Mn1Ag0.2O3,258.0,273.546108588224
Sr0.1Ca0.2La0.7Mn1Ag0.2O3,302.0,274.9783348680558
Ca0.3La0.5Mn1Ag0.2O3,264.0,230.00868964975518
Ca0.3La0.7Mn1Ag0.2O3,250.0,229.10919063426863
Mn3Cu0.8Ag0.2N1,150.0,169.64360827605384
Mn1Fe1.8Ag0.2O4,411.0,477.1070728664813
La0.6Mn1.2Ag0.2O3,308.0,230.07315594455028
La0.7Mn1Ag0.2Pb0.3O3,346.0,257.42866964534505
Sr0.1La0.7Mn1Ag0.2O3,287.0,279.31505157842156
La0.8Mn1Ag0.2O3,306.0,243.2706476615455
Sr0.3Nd0.7Mn0.8Ag0.2O2.4,227.0,188.66424449928834
Sr0.3Pr0.5Mn1Ag0.2O3,305.0,219.78529246522245
Gd1Zn0.69Ag0.31,123.0,133.65468320124796
Ce1Si1.66Ag0.34,3.9,22.20643827839589
Fe1.3Co0.65Ag0.35O2.6,480.0,636.0802851578851
Sr0.0201Ca0.201La0.67Mn1Ag0.3O3,281.51,273.3305989516059
Ca0.2La0.5Mn1Ag0.3O3,260.0,234.13669431250298
Mn1Fe1.7Ag0.3O4,366.0,470.0260468824775
Gd1In0.7Ag0.3,116.0,121.65340640833698
La0.7Mn1Ag0.3O3,288.0,248.08079072850256
Sr0.3Nd0.7Mn1Ag0.3O3,228.0,188.4365222379799
Sr0.2Pr0.5Mn1Ag0.3O3,285.0,215.6092548935399
Gd1Zn0.575Ag0.425,72.0,125.29461578034163
Gd0.54Ag0.46,122.0,138.50388992398618
Ce1Al3Ag0.4Pd1.6,2.4,16.087219358576743
Ca0.1La0.5Mn1Ag0.4O3,254.0,240.5859052993041
Sr0.0201Ca0.201La0.67Mn1Ag0.4O3,282.14,271.7827706549938
Sr0.3Nd0.7Mn0.6Ag0.4O1.8,227.0,186.64148022628854
Nd0.6Mn1Ag0.4O3,97.0,140.1337810809286
Sr0.1Pr0.5Mn1Ag0.4O3,170.0,205.72430143011843
Sr0.0201Ca0.201La0.67Mn1Ag0.5O3,282.03,270.0624224671392
Sm1Co4.5Ag0.5,950.0,894.8167760756555
Cr2In0.5Ag0.5Se4,50.0,156.791396239451
La1Y1Mg1Fe11.65Cu1Si1.35Ni1Ag0.5Sn3H1,333.0,385.9542612227042
Dy0.5Ag0.5,18.0,41.576032792912756
Er0.5Ag0.5,6.0,15.156742687945504
La0.5Fe12Ag0.5O19,708.0,719.5205704958038
Ho0.5Ag0.5,11.0,21.771909545817678
Nd0.5Mn1Ag0.5O3,96.0,151.9153402798919
Sr0.3Nd0.7Mn1Ag0.5O3,228.0,184.00661980769246
Tb0.5Ag0.5,64.0,74.76441387278207
Ce1Ga3.325Ag0.675,3.0,12.758147280684744
Eu1Si1.33Ag0.67,34.0,36.71566342053009
Ce1Si1.32Ag0.68,8.0,13.284216587698085
Mn1Fe1.4Ag0.6O4,360.0,479.62908684246025
Co0.274Ag0.726,731.75,469.68305272826564
Ce1Al3.28Ag0.72,3.0,13.664987223370828
Co0.125Ag0.875,725.55,302.0344078369063
Gd1In0.2Ag0.8,40.0,108.2082403357253
Eu0.05Ag0.95,6.5,60.29108343535163
K0.1Nb1Ag0.9O3,525.0,199.7451169558423
ErAlAg,14.0,13.820360501321565
HoAlAg,18.0,16.88152973556137
TmAlAg,3.3,13.624699737476103
CeAl3Ag,3.5,13.729564097294515
PrAl3Ag,5.5,17.52571123066223
EuCdAg,27.0,39.170552313959014
CeAg,8.3,13.860097146891995
CeAgSb2,9.633333333333336,13.247052314677706
CeSi2Ag,7.0,13.967677683224974
Ce5AgGe2,14.6,13.871228709473066
Ce5AgSn3,5.0,17.20034622234346
AgCl,5.7,245.63073290042362
Fe2CoAgO4,850.0,607.3577914942299
SmCo4Ag,925.0,669.8304638945533
CrAgS2,673.0,191.5966083481381
DyCu4Ag,22.0,18.58361878787293
ErCu4Ag,8.0,20.42274682413262
GdCu4Ag,10.0,48.45519697973346
HoCu4Ag,20.0,16.85848581423489
TbCu4Ag,20.0,43.915562542036355
EuZnAg,29.0,42.44255302046821
Nd6Fe13AgH18,487.0,445.12180009361845
Nd6Fe13Ag,415.0,451.9188441680308
Fe3AgO4,860.0,640.1178385676687
HoGaAg,16.0,17.516083824285218
GdAgH,25.0,60.426048693498814
NdSiAg,32.0,19.101530040111307
ZnAgO,400.0,288.4430653371872
PrAg,14.0,16.543115642511204
Pr5AgSn3,33.5,27.239527391301436
Sm2Si3Ag,14.0,33.54427050453778
Sm1Co3.5Ag1.5,945.0,588.7515842365793
TbGdDyYHoErAlCoNiAg,24.0,66.09254862592172
FeAg2GeSe4,70.0,149.32067008391783
MnAg2GeSe4,64.0,137.55005401635432
Mn37In13(Ni24Ag)2,312.0,316.55232914648303
Co4Ag,400.0,951.2958467061626
Fe7Ag3,843.15,666.5888649190172
Mn25Ga19(Ni13Ag)4,406.15,344.82698111100007
Co3Ag2,500.0,573.8705195187985
Ni3Ag2,150.0,285.7176664699145
EuAg5,19.0,27.36170727920549
FeAg,421.05,744.2082629210382
Fe24Ag3B9Pt14,750.15,635.2446455743566
Fe3Ag7,843.15,412.4841959771419
Tb0.002Nd0.293Dy0.005Zr0.001Nb0.001Al0.001Ga0.0011Fe0.6864Cu0.1B0.0095,580.65,551.6847915360976
Pr14.8Nd14.8Al0.00255Fe78.7Cu0.00045B6.5,574.15,579.5237146304746
Pr0.02Nd1.96Al0.003Fe13.72B0.98,584.15,576.6799654025452
Tb0.55Pr0.217Nd1Al0.003Fe1Cu0.25B1,587.15,517.1572225688751
Pr0.017Nd0.98Al0.003Fe1B1,584.15,584.0545569821769
Mn1.2Al0.004Fe0.8Ge0.26P0.74,287.2,286.9939744604424
Pr2.22Nd2.22Al0.0051Fe11.66Cu0.0009B0.96,574.15,572.8314071689115
Pr0.034Nd1.92Al0.006Fe13.44B0.96,579.15,580.0280244699377
Tb0.022Pr0.048Nd1Al0.006Fe1Cu0.01B1,587.15,564.6457667592189
Pr0.04Nd0.96Al0.006Fe1B1,579.15,580.4244816458702
Pr14.8Nd14.8Al0.00765Fe78.7Cu0.00135B6.5,569.15,578.2141300294509
Mn1.2Al0.008Fe0.8Ge0.26P0.74,288.6,289.2631789890246
Pr2.22Nd2.22Al0.0102Fe11.81Cu0.0018B0.98,569.15,574.0288357734663
Mn1.2Al0.012Fe0.8Ge0.26P0.74,294.4,285.366204328374
Mn0.176Al0.0171Fe0.8056Si0.0322C0.00042N0.00014,893.15,750.3641626969958
La0.4Mn0.99Al0.01Bi0.6O3,103.2,153.1265328084524
Mn1Al0.01Co1Ge0.99,357.0,313.3420266669718
Al0.01Zn0.96Fe0.03O1,300.0,367.01407131303506
Al0.01Zn0.94Fe0.04O1,300.0,378.0738679064942
Mn1.15Al0.01Fe0.85Si0.44P0.55,317.0,285.47981262794997
Mn1.2Al0.01Fe0.8Ge0.24P0.76,271.1,284.9893429493993
Mn1.2Al0.01Fe0.8Ge0.25P0.75,282.4,287.5211285394472
Mn1.2Al0.01Fe0.8Ge0.26P0.74,292.2,287.54032381640224
Ca0.1La0.7Mn0.95Al0.025Sn0.025Pb0.2O3,300.0,247.42468381102083
Li0.73Ti0.56Mn0.05Al0.025Zn0.1Fe1.535O4,610.0,584.1369017057268
Ca3Al0.02Co1.98O6,24.0,60.388446747584624
Mn1Al0.02Co1Ge0.98,323.0,312.63817663862903
Mn0.98Al0.02Co1Ge1,270.5,311.59546134047577
Al0.02Zn0.9795Cu0.0005O1,298.15,312.8878862581849
Al0.02Zn0.96Cu0.02O1,298.15,322.4961269994743
Al0.02Sn0.98O2,300.0,309.53256024333984
Al0.03Fe0.37Ni0.38B0.06P0.16,482.0,518.1995084363657
Al0.03Fe0.75B0.06P0.16,630.0,624.2403737695632
Ca0.35La0.2Pr0.45Mn0.97Al0.03O3,75.0,149.83090886747695
Mn1Al0.03Co1Ge0.97,269.0,313.1042092088898
Al0.03Zn0.92Fe0.05O1,300.0,349.3912461429364
Mn0.5Al0.045Fe0.5Si0.955Ni1,475.0,369.5060622763601
Ta0.02Ti0.02Al0.046Cr0.495Co0.302Ni0.098Mo0.019,786.15,386.27506748720987
Ta0.531Al0.047Co0.304Ni0.097Mo0.021,991.15,370.1286356911602
Ta0.019Ti0.51Al0.048Co0.305Ni0.097Mo0.021,986.15,500.28415528600397
Ca3Al0.04Co1.96O6,24.0,56.371821123549296
Mn0.96Al0.04Co1Ge1,276.6,306.3330160456843
Al0.04Zn0.81Ni0.15O1,400.0,357.2475961708265
Al0.04Sn0.96O2,300.0,292.2641961495057
La0.55Ce0.616Nd1.034Al0.05Fe14Cu0.05B1,535.15,541.5405727000253
La0.4Mn0.95Al0.05Bi0.6O3,97.45,152.35627532997185
Mn3Al0.05Ga0.95C1,258.0,271.51495147597774
Ca0.1La0.7Mn0.9Al0.05Sn0.05Pb0.2O3,295.0,239.4739185393872
Ca0.3La0.7Mn0.95Al0.05O3,174.0,208.37738630315062
Ca0.45La0.55Mn0.95Al0.05O2.97,180.0,208.40952075732292
Al0.05Zn0.55Fe1.95Cu0.2Ni0.25O4,423.15,435.5119345116268
Eu1Ti0.95Al0.05O3,4.5,15.588207399047533
Al0.05Fe0.75Si0.2,790.0,738.1751698856943
Sr2Al0.05Fe0.95Mo1O6,363.0,397.17890281969017
Li0.72Ti0.54Mn0.05Al0.05Zn0.1Fe1.54O4,603.0,586.1879789938333
Sr0.33La0.57Nd0.1Mn0.95Al0.05O3,300.0,292.47380891467543
Sr0.3La0.7Mn0.95Al0.05O3,336.24,299.9823763053506
Sr1.7La1.3Mn1.95Al0.05O7,90.0,175.89087377317696
Mn1Al0.05V1.95O4,60.55,140.0499467822143
Tb1Al0.05Ni1.95,53.0,52.086353611536595
Er0.333Al0.067Fe0.6,297.0,507.29720247430225
Ca3Al0.06Co1.94O6,24.0,56.82261734455762
Mn0.94Al0.06Co1Ge1,286.6,309.7229898023919
Al0.06Fe0.85Si0.09,970.0,896.1913797667352
Al0.06Zn0.87Ni0.07O1,400.0,380.278633824922
Al0.06Zn0.83Ni0.11O1,400.0,354.9018644687618
Al0.06Sn0.94O2,300.0,295.4734951845619
Ca0.1La0.7Mn0.85Al0.075Sn0.075Pb0.2O3,290.0,230.75428569488295
Li0.71Ti0.52Mn0.05Al0.075Zn0.1Fe1.545O4,597.0,582.9261728536806
Mn3Al0.07Ga0.93C1,281.0,275.568961151126
Mn1.02Al0.07Cu2,587.0,268.4064155573118
Al0.07Fe0.86Si0.07,980.0,910.3193705755021
Al0.07Fe1.93O3,867.0,763.5744799020845
Pr7.39Nd21.07Dy1.045Zr0.29Al0.08Ga0.09Fe69.42Co0.947Cu0.527B0.97,585.11,575.9075495463375
Ca3Al0.08Co1.92O6,24.0,56.737704001353855
Mn0.92Al0.08Co1Ge1,300.8,306.88202273524456
Al0.08Ga0.03Fe0.89,1023.15,918.0931351809234
Tb1Al0.09Ni1.91,56.0,49.16321644252183
Er3Fe37B10,540.0,562.3575818090172
Sm3Fe2Co14B,1175.15,824.01748031221
BaFe12O19,718.0,730.2250900188214
Fe2Co0.5Cu0.5O4,598.0,640.7669406981215
Fe2NiO4,863.0,735.4120347373834
Zn0.55Fe2Cu0.2Ni0.25O4,436.15,381.44810759941856
Mn0.5Zn0.5Fe2O4,386.75,491.51299757423345
Zn0.5Fe2Ni0.5O4,674.0,546.0494877282702
MnGaNi2,361.0,348.4987571285355
Gd1Al0.11Ni1.89,92.0,87.50671057819584
Mn3Al0.12Ga0.88C1,296.0,278.32191023822793
Al0.12Fe0.76Si0.12,780.0,753.3782764021586
Pr0.56Nd28.47Zr0.44Nb0.56Al0.13Fe68.21Co3.63B0.97,585.15,581.6512311301111
Pr40.56Nd28.47Zr1Nb0.56Al0.13Fe68.21Co3.63B0.97,585.15,533.263976952064
Al0.14Co0.86,873.15,886.5680084117727
Mn3Al0.15Ga0.85C1,312.0,274.69946446557736
Al0.15Zn0.55Fe1.85Cu0.2Ni0.25O4,381.15,421.66683212771625
Mn0.15Al0.15Zn0.85Cu2Sn0.85Se4,5.0,191.04403857177297
Eu1Ti0.85Al0.15O3,4.0,23.024754966447517
Y1Mn0.15Al0.15Fe0.7O3,440.0,419.8787916477682
Li0.68Ti0.46Mn0.05Al0.15Zn0.1Fe1.56O4,583.0,576.8357210410261
Sr0.33La0.57Nd0.1Mn0.85Al0.15O3,279.0,256.4875745592088
Li0.5Al0.164Fe2.336O4,1124.0,796.4673107763922
Mn0.75Al0.16Ga0.84Cu0.25Ni2,296.0,335.29795217691003
Mn0.7Al0.16Ga0.84Cu0.3Ni2,376.0,325.12347037981294
Dy1Al0.16Ni1.84,42.0,35.25821266868254
Mn1Al0.16Ga0.84Ni2,360.0,353.9568402168141
Ho1Al0.16Ni1.84,30.0,22.0600378486288
Er1Al0.17Ni1.83,30.0,17.019358028824186
Lu1Al0.18Co1.82,48.0,148.0350686548942
Ce10.68Nd20.58Nb0.098Al0.196Fe66.29Co0.98Cu0.196B0.98,558.4666666666667,531.3456994044008
Ce15.25Nd15.25Al0.1Fe1Cu0.1B1,520.0,533.0127637988126
Ce7.625Nd22.875Al0.1Fe1Cu0.1B1,549.9,537.4560561559367
Ce7.625Nd22.875Al0.1Fe69.3Cu0.1B1,550.5,537.7635696407252
Ce7.62Nd22.88Al0.1Fe1Cu0.1B1,545.3,553.490351813646
Ba0.3La0.7Mn0.9Al0.1O3,311.0,277.2014371167252
Ba1Al0.1Fe11.9O19,705.0,722.6854764843157
La0.4Mn0.9Al0.1Bi0.6O3,89.22,162.5335097299277
Ca0.45La0.55Mn0.9Al0.1O2.97,50.0,201.57398380535517
Ca3Al0.1Co1.9O6,24.0,58.034315422021265
Ce24.5Pr12.25Nd19.25Ti0.2Al0.1Ga0.1Co2,585.0,458.72160550208616
Pr15.5Nd15.5Al0.1Fe67.14Co0.5Cu0.1,589.15,579.1642061668268
Al0.1Fe1.9Co1O4,773.5,712.9589220541072
Tb0.2Gd0.5Dy0.3Al0.1Co1.9,315.0,293.5184612527077
Tb0.2Gd0.4Dy0.4Al0.1Co1.9,285.0,287.51746130084587
Mn1Al0.1Cr0.1Fe1.8O4,570.0,505.1382803281281
Al0.1Cr0.1Fe1.8Ni1O4,866.0,770.9624651731583
Pr1Al0.1Cr0.9O3,220.0,169.8912759338267
Al0.1Zn0.55Fe1.9Cu0.2Ni0.25O4,396.15,437.3058108724396
Dy1Mn0.7Al0.1Fe1.2,301.0,306.8000319977714
Eu1Ti0.9Al0.1O3,4.0,20.089319888229436
Y1Mn0.1Al0.1Fe0.8O3,512.0,459.02564168484605
Sr2Al0.1Fe0.9Mo1O6,341.0,381.98395377535746
Y1Al0.1Fe0.9O3,595.0,500.8140683621766
Li0.7Ti0.5Mn0.05Al0.1Zn0.1Fe1.55O4,591.0,579.7443787168002
Al0.1Zn0.3Fe1.9Ni0.7O4,667.0,603.927867210258
Ho2Al0.1In0.9,68.0,48.97272658190587
Sr0.33La0.57Nd0.1Mn0.9Al0.1O3,289.0,274.0807680528349
Sr0.4La0.6Mn0.9Al0.1O3,321.0,276.60076240977924
Sr0.3La0.7Mn0.9Al0.1O3,309.0,279.8404564483259
Sr1.7La1.3Mn1.9Al0.1O7,64.0,175.77130370168024
Mn0.9Al0.1Ni1,59.0,330.4162353761335
Al0.1Sn0.9O2,300.0,294.8479277390304
Al0.229Ni0.771,168.5,104.61351527864495
Sm1Al0.22Fe1.78,600.0,501.76112328343424
Al0.245Ni0.755,48.0,93.00935609028662
Al0.248Ni0.752,50.2,76.20511163606967
Ce3.55Nd10.34Al0.24Fe79.74Cu0.1B6.03,424.0,567.8817854784161
Nd10.13Y5.48Al0.24Fe78.14Cu0.1B6.03,565.0,561.1421979122143
La3.58Nd10.34Al0.24Fe79.71Cu0.1B6.03,530.0,550.304642409543
Nd11.04Y2.76Al0.24Fe1Cu0.1B6.04,580.31,397.7930160445435
Ce1Al0.24Cu0.18Si1.58,9.3,43.97913069125417
Mn1.36Al0.24Ni2Sn0.4,326.0,321.1112411317844
Pr1Nd30.2Dy1.8Al0.25Fe1Co1.2Cu0.15B0.98,583.0,497.6224666414765
Mn0.25Al0.25Fe1Co1Ni1,1073.15,788.3425067614256
La2Mn0.75Al0.25Co1O6,210.0,179.01699815584377
Tb0.5Dy0.25Ho0.25Al0.25Co1.75,181.0,195.73345717269126
Tb0.3Dy0.35Ho0.35Al0.25Co1.75,155.0,186.465610986891
Tb0.4Dy0.3Ho0.3Al0.25Co1.75,182.0,171.26303614751401
Pr2Al0.25Fe16.75,299.0,325.9020598796044
Tb2Al0.25Fe16.75,421.0,426.94740855685706
Mn1Al0.25Fe2Si0.75,290.0,302.736025650972
Al0.265Fe0.735,803.15,751.3509397382013
Al0.26Zn0.46Fe1.79Co0.21Ni0.26O4,583.0,523.2194954762767
Al0.27Fe0.73,810.65,748.2711786990552
Mn1.36Al0.28Ni2Sn0.36,324.0,319.7656170631557
Al0.2Fe0.5B0.3,310.15,454.11056327628353
Pr7.39Nd21.07Dy1.096Zr0.29Al0.2Ga0.09Fe69.42Co0.795Cu0.19B0.97,586.04,577.195662557205
Tb0.7Nd2Al0.2Fe14Cu0.1B1,601.85,577.459451953003
Nd32.5Dy1Nb1Al0.2Fe62.2Co2B1.1,536.15,587.0549797265197
Pr6.3Nd6.3Dy0.4Ta0.002Al0.2Fe80.8B6,581.85,565.0038174264108
Ba1Ca1Al0.2Co3.8O7,30.0,90.38952748013128
Pr0.9Al0.2C1.8O2,45.0,125.68299095832157
Sr0.8La0.2Al0.2Fe11.6Co0.2O19,707.0,718.7960179689553
Gd0.2Ho0.2Tm0.2Al0.2Co0.2,32.6,57.000376228748436
Al0.2Fe1.8Co0.5Cu0.5O4,583.0,662.8571821897634
Al0.2Fe1.8Co1O4,756.25,712.3012198559647
Al0.2Fe1.8Co1Si1O6,773.0,638.5455648645562
Gd1.1Al0.2Co1.8,291.0,316.20780712907487
Al0.2Cr0.1Fe1.7Ni1O4,800.0,778.5272633061048
Mn1Al0.2Cr0.2Fe1.6O4,550.0,512.4054316216952
Al0.2Cr0.2Fe1.6Ni1O4,851.0,747.3893271914303
Pr1Al0.2Cr0.8O3,215.0,171.96637384134777
Al0.2Cr1.8Ni1O4,65.0,108.28263905850575
Al0.2Zn0.55Fe1.8Cu0.2Ni0.25O4,366.15,440.7631014935457
Al0.2Fe1.8Cu1O4,620.0,680.4176437407726
Dy1Mn0.6Al0.2Fe1.2,276.0,288.87987039544043
Sr2Al0.2Fe0.8Mo1O6,314.0,340.27164801289825
Y1Al0.2Fe0.8O3,496.0,450.33823025194323
Li0.66Ti0.42Mn0.05Al0.2Zn0.1Fe1.57O4,577.0,579.4717717700936
Mg1Al0.2Fe1.8O4,683.0,605.7436258016901
Al0.2Zn0.5Fe1.8Ni0.5O4,661.0,527.641783384034
Al0.2Zn0.3Fe1.8Ni0.7O4,651.0,631.3451185929432
Li0.5Al0.2Fe2.3O4,712.575,993.1690664097347
Gd1Al0.2Si0.8Ni1,18.0,53.33101810382518
Gd2Al0.2In0.8,190.0,203.3645613841035
Ho2Al0.2In0.8,44.0,55.56264350877824
Sr0.33La0.57Nd0.1Mn0.8Al0.2O3,263.0,241.29958477945422
Mn0.3Al0.2Ni0.5,360.0,321.9698281817042
Mn0.8Al0.2Ni1,121.0,327.65538252048964
Nd1Mn1.8Al0.2Si2,34.0,77.16851005277505
La1Al0.31Fe11.44Si1.25,190.0,207.21787304865092
Mn1Al0.32Ga0.68Ni2,351.0,349.914278443478
Mn1.36Al0.32Ni2Sn0.32,330.0,320.6866862791656
Er0.333Al0.333Fe0.334,56.0,95.20884574930838
Li0.5Al0.33Fe2.17O4,1071.0,758.4554221188367
Th1Al0.33Fe2.67,341.0,420.8733821204471
Y3Al0.33Fe4.67O12,500.0,509.87170141571517
Mn0.1Al0.35Fe0.55,230.0,287.0905722248215
Mn0.15Al0.35Fe0.5,220.0,228.95223141298553
Ho1Al0.36Fe1.64,295.0,320.7014164025057
Mn1.36Al0.36Ni2Sn0.28,332.0,318.72485144233485
Ho1Al0.375Fe1.625,295.0,303.89150589985155
Mn0.18Al0.37In0.63As1,40.0,183.07298592761484
Mn0.15Al0.39In0.61As1,30.0,172.30865690642622
Mn1Be1Al0.3Ga1.7As2,140.0,196.1007344127267
Tb0.55Pr0.57Nd1.96Al0.3Fe13.72Cu0.25B0.98,587.15,579.4625371719056
Nd31.2Zr0.1Al0.3Fe1Co12Cu0.2B1,719.55,190.031007839757
Nd27.4Dy1.6Al0.3Fe69.6B1.1,661.483333333333,583.7794712582422
Pr1.4Nd12.4Al0.3Fe79.9Co0.1Cu0.1B5.8,576.15,580.5506587965351
Ba1Al0.3Fe11.7O19,700.0,711.518298998971
La1Mn0.4Al0.3Fe0.55Co0.2Ni3.55,100.0,145.47139914802278
La1Mn0.4Al0.3Fe0.35Co0.4Ni3.55,67.0,165.2968079466895
Al0.3Fe1.7Co1O4,732.5,687.2310958313655
Al0.3Co1Si0.7,320.0,323.7874497768229
Lu1Al0.3Co1.7,131.0,117.97313524851288
Y1Al0.3Co2.7,63.0,309.5690852217124
Mn1Al0.3Cr0.3Fe1.4O4,520.0,472.95362661611955
Al0.3Cr0.3Fe1.4Ni1O4,815.0,693.2865748942368
Pr1Al0.3Cr0.7O3,210.0,172.37951164608182
Al0.3Cr1.7Ni1O4,45.0,123.50102336548495
Dy1Mn0.5Al0.3Fe1.2,245.0,278.03638865396107
La1Mn0.4Al0.3Fe0.75Ni3.55,140.0,136.35709474261637
Sr2Al0.3Fe0.7Mo1O6,286.0,307.63660141548036
Mn0.5Al0.3Zn0.5Fe1.7O4,353.95,442.18983093000975
Al0.3Zn0.3Fe1.7Ni0.7O4,626.0,618.5380053002787
Mg0.7Al0.3Fe2O4,725.0,668.0293779825003
Sm1Al0.3Fe2.7,590.0,580.8242593163021
Gd1Al0.3Si0.7Ni1,26.0,46.16849649498693
Ho2Al0.3In0.7,40.0,57.039876726745014
Tb2Al0.3In0.7,113.0,103.0809839823173
Sr0.33La0.57Nd0.1Mn0.7Al0.3O3,238.0,226.9378764314106
Nd1Mn1.7Al0.3Si2,33.0,75.70473177750657
Al0.44Fe2.56O4,773.15,768.3895860444214
Mn0.55Al0.45B0.02,656.0,626.3514835559123
Mn0.55Al0.45C0.02,650.0,618.4288516294819
Mn0.55Al0.45,638.0,640.9781977545222
Mn0.54Al0.46C0.03,650.0,577.5168170007386
Al0.46Fe1.54O3,810.0,689.3088222420494
Mn0.54Al0.46,645.0,628.3828385419908
Tb0.2Mn0.54Al0.46,670.0,156.05441381947185
Mn0.505Al0.47Fe0.005C2,565.0,304.83078330377884
Al0.47Zn0.53Fe1.54Co0.2Ni0.26O4,454.0,517.4842824454317
Mn0.08Al0.48In0.52As1,20.0,137.94821953898025
Mn0.11Al0.48In0.52As1,25.0,130.3414059327234
Ba1Ca1Al0.4Co3.6O7,30.0,102.03848686761923
Al0.4Fe1.6Co0.5Cu0.5O4,548.0,657.4974657133863
Al0.4Fe1.6Co1O4,630.0,696.7216039941586
U1Al0.4Ga0.6Co1,34.0,29.612359747332857
Lu1Al0.4Co1.6,103.0,134.01888170767234
Al0.4Cr0.2Fe1.4Ni1O4,730.0,704.6723853261491
Mn1Al0.4Cr0.4Fe1.2O4,475.0,437.02344141437425
Pr1Al0.4Cr0.6O3,198.0,174.81447339352746
Al0.4Fe1.6Cu1O4,580.0,598.1551067627687
Dy1Mn0.4Al0.4Fe1.2,229.0,270.8534327448086
Y1Al0.4Fe0.6O3,332.0,341.7013390278291
Ho1Al0.4Fe1.6,283.0,313.5504912965171
Mg1Al0.4Fe1.6O4,607.0,540.1191777603233
Mn0.5Al0.4Zn0.5Fe1.6O4,337.25,443.6563071530492
Al0.4Zn0.5Fe1.6Ni0.5O4,657.0,526.6860294498716
Al0.4Zn0.3Fe1.6Ni0.7O4,606.0,614.5953945355369
Tb2Al0.4In0.6,83.0,121.26259422028916
Mn0.6Al0.4Ni1,284.0,339.09278646069595
Nd1Mn1.6Al0.4Si2,31.0,90.71763968581514
Nd1Al0.4Ni1.6,16.0,34.476131999939156
Al0.4Ni0.6O0.6,650.0,346.0325491651794
Ba1Al0.5Fe11.5O19,683.15,700.7326567710309
Mn3Al0.5Ge0.5C1,275.0,290.0609760675996
Mn0.5Al0.5Cr0.5Fe0.5Co0.5Ni0.5O4,248.0,292.3614740777746
La0.04Al0.5Zn0.5Fe1.46Co0.5O4,703.0,603.8570970881594
La0.04Al0.5Zn0.4Fe1.46Co0.6O4,790.0,637.392477377237
La0.04Al0.5Zn0.3Fe1.46Co0.7O4,783.0,682.5320282760258
La0.04Al0.5Zn0.2Fe1.46Co0.8O4,770.0,694.5469681380556
La0.04Al0.5Zn0.1Fe1.46Co0.9O4,748.0,707.2704680514385
La0.04Al0.5Fe1.46Co1O4,740.0,671.1781342052027
Al0.5Fe1.5Co1O4,582.0,684.3414363344948
La2Mn0.5Al0.5Co1O6,160.0,162.57670389133756
Al0.5Fe1Co2Si0.5,1104.5,953.4554508252705
Tb2Al0.5Ga0.5Co2,92.0,99.17417162742846
Gd3Al0.5Co3.5,196.0,272.79304707164965
Mn1Al0.5Cr0.5Fe1O4,388.0,354.567900694783
Pr1Al0.5Cr0.5O3,191.0,160.51595517464676
Dy3Al0.5Fe4.5O12,490.0,457.22790850346996
Mn0.5Al0.5Fe1,164.0,312.2144688181844
Mn0.5Al0.5Zn0.5Fe1.5O4,338.25,440.40818405556433
Al0.5Zn0.3Fe1.5Ni0.7O4,590.0,597.6021336641419
Al0.5Fe1.5Ni1O4,883.15,680.092785737195
Y1Al0.5Fe1.5,500.0,233.68571532359036
Sr1Al0.5Fe11.5O19,854.65,688.6386767110873
Pr2Al0.5Fe16.5,314.0,361.4130530884453
Tb2Al0.5Fe16.5,437.0,439.6494907477363
Li0.5Al0.5Fe2O4,618.575,771.4328883750654
Al0.5V1.1Fe2.4,118.0,221.96286055533824
Al0.5V1Fe2.5,129.0,279.51633572330866
Gd1.5Y1.5Al0.5Fe4.5O12,180.0,451.8353765821231
Y3Al0.5Fe4.5O12,481.05,479.25511580647833
Sm1Al0.5Fe9.5Mo2,398.15,464.29000420331005
Mn1Al0.5Ga0.5Ni2,380.0,351.3592676282531
Gd0.5Y0.5Mg1Al0.5Ni3.5,15.0,61.30565974329087
Mn0.5Al0.5Ge1,300.0,331.2258332439401
Mn0.5Al0.5Ni1,375.0,340.5176422475953
Mn46Al0.5Ni43Sn10.5,280.0,313.84491786797116
Nd8Al0.65Co3.35Ge2C3,50.0,154.4341606867307
Mn0.35Al0.65Fe1,163.0,284.38937407503124
Er0.333Al0.667,20.5,31.181218376582894
Al0.66Co1.34O4,7.45,138.13925890358308
Al0.69Zn0.52Fe1.3Co0.22Ni0.27O4,452.0,483.14848690587223
Mn1.4Al0.6Au2,314.0,321.29773693851587
Nd30.3Mg0.6Al0.6Fe68.9Cu0.6B0.1,585.15,583.065281308484
Pr2.03Nd11.66Al0.6Fe78.85Co0.99Cu0.1B5.76,583.15,583.6266992143389
Ba0.34Ca0.66Al0.6Fe11.4O19,373.0,585.999095382587
Ba0.67Ca0.33Al0.6Fe11.4O19,373.0,600.8722203242248
Ba1Al0.6Fe11.4O19,531.5,644.2977343454338
Ca1Al0.6Fe11.4O19,373.0,654.0267847674761
Ce1Al0.6Pt2.4,1.6,13.59893945560704
Al0.6Fe1.4Co0.5Cu0.5O4,538.0,622.8873750755744
Al0.6Fe1.4Co1O4,627.0,609.1023805371908
U1Al0.6Ga0.4Co1,27.0,29.30383555343604
Al0.6Co20Cu20,837.35,570.6607526757068
Al0.6Co30Cu10,843.85,827.6787016599662
Al0.6Cr0.3Fe1.1Ni1O4,660.0,606.414286092936
Pr1Al0.6Cr0.4O3,181.0,157.1632624655056
Mn1Al0.6Cr0.6Fe0.8O4,266.0,336.50979175716975
Al0.6Ga0.6Fe0.8Cu1O4,390.0,419.14232590741426
Al0.6Fe1.4Cu1O4,515.0,528.0885447509603
Dy1Mn0.2Al0.6Fe1.2,181.0,235.17764323790107
Er0.333Al0.6Fe0.067,16.0,67.97383880006078
Al0.6Fe0.2Ni0.2,853.15,357.44274938671185
Mg1Al0.6Fe1.4O4,571.0,478.68023480646815
Mn0.5Al0.6Zn0.5Fe1.4O4,329.45,457.45386760069516
Al0.6Zn0.5Fe1.4Ni0.5O4,653.0,525.3559177642062
Al0.6Zn0.3Fe1.4Ni0.7O4,561.0,595.2858021599864
Nd13.4Dy0.67Nb0.43Al0.72Fe78.6B6.19,578.15,575.4363535663375
Al0.73Zn0.48Fe1.29Co0.22Ni0.27O4,443.0,509.5250844884545
Mn1.26Al0.74Co0.3Ni1.7,358.0,353.66089121171336
La2Mn0.25Al0.75Co1O6,23.0,136.2327135279607
U1Al0.75Co1Sn0.25,5.5,26.404565873446572
Gd3Al0.75Co3.25,161.0,200.66784348167178
Tb3Al0.75Co3.25,151.0,210.730067659144
Ho1Al0.75Fe1.25,99.0,164.63130504105837
Pr2Al0.75Fe16.25,340.0,409.4734566013509
Tb2Al0.75Fe16.25,445.0,460.98154718787924
Mn1.24Al0.76Co0.3Ni1.7,354.0,354.73153064826977
Mn1.22Al0.78Co0.3Ni1.7,351.0,356.23929312292444
Al0.7Fe2Si0.3B2,306.0,303.4336699463257
Nd13.4Dy0.6Nb0.4Al0.7Fe78.6B6.1,580.15,573.5317176971516
Mn1.3Al0.7Co0.3Ni1.7,352.0,352.39419703427535
Al0.7Fe1.3Co1O4,518.0,608.1636902822373
Pr1Al0.7Cr0.3O3,169.0,134.01062809680678
Mn1Al0.7Cr0.7Fe0.6O4,143.0,274.64170550583697
Dy1Mn0.1Al0.7Fe1.2,173.0,197.38916705591816
Ho1Al0.875Fe1.125,92.0,127.81864307996169
Al0.8Ga0.2Fe2B2,304.0,319.13728439046275
Al0.8Fe2Si0.2B2,306.0,299.44469689900427
Nb3Al0.8Fe36.35Co36.35Cu1Si17.5B5,648.15,728.0915432203096
Nb2.6Al0.8Fe68.7Co4Cu1Si17.5Ge0.4B5,648.15,591.4150304231016
Nb3Al0.8Fe68.7Co4Cu1Si17.5B5,583.15,593.9865943298372
Nb2.6Al0.8Fe64.7Co8Cu1Si17.5Ge0.4B5,683.15,597.2699739384913
Nb3Al0.8Fe64.7Co8Cu1Si17.5B5,678.15,599.5215489274253
Nb3Al0.8Fe72.7Cu1Si17.5B5,598.15,576.9100226285506
Al0.8Fe1.2Co0.5Cu0.5O4,513.0,539.7858195629469
Al0.8Fe1.2Co1O4,476.0,563.959007737891
U1Al0.8Ga0.2Co1,18.0,26.771727434672915
Al0.8Co1.2O4,6.45,124.47204509617242
Gd6Al0.8Co2.2,80.0,145.58404474125234
Pr1Al0.8Cr0.2O3,120.0,132.57669035411573
Al0.8Cr0.4Fe0.8Ni1O4,600.0,461.867654899146
Mg1Al0.8Fe1.2O4,528.0,236.4849253912189
Al0.8Zn0.5Fe1.2Ni0.5O4,650.0,493.9303859843431
Li0.5Al0.8Fe1.7O4,607.7166666666667,569.9016384816897
Mn34.2Al0.8In15.6Ni49.4,321.0,322.00191890848424
Nd1Al0.8Ni1.2,17.0,34.59985328012645
Ho1Al0.91Ni1.09,27.0,22.35208858817147
Mg0.079Al0.921N1,380.0,336.6541063119245
Al0.94Cr0.06N1,340.0,310.7249971170011
Mg1Al0.95Fe1Si0.05B14,335.0,463.38278774072666
Al0.95V1Fe2,2.0,298.3673173386844
Mg0.033Al0.967N1,380.0,328.1469948078145
Al0.96Cr0.63Fe0.41Co2,840.0,709.868031976634
Al0.96Cr0.82Fe0.2Co2,588.0,584.3653101572785
Al0.97Cr0.32Fe0.72Co2,850.0,753.8746136776278
Al0.97Cr1.03Co2,333.0,437.8857036395716
Dy1.05Al0.97Ni0.98,30.0,33.840903576453144
Mg0.012Al0.988N1,380.0,314.0043491127024
Mn1.46Al0.98V1Co0.56,423.0,574.8900560029198
Mn0.00175Al0.99825N1,300.0,294.9256388898362
Al0.99951Zn0.00049N1,300.0,313.3964353455155
Mn0.00028Al0.99972N1,300.0,303.3542335291826
Al0.99975Zn0.00025N1,300.0,309.0377123769651
Al0.99982Zn0.00018N1,300.0,306.78560899383126
Al0.99Zn0.5Fe1.05Co0.2Ni0.23O4,420.0,573.4434921980578
Al0.99Fe1.03Co2,850.0,1073.8927555298048
Al0.99Fe0.01,833.0,270.3232989021313
Al0.9Ga0.1Fe2B2,300.0,298.8007412173377
Al0.9Fe2Ge0.1B2,300.9,307.9215501693068
Al0.9Fe2Si0.1B2,294.0,298.977503581813
Ba1Al0.9Fe11.1O19,680.0,691.6839094616371
Ce1Al0.9Si1.1,11.0,19.08421515451692
Al0.9Fe1.1Co1O4,442.0,543.066979155619
Pr1Al0.9Cr0.1O3,109.0,120.14475436970437
Sr1Dy0.9Al0.9Fe11.1O19,713.37,686.6371595790558
Pr1Al0.9Si1.1,17.0,30.253060713850765
Mn1Al1.01V1Co0.99,105.0,370.59051978581647
Tb1Al1.01Ni1.01,47.0,47.68950454427903
Ce1Al1.02Si0.98,10.0,20.760156705659373
Al1.05Fe2Si0.15B2,300.0,296.9792172140593
Al1.07Co0.93O4,6.1,133.36220729332317
MnBeAl(GaAs)2,250.0,188.04874143514485
MnAlGaAs2,200.0,223.71713949880774
MnAlAu2,207.33333333333337,369.2118061495669
Pr21.33Al1Fe52.86Co25Ni1B0.81,655.0,659.6477036427646
Nd22.22Al1Fe60.24Co16.74Ni1B0.83,654.0,639.663691570109
Nd23.19Al1Fe62.84Co13.09Ni1B0.87,654.0,639.6006302434889
NdDyAlFeCoB,610.15,334.5943020499094
Pr4.23Nd17.03Al1Fe52.74Co25Ni1B1,643.0,682.1008551975474
Nb3Al1Fe4477.85Co2411.15Cu1Si1.3B10.7,708.15,712.7344761983068
MgAlFeB14,460.0,397.58209953520793
Zr17Al(Co40B)2,723.15,774.7662651811457
Mn1.2Al1Fe0.8B2,43.0,271.4487873359056
MnAlFeB2,159.5,197.88631830265516
Mn0.8Al1Fe1.2B2,188.0,223.13248985581242
Mn0.65Al1Fe1.35B2,220.0,277.57509958783027
Mn0.4Al1Fe1.6B2,242.0,288.4642434695225
Al(FeB)2,290.3583333333333,319.55101305081496
Nb4AlFe36Co36Si3B20,895.5,660.6461310439308
Ce3.375Nd10.125Al1Fe80.5Co1Ni1B6,582.0,570.1615686246477
Nb2Al1V1Fe73.5Cu1Si13.5B8,300.0,603.7428898106331
Al1Fe73.5Cu1Si12.5B9Mo3,609.0,552.5402228381379
BaAlFe11O19,677.75,700.5881155744166
Y2.75Al1Fe4Bi0.25O12,430.0,443.37952279744377
Nd3Al1C0.6,74.2,80.40603345430826
AlCo3C,1100.0,303.77080718853915
Mn0.0734Al1Cr1.9266C1,4.0,65.24301398594464
Mn0.0378Al1Cr1.9622C1,4.0,63.44513132798351
Mn0.0208Al1Cr1.9792C1,4.0,55.475076185293624
Er3AlC,4.1,32.718138388782236
Mn3AlC,293.5,304.4562954351026
AlNi3C,220.0,229.1035030365134
Pr3AlC,5.3,45.36689338107723
Al1Fe3C1.1,292.0,503.3993722452928
Mn3Al1C1.1,364.0,272.007180729176
Ce0.03Al1Fe1Co1Cu1Ni1,1064.0,548.8755384622552
Ce1Al1H1.1Pt1,11.6,40.48058728885794
CeAlO3,40.55,103.16485671859918
CeAlPt,5.85,11.751779252516718
Ce2AlCu2,7.2,18.6653386059172
Ce2.1Nd0.9Al1,8.0,106.83141997364547
Al1Fe1Co0.5Cu0.5O4,508.0,502.1899846060265
Sr1Al1Fe11Co0.5O19,1020.15,692.0113813554511
Mn1.5Al1V1Co0.5,799.0,432.9668556768595
Mn2Al1V0.5Co0.5,656.0,645.7476118663438
Ti0.22Al1Co0.78Ni1,1143.0,393.0129748142033
Mn2Al1V0.3Co0.7,699.0,589.0107979767921
U1Al1Co0.7Pt0.3,8.0,68.6086389863122
U1Al1Fe0.05Co0.95,30.0,45.47927092509236
U1Al1Fe0.02Co0.98,16.0,30.20676070415017
U1Al1Co0.98Os0.02,26.0,22.21192517949482
U1Al1Co0.995Os0.005,8.0,22.92906123181884
U1Al1Co0.99Os0.01,16.0,22.501472659666547
U1Al1Fe0.05Co0.9Ni0.05,23.0,29.503381125805788
Mn2Al1V0.1Co0.9,712.0,541.7766700303482
AlCo,300.0,474.21766917375584
AlCrCo,16.0,275.4519234579351
AlCrCoCu,204.0,327.3186892202731
AlCrFeCoCuNi,330.0,451.35465439347786
Al1Cr1Fe0.25Co1,165.0,306.19024839928943
Al1Cr1Fe0.5Co1,292.0,344.05850607307957
Al1Cr1Fe0.75Co1,392.0,391.0065478995799
AlCrFeCo,440.0,517.874590803582
MnAlCrFeCoNi,540.0,419.056376322523
AlCrFeCoNi,696.65,620.97229912444
MnAlCrCo,380.0,352.8922815685136
AlCr2Co,385.25,258.15121006705857
Ti0.4Al1Fe2Co1Cu0.4Ni1,973.15,748.3921493262949
HfTiNbAlFeCoCuNi,1133.15,453.63083488488724
AlFeCoCuNi,884.5,582.5302665140986
AlCoCuO2,80.0,239.6504064351352
DyAlCo,47.0,41.468444427751194
ErAlCo,25.0,24.55477165170682
AlFeCoNi,1133.15,945.5315384205821
AlFeCoSiNi,535.0,494.688608071352
AlVFeCoNi,155.0,573.147948782346
AlFeCoO4,546.0,492.1859158654731
SrAlFe11CoO19,993.55,749.7326248667317
AlFe2Co,830.0,908.4169335284143
GdAlFe3Co,128.7,620.2370141608615
GdAlCo,100.0,101.15626749122319
Gd1.5Al1Co1,116.0,101.08442029017371
HoAlCo,22.0,29.842806073500313
MnAlCoIr,400.0,423.80142374929846
La2AlCoO6,86.0,140.1597021612131
Lu0.08U0.92Al1Co1,8.0,26.12563107510352
MnAlCoNi,583.0,414.65139757299
MnAlVCo,48.0,368.66939910722397
Mn2AlCo,732.5,550.6526540667106
AlVCoRu,168.0,344.8800700186626
TbAlCo,48.0,59.60714448804174
TmAlCo,6.0,29.27525960540776
Y0.08U0.92Al1Co1,14.0,22.844806688444383
Y0.06U0.94Al1Co1,13.5,23.106555673545067
Y0.02U0.98Al1Co1,14.0,22.072651697395493
Al1Cr1Co1.25,213.0,258.3760807409765
Al1Co1.28Ni1.17,269.0,653.6362765653452
Al1Cr1.8Co1.2,134.0,299.23462933282116
Al1Cr1.6Co1.4,240.0,261.0343658557563
Al1Cr1Co1.5,320.0,319.2783336547937
Sr1Al1Fe11Co1.5O19,991.15,858.1144738726822
Al1Cr1.4Co1.6,302.0,303.18758336505664
Al1Cr1Co1.75,332.0,347.8832080473303
Al1Cr1.2Co1.8,324.0,342.5675248930537
Tb2Al1Co1.8Cu0.2,80.0,89.58104732918628
Tb2Al1Co1.8Ni0.2,84.0,87.68727971129879
Al1Cr0.5Fe0.5Co2,910.0,703.0270120120155
Al1Cr0.6Fe0.4Co2,690.0,728.0732682496648
Mn0.25Al1Cr0.75Co2,500.0,463.3478528865225
AlCrCo2,329.5,468.8256550131891
Dy2AlCo2,58.0,54.79857485153435
AlFeCo2,1101.4,899.8399478843928
SrAlFe11Co2O19,983.15,814.7094575781105
Gd2AlCo2,78.13333333333334,135.47219792370458
MnAlCo2,602.3333333333334,597.6471324370079
Sm2AlCo2,50.0,92.28361583566443
Tb2AlCo2,98.0,93.84248088841737
TiAlCo2,135.0,292.3532227809027
ZrAlCo2,180.0,250.00293309519924
Pr1Al1Fe1.5Co2.5,578.0,582.2155843015307
PrAlFeCo3,543.0,584.7620572125988
Pr1Al1Fe0.5Co3.5,522.0,553.9318993952081
DyAlCo4,479.0,467.24843216818493
GdAlCo4,400.0,451.5821689376492
PrAlCo4,458.0,435.5780393582748
TmAlCo4,511.0,410.2352421078435
YAlCo4,482.0,386.1936823466627
AlCo5Ni,1123.15,902.9066754570333
Mn0.8Al1Cr0.2Ge1,601.0,331.45547222581865
Al1Cr0.5Fe0.5Ni1O4,480.0,427.68820679303724
Al1Cr0.95Cu0.05Ge1,108.0,165.9114490848664
Al1Cr0.95Fe0.05Ge1,115.6,164.49396111730744
Mn0.05Al1Cr0.95Ge1,166.5,143.171768182839
Al1Cr0.95Ni0.05Ge1,133.0,150.40527682213175
Ti0.05Al1Cr0.95Ge1,62.8,146.10611684440272
Al1V0.05Cr0.95Ge1,77.0,151.13417757119242
Al1Cr0.9Fe2.1,250.0,312.6137703436702
MnAlCrFeNiO,400.0,318.1873473276871
YAlCrFe,833.15,265.02518298716683
AlCrFe2,286.8,323.49578374823426
AlCrGe,80.0,169.0576117404326
AlCrN,298.15,233.4727064774421
Tb1Al1Cu0.05Ni0.95,47.0,44.77777790501158
Mn0.9Al1Fe2Cu0.1,413.0,311.8984662803985
Ho1Al1Cu0.1Ni0.9,11.8,22.00089379551295
Mn0.7Al1Fe2Cu0.3,449.0,334.99526624630903
Er1Al1Cu0.4Ni0.6,4.0,20.215706443694796
DyAlCu,31.5,26.17966344932046
Ho0.9Er0.1Al1Cu1,10.4,19.807390847211238
Er0.5Tm0.5Al1Cu1,4.75,17.04902839932506
ErAlCu,11.95,15.294722704899698
GdAlCu,82.28571428571429,79.20006213255098
HoAlCu,15.583333333333334,17.518824139584094
MnAlCu,433.0,420.1800695493521
Mn2AlCu,690.0,403.14189994906644
NdAlCu,25.0,21.81630290068927
PrAlCu,36.0,15.942500515854455
SmAlCu,47.0,29.911683489241224
TbAlCu,51.25,50.75965285256955
TmAlCu,9.3,14.338503437025059
MnAlCu2,599.3583333333333,378.0545456480059
AlVCu2,210.0,241.74997033147875
DyAlFe,131.875,137.13387305320921
DyAlNi,36.75,27.32429768010573
Gd0.54Er0.46Al1Ni1,28.0,47.65245109217064
ErAlFe,63.66666666666666,68.28069365073688
ErAlNi,15.5,15.278458207060265
Er3Al(FeO3)4,420.0,402.1590247485531
Mn1Al1Fe0.05,523.15,580.513598469577
Al1Fe0.18Ni2.82,198.12,212.9184399576942
Mn1Al1Fe0.1,523.15,498.7715381184514
Al1Fe0.36Ni2.64,302.2,317.7135219276987
U1Al1Fe0.3Ni0.7H0.8,90.0,157.3721434921737
U1Al1Fe0.3Ni0.7,15.0,83.80408639145237
U1Al1Fe0.5Ni0.5,52.0,113.51330645639203
AlFe,834.3333333333334,368.71364530869124
GdAlFe,230.0,173.12413258216606
HoAlFe,76.5,82.55691621978599
LuAlFe,39.0,132.89712768196821
MgAlFeO4,390.5,168.50618301114247
NdAlFe,110.0,272.54396993747304
Al1Zn0.5Fe1Ni0.5O4,648.0,483.4842114008428
AlFeNiO4,666.47,590.2433390975748
AlFeO3,282.5,329.6091535054379
TbAlFe,190.0,149.5071796188403
Ti2AlFe,38.0,261.2877887277218
TmAlFe,38.0,88.7851640881529
YAlFe,38.0,216.6924104827903
Mn1.2Al1V0.62Fe1.18,360.0,282.18079494361666
Li0.5Al1Fe1.5O4,581.575,579.3460919868716
Mn1.1Al1Fe1.9,300.0,254.3311836685378
SrAlFe11O19,1005.15,711.3207489670422
Nd0.5Y1.5Al1Fe16,403.0,430.4383585752838
TbNdAlFe16,417.0,508.4286433459099
NdYAlFe16,423.0,430.26869097487565
Nd1.5Y0.5Al1Fe16,427.0,460.7744437561424
Nd2AlFe16,424.0,461.7019524283131
Pr2AlFe16,361.0,458.45869213457695
Tb2AlFe16,448.0,483.7487471613194
KMnAlFe2,150.0,346.65845882113854
MnAlFe2,281.5,296.9399985544484
AlFe2Ni,965.0,678.571070836211
Mn0.9Al1Fe2.1,380.0,279.38345916637627
Al1V0.18Fe2.82,400.0,630.5968452305283
AlFe3,728.86,757.5643376195176
AlFe3N,770.0,366.79948299578143
Al1Fe3Ru0.25,848.15,659.6610829007221
Gd3Al(FeO3)4,435.0,394.64085790135357
Li8Nd18AlFe4O39,4.12,70.79958686103146
Y3Al(FeO3)4,423.0375,420.81414164207223
SmAlFe9Mo2,408.15,485.7157657510022
Mn0.572Al1Ga0.218Ni0.21,333.5,357.56521834763146
Mn22Al(Ga2Ni5)11,355.0,349.9026901048433
GdAlGe,21.0,166.89777130425182
GdMgAl,59.0,129.27663177198247
GdMnAl,274.0,251.86007143385135
GdAlNi,62.5,65.42810637237619
GdAlO3,3.9,51.784950168427024
GdAlPd,46.0,75.36586888436558
GdAlRh,29.8,64.05516461218367
Gd1.5Al1Ni1,66.0,78.61658785786462
Gd2Al,126.33333333333331,220.0877560277782
Gd2Al1N0.5,230.0,257.9300008180668
Gd3AlNi8,61.0,76.94593890003087
MnAlGe,513.6666666666666,375.656289111685
HoAl,28.8,38.0688977166014
HoAlNi,26.0,18.831743418379446
UAlIr,62.66666666666666,48.19658363794565
La0.04Pr0.96Al1Pt1,5.5,29.1835812228369
MnAl,650.0,620.9892567351321
MnAlNi2,350.0,361.00541484068754
Mn1.1Al1Ru1.9,353.0,338.49343099174587
Mn2.05Al1V0.95,750.0,586.5241618175064
Mn3Al,605.0,558.7679168788887
Mn39.5Al1Ni48Sn11.5,215.0,311.29474574618587
Mn43.5Al1Ni44Sn11.5,283.0,314.6872504304721
Mn46AlNi43Sn10,290.0,312.11885562492125
TiNbAlV,800.0,326.29163235287484
NdAlNi,16.0,29.61814606225504
NdAlRh,10.5,19.151782922917825
Nd2Al,40.0,65.69469217523505
Nd3Al,74.0,69.57988878611691
U1Al1Ni0.4Ru0.6,80.0,51.15944494813087
PrAlNi,16.0,24.47469244135971
Tb0.95Y0.05Al1Ni1,47.0,50.89417987372538
TbAlNi,61.0,43.25259055074983
TmAlNi,12.0,16.315745790695757
AlNi3,49.73428571428571,139.7316547660019
AlNi4O,300.4,246.6128559462336
SmAlNi4,18.0,29.760604014206073
TiAlO2,298.15,304.3800252783713
TiAlPd2,900.0,214.67737459558276
PrAlPt,5.8,13.454176109022761
PrAlRh,4.7,17.905183815401383
PrAlSi,17.8,31.003641886462212
UAlPt,45.5,48.601802131967574
UAlRh,28.0,40.00432074767492
TmAlZn,2.8,17.484863485704423
Ho1Al1.125Fe0.875,64.0,127.5256487215186
Pr1Al1.19Si0.81,17.8,30.815433932914786
Ce14.5Pr4.75Nd4.75Gd7.3Al1.1Co0.2B1,546.15,404.9913174567323
Al1.1Fe2B2,275.0,305.2901387280862
Er1Al1.1Ni0.9,16.0,17.61861159796237
Ce8.075Pr6.05625Nd18.16875Zr0.2Al1.2Cu0.2,543.15,359.76322117300253
Al1.2Fe2B1.8C0.2,305.0,302.75292636197565
Al1.2Fe1.8Ni0.2B2,291.0,307.28405455999723
Al1.2Fe1.9Ni0.1B2,288.0,299.5340577091929
Al1.2Fe2B2,284.0,303.5974052191208
Ba1Al1.2Fe10.8O19,670.0,664.1751751668517
Al1.2Cr0.6Fe0.2Ni1O4,350.0,252.50388912443557
Al1.2Zn0.5Fe0.8Ni0.5O4,647.0,476.0123126726596
La1Al1.3Fe10.92Co0.78,286.0,291.7548980467732
La1Al1.3Fe10.78Co0.92,300.0,302.94156230574515
La0.8Nd0.2Al1.3Fe10.75Co0.95,294.0,315.50629908231105
La0.8Pr0.2Al1.3Fe10.75Co0.95,300.0,304.85218949903583
La1Al1.3Fe10.75Co0.95,311.0,304.85979841244625
La0.814Ce12.6984Y2.7676Al1.43Fe76.48Co0.22B7.44,468.15,477.9640823178577
La0.81Ce12.7Y2.77Nb0.14Al1.43Fe1Co0.22Cu0.15B7.44,468.15,372.66608669120717
Ce13.184Y3.092Al1.43Fe76.48Co0.22Cu0.15B7.44,462.15,475.2075407394372
Ce13.19Y3.09Nb0.14Al1.43Fe1Co0.22Cu0.15B7.44,462.15,372.25865034067317
Ce16.28Nb0.14Al1.43Fe1Co0.22Cu0.15B7.44,429.15,382.05825857262914
Ce16.28Nb0.14Al1.43Fe76.48Co0.22Cu0.15B7.44,429.15,464.4379595345856
Gd0.7Al1.4Co0.6,82.0,57.476561816546266
Al1.4Zn0.5Fe0.6Ni0.5O4,643.0,467.39605738876605
Gd1Al1.55Ni0.45,68.0,77.22075379771614
Ho1Al1.55Ni0.45,31.0,25.545907611313947
La1Al1.56Fe11.35Co0.09,160.0,229.7728906203048
La1Al1.56Fe11.44H3.2,438.0,458.37933990526534
La1Al1.5Fe11.5B0.1,178.0,213.56140215711744
La1Al1.5Fe11.5B0.2,183.0,230.09282326598668
La1Al1.5Fe11.5B0.3,189.0,236.54725198252422
Ba1Al1.5Fe10.5O19,624.15,658.9240311040794
Y2.75Al1.5Fe3.5Bi0.25O12,360.0,367.3125239405008
La1Al1.5Fe11.5C0.1,191.0,236.79481371279346
La1Al1.5Fe11.5C0.2,226.0,249.35977482655557
La1Al1.5Fe11.5C0.5,262.0,282.74927759322077
Dy1Al1.5Ni3.5,12.5,18.611503472210494
Al1.5Fe0.5Ni1O4,823.15,335.92904420356393
Tb1Al1.5Fe0.5,114.0,102.99637983792023
Sr1Al1.5Fe10.5O19,831.575,777.2468646504132
Gd3Al1.5Fe3.5O12,345.0,303.77654049745763
Tb1Al1.5Ni3.5H3.8,105.0,86.37743980834017
Ho1Al1.5Ni3.5,12.5,17.2604359145893
Tb1Al1.5Ni3.5,13.0,24.842002344167827
Y1Al1.5Ni3.5,12.5,158.80867741184144
Gd1Al1.61Fe0.3B0.09,105.0,222.1772326316941
Nd1Al1.6Fe0.4,25.0,170.62958098758588
Al1.6Zn0.5Fe0.4Ni0.5O4,641.0,426.0080159470058
Tb1Al1.6Ni0.4,59.0,63.94792373081372
Nd1Al1.73Ni0.27,25.0,45.096722727989224
Al1.75V0.25Fe1Co1Ni1,456.0,511.8983330871782
Er1Al1.76Ni0.24,26.5,32.56117055394942
Pr1Al1.78Ni0.22,36.0,34.113953272451916
Tb1Al1.79Ni0.21,84.0,83.04947945025691
Al1.7Fe72.9Cu1.7Si7.5B6Mo10.2,584.0,536.2223569769238
Er1Al1.7Ni0.3,27.83333333333333,26.66611512484547
Gd1Al1.7Fe0.3,100.0,113.1099069914921
Y3Al1.7Fe3.3O12,295.075,305.52340983859824
Gd3Al1.7Ni0.3,269.5,235.57657469526268
Er1Al1.84Ni0.16,31.0,29.7123543843085
Gd0.925Al1.85Ni0.15,181.0,135.5151676528384
Pr1Al1.86Ni0.14,14.0,39.08859566563718
Dy1Al1.8Ni0.2,83.0,53.52844838733317
Nd1Al1.8Fe0.2,12.0,65.18267515221417
Al1.8Zn0.5Fe0.2Ni0.5O4,638.0,413.53872780479503
Y3Al1.8Fe3.2O12,280.075,298.1237703666198
Gd3Al1.8Ni0.2,271.0,253.81353978033835
Ho1Al1.92Ni0.08,46.0,31.022493208013667
Tb1Al1.92Ni0.08,118.0,92.32035284064156
Pr1Al1.94Ni0.06,26.9,33.58938750675237
La1Al1.95Fe11.05,170.0,235.2933962411956
Er1Al1.97Ni0.03,22.0,26.113834518744973
Er0.1Al1.9,73.66666666666667,172.61881926670057
Er1Al1.9Ni0.1,33.0,27.351874961457888
Nd1Al1.9Fe0.1,34.0,87.65883264889423
Gd1Al1.9Ni0.1,191.0,145.74659130066544
Gd3Al1.9Ni0.1,274.5,259.004434932863
Er3Al5(Fe16B5)2,488.0,477.30022220457295
Nd9Al2Fe6Co2B,560.0,498.98484815427
Nd8Al2Fe6Co3B,617.6666666666666,525.5510486595667
Nd7Al2Fe6Co4B,620.6666666666666,526.4897041066727
Nd3Al2Fe10Co4B,680.0,646.3963324462104
Nd5Al2Fe6Co6B,680.0,656.421744739373
Nd10Al2Fe6CoB,540.0,461.75378858449096
Sm3Al2Fe2Co12B,1103.15,804.9669008559316
Sm2Al2Fe3Co12B,948.15,866.8074950537145
Gd13Al2Fe4B,197.0,207.02886800797768
Nd11Al2Fe6B,450.0,449.95932437044866
Ce3Nd3AlFe3,253.5,359.3508316886907
Gd6AlFe3,200.0,249.17165931333017
Nd6AlFe3,50.0,389.2356724864104
Al10FeCoNi,748.15,393.2957017978886
Gd6AlFe2Co,185.0,215.77975017997426
Nd6AlFe2Co,306.9,250.92669021163073
Sm6AlFe2Co,416.0,295.0550353212081
Sm12Al2Fe2Co3Cu,505.0,226.94970700988802
Nd12Al2(FeCo)3,52.0,247.25891250343437
Gd39Sc26Al10(Co3Ni2)5,68.0,75.96229738620774
Gd13Zr2Al2Co3,270.0,139.30211201684398
Gd6AlFeCo2,170.0,183.27581255201082
Nd6AlFeCo2,161.5,133.47347128149994
Gd11Al2Fe(Co2Si)2,149.0,144.01580237839684
Nd60Al10Fe7.5Co22.5,37.0,190.6514434836941
Nd12Al2FeCo5,32.0,196.02534205229242
Gd31Al5(Fe2Co)14,177.0,340.0088543652562
Gd31Al5Co14,135.0,139.5676930613512
Gd6AlCo3,142.0,136.63801664262576
Gd3Hf3AlCo3,109.0,92.52023771280194
Gd3Ti3AlCo3,110.0,201.19661082875527
Gd3Y3AlCo3,58.0,87.6297172954988
Gd11Al2Co6Ni,140.0,145.75736534642311
Gd6AlCo3,141.5,136.63801664262576
Nd6AlCo3,25.0,77.63122288126365
Gd5Al(Fe2Co)4,140.0,454.23103318100016
Gd5AlCo4,175.0,160.79538953723682
AlCo4Ni5,967.15,926.5780907572891
Nd12Al2Fe5Co,49.0,366.7269194947263
AlCo5Ni4,994.15,954.7087771262695
Al10Cr27.4Co51.2Si11.4,434.0,434.0871814386413
Gd31Al5(FeCo2)14,173.0,308.2768315284576
Al(Co2Ni)3,1012.15,977.1061547076321
AlCo7Ni2,1072.15,961.6057498634445
Gd5Al(FeCo2)4,162.0,484.8790054775324
Mn(Al2Cu5)5,503.15,115.45428733243017
Nd29Dy(AlFe3)5,500.0,432.3822366087229
Nd28Dy2(AlFe3)5,500.0,403.6409983319158
Nd3Y3AlFe3,340.0,341.3308354955554
Nd5YAlFe3,320.0,362.6575815314996
Nd6AlFe3,445.9125000000001,389.2356724864104
Y6AlFe3,360.0,302.0850818813337
Nd5AlFe4,475.0,414.1062434611151
AlFe9,1018.0,838.2945748382955
Gd6Mn3Al,284.0,255.10498321988615
Al10.4Cr28.9Co49.8Si10.9,413.0,425.8121062696379
Zr4.5Al10.5Co85,830.0,857.7708211096101
Al10.7Cr24.6Co55.1Si9.6,373.0,404.42165623086976
Al10.8Cr26Co51.8Si11.4,459.0,434.51896977247173
Al10.9Cr24Co54.7Si10.4,345.0,429.22726935784135
La2.85Ce0.15Al11,1.3,132.86591845471554
La0.9Ce2.1Al11,3.7,17.09253784981009
La0.3Ce2.7Al11,5.4,17.88073671471046
Ce3Al11,5.3,17.772351546953693
Al11Cr21Co57Si11,429.0,440.37548273350194
Mn11Al11Fe78,851.0,777.769113954065
Al11.1Cr26.2Co50Si12.7,509.0,466.6540291122092
Al11.1Cr27.2Co50.2Si11.5,462.0,457.7932932664693
Al11.1Cr25Co53.2Si10.7,504.0,418.79895073462126
Al11.2Cr23.1Co55.1Si10.6,429.0,415.6363075724605
Dy0.5U1Al11.7S431,301.0,207.0428919080742
Gd0.3U1Al11.7S431,300.0,215.95359641726193
Sm0.3U1Al11.7S431,300.0,218.4101062058009
Al11.8Cr24.8Co50.7Si12.7,499.0,473.89974728981053
Al11.9Cr21Co54.9Si12.2,443.0,451.6095903492755
Al12Co49Ni39,1028.15,921.5031263023707
Al12Cr21.8Co53.7Si12.5,457.0,448.2796289630819
KAlSiO4,7.0,102.55033283489541
K16.5Al12Si12O48,6.0,159.6149269960165
Nd3(Al3Ru)4,39.5,24.82529894234883
RbAlSiO4,5.0,82.47860607802525
Pr3(Al3Ru)4,41.0,27.176548767010367
Al12.2Cr23.6Co51.9Si12.3,503.0,459.42158028063136
Al12.5Cr24.6Co50Si12.9,531.0,478.356391530079
Mn20Al12.5Cu67.5,80.0,214.27413452271583
Mn25Al12.5Ga12.5Ni50,380.0,355.35187747138275
Al12.8Cr21.1Co53.2Si12.9,403.0,471.72589345884984
Gd0.3U1Al12.8S431,194.0,186.11361643732414
Sm0.1U1Al12.8S431,195.0,181.88901602021156
Y0.3U1Al12.8S431,198.0,159.33935727071366
Al13.2Cr22.1Co53Si11.7,468.0,448.31743468941073
Al13.4Cr23Co50.6Si13,540.0,479.7309994913428
Gd0.3U1Al13.5S431,106.0,192.6772903380266
Sm0.1U1Al13.5S431,116.0,200.1764806387555
Y0.3U1Al13.5S431,109.0,196.2462578452637
Al13.7Cr22.6Co50Si13.9,564.0,472.5183088262328
Nd2Al14Fe14Co14B,692.0,517.7264179235375
Mn11Al14Fe75,840.0,749.6219252689959
Al7Fe43,1012.15,825.5273909095865
Er6Al15Fe59B20,452.0,477.95527787745493
Sm3Al3Fe2Co11B,1050.15,753.9389131969684
Al3Co2Ni15,606.15,444.799658149195
Gd30Sc30Al15Co12.5Ni12.5,37.0,69.1712269808517
Gd36Sc24Al15(Co3Cu2)5,58.0,66.18310867322076
Gd36Sc24Al15(Co3Ni2)5,58.0,62.919925339625244
Gd42Sc18Al15Co17.5Ni7.5,77.0,78.70711466089523
Gd11Al3FeCo4Si,142.0,134.79873945737756
Gd48Sc12Al15(Co4Ni)5,93.0,89.3838192822528
Gd12Al3Co5,124.0,120.99848391336063
Gd11(AlCo2)3,127.5,128.63102863870543
Mn3Al3(FeCo)7,990.0,876.8961585978714
Mn16(Al5Cu23)3,69.0,167.35691990888122
Gd13Al3Fe4,181.39,198.0969051252756
Mn5Al3(GaFe5)2,176.2,248.81597089234424
Gd8(AlNi3)3,57.0,78.38786839074734
Gd11(AlNi2)3,83.0,94.31614777928974
Mn17Al8(CoNi4)5,418.0,356.6017098462871
Ho9(AlCo3)4,40.0,108.83109143888005
Mn17Al8Co3Ni22,388.0,352.52046829909807
Mn34Al16Co7Ni43,386.0,355.0002750800117
Mn34Al16Co7.5Ni42.5,384.0,353.4330749087608
Mn17Al8Co4Ni21,368.0,356.2626918278809
Mn34Al16Co8.5Ni41.5,390.0,355.93286440774455
Mn34Al16Co9Ni41,380.0,358.1639156497922
Mn34Al16Co9.5Ni40.5,346.0,363.6155986895529
Mn33Al17(CoNi4)10,330.0,360.43548679444893
Mn33Al17(CoNi9)5,312.0,337.8144397961681
Mn33Al17(Co3Ni22)2,321.0,346.1441919044339
Mn33Al17Co7Ni43,330.0,351.77097697947954
Mn33Al17(Co4Ni21)2,334.0,353.30933915278
Mn33Al17Co9Ni41,382.0,354.13496093346794
Mn11Al17Fe72,775.0,705.1729064914617
Mn32.5Al17.5Co9Ni41,397.0,356.1316351862838
Al17.63Cr11.76Fe23.53Co47.04,1061.0,891.3025287278858
Mn11.9Al17.6Cu70.5,52.0,135.21749256255904
Mn32Al18(CoNi9)5,220.0,349.9994566653797
Mn32Al18Co8.5Ni41.5,391.0,356.7677782773353
Mn32Al18Co9Ni41,387.0,356.7829121184251
Gd9Ho11Tm10Al9Cu11,33.6,100.4093086886844
Ho57Al18Cu25,23.6,28.43218969181794
Pr29(Al3Fe4)3,227.5,285.2310638300028
Gd55Al18Ni25Sn2,78.0,88.99764029418775
Gd55Al18Zn2Ni25,84.0,87.40887063482535
U2Al19Co6,8.0,168.91276540389566
Mn8.3Al19Cu72.7,38.0,165.92482988217895
Al19Fe81,826.575,900.7129600527614
Mn27Al19Ni54,375.0,335.1883069480233
Mn31Al19Ni50,375.0,324.1940785447565
Al19.6Cr20.1Fe20.4Co20.3Ni19.8,913.15,589.8165267438966
Al19.6Fe31.87Ni48.53,483.0,568.8753919124498
Gd59.4Al19.8Fe1Co19.8,121.8,122.4882789581609
CeAl2BRu2,12.8,33.195722515082544
Zr9Al2Fe40Co40Cu0.5Si4B4.5,736.0,830.3909274122282
Al2Cr2.3Fe68.2Co3Si3.3B5.5P8.7C7,590.0,556.6088945314182
Al2Cr2.3Fe71.2Si3.3B5.5P8.7C7,578.0,554.7742964475495
Ba0.1Sr0.9Al2Fe10O19,743.15,683.0754739756433
Ba0.2Sr0.8Al2Fe10O19,743.15,681.1960226844
BaAl2Fe10O19,644.4333333333333,697.6173602192275
Pr0.775Al2C0.45O2,24.0,124.7561847078908
Sr0.9Ca0.1Al2Fe10O19,743.15,728.0595048150916
Sr0.8Ca0.2Al2Fe10O19,743.15,737.7295758231826
CaAl2Fe3SiO1000,851.15,194.7241118882641
Sr0.9Ce0.1Al2Fe10O19,620.0,644.4669731362768
CeAl2,5.9,21.94569976837405
Ce(AlGa)2,9.0,19.381372208671767
Sr1Al2Fe10Co0.5O19,922.15,779.6325490182566
Al2Fe0.2Co0.8O3,58.0,279.38949168215504
SrAl2Fe10CoO19,912.35,806.6306543891301
Sr1Al2Fe10Co1.5O19,877.65,825.9275311074455
SrAl2Fe10Co2O19,853.55,789.6179938569647
Sm8Ti8Al2V8Ga0.5Fe69.825Co3.675,482.0,582.8319981274389
Dy3Al2Co7,166.0,171.81642474916882
Er3Al2Co7,84.0,138.11034219333806
Gd3Al2Co7,309.0,249.07154798141704
Ho3Al2Co7,124.0,130.7893889901963
Tb3Al2Co7,209.0,197.21632404726762
GdAl2Cu3,20.0,39.69764464679662
SmAl2Cu3,12.0,24.34765159959698
Dy0.05Tm0.95Al2,5.9,20.27298963383616
Dy0.15Tm0.85Al2,10.9,18.63793263796175
Dy0.1Tm0.9Al2,8.5,21.274582729924173
Dy0.25Tm0.75Al2,15.8,22.16440687751407
Gd2.7Dy0.3Al2,241.0,230.29515268232004
Gd2.6Dy0.4Al2,225.0,237.88742599625328
Gd2.5Dy0.5Al2,215.0,227.9632605432391
Dy0.5Tm0.5Al2,31.2,36.16857539070359
Dy0.6Er0.4Al2,49.0,41.705798054913956
Dy0.75Tm0.25Al2,47.9,46.09227138248182
DyAl2,63.1,52.70950756185963
DyAl2Ni,25.0,23.128437737138498
Dy3Al2,100.16666666666669,113.03141271661949
Dy3(AlNi3)2,28.0,28.18592053729453
Gd0.5Er0.5Al2,89.0,78.11114640054791
Gd0.25Er0.75Al2,57.0,45.84255294462719
Y0.2Er0.8Al2,13.0,31.09972504712211
Gd0.1Er0.9Al2,21.0,40.22788745101888
ErAl2,15.238461538461538,22.951506450117012
ErAl2Ni,4.5,16.54624802358139
Er2Al2Fe15,383.0,515.0142267275164
Er3(AlNi3)2,7.8,18.033452943154643
La0.9Eu0.1Al2,11.0,56.9368333703886
La0.8Eu0.2Al2,6.0,25.369271914287765
La0.6Eu0.4Al2,4.0,38.86846495774831
Eu3Al2O6,10.0,32.714948949232436
Eu5Al2O8,6.0,45.05089968598794
Al2Zn0.5Ni0.5O4,635.0,277.5437800373161
Sr0.9Gd0.1Al2Fe10O19,617.0,644.8410349573347
Sr0.9La0.1Al2Fe10O19,617.0,645.5849176103993
Sr0.9Nd0.1Al2Fe10O19,615.0,638.9409742054769
Sr0.9Pr0.1Al2Fe10O19,622.0,652.892155906809
Sr0.9Sm0.1Al2Fe10O19,617.0,653.2459175344926
Sr0.9Y0.1Al2Fe10O19,622.0,679.5043174731335
SrAl2Fe10O19,813.075,733.8180681903631
Nd0.5Y1.5Al2Fe15,455.0,447.56040397449533
TbNdAl2Fe15,451.0,520.2080212317612
NdYAl2Fe15,474.0,458.99621184273065
Nd1.5Y0.5Al2Fe15,484.0,490.5315520446783
Nd2Al2Fe15,492.0,500.08551264351536
GdAlFe,264.0,174.40866961955575
Y3AlFeO6,415.0,308.4438561465177
MgAl2Fe3O8,858.0,527.6040343339016
Y3Al2(FeO4)3,272.0,255.16725593617565
Mn11Al2Fe87,895.0,700.1309984005826
Sr1La0.2Al2Fe9.8O19,700.0,670.8540950154834
Al2Ga,176.0,275.9536491926085
Sm0.997Gd0.003Al2,127.0,102.9794630167217
Sm0.987Gd0.013Al2,127.0,110.95465692009488
Sm0.99Gd0.01Al2,124.0,108.59485015264238
Sm0.968Gd0.032Al2,127.0,102.37813832919664
Sm0.97Gd0.03Al2,125.0,107.62017543835131
La0.9Gd0.1Al2,24.0,31.99892951188851
Pr0.75Gd0.25Al2,71.0,54.775365647522186
Pr0.5Gd0.5Al2,110.0,79.00049894744708
Gd0.6Y0.4Al2,100.0,93.5646228961619
Pr0.25Gd0.75Al2,148.0,102.10379495903784
Tb0.05Gd0.95Al2,170.0,152.00950568045877
Tb0.02Gd0.98Al2,170.0,163.4497869706161
Tb0.0025Gd0.9975Al2,170.0,140.4884702813538
GdAl2,165.83333333333334,117.9574844714188
Gd(HoAl)2,115.0,117.2111381192951
GdAl2Ni,34.585,48.88934043493504
Gd3Al2,279.625,250.02540545132246
Gd3(AlNi3)2,120.0,62.371166990026815
U3Al2Ge3,65.0,58.697094998627044
HoAl2,30.166666666666668,30.162674137222933
HoAl2Ni,7.25,18.2183611788758
Ho3Al2,36.5,49.577319539728364
Ho3(AlNi3)2,15.25,19.39770835195357
La0.2Pr0.8Al2,30.0,27.531909754881493
La0.95Pr0.5Al2,5.0,32.80849296424434
Pr0.85Mn0.3Al2,26.0,118.24648994123223
Mn39.5Al2Ni48Sn10.5,205.0,308.97712166434553
Mn43.5Al2Ni44Sn10.5,283.0,313.61601908820927
NdAl2,75.00999999999999,36.18285815942823
NdAl2Ni3,253.0,23.36893177046443
TbAl2Ni,39.0,37.0042936680475
TmAl2Ni,18.0,22.60639911351381
Tb3(AlNi3)2,61.0,39.56765814114725
NpAl2,56.0,78.66965072830781
Al2O3,298.15,265.4825901364146
Pr0.1Y0.9Al2,13.0,86.06189132041266
Tb0.25Pr0.75Al2,48.0,41.37819406437415
Tb0.3Pr0.7Al2,52.0,40.362327110263166
Pr0.8Y0.2Al2,32.0,33.89876517088783
PrAl2,33.715384615384615,33.06549951407283
U3Al2Si3,32.0,75.31166495481106
SmAl2,121.175,58.554099235451645
Tb0.6Y0.4Al2,51.0,72.2339104615057
TbAl2,110.33333333333331,102.53315147375221
Tb3Al2,190.0,160.18936929556472
TmAl2,4.6000000000000005,21.984200094667806
Al2.14Ga0.86Fe77Si2.6B4P8.4C5,633.0,611.9815325422468
La1Al2.1Fe10.9,200.0,225.92833728248849
La1Al2.1Fe10.9N3,300.0,493.75580213314333
Nd6Al2.26Co5Ge1.74,140.0,77.07540196620658
Pr6Al2.2Co5Ge1.8,130.0,62.1622774082371
Gd95Al2.2Fe2.8,255.0,289.70584486379386
Ba2Al2.5Zn2Fe9.5O22,370.0,536.1871703330992
Gd3Al2.5Fe2.5O12,175.0,224.75875213413173
Y3Al2.5Fe2.5O12,110.0,279.8620419301043
Sm1Ti1Al2.5Fe8.5,456.0,508.8358265035421
La1Al2.73Fe10.27,250.0,285.44347448541805
Eu1Al2.75Zn1.25,25.0,29.831822773015787
Gd14Al2.8Co3.2,66.0,169.74498480046805
Eu1Al2.96Si1.04,17.0,35.2299813820284
Al2.986Ni6.014O1,140.0,186.36311951453067
Pr0.2Nd0.8Al2.9Fe76.9B5.9,582.0,596.285200396738
Tb35Pr35Nd2Al20Fe14Cu10B,612.55,362.0317130143854
Pr70Nd2Al20Fe14Cu10B,574.15,425.28832377282396
Sm3Al4Fe2Co10B,1001.15,652.0926037440149
Mn20Al20Cr23Fe23Co14,310.6,293.374777601739
Mn10Al10Cr12Fe11Co7,299.2,294.4617657677634
Mn20Al20Cr25(Fe3Co2)7,280.3,313.8934598599369
Mn10Al10Cr13Fe10Co7,268.2,314.49071152451893
Gd33Sc22Al20(Co3Ni2)5,51.0,60.86976725234724
TbDyErAlCo,29.0,54.02757519493757
DyErTmAlCo,13.0,32.24880798904478
TbGdDyAlCo,58.0,78.57074270977365
Er3AlCo,10.3,21.824383403018757
Gd11Al4FeCo4,130.0,138.2374772256494
Gd40.02Sc19.98Al20Co20,66.0,81.0177932597508
Gd3AlCo,110.0,112.55737757466612
Ho3AlCo,22.3,33.81471514189379
Tm3AlCo,5.0,21.54627584384133
Al10Co11Ni29,967.15,731.6052843286864
Gd2Hf9Al4Co5,75.2,94.67119059321624
Gd4Hf7Al4Co5,97.7,66.285673888271
Gd27.5Hf27.5Al20Co25,91.6,76.10617396225119
Gd7Hf4Al4Co5,96.5,74.11959692726451
Gd9Hf2Al4Co5,100.1,90.15304878025266
Gd11Al4Co5,111.85,115.95864006760404
Al2Co3Ni5,989.15,841.9704992954703
Al(CoNi)2,992.15,869.1639946117074
Mn6Al4CoNi9,300.0,350.3105336838155
Al2Co5Ni3,997.15,891.5113242957244
Mn30Al20Co6.5Ni43.5,321.0,348.7116778903849
AlCo3Ni,991.15,921.8780251735612
Mn15Al10Co4Ni21,338.0,353.38023292979244
Er3AlCu,13.3,17.99638706547359
Tm67Al20Cu33,4.5,18.740511171976337
TbGdDyAlNi,45.0,98.01591983029329
Dy5.5Ho11Er38.5Al20Ni25,3.0,30.494945890422724
Gd3AlFe,202.0,185.5908491487108
Al2Fe3Ni5,500.0,542.3655041236321
Mn5Al4GaFe10,194.1,261.77698862384443
Mn11Al20Fe69,778.0,597.1844403678634
Tb0.15Al20Fe79.85,943.65,865.2188341669491
Tb0.05Al20Fe79.95,943.65,891.4987967943508
Tb0.1Al20Fe79.9,943.65,870.8265902988984
AlFe4,943.65,847.5229155870677
Mn13Al4Ga3,680.0,613.268645960775
Gd55Mn3(Al10Ni11)2,90.0,103.48556630447817
Gd11Al4Ni5,76.33333333333333,84.39957062222396
Dy7Al11Au32,9.5,20.455401698593946
Gd7Al11Au32,27.0,55.55076882456302
Tb7Al11Au32,15.0,33.07554648908262
Ti7(Al11Fe36)2,931.0,565.875115199482
Al11Fe39,918.0,789.4128656632296
Gd23Al11Ni16,62.0,85.13039427045427
Gd7Dy50Al23Co20,26.0,45.775820904802394
Mn11Al23Fe66,570.0,481.8359357749213
Al23Fe77,743.15,817.2188699356017
Al23Ni77,86.0,116.8190491046236
Gd51NbAl24(Co5B)4,82.0,99.95122394484699
Ce5Gd51(Al6Co5)4,81.0,96.45970087440827
Gd51NbAl24(CrCo5)4,100.0,99.01135439934684
Gd21Dy7(Al6Co5)2,81.5,82.7814572582507
Gd39Dy17(Al6Co5)4,76.0,82.0717815046028
Dy5Ho9Al6Co5,17.0,34.58034876701147
Dy9Ho5Al6Co5,23.0,40.94416133415707
Gd7Dy50(Al6Co5)4,26.0,44.1912830619387
Gd10Er4Al6Co5,76.8,73.8863447807148
Gd2Er12Al6Co5,16.0,35.36206158796018
Y3Er25(Al6Co5)2,8.0,30.448297494725416
Tb5Gd9Al6Co5,91.0,83.76640490501778
Gd9Y5Al6Co5,53.0,76.23912912911419
Gd51Zr4Nb(Al6Co5)4,91.0,86.45393885790205
Gd53Zr3(Al6Co5)4,93.75,89.28040018561525
Gd14Al6Co5,106.75,101.44640912780254
Y13Ho15(Al6Co5)2,5.5,45.443971060440745
Tb9Y5Al6Co5,30.0,55.79229144944583
Al6Ni19,71.5,103.88145720741728
Gd55Al24.5Co17.5Cu3,100.0,97.9203361145248
Gd55Al24.5Fe3Co17.5,118.0,127.31444410608069
Gd55Mn3Al24.5Co17.5,114.0,115.45522176871879
Al24.5Ni75.5,58.1,88.21566722513256
Al24.81Fe24.81Co24.81Si0.76Ni24.81,1053.0,990.4189880262949
Al24.88Fe26.25Ni48.86,458.0,516.9445515310983
Al24.94Fe24.94Co24.94Si0.24Ni24.94,1067.0,1015.8007203380552
Gd12Al5Co3,105.0,121.77166894937601
Gd12Al5(CoNi)3,91.0,93.98627619978927
Gd33Er22(Al5Co4)5,52.0,63.99073369323787
Gd48Er4Zr3(Al5Co4)5,84.0,86.15533249829222
Gd6Y4ZrAl5Co4,37.0,66.61156331663297
Gd11Al5Co4,102.0,100.95361924290609
Tb11Al5Co4,55.0,93.11728638718559
GdDyAlCo,60.0,68.51788178728677
AlFeCoNi,1097.0,946.2747294412975
Gd5Y3Ho2(AlCo)5,41.0,60.27144002238341
Gd5Y2Ho3(AlCo)5,47.0,53.64337787533
Gd5YHo4(AlCo)5,49.0,54.66830787299577
Gd25YHo24(AlCo)25,51.0,55.64030066078158
GdHoAlCo,50.0,58.01130587638953
TbGdAlCo,73.0,76.37103173152707
AlCoNi2,995.15,691.3214587153359
Al5Cr5Co9Ni,285.71,374.9730329216344
Al25Cr25(Co24Ni)2,293.98,354.6749479879976
Al25Cr25Co49Ni,310.41,351.98954753877484
AlCrCo2,328.64,482.9531939254898
Al5Co14Ni,1065.15,674.8168830936131
Ho57Al25Cu18,22.2,28.16142459668153
Tm57Al25Cu18,4.9,15.140728911565963
Tb19Gd19Er18Al25Fe19,97.0,226.3917438196567
AlFeNi2,500.0,552.6800046648259
MnAlFe2,248.7,284.3698656065076
Mn11Al25Fe64,453.0,427.8764119687327
Gd11Al5Ni4,71.0,95.33631344023445
AlNi3,47.386,138.30293419266462
Al25.5Fe0.2Ni74.5,46.0,76.43765177566549
Al25.5Fe0.5Ni74.5,70.0,79.34121262947225
Al25.5Fe1Ni74.5,47.5,102.97799823503713
Gd71Al26Fe3,116.68,202.7126840384419
Al27Co41Ni32,340.0,474.55893806914685
Er55(Al3Cu2)9,11.0,20.16519418073087
Mn9Al27Cu64,160.0,148.07198385160103
Er55(Al3Ni2)9,11.3,21.515723705548528
Mn11Al27Fe62,315.0,352.0361408855988
Gd56Zr2(Al9Ni5)3,65.0,140.25089582697896
Ho55(Al3Ni2)9,22.2,32.607145818136246
Tm55(Al3Ni2)9,5.4,16.236578651661027
Ho55Al27.5Co17.5,14.0,32.37784863203393
Gd53Al28Co19,62.5,91.33739757591427
Al28Co38.5Ni33.5,398.0,364.09058956362094
Al28(Co13Ni11)3,375.0,364.66174214975297
Al7Fe18,630.0,708.542711883345
Al29Co35Ni36,300.0,362.53287025694925
Al29Co36Ni35,300.0,322.6316177215328
Al29Co37Ni34,300.0,318.99216162339985
Al29Co38Ni33,290.0,327.43733922444676
Al29Co39Ni32,300.0,345.43681564111944
Ba0.75Sr0.25Al3.02Fe12O20.51,563.0,727.1318321615702
Al3.038Ni5.962O1,140.0,195.06782290673053
Ce17Nd17Nb0.5Al3Ga0.5Fe74.5Co2Cu0.5B6,526.0,511.0170565548005
Al3Fe8(Co2B)6,815.0,624.641425295852
Al3Fe4(Co8B3)2,623.0,573.7298476332141
Al3(CoB3)2,406.0,261.7862158635062
Al3(Co10B3)2,409.0,498.043094396184
Al3Fe3Co72(B3P8)2,600.0,615.5479129542306
Al3Co75(B3P8)2,630.0,606.7547411574487
Al3Fe8(Ni2B)6,285.0,506.8595349795883
Mn0.8Nb3.7Al3Fe71Cu1Si13.5B7,600.0,549.5845932332659
Dy(AlC)3,22.0,35.8577508202597
Er(AlC)3,14.0,51.67372569426955
Gd(AlC)3,60.0,88.43012876980161
Ho(AlC)3,23.0,43.34918275798875
Tb(AlC)3,89.0,43.722144022734696
Ce0.33Th0.67Al3,5.0,55.23836454533892
Ce0.67Th0.33Al3,6.0,35.120369121328
Ce1Al3Cu0.4Pd1.6,1.8,20.062089547165844
Sr1Al3Fe9Co0.5O19,906.45,748.1433905468374
Dy2Al3Co,33.0,40.441134429284276
SrAl3Fe9CoO19,832.25,782.2143121241699
Gd2Al3Co,70.0,71.31435188113608
Ho2Al3Co,20.0,25.82702875368077
Tb2Al3Co,47.0,54.03177494721591
Sr1Al3Fe9Co1.5O19,813.15,782.2650614764121
SrAl3Fe9Co2O19,799.55,778.1951534454012
Al3Cr2(FeCo)6,1052.0,879.3246963110522
Al3(FeCo)7,1254.0,931.623798626381
Nd0.5Y1.5Al3Fe14,471.0,461.8692729542398
TbNdAl3Fe14,485.0,509.6375261661451
NdYAl3Fe14,485.0,478.77926741182034
Nd1.5Y0.5Al3Fe14,514.0,492.1377046562291
Nd2Al3Fe14,490.0,510.3053858929816
Sr1Al3Fe8.985Ni0.015O19,732.0,705.8451441636887
Hf7ZrAl3Fe89,610.0,513.9362567573745
Al3Fe9PbO19,673.0,632.1195031746479
Ho2Al3Si2,4.2,25.343222602247668
Mn39.5Al3Ni48Sn9.5,242.7142857142857,305.6132882837967
Mn43.5Al3Ni44Sn9.5,283.0,310.70280485360837
Al3Ni6O,140.0,193.0739897341623
Tb2Al3.14Fe13.86,475.0,501.9201291967326
Sm6Al3.22Fe19.78,480.0,535.623434410667
Ce1Al3.3Cu0.7,4.0,17.398230840204413
Gd3Al3.5Fe1.5O12,30.0,159.56748040679176
Al30FeCoNi,670.15,395.12743278983146
Gd11(Al2Co)3,96.0,99.0876877976568
Gd5Al3Co2,86.0,100.37406172023762
Al3Co3Ni4,968.15,643.1727267334854
Al3Co4Ni3,1014.15,662.9651196137163
Al3Co5Ni2,1002.15,720.8588422357424
Gd17Mn3(Al2Fe)3,205.5,210.77993256785436
Al3Fe2Ni5,500.0,488.5119209601852
Mn11Al30Fe59,80.0,298.42848296918305
Al3Fe7,674.0,684.2705359026943
Gd52.5Al31Co16.5,95.0,92.0928467106363
Al8Fe17,625.0,548.2398321065332
Mn11Al34Fe55,30.0,186.43552433389596
Mn55(Al4Ga)9,650.0,595.6983817782439
Mn11Al37Fe52,25.0,136.24707062148684
Mn55Al38.57Ga6.43,590.9,642.6873817437802
Er3Al2(Fe7B2)5,527.0,549.2473508172459
Al2Fe37Si2SnB2P5C,571.0,603.2485227214638
Al2Fe37Si2SnB2(PC)3,571.0,600.2276149011492
Al2GaFe37Si2(BP3)2,737.0,605.2330454423757
AlFe19SiBP3,738.0,632.4859160458182
BaAl4Fe8O19,514.0,616.9537769626952
CeAl4,9.0,19.357312227760307
Sr1Al4Fe7.8Co0.2O19,500.0,577.3491675677741
Sr1Al4Fe7.6Co0.4O19,491.0,535.9580793731055
Sr1Al4Fe8Co0.5O19,813.75,602.9681067117453
Sr1Al4Fe7.4Co0.6O19,489.0,520.6712090643414
Sr1Al4Fe7.2Co0.8O19,476.0,505.8043387713961
SrAl4Fe7CoO19,474.0,524.6372156016574
SrAl4Fe8CoO19,800.15,668.2935021668197
Sr1Al4Fe8Co1.5O19,789.85,765.2632435097072
SrAl4Fe8Co2O19,767.65,755.7902360404979
Nd9AlFe8Co7,374.75,559.6066286783329
Al4Co35Ni61,987.15,837.4184597404849
Mn20Al4Ga21(CuNi10)5,305.0,336.4847868175064
ErAl4O3,20.0,99.31159084452982
EuAl4,14.0,35.079678664335745
TbNdAl4Fe13,475.0,518.026414787161
Al4Ga23Fe19Ni54,285.0,332.00670137561093
Sr1La0.75Sm0.75Al4Fe6.5O19,466.56,443.06146513603693
Sr1La0.5Sm0.5Al4Fe7O19,492.47,460.69299852840084
Sr1La0.25Sm0.25Al4Fe7.5O19,493.31,521.805550047216
Sr1Al4Fe7.98Ni0.02O19,732.0,542.8755514115192
Al4Fe8PbO19,663.0,566.6299193415657
SrAl4Fe8O19,552.8966666666666,603.9277381857062
LaGdAl4,81.0,77.19281753928024
La3Mn5Al2,200.0,255.47117747376086
Nd25.4Al4.78Fe68.85Co1B0.95,654.0,580.9075389669052
Al4.83Fe87.54Si7.63Se1,793.15,817.3896146922148
Al4.92Fe60.32Co4.82Ni29.94,430.0,550.8789784065189
Gd4MnAl2Fe,208.0,251.9676459733475
Mn11Al40Fe49,25.0,282.10517821895564
MnAl4Fe5,350.0,197.75590491353705
Mn55Al42Cu3C2,650.15,598.8783780528262
Mn55Al43(CuC)2,650.15,627.7853416592561
Mn54Al43.6Bi0.4C2,625.15,588.1277151653529
Mn54.2Al43.8C2,650.0,611.1961643804469
Mn55Al44C,650.0,615.8651278566011
Mn55Al44CuC2,650.15,619.5290634567405
Mn27Al22C,578.15,607.4745076239054
Mn14Al11,593.1,612.5509108486668
Ti0.3Mn52Al44.6Cu1.4C1.7,538.15,605.7778974525503
Mn53.07Al44.81Ni6.68C2.13,579.15,516.9926489922248
Mn52.7Al44.9C2.4,573.15,577.6217760975973
Ti0.5Mn52.8Al45Bi4.35C1.7,594.0,536.3902735609136
Mn52.3Al45Cr1C1.7,573.15,584.0520618619045
Ti0.5Mn52.8Al45C1.7,594.0,596.3147626435112
Mn53.3Al45C1.7,611.575,575.1055396662961
Mn55Al45C2,650.15,611.7726970025099
Mn53Al45C2,538.0,581.3296976203761
Mn53Al45Ni0.6C2,537.5944444444444,555.7564055099971
Mn55Al45C2,553.75,611.7726970025099
Mn8(Al3Fe)3,330.0,343.0699607816557
Mn6Al9Ni5,402.0,391.47430202289627
Mn8(Al3Ni)3,435.0,423.74651047418894
Ti(Mn6Al5)9,646.15,629.0876746042318
Mn11Al9,636.3583333333333,599.5380377528033
Mn53.38Al45.14Ni0.69C1.48,543.15,569.5240629925604
Mn52.62Al45.54C1.84,535.15,573.3647575788485
Mn54.5Al45.5,644.0,598.8089456370182
Mn52.37Al45.66Ni1.61C1.97,521.15,538.6390465867198
Mn52.37Al45.75Ni2.14C1.87,527.15,536.4852402886004
Mn52.44Al45.88Ni4.27C1.67,541.15,562.3908556572106
Mn52.2Al45.8C2,650.0,568.6934614916905
Mn27Al23,640.0,641.9194154217699
Mn54Al46C,590.0,610.0678584877985
Mn27Al23C,570.0,561.0332371894655
Mn54Al46C3,565.0,592.9110740776874
Mn27Al23C2,580.0,577.729553314335
Mn54Al46C5,580.0,585.8338010824821
Mn20Al23Fe7,340.0,332.16254345125276
Mn39Al46Fe15,324.0,324.98411566149963
Mn25Al23Ni2,634.0,536.8248917784696
Ti2Mn25Al23,668.0,617.2516730724725
TiMn26Al23,668.0,632.1892418228376
TiMn53Al46,638.15,627.1655534192284
Mn27Al23,533.6222222222223,641.9194154217699
Mn49Al47(FeC)2,561.0,535.3472354981249
Mn47Al47(Fe2C)2,551.0,505.62245665539444
Mn51Al47C2,568.0,604.8956229578752
Mn40Al47Fe13,315.0,353.82670691427455
Mn38Al47Fe15,305.0,335.52770487147984
Mn10(Al4Fe)3,334.0,349.84561521600995
Mn37(Al16Fe5)3,288.0,341.3484233564585
Gd7(Al2Ni)6,32.5,65.78046711117399
Mn15Al24Ni11,421.0,361.3515378862577
Mn10(Al4Ni)3,475.0,422.14988848144344
Al48.7Fe51.3,180.0,539.3938936290264
Mn48.835Al48.835C2.33,590.0,587.3860541537232
Mn51Al49,650.0,614.1116456753404
Al49.1Co50.9,13.0,467.6608851136796
Nd5AlFe8(Co2B)2,710.0,651.9197296349406
Al5Ga2Fe17Co52CuSi3(BP)10,373.0,532.1527901214384
Sm2AlFe3(Co6B)2,912.15,857.9488583791341
Al5Ga2Fe5Co63Si3(B6P5)2,328.0,425.1001271395129
Al5Ga5Fe70B4P11C5,600.0,564.9580984622738
Al5Ga2Fe73B4P11C5,585.0,602.0555227070588
Al5Fe75B4P11C5,600.0,620.0316032003029
Al5Ga2Fe70Cu5Si3(BP2)5,568.0,608.4906203180016
Sm3AlFe2Co13B,1103.15,837.678509186336
Al5Ga2Fe56Co14Cu4Si3(B3P5)2,554.0,599.6974224348528
Al5Ga2Fe43Co26Cu3Si3(B4P5)2,526.0,560.9787987162968
Al5Ga2Fe29Co40Cu2Si3B9P10,463.0,566.8793400393033
Sr0.6667Ca0.3333Al5Fe7O19,431.15,515.2075056411057
Gd11AlFeCo4Si3,151.0,149.76357692568385
Gd11Al(Co3Ni)2,158.0,170.01122466122715
SmAl5Fe5Co5(CuNi)5,993.15,537.5689130062301
DyMnAl5Fe5Ge,265.0,270.27107938341
TbNdAl5Fe12,430.0,475.63397907843614
Sm12Al5Fe14,245.0,350.9224007151758
Mn11Al5Fe84,882.0,788.1089766022068
Sr0.6667Ca0.3333Al5.5Fe6.5O19,396.15,472.55430383683535
Ce1Al5.5Pd1.5,2.8,28.00989499918028
Gd3MnAl2Fe,212.5,255.31350966073043
Mn4Al5Ni,421.0,422.61175624785807
Mn17.6Al50.1Cr5.3Co27,367.0,308.4718693632849
Mn14.8Al50.4Cr6.8Co28,330.0,310.2862673781469
Mn12Al50.6Cr8.5Co28.9,268.0,313.8241550821057
Gd33Al54Ni13,47.5,93.36684190173807
Ce35Ta1Al6Fe114.04Co25Ni14Ge0.5B0.96,429.0,531.0456113046669
Nd37.4Al6Fe77.5B18.5,580.0,527.3962716253461
Er3Al3(Fe17B5)2,512.0,529.3640018422443
BaAl6Fe6O19,492.575,430.42553974739405
Al6Cr37Fe24(Co7Ni4)3,913.15,598.1601609229964
Gd30Al3Co13Ge4,155.0,122.99363661231733
Dy(AlCr)6,20.0,78.86195016953711
Er(AlCr)6,15.0,100.68149403462711
Gd(AlCr)6,172.5,83.59098955932257
UAl6FeCu5,160.0,295.998014191168
UMnAl6Cu5,370.0,150.8991925461098
Dy(AlCu)6,3.9,30.95190067678109
Er(AlCu)6,2.6,27.562116499995163
Gd(AlCu)6,21.0,52.40792626101242
Ho(AlCu)6,1.9,22.422674164697526
Tb(AlCu)6,33.4,18.528616828902706
Tm(AlCu)6,3.9,39.170483475607014
Dy(AlFe)6,335.0,277.11214143504037
Dy(MnAl)6,6.0,88.38751901954694
Er(AlFe)6,320.0,290.13255083086364
Er(MnAl)6,2.6,46.72544827699768
Eu(AlFe)6,135.0,285.325012836211
TbNdAl6Fe11,354.0,425.43762822437924
Gd(AlFe)6,341.3333333333333,290.61426212502283
Ho(AlFe)6,313.3333333333333,289.50902487397497
Lu(AlFe)6,327.0,272.2439672173573
Al6Fe6PbO19,610.0,370.2978558157517
Tb(AlFe)6,335.0,282.15006717075437
Tm(AlFe)6,320.0,308.7293259182643
U(AlFe)6,328.3333333333333,294.9506898634436
Y(AlFe)6,308.0,261.5244667881298
Yb(AlFe)6,210.0,282.8886816754128
Gd(MnAl)6,15.0,184.14649842635916
Tb(MnAl)6,8.0,129.11491576795112
Tm(MnAl)6,2.0,95.64107954152271
Gd3Al6.3Zn4.7,9.6,64.44634530490539
Lu1Al6.5Fe5.5,263.0,260.05867210826017
Y1Al6.5Fe5.5,225.0,224.56600070523564
Al13Fe3Cu4,900.0,269.8490804681205
Ca1Al7.013Fe4.987O19,310.0,229.91435351303875
HoAl7Fe4Co,67.0,189.9308821229968
DyAl7Fe3Co2,120.0,146.69947218242456
HoAl7Fe3Co2,67.0,155.60963605606935
Ti6NbAl7Fe35Co34Cu3Ni14,1073.15,1126.0046162075912
Pr7Al7Co6,4.5,41.70849860729411
UAl7Fe3Cu2,145.0,200.0030563194958
U1Al7Fe1.5Cu3.5,32.0,278.71612718700067
DyAl7Fe5,229.66666666666663,206.47435550537702
Dy2Al7Fe10,235.0,322.0146246565078
ErAl7Fe5,209.5,201.3322321145247
TbNdAl7Fe10,260.0,333.16099298202755
Y2Al7Fe10,163.0,324.6574619411993
GdAl7Fe5,268.0,229.23173005231808
HoAl7Fe5,221.5,216.1458391270845
LuAl7Fe5,206.0,235.22780645364892
SmAl7Fe5,220.0,210.23476525884809
TbAl7Fe5,245.0,231.60158399292874
UAl7Fe5,275.0,225.79289558206344
YAl7Fe5,160.0,190.98635201041304
YbAl7Fe5,207.0,216.9101531824372
Y1Al7.3Fe4.7,110.0,160.90804913616566
Ta0.6Ti6Nb1.2Al7.5Fe34.7Co34Cu3Ni13,1130.0,1119.7845414519968
Ta0.6Ti6Nb1.2Al7.5Fe35.3Co34Cu3Ni13,1130.0,1115.5833099309227
Ti6Nb1.2Al7.5Fe35.3Co34Cu3Ni13,1117.0,1122.749505663206
Ti5.5Nb1.5Al7.5Fe33.4Co35Cu3.1Ni14,1173.0,1109.5894533333103
Zr1Ti6Nb1Al7.5Fe31.9Co35Cu4Ni14,1123.15,1081.2949967443162
Y1Al7.5Fe4.5,105.0,140.3104348612586
Zr0.5Ti6.2Al7.6Fe32.2Co36Cu3.8Ni13.5,1139.15,1098.397263484841
Y1Al7.6Fe4.4,100.0,160.9257530339121
Ca1Al7.922Fe4.078O19,130.0,261.0957153001427
MnAl7Pd2,290.0,189.64414880761527
Pr7.4Nd7.4Al75Fe78.7Cu25B6.5,581.15,478.53890715554036
Gd65Al8Fe20B7,192.0,220.0679241887066
BaAl8Fe4O19,314.0,166.28777095370884
Ce(Al2Fe)4,159.7,138.06304432616255
Ce(Al4Pd)2,9.5,52.021106053477645
Al8Fe51Co24Cu3Ni14,1143.15,1009.676481254135
Al2Fe9Co6Si3Ni5,933.15,880.0095552130049
Dy(Al2Cr)4,16.0,36.129447482792514
Er(Al2Cr)4,14.0,43.16582158727796
Gd(Al2Cr)4,8.0,64.59698065112386
Ho(Al2Cr)4,8.0,40.529870034740156
Pr(Al2Cr)4,6.0,48.23464771408134
Sm(Al2Cr)4,19.0,31.35572559651221
Tb(Al2Cr)4,12.0,35.31897915841545
Tm(Al2Cr)4,11.0,58.55135899442455
Dy(Al2Cu)4,17.0,23.046533510727222
Er(Al2Cu)4,6.0,38.34011364705791
Gd(Al2Cu)4,32.0,31.39006852319784
Ho(Al2Cu)4,7.0,30.07112551681216
Nd(Al2Cu)4,20.0,26.900600895643258
Pr(Al2Cu)4,15.0,31.9920711128776
Sm(Al2Cu)4,25.0,31.594683391481208
Tb(Al2Cu)4,22.0,22.7753368359228
Tm(Al2Cu)4,5.0,47.38571796102154
Dy(Al2Fe)4,77.5,149.50734480574073
Dy(MnAl2)4,19.0,36.745635228188576
Er(Al2Fe)4,183.0,162.66197072987995
Er(MnAl2)4,15.0,37.38881776841207
Eu(Al2Fe)4,137.0,141.74650594517547
Eu(MnAl2)4,20.0,57.91829732711441
Gd(Al2Fe)4,119.43333333333334,154.69678415365323
Ho(Al2Fe)4,137.0,151.3348844455257
La(Al2Fe)4,135.4,157.45275253957985
Lu(Al2Fe)4,197.3,176.53591191901154
Nd(Al2Fe)4,142.0,132.0486080393055
Np(Al2Fe)4,135.0,210.94186513265612
Pr(Al2Fe)4,107.0,144.908153800537
Sm(Al2Fe)4,108.0,145.9329736407157
Tb(Al2Fe)4,159.15,144.17022574965034
Th(Al2Fe)4,147.2,191.50391497332686
Tm(Al2Fe)4,186.6,165.6449433005665
U(Al2Fe)4,214.0,161.8466635145542
Y(Al2Fe)4,188.9,165.66197983093414
Yb(Al2Fe)4,103.0,215.48103137139643
Mn11Al8Fe81,870.0,777.5234391861077
TbNdAl8Fe9,234.0,324.9887509408434
Gd(MnAl2)4,28.0,88.37309562453393
Ho(MnAl2)4,14.0,28.59916278206273
Nd(MnAl2)4,7.0,29.98821557507893
Pr(MnAl2)4,11.0,34.08488809447911
Sm(MnAl2)4,12.0,31.036568413703236
Tb(MnAl2)4,21.0,34.61784060705306
Tm(MnAl2)4,13.0,61.58311547801987
Nb1Al8.2Fe50.2Co24.3Cu2.3Ni14,1123.15,1028.0199098332193
Ti6Nb1.2Al8.2Fe32.4Co36Cu3.4Ni12.8,1140.0,1122.9134355151689
Ti8.3Al8.4Co75Si8.3,900.0,697.0261117598047
Al8.9Fe28Co28Si8.9Ni26C0.2,1000.0,878.3543515256004
Pr7.4Nd7.4Al85Fe78.7Cu15B6.5,569.15,448.5145309645951
Gd64YAl9Co26,108.0,145.08424503416924
Dy2(Al3Co)3,13.0,45.10228663007147
Er2(Al3Co)3,5.0,45.102821369354615
Ho2(Al3Co)3,10.0,35.06631803360732
Ti8.3Al9Fe31.3Co38.2Cu1.5Ni12,1133.15,1035.8638718478387
U(Al3Fe)3,25.0,208.82422060183507
Nd24.25Al9.13Fe65.71Co9.13B0.91,654.0,613.0277213001791
Ti7Al9.4Fe30.7Co32.1Cu4.2Ni17,1133.15,1080.831983083032
Al9.5Cr27.3Co52.9Si10.3,345.0,414.28870010119516
Mn0.98Fe0.02As0.05P0.95,285.0,277.66039190673064
CoS2,122.0,126.6125698094845
Co2As0.15P0.85,70.0,156.08335029042675
Co1As0.1S1.9,90.0,99.29149167225265
Mn0.98Fe0.02As0.1P0.9,295.0,273.6172595162278
Fe2As0.1P0.9,358.0,383.95639478231703
Co1As0.25S1.75,12.0,102.81165280234929
Mn1Fe1As0.25P0.75,168.0,295.2233472173681
Mn1Ge1As0.28P1.72,653.15,427.86689681564314
Fe2As0.2P0.8,411.0,410.3352267122365
Dy1V0.65As0.35O4,1.6,67.5760525205516
Mn1.1Fe0.9As0.3P0.7,150.0,288.59605552996754
Fe2As0.3P0.7,443.0,416.846944929496
Mn1Fe1As0.45P0.55,332.0,292.3971082802738
U1As0.4Se0.6,170.0,149.14930286759957
Mn1.1Fe0.9As0.53P0.47,293.5,288.2869551964538
Mn1Fe1As0.53P0.47,293.0,302.40086222827205
Mn1.1Fe0.9As0.54P0.46,287.0,285.77254182262874
Gd1Mn1Fe1As0.55P0.45,297.0,310.05853421486484
Mn1Fe1As0.55P0.45,304.75,300.0607718487049
Mn1.3Fe0.7As0.5P0.5,190.0,262.5604056723529
Mn1Fe1As0.5P0.5,286.0,305.2486918614141
Mn1Ge1As0.5P1.5,653.15,428.36384654977104
U1As0.5Se0.5,165.0,156.6743549422127
Mn1Fe1As0.65P0.45,322.0,305.19373239052516
Co2As0.6P0.4,120.0,134.86004776746057
Fe2As0.6P0.4,470.0,450.38995666788367
Mn1Sb0.25As0.75,290.35,272.5463128840224
Mn0.043In0.957As0.79P0.21,280.0,211.32317384256646
Mn0.04In0.96As0.79P0.21,280.0,226.5800149052928
Mn1.03Sb0.3As0.7,220.0,287.8883225894685
Mn1Sb0.3As0.7,236.05,277.0477670135058
Ca0.1La0.9Mn0.1Zn0.9Sb0.15As0.85O1,10.0,42.21798931504617
Mn1Sb0.15As0.85,282.5,279.1459497127492
Mn0.039In0.961As0.88P0.12,280.0,211.23855213827477
Mn0.035In0.965As0.88P0.12,280.0,215.79647122037252
Mn0.002In0.998As0.89P0.11,280.0,222.45122722691596
Ca0.1La0.9Mn0.1Zn0.9Sb0.2As0.8O1,7.5,40.55571228434647
Mn0.02In0.98As0.8P0.2,280.0,212.17202941174338
Mn0.009In0.991As0.8P0.2,280.0,242.3836675865355
Mn1Sb0.2As0.8,275.9,282.16852321493604
Mn1Si0.09As0.91,297.0,274.88439994335937
Co2As0.94P0.06,70.0,118.55509527993672
U1As0.94Se1.06,113.0,103.4039185541166
Ca0.1La0.9Mn0.1Zn0.9Sb0.05As0.95O1,12.0,40.621940867949675
Mn1As0.95P0.05,240.0,277.0980932652666
Mn1Sb0.05As0.95,300.5,280.52230091669276
Mn1As0.97P0.03,280.0,280.5297942016322
Mn1Si0.03As0.97,270.0,282.0076957956603
Mn0.02Ga0.98As0.98,320.0,135.2174758082792
Mn1As0.98P0.02,310.0,275.7886978014512
Mn0.014Ga0.986As0.992N0.008,37.0,148.9610494479557
Mn0.002Ga0.998As0.998,320.0,166.03341786515404
Mn0.001Ga0.999As0.999,320.0,183.3408704467042
Ca0.1La0.9Mn0.1Zn0.9Sb0.1As0.9O1,11.0,36.5709962666725
Mn1As0.9P0.1,240.0,274.60874595268257
Mn1Sb0.1As0.9,284.0,282.5789757969222
Mn1As1C0.015,280.0,278.9777778120093
Mn1As1C0.03,277.0,276.18462095174283
Mn1As1C0.05,256.0,273.90958357668256
Ca0.1La0.82Y0.07Mn0.1Zn0.9As1O1,17.0,51.87853932480343
Ca0.1La0.85Y0.05Mn0.1Zn0.9As1O1,15.0,41.76816768223887
Ca0.1La0.88Y0.03Mn0.1Zn0.9As1O1,14.0,42.58945034734862
CeAsPd,6.2,14.918540628275094
CmAs,88.0,117.73749101228665
Mn1Co0.2As1Rh0.8,200.0,255.93666740812168
Mn1Co0.3As1Rh0.7,200.0,248.84207425243986
Mn1Co0.45As1Rh0.55,200.0,243.6183625816246
Mn1Co0.4As1Rh0.6,200.0,235.4774226462316
Mn1Co0.55As1Rh0.45,200.0,240.8612880513918
Mn1Co0.5As1Rh0.5,200.0,236.8671750049188
Mn1Co0.65As1Rh0.35,200.0,257.2477404804272
Mn1Co0.6As1Rh0.4,200.0,242.3399183528662
Mn1Co0.7As1Rh0.3,200.0,263.4115421738779
Mn1Co0.8As1Rh0.2,200.0,280.27940785846465
Mn1Co0.9As1Rh0.1,200.0,312.63357511396856
FeCoAs,300.5,528.9477095256603
MnCoAs,350.0,348.05771614047984
SmCoAsO,100.0,103.88264276891563
Co2As,30.0,180.57962515589043
Mn0.999Cr0.001As1,267.0,278.3169156589367
Mn0.994Cr0.006As1,290.0,279.8199733787657
Mn0.98Cr0.015Fe0.005As1,268.0,275.70192194939455
Mn0.98Cr0.018Fe0.002As1,280.0,275.1813179122256
Mn0.98Cr0.01Fe0.01As1,265.0,277.73417952191056
Li1.1Zn0.97Cr0.03As1,218.0,167.25765776828518
Mn0.95Cr0.05As1,234.0,277.92125691711806
Mn0.8Cr0.2As1,200.0,277.45057321048586
Mn0.6Cr0.4As1,160.0,276.5249758303736
CrAs,400.0,244.85453675249252
CrFeAs,45.0,266.989280444772
CrNiAs,190.5,293.7196223391228
CrAsRu,164.0,260.1170048319511
Mn0.98Cu0.02As1,323.0,272.96059222794764
DyAs,2.0,44.654123084542974
La1Mn1As1O0.85F0.15,303.6,281.74224288999284
La1Mn1As1O0.9F0.1,303.0,286.5468087155189
La1Mn1As1O0.75F0.25,312.7,276.66893550116527
La1Mn1As1O0.8F0.2,292.3,281.9998338683642
Mn0.985Fe0.015As1,280.0,279.00063477526476
Mn1.28Fe0.67As1,153.0,256.6342909856086
Mn1.19Fe0.76As1,127.0,255.84782773606855
FeAs,69.2,276.2044780471881
MnFeAs,190.0,242.78625441859523
MnFeAsP,305.0,294.7933734581484
FeNiAs,220.0,416.9079720610299
Mn0.6Fe1.4As1,400.0,290.8947395873962
Mn0.5Ga0.5As1,110.0,305.889327367414
Mn0.25Ga0.75As1,253.0,176.635185409864
Mn0.172Ga0.828As1,172.0,156.2685139322747
Mn0.15Ga0.85As1,107.5,169.43120235536506
Mn0.13Ga0.87As1,107.5,152.22555372786724
Mn0.2Ga0.8As1,173.0,181.88384935767178
Mn0.088Ga0.912As1,140.0,144.1706334412318
Mn0.078Ga0.922As1,159.0,140.60108572694028
Mn0.08Ga0.92As1,97.65,141.5124274067391
Mn0.063Ga0.937As1,100.0,143.63277196443278
Mn0.07Ga0.93As1,90.0,140.76837888992543
Mn0.07Ga0.93Si1As1O2,90.0,256.0056028919856
Mn0.07Ga0.93Te1As1,77.0,157.01235256230692
Mn0.058Ga0.942As1,120.0,138.7785542627681
Mn0.054Ga0.946As1,72.0,143.3570858782988
Mn0.053Ga0.947As1,110.0,139.167882221974
Mn0.051Ga0.949As1,80.0,132.774806133411
Mn0.06Ga0.94As1,93.0,138.71750209476238
Mn0.046Ga0.954As1,130.0,132.26515098350598
Mn0.05Ga0.95As1,80.0,142.77485452908894
Mn0.035Ga0.965As1,100.0,138.88013756439827
Mn0.04Ga0.96As1,191.0,131.04376173306608
Mn0.025Ga0.975As1,40.0,129.61287455596147
Mn0.03Ga0.97As1,55.0,138.07833962373084
Mn0.016Ga0.984As1,173.0,124.92489287424432
Mn0.015Ga0.985As1,17.0,143.95299402844944
Mn0.02Ga0.98As1,31.0,131.43568171090214
Mn0.01Ga0.99As1,7.5,169.43123564085957
Mn0.1Ga0.9As1,133.5,146.119616121786
MnInGaAs,45.0,330.13117906448383
MnGaAs,148.0,314.33333693754014
MnGaAsN,155.0,342.63855563801576
MnGeAs,325.0,317.49744233265864
Mn0.29In0.71As1,353.0,218.380417038696
Mn0.245In0.755As1,353.0,247.13602278540543
Mn0.19In0.81As1,353.0,223.4471522855346
Mn0.162In0.838As1,353.0,244.16496839129914
Mn0.143In0.857As1,330.0,230.80110940528186
Mn0.09In0.91As1,90.0,209.9852658993262
Mn0.03In0.97As1,30.0,230.82468127230698
Mn0.01In0.99As1,330.0,174.04787229766046
MnInAs,122.33333333333331,310.4728597821644
Ti0.05Mn0.9V0.05As1,266.0,270.00113471710443
MnAs,307.366,290.5985924320037
MnAsRh,200.0,348.5412820084982
MnAsRu,521.0,271.6538376668095
MnSiAs,400.0,306.1484460489102
NdAs,12.0,36.69458939471928
PuAs,129.0,96.52823773603527
UAsS,123.66666666666669,98.3481020854951
UAsSe,111.25,103.21094137262565
UTeAs,70.5,95.9990745993655
UAs,124.0,141.29988575045996
Mn1Ge1As1.6P0.4,653.15,323.7648627486641
Mn0.06Cd0.94Ge0.94As1.88,355.0,276.7314951938478
Mn0.03Cd0.97Ge0.97As1.94,355.0,261.96925878714114
Tb6(Ni3As2)5,12.0,30.024196330894746
Eu14CdAs11,30.0,65.0975345966795
Eu14MnAs11,74.0,77.89664171774848
Nd(FeAs3)4,15.0,52.54701541664945
Pr(FeAs3)4,18.1,37.53604457832597
Sm(FeAs3)4,39.0,62.3557424744383
Mn0.0125Zn0.998Sn1As2.003,329.0,248.90196195177663
K0.5Ba0.5Mn1Zn1As2,180.0,144.2448413362555
K0.3Ba0.7Mn0.3Zn1.7As2,180.0,153.37752548978384
K0.15Ba0.85Mn0.2Zn1.8As2,230.0,148.86479649846646
K0.5Ba1Mn0.5Cd2As2,16.0,93.37350776829618
Na0.5Ca0.5Mn1Zn1As2,33.0,194.56496998058748
Mn0.01Cd1Ge1As2,350.0,259.77814417099177
MnCdGeAs2,300.0,267.72972933744234
Na0.5Sr1Mn0.5Cd2As2,13.0,92.13215514415359
Mn0.24Cd2.76As2,47.0,161.3127589477537
La0.85Co1.68As2,99.4,107.02357397899284
Cr3As2,257.0,243.02514744256524
Eu(Cu2As)2,35.0,25.232734580458732
Eu3As2,18.0,96.80170351035736
KFeAs2O7,29.3,218.00831316674575
MnGaAs2,316.9,202.3424936637782
MnIn(GaAs)2,40.0,207.60435534725048
Mn0.0028Zn0.9972Ge1As2,300.0,274.16443080300064
Mn0.013Zn0.987Ge1As2,300.0,276.61741705094937
Mn0.047Zn0.953Ge1As2,300.0,263.43955669275505
Mn0.053Zn0.947Ge1As2,300.0,275.27714139622856
Mn0.078Zn0.922Ge1As2,300.0,259.4327151188877
MnGeAs2,340.0,279.68764481835973
MnZnSiAs2,337.0,289.8059104790555
MnZnSnAs2,298.15,270.3112210575861
Mn2ZnAs2,170.0,327.10560978268444
Mn3As2,270.0,314.72248050853653
Sm(NiAs)2,9.0,25.822036155610135
NpAs2,20.0,86.99918097624507
ZnSnAs2,330.25,239.30417603601092
Eu7Cu44As23,17.3,84.06981181778093
Yb4As3,288.0,33.65958040487872
Eu20Ni42As31,23.0,41.10251948015774
U3As4,199.2,127.08205201118157
La3V0.6Cr0.4As5,3.5,46.331627826124205
La3V0.4Cr0.6As5,4.6,40.67178097649939
La3V0.3Cr0.7As5,11.6,38.925542742605
La3V0.1Cr0.9As5,31.5,53.76244008422767
La3CrAs5,50.0,62.944102682481464
Nd3Ni7As5,24.0,35.917418576235676
Sm3Ni7As5,6.0,32.86970758028779
Ce1Fe1.94Au0.06,225.0,271.69699535934564
Ce1Ge1.72Au0.28,8.0,16.39247526762614
Ce1Cu0.8Ge1Au0.2,10.0,21.78614635264427
Gd0.8Au0.2,149.0,214.78231497431898
Er0.58Au0.42,9.5,22.101287556551696
Gd0.537Au0.463,99.0,125.86650850354152
Pr0.47Au0.53,4.2,30.48492083231959
Tb0.47Au0.53,4.2,64.97059754179011
Dy0.46Au0.54,15.0,33.200798276842306
Ho0.44Au0.56,11.0,20.959757986259987
Ce1Cu0.5Ge1Au0.5,12.0,17.31021321799073
Nd0.385Au0.615,10.0,28.20896815541504
Fe0.22Au0.78,220.0,297.77486676815096
Mn0.201Au0.799,377.0,302.0025424738289
Fe0.06Ni0.24Au0.7,250.0,210.2151381539439
Fe0.17Au0.83,148.0,243.32599382432593
Fe0.13Au0.87,40.0,250.02942781788894
Ce1Cu0.2Ge1Au0.8,10.0,23.312973364459182
Eu0.2Au0.8,4.2,23.24990867011026
Fe0.2Au0.8,210.0,263.1040701758297
Eu0.05Au0.95,6.5,68.74766201386466
Au0.99996C4,210.0,265.4667852783116
Nb4.5Fe72Si15.5B7Au1,580.15,578.2664248544999
Nb3Fe73.5Si15.5B7Au1,618.15,579.6793148437532
Nb1.5Fe75Si15.5B7Au1,658.15,615.9289254512136
Nb3Cr3Fe70.5Si13.5B9Au1,545.0,551.5778337212237
Nb3Cr5Fe68.5Si13.5B9Au1,491.0,494.43809148082266
Nb3Fe73.5Si13.5B9Au1,615.15,585.2962638023025
EuCdAu,25.0,37.95255227560456
CeGeAu,10.0,12.052870152943369
CeSbAu,4.2,12.5750190056674
CoAu,1395.0,624.5891563472862
DyNi4Au,23.0,21.65755750616932
Dy2Si3Au,12.5,29.34011752620905
ErNi4Au,24.0,25.65640635346162
EuGeAu,33.0,33.19578524560813
EuZnAu,51.1,32.7219505410356
FeAu,300.0,544.6962348064143
Nd6Fe13Au,411.0,470.55248717503207
U2Ga3Au,110.0,52.51665668077785
GdAu,35.0,103.82779173359515
GdHAu,55.0,68.60648042816983
GdNi4Au,38.0,46.14079016527549
TmGeAu,4.1,18.06187474298404
HoNi4Au,14.0,20.786626181115757
Ho2Au,4.5,27.762282233840068
MnSnAu,600.0,357.9011299937741
NdSnAu,13.8,16.54737298762429
Ni2Au,183.94,253.60953400139323
TbNi4Au,28.0,32.17795631249308
Er(SiAu)2,40.0,11.081629702626124
Eu(SiAu)2,15.5,17.874318237634796
Mn0.95Fe0.05Au2,380.0,360.98662171381113
Mn0.925Fe0.075Au2,400.0,332.45265407194853
Ho(SiAu)2,14.8,12.090182579676895
Ho2InAu2,14.5,18.083470048362166
MnInAu2,140.0,314.1292137593983
MnAu2,360.0,306.65853399612286
Ce(SiAu2)2,3.3,22.50365328264125
Mn0.8Cr0.2Au4,332.5,212.55338968005205
Mn0.6Cr0.4Au4,250.0,181.68678409839643
Mn0.4Cr1.6Au4,202.5,176.13009909514435
Mn0.2Cr1.8Au4,97.5,230.4505976726744
ErAu4,5.0,12.903356498354013
MnAu4,365.02,249.13252692242162
TmAu4,2.0,33.78975624668935
VAu4,52.0,86.14096331796242
EuAu5,6.6,21.645154548420408
Mn2Au5,100.0,326.41655639357833
Fe3Au7,415.0,459.1139822107942
Mn0.5V0.5Cr1Au8,200.0,153.61167279976596
V19FeAu80,43.0,102.10896769618793
FeAu4,290.0,215.40383940896845
V17Fe3Au80,57.0,119.36935615637896
V3FeAu16,66.0,104.60025150513843
V13Fe7Au80,67.0,80.47606731695811
V11Fe9Au80,26.0,164.8636371259552
Fe9Au41,153.6,241.68599947166683
Mn0.28Ga0.22Ni0.9999B0.0001,371.0,326.7764845693255
Fe0.9475Si0.05B0.0025,995.15,871.7580809975051
Sm0.01Mn0.26Cr0.1Fe0.578Si0.049B0.002,657.15,497.6950671790466
Sm0.001Mn0.26Cr0.1Fe0.585Si0.052B0.002,568.15,535.268126513155
Nd0.273Fe0.714B0.0101,583.15,573.7182625480665
Nd0.32Dy0.04Ga0.01Fe0.548Co0.07B0.012,693.15,678.2138075029397
Nd0.32Dy0.04Fe0.558Co0.07B0.012,715.0,664.718638326314
Nd0.32Dy0.04Ga0.01Fe0.55Co0.07B0.012,725.0,673.9987062897447
Nd0.36Fe0.558Co0.07B0.012,702.0,635.9214274051417
Nd0.36Nb0.01Fe0.516B0.012,583.15,565.3852086296412
Nd0.36Fe0.628B0.012,580.0,566.9850396822534
Mn1Ga0.05Co1Ge0.95B0.015,269.0,307.7110553573513
Mn1Ga0.06Co1Ge0.94B0.015,274.0,303.2906472156651
Mn0.25B0.025Pd0.75,325.0,315.09899163667626
Mn0.96Co1.04Ge1B0.02,260.0,307.3700941036098
Mn1.15Fe0.85Si0.13Ge0.2B0.02P0.65,289.0,283.49042358475543
Mn1.15Fe0.85Si0.45B0.03P0.52,228.0,280.8974084064378
Mn1.2Fe0.8Si0.55B0.03P0.45,280.0,269.7289969531769
Mn1.2Fe0.8Si0.5B0.03P0.5,252.0,267.52792718717626
Mn1.2Fe0.8Si0.4B0.03P0.6,176.0,268.414440180588
La0.8Gd0.2Fe11.4Si1.6B0.03,204.0,213.8467014580753
La1Fe11.7Si1.3B0.03,197.0,210.91926243192313
Ti0.0187Fe0.94B0.0413,1043.15,684.9707383091687
Sm0.12Hf0.01Co0.88B0.04,1023.15,976.1651218866479
Fe2B0.04P0.96,350.0,346.9461469290358
Ce2Fe14B0.05C0.95,347.0,448.1246823213804
Pr2Fe14B0.05C0.95,520.0,534.8033547231216
Tb0.36Dy0.64Fe1.6575Co0.2925B0.05,696.15,668.9460325449126
Fe2Co1Si0.95B0.05,1024.0,990.9674557908985
Mn1.15Fe0.85Si0.45B0.05P0.5,238.5,277.96305787820495
Mn1.2Fe0.8Si0.4B0.05P0.6,181.0,265.3878387879673
Fe2B0.05P0.95,291.0,389.56255425332495
Mn0.25B0.05Pd0.75,340.0,322.38202890252126
Mn1Fe0.95Si0.36B0.065P0.575,287.55,294.36699540024415
Nd2Fe11B0.06,563.15,488.53413145470563
La0.8Gd0.2Fe11.4Si1.6B0.06,205.0,214.98952884486752
La1Fe11.6Si1.4B0.06,188.0,207.67239889289536
La1Fe11.7Si1.3B0.06,194.0,209.1370308978729
Mn1Fe0.95Si0.34B0.075P0.585,284.0,296.58170187320934
Mn0.25B0.075Pd0.75,339.0,336.53689392859627
Fe2B0.08P0.92,450.0,373.20165611757426
Fe0.4Si0.095Ni0.4B0.095Mo0.01,533.15,570.8591614196855
Fe0.4Si0.095Ni0.4B0.095Mo0.02,533.15,551.245865694932
La0.96Fe10.98Si1.98B0.09,211.0,246.17599707308307
Pr15.55Nd15.55Ti0.2Ga0.466Fe66.4Co0.466Cu0.466,593.25,572.8421843964528
Pr15.55Nd15.55Ga0.466Fe66.6Co0.466Cu0.466,599.15,578.7778017366975
Sm12Zr3Fe19(Co10Cu)6,737.65,1046.7942498249765
La1Fe11.6Si1.4,195.0,210.74393623247676
Tb0.36Dy0.64Fe1.6065Co0.2835B0.11,699.15,675.1788697566276
Fe0.08Co0.7Si0.11B0.11,738.0,773.596614296064
La0.98Fe10.84Si2.08B0.11,230.0,267.50483150645334
Mn0.25B0.125Pd0.75,390.0,307.94944117637436
Fe1.8Co0.2B0.12P0.88,412.0,499.5530256586118
Fe0.82Co0.05Si0.04B0.13C0.01,684.15,675.9018107394464
Fe0.82Si0.04B0.13C0.01,643.15,658.4795051435044
Fe0.78Si0.09B0.13,710.0,689.6734518108294
Cr0.065Co0.655Si0.14B0.14,263.0,426.8985806301214
Fe0.065Co0.655Si0.14B0.14,552.0,563.6699880187157
Cr0.03Fe0.035Co0.685Si0.14B0.14,416.0,464.65723100929745
Fe0.035Co0.685Si0.14B0.14,516.0,563.5243319194957
Cr0.03Co0.69Si0.14B0.14,368.0,415.776000261068
Fe0.86B0.14,556.0,708.5611867509792
Tb0.36Dy0.64Fe1.5725Co0.2775B0.15,702.15,660.9833963943216
Fe0.3875Co0.3625Si0.1375B0.15,574.5,776.0149580277417
Co0.75Si0.1B0.15,868.15,638.6254084363176
Fe2Co1Si0.85B0.15,1031.0,996.0228563100335
Nb0.03Fe0.725Cu0.005Si0.125B0.15,608.15,602.5297976970627
Nb1Fe0.725Cu0.5Si0.125B0.15P0.05,609.75,542.9399841449696
Nb2Fe0.725Cu0.5Si0.125B0.15P0.05,577.45,557.0260628994125
Nb3Fe0.725Cu0.5Si0.125B0.15,607.75,542.5080757375323
Nb1Fe0.725Cu0.75Si0.125B0.15P0.05,617.05,498.5284783285073
Dy0.33Fe0.67B0.15,437.0,527.6907675662251
Er0.19Fe0.66B0.15,330.0,532.1427913153741
Fe0.75Si0.1B0.15,643.15,713.9439259278885
Tb0.7Pr0.3Fe1.93B0.15,703.0,599.409174048374
Mn0.25B0.15Pd0.75,330.0,309.793588900029
Mn0.25B0.175Pd0.75,252.0,303.13438531765604
Fe0.75B0.17W0.05,450.0,549.0006280524802
Fe0.82B0.18,617.0,661.7972523719006
Ca0.33La0.67Mn0.9B0.1O3,260.0,208.62114757375
Fe2Co1Si0.9B0.1,1030.0,1000.5715929064575
Nb1Fe0.76Cu0.25Si0.09B0.1P0.05,541.05,504.53743370502616
Nb2Fe0.76Cu0.5Si0.09B0.1P0.05,609.25,545.7158714104403
Nb3Fe0.76Cu0.5Si0.09B0.1P0.05,567.05,586.9509022151792
Tb0.3Pr0.15Dy0.55Fe1.75B0.1,653.0,633.0256829492403
Fe0.9B0.1,1066.15,686.5475969440066
Sm1Fe10.3Si0.2B0.1,477.68,491.45070194845084
La1Fe11.6Si1.4B0.1,190.6,210.72572256510747
La1Fe11.7Si1.3B0.1,196.0,212.01053728140337
Mn1Fe2Si0.9B0.1,273.0,320.8036815520623
Fe2B0.1P0.9,391.0,426.1825780524399
Mn0.25B0.1Pd0.75,374.0,329.35199179318016
Y0.06Nb2Fe0.72B0.22,500.15,521.1138977704453
Y0.06Ta2Fe0.72B0.22,511.15,487.7816054527025
Y0.06Ti2Fe0.72B0.22,514.15,460.57442967467733
Y0.06Fe0.72B0.22,551.15,533.9631999153474
Ti0.238Fe0.952B0.238,1046.15,467.1191768223299
Ho0.05Nb4Fe0.71B0.24,440.0,457.38772919606373
Tb0.05Nb4Fe0.71B0.24,449.0,464.8423158047172
Tm0.05Nb4Fe0.71B0.24,453.0,474.98706480606154
Co0.7Si0.05B0.25,539.0,523.9447898992357
Fe2Co1Si0.75B0.25,1039.0,895.3561171966587
Fe0.4Ni0.35B0.25,637.0,678.0079438397199
Mn0.25B0.25Pd0.75,256.0,284.6937032167163
Nb4Fe0.45Co0.08Si0.05Ni0.22B0.2,612.5,587.5775924315216
Nb4Fe0.68Co0.08Si0.05B0.2,610.0,606.4759780932617
Nb4Fe0.6Co0.08Si0.05Ni0.08B0.2,612.5,618.9401408324509
Nb4Fe0.45Co0.15Si0.05Ni0.15B0.2,612.5,618.6082419394679
Nb4Fe0.6Co0.15Si0.05B0.2,642.0,629.8627744416971
Nb4Fe0.45Co0.22Si0.05Ni0.08B0.2,612.5,648.3163556889683
Nb4Fe0.52Co0.22Si0.05B0.2,668.0,636.2481786055303
Nb4Fe0.38Co0.38Si0.05B0.2,696.0,644.5168375470178
Nb4Fe0.45Co0.3Si0.05B0.2,678.0,654.2905220940662
Fe0.4Co0.4B0.2,800.0,785.6777534464488
Gd1Nb4Fe0.6Co0.4Si0.05B0.2,666.0,489.1796706025793
Gd2Nb4Fe0.6Co0.4Si0.05B0.2,624.0,364.35163570025856
Nb4Fe0.6Co0.4Si0.05B0.2Mo1,660.0,611.3586240933952
Nb4Fe0.6Co0.4Si0.05B0.2,676.0,616.7055800902709
Y1Nb4Fe0.6Co0.4Si0.05B0.2,622.0,607.2786451466347
Y2Nb4Fe0.6Co0.4Si0.05B0.2,625.0,518.3842022894601
Zr1Nb4Fe0.6Co0.4Si0.05B0.2,658.0,632.411616485891
Co0.8B0.2,765.0,797.1287252817525
Fe2Co1Si0.8B0.2,1036.0,989.8949895295821
Pr0.8Nd0.2Fe0.7Co1.1B0.2,351.0,378.377090469907
Pr0.6Nd0.4Fe0.7Co1.1B0.2,373.0,390.68471073981476
Pr0.4Nd0.6Fe0.7Co1.1B0.2,384.0,404.2079989796139
Pr0.2Nd0.8Fe0.7Co1.1B0.2,398.0,412.8855373002431
Pr1Fe0.7Co1.1B0.2,326.0,377.2686964365635
Tb0.9Mn26Cr10Fe56.9Si6B0.2,538.15,528.8725419328885
Tb0.3Pr0.15Dy0.55Fe1.65B0.2,657.0,620.9223469575097
Fe0.04Ni0.76B0.2Ru1,116.0,328.65671765312584
Fe0.4Ni0.4B0.2,662.0,642.2173221958957
Fe0.8B0.2,857.075,677.3592050732659
Tb0.3Pr0.25Ho0.45Fe1.8B0.2,621.0,593.8677358589687
Tb0.2Pr0.25Ho0.55Fe1.8B0.2,609.0,592.6845369933844
Tb0.1Pr0.25Ho0.65Fe1.8B0.2,599.0,588.9085710696427
Pr0.25Ho0.75Fe1.8B0.2,584.0,571.5193523739258
La0.8Gd0.2Fe11.4Si1.6B0.2,215.0,225.19754700776832
La1Fe11.6Si1.4B0.2,195.0,214.65611982499524
La1Fe11.7Si1.3B0.2,199.0,217.15791917444798
Gd0.25Y0.75Fe2B0.2,653.0,555.5844264739668
Gd0.5Y0.5Fe2B0.2,698.0,625.0954701256213
Gd0.75Y0.25Fe2B0.2,752.0,661.600675187313
Mn1Fe2Si0.8B0.2,325.0,308.4712672134686
Fe2B0.2P0.8,512.0,429.94193029843376
Ho3B0.35C3.65,24.0,42.32192844222186
Ca0.33La0.67Mn0.7B0.3O3,228.5,197.6239711411713
Tb0.3Pr0.15Dy0.55Fe1.55B0.3,655.0,585.7735116617771
Fe0.7B0.3,1065.15,765.2262775411673
La0.8Gd0.2Fe11.4Si1.6B0.3,222.0,238.3788700908653
La1Fe11.6Si1.4B0.3,196.65,224.49705530923805
La1Fe11.7Si1.3B0.3,201.0,226.04097141121525
Mn1Fe2Si0.7B0.3,362.0,295.9154552586033
Pr5Si3B0.3,43.0,49.88733658769175
Fe0.6B0.4,1058.15,634.95174730494
Gd3B0.56C3.44,159.0,179.38870569393427
Sm0.9Zr0.2Ti0.7Fe9.04Co2.26B0.5,798.15,756.9504613576805
Fe0.5B0.5,1020.15,650.046175976828
La1Fe11.6Si1.4B0.5,198.3,272.08390172154634
La1Fe11.7Si1.3B0.5,207.0,272.92177982893884
Ga18.9Fe80.6B0.5,923.15,957.4438774494595
Mn26.2Ga20.4Ni53.4B0.5,354.0,358.82200277617187
Nd0.6Mn0.4Fe0.6Bi0.4B0.6,633.15,444.3697765429606
Cr2Ga1653.25Fe8071.75B0.75,973.15,838.2205755871729
La1.2Fe11.6Si1.4B0.75,191.0,324.8554968948888
Sm0.9Zr0.2Ti0.7Fe9.04Co2.26B0.7,808.15,746.4615355467779
Ho3B0.8C3.2,35.0,32.69419777118122
Fe3B0.8P0.2,806.0,658.313781402425
Nd2Ti0.06Fe14B0.94C0.06,552.0,568.8331383377391
Nd2Ti0.02Fe14B0.98C0.02,557.0,563.2689510253839
Nd29.3Zr0.2Ga0.4Fe66.87Co2Cu0.25B0.98,602.0,576.9765500623835
Nd2Fe14B0.995S0.005,600.0,576.4174031981415
Nd2Fe14B0.997S0.003,600.0,578.1480296683442
Nd2Fe14B0.998S0.002,600.0,577.6924911029627
Nd2Fe14B0.999S0.001,600.0,581.8603037254869
Nd28.5Fe70.1B1.034,583.15,562.8145011304845
Nd28.58Fe70.51Co0.26Cu0.04B1.03,587.75,589.0525888088135
Nd2Ti0.02Fe14B1C0.02,557.0,568.6451465798774
La0.55Ce0.616Nd1.034Ti0.03Fe14B1C0.03,542.15,543.461867358038
Nd2Ti0.04Fe14B1C0.04,623.0,564.9290554012864
Nd2Ti0.06Fe14B1C0.06,555.0,568.1206985595202
ErNiBC,5.0,31.914922578325033
FeSiBC,705.15,454.4736395112187
Nd16Fe62Co10BC11,702.15,649.3928787302418
Nd16Fe46Co26BC11,852.15,663.4143384849646
Mn60Ga20BC19,270.0,271.2121339473271
Fe80BP16C3,577.5,602.3239096738299
Ho3BC3,33.0,34.066731952830104
Nd10Fe82BC7,551.15,578.2096990561474
Ce0.18Nd1.82Fe14B1,579.0,559.6667581919673
Ce0.25Nd0.25Y0.25Fe0.25B1,579.5,317.09307396237296
Ce0.25Nd0.5Y0.25Fe14B1,541.0,432.8944218292036
Ce0.288Pr0.026Nd0.672Ga0.006Fe1Co0.008B1,558.25,546.3939279829052
Ce0.28Nd1.12Fe12Co2B1,692.0,662.6009543514665
Ce0.2Nd0.8Ga0.1Fe68.7Co0.2B1,556.15,483.8463092610374
Ce0.2Nd1.8Fe14Co14B1,593.15,906.0957702376284
Ce0.2Nd0.8Fe12Co2B1,695.0,651.8043430069023
Ce0.32Nd1.28Fe12Co2B1,691.1,672.4730908477852
Ce0.34Nd1.36Fe12Co2B1,691.3,675.1871525835073
Ce0.36Nd1.44Fe12Co2B1,690.3,678.1737505993391
Ce0.3Nd1.2Fe12Co2B1,691.5,675.900866013064
Ce0.44Nd1.56Fe14B1,561.0,558.3890084763043
Ce0.4Nd1.6Fe12Co2B1,691.1,667.4842823059994
Ce0.5Nd0.5Fe13Co1B1,590.0,546.1906127451266
Ce0.5Nd0.5Fe68.3Cu0.2B1,296.0,448.30721699316524
Ce0.5Nd0.5Fe68Cu0.5B1,334.0,403.5239074164343
La0.5Ce0.5Pr0.5Nd0.5Fe14B1,639.3,507.7774462692964
Ce0.66Nd1.34Fe14B1,546.15,546.23691069527
Ce0.76Nd1.24Fe14B1,543.0,548.8308846182497
CeNdFe13CoB,576.0,570.2850071087129
CeCo4B,287.5,421.45128656221266
Ce1Pr0.2Nd0.8Fe1B1,493.0,552.6250720437179
CeNdFeB,585.0,482.30164820538624
LaCeFe14B,444.0,470.52521100655366
CeNdFe14B,526.0,547.2306507392349
CeGa2BRu2,16.3,39.32678735339295
La0.8Ce1.2Fe14B1,441.0,470.99061205433463
Ce1.4Pr49.7Nd20.9Fe14Cu30B1,626.15,427.75482213542995
La0.6Ce1.4Fe14B1,438.0,459.67978378150235
La0.4Ce1.6Fe14B1,435.0,460.01673137982453
La0.2Ce1.8Fe14B1,431.0,468.9208035544852
Ce12Nd15Y3Fe68.5B1,556.0,515.3328667513812
Ce13.725Nd15Y1.525Fe68.5B1,492.0,548.3988616481446
Ce14Pr49.7Nd8.3Fe14Cu30B1,623.15,426.3858156782779
Ce18Nd12Fe69B,504.8,531.2569842856865
La7.95Ce18.7Pr1.7Nd5.65Fe66B1,491.0,466.48478260385275
Ce2Fe13CoB,474.0,483.4374656268414
Ce2Fe12Co2B,516.0,536.2712238157363
Ce2Fe11Co3B,560.0,585.218676170856
Ce2Fe10Co4B,607.0,641.7628528224252
Ce2Fe9Co5B,658.0,688.9445756125394
Ce2Fe14B,440.5214285714285,450.76482287689663
Ce2Fe14B1H3.7,560.0,470.54593188500843
Ce3Fe12Co2B,560.0,497.22702545877655
Ce3Nd27Fe69B,504.8,575.4366526514549
Ce35Fe56.5B1,446.0,308.0819661092181
Fe0.675Co0.275Re0.05B1,664.15,635.1124090350814
Fe0.675Co0.275B1W0.05,729.15,611.4010026612151
Tb0.625Nd2Fe14Co0.375B1,589.55,594.220488873461
Fe0.7Co0.3B1,731.15,626.3022640548161
Nd2Dy0.6Fe14Co0.4B1,647.0,586.8486365160918
Pr7.925Nd23.775Ti0.2Ga0.7Fe66Co0.5Cu0.4B1,585.0,571.9927627478473
CoB,277.0,423.06103122128167
Nd2Fe14CoCuB,610.0,619.542340095753
Er2Fe13CoB,623.0,583.8367906535331
FeCoB,920.0,684.4961366019746
TaFeCoBO,400.0,454.2631839093688
FeCoBPd,453.0,643.3186606121062
LuFe3CoB,510.0,524.06436735255
SmFe3CoB,721.0,645.8991281325102
Zr11Fe87CoB,280.0,317.3474883914023
Zr10Fe88CoB,270.0,297.9524272937052
SmCoNi3B,90.0,147.8773929454067
Nd2Fe12.6Co1.4B1,1000.0,628.728567594126
Y2Fe12.6Co1.4B1,683.0,555.2193798241977
Mn0.2Co1.8B1,449.0,410.5645475810904
Mn0.1Co1.9B1,449.0,412.17635676354575
Hf2Co11B,786.325,731.129210039516
Nd2Fe14Co14B,638.15,905.8633049884528
Sm2Fe14Co14B,1053.15,947.4927610790583
Gd2Co14B,1051.5,959.5142234664909
La2Co14B,955.6666666666666,924.6926804197956
Nd2Co14B,1001.5,958.352870637697
Pr2Co14B,951.69,949.1558118434602
Sm2Co14B,1030.0,988.7881379654604
Tb2Co14B,1034.5,998.9787782773849
Y2Co14B,1013.0,911.9637409999749
Co2B,431.6666666666667,432.82549619485644
DyFe2Co2B,650.0,646.5535390879171
FeCo2BO5,70.0,400.70190160947044
Nd1.9Zr0.1Fe12Co2B1,715.0,702.9327855754109
GdFe2Co2B,770.0,518.7493261110395
LuFe2Co2B,482.0,536.9882613565331
Sm0.25Y0.75Fe2Co2B1,630.0,577.2093661563873
SmFe2Co2B,768.0,665.2534381439716
YFe2Co2B,610.0,563.7186136503583
Zr11Fe86Co2B,300.0,316.0240809715769
Zr9Fe88Co2B,285.0,296.69932174936923
PrCo2Ni2B,171.0,289.69204608939805
Nd1Fe1.5Co2.5B1,709.0,675.3673173116229
Sm1Fe1.5Co2.5B1,760.0,680.7127062684151
Y1Fe1.5Co2.5B1,633.0,564.7744704082478
Fe0.3Co2.7B1,923.0,804.0711204114258
Fe0.2Co2.8B1,883.0,834.7007607584321
Y2Fe11.2Co2.8B1,745.0,669.2282759927608
Fe0.1Co2.9B1,825.0,804.6000052294672
Co3B,748.5,727.6409770777724
Er2Fe11Co3B,735.0,685.9600893932906
LuFeCo3B,460.0,514.9035528181
NdFeCo3B,688.0,593.2644457948733
YFeCo3B,586.0,552.3300433160477
PrCo3NiB,345.0,374.1528238765888
SmCo3NiB,424.0,428.3225755375041
Co3BO5,42.0,135.0526703122138
Nd1.8Dy0.2Fe10.5Co3.5B1,798.15,800.9922864794354
Y1Fe0.5Co3.5B1,519.0,474.8804897871662
DyCo4B,427.0,439.7213851276414
ErCo4B,386.0,416.4154852269661
Fe4Co4Ni4B,673.15,803.8780561285101
Pr0.8Gd0.2Co4B1,470.0,462.57480021015147
Pr0.6Gd0.4Co4B1,480.0,471.8361169449822
Pr0.4Gd0.6Co4B1,493.0,483.36706906650875
Pr0.2Gd0.8Co4B1,494.0,480.7608125274169
GdCo4B,511.8,432.81236821259904
HoCo4B,396.0,423.8408051040586
LuCo4B,396.0,396.83433440071775
NdCo4B,459.0,466.7702767832064
PrCo4B,458.7875,435.28268908496244
SmCo4B,530.0,464.37870365889853
TbCo4B,452.5,436.4938937244824
YCo4B,379.0,430.6809567713722
Y2Fe9.8Co4.2B1,820.0,702.1355457463635
Nd2Fe9.1Co4.9B1,823.15,797.0941912338641
Pr30.5Fe21.5Co47.8B1,842.25,563.148791746765
Pr3.68Fe14Co5Cu0.32B1,805.0,700.0632825633284
Er2Fe9Co5B,838.0,758.5577732670306
Nd2SmFe14Co5B,1130.0,729.0916402090166
Hf2Fe4.4Co6.6B1,948.15,740.6577380671662
Hf2Fe2.2Co8.8B1,778.15,793.8087371238582
Zr12V5Co82B,615.0,699.6951859278333
Zr2Fe1.5Co9.5B1,798.15,756.408093589876
NbCrFeB,318.15,395.38911229516935
Tb0.0063Nd2Fe14Cu0.0027B1,585.15,580.8777220888975
Nd31Fe1Cu0.2B1,586.0,525.5754509815124
Nd2Dy6Fe27CuB,588.25,571.1463625694778
SmCuNi3B,57.0,46.52169959957534
SrCuB,99.0,142.74390721461384
Mn0.96Ga0.04Cu2B1O5,81.55,117.20808831620201
Mn0.89Ga0.11Cu2B1O5,73.95,107.44773203626715
Mn0.83Ga0.17Cu2B1O5,53.6,121.8864539755811
Mn0.75Ga0.25Cu2B1O5,56.15,128.7817782062623
MnCu2Ni2BO5,75.0,229.61550956469955
MnCu2BO5,92.0,112.84808582961932
Nd1Dy0.04Nb1Fe1Sn0.003B1O0.06,717.4,516.853370360786
Nd1Dy0.04Nb1Fe1B1O3,706.8,338.7253648941438
Nd1.8Dy0.2Fe14B1,598.0,577.9341330869408
NdDyZnFeB,585.15,424.5431229026109
NdDyFe14B,585.15,576.2436395912305
DyNi4B,15.0,19.872739137955282
Dy2Fe14B,591.0,554.459963819535
Dy2Fe14B1H4.6,638.0,573.7307254891111
Dy5Si3B,120.0,103.67700484675058
Gd1.5Er0.5Fe14B1,634.0,577.5145462726447
Y1.5Er0.5Fe14B1,563.0,518.4600413075716
GdErFe14B,603.0,570.3140967736989
YErFe14B,560.0,525.6174731591589
ErFe4B,620.0,558.8938340288436
ErNi4B,11.0,17.49762209064407
Gd0.5Er1.5Fe14B1,582.0,548.5405543035108
Y0.5Er1.5Fe14B1,557.0,529.4164308826189
Er2Fe14B,507.2,550.1979601712765
Er2Fe14B1H3.7,588.0,564.4210022004027
Er5Si3B,14.0,25.327620905067555
V0.95Fe0.05B1O3,45.0,201.6022552285487
Mn0.9Fe0.1B1Pb1O4,34.2,181.99684788376558
Mn0.8Fe0.2B1,740.0,355.070969416934
Mn0.5Fe0.5B1,796.0,410.7422501788843
V0.3Fe0.7B1O3,30.0,268.2449378331605
V0.13Fe0.87B1O3,325.0,234.52579107108886
Ti0.1275Fe0.925B1,1045.15,597.0297128313513
Ti0.989Fe0.934B1,1044.15,841.4917208190544
Ti0.063Fe0.935B1,1043.15,697.3639889382401
Ti0.973Fe0.935B1,1040.15,800.8682755961058
Ti0.014Fe0.97B1,1039.15,837.9740438558763
FeB,592.2857142857143,900.047023778164
Tb0.8Nd1Ga0.2Fe1B1,643.15,492.4047540197995
NdNbFeB,612.1,573.9265134334037
Nd0.7Y0.3Fe1B1,588.55,547.915164877451
NdFeB,605.6785714285714,457.1527682599959
SmFeNi3B,363.0,271.88633891850543
FeBO3,339.5,362.970315964798
FeBP,533.15,360.1195899406413
ZrFeB,745.05,400.60189822969505
V0.09Fe1.91B1O4,130.0,594.5574115141341
Nd147.6Fe13.1B1,593.0,424.2967024338382
Nd2.05Fe13.1B1,593.0,567.8737863759683
Nd38.1Fe13.1B1,593.0,457.85772382767374
Fe14B,591.4300000000001,804.7255909925236
Nd2Fe14.076B1S0.152,600.0,579.7961044831503
Nd2Ga0.005Fe14B1,585.0,580.7906688454319
Gd2Fe14B,660.9230769230769,555.4273078769849
Gd2Fe14B1H4.4,698.0,553.1203470996418
Nd2Fe14BH,640.0,575.7729341052791
Nd2Fe14BH2,663.0,573.9091922441567
Lu2Fe14B1H2.5,602.0,493.2118432404592
Nd2Fe14BH3,668.0,578.497863954974
Y2Fe14B1H3.6,615.0,476.6845942308589
Nd2Fe14BH4,673.0,578.8761651937895
Tb2Fe14B1H4.4,657.0,599.6789940178298
Ho2Fe14B1H5.4,615.0,520.4568735708333
Nd2Ho0.01386Fe14Ni0.00614B1,578.75,579.8537162204324
Ho2Fe14B,467.4,550.8640993125325
La2Fe14B,524.4,460.71861266910315
Lu2Fe14B,539.25,490.5113978169351
Nd2MgFe14BO,588.0,621.4326842410374
Pr2Fe14B1N0.03,572.0,573.9215991418204
Nd2Fe14B1N0.25,595.0,580.220661757647
Nd2Fe14B1N0.352,604.15,577.548589690713
Nd0.72Fe14B1,354.0,418.2359047831433
Nd0.92Fe14B1,238.0,445.22923764927447
PrNdFe14B,570.0,571.0370636633277
TbNdFe14B,620.15,570.6687573757201
Nd1.3Fe14B1,112.0,531.6795181011624
Nd1.46Fe14B1,487.0,514.4991770366897
Tb0.007Nd1.993Fe14B1,581.15,579.9421780998339
Nd2Fe14B,588.9955696202531,565.2178761716166
Tb0.015Nd2Fe14B1O2,589.15,662.537143176138
Tb3Nd2Fe14BO4,575.15,538.5295410876323
PrNd2ZnFe14B,585.15,580.6302815796056
Tb0.005Nd2Fe14B1,581.15,577.6894995360294
Nd2ZnFe14B,567.25,585.031559856125
Pr2Fe14B,564.45,560.198215027575
Sm0.3Y1.7Fe14B1,569.45,506.9167210794156
Sm0.6Y1.4Fe14B1,579.25,519.1673565779209
Sm2Fe14B,618.8888888888889,557.4107469337439
Tb2Fe14B,623.3583333333333,559.0169140726257
Th2Fe14B,487.0,480.4596858262465
Tm2Fe14B,541.0,540.0725560448822
Y2Fe14B,567.5115384615384,505.8616952085776
Yb2Fe14B,524.0,510.34951998520353
Nd2Fe14.54B1,587.5,560.0410916051135
Nd2Fe17B,380.65,537.1471346422364
Fe2B,1035.7571428571428,669.9046612998288
NdSmFe2BN,583.15,445.0720209508531
SmFe2Ni2B,495.0,505.30157161592876
Fe2.94B1Mo0.06,780.0,599.3085440385764
Fe3B,792.5500000000001,718.8531205958082
Fe3BO6,508.0,643.8165686886714
Nd2Sm2Fe31BN3,750.0,688.1494531037107
LuFe4B,573.0,488.897883114745
TmFe4B,610.0,545.4298602444854
Fe46Ni46BMo8,600.0,536.1594775193118
La0.6Nd0.4Fe69B1,557.4,471.87433347822076
Nd30Fe69B,582.4,565.5382050806586
Nd26.68Fe72.32B1,581.0,562.1188055173894
Pr5.3Nd21.3Fe72.4B1,570.0,583.026450995148
Pr8Nd2V13Fe76B1N0.03,759.15,544.8559237433157
Pr8Nd2V13Fe76B,613.15,583.178450743979
Ga16.8Fe82.2B1,923.15,958.1050553293318
Zr11Fe88B,255.0,287.38411829896876
Zr9Fe90B,210.0,279.51593769875694
Mn26.4Ga20.4Ni53.2B1,360.0,355.1573889340419
Mn28.5Ga21.5Ni50B1,372.0,355.42779595132777
GdNi4B,37.0,38.1604307436111
LaMn2Ge2B,322.0,265.15630019203303
NiBP(HO3)2,2.2,65.36350436393363
HoNi4B,6.1,15.545791114309544
Ho5Si3B,15.0,38.80774527087202
Mn34In15Ni50B,310.0,320.349222603434
Sr0.37La0.63Mn1B1O3,322.0,245.88777456892575
Mn0.04Si0.96B1,183.33333333333337,346.94886958322115
MnB,573.75,391.04370744893237
MnNi2BO5,81.5,129.603470034496
SmMnNi3B,210.0,126.56832233666441
MnBPbO4,30.53333333333333,146.26377765784676
MnSiB,360.0,294.9420422676042
Mn1.5Ni1.5B1O5,85.0,136.43144094765913
Mn38Ni50BSb12,330.0,323.20952896055377
NdNi4B,11.5,30.883935779019218
NdBPt4,4.9,11.9433055049522
SmNi4B,38.66666666666666,24.95327423942305
TbNi4B,19.55,26.281503117751672
TmNi4B,3.95,46.07087319736663
VBO3,32.5,146.51899384265465
PrBPt3,5.0,15.789054305555844
PrBPt4,4.2,16.832324433548088
Pr5Si3B,43.0,45.35280549099983
SrB,99.0,273.702454008371
Nd31.06Fe67.5B1.126,584.15,563.0361971559008
Nd28.3Nb0.337Fe68.7B1.159,582.15,578.9591877529691
Mn35In13.9Ni50B1.1,310.0,318.33617314990704
Ce2.55Fe12Co2B1.27,585.0,489.8048228144779
Nd32Dy4Ga1Fe54.8Co7B1.2,693.15,632.3788329736723
Nd36Nb1Fe61.8B1.2,583.15,565.2132535390417
Nd36Fe62.8B1.2,580.0,557.7793227495808
Nd32.03Gd1Fe65.65B1.32,596.15,550.0911486185747
Mn33.5In15Ni50B1.5,310.0,323.286688467575
Dy1Si0.15B1.85,49.0,59.303090276622605
Dy1Si0.09B1.91,52.0,51.8462754184882
Pr9Ti4Fe66Co10B10C,659.15,625.6606360389748
Tm2Cr15Fe42Co6B10Mo14C11,19.0,47.61759099553136
Fe73.2Co10Cu0.8B10C6,749.15,669.7451049040626
Fe79.2Co4Cu0.8B10C6,648.15,624.8460598966142
Fe77.2Co6Cu0.8B10C6,726.15,632.6492893551651
Fe75.2Co8Cu0.8B10C6,742.15,650.814127237461
Fe83.2Cu0.8B10C6,600.15,626.8139607707778
Ce3Co29(Si2B5)2,173.0,200.08223737431274
Zr11Fe79(CoB)10,476.0,544.0095665587771
Fe5Co5Ni5B2MoP2,560.0,652.6741633249035
Gd36Co27B,207.0,211.0808866919913
Dy3Co29(Si2B5)2,195.0,215.63426353019346
Er3Co29(Si2B5)2,188.0,193.31453049634607
Gd3Co29(Si2B5)2,208.0,231.88842342946123
La3Co29(Si2B5)2,151.5,189.34526731872734
Nd3Co29(Si2B5)2,159.0,224.88822214942317
Pr3Co29(Si2B5)2,193.0,176.5500895190138
Sm3Co29(Si2B5)2,182.0,232.6409543318818
Tb3Co29(Si2B5)2,195.0,214.60552318629843
Tm3Co29(Si2B5)2,176.0,200.59607044327666
Pr8Nb4.92Fe38.54Co38.54B10,923.15,711.045211478151
Zr6Fe78Co5CuB10,523.0,498.983464279148
Zr11Fe79(CoB2)5,476.0,466.44082817813575
Mn25Co53(Si6B5)2,160.0,492.0636884357344
Mn10Co29Si6B5,296.0,475.282706067744
Cr2.8Fe3.2Co65Si19B10,321.0,404.72313901882563
Cr3Fe3.5Co65.5Si18B10,364.0,412.6800681594669
Cr2.8Fe3.2Co67Si17B10,388.0,448.7282381651653
Mn5Co34Si6B5,663.15,425.4513597660274
Cr5Fe436.5Co6838.5Si12.25B10,730.0,717.4993552054358
Fe7Co69(Si7B5)2,658.4,618.2351428358805
Pr0.25Nd0.75Zr2Fe68.4Co7.6B10,623.15,566.4206001640197
FeCo14Si3B2,637.15,610.6558727914928
Co7SiBMo,343.0,546.7815704095909
Fe4.5Co70.5Si15B10,594.0,636.2528017500387
Co9B,1050.0,923.7299820255768
CrFe7SiB,459.15,513.354407749502
Cr6Fe34(SiB)5,490.15,421.5272673000941
Cr7Fe33(SiB)5,465.15,393.3310222987059
YCrFe38(SiB)5,564.4,544.7164758595901
CrFe39(SiB)5,615.15,609.3833382853458
Cr4Fe51Si10(Ni5B2)5,575.0,579.2664679377956
Cr2Fe32Si5Ni6B5,600.0,584.887134223962
Cr2Fe38(SiB)5,590.15,576.5020022445409
Cr3Fe37(SiB)5,565.15,548.4957612947898
Cr4Fe36(SiB)5,540.15,517.7641204633003
Nb3Fe73.5Cu1Si12.5B10,625.0,595.1180182852978
Zr9Fe75Cu(NiB2)5,408.0,452.4766067787785
Zr9Ta5Fe75CuB10,313.0,468.6743364544892
Zr9Fe77CuNi3B10,385.0,450.4303745074832
Zr9Ta3Fe77CuB10,336.0,442.78788623448656
Zr9Ta5Fe77CuB10,313.0,467.8545203016697
Fe78CuSi8B10P3,647.15,646.8337099138465
Fe79Cu(BMo)10,756.15,480.6117753244522
Zr9Fe80CuB10,356.0,424.01089532322544
NbFe82CuSi2(B5P2)2,601.15,578.6897335845476
Fe83CuSi4(B5P)2,600.15,646.0911997177761
Fe73Si12(B2Pt)5,723.15,627.684784889682
Pr0.25Nd0.75Zr2Fe76B10,555.15,495.8523950996948
Fe76Si9(B2P)5,680.0,651.5505242638249
Pr0.25Nd0.75Fe78B10,580.15,577.5715925053122
Zr3Fe39Ni3B5,482.0,483.7091651457811
Fe39Si6B5,723.15,678.0093654624932
Fe79Si11B10,655.5,670.2982955378866
Fe8GeB,600.0,654.3471526529551
Fe80Si7.5Ge2.5B10,600.0,645.3896531608996
Fe16SiGeB2,600.0,639.5993317601393
Fe80Si2.5Ge7.5B10,600.0,636.5233768664697
NbFe8B,400.0,469.16598584636887
Zr3Fe40Ni2B5,473.0,471.28840954064674
Fe8SiB,620.075,678.5959738125549
ZrFe8B,400.0,452.34160917706055
Zr5Nb4Fe81B10,334.0,441.10689919819663
Fe81Si5.5B10P3.5,633.0,644.8222538602031
Fe81Si4(B2P)5,636.0,633.4028654502893
Zr3Fe41NiB5,465.0,443.41307678870146
Fe82Si5B10P3,621.0,642.0290044930778
Zr3Fe42B5,427.0,444.3980497665067
Fe17B2P,555.7142857142857,616.8802792541712
Gd9B,293.0,276.33229912801335
Cr9Fe3.9Co64.82Si12B10.2Mo0.08,334.65,497.0761711957644
La0.475Nd9.025Cr2Fe68Co10B10.5,666.15,618.0902026497525
Nb3.1Fe70.8Cu1Si14.5B10.6,586.775,583.2076122952939
Cr2.3Fe73.7Si10.8B10.9C2.2,679.0,601.5279247729675
Mn0.1Nb3Fe71Cu1Si14B10.9,593.15,578.839852864855
Fe78Co5Si2B11P3C,662.15,644.582174894592
Fe83Si2B11P3C,597.15,622.8358462080915
Fe80Co5B11(PC)2,648.0,623.0387186519647
Fe85B11(PC)2,582.0,606.5543652157298
Cr2Fe73Si11B11C3,646.2,595.6605940489833
Mn14.8Fe64Co0.2Si10B11,346.0,369.84159538519935
Mn14.5Fe64Co0.5Si10B11,363.0,378.4950913016913
Mn14.3Fe64Co0.7Si10B11,409.0,397.01448963757537
Mn14Fe64CoSi10B11,457.0,394.9548571437538
Fe3.5Co64.3Si16.5B11W4.7,475.15,383.4463991147228
Fe3.5Co65.9Si16.5B11W3.1,513.15,444.1302685921074
Fe4Co67Si17B11Mo2,483.15,449.47252387050287
Cr4Fe4Co68Si13B11,551.575,537.6818556477343
Cr3.8Fe3.7Co69Si12.5B11,533.15,536.5025183123129
Cr4Fe4Co69Si12B11,454.075,563.8935024925254
Cr3Fe5Co71Si10B11,637.075,651.9718215959978
Co78(SiB)11,960.0,705.2676547387574
Fe76CuSi8B11P4,667.15,646.4982536372224
Fe80CuSi4B11P4,611.15,644.7917177868835
NbFe81CuSi2B11P4,586.15,586.4533296193642
Fe6230Ni2670B11,381.0,367.4502923539328
Mn15Fe64Si10B11,309.0,378.156885579576
Fe80Si9B11,663.0,664.4895345767411
Cr3.75Fe436.5Co6838.5Si12.25B11.25,730.0,724.0484464140352
Nb3Fe73.5Cu1Si11.25B11.25,628.0,586.0743107637487
Fe3.83Co66.94Si14.59Ni1.44B11.51Mo1.69,616.9,523.5107714054872
Cr2.2Fe3.8Co65Si17.5B11.5,393.0,395.1189801699673
Fe4Co66Si16.5B11.5Mo2,503.075,446.82203148791695
Cr3Fe3Co67Si15.5B11.5,443.0,426.22292194596525
Co68.5Si10B11.5Mo10,310.0,425.3362060624536
Nb3Fe4477.85Co2411.15Cu1Si1.3B11.7,682.15,761.9369672222308
Nb2Fe54.6Co29.4Cu1Si1.3B11.7,748.15,739.3802060058488
Cr1Fe4Co65Si17.2B11.8Mo1,399.0,403.1487612953583
Fe80.5Co4Cu0.5B12P2C1,664.0,629.4650731418052
Nb9Co66CuSi12B12C,69.8,292.5867864369344
Fe81Si4(B6C)2,693.15,634.7575506183805
Tm2Cr15Fe42Co6B12Mo14C9,18.0,80.03813883433662
Nb3Fe36Co5B6,530.0,557.9860756263232
Fe28Co28Si13Ni19B12,627.0,681.1847529433163
Fe78Co5Sn3(B6P)2,671.15,644.358753714439
Fe5Co65Si16(B6Mo)2,232.9,469.4248480219281
Cr1.2Fe3.8Co66Si17B12,449.0,425.3508009654736
Nb9Co66Cu(SiB)12,162.62962962962968,315.57372739326263
Fe2Co33Si8B6Mo,503.075,442.75463035734776
Fe4Co66.5Si16B12Mo1.5,413.0,455.805093049436
Cr3.2Fe3.1Co66.7Si15B12,440.0,434.59791401889174
Cr3Fe3Co67(Si5B4)3,434.0,440.937256755142
Fe4Co67Si15(NiB6)2,545.15,559.2365122419417
Fe4Co69Si12Ni(B6Mo)2,638.15,597.8993342798874
Fe71.1Co7.9Cu1B12Mo8,410.15,573.3230958224983
Fe79Co79Cu(B3Mo2)4,808.0,755.9909717475791
Fe948Co79Cu(B3Mo2)4,375.15,739.2844962949559
Cr3Fe17Si2B3,360.0,448.09002101240554
CrFe39(Si2B3)2,610.0,606.9634455104997
Nb5Cr5Fe73Cu(SiB3)4,360.0,420.9258102456047
Nb5Cr8Fe70Cu(SiB3)4,285.0,425.70411518126275
GdCr8Fe79B12,355.0,441.20669345393645
Nb3Fe38CuSi3Ni38B12P5,567.0,554.4558239778356
Nb5Fe78Cu(SiB3)4,470.0,528.9172472390475
Fe79Cu(B3Mo2)4,512.65,469.4274234499643
Fe80CuB12Mo7,265.0,512.0749036038148
Nb7Fe80CuB12,333.0,447.29457242632077
Ti7Fe80CuB12,413.0,533.3798396676315
Er11B12,5.4,26.541835092996976
Zr7Fe21(Ni5B)12,450.15,529.509579440343
Nb7Fe243(Ni27B4)3,773.15,508.0810631822592
Zr7Fe41(Ni10B3)4,625.15,569.4647338151655
Nb7Fe486(Ni27B4)3,573.15,672.4102060962873
Fe59Si10Ni19B12,691.15,666.4221226736654
Fe62.4Si10Ni15.6B12,729.0,665.6606034126625
Fe78Si9NiB12,710.0,664.0314850773818
Fe39Si5B6,691.15,676.7576641548013
Nb7(Fe27B4)3,363.15,433.9650955634279
Fe83Sn3(B6P)2,608.15,630.5616297345964
Fe83Sn5B12,622.15,642.5513774898834
Y22Fe83B12,295.0,469.7578578941777
Ho11B12,5.9,34.13018551385714
Tm11B12,2.5,24.81270661125691
Fe5Co27.4Si12.26Ni43.08B12.26,321.15,501.83045281460096
Fe3.6Co69.2Si11Ni1B12.5Mo1.5C1.2,598.15,585.9039704513528
Fe4.35Co68.15Si15B12.5,630.0,588.4984173157354
Fe4Co68.5Si15B12.5,630.15,577.5210806634453
Fe3.9Co68.6Si12B12.5Mo3,567.15,577.8300765043753
Nb7Fe80.5B12.5,397.0,423.617921799477
Fe83.3Si4.2B12.5,1024.5,646.1097055342801
Cr2.25Fe436.5Co6838.5Si12.25B12.75,730.0,717.7908751403686
FeNiB3P7,268.0,289.6045259514935
Cr13.4Fe4.7Co57.33Si11.09B13.02Mo0.62,360.65,495.62979416591554
Fe84CuSiB13C,575.0,620.8230820115259
Fe47.4Si11Ni26.6B13C2,682.15,603.1948829955244
Fe75Si8Ni2B13C2,683.15,649.3078192637223
Fe82Co2Si2B13P,634.0,637.139276085853
Fe67Co20B13,497.0,651.6300736694197
Ta35Fe26(Co2B)13,23.0,255.65670051706778
Nb2Fe54.6Co29.4Cu1B13,745.15,733.9701679982852
Fe80Co4Si2B13P,660.0,640.8703595651573
Nb3Fe41.5Co41.5Cu1B13,1023.0,780.9071736516817
Nb2Fe42Co42CuB13,748.15,954.660378457439
Fe78Co6Si2B13P,684.0,647.2132572649733
Fe76CuB13Mo10,298.5,456.382860392997
Nb3Fe83CuB13,456.0,535.1769904609005
Fe71Si3B13,736.15,655.8901322450257
Fe74Si3B13,728.15,662.916802209212
Fe77Si3B13,703.15,671.1955824865414
Fe77.22Si9B13Mo0.78,665.0,623.0106531345733
Fe78Si2Ni6B13P,627.0,649.1051350848418
Fe78Si9B13,861.1916666666666,664.2448742531932
Fe80Si2Ni4B13P,621.0,643.7990884463668
Fe80Si3B13,661.15,682.775296507519
Fe82Si2Ni2B13P,611.0,636.023227297556
Fe82Si3B13,626.15,664.1021907498214
Fe84Si2B13P,599.0,617.0342068489952
Fe84Si3B13,583.15,629.5805148700478
Fe87B13,488.0,636.8497981252738
Fe4Co66Si15.5Ni0.5B13.5Mo0.5,491.0,460.87151593237195
Gd73.5Si13B13.5,116.0,245.69800079958807
Fe76.128Si4B13.728C6.144,693.0,638.2563040805322
Fe7.14Co23.67Si12.26Ni43.08B13.85,360.65,434.5145335276519
Fe83CuSiB14C,600.0,628.0796412456434
Fe82CuSi(B7C)2,615.0,629.2571933424098
Nb2Fe0.9Co0.1Cu1B14,1150.0,446.8327365693099
Fe33Co10B7,516.0,627.0182790224999
Nb4Fe51Co22Si5(B7P2)2,630.0,637.8162617265198
Nb4Fe52Co23Si5(B7P)2,670.0,671.9077032969042
Ta15Fe14(Co2B)7,69.0,292.65080724756655
Cr5Fe17Co17Si4B7,585.0,676.264312083563
Nb2CrFe18Co18Si4B7,698.0,709.1286958529024
Cr4Fe37Co37(Si4B7)2,729.0,690.8409538368131
Nb4Fe37Co37(Si4B7)2,787.0,701.451848787594
Fe39Co39(Si4B7)2,785.0,732.934520142352
Cr7Fe12Co59(Si4B7)2,665.0,590.4808890736605
Cr7Fe8Co63(Si4B7)2,555.0,571.9358827701037
Cr7Fe6Co65(Si4B7)2,515.0,550.4502876972601
Cr9Fe3Co66(Si4B7)2,425.0,474.3844389633015
Fe4Co66Si15NiB14,478.075,492.54056073527437
Cr7Fe4Co67(Si4B7)2,555.0,544.2156741886669
Cr3Fe4.3Co67.7Si11B14,570.65,544.3219688609262
Cr7Fe3.2Co67.8Si8B14,595.0,541.9171577826222
Cr7Fe2Co69(Si4B7)2,560.0,533.1874723665526
Cr7Co71(Si4B7)2,515.0,548.7886826155925
Cr4Co36Si3B7,483.0,590.3798111952487
Cr3Co37Si3B7,643.0,601.646050390875
Cr0.12Fe0.88Si6B14,345.0,351.16497167969254
Cr0.14Fe0.86Si6B14,291.0,367.5464825951533
Cr0.1Fe0.9Si6B14,401.0,340.0056032228656
Fe79Cu(B7Mo3)2,726.15,512.9130747882839
DyNbFe41B7,423.0,517.1906816096123
Fe41B14P4Pd41,563.15,602.011769783866
Y3Fe31B7,510.0,498.38264954369197
Fe62.4Si8Ni15.6B14,733.0,657.6375534892236
Nb2Fe35SiNi15B7,687.15,620.5885806027411
Fe35Si2Ni6B7,669.15,655.3105683151781
Nd9Ti4Fe73B14,563.0,566.5710739022026
Fe37Si2Ni4B7,700.15,658.8739854304275
Fe76.2Si6Ni3.8B14,664.5,660.5640080906206
Fe39Si2Ni2B7,681.15,665.9401683224083
Fe78.5Si6Ni1B14Mo0.5,634.6,616.5513134205191
Fe40Si2Ni6B7,674.15,655.2357148530574
Fe40Si2NiB7,689.15,651.8457992325948
Fe40Si3B7,649.0,670.2190449562668
GdNbFe41B7,450.0,476.9938617127566
TbNbFe41B7,430.0,505.5886491967855
YNbFe41B7,416.0,483.2183589602755
NbFe43B7,523.0,501.020281339424
Nb4Fe43B7,374.0,430.60658220305777
Si4Ni39B7,743.15,301.149878779746
Si3Ni40B7,743.15,425.46822830672176
Fe73.632Si4B14.208C8.16,699.0,614.4997216739637
Fe79.3B14.3C6.4,657.0,627.1344023892686
Cr2.5Fe83.2B14.3,502.0,518.9262178719631
Fe74.88Si4B14.59C6.53,702.0,635.5040731513877
Nd9.5Zr0.5Ti2.5Cr1Fe71.5B14.5C0.5,588.15,567.8152179852033
La1Nb4Fe11.4Si1.6B14.8,491.0,407.1328786375141
Fe82.5Si2B15C0.5,658.0,644.397181002762
Fe82CuSiB15C,620.0,636.100731471092
Fe82Si2B15C,663.0,644.6879932295108
Fe10Co2B3Pt5,760.0,683.8288515292165
Zr8Nb2Fe65(Co2B3)5,507.15,546.9033325173984
Nb10Fe63.75Co11.25B15,440.0,539.5566555825554
Fe58Co14.5Si12.5B15,730.0,663.8755772234764
Zr8Nb2Fe60(CoB)15,559.15,566.9515519295998
Nb6Fe60Co18CuB15,625.0,620.0782064814322
Nb7Fe75Co2CuB15,415.0,446.4542121813026
Fe13Co4B3,520.0,606.2516201957086
Nb7Fe57(Co7B5)3,522.15,633.2577875742097
Nb3Fe61(Co7B5)3,510.15,653.8202704552095
Nb4Fe52Co23Si5B15P,670.0,662.1138689584873
Gd68(Co17B)3,202.0,215.70926091256757
Fe6Co6B3Pt5,760.0,741.2852075578368
Ta5Fe6(Co2B)3,133.0,428.23167696517754
Nb7Fe73Co4CuB15,436.0,486.8869555737943
Fe4Co8B3Pt5,860.0,678.0483721940043
ZrFe8CoNi7B3,653.15,616.5276686697487
Zr8Nb2Fe70(CoB3)5,468.15,516.2287603908318
Zr6Nb2Fe62.5Co6Cu1Ni7.5B15,663.15,546.7134765840086
Co13Si2B3Mo2,228.0,315.7393815023494
Fe4.5Co65.25Si12.25B15Mo3,448.0,442.97351085064406
Nb3Fe4.5Co65.25Si12.25B15,453.0,431.70340861391514
Cr6Fe3Co66(Si2B3)5,430.0,452.0985971607288
Fe4.5Co66.25Si12.25B15Mo2,480.0,466.92450852051104
Nb2Fe4.5Co66.25Si12.25B15,473.0,469.4710269101455
Fe4.5Co67.25Si12.25B15Mo1,553.0,532.5491841295154
Nb1Fe4.5Co67.25Si12.25B15,543.0,529.6938480801167
Fe4.5Co68Si12.5B15,616.15,578.7485519841204
Fe4.35Co68.15Si12.5B15,599.65,580.3694205519187
Fe4.4Co68.1Si12.5B15,568.15,587.1753672231252
Fe4.5Co68.25Si12.25B15,588.0,573.1997421845912
Fe4.3Co68.2Si12.5B15,583.15,583.652001725714
Fe436.5Co6838.5Si12.25B15,730.0,708.0598766890843
FeCo14Si2B3,693.15,668.9082507131607
Fe4.7Co70.3Si10B15,708.0,647.9479827365444
Co72.5Si12.5B15,361.5,611.8218101065532
Fe76Co76CuB15Mo8,600.0,983.9891812256465
Nb7Fe69Co8CuB15,493.0,530.9280025949959
Cr10Fe67.5Si7.5B15,398.0,424.4579156898534
Cr2(Fe5B)3,280.0,375.38868340918225
Cr3Fe14B3,260.0,327.0487269264879
Cr18Fe67B15,164.0,326.8788334338668
Cr4Fe13B3,240.0,295.74378017588936
CrFe16B3,300.0,464.72436113064373
Cr7.5Fe77.5B15,413.15,388.3454943148595
Cr9.6Fe75.4B15,351.15,364.1895639691833
Fe66CuB15Mo8,315.0,445.4802120318251
Fe76CuB15Mo8,311.5,448.81744390009726
Nb7Fe77CuB15,180.25,448.1941258013459
Fe12B3Pt5,812.5,655.9591623513473
Nd9.5Nb4Fe71.5B15,584.15,558.3460710364017
Pr9.5Nb4Fe71.5B15,560.15,542.9516264133321
Nd9.5Zr0.5Ti2.5Fe72.5B15,579.15,568.3194567743394
Nd9.5Ti3Fe72.5B15,588.15,563.3793745054897
Pr9Ti2.5Fe73.5B15,560.0,557.031766369557
Nb2(Fe5B)3,287.5,427.5814488279541
Fe15Si2B3,693.15,682.1027414183864
Fe77.5Si7.5B15,617.7875,682.1688646954935
Zr7(Fe26B5)3,578.15,473.4892754070758
Fe16SnB3,666.0,641.8567990108146
Fe17B3,576.575,587.2457179450811
Gd17B3,293.0,254.38878528567034
Cr9.2Fe75.3B15.5,345.15,377.3786025985469
Cr4.3Fe80B15.7,445.0,450.37252027569644
Fe0.85Co0.15Si1B16,706.0,695.6151454251501
Fe0.9Co0.1Si1B16,691.0,688.5727282254521
Fe0.8Co0.2Si1B16,691.0,675.9564752754166
Fe12Co6SiNi23B8,648.15,604.3328520775259
Mn2Nb3Fe28Co9B8,569.0,583.5412958677681
MnNb3Fe29Co9B8,599.0,594.085809455991
Nb3Fe30Co9B8,651.3333333333334,617.162532657789
Nb4Fe52Co23Si5B16,670.0,670.7883403667786
Sm2Co19B4,165.0,634.2548957570334
Nd10Y1Nb3.5Cr0.5Fe69B16,582.15,569.3545916220291
Cr11.5Fe72.5B16,301.15,371.7845389196341
Nb4.5Cr5Fe73.5Cu1B16,350.0,426.7528029363848
Fe75Cu(B2Mo)8,310.0,449.1278361396549
Fe79Cu(B4Mo)4,714.15,523.6663739019117
Fe12Ni29B8Mo,502.15,534.0582816358044
Fe10Ni10B4Mo,614.15,570.4559557110463
Nd10Y1Nb3.5Fe69B16Mo0.5,588.15,563.6631040792104
Nd10Y1Ti0.5Nb3.5Fe69B16,598.15,561.2989915558044
Nd10Y1Zr0.5Nb3.5Fe69B16,591.15,567.3021783888369
Ho16.2Fe67.6B16.3,380.0,507.8887345149971
Ho10Fe73.4B16.6,490.0,535.6004133294031
Fe28.75Co28.75Ni17.5Ge8B17,703.15,672.825643464283
Fe28.75Co28.75Si8Ni17.5B17,693.15,672.308265382033
Fe74CuB17Mo8,340.0,462.87896007871126
Fe78Sn5B17,671.525,658.2669665035801
Cr0.8Fe81.5B17.7,560.0,584.652388844409
Ti4Fe42.3Si7.8Ni28.2B17.7,375.0,569.0702199967716
Ti4Fe49.35Si7.8Ni21.15B17.7,590.0,557.1825243395729
Fe20Co19B9Mo2,875.0,709.6547412874694
Sm4Co37B9,1008.0,620.1087406305567
Nd5Cr3(Fe37B9)2,487.0,530.059130883862
Pr5Cr3(Fe37B9)2,573.15,508.30869949563316
Nd5Cr5(Fe4B)18,436.0,512.4247344530987
Fe79Cu(B9Mo)2,725.15,590.7355741778053
Fe15Si2Ni65B18,307.6,385.64961336460783
Fe3Si2Ni77B18,19.5,247.4706000763879
Fe49.2B18Pt32.8,723.15,670.7856575372514
Fe55.35B18Pt26.65,723.15,669.7306661511191
Fe3SiNi37B9,82.78,183.7277260254269
Ho13.7Fe68.3B18,430.0,503.658654653957
Nd5Fe77B18,546.0,570.433602658196
Ho2(Fe13B3)3,600.0,586.3242576117608
Co81.5B18.5,900.0,805.8398506463064
Nd4.5Fe75.5Sn1.5B18.5,588.0,579.2479339416435
Nd4.5Fe76Sn1B18.5,588.0,583.3167971740484
Nd4.5Fe76.5Sn0.5B18.5,588.0,582.0764180428769
Nd4Fe77.5B18.5,580.0,574.0922528475136
Fe79B18.5,668.0,661.4370805869905
Fe35Co35Si11B19,670.0,695.5210096155091
Nb4Fe36Co36Si5B19,719.0,675.7692367775776
ErCo80B19,706.0,824.3361835078708
Nb3Fe73.5Cu1Si3.5B19,630.0,577.5644197118751
La1Nb4Fe11.4Si1.6B19,500.0,452.48994591182645
Ho7.6Fe73.4B19,520.0,547.884168050635
Nb4Fe36Co36Cu0.5Si4.8B19.2,712.0,714.3596672040894
Nb4Fe36Co36Si4.8B19.2,703.5,750.2552591423816
Nb4Fe72Si4.8B19.2,598.0,567.3350307891113
Ta4Fe72Si4.8B19.2,586.0,551.8006936400847
Y4Fe72Si4.8B19.2,698.0,527.2854929657582
Tb1Co0.8Ni1.2B2C1,5.9,33.60638709035975
GdCo2B2C,17.2,63.101515006482806
HoCo2B2C,7.7,39.616123723333985
TbCo2B2C,5.949999999999999,32.04617919172274
Zr17Co80B2C,755.15,729.1184061763581
DyB2C,8.5,46.153894179572696
ErNi2B2C,6.1,21.669362511827558
HoB2C,7.0,25.92793018555515
HoNi2B2C,5.0,19.718760649501057
Tb0.3Y0.7Ni2B2C1,1.26,133.59641303633984
TbNi2B2C,9.0,22.431051571421513
Y3Ni7B2C,36.0,158.49817108112794
Sm0.87B2Ru2C1,60.0,47.92925665892616
Mn30Ga10BC9,270.0,280.76422990459355
Pr11DyFe72Co10(BC2)2,643.15,653.0631335452396
Pr10DyFe73Co10(BC2)2,643.15,644.8395335701825
Pr9DyFe74Co10(BC2)2,643.15,642.6402407469677
Pr8DyFe75Co10(BC2)2,643.15,639.9362191033391
Ho5B2C5,24.0,34.457530347566006
Nd13Dy2Fe67Co10(BC3)2,628.0,651.9791476444561
Nd13Dy2Fe57Co20(BC3)2,737.0,705.2370636949333
TbPr7Fe28Co10BC3,736.15,697.5232499536205
Nd13Dy2Fe77(BC3)2,554.0,568.3121978191118
Nd5Fe41BC3,558.15,571.8946762587149
Fe78SiSn2B2P9C8,601.0,605.8226881368174
Fe79SiSnB2P9C8,597.0,606.3892378342864
Ce1B2Ir0.6Rh2.4,125.0,54.99158029902958
Ce1B2Ir1.5Rh1.5,118.0,80.17006780979236
Ce1B2Ir1.8Rh1.2,90.0,93.22066876780963
CeB2Rh3,117.0,39.96234186199
Fe4.5Co0.5Si1B2,789.0,687.9073043761198
Fe4CoSiB2,716.0,693.0691756788055
Fe3.5Co1.5Si1B2,667.0,659.6458282209569
Nd3Co13B2,571.5,592.971631528362
Y3Co13B2,636.0,413.64602606737367
Dy(CoB)2,10.5,45.79905403899991
Gd(CoB)2,36.16666666666666,112.14211371634569
Nd(CoB)2,35.666666666666664,44.98822386072247
Pr(CoB)2,27.75,70.62954203954178
Sm(CoB)2,14.0,49.18429536515048
Fe2.5Co2.5Si1B2,438.0,632.1919526628293
Zr6Ti7Fe65(Co10B)2,625.0,695.0124482738142
Zr6Ti7Fe60Co25B2,749.98,724.111274522577
GdCo3B2,58.0,208.93305630458056
HoCo3B2,10.0,109.91643504411047
Tb0.75Y0.25Co3B2,150.0,258.57612376861385
TbCo3B2,30.0,151.45063807242602
Zr6Ti7Fe55(Co15B)2,750.08,787.1228743070392
Zr18Cr3Co77B2,773.15,684.4068822964191
Zr17Co80CuB2,732.15,745.0383686693453
Zr17Ga(Co40B)2,725.15,775.1108584208046
Zr15Nb3(Co40B)2,773.15,744.3622514431125
Zr17Co80SiB2,731.15,745.6326789653197
Zr15Ti3(Co40B)2,773.15,749.1988171219139
Zr8Co40BW,773.15,741.7442027749843
Zr9Co40B,764.15,747.9258089112382
Zr6V2Co41B,615.0,705.216883669078
Hf10.5Cr1Co86.5B2,733.0,724.4408065347883
Hf10.5Nb1Co86.5B2,733.0,743.3186976979651
Hf10.5Ti1Co86.5B2,733.0,748.5173441752913
Hf10.5Zr1Co86.5B2,771.0,743.9202562112139
Hf11.5Co86.5B2,771.0,751.094193140588
Dy0.4Ho0.6B2,28.0,36.83068513421421
Dy0.8Ho0.2B2,43.0,45.67922939293952
DyB2,55.0,46.99367862778318
ErB2,16.0,22.90739486667481
Eu2B2O5,2.7,25.603524074652455
Eu3(BO3)2,8.0,25.516431418927944
Zr2Fe0.82B2Ru4.14Rh1.04,233.0,302.0078426902515
Zr2Fe0.87B2Ru5.13,239.0,265.1750516628523
Fe5Si0.95Ge0.05B2,790.0,755.8813818948269
Fe5Si0.85Ge0.15B2,790.0,753.9420103551479
Fe5Si0.9Ge0.1B2,790.0,751.4777871393012
Fe5Si0.75Ge0.25B2,792.6666666666666,750.6162080554551
Fe5Si0.8Ge0.2B2,790.0,755.4845185640893
Fe5B2P,635.0,604.7392114116576
Fe5SiB2,803.4,710.0087956964497
Fe5Si11B2,800.0,536.3929546409175
Nd5Ti6Fe38B,598.15,567.5241582170522
Sm5Fe39BMo5,515.15,510.0108295073835
Sm10Ti5Fe78B2Mo5,565.15,565.1340685462516
Sm5Ti5Fe39B,602.15,568.5405592942782
Pr11Fe87B2,325.0,382.1768456702249
Zr4Fe45B,240.0,283.841633589989
Zr7Fe91B2,277.5,292.47859612085426
Ga2Fe93Si3B2,627.15,631.9347056667909
Gd0.1Ho0.9B2,19.0,43.2531314893748
Gd0.2Ho0.8B2,22.0,44.85230706464598
Gd0.3Ho0.7B2,27.0,61.66139120902152
Gd0.4Ho0.6B2,30.0,78.8219627017692
GdB2Rh3,97.5,50.02336725677006
Gd3Ni7B2,37.0,80.17442999799434
HoB2,17.0,26.98139026324943
MnB2,149.25,327.16548315172463
Mn5Si0.5B2P0.5,346.0,332.58070284275254
Mn5B2P,358.0,326.46410277788317
Mn5SiB2,409.75,341.57458375867583
NdB2Rh3,31.0,43.152230150696276
NpB2,99.5,105.75736127464677
SmB2Rh3,89.0,28.729102706036052
TbB2Ru,49.0,41.57589910996034
TmB2Ru,4.0,38.0339310360413
TbB2,147.5,87.42945879739712
Ba0.75Sr0.25Fe12B2.22O21.33,713.0,649.0174302318768
Cr3.5Fe67Ni3.5B2.5Mo6P12C5.5,469.6,463.7116942987028
Fe21Co5(B5Pt7)2,660.0,662.0909051606463
Y2Zr5Fe61Co10(B10W)2,506.0,527.651805517435
Y2HfZr4Fe61Co10(B10W)2,526.0,516.9370871902357
Y2Hf2Zr3Fe61Co10(B10W)2,520.0,519.933362860698
Hf2.5Zr2.5Fe61Co10B20Mo2W2,507.5,523.8095732869991
Hf2.5Zr2.5Nb2Fe61Co10B20W2,499.5,525.2367849773442
Hf2.5Zr2.5Fe61Co10Ni2B20W2,587.0,554.8881993108355
Hf2.5Zr2.5Ti2Fe61Co10B20W2,505.0,533.0289952834798
Y2Hf2.5Zr2.5Fe61Co10B20W2,509.0,526.3401803601364
Hf2.5Zr2.5Fe61Co10B20W4,498.5,531.914322956409
Y6Ti3Fe61(CoB2)10,547.5,528.9995609245389
Fe17Co9(B5Pt7)2,660.0,647.9753253812797
Fe13Co13(B5Pt7)2,660.0,643.3967044394487
NbFe9Co9SiB5,975.0,669.714889742459
Fe2Co2B,800.0,766.26538251497
Zr8Fe60Co5B20Mo5W2,265.0,452.3738604064603
Zr2Fe4Co14B5,600.0,600.3326621954278
Ho11.5Co68.5B20,370.0,493.44995736146467
Zr8Cr2Fe56Co7Ni7B20,508.0,524.0930587217287
Hf2Zr8Fe56Co7Ni7B20,509.0,524.6890113922592
Zr6Nb2.5Fe56Co7Ni7B20Mo1.5,560.0,530.1882616574322
Zr8Fe56Co7Ni7(B10Mo)2,490.0,533.677319083532
Zr8Nb2Fe56Co7Ni7B20,531.0,533.5148105524167
Zr6Ta1.5Nb2.5Fe56Co7Ni7B20,560.0,535.2202323239223
Zr6Ti1.5Nb2.5Fe56Co7Ni7B20,588.6666666666666,537.0718550985301
Ti7.5Nb2.5Fe56Co7Ni7B20,738.9,565.0839749262227
Zr7.5Nb2.5Fe56Co7Ni7B20,556.0,537.2099247607598
Zr8Ta2Fe56Co7Ni7B20,503.0,528.06999110365
Zr8Ti2Fe56Co7Ni7B20,528.0,535.3644430167022
Zr8V2Fe56Co7Ni7B20,530.0,537.2048384195521
Zr8Fe56Co7Ni7(B10W)2,476.0,524.2044200872008
Er8.6Co71.4B20,640.0,564.7407288990663
Ho7.6Co72.4B20,435.0,640.9939823493213
Er7.5Co72.5B20,709.0,545.1266396948863
Fe3Co37B10,700.0,830.9930235223195
Er5.5Co74.5B20,785.0,546.4315527796429
Ho5.5Co74.5B20,465.0,740.8550656990172
Er3.9Co76.1B20,800.0,522.5498514357241
Ho3.6Co76.4B20,470.0,758.2872556926407
Er1.8Co78.2B20,815.0,761.4177622182764
Co4B,815.0,805.172262767153
GdCr2Fe13B4,333.0,480.51731458270626
CrFe7B2,385.4333333333333,445.7821437465137
Nb0.3Cr11.5Fe68.2B20,323.15,428.1960835874224
NbFe9SiNi9B5,458.0,518.729806421481
FeNi19B5,116.0,187.98160070184431
Fe2Ni2B,662.0,636.0361632497168
Zr5Fe21(Ni7B5)2,600.0,494.7110793606911
Nb4Fe43.2Si4Ni28.8B20,525.0,540.4900291656484
Zr10Fe49Ni21B20,625.0,548.43995503625
Nb4Fe50.4Si4Ni21.6B20,565.0,575.2070052792784
Fe13B5Pt7,660.0,661.2237946084408
Zr5Fe28Ni7B10,767.5,516.3400836145711
Nb4Fe57.6Si4Ni14.4B20,588.0,563.771869382139
Zr10Fe63Ni7B20,425.0,499.0860715688294
Nb4Fe64.8Si4Ni7.2B20,598.0,574.1792610001123
Y9HfNb5(Fe13B4)5,360.0,403.32766147615064
Y8Hf2Nb5(Fe13B4)5,375.0,394.6901676430806
Y7Hf3Nb5(Fe13B4)5,350.0,394.49497224108325
Y6Hf4Nb5(Fe13B4)5,340.0,393.36958750709186
YHfNbFe13B4,328.0,395.78863122395785
Mn3Fe13B4,338.0,378.5985191144265
Y2NbFe13B4,364.0,409.36551104647276
Tm3Fe13B4,370.0,485.7445517391995
Zr4Mn2NbFe33B10,328.0,433.14871207771796
Tm3Fe17B5,433.0,509.2285975296414
NbFe7B2,366.0,510.18346479914993
NbFe18SiB5,581.0,565.7292280037194
Tm2Fe18B5,518.0,545.4941413773764
Fe15SnB4,714.0,649.6985923636018
TmFe19B5,590.0,588.9736577275378
Fe4B,627.51875,719.6942000002152
Gd4B,293.0,261.3647448106534
Nd4.2Y2.5Zr0.8Nb3.3Fe69B20.2,590.0,515.6029458613372
Ta4Fe60(Co5B7)3,686.0,613.7134642386491
Ta4Fe37.5Co37.5B21,642.0,730.3376765826245
Nd7Nb2.5Fe69.5B21,595.0,534.0442401764259
Pr4ZrNb4Fe67(CuB11)2,525.0,487.56919043446874
Pr9Fe65(B11W2)2,570.0,488.47709798794085
Y3Ti2Fe34B11,466.15,506.65646006536304
Y3TiFe35B11,508.15,518.4288709914559
Y2HfFe36B11,533.15,524.3459878671124
Y2NbFe36B11,519.15,540.7485800308799
Y2TaFe36B11,549.15,521.0920541733805
Y5Ti(Fe36B11)2,541.15,537.8445586733296
Y2TiFe36B11,542.15,537.4139251176612
Y3Ti3(Fe36B11)2,545.15,528.051746727947
Y3Fe36B11,551.15,529.5780827585422
Nb5Fe20.1Co40.2Si5.3Ni6.7B22.7,462.0,552.6414318098493
Tm16.32Nb4Fe56.64B23.04,316.0,450.68913088615915
ErNb6Fe70B23,458.0,526.578031186048
Er3Nb6Fe68B23,440.0,501.18827035715196
Er5Nb6Fe66B23,370.0,470.31768191698325
Er7Nb6Fe65B23,340.0,472.40544830234853
Nb6Fe71B23,550.0,515.0862071782763
La1Nb4Fe11.4Si1.6B23.2,504.0,439.55993219010327
Nb3Fe73.5Co72.5Cu1Si26B24,450.0,681.8133749191188
Zr4Mn26Nb4Cr5(Fe23B8)3,160.0,292.4705557503406
Nb2Fe29Ni7B12,606.0,558.1111471317412
Nb7.6Fe68.4B24,423.35,500.1303929584837
Nb2Fe35NiB12,590.0,557.387358161529
TbFe18B6Mo,480.46,514.7219278926497
Tb5Fe72(B6Mo)4,459.33,499.6240674086121
Tb3Fe36(B6Mo)2,455.61,502.90393841822157
Tb7Fe72(B6Mo)4,439.18,502.71086496402944
Co65Si10.6B24.4,208.0,344.10457010491376
Fe12B5Pt3,740.0,578.1635051785199
Nd10Nb4Fe61B25,570.0,465.66697292471775
Nb2Fe13B5,374.0,481.9227453859602
TbB25,2.1,321.70382974514195
Co63.1Si9.9B27,300.0,308.13267313141824
Hf6.5Fe20Co46B27.5,530.0,528.1009133340939
Hf6.5Fe15Co51B27.5,613.6666666666666,467.19616092333763
Hf6.5Co66B27.5,315.0,316.1975092569639
Co18(SiB)7,503.0,320.6405749358772
Fe49.7Co21.3B29,935.0,707.739621939016
Ca4Mn3B3CO12,10.2,159.71601376277783
Sm0.8B3Ru3C1,50.0,72.20913865826485
Mn60Ga20B3C17,270.0,290.65109607169495
Nd10Fe82B3C5,566.15,573.0860512600012
Fe66.3Co11.7Si1B3Mo1P10C7,665.0,618.9256434729116
Fe62.4Co15.6Si1B3Mo1P10C7,683.0,671.0724938594044
Fe54.6Co23.4Si1B3Mo1P10C7,783.0,672.1714262717984
Fe7380Co820Si2B3P6C7,684.0,631.0259734808737
Fe7380Co820B3P8C7,614.0,669.5733681587999
Fe78SiB3MoP10C7,585.0,581.7486462655438
Ce2Co7B3,250.0,304.1653877292008
Nd2Fe4.2Co2.8B3,885.0,600.0743842015718
Gd2Co7B3,345.0,341.6498015411896
Nd2Co7B3,330.0,368.8981744297811
Y2Co7B3,310.0,287.44096242221417
Zr16Cr4Co74(SiB)3,600.0,635.4507908654824
Zr16Nb3Co75(SiB)3,693.15,651.0807864723442
Zr16Cr2Co76(SiB)3,625.0,683.328631196397
Zr16Nb2Co76(SiB)3,703.15,674.5336675439469
Zr16NbCo77(SiB)3,715.65,706.504446695725
Zr16Co78(SiB)3,707.1,746.983878731848
Fe4.5Co82Si8.5Ni2B3,478.15,848.5818161986971
Fe3Co85Si5Ni2B3Mo2,638.0,814.9161625144768
Nb3Fe73.5Cu1Si15.5B3P4,300.0,489.58850566990145
Zr7Fe89CuB3,323.15,449.2034785023042
Gd2Fe23B3,689.0,533.5778579351672
Nd2Fe23B3,657.5,579.3064616790466
Pr2Fe23B3,644.0,576.6954605958247
Sm2Fe23B3,663.0,584.4807974584776
Pr10(Fe29B)3,337.0,417.92730755202905
Zr10(Fe29B)3,293.0,321.9076690101165
Zr9Fe88B3,286.0,311.96947506998265
Hf7ZrFe89B3,600.0,484.02678425283716
Zr8Fe89B3,271.0,307.0371551254806
Zr7(Fe30B)3,257.0,328.2616195627934
Mn38Ni50(BSb4)3,345.0,320.2930990803825
Hf1Zr7.3Fe44.6Co43.4Cu1B3.7,1050.0,989.129109855008
Hf7.3Fe44.6Co43.4Cu1B3.7,1050.0,951.0018410065649
Zr7.3Nb1Fe44.6Co43.4Cu1B3.7,1050.0,997.5477761547795
Zr7.3Fe44.6Co43.4Cu1B3.7,1050.0,867.1255115628599
Nb4Fe26(CoB3)5,533.0,555.8589207047875
Nb4Fe20Co11B15,601.0,564.7019895354132
Nb4Fe14Co17B15,563.0,481.42915765257305
Hf2.5Ta5.5Fe22Co40B30,387.0,457.43292043042936
Nb4Fe11(Co4B3)5,365.0,521.3376478187054
Ta4Fe11(Co4B3)5,487.5,414.9518598727934
Nb4Fe8Co23B15,512.0,397.9839696625916
Ho4Co31B15,214.0,241.95801279038545
ZrNb3Co31B15,210.0,319.7489775113203
Tb4Co31B15,224.0,257.1377558210885
Y4Co31B15,211.0,259.85791218343894
Co7B3,650.0,538.5302555532949
Zr5Nb4Fe61B30,520.15,448.15925373038124
Nb2(Fe11B5)3,550.0,465.306740535465
Fe67B33,370.0,743.3795254075973
Co33Ni33B34,500.0,523.194222360087
Co49(NiB2)17,500.0,450.2179142597356
Co13B7,500.0,372.08086932136285
Cu5Bi2(B2O7)2,24.75,119.06085217058077
Dy15(B2C7)2,120.0,117.06217149689786
Er15(B2C7)2,50.0,46.84716854243133
Tb15(B2C7)2,145.0,132.1142232249428
Mn15Ga5BC4,315.0,288.09365970750923
Tm2Cr15Fe42Co6B4Mo14C17,25.0,59.94144077952362
Ga3Fe75.5Si3B4P10.5C4,634.0,615.5372122559852
Nd5Fe41(BC)2,555.15,571.457543125346
CeGd2Co11B4,376.0,383.6813301767244
CePrNd2Zr2Ti2(Fe22B)4,321.0,383.69481106427827
CeNd3Zr2Ti2(Fe22B)4,323.0,354.72551840270563
Ce2GdCo11B4,301.0,390.27573528630523
Ce3Co11B4,256.0,357.2624297249821
Pr2GdCo11B4,400.0,349.42562698529144
PrGd2Co11B4,416.0,378.6012350395017
Gd3Co11B4,456.6,381.91098277416245
Pr3Co11B4,388.0,340.9741509319925
Sm3Co11B4,460.0,374.2390574876673
Tm3Co11B4,347.0,321.0185874219701
Y3Co11B4,345.0,305.68873419621974
Zr4Mn2NbFe40CoB2,271.0,343.1136394135884
Zr4Fe43CoB2,340.0,386.7779015351398
Zr7Fe87(CoB2)2,333.0,422.3955940161956
Zr6Ti7Fe63(Co5B)4,614.0,698.4593934865135
Zr5Nb3Fe85Co3B4,336.0,459.8356310311921
Zr4Mn2NbFe39(CoB)2,306.0,333.6905826797338
Nd(CoB)4,182.0,166.8454593556657
Pr(CoB)4,171.0,177.86369633640112
Sm(CoB)4,176.0,163.18438965928448
Zr7Fe44Co44CuB4,750.0,1014.2462367981735
Zr4Mn2NbFe38Co3B2,332.0,381.1105682413212
Sm11.6Zr7Fe15.7Co60.7Cu1B4,773.15,826.4190021239467
Ti5Fe4Co70Si15(NiB2)2,534.15,594.6153925960291
Zr5Fe4Co70Si15(NiB2)2,534.15,568.1916374459599
Zr4Mn2NbFe37(Co2B)2,363.0,448.9677445939632
Zr8.6Ga3.5Fe67Co8.1Cu1.1Ni7.7B4,1140.0,907.1740592590797
Zr9.8Fe68.4Co8.2Cu1.5Ni8B4,1140.0,672.4865994945807
Zr7.6Ga2.8Fe67.8Co8.5Cu1.5Ni7.9B4,1126.0,952.6139635111222
Zr8.6Ga5.6Fe63.9Co8.8Cu1.3Ni7.7B4,1140.0,818.2209071653895
Mn2CrB4,440.0,291.3485963494805
Nd15Cr8Fe73B4,349.6,512.0252414233585
Nd3Cr2Fe19B,349.9,480.8618809069624
Nd5Cr4Fe39B2,345.3,458.2196325764821
Nd2Cr2Fe20B,340.2,435.5768615984023
Nd5Cr8Fe83B4,322.3,442.88644538662334
Nb3Fe73.5Cu1Si15.5B4P3,300.0,487.09562982262446
Nb3.5Fe78Cu1Si13.5B4,610.0,629.0250821660622
Zr7Fe88CuB4,800.0,335.58137639969004
Dy(FeB)4,11.5,85.74975725069976
Dy(BRh)4,9.7,33.32441274118195
Dy2Zr7Fe87B4,308.0,362.874929038693
Na2Eu2B4O7,20.0,107.9478638363729
Ga23Fe19(Ni27B2)2,256.0,345.5879265930362
Nd0.25Ho0.75Fe3B4O12,203.0,317.21297043382225
HoFe3(BO3)4,360.0,189.53854795870782
Gd(FeB)4,21.33333333333333,169.10504780478553
Fe4B4H,6.5,567.6859960446419
Ho(FeB)4,6.5,107.55515464777258
Nd(FeB)4,13.5,71.08683995438972
Nd1.143Fe4B4,7.0,154.28686880405655
Pr(FeB)4,7.5,112.67486707599384
Sm(FeB)4,37.0,113.88526363388236
Tb(FeB)4,16.0,71.66906705347992
Sm5Fe38B2Mo5,534.15,516.3289085297494
Nd5Ti5(Fe19B)2,593.15,567.7247631506806
Fe20SiBP3,753.0,626.7529711950965
Pr4Fe20B,556.0,531.1177111686047
Zr5Mn2Fe41B2,262.0,328.9176755920088
Sm3Zr8Fe85B4,333.0,437.68588962442004
SmZr4Fe43B2,325.0,402.00100236995826
Gd2Zr7Fe87B4,342.0,367.6201811828897
Tb2Zr7Fe87B4,319.0,345.7305775620311
Zr9Fe87B4,304.0,341.43288387658953
Nb2Fe22B,306.0,665.1958996991328
NdZr3(Fe22B)2,314.0,354.74884862307033
PrNd3Zr2Ti2(Fe22B)4,334.0,388.6198834494005
Nd2ZrTi(Fe22B)2,338.0,395.19416345462764
NdZrFe22B,335.0,388.1818808683306
Zr2Fe22B,283.3333333333333,327.6826953341403
Zr7Fe89B4,275.0,361.0598389289544
Pr3Fe45B2,565.0,439.1428305008875
Ho(BRh)4,10.7,34.799052644088945
Mn2B4Mo,590.0,350.6247933023293
Mn2B4W,560.0,333.2484542912101
Mn2.94Ni0.06B4,146.0,413.7238253153609
Tb(BRh)4,5.8,24.7951037385484
Ce15.1Fe71.8Co5.8Cu2.1Ni0.9B4.3,554.15,481.9658338949141
Ga2Fe68Co4B4.4Mo4P13.2C4.4,241.0,473.84909583760617
Fe70Co4B4.4Mo4P13.2C4.4,233.0,528.3942794820285
Nd8.4Fe80.4Co5.6B4.5Mo1.1,390.0,529.464229250631
Nb2Fe79Cu1Si9B4.5P1.5,648.5,597.6750992755157
Fe79Cu1Si9B4.5P1.5,705.0,670.0604216241102
Nd8.4Fe85.5B4.5Mo1.1,325.0,414.12093876522613
Nd8.4Fe85.5B4.5Mo1.6,325.0,433.7203847539902
Nd8.4Fe86B4.5Mo1.1,325.0,411.99952135225317
Nd8.4Fe86.5B4.5Mo0.6,320.0,424.9565699908599
Nd8.4Fe87.1B4.5,312.0,469.73300778263615
Nb4Fe62Co10Si19.2B4.8,610.15,628.2816823127166
Nb4Fe52Co20Si19.2B4.8,642.15,672.4025361190854
Nb4Fe72Si19.2B4.8,593.15,589.4026583699083
Fe68Cu0.6Si2.5Ni12B4.9P12,642.0,628.6233577343351
Fe71Cu0.6Si2.5Ni9B4.9P12,636.0,632.7378503087776
Fe74Cu0.6Si2.5Ni6B4.9P12,623.0,626.7018988737095
Fe77Cu0.6Si2.5Ni3B4.9P12,620.0,628.1644260634916
Fe80Cu0.6Si2.5B4.9P12,573.0,625.7544315455093
Pr8VFe85B5C,618.15,548.5333894630876
Mn12Ga4BC3,315.0,309.7618066305158
Cr4Ga4Fe62Co5B5Mo4P11C5,171.0,424.22739987567724
Cr4Ga4Fe50Co8Ni8B5Mo4P12C5,180.0,417.9877034603757
Cr4Ga4Fe65B5Sb2Mo4P11C5,184.0,430.7995605773962
Cr4Fe71B5Mo4P11C5,126.0,481.52289178820274
Fe78SiB5Mo(P2C)5,589.0,582.1074824603295
Fe76SiB5P11C8,593.15,619.206715228186
MnNb2Fe68Si3B5(P4C3)3,586.0,496.35480777799376
Ce17Fe78B5,459.0,440.8696119294065
Ce2.6Nd10.4Nb0.5Fe81.5B5,540.0,562.9548171821694
Ce21Fe74B5,546.0,417.97870497816615
Ce7Fe85Co3B5,346.0,435.82883044427433
Pr9Fe76(Co2B)5,663.15,640.4761635271448
Pr9Fe74Co12B5,673.15,676.255860740921
Pr9Fe72Co14B5,691.15,680.1727698811749
Pr9Fe70Co16B5,709.15,690.1640766073655
Gd76Co57B,211.5,204.99697500375734
Zr6Fe78Co5Cu(GeB)5,515.0,530.5809727710358
Nb2.5Fe61Co5Si16.5Ni10B5,623.15,622.2268538934181
Zr11Fe84(CoB)5,396.0,410.1699262652924
Ta5Ti19Fe21(Co10B)5,675.0,698.3259609518959
Pr9Fe80Co6B5,627.15,578.823276227266
Nb2Fe67.05Co7.45Cu1Si17.5B5,875.65,626.7254214461094
Sm3Fe2Co14B,1050.15,824.01748031221
Nb3Fe73.5Cu1Si15.5B5P2,300.0,493.23308374787587
Nb3Fe73.5Cu1Si17.5B5,619.075,599.3153119976872
Nb2Fe74.5Cu1Si17.5B5,745.65,612.8565327934518
Zr7NbFe81Cu(BPt)5,360.0,545.0940886598064
Zr7NbFe86CuB5,303.0,354.5111251893348
Nd16Fe3B,588.15,511.325112433204
Fe15Si4B,848.15,665.7919744980834
Zr11Mn5Fe84B5,258.0,362.4792874041765
Pr3.6Nd5.4Fe86B5,570.0,540.6405873168446
Nd9Fe86B5,581.0,493.4562493520407
Pr9Fe86B5,568.075,533.0431992993598
Zr9Fe86B5,327.0,347.5145414642742
Pr8Mn0.6Fe86.4B5,603.15,462.3830270280581
Pr8Fe87B5,565.0,463.0445695754394
Zr8Fe87B5,306.0,364.72242424959137
Gd19B,293.0,284.926905359638
Nd13.44Fe81.12B5.44,538.15,570.8026959863494
Cr4Ga4Fe65.5B5.5Mo4P12C5,462.0,298.9686935925081
Fe74.5Co1Si3.3B5.5P8.7C7,637.0,624.777709621326
Fe73.5Co2Si3.3B5.5P8.7C7,647.0,624.1716437428903
Fe72.5Co3Si3.3B5.5P8.7C7,647.0,618.7732100622093
Fe71.5Co4Si3.3B5.5P8.7C7,647.0,609.9131462263595
Cr2.3Fe73.2Si3.3B5.5P8.7C7,592.0,561.0806117525829
Fe71.5Si3.3Ni4B5.5P8.7C7,632.0,612.3257430543729
Fe72.5Si3.3Ni3B5.5P8.7C7,634.0,618.660636568337
Fe73.5Si3.3Ni2B5.5P8.7C7,632.0,620.5155468493666
Fe74.5Si3.3Ni1B5.5P8.7C7,630.0,620.1424315401204
Fe75.5Si3.3B5.5P8.7C7,643.0,622.9230206504025
Ce13.5Pr68Fe81Cu32B5.5,529.0,511.0862354628852
Ce13.5Fe81B5.5,458.0,445.24160880827924
Pr13.5Ga0.4Fe80.6Co0.4B5.5,568.0,578.1235841521138
Pr13.5Ga0.4Fe65.6Co15B5.5,700.0,681.9862825417439
Pr13.5Ga0.4Fe78.6Co2B5.5,568.0,583.682563955234
Pr13.5Ga0.4Fe76.6Co4B5.5,634.0,591.9585905856167
Ce4.14Pr68Nd9.66Ga0.5Fe76.1Co4Cu32B5.6,635.15,504.4698952952725
Ce4.14Nd9.66Ga0.5Fe76.1Co4B5.6,589.15,569.8536390137458
Nd13.6Ga0.6Fe73.6Co6.6B5.6,632.15,621.887184135918
Pr2.5Nd77.5Fe84.4Cu30B5.6,580.15,537.7125916432692
Nd13.5Ga0.5Fe80.4B5.6,588.15,581.9168062948526
Ce1Pr20Nd80Y9Fe77.97B5.73,589.0,566.4821570849026
Pr20Nd80Y10Fe77.97B5.73,591.0,564.2241065542593
Nd13.62Ga0.47Fe75.7Co4.45B5.76,585.15,602.8458181364499
Ce14.5Fe73.1Co6.1Ni0.5B5.8,534.15,471.39979439963025
Nd11.5Zr2Fe80.6B5.8,343.15,569.6455892962223
La0.08Ce0.72Y0.2Fe77.23B5.94,471.0,545.0187438602954
La1.3456Ce12.1104Y3.366Fe77.23B5.94,585.0,457.6218348475883
La1.683Ce15.147Fe77.23B5.94,530.0,450.6157482532281
Ce16.83Fe77.23B5.94,424.0,447.67596855731125
Ce14.6Fe72.8Co6.7B5.9,507.15,475.40539392313593
Pr0.08Nd0.32Gd0.6Fe76.9Co2.9B5.9,643.0,545.4910396913506
Nb27Fe18B55,400.0,338.21237948239377
Nd13.53Fe74.89Co5.54B6.04,615.85,610.7249342382971
Pr6.18Nd6.18Dy0.03Fe1Ni0.013B6.09,581.15,401.434592431495
Tm2Cr15Fe42Co6B6Mo14C15,23.0,36.417404888936794
Y2Cr15Fe34Cu14B6Mo14C15,36.17,172.8134695282478
Y2Cr15Fe46Cu2B6Mo14C15,24.96,115.33422484551808
Y2Cr15Fe43Cu5B6Mo14C15,28.24,78.19918938713076
Y2Cr15Fe39Cu9B6Mo14C15,23.6,110.6528628618703
Nd5Fe41B3C,562.15,575.5193504557328
Nd15(B3C10)2,40.0,55.09783472963872
Ca0.3Eu0.7B6,15.5,95.31907062653302
Ca0.985La0.015B6,710.0,647.3145984371857
Ca0.99La0.01B6,750.0,648.1978860780329
CaB6,725.0,643.8456810673407
Ce0.05Nd0.8Dy0.15Zr1.5Fe82.5B6,550.0,518.199729149548
Ce0.16Nd0.8Dy0.04Zr1.5Fe82.5B6,535.0,510.52011138996323
La0.25Ce0.25Nd0.5Fe77Co1B6,561.0,539.8649126692177
La0.3Ce0.7B6,1.4,165.63939590877186
Ce(Co2B)6,142.0,178.46345472846087
Ce1.5Nd13.5Fe79B6,632.15,554.3879763350617
Ce5(Fe14B)3,483.15,462.3038959776796
La6.8Ce10.2Fe75Si3B6,477.0,461.8935414000474
La5.1Ce11.9Fe78B6,465.0,486.3767644243894
Ce12Gd(Fe27B2)3,463.0,489.8527532859822
Ce13(Fe27B2)3,442.0,456.69231484316606
Ce7Fe40B3,270.0,438.5418371257233
Ce17Zr0.5Fe76Co1B6Mo0.5,436.0,447.4178710335245
Ce17Nb0.5Ga0.5Fe74.5Co2Cu0.5B6,439.4,452.45360582276226
Ce17Nd1Fe74.5Co2Cu1B6,440.0,471.7805005874987
Ce17Nb1.5Fe1Co2B6,441.0,364.01245327548367
Ce17Pr2.6Nd10.4Nb1.5Fe155Co2B6,580.0,525.2582620925014
Ce17Nb0.5Ga0.5Fe76.5Cu0.5B6,421.8,448.5949287758626
Ce17Ti5Fe73B6,403.0,470.73024557633596
Ce17Fe75(SiB2)3,445.0,448.4768669896879
Ce17HfFe77B6,409.1,460.28985516154495
Ce17TiFe77B6,423.0,455.0336822047604
Ce17Hf0.5Fe77.5B6,420.0,448.4818639045368
Ce17Fe77.75Si0.25B6,424.0,448.59588650279596
Ce17(Fe13B)6,427.0,452.34947378988187
Ce3Nd12Fe79B6,621.15,550.7151175129062
Ce4.5Nd10.5Fe79B6,615.15,554.2910096781151
Ce6Nd9Fe79B6,603.15,571.6518307092379
Ce7.5Nd7.5Fe79B6,593.15,565.0060772218671
Ce8Gd5(Fe27B2)3,545.0,532.7192186641975
Ce9Nd6Fe79B6,578.15,539.5131400164541
La2.38Ce9.52Y5.1Fe78B6,515.0,488.9406874646807
Hf7Fe0.6Co0.486Cu1B6,823.15,628.4002778813291
Hf7Fe0.5Co0.593Cu1B6,823.15,624.9549606080144
HoFe2(Co5B3)2,105.0,264.4189808372317
YFe2(Co5B3)2,107.0,127.44797902564828
Nd6Fe36Co5B3,680.0,641.8069562187354
Nd10.4Dy2.6Fe70.88Co10.12B6,688.0,643.7074095005896
Y1Fe1.5Co10.5B6,124.0,146.97232795178115
HoFeCo11B6,126.0,178.2947373803431
YFeCo11B6,138.5,154.78287343466943
Ho1Fe0.5Co11.5B6,138.0,171.4915075352409
Y1Fe0.5Co11.5B6,151.0,156.42931833654856
La1Fe0.2Co11.8B6,161.0,173.9527256519123
Dy(Co2B)6,165.0,181.35833234285045
Gd(Co2B)6,165.5,184.68169822060125
Ho(Co2B)6,147.0,179.2420432524769
La(Co2B)6,160.0,171.24216611490576
Nd(Co2B)6,167.0,174.9390497180089
Pr(Co2B)6,167.0,174.95673983623777
Sm(Co2B)6,172.0,179.81113259108275
Y(Co2B)6,153.33333333333334,186.90614200705835
Nd13.7Zr0.1Fe63.5Co16.7B6,758.15,711.1456433252035
Pr13.7Zr0.1Fe63.5Co16.7B6,737.15,682.821155460975
Nd6Fe31Co10B3,780.0,714.4080270276481
Co21(SnB3)2,425.0,603.8895680702274
Co23B6,873.15,719.8454518262215
Fe55Co25(B3P7)2,748.0,708.8008722146199
Fe24Co16B3P7,720.0,734.6082716485338
Nd3DyFe41Co2B3,573.15,553.9851500749967
Tb0.5Nd11.9Dy2Nb1.5Ga0.4Fe72.4Co5Cu0.3B6,633.15,594.3465651397474
Nd8Nb3Fe77Co5CuB6,633.15,567.0922653537277
Nd13.34Ga0.42Fe74.74Co5.5B6,640.0,603.7990030648969
Co71B6Mo9P14,317.0,545.0808929092697
YFe4(Co4B3)2,54.0,187.04389224705469
Y1Fe3.5Co8.5B6,60.0,139.69620983596158
YFe3(Co3B2)3,73.0,138.04123493977164
Y1Fe2.5Co9.5B6,92.0,150.1881836996836
Nb3Fe73.5Cu1Si15.5B6P1,300.0,534.1218174843763
Nb3Fe73.5Cu1Si16.5B6,613.15,585.9802513752277
Pr12GaFe80CuB6,565.15,573.7914420361997
Pr11.25Ga1Fe80.75Cu1B6,565.15,577.1005235864267
Hf7Fe86CuB6,1043.15,461.63717354288787
Zr7Fe86CuB6,325.0,437.377567297496
Zr6Fe87CuB6,291.6666666666667,454.39535123011717
EuB6,13.125,63.04753650306187
Pr0.2Nd0.8Hf0.5Fe1B6,580.0,296.9495184965432
La0.9Nd0.1Fe12B6,58.0,455.35130058800485
Nd(Fe2B)6,230.0,482.1924747278
Gd5(FeB3)2,57.0,224.84489683241887
Nd5(FeB3)2,51.0,180.12179370232252
Fe23B6,698.0,680.7172210788307
Nb23Fe23B6,900.0,405.8890361506793
Fe15Ni25B3P7,434.0,516.478523364337
Fe20Ni20B3P7,527.1428571428572,551.6081295569269
Fe25Ni15B3P7,593.0,596.4776222266157
Nd5Fe28B3W14,588.0,453.7761713762526
Fe30Ni10B3P7,619.0,616.463464380994
Nd5Fe37B3,553.15,569.6346253131497
NdFe37B3,500.65,545.2605040679031
Nd10Fe37B3,587.15,565.7274489184256
Nd3Fe37B3,538.15,478.27800002315183
Pr10V8Fe76B6N0.03,732.15,565.7887290397932
Nd5V4Fe38B3,608.15,571.0640642418764
Pr5V4Fe38B3,593.15,579.8301293165221
La0.6Nd0.4Fe78B6,560.0,539.3293703763151
La0.7Nd0.3Fe78B6,537.0,536.8873623217826
La0.8Nd0.2Fe78B6,539.0,547.925486718497
Pr3.5Nd10.5Zr2Fe78B6,567.15,578.3095237112021
Pr3.5Nd10.5Zr1Fe79B6,579.15,565.3262880606724
Nd15Fe79B6,643.15,567.8774811546904
Nd13.5Ta0.6Fe79.9B6,581.0,577.2536019157155
Nd13Hf(Fe40B3)2,579.0,565.2176244890472
Lu7Fe40B3,516.0,479.9024509806876
Nd13Hf0.75Fe80.25B6,580.0,572.5104744330895
Nd13Hf0.5Fe80.5B6,580.0,572.6627726037897
Nd12Nb1.5Fe80.5B6,577.15,559.6235370661689
Nd13.5Fe80.5B6,580.0,568.6154829156807
Nd13Hf0.25Fe80.75B6,581.0,570.2795556969861
Gd13(Fe27B2)3,609.0,558.3639237272297
La0.5Nd0.5Fe81B6,561.0,547.2517289972413
La6.5Nd6.5Fe81B6,561.0,541.25879778633
Nd13(Fe27B2)3,588.3333333333334,568.3328411031105
Ho6Fe41B3,546.0,542.7100584968967
Lu6Fe41B3,516.0,494.2509742921175
Zr5MnFe41B3,295.0,379.72924894922465
Pr0.25Nd0.75Fe82B6,580.15,570.6165385548607
Nd6Fe41B3,585.15,571.2044317970465
NdFe41B3,583.15,525.0801024390865
Nd10InFe83B6,593.15,572.2091354863186
Nd9Mn2Fe83B6,564.15,525.3978786413377
Nd9Mn(Fe14B)6,576.15,543.7380553944486
Nd5(Fe14B)3,589.4333333333334,558.0450995733034
Nd9Mn0.5Fe84.5B6,581.15,535.3884752101707
Pr5.1Nd3.4Zr0.5Nb0.5Fe84.5B6,583.15,538.8178371358537
Tb1Pr7Nb1.5Fe84.5B6,583.15,522.9661062725845
Nd9Fe85B6,586.15,546.9820948621004
Pr8VFe85B6,618.15,548.5839765141253
Pr5.1Nd3.4Fe85.5B6,583.15,548.7966674851912
Pr4Fe43B3,588.15,499.6254741984836
SrB6,800.0,544.3536819439817
YbB6,150.0,212.44591248677017
Nb3Fe76.1Cu1Si13.8B6.1,620.0,608.6739800560404
Nd8.5Zr2.7Ga0.6Fe77Co5B6.2,595.15,599.1098132306565
Nd11.7Fe82.1B6.2,585.0,568.4827106332633
Nd14.36Ga0.18Fe74.2Co4.9B6.36,587.15,603.9516958493108
Nd14.36Ga0.18Fe79.1B6.36,587.15,586.9617562461708
Nd14.2Fe79.4Cu0.1B6.3,598.15,578.5736251447311
Tb0.2Nd14.6Ti1.24Fe77.56B6.4C1,583.15,573.6489598658084
Nb2.9Fe73.5Cu1.1Si16.1B6.4,623.15,586.141249998132
Nd12.6Zr0.1Ga0.3Fe63.1Co17.4B6.5,768.15,714.7551049673585
Nd9.5Zr3Fe76Co5B6.5,608.15,590.0991185066025
Nd9.5Fe79Co5B6.5,637.15,609.4612288948949
Nd14Fe79.5B6.5,583.0,574.4006600744616
Nd9.5Fe84B6.5,581.15,560.3820930999789
Ce13.4Fe80B6.6,424.15,433.7856870189793
Ta11.1Fe50.5Co23.1B6.7O8.6,600.0,687.3730474255534
Nd11.5Fe71.5Co4.8Ni1.6B6.7,641.15,614.4818631904645
Ce13.2Fe76.8Co3.1B6.9,500.15,451.9757384042046
Nd11.9Fe73.9Co3.3Ni1.1B6.9,624.15,601.1157864907283
Gd50Fe212.5Co3462.5Si650B675,170.0,586.2875933556559
Ni3B7BrO13,30.0,93.27624631462386
Mn18Fe62B7P10C3,222.0,308.3776863013785
Mn16Fe64B7P10C3,266.0,320.7371108163145
Mn15Fe65B7P10C3,292.0,344.9548691683085
Mn14Fe66B7P10C3,319.0,347.67814199462
Mn13Fe67B7P10C3,339.0,348.2516535016557
Fe78SiB7MoP10C3,593.0,572.5058052516255
Fe71Si3B7Mo5(PC)7,553.0,534.7594408807713
Fe72Si3B7Mo4(PC)7,573.0,549.0585903424375
Fe73Si3B7Mo3(PC)7,583.0,564.0576835970525
Fe74Si3B7Mo2(PC)7,591.0,573.4136864884414
Fe75Si3B7Mo(PC)7,632.0,580.7583176948858
Fe76Si3B7(PC)7,665.0,622.016823857098
Ce13.5Fe67.5Co12B7,403.0,497.96351674045206
Ce13.5Fe76.5Co3B7,307.0,444.9553478604565
Ce13.5Fe73.5Co6B7,345.0,456.1853620448043
Ce13.5Fe70.5Co9B7,373.0,478.4666333701249
Ce13.5Fe79.5B7,270.0,434.5360832696199
Nb1Fe3.5Co69.5Si16B7Mo3,498.15,606.4416239061528
Nd15Co78B7,1000.0,748.8794972763634
Pr6Ti1.5Nb1Fe76.5Co8B7,671.15,567.5491483480081
Nb2Fe72.5Cu1Si15.5B7Mo2,732.075,583.304452162786
Nb3Fe73.5Cu1Ge15.5B7,664.0,576.6473466280398
Nb3Fe73.5Cu1Si15.5B7,300.0,605.5667240798032
Nb3Fe73.5Cu1Si15B7,593.15,610.0246036077646
Nb3Fe73.5Cu1Si15.5B7,680.3625000000001,605.5667240798032
Nb2Fe76CuSi13B7P,605.15,577.0144538171893
Nd10V7Fe76B7,528.15,571.3670076393041
Nd15Fe78B7,586.0,571.3275959867319
Pr9Ti2.5Fe81.5B7,549.0,556.4640829009192
Ni3B7IO13,62.0,91.43633440314966
Mn68Si25B7,300.0,352.3657100002225
Nd14.36Fe68.21Co10Cu0.25B7.18,693.15,631.6117837802299
Nd12.3Fe76.3Co2Ni0.6B7.1,608.15,588.3688711483153
Nd14.84Fe70.49Co7Cu0.25B7.42,659.15,617.7406504397053
Nd12.8Fe79.8B7.4,583.15,574.8008186831368
Nd11V1.5Cr1Fe71Co8B7.5,642.15,629.0581000774537
Nd11V1.5Fe72Co8B7.5,653.15,630.5512770755789
Nd13Dy2Fe77.5B7.5,625.65,582.2750394534876
Nd15.15Fe72Co5Cu0.25B7.6,639.15,607.3484548161838
Nd15.4Fe73.15Co3.5Cu0.25B7.7,629.15,594.5235425879819
Ce13.2Fe71.6Co6.3Cu1.1B7.8,591.15,459.5941167076115
Cr2Fe82Si3B8P4C,549.05,570.0352696898815
Tm2Cr15Fe42Co6B8Mo14C13,20.0,38.95826291289119
Nd8Fe37B4C,575.15,579.4163874633668
Ce13Fe79B8,425.15,444.9926804814948
Nd12Dy3Fe67(Co5B4)2,585.0,622.4130504518062
Nd9Dy6Fe67(Co5B4)2,585.0,617.9789965949625
Nd6Dy9Fe67(Co5B4)2,585.0,632.0365816965473
Nd15Fe67(Co5B4)2,585.0,645.3061312958156
Nb7Fe42Co42Cu0.5Ni0.5B8,1250.0,1104.5046913334531
Nb6Fe42Co42CuNiB8,1223.0,1144.8143525882565
Nb6Fe42.5Co42.5Cu0.5Ni0.5B8,1228.0,1126.2942816544496
Fe83.3Cu0.7Si4B8P4,625.0,620.7446645405652
Fe84.3Cu0.7Si4B8P3,1043.15,604.88961000616
V4Fe72CuSi15B8,757.5,586.6614599284719
Mn2Nb2Fe74CuSi13B8,873.15,570.5351844777849
Nb1.5Fe76Cu1Si13B8Mo0.5,611.15,613.7160743582722
Nb2Fe76CuSi13B8,613.15,624.5113038557218
Fe76CuSi7Ni4(B2P)4,624.65,641.697531582364
Fe77CuSi7Ni3(B2P)4,624.65,633.2916705214863
Fe78CuSi7Ni2(B2P)4,624.65,636.4739223362924
Fe79CuSi7Ni(B2P)4,624.65,636.7876053548817
Fe80CuSi7(B2P)4,624.65,633.6446035757026
Fe84Cu1Si1.5B8Mo2P3.5,488.0,570.333733623427
Zr3.5Nb3.5Fe84Cu1B8,373.15,419.2458356572389
Fe85Cu1Si1.5B8Mo1P3.5,548.0,556.7552444480693
Fe41B8P10Pd41,603.15,604.9898110588513
Fe41Si6B8P4Pd41,667.15,562.8813844091387
Pr30Fe62B8N0.03,560.0,541.9278000033771
Nd16Fe65B8Ru11,545.15,571.8439736761013
Pr25Fe67B8N0.03,557.0,550.8422599731347
Nd8Fe35B4Ru3,547.15,580.8345783431863
Pr20Fe72B8N0.03,589.0,553.8895109375518
Pr10V6Fe76B8N0.03,663.65,573.4677720563742
Nd5V3(Fe19B2)2,585.15,566.831064521267
Nd4Fe19B2,585.15,553.610799255965
Pr5V3(Fe19B2)2,574.15,578.7538510205693
Nd15Fe77B8,587.575,574.4147587815447
Nd5Fe41B4,573.15,570.7905632122197
Zr5Fe41B4,350.0,402.28293259978057
Fe85Si4B8P3,565.0,679.9274564212167
Gd5(SiB4)2,70.0,167.78045081769193
Ti8Mn3(B4Ru9)2,120.0,310.5864031206485
Er16.67Co75B8.33,754.0,662.7913694077413
Fe76Si9.6B8.4P6,691.0,650.429492537568
Pr9Ti4Fe66Co10B8.5C2.5,654.15,618.8521130393813
Mn0.4Cr1.8Fe69Si2.3B8.5Mo1P11.5C5.5,552.0,506.87183355120897
Nb2.4Fe75.5Cu0.6Si13B8.5,643.15,610.6687360410986
Fe84Si4.5B8.5P3,581.0,661.2785601553559
Pr0.7Nd7.5Zr2.6Ti2.5Fe75Co2.5B8.8,613.15,581.049928078534
Fe85Cu0.5Si1.4B9P4C0.1,569.15,607.8522731563357
Fe84.75Cu0.75Si2B9P3C0.5,566.15,613.1182563855702
NbFe82Si3B9P4C,566.25,579.8887650601039
Fe75Si12B9C4,686.15,649.0511374900609
Nb3Fe0.6Co1Cu1Si13.5B9,623.15,414.70302407803626
Nb7Fe67Co17B9,593.15,626.7120755106741
Nb7Fe59Co25B9,624.15,714.4903110069439
Nb3Fe34.25Co34.25Cu1Si13.5Ni5B9,673.15,701.1728853735152
Fe36.75Co36.75Cu1Si13.5B9Mo3,728.15,721.2638797402179
Nb3Fe36.75Co36.75Cu1Si13.5B9,791.4,706.3126042057155
Nb3Fe29.4Co44.1Cu1Si13.5B9,773.15,715.2310858795739
Nb3Fe22.05Co51.45Cu1Si13.5B9,773.15,711.5097725077931
Nb3Fe14.7Co58.8Cu1Si13.5B9,773.15,691.0465863668984
Fe72Co6Si4B9MoP8,839.0,600.868108021408
Nb3Fe7.35Co66.15Cu1Si13.5B9,773.15,615.9471953570862
Cr2.8Fe3.2Co68Si17B9,393.0,512.5958775156896
Ti5Fe4Co70Si10Ni2B9,534.15,586.5764186587946
Zr5Fe4Co70Si10Ni2B9,560.15,564.9150849915432
Fe4Co70Si15Ni2B9,436.15,622.6129346560682
Mn4FeCo72Si13B9Mo,638.15,603.2306105776097
Mn3FeCo73Si13B9Mo,687.0,626.2757653416475
Nb3Co73.5Cu1Si13.5B9,773.15,615.0703998820092
Nb3Cr10Fe63.5Cu1Si13.5B9,330.0,391.8918147385193
Nb3Cr14Fe60CuSi13B9,226.0,354.43151016264665
Nb3Cr17Fe57CuSi13B9,156.0,335.99262200880617
Nb3Cr3Fe70.5Cu1Si13.5B9,540.0,553.9578728938908
Nb3Cr7Fe66.5Cu1Si13.5B9,293.3333333333333,481.53001775182355
Fe85Cu0.5Si1.5B9P4,576.15,596.5941617974752
Nb2Fe60Cu1Si14Ni12.5B9Mo1.5,560.0,566.0933389429499
Nb3Fe62CuSi25B9,539.15,508.0975757654748
Nb2Fe64Cu1Si14Ni8.5B9Mo1.5,565.0,583.9647520458776
Nb3Fe67CuSi20B9,576.15,537.5671401348317
Mn5Nb3Fe68.5Cu1Si13.5B9,508.15,483.8431629307314
Nb2Fe68.5Cu1Si14Ni4B9Mo1.5,580.0,593.4702316432504
Nb3Fe68.5Cu1Si13.5B9Mo5,469.0,540.1352587355315
Nb3Fe69Cu(Si2B)9,576.15,564.7303334909419
Y1.5Nb3Fe72Cu1Si13.5B9,593.15,565.0845952648269
Mn1Nb3Fe72.5Cu1Si13.5B9,580.15,593.7363704460537
Nb2Fe72.5Cu1Si14B9Mo1.5,615.0,589.1617278056355
Y1Nb3Fe72.5Cu1Si13.5B9,593.15,561.621604644823
Y0.5Nb3Fe73Cu1Si13.5B9,593.15,573.0606137352913
Nb1.5Fe73.5Cu1Si13.5B9Mo1.5,592.0,596.558151217646
Nb1Fe73.5Cu1Si13.5B9Mo2,590.0,597.0364053640167
Fe73.5Cu1Si13.5B9Mo3,599.0500000000001,592.3934955999584
Nb3Fe73.5Cu1Si13.5B9,655.0250000000001,598.0702444380257
Nb3Fe74CuSi13B9,576.15,587.005835682079
Nb3Fe76CuSi11B9,576.15,611.8224898845539
NbFe83CuSi2B9P4,592.15,580.3928902933753
Nb3Fe83CuSi4B9,887.9,539.6289911911595
Nb3Fe73.5Si13.5B9Pd1,585.0,596.4771261043086
Nb3Fe73.5Si13.5B9Pt1,590.0,588.6820856938459
Nb4Fe74Si13B9,568.0,588.487791083967
Nb2Fe76Si13B9,635.0,609.0393200586452
Fe78Si13B9,664.0,680.2741511481888
Fe83Si5(B3P)3,609.0,643.6944113789248
Nb3.1Fe71.8Cu1Si15B9.1,585.0,592.4049741055182
Nb3.1Fe73.8Cu1Si13B9.1,572.45,599.1460596876988
Nb3.1Fe78.1Cu1Si15B9.1,586.0,587.6887846328925
Fe76Si5.7B9.5P5C3.8,665.0,622.5566006801781
Fe40Si9.5Ni40B9.5Mo1,533.15,574.3881981835038
Nd16Fe72B9.6C2.4,574.15,573.1725906359864
Cr2.3Fe73.95Si11.4B9.95C2.4,649.0,613.0371852043124
Ba0.017Ca0.483La0.45Eu0.05Mn1O3,90.0,245.8067737244437
Ba0.01Sr0.32La0.22Sm0.45Mn1O3,178.0,159.33291600095868
Ba0.025Ca0.275La0.7Mn1O3,258.0,280.18919435309476
Ba0.02La0.98Mn1O3,177.0,224.26197414337494
Ba0.034Ca0.466La0.4Eu0.1Mn1O3,85.0,219.92895219616645
Ba0.03Sr0.3La0.22Sm0.45Mn1O3,163.0,170.8249866265256
Ba0.04La0.96Mn1O3,180.0,225.88886508365727
Ba0.05Sr0.08Ca0.07La0.7Mn1Bi0.1O3,290.0,284.7480348314826
Ba0.05Sr0.08Ca0.07La0.5Mn1Bi0.3O3,140.0,262.0866610162211
Ba0.05Sr0.08Ca0.07La0.8Mn1O3,315.0,280.8390059196818
Ba0.05Ca0.15La0.8Mn1O3,219.0,275.3325599784851
Ba0.05Ca0.25La0.7Mn1O3,262.5,285.3123128131704
Ba0.05La1.95Cu1Sn1O6,174.0,158.79920161020277
Ba0.05La0.95Ti0.05Mn0.95O3,150.0,219.80652426685518
Ba0.05La0.9Mn1O3,230.0,241.03018414677535
Ba0.05Sr0.45Pr0.5Mn1O3,250.0,240.39966707885588
Ba0.05Pb0.95,263.0,170.99147472602857
Ba0.06Sr0.27La0.22Sm0.45Mn1O3,142.0,159.00883219342603
Ba0.075Ca0.225La0.7Mn1O3,268.0,289.023571954282
Ba0.08La0.92Mn1O3,200.0,234.3882054734096
Ba0.09Sr0.24La0.22Sm0.45Mn1O3,125.0,171.40675138127995
Ba0.11Sr0.11Ca0.11Nd0.67Mn1O3,120.0,168.57982502429508
Ba0.11Sr0.22La0.67Mn0.9Fe0.1O3,268.0,230.47306663417788
Ba0.11Sr0.22La0.67Mn0.8Fe0.2O3,94.0,159.30032743355156
Ba0.11Sr0.22La0.67Mn1O3,360.0,304.5875579440917
Ba0.12Ca0.18La0.7Mn1O3,298.0,295.15168790750005
Ba0.133Sr0.133Ca0.133Nd0.6Mn1O3,145.0,199.43791273800682
K0.2Ba0.13La0.67Mn1O3,316.0,304.41799339978877
Ba0.14La0.7Mn1Pb0.56O3.03,360.0,282.2809516850133
Ba0.15Fe1Bi0.85O3,1189.0,874.2716219038613
Ba0.15Ca0.05La0.8Mn1O3,268.0,288.82140278014344
Ba0.15Ca0.15Pr0.7Mn1O3,117.0,195.666609066838
Ba0.15Ca0.2La0.6Mn1O3,295.0,290.2906159382254
Ba0.15La0.7Co1Pb0.15O3,200.0,188.68050380342402
Ba0.15La1.85Cu1Sn1O6,142.0,161.08186777103185
Ba0.15Sr0.15La0.7Mn0.9Ga0.1O3,302.0,280.5395546191186
Ba0.15Sr0.15La0.7Mn0.8Ga0.2O3,300.0,235.52678897643275
Ba0.15Sr0.15La0.65Nd0.05Mn1O3,327.0,297.13406632222535
Ba0.15La0.65Mn1O3,288.0,279.36856096713336
Ba0.15Sr0.15La0.7Mn1O3,316.0,302.12165937049645
Ba0.15La0.85Mn1O3,230.66666666666663,267.3864946004701
Ba0.15Nd0.85Mn1O3,107.0,128.6598499817312
Ba0.16Sr0.14Pr0.7Mn1O3,202.0,180.41455071043046
Ba0.18La0.7Co1Pb0.12O3,200.0,189.22401600275307
Ba0.19Ca0.12La0.69Mn1O3,245.0,303.7673157532805
Ba0.1La0.85Mn1Bi0.05O3,219.0,255.8661079863042
Ba0.1Sr0.1Pr0.75Ti0.04Mn0.96Bi0.05O3,186.5,151.5245132252249
Ba0.1La0.8Mn1Bi0.1O3,233.0,275.12350980377596
Ba0.1Er0.1Cr0.02Fe0.96Co0.02Bi0.8O3,574.0,816.1656277759657
Ba0.1Ti0.1Fe0.9Bi0.9O3,255.0,778.352455754736
Ba0.1Ca0.1La0.8Mn0.95Co0.05O3,221.0,266.3880278912541
Ba0.1Ca0.1La0.8Mn0.85Co0.15O3,184.0,199.3632716843826
Ba0.1Ca0.1La0.8Mn0.9Co0.1O3,214.0,229.63328873105036
Ba0.1Ca0.1La0.8Mn0.8Co0.2O3,174.0,198.4741661982108
Ba0.1Ca0.1La0.8Mn0.97Fe0.03O3,281.0,269.8819210605763
Ba0.1Sr0.1Ca0.1La0.7Mn1O3,323.0,298.86357033878585
Ba0.1Ca0.1La0.8Mn1O3,272.0,283.66029386788597
Ba0.1Ca0.22La0.68Mn1O3,225.0,292.7170159748656
Ba0.1Ca0.2La0.7Mn0.9Ru0.1O3,190.0,269.98902904143455
Ba0.1Ca0.2La0.7Mn1O3,272.22222222222223,292.61970773506295
Ba0.1Ca0.3La0.6Co1O3,220.0,195.40048945009627
Ba0.1Gd0.9Co1O3,270.0,131.91090991477097
Ba0.1La0.9Mn0.99Cr0.01O3,225.0,233.13787412005797
Ba0.1La0.9Mn0.9Cr0.1O3,216.0,233.68565333742956
Ba0.1La1.9Cu1Sn1O6,154.0,160.40418002386278
Ba0.1Eu0.9Ti1O3,5.6,78.40094816862232
Ba0.1Sr1.85Gd0.05Fe1Mo1O6,357.0,395.8594790440302
K0.15Ba0.1La0.75Mn1O3,288.0,299.1877653191865
Ba0.1Sr0.4La0.5Mn1O3,305.0,295.82247166683476
Ba0.1Sr0.2La0.65Nd0.05Mn1O3,335.0,297.6906203339919
Ba0.1Sr0.2La0.6Mn1O3,342.0,293.11922401665174
Ba0.1Sr0.3La0.6Mn1O3,358.0,303.3855071143245
Ba0.1Na0.15La0.75Mn1O3,233.0,284.92065450453975
Ba0.1La0.7Mn1Pb0.9O3.03,360.0,270.8085390769895
Ba0.1La0.85Mn1O3,230.0,254.67737608683402
Ba0.1La0.9Mn0.95O3,230.0,235.01445278602154
Ba0.1La0.9Ti0.1Mn0.9O3,150.0,215.68767402885317
Ba0.1La0.9Mn1O3,222.5,238.7108384479042
Ba0.1La0.9Mn1O3.03,238.333333333333,242.64768242635927
Ba0.21La0.7Co1Pb0.09O3,200.0,194.36160129934584
Ba0.22Sr0.11Pr0.67Mn0.95Fe0.05O3,134.0,148.8693427567703
Ba0.22Sr0.11Pr0.67Mn0.85Fe0.15O3,56.0,131.84306132744885
Ba0.22Sr0.11La0.67Mn0.9Fe0.1O3,190.0,229.3465816528447
Ba0.22Sr0.11Pr0.67Mn0.9Fe0.1O3,74.0,130.87040673808582
Ba0.22Sr0.11La0.67Mn0.8Fe0.2O3,130.0,161.3808700342788
Ba0.22Sr0.11La0.67Mn0.7Fe0.3O3,80.0,141.6842939847553
Ba0.22La0.5Mn1,195.0,271.9066603844736
Ba0.22Sr0.11La0.67Ti0.1Mn0.9O3,267.0,242.47630344498856
Ba0.22Sr0.11La0.67Mn1O3,344.5,304.57858117915754
Ba0.22Sr0.11Pr0.67Mn1O3,216.0,193.82729829290372
Ba0.23Ca0.1La0.52Y0.15Mn1O3,289.0,294.71414256609967
Ba0.23Ca0.1La0.57Y0.1Mn1O3,300.0,295.3236610294673
Ba0.23Ca0.1La0.62Y0.05Mn1O3,321.0,301.48916984729993
Ba0.23Ca0.1La0.67Mn1O3,325.0,302.428565404939
K0.1Ba0.23La0.67Mn1O3,335.0,304.6072830612966
Ba0.23La0.67Mn1O3,320.0,296.7216809390187
Rb0.1Ba0.23La0.67Mn1O3,296.0,301.37235801184653
Ba0.23Nd0.77Mn1O3,124.0,135.42750395266592
Ba0.23Sr0.07Nd0.7Mn1O3,100.0,157.43961075989677
Ba0.24Ca0.06La0.7Mn1O3,320.0,305.2198214758298
Ba0.24La0.7Co1Pb0.06O3,200.0,192.28580907107983
Ba0.25Ti0.25Fe0.75Bi0.75O3,257.0,382.15038906655303
Ba0.25La0.75Co1O3,200.0,196.90349093765377
Ba0.25La0.7Y0.05Mn0.85Cr0.15O3,258.0,276.29155390628915
Ba0.25La0.65Mn1O3,332.0,297.3672318866177
Ba0.25La0.75Mn1O3,311.5,297.102836417169
Ba0.25La0.7Nd0.05Mn0.95Zn0.05O3,260.0,293.96366981541496
Ba0.25La0.7Nd0.05Mn0.97Zn0.03O3,285.0,289.47546051622624
Ba0.25La0.7Nd0.05Mn1O3,293.0,292.7917066307819
Ba0.25La0.7Y0.05Mn1O3,310.0,293.108329043737
Ba0.25Pr0.7Mn1O3,151.0,172.16960853148018
Ba0.25Pr0.75Mn1O3,156.0,169.70492102225575
Ba0.27La0.7Co1Pb0.03O3,200.0,195.5940277473418
Ba0.288La0.672Ti0.08Mn0.96O2.88,348.0,271.60409895811097
K0.05Ba0.28La0.67Mn1O3,344.0,302.05902545291167
Ba0.28La0.67Mn1O3,336.0,306.04054571677483
Rb0.05Ba0.28La0.67Mn1O3,310.0,304.54365970627504
Ba0.28La0.7Mn1Pb0.42O3.03,360.0,287.45735014406455
Ba0.2Ti0.2Fe0.8Bi0.8O3,271.0,494.94736470460134
Ba0.2Ca0.13La0.57Nd0.1Mn1O3,280.0,297.6707709775267
Ba0.2Ca0.13La0.61Nd0.06Mn1O3,296.0,301.1713053941766
Ba0.2Ca0.13La0.65Nd0.02Mn1O3,308.0,300.4863462750737
Ba0.2Ca0.15La0.6Mn1O3,202.0,301.68910946110105
Ba0.2Ca0.1La0.7Mn0.9Ru0.1O3,240.0,273.31587254899506
Ba0.2Ca0.1La0.7Mn0.9Sn0.1O3,290.0,274.4115518002561
Ba0.2Ca0.1La0.7Mn1O3,310.0,303.4696900830811
Ba0.2Ca0.2La0.6Mn1O3,302.0,303.4332829350235
Ba0.2Ca1.4La1.4Mn2O7,144.0,214.73812488459424
Ba0.2La0.8Co1O3,185.0,187.5498549132515
Ba0.2La1.8Cu1Sn1O6,136.0,165.33592709040377
Ba0.2La0.5Eu0.2Mn1O3,236.0,233.88471110267895
Ba0.2La0.8Mn0.95Fe0.05O3,233.0,266.64238046905405
Ba0.2La0.8Mn0.85Fe0.15O3,157.5,187.28576692329787
Ba0.2La0.8Mn0.9Fe0.1O3,193.0,216.3974654284994
Ba0.2La0.8Mn0.8Fe0.2O3,125.0,166.59969947574402
Ba0.2Sr1.7Gd0.1Fe1Mo1O6,357.0,395.87442691005594
Ba0.2Sr0.1La0.65Nd0.05Mn1O3,319.0,302.079884075436
Ba0.2Sr0.2La0.6Mn1O3,354.0,303.14631038021906
Ba0.2La0.7Nd0.1Mn1O3,257.0,286.16528530202805
Ba0.2La0.8Mn1O3,260.3333333333333,293.2702835051319
Ba0.2La0.8Mn1O3.03,291.666666666667,287.64682466592075
Ba0.2Sr0.3Pr0.5Mn1O3,180.0,242.46885194120048
Ba0.2Pr0.7Mn1O3,145.0,163.58638675492273
Ba0.32Sr1.28La1.4Mn2O7,139.0,160.52515410356997
Ba0.33Nd0.67Mn0.9Co0.1O3,137.0,130.9664770134568
Ba0.33La0.67Mn0.9Cr0.1O3,324.0,293.20140093419036
Ba0.33Nd0.67Mn0.9Cr0.1O3,163.0,136.8619807602708
Ba0.33Nd0.67Mn0.9Cu0.1O3,112.03,159.40135261653901
Ba0.33La0.62Er0.05Mn0.95Fe0.05O3,256.53,276.4363538817174
Ba0.33La0.62Er0.05Mn1O3,275.0,296.2468764170385
Ba0.33La0.62Er0.05Mn0.85Fe0.15O3,180.0,189.40355462597674
Ba0.33La0.62Er0.05Mn0.9Fe0.1O3,260.0,229.39396187269082
Ba0.33Nd0.67Mn0.98Fe0.02O3,133.0,129.38328534206258
Ba0.33La0.67Mn0.95Fe0.05O3,271.0,262.47000317945333
Ba0.33Nd0.67Mn0.95Fe0.05O3,61.0,129.63458916187233
Ba0.33Pr0.67Mn0.95Fe0.05O3,128.0,159.95753377278172
Ba0.33Nd0.67Mn0.93Fe0.07O3,50.0,102.00778863695528
Ba0.33Nd0.67Mn0.9Fe0.1O3,48.435,119.97052826047572
Ba0.33La0.33Nd0.33Mn1O3,246.0,240.51809208868002
Ba0.33La0.62Nd0.05Mn1O3,270.0,299.55962822172444
Ba0.33La0.67Mn0.85Sn0.15O3,288.0,236.26739485231997
Ba0.33La0.67Mn0.92O3,216.0,296.1402626956852
Ba0.33La0.67Mn0.93Sb0.07O3,296.0,289.45391483831344
Ba0.33La0.67Mn0.95Sn0.05O3,340.0,294.06136768616915
Ba0.33La0.67Mn0.96O3,330.0,302.88740203740826
Ba0.33La0.67Mn0.97Sb0.03O3,316.0,296.73048823965934
Ba0.33La0.67Ti0.02Mn0.98O3,312.235,295.398421224188
Ba0.33La0.67Mn0.99Sb0.01O3,326.0,303.64705740115926
Ba0.33La0.67Mn0.9Sn0.1O3,325.0,274.8317937664948
Ba0.33La0.67Mn1O2.9,268.0,301.5922377436615
Ba0.33La0.67Mn1O2.92,275.0,304.98392690545603
Ba0.33La0.67Mn1O2.98,312.0,306.2787547318937
Ba0.33La0.67Mn1O3,328.26666666666665,306.5463685653093
Ba0.33La0.67Zr1Mn1O3,290.0,229.97251912920555
Ba0.33Sr1La0.67Ti1Mn1O6,300.0,198.88385046740956
Ba0.33Nd0.67Mn0.9Ni0.1O3,147.0,132.29682662858093
Ba0.33Nd0.67Mn1O3,131.38444444444443,156.5638377788958
Ba0.33Pr0.67Mn1O3,186.33333333333337,199.13373526964313
Ba0.34La0.66Mn1O3,340.0,303.53946740352933
Ba0.34Nd0.66Mn1O3,150.0,161.69880265974996
Ba0.35Ca0.05La0.6Co1O3,232.0,196.3019801241936
Ba0.35La0.65Mn0.95Fe0.05O3,207.0,283.08554093701247
Ba0.35La0.65Mn1O3,317.5,308.5333797578907
Ba0.36Pr0.64Mn1O3,196.0,209.57440196431438
Ba0.38La0.62Mn1O3,340.0,306.6880471258373
Ba0.39La0.94Mn1,185.0,236.82771773482747
Ba0.3Ti0.3Fe0.7Bi0.7O3,267.0,284.65767443886335
Ba0.3Ca0.1La0.6Co1O3,228.0,199.92172800930422
Ba0.3La0.7Co1O3,193.0,198.76674199499053
Ba0.3La0.65Nd0.05Mn0.95Cr0.05O3,315.0,292.2024496859167
Ba0.3La0.65Nd0.05Mn0.85Cr0.15O3,275.0,275.9885077037953
Ba0.3La0.65Nd0.05Mn0.9Cr0.1O3,300.0,285.223899230101
Ba0.3La0.65Eu0.05Mn1O3,324.0,303.69467244183596
Ba0.3La0.55Eu0.15Mn1O3,298.0,280.10351277874145
Ba0.3La0.6Eu0.1Mn1O3,312.0,296.64815872959383
Ba0.3La0.7Mn0.92Fe0.08O3,253.0,239.84337555526884
Ba0.3La0.7Mn0.87Fe0.13O3,208.0,210.1027316538631
Ba0.3La0.7Mn0.85Fe0.15O3,183.0,184.1836820735575
Ba0.3La0.7Mn0.82Fe0.18O3,150.0,176.50064463375122
Ba0.3La0.6Y0.1Mn0.9Fe0.1O3,121.0,230.34865021028114
Ba0.3La0.7Mn0.9Fe0.1O3,212.0,230.63904464748856
Ba0.3La0.5Y0.2Mn0.8Fe0.2O3,147.0,168.13521699309433
Ba0.3La0.7Mn0.8Fe0.2O3,154.0,149.28819525001208
Ba0.3La0.4Y0.3Mn0.7Fe0.3O3,140.5,172.16882130263784
K0.05Ba0.3La0.65Mn1O3,290.0,307.1602577195005
Ba0.3La0.5Pr0.2Mn1O3,295.0,278.39225018365704
Ba0.3La0.5Sm0.2Mn1O3,225.0,264.3663838408256
Ba0.3Na0.05La0.65Mn1O3,310.0,302.9086161411042
Ba0.3La0.65Nd0.05Mn1O3,306.0,297.01916340799187
Ba0.3La0.65Mn1O3,345.0,304.9745812859013
Ba0.3La0.6Pr0.1Mn0.7Ni0.3O3,131.0,188.44567123906117
Ba0.3La0.6Pr0.1Mn0.9Ni0.1O3,162.0,254.70970188824765
Ba0.3La0.6Pr0.1Mn1O3,267.5,303.392733172848
Ba0.3La0.6Sm0.1Mn1O3,290.0,293.02726183434476
Ba0.3La0.7Ti0.3Mn0.7O3,34.64,180.1203615409005
Ba0.3La0.7Ti0.2Mn0.8O3,96.03,198.21875078190934
Ba0.3La0.7Ti0.05Mn0.95O3,246.94,278.0398206207406
Ba0.3La0.7Ti0.02Mn0.98O3,301.11,298.5737990820542
Ba0.3La0.7Ti0.1Mn0.9O3,170.01,265.76588987382485
Ba0.3La0.7Mn1O3,324.48,307.17546451574196
Ba0.3La0.7Mn1Pb0.7O3.03,360.0,275.5865414670748
Ba0.3La0.7Ti0.06Mn1O3,348.0,291.9973507965485
Ba0.3Nd0.7Ti0.25Mn0.75O3,42.0,122.03947318393631
Ba0.3Nd0.7Ti0.15Mn0.85O3,50.0,123.84574955596392
Ba0.3Nd0.7Ti0.05Mn0.95O3,100.0,124.04042743127957
Ba0.3Pr0.47Mn1O3,191.0,236.57245808442568
Ba0.3Pr0.7Mn1O3,168.33333333333334,183.61372305810124
Ba0.42Sr0.5Pr0.08Fe11.2Ni0.8O19,580.0,693.5986536472512
Ba0.44Sr0.5Pr0.06Fe11.4Ni0.6O19,595.0,691.7685588152452
Ba0.44La0.56Mn1O3,345.0,303.30310951008454
Ba0.45La0.55Mn1O3,350.0,301.48338809345563
Ba0.45Nd0.55Mn1O3,120.0,197.36500542669236
Ba0.46Sr0.5Pr0.04Fe11.6Ni0.4O19,620.0,705.2671710278311
Ba0.48Sr0.5Pr0.02Fe11.8Ni0.2O19,652.0,714.4167006070863
Ba0.49La0.7Mn1Pb0.21O3.03,360.0,293.2679298061014
Ba0.4Ti0.4Fe0.6Bi0.6O3,270.0,332.43247914438854
Ba0.4Ca0.03La0.57Co1O3,181.0,199.74072411713095
Ba0.4Ca0.04La0.56Co1O3,194.0,198.34499827825007
Ba0.4Ca0.05La0.55Co1O3,189.0,195.43198646678226
Ba0.4Ca0.075La0.525Co1O3,170.0,194.0381043383544
Ba0.4Ca0.15La0.45Co1O3,188.0,200.00939056037595
Ba0.4Ca0.1La0.5Co1O3,176.0,199.5915782517024
Ba0.4Ca1.2La1.4Mn2O7,163.0,211.64797827049716
Ba0.4La0.6Co1O3,213.5,195.93687888033304
Ba0.4Pr0.6Co1O2.94,155.0,182.466193200532
Ba0.4Sr1.4Gd0.2Fe1Mo1O6,357.0,397.2148860615051
Ba0.4Sr0.5Pr0.1Fe11Ni1O19,558.0,690.5967431684466
Ba0.4Sr1.6Zn2Fe12O12,400.0,488.63971880203184
Ba0.4La0.45Pr0.075Nd0.075Mn1O3,275.0,276.11830149508205
Ba0.4La0.6Mn1O3,322.5,304.9499530178842
Ba0.5Ca0.5Mg0.2Fe11.8O19,690.0,712.5332291809632
Ba0.5Ca0.5Mg0.1Fe11.9O19,709.0,717.8149029432595
Ba0.5Ca0.5Fe12O19,729.0,721.032588841373
Ba0.5Sr0.5Ce0.05Fe11.95O19,700.0,721.6796423039282
Ba0.5Sr0.5Ce0.15Fe11.85O19,655.0,709.0976642882044
Ba0.5Sr0.5Ce0.1Fe11.9O19,680.0,709.9802675615853
Ba0.5Sr0.5Ce0.2Fe11.8O19,625.0,711.4711431678492
Ba0.5Sr0.5Ce0.6Fe0.4O2,370.0,304.23604054063185
Ba0.5Sr0.5Ce1O3,370.12,140.70124128967643
Ba0.5Sr0.5Mg0.05Zn0.05Fe11.6Co0.2O19,848.15,717.7325750018185
Ba0.5Sr0.5Ti0.2Fe11.6Co0.2O19,851.15,723.2916459489556
Ba0.5Sr0.5Mg0.1Zn0.1Fe11.2Co0.4O19,733.15,718.9858388918553
Ba0.5Sr0.5Ti0.4Fe11.2Co0.4O19,828.15,730.7933689663837
Ba0.5Na0.25La0.25Ti1Mn0.5Fe10Co0.5O19,696.15,716.3496812773221
Ba0.5Sr0.5Ti0.6Fe10.8Co0.6O19,815.15,722.0378857294315
Ba0.5Sr0.5Ti0.8Fe10.4Co0.8O19,805.15,705.1856555108626
Ba0.5La0.5Cr0.1Co0.9O3,205.0,185.60855680508308
Ba0.5La0.5Co0.9Cu0.1O3,142.0,187.01237035081513
Ba0.5La0.5Co0.9Ni0.1O3,152.0,196.8209351787052
Ba0.5La0.5Ti0.1Co0.9O3,154.0,194.32609480622884
Ba0.5La0.5Zn0.1Co0.9O3,145.0,185.01565767834273
Ba0.5Sr0.5Ti1Fe10Co1O19,796.15,664.8754482368153
Ba0.5Gd0.5Co1O2.9,280.0,180.7763381113992
Ba0.5La0.5Co1O2.95,190.0,200.7694450907165
Ba0.5La0.5Co1O3,185.0,195.9583384285681
Ba0.5Nd0.5Co1O2.94,130.0,185.30916826640447
Ba0.5Nd0.5Co1O3,143.66666666666666,184.30361276357155
Ba0.5Sr0.5Pr1Co2O5.243,210.1,252.67243189793072
Ba0.5Sr1.5Fe1Mo1O6,413.0,392.5361759698002
Ba0.5Sr0.5Fe1O3,500.0,384.45349109797826
Ba0.5Sr1.5V1Fe1O6,722.0,690.4006023275614
Ba0.5Sr1.5Zn2Ga1Fe11O22,330.0,434.5694950552355
Ba0.5Sr1.5Zn2Ga0.8Fe11.2O22,346.0,386.20741702514533
Ba0.5Sr1.5Zn2Ga0.6Fe11.4O22,366.0,379.4189359932221
Ba0.5Sr1.5Zn2Ga0.4Fe11.6O22,382.0,384.8433295247732
Ba0.5Sr1.5Zn2Ga0.2Fe11.8O22,400.0,387.4396701641352
Ba0.5Mn0.5Fe12O19,606.0,700.4606923114
Ba0.5Sr0.5Fe12O19,754.075,720.5980031222705
Ba0.5La0.5Mn1O2.97,310.0,295.0470886077908
Ba0.5La0.5Mn1O3,284.0,294.32769741069535
Ba0.5La0.7Mn1Pb0.5O3.03,360.0,280.77177213848466
Ba0.5Pr0.5Mn1O3,172.5,219.87440969475102
Ba0.63La0.37Mn1O3,340.0,252.7187712310543
Ba0.6Ca1La1.4Mn2O7,185.0,179.86426442188915
Ba0.6Na0.2La0.2Ti1Mn0.5Fe10Co0.5O19,735.15,712.6856593413297
Ba0.6Sr2.4Fe24Co2O41,638.0,695.4016372767159
Ba0.6Sr1.4Fe1Mo1O6,410.0,389.63234111904734
Ba0.6Mn0.4Fe12O19,625.0,696.3178035379126
Ba0.6Sr1.4Zn2Fe12O22,361.5,371.76021016847585
Ba0.6La0.7Mn1Pb0.4O3.03,360.0,280.7003584548997
Ba0.75Sr0.25Ga1.3Fe12O20.95,618.0,648.11319280015
Ba0.75Sr0.25Fe12O19,713.0,726.0575368573567
Ba0.7Fe11.7Cu0.3Bi0.3O19,699.1,708.5795618153475
Ba0.7Ca0.3Pr1Mn2O6,105.0,223.4306082901037
Ba0.7La0.3Fe11.7Co0.3O19,775.15,720.262365804774
Ba0.7Na0.15La0.15Ti1Mn0.5Fe10Co0.5O19,743.15,715.5159424436906
Ba0.7Mn0.3Fe12O19,645.0,702.0955815221383
Ba0.7Zn0.15Fe9Ni0.15O14.5,746.15,721.326570765634
Ba0.84Sr1.16Fe1Mo1O6,399.0,382.48017330110395
Ba0.8Fe11.8Cu0.2Bi0.2O19,700.0,710.8649244885812
Ba0.8Ca0.2Pr1Mn2O6,155.4,199.37487206428767
Ba0.8Na0.1La0.1Ti1Mn0.5Fe10Co0.5O19,718.15,720.5650460796043
Ba0.8Mn0.2Fe12O19,667.0,714.7892709624869
Ba0.8Pr1.2Nd1.2Mn1O3,188.0,225.3432431245234
Ba0.92V0.08Fe11.92O19,996.15,878.3932053407451
Ba0.93Ti1Fe0.07O3,506.0,397.4394832307427
Ba0.94V0.06Fe11.94O19,996.15,831.6026963495373
Ba0.94Sm0.06Fe12O19,725.0,731.1763180633664
Ba0.95Ca0.05Y1Co2O5.5,287.0,226.25243156870448
Ba0.95Ca0.05Fe12O19,723.0,722.0607937091071
Ba0.96V0.04Fe11.96O19,996.15,902.6759304690243
Ba0.96Sr0.64La1.4Mn2O7,94.0,184.06012857214205
Ba0.98V0.02Fe11.98O19,996.15,821.4096822393082
Ba0.99Nd0.118Fe11.86Co0.041O19,725.15,715.8294508386001
Ba0.9Fe11.9Cu0.1Bi0.1O19,700.0,718.5698805239565
Ba0.9Ca0.1Y1Co2O5.5,287.0,223.46148567288174
Ba0.9Na0.05La0.05Ti1Mn0.5Fe10Co0.5O19,739.15,714.8089557186102
Ba0.9V0.1Fe11.9O19,996.15,822.6199439545944
Ba0.9Mn0.1Fe12O19,689.0,729.7461331897896
Ba1Fe11.9Bi0.1O19,720.35,717.8392548219321
Ba1Fe11.7Bi0.3O19,740.0,708.6969829414136
Ba1Fe11.5Bi0.5O19,700.8,715.5138408840635
Ba1Fe11.4Bi0.6O19,740.0,695.2507341443322
Ba1Fe11.1Bi0.9O19,740.0,697.8427114920541
BaFe11BiO19,751.15,708.9262965557085
Ba1Fe10.8Bi1.2O19,740.0,634.1123643551753
Ba1Ca1Mn0.08Co3.92O7,57.0,84.82139997595668
Ba1Ca1Co3.92Ni0.08O7,42.0,77.97431350012592
Ba1Ca1Cr0.04Co3.96O7,59.0,87.3171365420515
Ba1Ca1Mn0.04Co3.96O7,58.0,86.2496582575824
Ba1Ca1Co3.96Ni0.04O7,57.0,82.43941783562187
BaCaCo4O7,64.8,84.43324581958318
Ba1Ca1Co4O7.5,60.0,83.51017512647931
BaFe12O19,720.0,730.2250900188214
Ba1Fe11.8Co0.2O19,723.0,721.4927397570084
Ba1Fe11.25Co0.375Ru0.375O19,688.15,719.2312593239832
Ba1Fe11.2Co0.4Ir0.4O19,723.15,702.191607919171
Ba1Ti1Mn0.5Fe10Co0.5O19,744.15,694.5511097289061
Ba1Ti0.5Fe11Co0.5O19,657.0,724.1780753358523
Ba1Ti0.8Fe10.2Co0.8O19,723.15,688.1861334749096
Ba1Ti0.8Fe10.4Co0.8O19,624.15,706.5457803719888
Ba1Mn0.1Co0.9O2.91,42.0,201.24312486980818
BaTiFe10CoO19,579.0,682.98285489415
Ba1Mg0.1Zn0.9Fe16Co1O27,722.0,723.1639173683651
Ba1Mg0.2Zn0.8Fe16Co1O27,737.0,728.0675135318538
Ba1Mg0.3Zn0.7Fe16Co1O27,753.0,725.398704295919
Ba1Mg0.4Zn0.6Fe16Co1O27,765.0,736.1877156840108
Ba1Mg0.5Zn0.5Fe16Co1O27,800.0,729.3323800075914
Ba1Mg0.6Zn0.4Fe16Co1O27,783.0,725.2906560427755
BaLaNbCoO6,10.0,143.77218117548733
BaCoO3,53.0,207.49961874417411
Ba1Ti1.25Fe9.5Co1.25O19,491.0,601.3455801081365
Ba1Fe6Co1.3O23.7F1.3,718.0,625.1044382905712
Ba1Ti1.5Fe9Co1.5O19,479.0,559.3541829317968
Ba1Sr1Cr0.5Fe11.5Co2O22,343.0,396.89157632212033
BaSrCrFe11(CoO11)2,333.0,393.4185717478728
Ba1Sr1Cr1.5Fe10.5Co2O22,333.0,384.67200036229235
BaSrCr2Fe10(CoO11)2,333.0,431.4075745336846
Ba1Tb0.9Dy0.1Co2O5.5,284.0,276.83286592501776
Ba1Dy1Co2O5.51,300.0,264.6440940914253
Ba1Eu1Co2O5.41,264.0,253.82847459265503
Ba1Eu1Co2O5.47,267.0,249.5751689357564
Ba1Eu1Co2O5.49,260.0,249.51057958343256
Ba1Eu1Co2O5.58,267.0,245.33991404990942
Ba1Eu1Co2O5.67,256.0,226.82349684149332
BaSrFe12(CoO11)2,333.0,512.8820985611251
Ba1In1.8Fe14.2Co2O27,571.0,680.9635532897651
Ba1Zr0.2Mn0.2Fe15.2Co2O27,655.0,763.0601088132303
BaFe16Co2O27,753.0,735.5570124616112
BaTi2Fe8Co2O19,404.0,485.1165049793444
Ba1Gd1Co2O5.45,285.0,256.0586303314225
Ba1Gd1Co2O5.5,278.3333333333333,259.48208289721555
Ba1Ho1Co2O5.5,300.0,254.22006898395225
BaLa(CoO3)2,187.5,181.30505123085703
Ba1Y1Co2O5.37,293.0,221.87950813271667
Ba1Y1Co2O5.4,259.0,236.65135748411973
Ba1Sm1Co2O5.52,255.0,241.74880156688954
Ba1Tb1Co2O5.53,280.0,269.5423236462136
Ba1Sm1Co2O5.5,267.0,238.69663338639677
Ba1Y1Co2O5.5,283.8333333333333,232.31338902587277
Ba1Pr1Co2O5.85,150.0,182.79011205055826
Ba1Pr1Co2O5.9,150.0,179.83668082244236
Ba1Ti2.5Fe7Co2.5O19,219.0,513.190503904621
BaCo3(P2O7)2,8.0,91.08067745890095
Ba1Ti0.98Cr0.02O3,404.0,391.92298701101356
Ba1Ti0.96Cr0.04O3,405.0,365.0372806157775
Ba1Ti0.94Cr0.06O3,413.0,379.4064954858422
BaCrFe11O12,670.0,641.0402530056607
BaCrFe11O19,752.15,718.2342810382311
BaCr2(Fe5O6)2,630.0,636.1335453544989
BaCr3(Fe3O4)3,600.0,605.3352978689086
Ba1Fe11.987Cu0.013O19,728.15,724.9206967267019
Ba1Fe11.984Cu0.016O19,729.15,722.3317991938052
Ba1Fe11.981Cu0.019O19,728.15,720.891761411466
Ba1Fe11.978Cu0.022O19,727.15,721.2186558816159
Ba1Fe11.971Cu0.029O19,725.15,724.1084620172895
Ba1Fe11.968Cu0.032O19,724.15,724.457690997627
BaFe12O19,740.35,730.2250900188214
Ba1Fe11.8Cu0.2O19,702.15,718.0072817351029
Ba1Fe11.6Cu0.4O19,704.15,714.1388118588177
Ba1Mg0.5Zr1Fe10Cu0.5O19,503.61,611.1514964261056
Ba1Fe11.5Cu0.5O19,723.0,711.0014497296895
Ba1Fe11.4Cu0.6O19,643.15,687.4459676294636
Ba1Fe11.2Cu0.8O19,625.15,691.0766600157028
BaFe11CuO19,723.0,685.5294857562452
BaFe14CuO23,725.0,717.5660355213569
BaLaPrCuO5,12.0,164.9970919113805
BaLa2CuO5,5.2,173.0549745058917
BaPr2CuO5,15.0,74.4355713950159
Ba1Fe10.5Cu1.5O19,723.0,682.1161281547194
BaFe10Cu2O19,723.0,655.205292326489
BaDy2ZnO5,2.0,59.29910087596325
BaFe12O19F2,710.0,724.3566095104492
Ba1Fe0.004Ir0.99657O3,180.0,217.22501217548464
Ba1Ti0.98Fe0.02O3,680.0,391.9744377252374
Ba1Fe0.04Sn0.95W0.01O3,310.0,298.68162586862485
Ba1Fe0.04Sn0.96O3,462.0,188.5237274701086
Ba1Ti0.93Fe0.07O3,565.0,443.52579848844096
Ba1Ti0.828Nb0.08Fe0.092O3,130.0,238.42544837114096
Ba1Ti0.81Nb0.1Fe0.09O2.7,100.0,300.94329370442694
Ba1Ti0.9Fe0.1O3,130.0,381.86297571609845
Ba1Ti0.7Fe0.3O3,462.0,411.10574173440193
Ba1Fe0.5Re0.5O3,316.0,357.44712457835743
BaLa2FeNiSbO9,350.0,287.35706439069537
BaSrFeMoO6,365.0,385.61213747166966
Ba1Fe1O2.95,190.0,314.3257926018339
BaFeO3,180.0,323.4674420212058
BaSrVFeO6,713.0,621.845280047011
Ba1Y0.1Fe1.9O4,476.2,587.6476496428447
BaZnFe10SnO19,503.15,545.7952586638935
Ba1Ti0.35Zn0.35Fe10.1O19,645.0,664.8901857033624
Ba1Sc1.8Fe10.2O19,515.0,537.3829187572642
Ba1Ti0.2Zn0.2Fe10.4O19,687.0,679.7875453413246
Ba1In1.5Fe10.5O19,410.0,600.2952643714167
Ba1Ti0.1Zn0.1Fe10.6O19,705.0,695.237071440539
Ba1Ga1.2Fe10.8O19,577.0,605.0908991970823
Ba1In1.2Fe10.8O19,555.75,593.9284777120864
Ba1Sc1.2Fe10.8O19,500.0,638.0043666468059
Ba1Ti1Zn1Fe10.8O19,717.0,594.786120648956
BaGaFe11O19,688.15,653.1700617333275
BaGdFe11O19,723.0,674.4756628127997
Ba1Zn0.5Fe11Ir0.5O19,563.0,678.9207773820583
BaMnFe11O19,697.15,710.9372479268762
BaNdFe11O19,702.15,670.9639862824233
BaScFe11O19,672.0,645.0483214105195
Ba1In0.9Fe11.1O19,650.0,678.5249912185194
Ba1Gd0.75Fe11.25O19,723.0,705.6355701200142
Ba1Zn0.375Fe11.25Ru0.375O19,671.15,683.3030481831923
Ba1Ga0.8Fe11.2O19,728.15,686.5086298818051
Ba1Ti0.4Zn0.4Fe11.2O19,720.0,695.5824265082193
Ba1Gd0.7Fe11.3O19,705.0,702.0560171655434
Ba1Sc0.7Fe11.3O19,685.0,674.3662120032159
Ba1Ga0.6Fe11.4O19,743.15,668.4128234375709
Ba1In0.6Fe11.4O19,670.0,691.1643511358185
Ba1Sc0.6Fe11.4O19,638.0,682.970614473135
Ba1Gd0.5Fe11.5O19,723.0,706.3962150924478
Ba1Ho0.5Fe11.5O19,723.15,673.8864348315732
Ba1Sc0.5Fe11.5O19,693.0,697.6332351089694
Ba1Ga0.4Fe11.6O19,763.15,706.5224603655421
Ba1Ti0.2Fe11.6Ru0.2O19,755.15,734.8680390627535
Ba1Gd0.25Fe11.75O19,723.0,719.2871842971201
Ba1Nd0.25Fe11.75O19,702.15,701.1988798827116
Ba1Gd0.3Fe11.7O19,741.14,713.0966952068125
Ba1In0.3Fe11.7O19,687.5,714.249503535976
Ba1Fe11.7Ni0.15Ru0.15O19,711.15,733.8039898082949
Ba1Zn0.15Fe11.7Ru0.15O19,711.15,720.7020149338003
Ba1Sc0.3Fe11.7O19,704.0,711.2121509470638
Ba1Ga0.2Fe11.8O19,773.15,714.3903814797533
Ba1Gd0.2Fe11.8O19,741.13,713.1767405398643
Ba1Ti0.2Fe11.8O19,723.0,742.5447044616532
Ba1Zn0.2Fe11.8O19,725.0,716.6772596949711
Ba1Zn0.065Fe11.935O19,718.15,723.7421928584131
Ba1Zn0.045Fe11.955O19,721.15,720.9651592462018
Ba1Zn0.025Fe11.975O19,723.15,721.2983036204002
Ba1Zn0.015Fe11.985O19,725.15,721.6530787904683
Ba1Ga0.1Fe11.9O19,653.0,719.904570446077
Ba1Gd0.1Fe11.9O19,741.0,720.4997944676928
Ba1In0.1Fe11.9O19,698.4285714285714,716.7855654859129
Ba1Sc0.1Fe11.9O19,708.0,720.137888124236
BaFe12O19,741.18,730.2250900188214
BaFe12O19,729.3154545454546,730.2250900188214
BaFe12O19,705.15,730.2250900188214
BaSrZn2(Fe6O11)2,333.0,389.25336622183033
Ba1Mg0.4Zn1.6Fe16O27,710.0,709.3567733303536
Ba1Mg0.8Zn1.2Fe16O27,710.0,699.5988411408472
BaMn2Fe16O27,697.15,707.9343203119146
BaFe16Ni2O27,805.375,726.0320585585429
Ba1Li0.15Zn1.7Fe16.15O27,791.15,694.5293555279374
Ba1Li0.1Zn1.8Fe16.1O27,703.15,711.6011202985441
BaZnFe17O27,703.0,711.688943213717
Ba1Fe18Ni3H32.2O47.1,790.65,639.7244489664179
Ba(Fe2O3)9,728.0,751.0701709935656
BaTiZnFe2NiO7,775.0,539.414232025882
Ba(FeO2)2,624.525,678.3284237292328
Ba(FeO2)2,534.76,678.3284237292328
BaFe2(PO4)2,70.0,201.14510426806643
BaZnFe6O11,373.0,410.3278808617705
Ba1Zn1.2Fe9.6Sn1.2O19,503.15,505.21290086281795
Ba1Ti0.5Zn0.5Fe9.8O19,614.0,635.1872680371722
BaHo2ZnO5,2.0,39.06351247553272
BaIrO3,175.0,135.48848852766633
BaLaMn2O6,330.0,266.8345954182263
Ba1Mn0.5Re0.5O3,136.0,213.21030507334353
BaNdMn2O6,139.0,197.74186765206426
BaPrMn2O6,261.84000000000003,172.26368504364947
BaTiNO3,300.0,267.77504140534745
BaVO3,77.0,188.19786000375242
BaVSe3,41.2,136.88049901802466
Ba1.25Pr0.75Fe1Mo1O6,410.0,376.7400917189557
Ba1.42Sr0.58Fe1Mo1O6,372.0,365.0822630830855
Ba1.5Fe10.5Co0.25O17.5,743.15,628.7908444288697
Ba1.5Pr0.5Fe1Mo1O6,390.0,385.4221794139415
Ba1.5Sr0.5V1Fe1O6,730.0,620.4859769569728
Ba1.6Sr0.4La0.1Fe1Mo1O6,354.0,364.0555884896429
Ba1.6Sr0.4La0.2Fe1Mo1O6,367.0,366.61999426702135
Ba1.6Sr0.4La0.3Fe1Mo1O6,378.0,381.81413091634016
Ba1.6Sr0.4La0.4Fe1Mo1O6,390.0,364.36389146326303
Ba1.6Sr0.4Fe1Mo1O6,344.75,363.61614453593273
Ba1.6Sr0.6Fe1Mo1O6,351.0,366.0249038746542
Ba1.6Sr0.8Fe1Mo1O6,360.0,374.65521388045545
Ba1.6Sr1Fe1Mo1O6,367.0,373.6835393626003
Ba1.6Sr0.4Zn2Fe12O22,358.0,389.82631252215026
Ba1.7Pr0.3Fe1Mo1O6,360.0,375.2355586401552
Ba1.8Pr0.2Zn0.2Fe27.8Co2O46,746.15,720.4920545191354
K0.2Ba1.8Fe1Mo1O6,260.0,368.8279442533096
Ba1.8La0.2Fe1Mo1O6,334.0,365.66800247030505
Ba1.8Pr0.2Fe1Mo1O6,355.0,364.36980053136506
Ba1.9La0.1Zn0.1Fe27.9Co2O46,746.15,722.2376722464787
Ba1.9La0.1Fe1Mo1O6,332.0,361.0975147908028
Ba1.9Pr0.1Fe1Mo1O6,335.0,357.3642551955344
Ba14MnSb11,20.0,93.18247987009097
Ba2Zn2Fe12Bi0.2O22,360.0,407.75818038428304
Ba2Zn1.5Fe12Co0.5O22,423.15,505.2609982408433
Ba2ZnFe12CoO22,474.15,529.7645083634758
Ba2Zn0.5Fe12Co1.5O22,537.15,491.81912626519926
Ba2Y0.03Cr0.03Fe11.94Co2O22,323.0,381.2462086520164
Ba2Y0.06Cr0.06Fe11.88Co2O22,343.0,350.2996838917626
Ba2Y0.09Cr0.09Fe11.82Co2O22,333.0,359.05742921063063
BaFe6CoO11,323.0,463.8524867281751
Ba2Y0.12Cr0.12Fe11.76Co2O22,343.0,356.4954150205476
Ba2Zn0.6Fe14Co2Cu0.2Ni0.2O26,403.15,567.8241866246742
BaFe6CoO11,608.7166666666667,463.8524867281751
BaFe14CoO23,740.0,726.4915425957925
Ba2YCo3O,61.0,305.04159433198384
Ba2Cr1Mo0.5W0.5O6,285.0,291.35329965208484
Ba2Cr1Mo0.8W0.2O6,308.0,273.6131291039713
Ba2CrMoO6,335.0,209.9466511619142
Ba2Er2CuPtO8,25.0,143.8826625902813
BaLa2CuO5,5.0,176.87065488501696
Ba2Y1Fe0.39Cu2.61O7.14,9.0,141.47689298486617
Ba2Y1Fe0.3Cu2.7O7.01,31.0,118.26750352515946
Ba2Y1Fe0.012Ir2.98971O1,185.0,195.00258488057864
Ba2Fe1Re0.5Mo0.5O6,370.0,362.31045173374764
Ba2FeMoO6,329.99,410.407126700259
Ba2FeReO6,319.0,399.90727484278415
Ba2VFeO6,716.0,616.8424800387335
Ba2Fe1.1Mo0.9O6,346.5,352.8742131496001
Ba2Fe1.2Mo0.8O6,340.0,358.3024043317225
Ba2Fe1.3Mo0.7O6,340.0,355.2472066123236
Ba2Mg2Mn0.96Fe11.04O22,621.0,641.0910272070346
BaMgFe6O11,600.0,644.0282952073208
BaFe6NiO11,661.375,600.8198407177276
BaZnFe6O11,386.0,394.5354763328403
Ba2Fe14Ni3H24.61O38.31,765.65,657.8979450855267
Ba2Fe2MoWO6,270.0,331.5233721074692
Ba2Fe2ReWO6,300.0,331.6104633781697
Ba2Fe2Re1.6W0.4O6,338.0,347.25901079871494
BaFeReO3,385.0,369.6568741465242
BaFe14NiO23,755.15,721.3206449970132
BaZnFe14O23,705.0,691.2975494512708
Ba2YIr3O,185.0,172.36808220949916
Ba2MnReO6,112.5,174.32588729889795
Ba2NiOsO6,108.0,151.2672826559611
Ba2ReNiO6,18.0,184.94784525445968
Ba2VSe6,40.8,133.61330672443594
Ba2.6Sr0.4Fe24Co2O41,683.0,686.2974841102745
Ba3Zn2Fe24O41,683.15,641.7476677207612
Ba3Zn1.6Fe24Co0.4O41,683.15,656.096411824874
Ba3Zn1.2Fe24Co0.8O41,683.15,658.015207417768
Ba3ZnFe24CoO41,658.15,671.7042971918288
Ba3Zn0.8Fe24Co1.2O41,679.15,682.3342448370464
Ba3Zn0.6Fe24Co1.4O41,677.15,679.872410671448
Ba3Zn0.4Fe24Co1.6O41,681.15,682.5184941692487
Ba3Zn0.2Fe24Co1.8O41,681.15,682.5122420465713
Ba3Er0.03Fe23.97Co2O41,680.0,680.7351358759638
Ba3Er0.06Fe23.94Co2O41,680.0,687.8372707586042
Ba3Er0.09Fe23.91Co2O41,680.0,684.0900193645112
Ba3Fe24Co2O41,680.0,691.3184807073812
Ba3Er0.12Fe23.88Co2O41,680.0,686.705862085696
Ba3Ti0.6Fe23.4Co2O41,645.15,678.6325394325083
Ba3Ti0.45Fe23.55Co2O41,673.15,672.5810365823127
Ba3Ti0.3Fe23.7Co2O41,681.15,683.244777387117
Ba3Ti0.15Fe23.85Co2O41,687.15,683.2217870635538
Ba3Fe24Co2O41,684.6,691.3184807073812
Ba3Fe24Co2O41,683.15,691.3184807073812
Ba3CuOs2O9,290.0,252.87368898282185
Ba3U2FeO9,123.0,259.4043562117048
Ba3Fe24Ni2O41,691.05,670.4098450799423
Ba3Zn2Fe24O41,632.1,641.7476677207612
Ba4Nd2Nb8Fe1.75Co0.25O30,825.0,612.6008471094722
Ba4Nd2Nb8Fe1.5Co0.5O30,774.0,611.8176576349636
Ba4Nd2Nb8FeCoO30,621.0,580.5879926875527
Ba2Fe18CoO30,615.6055555555557,694.188559863401
Ba2Fe18CuO30,709.075,653.6854056938605
Ba2Mg(Fe3O5)6,700.0,664.8434263159203
Ba2Mn(Fe3O5)6,688.0,716.0682910407661
Ba2Fe18NiO30,576.775,699.171694370916
Ba2Zn(Fe3O5)6,538.5,683.575117623013
Ba2Fe19O30,730.0,680.9281447643158
Ba4.4Fe37.6Cu2O62.8,693.15,659.9917580484222
Ba5Ti3Fe12Cu2O31,550.0,449.32781623337576
Ba5Mg2Ti3Fe12O31,391.0,461.645893775574
Ba5Ti3Zn2Fe12O31,310.0,516.8877722051943
Ba5Ti3Fe2O31,633.15,290.71887628421103
Be0.25Zn0.7Fe1.75Ni0.3O4,541.15,355.1122005418462
Tb0.3Dy0.7Be0.2Fe1.8,650.15,602.0022610551196
Tb0.3Dy0.7Be0.4Fe1.6,645.15,517.9774756861672
Be0.73Cr0.27Te1,250.0,153.6262491037285
Be0.83Cr0.17Te1,170.0,160.08827466698622
Be0.87Cr0.13Te1,170.0,154.94261017437316
Be12Cr,50.0,282.6885568878189
Be2Fe0.5Co0.5,590.0,483.43187792834686
Be2Fe19Co17(Cu49Ni32)2,853.15,495.2592458695931
Be2Fe0.43Os0.57,350.0,278.4118680882535
Be2Fe0.48Ru0.52,340.0,352.44257363719555
Be2Fe,880.0,475.4653004078678
Be5Fe,174.0,367.13020649683347
Li0.649Ti0.5Mn0.051Zn0.2Fe1.598Bi0.002O4,553.15,576.4762440673519
Li0.42Ti0.19Mn0.1Nb0.003Zn0.35Fe1.937Bi0.003O4,578.45,559.9767632290773
Li0.42Ti0.19Mn0.1Zn0.35Fe2.287Bi0.003O4,577.15,590.9267593078793
Li0.42Ti0.16Mn0.1Zn0.16Fe2.637Bi0.003O4,772.15,701.388919638209
Li0.42Ti0.25Mn0.1Zn0.25Fe2.637Bi0.003O4,685.15,634.9580378586427
Li0.42Ti0.35Mn0.1Zn0.35Fe2.637Bi0.003O4,577.15,581.4272545357987
Li0.42Ti0.5Mn0.1Zn0.5Fe2.637Bi0.003O4,408.15,508.55138381519953
Zn0.6Fe1.94Cu0.14Ni0.29Bi0.006O3.946,428.15,383.3258082361466
Mg0.1Zn0.45Fe1.99Co0.01Cu0.3Ni0.14Bi0.01O4,494.15,499.039893367375
Li0.525Ti0.35Mn0.1Zn0.3Fe1.825Bi0.01O4.1,591.15,553.3649781440088
Ca0.2La0.775Mn1Bi0.025O3,209.0,225.4654115319908
Ca0.5La0.5Mn0.98Bi0.02O3,237.0,211.03594861468554
Mg0.1Zn0.45Fe1.98Co0.02Cu0.3Ni0.13Bi0.02O4,483.15,492.17203848758334
Cr0.98Fe1Cu0.5Ni0.5Bi0.02O4,491.8,511.08799052480333
La0.7Mn1Bi0.02Pb0.28O3,289.0,270.7424177083501
Mn1.98Bi0.02Sb1,553.15,477.68298739658763
Mg0.1Zn0.45Fe1.97Co0.03Cu0.3Ni0.12Bi0.03O4,496.15,478.6163943246501
Li0.45Mn0.06Zn0.08Fe2.41Bi0.03O4.03,710.15,794.6117928801717
Y3Fe5Bi0.03O12.03,560.0,542.8036336375732
Na0.2La0.8Mn0.97Bi0.03O3,320.0,233.54954186441196
Cr0.96Fe1Cu0.5Ni0.5Bi0.04O4,497.7,500.3903777113901
La0.7Mn1Bi0.04Pb0.26O3,287.0,261.3000341909224
Mn2Bi0.04Sb0.96,550.0,489.47184478041487
Sr0.15Ca0.15La0.65Mn1Bi0.05O3,321.0,290.2474146249398
Sr0.15Ca0.1La0.7Mn0.95In0.05Bi0.05O3,310.0,288.32018389005964
Ca0.2La0.75Mn1Bi0.05O3,177.0,227.58103949387163
Ca0.33La0.62Mn1Bi0.05O3,248.0,227.27364924166687
Ca0.35La0.6Mn1Bi0.05O3,246.4,229.74833041936728
Ca0.5La0.45Mn1Bi0.05O3,216.0,217.6397901327878
Ca0.5La0.5Mn0.95Bi0.05O3,214.0,211.63596976731162
Mn0.95Co2Bi0.05O4,160.0,174.48073585580482
Sr0.4Pr0.55Mn1Bi0.05O3,301.0,235.92674418045308
Sr0.2Pr0.75Mn1Bi0.05O3,147.0,159.86786322582049
Sn1Bi0.05Se2,65.0,181.6342504641249
Cr0.94Fe1Cu0.5Ni0.5Bi0.06O4,503.7,507.6911570426658
Na0.2La0.8Mn0.94Bi0.06O3,310.0,222.419384074088
La1.94Mn1Ni1Bi0.06O6,277.0,202.10508333494374
Ca0.2La0.725Mn1Bi0.075O3,150.0,227.8259466894293
Sr0.3Pr0.63Mn1Bi0.07O3,250.0,218.07902308176682
Mn1.134Co1.851Bi0.085O4,181.0,172.91476441913545
Mn1.182Co1.817Bi0.08O4,176.0,184.136210003838
Cr0.92Fe1Cu0.5Ni0.5Bi0.08O4,507.2,510.48456188853993
Mn(CoO2)2,182.0,184.3993100627287
Gd4Sb3,260.0,233.3530199289334
Ca0.33La0.56Mn1Bi0.11O3,200.0,225.13513678581762
Sr0.15Ca0.15La0.55Mn1Bi0.15O3,251.0,271.5593746773534
Ca0.85Mn1Bi0.15O3,126.0,147.2493216183169
Sr0.4Pr0.45Mn1Bi0.15O3,283.0,237.13560901422815
Ca0.33La0.5Mn1Bi0.17O3,184.0,225.3130247061787
Ca0.33La0.49Mn1Bi0.18O3,135.0,224.4111754997004
Sr0.25Ca0.05La0.6Mn0.9Cu0.1Bi0.1O3,290.0,271.3984122460703
Sr0.15Ca0.15La0.6Mn0.9Cu0.1Bi0.1O3,235.0,270.3473907101979
Sr0.15Ca0.15La0.6Mn1Bi0.1O3,291.0,286.23984446179986
Ca0.2La0.7Mn1Bi0.1O3,141.0,228.14114021648714
Ca0.33La0.57Mn1Bi0.1O3,244.0,229.36907908252329
Ca0.35La0.55Mn1Bi0.1O3,240.5,224.24767397151678
Ca0.5La0.4Mn1Bi0.1O3,225.0,211.6787121651029
Ca0.9Mn1Bi0.1O3,114.0,145.82632546896758
Mn1Co1.9Bi0.1O4,182.0,167.03705925503908
Mn0.9Co2Bi0.1O4,158.0,173.18851171835234
Cr0.9Fe1Cu0.5Ni0.5Bi0.1O4,509.0,506.09056718734246
La1.9Cr1Fe1Bi0.1O6,450.0,264.76482278257623
Sr0.3La0.6Mn0.9Cu0.1Bi0.1O3,300.0,272.39876061467396
Sr0.33La0.57Mn1Bi0.1O3,340.0,291.3010537171155
Sr0.3La0.6Mn1Bi0.1O3,295.0,299.00102362386644
La0.9Mn1Bi0.1O3,120.0,222.2584172946801
Sr0.4Pr0.6Mn0.9Bi0.1O3,252.0,220.89879673895163
Sr0.4Pr0.5Mn1Bi0.1O3,292.5,241.53503359131133
Sr0.2Pr0.7Mn1Bi0.1O3,134.0,174.98330685580234
Sr0.3La0.45Mn1Bi0.25O3,300.0,272.44753601173204
Sr0.4Pr0.35Mn1Bi0.25O3,241.0,230.53561198148248
Eu2.73Fe5Bi0.27O12,480.0,510.2444117372214
Ca0.33La0.47Mn1Bi0.2O3,229.0,215.98317176301506
Ca0.35La0.45Mn1Bi0.2O3,201.0,215.23800068755824
Ca0.3La0.5Mn1Bi0.2O3,230.0,221.67876672818207
Ca0.7La0.1Mn1Bi0.2O3,220.0,185.54402296591212
Mn1Co1.8Bi0.2O4,185.0,174.24682163448395
Sr0.33La0.47Mn1Bi0.2O3,327.0,279.69985638500884
Sr0.3La0.5Mn1Bi0.2O3,370.0,283.8564550514013
La0.8Mn1Bi0.2O3,191.6,225.96877824940606
Sr0.4Pr0.6Mn0.8Bi0.2O3,225.0,204.39701545194026
Sr0.4Pr0.4Mn1Bi0.2O3,264.0,237.9824962444565
Sr0.3La0.35Mn1Bi0.35O3,286.0,254.22673212469817
Ca0.4Pr0.3Mn0.96Cr0.04Bi0.3O3,66.0,140.18864993142128
Ca0.4Pr0.3Mn0.92Cr0.08Bi0.3O3,98.0,137.05895564278376
Ca0.4Pr0.3Mn0.88Cr0.12Bi0.3O3,120.0,133.9547604473365
Ca0.4Pr0.3Mn0.86Cr0.14Bi0.3O3,125.0,136.730493407589
Ca0.4Pr0.3Mn0.9Cr0.1Bi0.3O3,111.0,131.74414288160008
Ca2.68V1.35Fe3.65Co0.0003Bi0.3Pb0.02O12,502.0,495.2655007172569
Ca2.68V1.35Fe3.65Co0.006Bi0.3Pb0.02O12,500.0,498.1467705220554
Ca2.68V1.35Fe3.65Bi0.3Pb0.02O12,501.0,496.17598755478247
Mn1Co1.7Bi0.3O4,186.0,167.85626803880504
Sr0.33La0.37Mn1Bi0.3O3,314.0,272.9199308074441
Sr0.4La0.3Mn1Bi0.3O3,187.0,267.6583991110973
Sr0.3La0.4Mn1Bi0.3O3,295.0,270.051395773411
Sr1.6La1.1Mn2Bi0.3O7,340.0,210.11853000205488
Mn0.55Fe0.15Ni0.15Bi0.45C0.15,530.15,429.9004011222447
Mn0.55Fe0.15Bi0.45,652.0,472.81965953213404
Ca0.2La0.4Mn0.9Co0.1Bi0.4O3,77.0,150.02422609725826
Ca0.2La0.4Mn0.8Co0.2Bi0.4O3,74.0,151.29627083164343
Ca0.2La0.4Mn0.7Co0.3Bi0.4O3,72.0,166.2225692967088
Ca0.2La0.4Mn1Bi0.4O3,77.0,187.36379574298564
La0.6Mn0.6Co0.4Bi0.4O3,181.0,167.29631921880096
La0.6Mn0.6Fe0.4Bi0.4O3,95.0,191.2288882510733
La0.6Mn0.6Ni0.4Bi0.4O3,200.0,179.41048195672664
La0.6Mn1Bi0.4O3,109.0,213.74359219302892
La1.6Mn1Ni1Bi0.4O6,255.0,181.43593149885393
La0.45Fe1Bi0.55O3,1081.45,521.375594358117
Y2.42Fe5Bi0.58O12,577.0,546.8924407152808
Mn0.5Bi0.5C1,628.0,286.9398680875255
Ca0.5Mn0.88Cr0.12Bi0.5O3,72.6,152.33268589979846
La0.5Mn0.67Co0.33Bi0.5O3,130.0,150.36287919607764
La1.5Mn1Co1Bi0.5O6,180.0,183.88057648039364
La0.5Mn0.7Fe0.3Bi0.5O3,110.0,152.4770766824731
La0.5Mn0.5Fe0.5Bi0.5O3,240.0,294.4707653160117
La0.5Fe1Bi0.5O3,220.0,857.3149906250762
Na0.5Ti1Fe2Ni1Bi0.5O7,900.0,552.4410052036673
La0.5Mn0.67Ni0.33Bi0.5O3,97.0,165.60697957576957
La0.5Mn1Bi0.5O3,80.0,193.53586539976104
Sr0.33Mn1Bi0.67O3,300.0,142.2807466685376
La0.4Ti0.05Mn0.95Bi0.6O3,45.0,146.25511999758646
La0.4Ti0.1Mn0.9Bi0.6O3,45.0,157.8805652718797
Gd4Bi0.75Sb2.25,272.0,264.54504833752304
Ca0.3Mn1Bi0.7O3,90.0,149.7189634334532
Dy0.3Fe1Bi0.7O3,342.0,851.867733025455
La0.3Fe1Bi0.7O3,1076.15,862.588920752858
Sr0.3Mn1Bi0.7O3,100.0,213.0862877201017
La0.15Fe1Bi0.85O3,1083.35,1075.083733876346
K1Ho0.15Fe2Bi0.85O5,772.15,729.3330364225602
Li0.04Y2.15Fe4.57Bi0.85P0.04O11.475,578.15,523.8870763198514
Mn1Bi0.875Sb0.125,463.0,562.5136479979345
Ti0.11Fe1Bi0.89O3,1123.15,804.336187950048
Ca0.2Fe1Bi0.8O3,1103.0,955.9230678372905
La0.2Fe1Bi0.8O3,1103.0,1066.7808279610306
Pr0.2Fe1Bi0.8O3,1103.0,929.6063332460802
Mn1Bi0.9375Sb0.0625,512.0,531.7940646458028
Gd0.05Fe0.95Co0.05Bi0.95O3,780.0,759.9604311886517
Gd0.05Fe0.85Co0.15Bi0.95O3,780.0,790.1795381695848
Gd0.05Fe0.9Co0.1Bi0.95O3,780.0,782.8610970103543
Gd0.05Fe0.8Co0.2Bi0.95O3,780.0,727.0743736026607
Mn0.15Fe0.85Bi0.95Pb0.05O3,1103.15,548.7163070872663
Nd0.05Sc0.05Fe0.95Bi0.95O3,877.5,852.3968385361015
Lu0.05Fe1Bi0.95O3,575.0,736.8357681560562
K1Ho0.05Fe2Bi0.95O5,780.15,769.9649649015886
Lu0.04Fe1Bi0.96O3,575.0,658.5865367236661
Mn1Bi0.98Sb0.02,625.0,510.65758035662014
Mn0.005Bi0.995,240.0,175.4054886310732
Nd0.1Sc0.05Fe0.95Bi0.9O3,877.5,859.4384992005803
La0.1Fe1Bi0.9O3,1103.0,997.7870373145514
K1Ho0.1Fe2Bi0.9O5,775.15,754.8751814000649
Fe0.93Co0.07Bi1O3,643.15,961.0044377627978
K1Fe1.9Co0.1Bi1O5,770.0,768.2427735635333
K1Fe1.8Co0.2Bi1O5,770.0,750.0764813534398
Mn1Fe0.65Co0.35Bi1,628.0,407.9532542044432
K1Fe1.7Co0.3Bi1O5,770.0,702.6220041068195
LaMnCoBiO6,165.0,159.14067357827142
DyBiN,86.0,170.95642409886557
Eu2Fe5BiO12,480.0,500.1036858810047
Mn0.95Fe0.05Bi1O3,109.0,180.57579310221453
Mn0.8Fe0.2Bi1O3,100.0,247.64625454009808
Sr0.33La0.67Mn1Fe1Bi1O6,351.0,327.33332537650426
FeBiO3,1103.15,690.3426922282047
Pr6Fe13Bi1H13.8,485.0,478.5536629648685
Nd6Fe13Bi,510.0,457.6810932678299
Pr6Fe13Bi,453.0,450.4026301276198
KFe2BiO5,782.15,763.7526544348832
Fe3NiBiO7,300.0,660.7863003863689
Y2Fe5BiO12,591.0,541.3352708031802
Gd4Si2Ni2Bi,46.0,100.71022351367105
Gd5BiIr2,119.0,162.26375518911436
La1Mn1.5Ni0.5Bi1O6,75.0,157.3856684128382
MnBi,620.8785714285714,518.5862131658018
Mn1.08Bi1,453.0,622.243876542014
Mn1Bi1O2.93,37.0,149.126460685239
MnBiO3,104.21428571428572,126.86343650489782
NiBi,675.0,398.4194672407706
Tb4BiSb2,50.0,132.1963982822686
UBi,156.0,115.6796640863659
Y1.8Ga1.5Fe3.5Bi1.2O12,382.0,382.46576192071115
Eu1.7Fe5Bi1.3O12,480.0,518.780548744645
Gd4Bi1.5Sb1.5,289.5,272.0677941632624
Sr2Co2Bi1.6Pb0.4,4.5,80.85881973355215
Eu0.21Bi1.79Se3,64.0,78.26188651247347
Mn0.09Bi1.91Te3,12.5,64.10919836776094
Co0.08Bi1.92Se3,30.0,126.36910298350388
Fe0.08Bi1.92Te3,12.0,84.15237736361627
Mn0.05Bi1.95Te3,11.0,52.80860462885137
Fe0.04Bi1.96Te3,8.0,52.082623090396076
Mn0.025Bi1.975Te3,5.3,63.762122652857116
Fe0.005Bi1.995Te3,5.0,68.33616120816161
Eu0.1Bi1.9Se3,8.0,128.05901559642595
Sm0.4Ti6Fe2.9Co0.1Bi10.6O33,150.0,314.6974806746098
Sm0.3Ti6Fe2.9Co0.1Bi10.7O33,150.0,352.7270444503442
Ca14MnBi11,55.0,99.40784125445225
Sr14MnBi11,33.0,90.31955495131466
Yb14MnBi11,60.0,72.17844979305559
Tb6Fe0.875Co0.125Bi2,155.0,176.67366159432817
Tb6Fe0.75Co0.25Bi2,155.0,174.59401072765542
Tb6Fe0.625Co0.375Bi2,155.0,174.88292161554057
Sr0.5Ta1Nb1Co0.5Bi2O9,523.15,363.36624378765924
Er6CoBi2,16.0,36.320968780698166
MnCo(BiO3)2,800.0,157.6909352933438
SrCoBi,2.5,101.69015378322584
Li0.25Mg0.1Zn0.3Fe2.25Cu0.1Bi2O4,667.5,568.0902688249233
Sr0.5Ta1Nb1Cu0.5Bi2O9,523.15,341.33586753078856
MnCu(BiO3)2,340.0,206.68641619166178
DyBi2N,86.0,49.46834752561222
Ho4.5Er1.5Mn1Bi2,182.0,143.88963155844328
Ho3Er3MnBi2,150.0,149.2999377476415
Ho1.5Er4.5Mn1Bi2,134.0,137.51746069616743
Er5Bi2Pt,20.0,30.360508979679036
Er6FeBi2,9.5,52.14260032245707
Er6MnBi2,56.66666666666666,82.51322239906081
Fe0.01Bi2Te3,5.0,42.926839744813435
Ho6Mn0.75Fe0.25Bi2,151.16,164.99470764614355
Ho6Mn0.5Fe0.5Bi2,126.04,189.94803918308224
Tb6Mn0.5Fe0.5Bi2,376.0,196.82077052523886
Tb3Gd3FeBi2,302.0,259.61060761872795
Gd6FeBi2,348.0,227.7374701026865
Ho6FeBi2,70.32,60.337062885638474
Tb6FeBi2,201.5,201.30185398395506
ZnFe2(BiO3)2,450.0,534.2584206152171
Gd5Bi2Pt,125.0,143.17364981283242
Ho6MnBi2,202.055,103.392792966097
MnBi2MoO6,44.0,214.79045029577023
MnNi(BiO3)2,140.0,283.65477919240016
MnBi2Se3,5.4,132.71139183713535
Sr0.5Ta1Nb1Ni0.5Bi2O9,453.15,418.3383991196209
Gd4Bi2.25Sb0.75,306.0,277.4809887062017
Gd5Ni0.71Bi2.29,162.0,191.0217375759933
Ga1.66Fe3.34Bi3O12,316.0,278.6946016888652
Fe5(BiO4)3,643.0,650.3430851840417
Gd4Bi3,336.0,266.1861196724889
Gd4Bi3,346.0,266.1861196724889
Gd5Bi3,112.0,230.5154733238586
Mn41.3Fe25Bi33.7,652.0,410.82118861580483
Mn63Bi37,635.75,600.0388035034277
Mn3(CuBi)4,456.15,410.5865135240555
Mn5(Bi2Rh)2,270.0,484.27353424337656
U3Bi4,109.33333333333331,134.97283705966137
Gd0.75Ti3Fe0.5Co0.5Bi4.25O15,370.0,336.5127416535176
La0.75Ti3Fe0.5Co0.5Bi4.25O15,487.15,386.4089014083929
La0.8Ti3Fe0.5Co0.5Bi4.2O15,530.15,382.1788077674198
Mn11GaBi8,658.0,605.7572528182191
Mn3Bi2,631.875,621.8535372538993
Mn55Ge4Bi41,628.0,634.5529410217579
Mg4Mn55Bi41,607.65,605.6560391014291
Mg3Mn55Bi42,609.75,614.9404468759171
Mn29Bi21,635.75,636.1974454143461
Mg2Mn55Bi43,622.75,623.236715435874
Mn55GaBi44,635.0,653.4853812093672
Mg(Mn5Bi4)11,629.75,639.5074456728419
Mn14Bi11,673.375,633.3421820169954
Mn11Bi9,635.5642857142857,663.8852269777374
Mn53Bi47,711.0,613.3158321009118
Ni53Bi47,640.0,572.8204396209002
Ti3Fe0.5Co0.5Bi5O15,618.15,586.2717869042203
Ti3Fe0.5Ni0.5Bi5O15,726.0,489.5137189353976
MnBi,660.0500000000001,588.4614325208001
NiBi,640.0,446.81982743818105
Ti3Fe1.4Ni0.6Bi6O18,788.0,334.94412480791624
Eu0.995Se1Br0.01,13.5,33.34255656367773
Cr2Cu1Se3.8Br0.2,400.0,321.0786888894985
Cr2Cu1Se3.5Br0.5,370.0,304.17936826635514
Cr2Cu1Se3.2Br0.8,300.0,308.1131683139326
Cr2CuSe3Br,314.0,327.40221400571596
Cr2CuTe3Br,282.0,244.8755310644861
CuH2Br2O,50.0,64.13459376679323
Cu2Te2Br2O5,11.4,81.44966349982447
EuSBr2,39.0,38.84479477631307
FeBr2,14.2,215.50133623665053
MnH2Br2O,4.28,116.27451214994456
NiH2Br2O,6.23,84.21325440660418
MnBr2O,2.25,241.63710402254725
NiBr2O,3.0,133.7905531322325
CrBr3,34.557500000000005,151.39802116188585
GdBr3,1.66,60.22092365571029
CrH22C14(Br2N)2,58.0,84.67107896221589
CuH12Br4(NO)2,1.780285714285714,97.91053287222732
Rb2CuH4(Br2O)2,1.87,79.06819410798639
Co1C0.00117,350.0,1222.4622668082304
Fe0.9863C0.0137,478.0,946.8172933416512
Mn1.51Cr24.43Fe70.05Cu0.37Si0.4Ni2.8Mo0.44C0.0155N0.1156,866.15,756.7167968372778
Fe0.98C0.02,1000.0,539.2930092275096
Fe0.946Ni0.0073C0.0467,195.0,409.059962032968
Fe0.946Ni0.0078C0.046,195.0,396.27383412871114
Mn3Cu1C0.05N0.95,143.0,166.65037533017758
La1Fe11.6Si1.4C0.06,206.0,216.03371285707772
Cr0.1Fe0.7P0.13C0.07,360.0,431.608665685661
Sm1Cr0.12Co4.8C0.08,1118.15,975.3872229531543
Ni0.91C0.09,164.0,305.55476219061666
Pr5Co19,690.0,740.4002491764154
Mn0.53V0.33Cr11.8Fe85.38Ni0.6Mo1.06W0.52,1043.0,742.8254227086668
Mn0.25Ni0.75H6C0.12O5.38,30.8,79.12087766133136
La1Fe11.4Co0.3Si1.3C0.15,249.0,240.61517976506946
La1Fe11.2Co0.5Si1.3C0.15,263.0,265.69664218879
La1Fe10.85Co0.75Si1.4C0.15,297.0,293.92290340173423
La1Fe10.8Co0.9Si1.3C0.15,315.0,301.0983958765854
Ni0.85C0.15,11.0,297.24128668337016
Fe2C0.16N0.72,349.0,422.4664439013345
Mn0.33Ni0.67H6C0.17O5.5,34.7,54.223453387350176
Ti0.56Ni0.2Mo0.3C0.18N0.15,205.0,200.72089437873151
Ti0.36Ni0.4Mo0.3C0.18N0.15,141.0,240.90385245942218
Y1Co4.9C0.1,888.15,896.389354182407
Mn3Cu1C0.1N0.9,149.0,162.8568483325448
Mn0.45Fe0.3P0.15C0.1,50.0,299.54611935456927
Mn0.3Fe0.45P0.15C0.1,145.0,321.39105458566456
Mn0.225Fe0.525P0.15C0.1,210.0,340.15146325525524
Mn0.075Fe0.675P0.15C0.1,300.0,437.0344565074245
Mn0.15Fe0.6P0.15C0.1,300.0,359.131186255286
Fe0.9C0.1,1043.15,551.3322434034266
Mn0.2Ni0.8H6C0.1O5.3,26.0,82.64252304923714
Mn0.009V0.12Cr0.62Fe0.19Cu1Si0.7Ni0.05Mo0.81P0.1C0.21S0.41,1043.15,238.90063977758757
Mn5Si3C0.22,156.0,277.3384502467767
Pr2Co7C0.25,615.0,624.3721873631757
Mn3Cu1C0.25N0.75,160.0,180.1736332939839
Mn3Ga1C0.25,420.0,420.7665366209772
Mn4C0.25N0.75,850.0,558.4490066794349
Fe2C0.26N0.66,336.0,366.3287000497912
Fe2C0.27N0.65,340.0,375.60295299372405
La0.8Ce0.2Fe11.2Co0.3Si1.5C0.2,239.0,238.90382596050745
La0.8Ce0.2Fe11Co0.5Si1.5C0.2,253.0,265.16470066616586
La0.8Ce0.2Fe10.8Co0.7Si1.5C0.2,277.0,285.2871866223636
La0.8Ce0.2Fe11.5Si1.5C0.2,207.0,220.48628896498326
La1Fe11Co0.5Si1.5C0.2,275.0,270.94153995469804
La1Fe10.87Co0.63Si1.5C0.2,298.0,281.4645238595929
La1Fe10.65Co0.85Si1.5C0.2,321.0,300.14411898166674
La1Fe10.7Co0.8Si1.5C0.2,311.0,296.1052626666362
Y1Co4.8C0.2,901.15,888.4131062562244
Mn3Cu1C0.2N0.8,153.0,173.96713987363887
La0.7Pr0.3Fe11.5Si1.5C0.2,189.0,233.4505657137659
La0.7Pr0.3Fe11.5Si1.5H1.2C0.2,321.0,357.2312528136394
Tm2Fe17C0.2N1,701.0,640.9047639567715
Fe2C0.2N0.64,431.0,354.5717263812141
La0.5Y0.5Fe0.5Co4.2C0.3,934.15,863.8376238223228
La0.5Y0.5Fe0.4Co4.3C0.3,924.15,891.6320259482901
La0.5Y0.5Fe0.3Co4.4C0.3,915.15,899.9534224805445
La0.5Y0.5Fe0.2Co4.5C0.3,894.15,886.928564730768
La0.25Y0.75Co4.7C0.3,879.15,870.5331468435596
La0.5Y0.5Co4.7C0.3,864.15,871.5002730605245
La0.75Y0.25Co4.7C0.3,854.15,855.4508796522339
La0.9Y0.1Co4.7C0.3,846.15,844.8602443813663
La1Co4.7C0.3,841.15,843.3643410880218
Y1Co4.7C0.3,908.15,867.5520912133329
Mn3Cu1C0.3N0.7,163.0,187.36960812652535
Pr5Si3C0.3,47.6666666666667,45.68448601307277
Mn3Cu1C0.45N0.55,165.0,200.3476801394449
Eu1C0.45,80.0,133.1328858834731
Ti0.45Ni1Mo0.8C0.45N0.15,224.0,198.68039936618442
La0.8Ce0.2Fe11.5Si1.5C0.4,246.0,259.82650234297705
Er2Fe17C0.4N1,712.0,687.6734269111432
Sm2Fe17C0.4N1,759.0,687.3023174922821
Tm2Fe17C0.4N1,703.0,688.8483448921943
Ce1Fe10Si1C0.5,390.0,465.19274730847746
Nd1Co10Si1C0.5,950.0,758.8180921846644
Sm1Co10Si1C0.5,670.0,888.4835867730978
Pr5Co19C0.5,713.0,695.8409844283581
Pr2Co7C0.5,630.0,632.0552888709609
Ti1Cr0.1Fe0.15Ni0.1C0.5N0.5,1028.15,286.7961638861204
Nd1Fe10Si1C0.5,410.0,521.6251307143867
Pr1Fe10Si1C0.5,430.0,502.0405736137978
Sm1Fe10Si1C0.5,460.0,570.7195525592948
La1Fe10.8Si2.2C0.5,321.3,332.9706779175516
Sm2Fe17H0.8C0.5N2.4,752.0,712.7033634369793
Sm2Fe17C0.5N2.4,752.0,748.5357957145019
Mn1Zn1Fe2C0.5N0.5,302.0,343.9847085978249
Nd1Fe9.25Si1.75C0.5,338.0,521.9223064904002
Nd1Sc1Si1H0.2C0.5,70.0,97.80541257512523
Ho1C0.5,95.0,68.61860779568664
Nd1Sc1Si1C0.5,70.0,89.21295549045874
Er2Fe17C0.6N1,706.0,699.9893176020878
Tm2Fe17C0.6N1,705.0,686.2279852587636
Tm2Fe17C0.6,460.0,455.652260695299
Y2Fe17C0.6,470.0,443.8181438726148
Pr2Co7C0.75,670.0,632.7535690109543
Mn5Ge3C0.75,445.0,259.0832836280983
Mn3Ga1C0.78,295.0,290.52576052194377
La1Fe11.5Si1.5C0.7,321.3,315.1362399765069
Sm2Fe17C0.7N1,753.0,726.8415026665116
Ti0.3Ni0.4Mo0.3C0.7N0.15,16.0,274.2509583976693
Ti0.5Ni0.2Mo0.4C0.7N0.15,97.0,264.82880174612376
Mn3Ga1C0.85N0.15,250.0,265.5902507780595
Ti0.65Ni0.2Mo0.4C0.85N0.15,288.0,167.93165057082808
Er2Fe17C0.8N1,709.0,694.8908725990336
Sm1Ti1Fe11C0.8,698.0,622.8860240444837
Tm2Fe17C0.8N1,701.0,697.4509870165678
Nd1Fe9.25Si1.75C0.8,407.0,504.15180875063845
Mn3Ga1C0.8,313.0,279.15921001504984
Mn3Ga1C0.95,265.0,265.45894328845486
Np1C0.95,190.0,175.91755417364587
Sm2Fe17C0.9N1,760.0,723.1109963162597
Mn3Ga1C0.9,220.0,276.319923170799
Ce1Fe8.1Co0.9Si2C1,410.0,493.49092179991186
Ce1Fe6.3Co2.7Si2C1,423.0,486.9940220942026
Ce1Fe4.5Co4.5Si2C1,440.0,537.5012060552885
Ce15Ge9C,10.0,54.27644421193252
Ce2Mn0.3Fe13.7C1,480.0,373.3177102932744
Ce2Fe14C,345.0,446.2074363902717
Ce2Fe17C,491.6666666666667,428.37368842309826
Ce2Fe17CN,721.0,567.170581423733
MoCCl5,15.0,147.58223935950465
V2Co0.2Sn0.8C1,32.0,131.34476576014052
Ga1Fe2.7Co0.3C1,635.0,580.0247229321553
V2Co0.4Sn0.6C1,38.0,108.16908225875021
Ga1Fe2.5Co0.5C1,635.0,575.4923698539535
Zn1Fe2.5Co0.5C1,312.0,550.7064626968508
V2Co0.6Sn0.4C1,63.0,151.36327448767094
Ho1Fe0.2Co0.8C1,18.0,192.99152115663537
Nd1Fe8.1Co0.9Si2C1,470.0,534.921310400316
Sm1Fe8.1Co0.9Si2C1,480.0,548.2442149365282
GdCoC,14.8,122.6735170738223
TbCoC,22.0,60.425058958493175
Pr5Co19C,723.0,686.7111440546561
Co2C,465.0,450.4893163360579
Mn2Co2C,808.0,393.76608149842417
Nd1Fe6.3Co2.7Si2C1,482.0,535.9636979355704
Sm1Fe6.3Co2.7Si2C1,494.0,529.5904530283905
Zn1Fe0.1Co2.9C1,5.0,540.7017416449376
Co3C,525.25,619.2106806837554
Nd1Fe4.5Co4.5Si2C1,510.0,537.5197690484564
Sm1Fe4.5Co4.5Si2C1,520.0,558.7486281931913
Pr2Co7C,730.0,588.6059644650104
Cr0.01Si0.99C1,760.0,332.98829706471605
Cr0.03Si0.97C1,770.0,336.18299054580643
Cr0.05Si0.95C1,760.0,321.63378657943053
Dy1Mn1.7Cr0.3Si2C1,350.0,104.87004630068755
Nd1Mn1.7Cr0.3Si2C1,320.0,128.91823917188268
Sm1Mn1.7Cr0.3Si2C1,350.0,133.820120172582
CrSiH6C,69.8,210.8036862290505
DyCr2Si2C,10.7,63.97762372917429
GdCr2Si2C,10.9,107.60560576107234
LaCr2Si2C,18.5,183.35447997805144
PrCr2Si2C,30.0,134.6078638657358
TbCr2Si2C,16.6,70.20006351221332
Cs2CN,420.0,179.52711309601023
Ga0.95Fe3Cu0.05C1,546.0,541.1179118083858
Ga0.9Fe3Cu0.1C1,546.0,537.1305958466138
Sm2Fe13.5Cu1.5Si2C1,573.0,565.0834213055064
Nd1.8Dy0.2Fe14C1,535.0,550.459480271418
Nd1.6Dy0.4Fe14C1,537.0,549.3482651874497
Nd1.2Dy0.8Fe14C1,540.0,567.9877192872004
DyC,165.0,91.72025605442437
Dy15Si9C,70.0,111.8692345574286
Dy2Fe14C,551.6666666666666,559.1037929897129
Dy2Fe17C,546.8,546.9499635027803
Dy2Fe17CN,741.0,704.2987858378478
ErC,50.0,37.35440022119068
ErMn4Fe8C,370.0,336.0771306938117
Er2Fe14C,508.3333333333333,547.3102951477006
Er2Fe17C,548.3333333333334,536.3856775114857
Er2Fe17CN,708.0,697.0377949555523
Fe0.05Si0.95C1,270.0,379.93763745817296
V2Fe0.6Sn0.4C1,42.0,298.0121676191109
FeC,759.0,478.1974666495847
FeSiH6C,438.0,151.1883142619178
FePdC,423.15,439.66920854315214
UFe10Si2C,690.0,515.134103508473
La1Ga2.9Fe10.1C1,410.0,442.82422038574657
GdTiFe11C,721.0,631.7872735867386
Pr2Mn3Fe11C,230.0,368.90339319994973
NdTiFe11C,670.0,625.4823627695289
SmTiFe11C,698.0,632.6172110029653
TbTiFe11C,714.0,633.0967797363982
Nd2Mn2Fe12C,354.0,400.4434187571085
Pr2Mn2Fe12C,305.0,386.8182069569083
Nd2Mn1.5Fe12.5C1,401.0,428.39216749537206
Nd2MnFe13C,451.0,478.3678594716176
Nd2Mn0.5Fe13.5C1,491.0,501.82897994607737
Nd2Mn0.3Fe13.7C1,506.0,508.4637936962103
Pr2Mn0.3Fe13.7C1,412.0,524.336849289322
Gd2Fe14C,625.5,558.8220711319732
Ho2Fe14C,523.6666666666666,551.8364619210711
Nd1.8Lu0.2Fe14C1,530.0,554.2889680386721
Lu2Fe14C,494.75,482.85098745081956
Sm2NbFe14Si2C,555.0,550.4329188734699
Nd2Fe14C,538.7875,536.2684178728831
Pr2Fe14C,512.6666666666666,547.5252559984851
Sm2ZrFe14Si2C,553.0,562.0855650259058
Sm2Fe14C,578.3333333333334,557.689934480736
Tb2Fe14C,592.0,576.9532666140227
Tm2Fe14C,499.0,546.4253366283809
Yb2Fe14C,495.0,542.4534878321808
Sm2Fe15Si2C,571.0,559.8355669429291
Gd2Fe17C,607.8,518.3891431099415
Gd2Fe17CN,788.5,694.7447683338457
Ho2Fe17C,537.6,546.7976768627037
Lu2Fe17C,573.5,441.47062551667887
Nd2Fe17CN,740.0,703.5875536343397
Pr2Fe17CN,737.0,697.6796177974554
Sm2Fe17CN,768.0,719.5495250031009
Tb2Fe17CN,763.0,716.1477464439417
Tm2Fe17CN,703.0,694.2203829769284
Nd2Fe17C,550.5,527.8587868182335
Pr2Fe17C,558.6666666666666,519.267342693727
Sm2Fe17C,555.2857142857143,556.4201191220353
Tb2Fe17C,565.6,551.0564719096037
Tm2Fe17C,577.0,525.6298668089147
Y2Fe17C,502.0,487.5973307204637
Fe2C,663.075,513.4414770049933
MgFe2CO4,718.0,538.3072039179199
Mn0.5Zn1Fe2.5C1,380.0,400.0263677040955
Fe2.95Ni0.05C1,493.15,618.6315455170102
Nd3Ti1.94Fe27.06C1,651.0,551.071843858175
Sm3Ti1.94Fe27.06C1,641.0,574.5463763073283
Pr3Ti29Fe29HC,646.15,423.1390240558446
Fe3C,480.1529411764706,611.0470061317366
GaFe3C,510.0,513.7909049997756
ZnFe3C,358.0,539.972239681922
Fe4C,481.0,612.8337154822144
Fe4CO4,858.15,725.4873794081561
Fe5SiC,780.0,621.2561124245996
Pr2Mn6Fe8C,85.0,285.92037918226157
Fe8Si2C,788.0,617.3090587187869
Sm1Fe8.7Mo0.3C1,684.0,586.6212400329017
NdFe9Si2C,462.0,507.418264916895
SmFe9Si2C,462.0,544.475343968822
Nd1Fe9.25Si1.75C1,465.0,495.68145351978694
La1Ga3.5Fe9.5C1,394.0,487.7185224859142
Mn3Ga0.5Ge0.5C1,238.0,260.6823535420704
Mn3Ga0.8Ge0.2C1,220.0,263.800974079344
Mn3Ga0.9Ge0.1C1,235.0,260.9476386894367
Mn3GaC,251.66666666666663,283.349418675184
GdC,343.0,152.9264984356303
GdMn3C,150.0,239.89921158602428
Gd15Si9C,170.0,262.2080599897065
Gd3C,500.0,183.72476183685868
Mn3Sn0.48Ge0.47C1,200.0,260.5453453868635
Mn3Zn0.5Ge0.5C1,273.0,273.9636822191634
LaMn2Ge2C,318.0,254.9126693982892
Nd15Ge9C,80.0,53.02324446106954
Pr15Ge9C,30.0,44.0920894620403
MnSiH6C,245.0,113.94998182281171
SiH6C,300.0,175.26362766761423
Ho2C,100.0,64.95992168329114
In2CO3,298.15,246.28203498986417
Sr0.37La0.63Mn1C1O3,325.0,250.5714585916831
La0.6Mn1Pb0.4C1N1O3,230.0,200.86993072678786
La0.6Mn1P1Pb0.4C1O3,230.0,202.74715332460877
LiZnCO,298.15,238.33584133656302
Mn0.01Si0.99C1,399.3333333333333,347.8701299644975
Mn0.01Si1C1,250.0,483.2187649631192
Mn0.03Si0.97C1,516.5,328.55947249909934
Mn0.03Si1C1,250.0,490.02058162763484
Mn0.05Si0.95C1,358.8,473.5649033487646
Mn0.1Si0.9C1,250.0,434.3303888540804
Mn0.2V2Sn0.8C1,52.0,111.32568193665966
Mn0.4V2Sn0.6C1,53.0,108.31606885521443
Mn0.6V2Sn0.4C1,54.0,154.42897582106224
MnSiC,300.0,319.96455042208555
Mn3.05Sn0.95C1,270.0,267.91638869073165
Mn3.07Sn0.93C1,266.0,267.94943941023524
Mn3Zn0.8Sn0.2C1,348.0,280.5331541734031
Mn3Zn0.6Sn0.4C1,290.0,271.4012838659874
Mn3Zn0.5Sn0.5C1,265.0,265.19845007602333
Mn3Zn0.4Sn0.6C1,200.5,259.9674747288063
Mn3Zn0.3Sn0.7C1,213.5,253.2042226090872
Mn3Zn0.2Sn0.8C1,230.0,253.9450003154808
Mn3Zn0.1Sn0.9C1,254.0,250.83727252416236
Mn3SnC,274.5,278.001021804204
Mn3ZnC,396.6666666666667,264.943487263137
Mn3.15Sn0.85C1,271.0,272.81173661753036
Mn3.1Sn0.9C1,248.0,267.9488155008414
Mn3.25Sn0.75C1,304.0,289.21806295025937
Mn3.2Sn0.8C1,284.0,277.0094541880727
Mn3.3Sn0.7C1,336.5,298.6595962685972
Mn3.4Sn0.6C1,352.0,329.91258005116356
Mn5SiC,284.0,322.19077608274785
Mn5Si3C,350.0,267.06322670503494
Mn9Si2C,220.0,360.7922259239767
Ti2NiMoCN,182.5,233.99815865533049
VCN,400.0,256.4687189352058
Si0.97Ni0.03C1,520.0,324.6516820263724
Si0.95Ni0.05C1,50.0,457.6840925696557
NiC,300.0,364.68311507707955
SiNiC,493.3333333333333,298.0071183481803
NpC,208.33333333333337,155.67485993772056
ZnCO,773.15,280.8090729160432
Pr5Si3C,50.6666666666667,45.080457322985815
ZnCS,300.0,361.103087279139
Tb15Si9C,135.0,152.2830904952394
SmC,30.0,110.27976381701461
Tb2C,266.0,155.69982403479676
Gd2Fe17C1.2,582.0,597.3282391974254
Th2Fe17C1.2,462.0,459.23044272007917
Nd1Fe9.25Si1.75C1.3,483.0,521.4702585667087
Nd1Fe10.5Mo1.5C1.4,579.0,538.1428872240489
Nd1Ti1Fe11C1.4,650.0,630.041632031216
Pr5Co19C1.5,760.0,664.454353289947
Er2Fe17C1.5N1,698.0,690.3446865273194
Nd1V1.25Fe10.75C1.5,670.0,602.6641366124571
Th1Fe11C1.5,419.0,516.2216881516266
Sm2Ga2Fe15C1.5,633.0,579.854688895672
Tb2Fe17C1.5,540.0,592.121158732515
Y2Fe17C1.5,550.0,489.985899909585
Nd1Fe9.25Si1.75C1.5,491.0,526.4266160415868
Pr5Si3C1.5,66.0,42.376320507827664
Pr16.7Co81.7C1.6,923.15,829.9765046507416
Tm2Fe17C1.6,550.0,578.038986735297
Th1Fe11C1.8,512.0,501.61148869964654
Sm2Ga2Fe15C1.8,631.15,580.2411563437068
Fe0.94Cu1H16C10N2O12,15.0,35.72329770533893
Fe7Si2C,605.0,644.2441970489507
Sm2Fe7C,411.15,581.6808063619859
Fe15P3C2,607.75,598.876438227973
Sr0.167La0.533Mn1H16C10O7,360.0,308.0956739593414
Sr0.2833La0.5667Mn0.85H16C10O6.55,360.0,291.5552904013381
Sr0.3333La0.6667Mn1H16C10O7,360.0,304.5846768823404
Sr0.3La0.6Mn1H16C10O7,360.0,318.1095098657905
Mn3Cr2H24C12(NO)12,74.0,50.81991212740732
Fe2Ni3H13.2C12N12O6.6,11.2,45.77409404711642
Fe2Ni3H14C12N12O7,16.3,35.33790375032317
Fe2Ni3(CN)12,19.0,205.8574378755728
Ta2Fe20C3,609.5,658.3153458556246
Ta9(Fe20C3)4,833.15,557.7847065060008
CoCuH22C14S3N2O7,6.0,42.32336751193391
Cu3H10(C7O3)2,1.8,57.684351308214374
Sm19Fe67C14,584.15,530.7169738245946
Co5H30(C8O7)2,16.2,41.278613208304925
Fe35Si7C8,780.0,592.5092550474293
Mn2NbH20C16N14O5,32.0,52.28814633351123
Mn2NbH20C18(N3O)4,34.0,54.93674092624832
Ce2Fe17C2,589.0,570.2994277792599
CuH12C2(NCl2)2,8.85,49.495409718284286
V0.83Co0.17C2N4,340.0,212.58460738936708
Dy1Co0.67Ni0.33C2,7.3,31.08911171097303
Tb1Co0.7Ni0.3C2,17.0,31.03267107457507
Tb1Co0.85Ni0.15C2,30.0,31.77261505103587
Sm2Cr2Fe14CoC2,533.15,555.7462893219529
DyCoC2,10.0,38.47773880604998
CoH2(CN2)2,10.0,111.1051129840059
CoC2N3,9.0,154.40811316620864
Tb0.6Y0.4Co1C2,18.0,61.282218894016665
TbCoC2,28.0,36.110130215486315
Sm2Cr2Fe13(CoC)2,578.15,602.8651361230587
Tb(CoC)2,28.0,152.25636512803337
Sm2Cr2Fe12Co3C2,623.15,638.512048631114
Sm2Cr2Fe11(Co2C)2,673.15,644.4174555223996
Sm2Cr0.5Fe16.5C2,491.0,578.2141817487176
Sm2Cr(Fe8C)2,539.0,547.9739533480914
Sm2Cr1.5Fe15.5C2,583.0,539.3211566346498
Sm2Cr2Fe15C2,524.575,515.7939007037651
Dy2Fe17C2,683.0,635.457775781247
Er2Fe17C2,675.0,625.247221038587
Sm2Ga2Fe15C2N1.6,659.15,573.5090761733361
Sm2Fe16.42Mo0.58C2,565.0,590.7362024871433
Gd2Fe17C2,712.0,654.0384684674187
Nd2Fe17C2,658.0,636.568905235566
Pr2Fe17C2,654.0,633.3569188324017
Sm2Fe17C2,675.0,622.150725174436
Tb2Fe17C2,680.0,650.8689997168835
Fe5C2,506.5,615.6753296754673
MnH10(CO2)2,3.19,79.74475563187312
NiH2(CN2)2,30.0,117.73958115196328
Ni2P2H3CO7,3.8,66.74016466083364
Ti2NiMoC2N,194.0,161.63971712881147
NiC2N3,21.0,188.05394537186763
SmNiC2,17.5,53.00046103888216
Pr5Si3C2,43.0,48.708255217293996
Nd1Ti1Fe11C2.1,675.0,613.1987119846549
Nd1Fe10.5Mo1.5C2.2,602.0,545.6444970948476
Nd2Fe17C2.2,739.0,633.1905630882926
Nd1V1.25Fe10.75C2.3,692.0,578.9301200426182
Er2Fe17C2.4,708.0,624.9216174352055
Fe0.976C2.4,653.0,495.62798631786467
Ce2Fe17C2.5,608.0,610.8029112672434
Dy2Fe17C2.5,681.0,661.4685890884796
Er2Fe17C2.5,671.0,651.6246485698467
Gd2Fe17C2.5,763.0,661.8085066078071
Nd2Fe17C2.5,662.0,658.6568666112416
Pr2Fe17C2.5,690.0,652.4324557430745
Sm2Fe17C2.5,719.5,656.5086968581962
Sm2Fe17H1C2.6N0.1,678.0,640.0257894054135
Sm2Fe17H1.1C2.6,674.0,643.2570660323809
Sm2Fe17C2.6N0.1,678.0,688.2164100891824
Sm2Fe17C2.6,671.5,653.4861015507092
Dy2Fe17C2.7,733.0,640.8564438157505
Sm2Fe16Si1C2.7,660.0,613.5399814872708
Pr2Fe17C2.7,735.0,651.8670061296093
Ce2Fe17C2.8,716.0,585.8027107078141
Fe9Co7C4,673.0,713.8021536999338
Mn3GaC,257.0,296.9233837237582
Fe0.9P1H20C24S3N2,15.0,108.51769042264918
Fe14SiC5,605.0,586.8450015204443
Y15Fe8C25,30.0,298.7989117133205
Sm2Fe16.5Co0.5C3,696.0,652.4445112321645
Sm2Fe16CoC3,707.0,665.9047644902939
CoC3N4,35.5,160.5662179045344
Sm2Fe15.5Co1.5C3,717.0,672.7387781165562
Sm2Fe15Co2C3,732.0,663.0732560719852
Mn3.58Cr30.02Fe56.64Mo9.76C3,963.95,423.7209358644987
Fe7C3,523.0,555.703250154156
MnSiC3,245.0,345.060661892015
SiNiC3,493.3333333333333,241.52215164412434
Np2C3,109.0,166.40923301470335
Pr5(SiC)3,43.0,53.10244737980307
NiH12C15NO4,12.2,50.080303428288765
V0.55Co0.45C4N4,340.0,230.01553500132428
Li3EuC4,225.0,95.40097510809055
K0.31Fe0.77Co0.77H7.08C4.62N4.62O3.54,16.0,100.97267605913606
Fe(Si7C8)5,300.0,486.89871055426323
Fe5CoH2C5N25O6,3.0,133.13728320056435
MnFeH2C5N5O6,3.0,76.17469968032964
Nd16Fe3C,519.15,550.3460634390597
Pr16Fe3C,500.15,440.1062773506284
Fe6H2C5N5O6,3.0,425.71700489246393
Ti11Ni30W6(CN2)5,210.0,165.54366367751743
Fe84P10.7C5.3,571.0,594.2633158661744
NbCo2H52C56(N12O5)2,18.0,65.86574096529624
MnH116(C14O)4,20.0,125.25552469446247
MnH22C6(NCl2)2,39.2,90.79615672884462
CrNi(CN)6,72.0,199.24958981116833
Mn7.1Cr11.52Fe72.08Mo9.3C6,796.35,484.74498203174346
Li0.2Eu2C6,225.0,65.28487401249822
RbMnFe(CN)6,11.3,187.59272791829306
FeH2(CO2)2,16.1,224.84173093518413
Nd8(Fe13C)3,413.15,553.2063291751718
Fe82.5P11.5C6,579.0,595.3310498513193
Fe83P11C6,578.0,595.2301084708182
Fe83.5P10.5C6,577.0,596.4482027204094
NdH6(CO)3,280.0,98.65236693367568
MnH2(CO2)2,8.0,93.52144837530875
NiH2(CO2)2,2.7,50.79510524605842
Fe82P11.7C6.3,580.0,599.6174503885529
PdC60,550.0,299.95703241461655
CoH10C7SO8,5.1,51.781969504337326
Fe7600Co400P13C7,625.0,663.5678130148088
Fe7200Co800P13C7,652.0,630.0913503123237
Fe7380Co820P11C7,656.0,632.9815461768834
Ti11Cr6Ni15W6C7N10,138.0,216.28051590221605
Ti11Cr6Ni30W6C7N10,18.0,199.74959977803252
Fe50Ni30P13C7,588.0,574.8340174602432
Fe60Ni20P13C7,613.0,607.5512802307674
Fe70Ni10P13C7,606.0,606.0517502093425
Sm12Ti7Fe74C7N0.03,470.0,575.117406741811
Nd16(Fe11C)7,471.65,562.2291955278984
Sm14Fe79C7,444.15,552.0746625735075
Fe80Ge2P11C7,602.0,607.5357009747302
Fe80Ge4P9C7,614.0,606.4443612412467
Fe80P13C7,584.3333333333334,600.7145228123264
Co1H6.8C7.2O4,47.5,50.90018891082652
Fe80P12.5C7.5,586.0,597.4470472304939
FeH20C8NCl4,1.8,69.05114193533369
CrCoH14C8NO13,11.0,47.2461046694554
Nd4Fe14Co5C2,785.15,696.7714388027357
Cu1.5Mo1H6C8N8O3,35.0,70.46543147638394
Cu2Mo1H15.2C8N8O7.6,17.0,50.34121093524501
C8S2N3F4,36.0,202.2862237364015
NiH11C8N4F5,2.1,37.588479252356905
NiSbH9C8(NF2)4,12.2,49.691553671688254
MnFeH14C8NO13,27.0,40.70960758552758
FeNiH14C8NO13,43.0,38.96934096203054
Nd4Fe19C2,558.15,533.140349711705
Co5H14C9O13,40.0,39.96893538785267
CuH8(C3O)3,15.0,40.475012846534966
Fe80P11C9,573.15,605.6932051484174
Ti11Ni20Mo16C9N,50.0,185.29452090541724
Ti11Ni40Mo16C9N10,116.0,192.5252563781533
Ca0.003Zn0.755Fe2.006Ni0.245O4,278.15,320.886700679138
Li0.997Ca0.006Fe4.995O8,872.0,877.0271163104312
Li0.993Ca0.014Fe4.993O8,873.0,874.6538859868267
Li0.995Ca0.01Fe4.995O8,873.0,876.2550616558168
Ca0.02La0.98Mn0.9Cu0.1O3,168.63,194.32916628078087
Li0.3Ca0.02Zn0.38Fe2.3O4,640.0,634.825159477514
Li0.99Ca0.02Fe4.99O8,874.0,874.8130456568754
Sr0.36Ca0.04La0.6Mn1O3,363.0,304.56870180340775
Ca0.05La0.95Mn0.9Cu0.1O3,164.13,195.34453092250067
Li0.3Ca0.05Zn0.35Fe2.3O4,662.0,656.9243692089957
Ca0.05Y2.95Fe5O12,550.0,546.3189534610113
Sr0.4Ca0.05La0.55Mn1O3,342.0,300.5124235560144
Sr0.4Ca0.05La0.67Mn1.12O3.38,290.0,304.00997299101226
Sr0.25Ca0.05La0.7Mn1O2.85,130.0,298.0759623845627
Sr0.25Ca0.05La0.7Mn1O2.925,223.0,300.67116116921466
Sr0.25Ca0.05La0.7Mn1O2.95,293.0,301.02995535971684
Sr0.25Ca0.05La0.7Mn1O2.975,334.0,300.1400780799779
Ca0.05La0.7Mn1Pb0.25O3,342.0,263.3719708102835
Sr0.25Ca0.05La0.7Mn1O3,359.0,305.5473440131931
Ca0.05La0.88Y0.07Mn1O3,225.0,213.30140553842108
Na0.15Ca0.05La0.8Mn1O3,320.0,240.31340150035948
Sr0.15Ca0.05La0.8Mn1O3,306.0,283.14721522308787
Sr0.45Ca0.05Nd0.5Mn1O3,250.0,228.62190609840152
Sr0.25Ca0.05Pr0.7Mn1O3,229.0,202.96558783020868
Sr0.308Ca0.067Nd0.4Sm0.225Mn1O3,189.9,174.69707502729867
Sr0.26Ca0.06Pr0.68Mn1O3,264.0,219.21779036868986
Li0.3Ca0.075Zn0.325Fe2.3O4,666.0,667.7393930416482
Sr0.17Ca0.08La0.75Mn0.95Ga0.05O3,280.59,282.20614337697407
Sr0.17Ca0.08La0.75Mn0.9Ga0.1O3,232.4,268.37150054161333
Sr0.17Ca0.08La0.75Mn1O3,334.22,292.6759822568933
Ca0.08Nd0.92Mn1O3,195.0,104.64762710973615
Sr0.41Ca0.09Pr0.5Mn1O3,250.0,244.24621051814847
Y3In0.7Fe2O12,377.0,265.3886589972205
Sr0.19Ca0.11La0.7Mn1O3,295.0,301.7776861902789
Sr0.125Ca0.125La0.75Mn1O3,283.0,285.02456343439985
Sr0.38Ca0.12La0.3Nd0.2Mn1O3,275.0,248.01181492705416
Ca0.12La0.78Mn1Pb0.1O3,242.0,235.58247224560864
Ca0.12La0.88Mn1O3,150.0,222.8583160794247
Sr0.255Ca0.12Nd0.625Mn1O3,197.6,193.96370891884303
Ca0.12Nd0.88Mn1O2.98,82.0,112.30427055356144
Ca0.12Nd0.88Mn1O2.99,87.0,114.3224177570611
Ca0.12Nd0.88Mn1O3,107.0,106.17069478718727
Sr0.165Ca0.135La0.7Mn1O3,314.5,295.72802272645384
Ca0.13La0.67Mg0.2Mn1O3,101.0,227.29888887320774
Sr0.18Ca0.14Pr0.68Mn1O3,228.0,199.10054957885947
Ca0.15La0.7Ce0.15Mn1O2.99,180.0,206.57589291562326
Ca0.15Sc0.85Co2,206.0,302.4600970285542
Sr0.15Ca0.15La0.7Mn0.975Fe0.025O3,336.4,284.17434411970413
Sr0.15Ca0.15La0.6Nd0.1Mn0.95Fe0.05O3,305.24,271.189610710641
Ca0.15La0.85Mn0.95Fe0.05O3,170.0,208.809984560035
Na0.05Ca0.15La0.8Mn0.95Fe0.05O3,178.0,213.87464531446759
Na0.05Ca0.15La0.8Mn0.85Fe0.15O3,130.0,171.11139375604853
Sr0.15Ca0.15La0.6Nd0.1Mn0.9Fe0.1O3,296.285,214.71373263062176
Sr0.15Ca0.15La0.7Mn0.9Fe0.1O3,225.0,215.46031140192707
Na0.05Ca0.15La0.8Mn0.9Fe0.1O3,156.0,180.21821318084835
Ca0.15Y2.85Fe5O12,550.0,544.6229426076108
K0.2Ca0.15La0.65Mn1O3,310.0,296.34606411420185
Na0.2Ca0.15La0.65Mn1O3,315.0,235.31273236121478
Sr0.18Ca0.15La0.67Mn0.97O2.8,355.0,290.5272037081973
Sr0.15Ca0.15La0.6Nd0.1Mn0.9O3,325.0,267.87428815379775
Sr0.15Ca0.15La0.6Nd0.1Mn0.9V0.1O3,298.0,268.64240982120407
Sr0.15Ca0.15La0.6Nd0.1Mn1O3,326.5,283.44674015927626
Sr0.1Ca0.15La0.75Mn1O3,305.0,282.18212181480135
Ca0.15La0.7Mn1Pb0.15O3,321.0,246.21664238679836
Sr0.15Ca0.15La0.7Mn1O3,314.69166666666666,294.0173489465722
Ca0.15La0.85Mn1O3,236.66666666666663,229.99410749338136
Na0.05Ca0.15La0.8Mn1O3,249.0,231.88700869861523
Sr0.05Ca0.15La0.8Mn1O3,248.0,271.0070447839083
Sr1.65Ca0.15La1.2Mn2O7,128.0,178.9519842877227
Sr0.35Ca0.15Nd0.5Mn1O3,218.0,221.02503474269832
Sr0.15Ca0.15Nd0.7Mn1O3,123.0,163.00712745737204
Ca0.15Nd0.85Mn1O3,111.7,116.79991936128303
Sr0.2Ca0.15Pr0.65Mn1O3,255.0,210.95299984742917
Sr0.135Ca0.165La0.7Mn1O3,320.0,290.5064797015159
Sr0.34Ca0.16La0.35Pr0.15Mn1O3,280.0,267.74713218724906
Sr0.16Ca0.17La0.67Mn1O3,334.59000000000003,295.5963123987101
Ca0.17La0.78Mn1Pb0.05O3,225.0,233.94789867141975
Sr0.185Ca0.185La0.63Mn1O3,341.0,297.50616171717866
Sr0.12Ca0.18La0.7Mn1O3,300.0,289.89506878330417
Ca0.18La0.82Mn1O3,173.5,230.67721478233648
Sr1.62Ca0.18La1.2Mn2O7,98.0,175.6330313109913
Ca0.195La0.455Mn0.3Zn0.35O2.05,269.0,206.4562432780305
Sr0.178Ca0.197Pr0.625Mn1O3,236.9,219.8734513728518
Ca0.1La0.7Mn1Cd0.2O3,105.0,240.12484876721626
Ca0.1Ho0.9Mn0.9Co0.1O3,125.0,72.59923566230785
Sr0.9Ca0.1Co1O3,283.0,214.71315127813523
Ca0.1La0.9Mn0.9Cu0.1O3,152.73,201.77724439181208
Sr0.3Ca0.1La0.6Mn0.975Fe0.025O3,308.1885,296.33774998666865
Sr0.3Ca0.1Nd0.6Mn0.975Fe0.025O3,230.0,186.48065364541574
Sr0.3Ca0.1Pr0.6Mn0.975Fe0.025O3,247.5,217.72447462926857
Sr0.3Ca0.1Pr0.6Mn0.95Fe0.05O3,185.0,187.30503300153308
Sr0.3Ca0.1Pr0.6Mn0.925Fe0.075O3,112.0,169.2091589420658
Sr1.9Ca0.1Fe1Mo1O6,395.0,395.2327840351444
Li0.3Ca0.1Zn0.3Fe2.3O4,680.0,674.302303115444
Ca0.1Y2.9Fe4.9Sn0.1O12,531.0,531.1029141895307
Ca0.1Y2.9Fe5O12,550.0,545.6018529507012
Ca0.1Gd0.9Mn1O3,82.0,83.59767231595926
Ca0.1La0.9Mn2Ge2,315.0,275.95563253212083
Sr0.35Ca0.1La0.55Mn1O3,336.0,299.50360680037386
Sr0.2Ca0.1La0.5Pr0.2Mn1O3,296.0,270.81120507816763
Sr0.15Ca0.1La0.75Mn1O3,327.0,292.2233626588045
Ca0.1La0.7Mn1Pb0.2O3,327.5,251.86971246849984
Sr0.2Ca0.1La0.7Mn1O3,338.5,300.0421213814642
Na0.1Ca0.1La0.8Mn1O3,300.0,233.82888459293181
Ca0.1La0.8Mn1O3,178.182,230.31219900250932
Sr0.1Ca0.1La0.8Mn1O3,288.0,272.681274655008
Li0.1Ca0.1La0.9Mn0.9O3,190.0,207.6447015054831
Ca0.1La0.9Mn1O2.986,150.0,223.93584454322746
Ca0.1La0.9Mn1O3,150.25,221.22536568438187
Ca0.1La0.9Mn1O3.054,202.0,219.72869218146474
Ca0.1Lu0.9Mn1O3,110.0,162.80716681055165
Sr0.4Ca0.1Nd0.5Mn1O3,247.5,227.1475705159079
Ca0.1Nd0.85Mn1O2.94,90.0,117.97220585565859
Ca0.1Nd0.8Mn1O2.89,115.0,116.26055292926516
Sr0.4Ca0.1Pr0.5Mn1O3,261.0,246.4629611274287
Sr0.3Ca0.1Pr0.6Mn1O3,270.0,242.94243048584542
Ca0.1Nd0.9V1O3,115.0,110.18512052212051
Ca0.1Y0.9Ti1O3,14.0,124.63171397082891
Na0.09Ca0.21La0.7Mn1O3,271.0,230.16728482913163
K0.075Ca0.225La0.7Mn1O3,280.0,291.23694166722345
Ca0.225La0.7Mn1Pb0.075O3,285.0,230.72797535936243
Ca0.227La0.227Mn1O3,265.0,231.22998133396703
Ca0.22La0.78Mn1O3,202.0,230.67709826543867
Sr0.07Ca0.22La0.7Mn1O3,293.0,282.1989088031508
Sr0.1Ca0.22Pr0.68Mn1O3,83.0,172.50347823853014
Ca0.238La0.762Mn0.924O3,142.0,215.4654846255686
Ca0.23La0.66Mn1.1O3,278.0,237.3902311402473
Ca0.23La0.67Mg0.1Mn1O3,109.0,227.5442221067284
Sr0.1Ca0.23La0.67Mn1O3,296.37,290.21512898608444
Sr0.23Ca0.23Sm0.55Mn1O3,77.75,143.72857088311102
Ca0.241La0.241Mn1O3,262.0,234.4844793241708
Ca0.246La0.246Mn1O3,262.0,235.45952877620851
Na0.06Ca0.24La0.7Mn1O3,263.0,234.5651513380689
Sr0.06Ca0.24La0.7Mn1O3,288.6666666666667,280.0010712834478
Sr0.1Ca0.24Pr0.65Mn1O3,100.0,191.16633755784275
Ca0.25La1.75Mn1Co1O6,182.0,187.6982192037671
K0.05Ca0.25La0.7Mn1O3,253.5,287.6852343441568
Sr0.25Ca0.25La0.25Nd0.25Mn1O3,210.0,225.16101416842662
Ca0.25La0.375Y0.375Mn1O3,130.0,191.05945679670006
Sr0.2Ca0.25La0.55Mn1O3,311.0,293.4452928345158
Ca0.25La0.75Mn1O3,205.0,229.32626347146683
Li0.05Ca0.25La0.7Mn1O3,217.0,232.83330413699912
Na0.05Ca0.25La0.7Mn1O3,253.0,229.11241548402072
Ca0.25La0.7Mn1Pb0.05O3,271.5,229.62051679622238
Sr0.05Ca0.25La0.7Mn1O3,282.0,284.1040186030182
Sr0.05Ca0.25Pr0.5Nd0.2Mn1O3,106.0,163.97080808247546
Sr0.25Ca0.25Nd0.5Mn1O3,168.0,217.98858369945688
Sr0.1Ca0.25Pr0.65Mn1O3,200.0,176.52636907718005
Ca0.25Pr0.75Mn1O3,124.0,129.42849207387647
Sr0.05Ca0.25Pr0.7Mn1O3,109.0,148.52158765864698
Sr0.04Ca0.26La0.7Mn1O3,277.5,282.3918359409637
Ca0.275La0.725Mn1O3,268.0,234.50924127631552
Ca0.275La0.7Mn1Pb0.025O3,263.0,231.22681805644322
Ca0.277La0.723Mn0.963O3,259.0,221.90041926285753
Sr0.09Ca0.27La0.67Mn0.97O2.9,370.0,295.092954581501
Ca0.27La0.6Pr0.13Mn1O3,225.0,214.80643188321946
Na0.03Ca0.27La0.7Mn1O3,260.0,232.90080141185092
Sr0.03Ca0.27La0.7Mn1O3,268.0,277.2563762722243
Ca0.282La0.658Mn0.94Zn0.06O2.94,269.0,220.73302864633013
Ca0.28La0.66Mn1.05O3,266.0,232.82455542846873
Ca0.28La0.67Mg0.05Mn1O3,201.0,226.2609491323673
Ca0.28La0.72Mn1O3,235.0,232.25382521984736
Sr0.01Ca0.28La0.7Mn1O3,263.0,279.42968527250974
Ca0.297La0.603Mn0.9Fe0.02Ni0.01O2.1,130.0,229.14952516249318
Ca0.29La0.36Pr0.36Mn0.92O3,122.0,154.6960221827309
Ca0.29La0.71Mn1O3,240.0,229.66126443156918
Ca0.29Pr0.71Mn1O3,120.0,134.21225627146077
Ca0.2La0.7Mn1Cd0.1O3,165.0,234.6229404053964
Ca0.2La1.6Ti0.8Mn0.8Co0.8Cu0.6O7.2,210.0,175.95684403549802
Ca0.2La1.8Co1Ir1O6,94.0,107.03313202616268
Ca0.2La0.8Co1O3,150.0,159.61633864802334
Sr0.8Ca0.2Co1O3,286.0,216.29359188936647
Sr0.1Ca0.2La0.7Mn0.95Cr0.05O3,279.84000000000003,279.49297879685605
Sr0.1Ca0.2La0.7Mn0.85Cr0.15O3,234.0,255.23062447615297
Sr0.1Ca0.2La0.7Mn0.9Cr0.1O3,255.165,273.835943167059
Sr0.1Ca0.2La0.7Mn0.8Cr0.2O3,224.0,250.39805571827995
Ca0.2La0.8Mn0.9Cu0.1O3,138.67,202.33415151777172
Ca0.2La0.78Dy0.02Mn1O3,195.0,218.88571941250177
Ca0.2La0.8Fe1O3,680.3,531.6925775056502
Sr1.8Ca0.2Fe1Mo1O6,414.0,395.25456795225875
Ca0.2Y2.8In1Fe4O12,382.0,440.91375707834186
Ca0.2Y2.8In0.7Fe4.3O12,422.0,451.2138645988066
Ca0.2Y2.8Fe4.8Sn0.2O12,511.0,528.911410512133
Ca0.2Y2.8Fe5O12,550.0,543.1453170819802
Ca0.2Gd0.8Mn1O3,85.0,90.8530325673946
Ca0.2La0.8Mn2Ge2,312.0,270.9291161083794
K0.1Ca0.2La0.7Mn1O3,273.0,294.8721955272718
Ca0.2La0.6Nd0.2Mn1O3,150.0,202.85460239880956
Ca0.2La0.6Mn1O3,225.66666666666663,231.8002116137866
Sr0.2Ca0.2La0.6Mn1O3,339.82,296.357267956947
Sr0.08Ca0.2La0.72Mn1O3,300.0,283.85226040799716
Ca0.2La0.75Mn1O3,170.0,233.87473798276227
Sr0.05Ca0.2La0.75Mn1O3,264.0,276.6579697955949
Ca0.2La0.7Mn1O3,239.0,233.3970233866776
Ca0.2La0.7Mn1Pb0.1O3,300.3333333333333,233.61410026701964
Sr0.1Ca0.2La0.7Mn1O3,303.35,285.4406695203728
Li0.1Ca0.2La0.8Mn0.9O3,270.0,209.52105257436926
Ca0.2La0.8Mn1O3,205.47054545454543,226.516684141337
Sr0.3Ca0.2Nd0.5Mn1O3,195.0,222.317907763255
Ca0.2Nd0.75Mn1O2.93,110.0,119.6547707376486
Ca0.2Nd0.7Mn1O2.88,115.0,120.16494069564884
Ca0.2Nd0.8Mn1O3,125.0,119.40118929000873
Sr0.3Ca0.2Pr0.5Mn1O3,229.0,251.7939342469591
Ca0.2Pr0.8Mn1O3,125.0,132.67338154623133
Ca0.2Nd0.8V1O3,92.0,115.13042959510663
Sr0.8Ca0.2Ru1O3,163.0,145.88074126128254
Ca0.2Y0.8Ti1O3,3.0,135.90584654617214
Ca0.3135La0.6365Mn0.95Fe0.1Ni0.05O2.1,150.0,214.53489606946076
Sr0.0167Ca0.3167La0.67Mn1O3,275.0,278.45080395414004
Sr2Ca0.31Cu1Re0.69O5.8,440.0,323.66840468074713
Sr2Ca0.31Cu1Re0.69O5.9,440.0,357.0168940715105
Sr2Ca0.31Cu1Re0.69O6,440.0,347.2035860303742
Ca0.31La0.1Pr0.59Mn0.96O3,103.0,133.22072609452385
Ca0.31La0.67Mg0.02Mn1O3,237.0,227.56838869007987
Ca0.31La0.7Mn1O3,243.0,231.88067456324336
Ca0.31Pr0.69Mn0.96O3,119.0,132.73224565624787
Ca0.324La0.324Mn1O3,267.0,232.08791987549242
Ca0.3267La0.6633Mn0.99Fe0.02Ni0.01O3,235.0,217.6388482914513
Ca0.327La0.663Ho0.01Mn1O3,331.0,223.40073009223454
Sr0.02Ca0.32La0.22Mn1O3,275.0,232.76265704105293
Ca0.32La0.54Mn1O2.98,300.0,235.54822913830765
Ca0.32La0.68Mn1O3,160.0,235.39622003156234
Ca0.331La0.331Mn1O3,266.0,233.97388634336045
Ca0.332La0.332Mn1O3,262.0,236.42003103615264
Ca0.3333La0.6667Mn0.94Cr0.06O3,212.0,217.22302567785053
Ca0.3333La0.6Dy0.0667Mn1O3,176.0,205.7208933057257
Ca0.3333La0.5667Y0.1Mn1O3,127.3,213.46760533066885
Ca0.3333Nd0.6Y0.0667Mn1O3,42.0,135.9006372338624
Ca0.333La0.533Dy0.133Mn1O3,116.0,164.8238588796122
Ca0.333La0.533Tb0.133Mn1O3,88.0,183.65368238357524
Ca0.333La0.633Tb0.033Mn1O3,230.0,217.92336192052684
Ca0.333La0.6Tb0.067Mn1O3,165.0,207.1493679742514
Ca0.334La0.334Mn1O3,266.5,234.41086591722615
Ca0.336La0.336Mn1O3,266.0,236.83684183302046
Ca0.33La0.67Mn0.9Co0.1O3,170.0,195.39608334764756
Ca0.33La0.67Mn0.95Cr0.05O3,224.0,217.78716756854004
Ca0.33La0.67Mn0.94Cr0.06O3,226.0,214.45767244201718
Ca0.33La0.67Mn0.85Cr0.15O3,202.0,207.92492214688488
Ca0.33La0.67Mn0.9Cr0.1O3,220.25,212.7406413157694
Ca0.33La0.67Mn0.75Cr0.25O3,202.5,205.3398575415509
Ca0.33La0.67Mn0.8Cr0.2O3,195.0,200.73753591954213
Ca0.33La0.67Mn0.7Cr0.3O3,175.0,199.43763699158154
Ca0.33La0.67Mn0.85Cu0.15O3,194.2,203.23595029194465
Ca0.33La0.67Mn0.95Cu0.15O3,194.0,221.17213430791935
Ca0.33La0.65Dy0.02Mn0.9V0.1O3,187.5,207.77549273496342
Ca0.33La0.5Dy0.17Mn0.9V0.1O3,92.5,163.55258453560685
Ca0.33La0.57Dy0.1Mn0.9V0.1O3,107.5,180.76901336231026
Sr0.03Ca0.33La0.63Eu0.01Mn1O3,250.0,269.92124410815603
Ca0.33La0.4Eu0.27Mn1O3,104.333333333333,176.96912171369618
Sr0.4Ca0.33La0.23Eu0.4Mn1O3,160.0,187.08311845185702
Ca0.33La0.67Mn0.9757Fe0.03O3,210.0,219.52904536404486
Ca0.33La0.67Mn1Fe0.04Ni0.02O3,200.0,208.32933900250455
Ca0.33La0.67Mn0.93Fe0.07O3,156.0,185.94036065881764
Ca0.33La0.67Mn0.9Fe0.1O3,150.0,184.50082880327167
Ca0.33Pr0.67Mn0.9Fe0.1O3,176.0,123.3299350602052
Ca0.33Pr0.67Mn0.8Fe0.2O3,135.0,119.4828507372976
Ca0.33La0.67Mn1Fe0.3Ni0.15O3.6,125.0,192.55879276890172
Ca0.33Pr0.67Mn0.7Fe0.3O3,105.0,120.84482160145483
Ca0.33La0.67Mn1Fe3O7,210.0,542.4045308785887
Ca0.33La0.67Mn0.9Ga0.1O3,116.0,207.28894356540903
Ca0.33La0.6Gd0.06Mn1O3,182.0,208.953668352083
Ca0.33Gd0.67Mn1O3,80.0,89.84083056082281
Ca0.33La0.64Ho0.03Mn1O3,226.0,218.0879184840722
Ca0.33La0.27Nd0.4Mn1O3,90.0,154.33407069762677
Ca0.33La0.33Nd0.33Mn1O3,150.0,164.20336652163485
Ca0.33La0.33Pr0.34Mn1O3,210.0,166.3638579544346
Ca0.33La0.53Y0.13Mn1O3,88.8,211.51339117531845
Ca0.33La0.56Mn1.1O3,262.0,236.51003616878504
Ca0.33La0.57Mn1O3,283.4,236.13261355185494
Ca0.33La0.57Tb0.1Mn1O3,160.0,185.8000945077445
Ca0.33La0.61Mn1.05O3,272.0,231.81431147219845
Ca0.33La0.61Mn1O3,281.0,235.37854897026955
Ca0.33La0.65Mn1O3,277.0,232.18112547244522
Ca0.33La0.66Mn1O3,246.5,234.8556502366939
Ca0.33La0.67Mn0.5V0.5O3,287.5,188.74220105529173
Ca0.33La0.67Mn0.75V0.25O3,287.5,197.35796250741177
Ca0.33La0.67Mn0.85V0.15O3,287.5,199.87464855941806
Ca0.33La0.67Mn0.85Zn0.15O3,201.5,207.89562062007434
Ca0.33La0.67Mn0.92V0.08O3,209.0,208.64166493508228
Ca0.33La0.67Ti0.07Mn0.93O3,113.0,201.52479025733078
Ca0.33La0.67Mn0.94O3,240.0,216.88233604424053
Ca0.33La0.67Mn0.94V0.06O3,277.5,212.89401987906936
Ca0.33La0.67Mn0.95O3,220.0,220.17399662810575
Ca0.33La0.67Ti0.05Mn0.95O3,133.5,208.13366366971476
Ca0.33La0.67Mn0.96O3,257.0,223.5368562881385
Ca0.33La0.67Mn0.96V0.04O3,216.0,219.0020125402076
Ca0.33La0.67Ti0.03Mn0.97O3,199.5,216.80324467482137
Ca0.33La0.67Mn0.97V0.03O3,277.5,217.49634603734665
Ca0.33La0.67Mn0.98Ni0.02O3,244.0,225.5506580811901
Ca0.33La0.67Mn0.98O3,264.0,226.279663789872
Ca0.33La0.67Ti0.01Mn0.99O3,246.6,222.3820173526084
Ca0.33La0.67Ti0.1Mn0.9O3,98.3,194.06856854982985
Ca0.33La0.67Mn0.9V0.1O3,248.83333333333337,203.41414901304867
Ca0.33La0.67Mn1,270.0,236.85983872922588
Ca0.33La0.67Mn1.05O3,248.0,231.02457469684302
Ca0.33La0.67Mn1O1,260.0,224.45180164520383
Ca0.33La0.67Mn1O2.97,260.0,233.36865069796696
Ca0.33La0.67Mn1O3,260.75,230.0116632118598
Ca0.33La0.67Mn1.1O3,222.0,239.7467445189383
Ca0.33La0.6Y0.07Mn1O1,230.0,224.40979567316984
Ca0.33La0.6Tb0.066Mn1O3,166.0,200.53930536547648
Ca0.33La0.6Y0.07Mn1O3,156.66666666666666,215.51525346458587
Ca0.33Nd0.67Mn1O3,123.0,125.73250567754353
Ca0.33Pr0.67Mn1O3,184.0,131.30539346279897
Sr0.04Ca0.34La0.23Pr0.4Mn1O3,238.8,224.64360478480256
Sr0.11Ca0.34Pr0.55Mn1O3,210.0,229.4182427963793
Ca0.35La0.2Pr0.45Mn0.97Cr0.03O3,200.0,142.49433748406435
Ca0.35La0.2Pr0.45Mn0.9Cr0.1O3,200.0,145.27622828863045
Ca0.35La0.6Eu0.05Mn1O3,227.6,219.90740917546168
Ca0.35La0.5Eu0.15Mn1O3,140.8,189.11011064237982
Ca0.35La0.55Eu0.1Mn1O3,187.9,204.5255742855649
Ca0.35La0.65Mn0.95Fe0.05O3,185.0,212.03832889349155
Ca0.35La0.2Pr0.45Mn0.95Ru0.05O3,150.0,148.92999914810449
Ca0.35La0.2Pr0.45Mn0.99Ru0.01O3,120.0,152.3270298511947
Ca0.35La0.53Mn1O3,254.0,232.97570401777529
Sr0.15Ca0.35La0.5Mn1O3,278.0,281.9722665007766
Ca0.35La0.65Mn0.5V0.5O3,208.0,201.56415654483024
Ca0.35La0.65Mn0.85Ni0.15O3,194.0,194.36965281903076
Ca0.35La0.65Mn0.95Ni0.05O3,272.0,212.32718517993086
Ca0.35La0.65Mn0.9Ni0.1O3,236.0,200.80518953258272
Ca0.35La0.65Ti0.1Mn0.9O3,103.0,190.57565327149538
Ca0.35La0.65Mn1O3,263.07000000000005,230.23826272464186
Sr0.05Ca0.35La0.6Mn1O3,288.2,280.0906130405371
Sr0.05Ca0.35Nd0.6Mn1O3,160.0,177.21532458719932
Ca0.35Pr0.65Mn1O3,117.0,134.2540194778688
Sr0.02Ca0.36La0.23Pr0.4Mn1O3,230.0,222.12088876618765
Ca0.375La0.225Pr0.4Mn1O3,123.0,159.9988952731098
Ca0.375La0.325Pr0.3Mn1O3,210.0,178.6478631173273
Ca0.375La0.625Mn1O3,270.55,233.45216059130155
Ca0.37La0.63Mn0.92Fe0.08O3,170.0,185.6492680570681
Ca0.37La0.63Mn1O3,269.1,232.91598230378887
Ca0.38La0.62Mn1O3,266.8,230.2937766784235
Ca0.3La0.6Ce0.1Mn1O3,226.0,219.17385309934886
Ca0.3La0.9Ce0.1Mn1O3,244.0,208.40584106226754
Ca0.3La0.5Ce0.2Mn1O3,193.0,190.1240339390983
Ca0.3La0.8Ce0.2Mn1O3,190.0,193.42279550672345
Ca0.3La0.4Ce0.3Mn1O3,120.0,169.21582421349558
Ca0.3La0.7Ce0.3Mn1O3,89.0,210.1524912436915
Ca0.3La0.3Ce0.4Mn1O3,47.0,143.5312898220809
Ca0.3La0.2Ce0.5Mn1O3,46.0,121.80210259462488
Ca0.3La0.1Ce0.6Mn1O3,41.0,94.56499386185163
Ca0.3Ce0.7Mn1O3,42.0,103.35195504266251
Ca0.3Pr0.7Mn0.98Co0.02O3,106.0,126.839730178113
Ca0.3La0.7Mn0.95Co0.05O3,217.5,206.36603053920012
Ca0.3Pr0.7Mn0.95Co0.05O3,106.235,130.99528753061838
Ca0.3La0.65Mn0.9Co0.1Pb0.05O3,198.0,207.75880592111955
Ca0.3Pr0.7Mn0.9Co0.1O3,116.0,132.43182643727226
Ca0.3La0.7Mn0.5Co0.5O3,159.0,182.0251712309212
Ca0.3La0.7Mn1Fe2Co1O7,252.0,420.5383554462493
Ca0.3La0.7Co1O3,144.0,171.94967327870555
Sr0.7Ca0.3Co1O3,270.0,214.84893515329975
Ca0.3La0.7Mn1Co3O7,189.0,227.25338298084452
Ca0.3Pr0.7Mn0.95Cr0.05O3,144.85,131.079140631992
Ca0.3La0.65Nd0.05Mn0.9Cr0.1O3,225.0,208.56501657946066
Ca0.3La0.7Mn0.9Cr0.1O3,202.0,209.86850393190602
Ca0.3Pr0.7Mn0.9Cr0.1O3,160.0,132.00192428457305
Ca0.3Pr0.7Mn0.8Cr0.2O3,155.0,134.09458968654994
Ca0.3La0.7Mn0.98Cu0.02O3,246.0,226.81040205756588
Ca0.3La0.7Mn0.96Cu0.04O3,190.0,218.77789257963056
Ca0.3La0.7Mn0.94Cu0.06O3,154.9,212.27501795742015
Ca0.3La0.7Mn0.85Cu0.15O3,235.0,207.45515748883992
Ca0.3La0.65Mn0.9Cu0.1Pb0.05O3,394.3125,208.5050871307581
Ca0.3La0.7Mn0.9Cu0.1O3,163.54,201.30811546185112
Ca0.3La0.53Dy0.17Mn1O3,65.0,179.23219726197905
Sr0.15Ca0.3La0.4Eu0.15Mn1O3,130.0,214.08427390956942
Sr0.2Ca0.3La0.3Eu0.2Mn1O3,75.0,208.82576770334148
Ca0.3La0.7Mn1O2.89F0.6,269.0,210.75893091768714
Ca0.3La0.7Mn0.98Fe0.02O3,215.3,219.02395845917354
Ca0.3La0.7Mn0.96Fe0.04O3,179.85,215.610004459203
Ca0.3Gd0.7Mn0.95Fe0.05O3,65.0,102.6916909986715
Ca0.3La0.7Mn0.95Fe0.05O3,150.0,210.04928976170925
Ca0.3Pr0.7Mn0.95Fe0.05O3,89.95,134.1948874879277
Ca0.3Sm0.7Mn0.95Fe0.05O3,71.0,110.66579803495452
Ca0.3La0.7Mn0.94Fe0.06O3,139.72,197.8871808980682
Ca0.3La0.7Mn0.93Fe0.07O3,112.0,181.34730054649398
Ca0.3La0.7Mn0.92Fe0.08O3,124.49,183.5276426498382
Ca0.3La0.7Mn0.91Fe0.09O3,107.75,184.79002817291993
Ca0.3La0.7Mn0.89Fe0.11O3,103.28,171.91432419766105
Ca0.3La0.1Pr0.6Mn0.9Fe0.1O3,65.0,129.79145643597863
Ca0.3La0.7Mn0.9Fe0.1O3,105.9,182.46017451328194
Ca0.3La0.1Pr0.6Mn0.8Fe0.2O3,60.0,110.99763823732327
Ca0.3La0.7Mn0.8Fe0.2O3,60.95,145.62818614891077
Ca0.3La0.1Pr0.6Mn0.7Fe0.3O3,59.0,112.64168715542718
Ca0.3La0.7Mn0.7Fe0.3O3,50.74,133.01292791686316
Sr1.7Ca0.3Fe1Mo1O6,409.0,397.92128815232417
Ca0.3Y2.7Fe4.7Sn0.3O12,491.0,507.7561889753947
Ca0.3La0.7Mn0.95Ga0.05O3,160.0,213.20124162361967
Ca0.3Gd0.7Mn1O3,85.0,84.4900083745471
Ca0.3La0.7Mn2Ge2,309.0,266.40454426752507
Ca0.3La0.7Mn0.95In0.05O3,136.0,219.83292699386988
Ca0.3La0.17Nd0.52Mn1O3,198.0,125.2247471147435
Ca0.3La0.17Pr0.52Mn1O3,110.0,144.76231041351969
Ca0.3La0.1Pr0.6Mn1O3,94.0,131.8575936983435
Ca0.3La0.21Pr0.49Mn1O3,130.0,137.50858866727802
Sr0.15Ca0.3La0.25Nd0.3Mn1O3,170.0,211.84430383121207
Ca0.3La0.28Pr0.42Mn0.93O3,115.0,145.6926329835126
Ca0.3La0.2Pr0.5Mn1O3,115.5,144.4954026742823
Ca0.3La0.35Pr0.35Mn1O3,162.5,163.70199449543028
Ca0.3La0.35Y0.35Mn1O3,60.0,198.5002726620339
Sr0.15Ca0.3La0.37Sm0.18Mn1O3,140.0,212.1559641372823
Ca0.3La0.39Pr0.32Mn0.98O3,158.0,177.7782372090984
Ca0.3La0.3Pr0.4Mn1O3,144.0,159.78994728065496
Sr0.15Ca0.3La0.43Tb0.12Mn1O3,120.0,197.2916956149681
Ca0.3La0.45Pr0.25Mn1O3,200.0,185.35130096483238
Sr0.15Ca0.3La0.475Tb0.075Mn1O3,182.0,221.1665688963995
Ca0.3La0.49Pr0.22Mn0.98O3,190.0,192.7261721593021
Ca0.3La0.4Pr0.3Mn1O3,162.0,180.3588270424264
Sr0.2Ca0.3La0.4Tb0.1Mn1O3,132.5,209.40025357423679
Sr0.1Ca0.3La0.55Tb0.05Mn1O3,205.0,248.9046276385066
Ca0.3La0.5Pr0.2Mn1O3,189.5,199.60325838358563
Sr0.2Ca0.3La0.5Mn1O3,317.0,282.65758993786403
Ca0.3La0.5Mn1Te0.2O3,268.0,219.89490694759894
Sr0.05Ca0.3La0.625Tb0.025Mn1O3,200.0,270.5962850411744
Ca0.3La0.65Mn0.9Ni0.1Pb0.05O3,223.0,210.00641185642414
Ca0.3La0.65Mn0.9Zn0.1Pb0.05O3,204.0,218.9675356666148
Na0.05Ca0.3La0.65Mn1O3,287.04,229.22888381176233
Ca0.3La0.65Mn1Pb0.05O3,286.0,234.03184942140894
Ca0.3La0.68Sm0.02Mn1O3,238.0,229.12021991799014
Ca0.3La0.69Mn1O3,253.0,228.7515300458449
Na0.1Ca0.3La0.6Mn1O3,298.52,226.8561201870028
Ca0.3La0.6Mn1Pb0.1O3,293.0,234.97825233735057
Ca0.3La0.6Pr0.1Mn1O3,202.0,223.2986020241474
Ca0.3La0.6Tb0.1Mn1O3,180.0,189.46570113352584
Ca0.3La0.6Y0.1Mn1O3,162.5,214.9836229188493
Ca0.3La0.71Mn1O3,251.0,231.9358505081875
Li0.1Ca0.3La0.7Mn0.9O3,270.0,206.1219552963367
Ca0.3La0.7Mn0.85Ni0.15O3,170.0,196.20018024404825
Ca0.3La0.7Mn0.88Ni0.12O3,185.0,198.79192536953613
Ca0.3La0.7Mn0.91Ni0.09O3,200.0,201.1080224687118
Ca0.3La0.7Mn0.92Zn0.08O3,100.0,202.96431397245146
Ca0.3La0.7Mn0.94Zn0.06O3,143.05,212.30524207679625
Ca0.3La0.7Mn0.95Ni0.05O3,250.0,210.9842042941744
Ca0.3La0.7Sc0.05Mn0.95O3,116.9,211.9876725841775
Ca0.3La0.7Mn0.97Ni0.03O3,280.0,221.01759618707985
Ca0.3La0.7Sc0.03Mn0.97O3,158.0,220.972087919128
Ca0.3La0.7Mn0.98Ni0.02O3,250.0,221.05294923559893
Ca0.3La0.7Mn0.998Nb0.002O3,274.0,226.9161344612385
Ca0.3La0.7Mn0.99Nb0.01O3,245.0,225.3401994428253
Ca0.3La0.7Mn0.99Ni0.01O3,290.0,223.26108478746437
Ca0.3La0.7Mn0.9Ni0.1O3,180.0,200.535250380328
Ca0.3La0.7Mn0.9Zn0.1O3,138.375,206.0303123192038
Ca0.3La0.7Mn1O2.975,258.0,232.7195815467589
Ca0.3La0.7Mn1O2.99,259.0,230.6546885637497
Ca0.3La0.7Mn1O3,250.6038775510204,229.90799469931753
Ca0.3La0.7Y0.7Mn1O3,260.0,215.7160575082397
Sr0.3Ca0.3La1.4Mn2O6,297.0,291.7637489755136
Ca0.3Lu0.7Mn1O3,110.0,170.76950017371635
Ca0.3Pr0.7Mn0.95Ni0.05O3,109.97,132.02213121945977
Ca0.3Nd0.7Mn0.97Ni0.03O3,86.0,116.72185755500718
Ca0.3Nd0.7Mn0.99Ni0.01O3,60.0,124.07987954945494
Sr0.1Ca0.3Nd0.6Mn1O3,175.0,186.4096868127129
Ca0.3Pr0.7Mn1O3,105.0,134.68274761607773
Ca0.3Y0.7Mn1O3,70.0,172.1031783002744
Ca0.41La0.67Fe11.92O19,701.0,714.9766545790568
Ca0.425La0.575Mn1O3,248.0,225.67968774044985
Ca0.42La0.18Pr0.4Mn1O3,118.75,151.28015580677572
Ca0.45Pr0.55Mn0.97Cr0.03O3,160.0,148.49840321594166
Ca0.45Pr0.55Mn0.94Cr0.06O3,160.0,137.5523745253696
Ca0.45Nd0.55Mn0.9Cr0.1O3,133.86,138.70789766912733
Ca0.45La0.55Mn1O3,248.66666666666663,227.8395737292249
Ca0.45La0.5Mn1O3,170.0,223.918766011393
Ca0.46Nd0.54Mn0.92Cr0.08O3,124.29,134.40428052954144
Ca0.47Nd0.53Mn0.94Cr0.06O3,124.17,138.08930750276784
Ca0.48Nd0.52Mn0.96Cr0.04O3,119.54,141.3978900829432
Ca0.49Nd0.51Mn0.98Cr0.02O3,109.81,138.18957192188384
Ca0.4Pr0.6Mn0.96Co0.04O3,117.0,130.07548522999826
Ca0.4La0.6Co1O3,175.0,176.31156721288335
Sr0.6Ca0.4Co1O3,247.0,212.19765558940736
Ca0.4Nd0.6Mn0.96Cr0.04O3,160.0,134.77574643370355
Ca0.4Pr0.6Mn0.96Cr0.04O3,100.0,143.45540791403252
Ca0.4La0.6Mn0.82Cu0.18O3.18,264.0,203.85700497133473
Ca0.4La0.6Mn0.9Cu0.1O3,100.65,208.2655039467253
Ca0.4La0.6Mn0.95Fe0.05O3,215.0,201.64402188594116
Ca0.4La0.6Mn0.9Fe0.1O3,140.0,178.0971213682813
Ca0.4La0.6Mn0.8Fe0.2O3,75.0,147.64723020415715
Sr1.6Ca0.4Fe1Mo1O6,412.0,396.53126111550296
Ca0.4Y2.6In0.5Fe4.5O12,444.0,471.75073997634036
Ca0.4Y2.6Fe4.6Sn0.4O12,470.0,490.93775051083907
Ca0.4Gd0.6Mn1O3,74.0,108.30861808762442
Ca0.4La0.6Mn2Ge2,280.0,249.28067352558384
Ca0.4La0.15Pr0.45Mn1O3,84.0,146.9009152174439
Ca0.4La0.2Pr0.4Mn1O3,84.0,160.08771329816537
Li0.1Ca0.4La0.5Mn1O3,250.0,221.43186150863954
Ca0.4La0.5Mn1Te0.1O3,260.0,225.78884074238223
Ca0.4La0.6Mn1O3,261.71214285714285,232.63811358723535
Sr1.4Ca0.4La1.2Mn2O7,102.0,175.09693245024002
Ca0.4Sm0.6Mn1O3,78.0,119.08587789224212
Sr0.6Ca0.4Ru1O3,158.0,152.01951241315334
Ca0.51La0.59Fe11.64Co0.25O19,690.0,712.4757598662225
Ca0.52La0.56Fe11.56Co0.36O19,691.0,714.6588799549161
Ca0.52La0.48Mn1O3,240.0,215.65950840150688
Ca0.53La0.56Fe11.74Co0.3O19,700.0,712.9187664252636
Ca0.54Pr0.46Mn1O3,93.0,166.18364766312357
Ca0.55La0.52Fe11.83Co0.35O19,699.0,714.6413695822646
Ca0.55Eu0.45O1,44.0,51.21634681024435
Sr0.45Ca0.55Zn0.88Fe11.6O27,623.15,581.673992871589
Ca0.55Pr0.45Mn0.95V0.05O3,41.0,130.41833904763203
Ca0.55Pr0.45Mn0.9V0.1O3,44.0,117.97790727980826
Ca0.58La0.52Fe11.83Co0.35O19,703.0,714.6973219782058
Ca0.58La0.51Fe11.91Co0.42O19,702.0,720.6750090445031
Ca0.58La0.51Fe11.91O19,703.0,713.8472190964891
Ca0.5Pr0.5Mn0.97Cd0.03O3,100.0,144.18867067712208
Ca0.5Pr0.5Mn0.94Cd0.06O3,100.0,147.95812964194133
Li0.1Ca0.5La0.03Fe2.07Co0.3O4,383.0,547.0943515651965
Ca0.5Cr0.1Fe1.9Co0.5O4,363.0,489.5401303009774
Ca0.5Cr0.2Fe1.8Co0.5O4,403.0,428.10290843858775
Ca0.5Cr0.3Fe1.7Co0.5O4,423.0,448.5891830580113
Ca0.5Cr0.4Fe1.6Co0.5O4,423.0,462.58167509010036
Ca0.5Cr0.5Fe1.5Co0.5O4,403.0,476.9181229020171
Ca0.5La1Ti2Mn0.5Co0.5Cu1.5O9,195.0,208.41645790339624
Ca0.5La1.5Fe0.5Co0.5Ir1O6,112.0,206.75052676131298
Ca0.5Fe2Co0.5O4,383.0,592.0610804822323
Ca0.5La1.5Co1Ir1O6,86.0,106.04247545004334
Ca0.5La0.5Co1O3,175.0,177.55265375864929
Ca0.5La1.5Mn1Co1O6,151.0,188.1763729477364
Ca0.5Sm1.5Mn1Co1O6,107.4,132.3683549548561
Ca0.5Nd0.5Mn0.98Cr0.02O3,150.0,136.0566363224609
Ca0.5Pr0.5Mn0.97Cr0.03O3,130.0,154.7173958691734
Ca0.5Nd0.5Mn0.95Cr0.05O3,153.0,138.74574033307664
Ca0.5Pr0.5Mn0.8Cr0.2O3,125.0,145.42279088321848
Ca0.5La0.4Dy0.1Mn1O3,70.0,176.50392487545204
Ca0.5La0.4Eu0.1Mn1O3,132.0,194.52889935855393
Ca0.5La0.5Mn0.7Fe0.3O3,118.0,143.9872084960974
Ca0.5La0.5Mn0.5Fe0.5O3,300.0,362.98803646768874
Sr1.5Ca0.5Fe1Mo1O6,406.0,395.44084293997577
Ca0.5La0.4Gd0.1Mn1O3,100.0,188.0017807098574
Ca0.5Gd0.5Mn1O3,125.0,106.00294006672664
Ca0.5La0.5Mn2Ge2,235.0,227.55933021488744
Ca0.5La0.45Ho0.05Mn1O3,210.0,197.0282937190721
Ca0.5La0.35Ho0.15Mn1O3,130.0,170.43133600131182
Ca0.5La0.4Ho0.1Mn1O3,173.0,179.1475280161022
Ca0.5La0.1Pr0.4Mn1O3,244.0,162.4965956512006
Ca0.5La0.2Pr0.3Mn1O3,230.0,180.7610253107411
Ca0.5La0.3Pr0.2Mn1O3,230.0,198.0303454535296
Ca0.5La0.42Nd0.08Mn1O3,218.0,209.14325964484937
Ca0.5La0.45Nd0.05Mn1O3,229.0,217.04019036920192
Ca0.5La0.45Pr0.05Mn1O3,235.0,211.91755837191266
Ca0.5La0.48Pr0.02Mn1O3,140.0,220.1438282202969
Ca0.5La0.4Nd0.1Mn1O3,235.0,197.09700480085655
Ca0.5La0.4Sm0.1Mn1O3,123.0,202.28048086403766
Li0.1Ca0.5La0.5Mn0.9O3,180.0,200.5851483373355
Ca0.5La0.5Mn0.93Mo0.07O3,76.5,183.39663568574755
Ca0.5La0.5Mn0.95Mo0.05O3,80.0,189.49405517745288
Ca0.5La0.5Mn0.96Ni0.04O3,130.0,197.9204245130688
Ca0.5La0.5Mn0.97Mo0.03O3,97.5,193.48518317221823
Ca0.5La0.5Mn0.98Ni0.02O3,134.0,206.63995525562987
Ca0.5La0.5Ti0.02Mn0.98O3,180.0,200.39597854713554
Ca0.5La0.5Mn0.9Mo0.1O3,125.0,186.04473990696368
Ca0.5La0.5Mn1O3,221.472,218.10906025331377
Ca0.5La1.5Mn1O3,267.0,210.7785077952456
Ca0.5Lu0.5Mn1O3,110.0,181.4119375784058
Ca0.5Pr0.5Mn0.97Ru0.03O3,215.0,140.1524024085282
Ca0.5Pr0.5Mn0.99Ru0.01O3,150.0,155.26749445987426
Ca0.5Pr0.5Mn0.9V0.1O3,44.0,124.94965273548726
Ca0.5Pr0.5Mn1O3,243.0,142.27346303150375
Ca0.5Sm0.5Mn1O3,110.0,119.25922305780486
Ca0.62La0.48Fe11.74Co0.22O19,697.0,713.0510395690934
Ca0.66La0.43Fe11.91O19,703.0,715.8399079822925
Sr0.4Ca0.6Co1O3,218.0,198.13743435558501
Sr1.4Ca0.6Fe1Mo1O6,406.5,396.7414365284918
Ca0.6Y2.4In0.8Fe4.2O12,397.0,458.3897168863488
Ca0.6Y2.4In0.4Fe4.6O12,460.0,487.9139824917115
Ca0.6Y0.3V0.3Fe4.7O12,540.0,638.3000428542073
Ca0.6Gd0.4Mn1O3,140.0,137.99404113996812
Ca0.6La0.4Mn2Ge2,175.0,214.6306481459803
Ca0.6La0.4Mn1O2.8,164.5,221.99558392166512
Ca0.6La0.4Mn1O3,250.0,211.94573058200655
Sr0.4Ca0.6Ru1O3,147.0,146.64436445907828
Sr0.71Ca0.71Zn1.16Fe15.99O26.57,623.15,672.604861434819
Ca0.75La1.25Mn1Co1O6,163.0,182.71172840050673
Sr1.25Ca0.75Cr1Sb1O6,3.5,116.13583210658345
Sr0.62Ca0.76Zn1.21Fe16.01O26.62,623.15,674.159746734402
Ca0.77La0.37Fe11.7Co0.09O19,691.0,702.1713114233164
Sr1.3Ca0.7Fe1Mo1O6,400.0,394.6161003523207
Ca0.7Y1.3V1.35Fe3.65O12,494.0,474.58426305585266
Ca0.7Gd0.3Mn1O3,150.0,155.31915777307233
Ca0.7La0.3Mn2Ge2,80.0,233.09212120952046
Ca0.85Dy0.15Mn1O3,111.5,133.316981031645
Ca0.85Eu0.15Mn1O3,122.0,149.07615959711296
Ca0.85Sm0.15Mn1O3,120.0,140.65635612583418
Ca0.85Y0.15Mn1O3,116.0,166.3142490871335
Ca0.86La0.14Fe12O19,718.0,716.8953670707049
Ca0.88Dy0.12Mn1O3,100.0,138.00012595948894
Ca0.88Sm0.12Mn1O3,110.0,134.48775440364545
Ca0.8La0.4Ti3.2Mn0.2Co0.2Cu2.4O10.8,170.0,240.0536503580185
Ca0.8La1.2Co1Ir1O6,84.0,110.10350299828174
Sr0.2Ca0.8Co1O3,148.0,204.5262501207574
Sr1.2Ca0.8Fe1Mo1O6,400.0,395.4089019432233
Ca0.8Y2.2In0.6Fe4.4O12,438.0,471.87782234813017
Ca0.8Gd0.2Mn1O3,160.0,153.18001827399203
Ca0.8Sm0.2Mn0.9Ru0.1O3,200.0,145.24184526889232
Ca0.8Nd0.04Sm0.16Mn1O3,110.0,153.85812652688725
Sr0.2Ca0.8Ru1O3,107.0,150.5082927481774
Ca0.91Sm0.09Mn1O3,109.0,137.00807897281112
Ca0.93Y0.07Mn1O3,111.0,168.7714351520924
Ca0.95Sm0.05Mn1O3,110.0,139.85338132515008
Sr1.1Ca0.9Fe1Mo1O6,394.0,396.57752001263566
Ca0.9Gd0.1Mn1O3,120.0,160.68159317880114
Ca0.9La0.1Mn1O3,100.0,190.82957485184994
Ca0.9Sm0.1Mn1O3,120.0,132.7630084876464
Ca1Fe11Co0.5Ir0.5O19,687.0,666.6897533020727
CaLa2FeCoSbO9,250.0,265.99417047368223
CaFe10CoIrO19,628.0,647.1403586916695
CaLaCoIrO6,64.0,122.40442231240314
CaLaNbCoO6,17.0,140.51784048020752
CaCo3(P2O7)2,8.0,67.58920581522912
SrCaCrSbO6,7.0,108.70486908269284
CaNb2Cr2(CuO4)3,197.0,170.51207402426473
CaMn6CuO12,182.5,169.93208770115862
CaMn5(CuO6)2,297.5,208.90121077126696
Ca1Mn4.5Cu2.5O12,345.0,216.65615753009968
CaFe2Cu3(RuO6)2,348.0,360.7242742312061
CaMn4(CuO4)3,355.0,218.77895880874044
Ca1Dy0.15Fe11.85O19,443.0,701.0152855142451
Ca1Dy0.3Fe11.7O19,503.0,671.5381770256604
Ca1Fe0.15Ru0.85O3,80.0,210.63450021924695
Ca1Ti0.8Fe0.2O3,545.0,349.18886767769914
Ca1Ti0.6Fe0.4O3,590.0,455.83289458706423
Ca1Fe0.5Re0.5O3,538.0,383.2328698266252
Ca1Ti0.6Fe0.6O3,675.0,515.476018996591
CaLa2FeNiSbO9,350.0,269.82944892204875
SrCaFeMoO6,388.0,395.50873987180574
CaLaFe11O19,668.5,691.2321955399253
Ca(FeGe)2,44.0,212.11961033801467
Ca1Gd0.06Fe4O7.09,393.0,542.9473231139832
CaY2In(FeO3)4,415.0,441.6552502608247
CaFe4O7,403.0,613.0143092709333
Ca1Y2.5Fe4.5Ge0.5O12,478.0,460.81623637754376
CaMnO3,140.0,132.3062214946639
Sr0.5Ca1La0.5Mn1O3,335.0,245.83525497723087
Sr0.2Ca1La0.67Mn0.97O2.62,340.0,259.6916565817985
Sr0.6Ca1La1.4Mn2O7,320.0,191.80726481476853
Ca1Mn0.5Ru0.5O3,180.0,149.8377148042155
Ca1Mn0.6Ru0.4O3,210.0,152.2438961131478
Ca1Mn0.75Ru0.25O3,180.0,154.42975649739864
Ca1Mn0.85Ru0.15O3,160.0,146.66460144471625
Ca1Mn0.94Ru0.06O3,110.0,142.22002922068853
Ca1Mn0.9Ru0.1O3,120.0,144.49374890159692
CaMn7O12,49.0,178.1930990824285
CaRuO3,87.0,125.27027174860719
Sr0.9Ca1.1Fe1Mo1O6,384.0,391.74649151929884
Ca1.2La0.8Co1Ir1O6,66.0,136.86113705597563
Sr0.8Ca1.2Fe1Mo1O6,378.0,391.1364128693061
Ca1.2Y1.8V0.6Fe4.4O12,560.0,477.9218062673435
Sr0.7Ca1.3Fe1Mo1O6,378.0,393.04680639386913
Ca1.47La0.505Fe1.013Mo1.024O5.99,401.0,415.0620554938229
Ca1.487La0.509Fe1.07Mo0.91W0.07O6.017,441.0,405.5213169013222
Ca1.497La0.489Fe0.927Mo0.712W0.318O6.057,460.0,373.6187498101682
Sr0.6Ca1.4Fe1Mo1O6,378.0,390.76098760823976
Ca1.4Y3V0.7In0.7Fe1.3O12,357.0,253.17220368123623
Ca1.4Nd0.6Fe1.3Mo0.7O6,459.0,388.23417653233224
Sr0.35Ca1.4La1Mn2O6,324.0,246.05483542123739
Sr0.2Ca1.4La1.4Mn2O7,268.0,199.79321687998825
Sr0.5Ca1.5Cr1Sb1O6,11.0,110.75938488276023
Sr0.5Ca1.5Fe1Mo1O6,385.0,392.6366571644651
Ca1.5La0.5Mn1Ir1O6,140.0,158.70527060247863
Sr0.4Ca1.6Fe1Mo1O6,382.0,389.031478575382
Ca1.6La1.38Gd0.02Mn2O7,252.0,197.16143101708542
Ca1.6La1.36Gd0.04Mn2O7,228.0,201.28320301486335
Ca1.6La1.34Gd0.06Mn2O7,222.0,198.4748833936703
Ca1.6La1.32Gd0.08Mn2O7,210.0,196.45819124674813
Ca1.6La1.3Gd0.1Mn2O7,192.0,198.88446761421704
Ca1.6La1Pr0.4Mn2O7,221.0,190.66845756495138
Ca1.6La1.1Pr0.3Mn2O7,232.0,191.07289478313345
Ca1.6La1.2Nd0.2Mn2O7,78.0,196.2160844519325
Ca1.6La1.2Pr0.2Mn2O7,169.75,192.0075260075542
Ca1.6La1.2Sm0.2Mn2O7,85.5,186.130979761599
Ca1.6La1.3Pr0.1Mn2O7,254.0,190.63712425726567
Ca1.6La1.4Mn2O7,209.7142857142857,198.19718656495175
Ca1.8La1.2Mn2O7,166.5,187.5861343715227
Ca1.92Ho0.08Mn1O4,120.0,139.7769718823385
Ca1.92La0.08Mn1O4,120.0,153.21244656634866
Ca1.92Pr0.08Mn1O4,120.0,132.80110982655725
Ca1.92Y0.08Mn1O4,120.0,138.14666056293197
Ca1.99La0.01Ru2O8,125.0,145.16474349817997
Ca1.9La0.1Mn1Ir1O6,110.0,157.5909853705996
Ca1.9La0.1Mn1O4,108.0,157.5221241240322
Ca14MnSb11,65.0,87.47081780807486
Ca15.2Eu5.8Zn36Ni2,60.0,53.66080165725513
Ca17Eu4(Zn18Ni)2,40.0,60.751458104138756
Ca18.6Eu2.4Zn36Ni2,25.0,82.39342999401777
Ca2Fe0.9Co0.1Mo1O6,330.0,365.8400214712633
Ca2Fe0.8Co0.2Mo1O6,310.0,333.2094250099469
Ca2Fe0.7Co0.3Mo1O6,290.0,306.68729063001933
Ca2Fe0.6Co0.4Mo1O6,280.0,265.88398085521357
Ca2CoO3,19.0,114.98312527928053
Ca2CrOsO6,490.0,208.1514936232158
Ca2CrSbO6,14.0,124.84540498689702
Ca2Nd1Nb1Cr2Fe0.03O9,82.0,162.72234507086597
Ca2Nd2FeMoO6,383.0,265.6669083774856
Ca2FeMoO6,370.75,409.5915439220735
Ca2FeOsO6,547.0,438.3212639168213
Ca2FeReO6,531.0,436.42373500105055
Ca2Fe3(GeO6)2,250.0,264.3174196252716
Ca2Fe3(SiO6)2,250.0,211.3400782059372
Ca2Y1Fe3.5Ge1.5O12,353.0,281.94307159487187
Ca2TiMnO6,69.4,179.96446553554924
Ca2.5Fe2.5Ge2.5O12,50.0,147.7988693648871
Ca2.5Fe2.5Si2.5O12,60.0,127.59327754680547
Ca2.7Dy0.3Co2O6,18.0,94.75640025641795
Ca2.8Dy0.2Co2O6,20.0,69.1883233999559
Ca2.9Dy0.1Co2O6,23.0,61.81336437745879
Ca3CoIrO6,100.0,171.60424484312597
Ca3Co1.92O6,24.0,61.791063499890406
Ca3Co1.94O6,24.0,54.74211516742801
Ca3Fe0.04Co1.96O6,23.0,65.29291806193991
Ca3Co1.96O6,24.0,56.33057663578262
Ca3Fe0.02Co1.98O6,23.0,60.53082003505385
Ca3Co1.98O6,24.0,56.92785405360658
Ca3Fe0.1Co1.9O6,23.0,70.14837751643715
Ca3Co1.9O6,24.0,56.29926477802914
Ca3(CoO3)2,43.0,64.86793899137378
Ca3Fe2WO9,340.0,401.97837068274
Ca3VFe3GeO12,319.0,407.5978764132531
Ca3V1.3Fe3.3Ge0.4O12,424.0,429.41745090316317
Ca3Fe3.5Sb1.5O12,55.0,373.72192827340325
Ca3V1.5Fe3.5O12,493.0,449.196818155408
Ca3Mn2NbO9,40.0,143.7618695954944
Ca3Mn2WO9,30.0,148.84939041964793
Ca4Mn2.7V0.3O10,88.0,133.53458663021166
Ca4Mn2.8V0.2O10,94.0,125.12408248221298
Ca4Mn2.95W0.05O10,89.0,124.20015489898911
Ca4Mn2.9V0.1O10,106.0,124.88118795445358
Ca4Mn2.9W0.1O10,82.0,131.03755396600732
Mn0.98Cd0.02Co1Ge1,318.1,309.16974341955756
K0.2La0.78Mn1Cd0.02O3,326.0,293.2614862915367
Mn0.95Cd0.05Co1Ge1,327.2,308.97132889659065
Mn0.73Cd0.05P1S3,24.0,114.99789584135561
K0.15La0.78Mn1Cd0.07O3,289.0,289.59914684438985
Mn0.92Cd0.08Co1Ge1,333.9,305.1481202332249
Sr0.231La0.469Mn0.686Cd0.09Fe0.6Co0.014Cu0.21O3.3,704.6,405.1067274911816
Fe2Co0.5Ni0.5O4,839.0,784.960853430793
Cd0.125Fe2Co0.375Cu0.5O4,353.0,628.2835136777765
K0.075La0.8Mn1Cd0.125O3,273.0,269.8555719412125
Sr0.198La0.402Mn0.588Cd0.12Fe0.8Co0.012Cu0.28O3.4,715.0,537.8940415514761
K0.1La0.78Mn1Cd0.12O3,250.0,276.50546876925927
Sr0.165La0.335Mn0.49Cd0.15Fe1Co0.01Cu0.35O3.5,718.7,589.2986196296891
K0.05La0.8Mn1Cd0.15O3,260.0,265.70885959501055
Mn0.68Cd0.17P1S3N0.3,16.0,123.54821822677681
Sr0.132La0.268Mn0.392Cd0.18Fe1.2Co0.008Cu0.42O3.6,721.9,627.7552041987396
Cd0.1Fe2Co0.5Ni0.4O4,829.0,738.6822572396133
Cr2Cd0.1Fe0.9S4,165.0,178.11430186320666
Cd0.1Fe2Ni0.9O4,823.0,770.2278837124647
K0.1La0.8Mn1Cd0.1O3,282.0,274.1807936944016
La0.9Mn1Cd0.1O3,219.0,231.13662640669443
Nd0.9Mn1Cd0.1O3,105.0,111.51174305127581
Sr0.099La0.201Mn0.294Cd0.21Fe1.4Co0.006Cu0.49O3.7,748.8,582.3557242830057
La0.78Mn1Cd0.22O3,202.0,235.6332168772763
La0.05Mg0.5Cd0.25Fe1.95Cu0.25O4,453.0,491.446132632981
La0.04Mg0.5Cd0.25Fe1.96Cu0.25O4,423.0,481.70728573509746
La0.03Mg0.5Cd0.25Fe1.98Cu0.25O4,403.0,477.49407506618337
La0.01Mg0.5Cd0.25Fe1.99Cu0.25O4,383.0,480.562079365656
Mg0.5Cd0.25Fe2Cu0.25O4,363.0,541.95939572879
Eu0.75Cd0.25,134.0,92.29613593221498
La0.67Mn1Cd0.25O3,148.0,234.23463317348163
Cd0.2Fe2Co0.5Ni0.3O4,683.0,707.5710012230771
Mn0.8Cr2Cd0.2S4,68.0,216.6431097073983
Cd0.2Fe1.75Cu0.35Ni0.45O4,751.15,623.6059400059598
Cd0.2Fe1.5Cu0.3Ni0.5O4,782.15,592.1596417292315
Cd0.2Fe2Cu0.4Ni0.4O4,680.15,655.3404234304285
Gd0.3Cd0.2Fe1.7Cu0.8O4,682.0,486.14618157449354
Gd0.1Cd0.2Fe1.9Cu0.8O4,576.0,565.7436323142799
Cd0.2Fe2Cu0.8O4,608.0,671.573021785265
Y0.15Mg0.8Cd0.2Fe2O4,620.0,606.3831184017716
Cd0.2Fe2Ni0.8O4,733.0,714.9200662880319
Y0.1Mg1.8Cd0.2Fe4O8,650.0,621.8789902745741
La0.8Mn1Cd0.2O3,230.0,229.0452345916708
Zn0.65Cr0.03Cd0.35Fe1.97O4,391.0,329.89234673001704
Zn0.65Cr2Cd0.35Se4,48.0,191.76081767178306
Y0.05Mg0.57Cd0.38Fe2O4,599.0,555.088589745334
La0.7Mn0.9Cd0.3Co0.1O3,135.0,188.9654689551003
Cd0.3Fe2Co0.5Ni0.2O4,657.0,647.2436274335737
Mg0.1Cd0.3Fe2Cu0.2Ni0.4O4,605.0,607.191393009305
Mg0.2Cd0.3Fe2Cu0.2Ni0.3O4,580.0,587.5067914284626
Mg0.3Cd0.3Fe2Cu0.2Ni0.2O4,555.0,580.9225078956368
Mg0.4Cd0.3Fe2Cu0.2Ni0.1O4,530.0,541.5164911687872
Mg0.5Cd0.3Fe2Cu0.2O4,505.0,492.48537250820914
Cd0.3Fe2Cu0.7O4,780.0,582.8183937244753
La0.7Mn0.9Cd0.3Fe0.1O3,80.0,195.82335647961438
Zn0.3Cd0.3Fe2Ni0.4O4,527.5,519.6115352564665
Cd0.3Fe2Ni0.7O4,643.0,663.5292457182544
La0.7Mn0.9Cd0.3Ni0.1O3,140.0,195.28700621971763
La0.7Mn1Cd0.3O3,200.6,227.79122638158992
Zn0.55Cr2Cd0.45Se4,54.0,131.71318498311695
Li0.275Cd0.45Fe2.275O4,483.15,654.8861773185511
Cd0.4Fe2Co0.5Ni0.1O4,620.0,544.6988506086773
Cd0.4Fe2Co0.6O4,491.0,608.0490403702935
Mn0.6Cr2Cd0.4S4,72.0,174.08037994087303
Gd0.3Cd0.4Fe1.7Cu0.6O4,386.0,614.0796422280782
Gd0.1Cd0.4Fe1.9Cu0.6O4,467.0,528.942179455247
Cd0.4Fe2Cu0.6O4,509.0,584.8617993733124
Sm0.04Cd0.4Fe1.96Ni0.6O4,458.15,510.88225713831446
Sm0.03Cd0.4Fe1.97Ni0.6O4,483.15,490.65718332309984
Sm0.02Cd0.4Fe1.98Ni0.6O4,476.15,519.3241327922773
Sm0.01Cd0.4Fe1.99Ni0.6O4,434.15,549.0716543891863
Cd0.4Fe2Ni0.6O4,563.0,590.2373016903055
La0.6Mn1Cd0.4O3,261.5,233.2702933502905
Mn2.6Cd0.4O4,24.5,63.45999763258896
Zn0.45Cr2Cd0.55Se4,40.0,143.31285252036454
Li0.225Cd0.55Fe2.225O4,648.15,609.8610851505503
Cr2Cd0.56Sb0.44Se4,130.0,148.46621172443218
Cr2Cd0.5Co0.5O4,77.0,112.95904840503138
Cd0.5Fe2Co0.5O4,581.0,519.9698709515725
Cd0.5Fe2Co0.5O4,666.3333333333334,519.9698709515725
Cr2Cd0.5Cu0.5O4,20.0,149.81380660817925
Cr2Cd0.5Fe0.5S4,140.0,165.46418282608352
Cd0.5Fe2Ni0.5O4,511.5,543.0831922209245
Y0.5Cd0.5Fe2O4,823.0,674.619691795295
La0.5Mn1Cd0.5O3,269.0,229.42996411881418
Mn0.5Cd0.5Te1,35.0,234.11388018558728
Y0.375Cd0.625Fe2O4,823.0,635.7110465818807
Mg0.27Zn0.08Cd0.65Te1,2.5,125.04390627062338
Cr2Cd0.6Co0.4O4,66.0,126.98510326355681
Cd0.6Fe2Co0.4O4,353.0,490.0192266895234
Mn0.4Cr2Cd0.6S4,79.0,150.37270451984918
Zn0.4Cr2Cd0.6Se4,105.0,130.2273969625563
Y0.05Mg0.4Cd0.6Fe2O4,551.0,555.938976185287
Cd0.6Fe2Ni0.4O4,373.0,507.3418663822823
Mn0.4Cd0.6Te1,73.0,163.78994332204888
Mn2.4Cd0.6O4,15.0,58.83973147303742
Y0.25Cd0.75Fe2O4,823.0,631.8604295701349
Y0.05Mg0.19Cd0.76Fe2O4,481.0,558.4579276458078
Ce1Cd0.7Sb2,2.8,11.257611289460023
Cd0.7Fe2Ni0.3O4,272.0,400.75771828547977
Li0.15Cd0.7Fe2.15O4,498.15,576.832354341028
Mn0.3Cd0.7Te1,91.0,149.90609139199083
Mn0.16Cr2.06Cd0.81Se4,130.0,221.411530803011
Cr2Cd0.85Cu0.15S4,82.8,143.50752272671565
Mn0.12Cr2.04Cd0.86Se4,130.0,212.33397911680038
Y0.125Cd0.875Fe2O4,773.0,578.5869755435679
Cr2Cd0.87Sb0.13Se4,130.0,144.3145171404737
Cr2Cd0.8Cu0.2S4,86.0,140.5156813403175
Cd0.8Fe2Ni0.2O4,172.0,449.02996264961735
Gd1Cd0.8Ru0.2,73.0,136.84407516085574
Mn0.2Cd0.8Ge1P2,320.0,254.57183998031806
Mn0.2Cd0.8Te1,33.0,139.9224143969504
Mn2.2Cd0.8O4,5.0,113.71424629208065
Cr2Cd0.93Sn0.07Se4,120.0,143.17379284007956
Cd0.93Fe0.07O1,560.0,476.8694380602298
Mn0.06Cd0.94Ge1P2,300.0,268.97866369707884
Cr2Cd0.95In0.05Se4,123.0,142.28174917108944
Mn0.03Cr2Cd0.95Se4,130.0,165.57609479084826
Cr2Cd0.95Sb0.05Se4,130.0,148.06804342221557
Cr2Cd0.95Sn0.05Se4,116.0,142.61470700912636
Cd0.95Fe0.05O1,560.0,452.60098364427057
Mn0.05Cd0.95Te1,2.0,68.2144636814356
Cd0.96Co0.04S1,519.0,236.8917335110323
Mn0.04Cd0.96Te1,3.0,77.41788934039343
Cd0.975Fe0.025O1,560.0,456.156883544686
Cr2Cd0.97Sn0.03Se4,122.0,141.16055127031635
Cd0.99Fe0.01O1,560.0,364.9566298209709
Cr2Cd0.9Cu0.1S4,86.5,133.08868100206314
Cr2Cd0.9Fe0.1S4,108.0,149.3427025868408
Cr2Cd0.9In0.1Se4,117.0,148.4885381766075
Mn0.06Cr2Cd0.9Se4,130.0,186.0317509063545
Cr2Cd0.9Sb0.1Se4,130.0,142.72878109323915
Cr2Cd0.9Sn0.1Se4,124.0,142.19886461472095
Zn0.1Cr2Cd0.9Se4,137.0,140.25598506919394
Ce1.2Cd1,12.0,16.914467459692794
Er4CdCo,12.5,25.701861140226494
Cr0.4Cd1Ga1.6Se4,125.0,147.39836574005807
Cr0.6Cd1Ga1.4Se4,125.0,141.74405197229973
CrCdTe,298.15,256.1075027376695
Cr1.7Cd1Ga0.3S4,78.0,137.13986979512666
Cr1.8Cd1In0.2S4,40.0,136.95532502810832
Cr1.94Cd1Ga0.06Se4,120.2,150.56144318634017
Cr1.96Cd1Ga0.04Se4,125.8,141.28608491126897
Cr1.98Cd1Ga0.02Se4,127.5,140.3364869474109
Cr1.9Cd1In0.1S4,65.15,132.96836031084666
Cr2CdSe3S,110.0,141.70008778112347
Cr2Cd(SeS)2,93.1,149.6780677092072
Cr2CdSeS3,84.7,147.49449097937418
Cr2CdS4,85.26666666666667,149.60709506331818
Cr2CdSe4,130.53190476190477,178.16620143875122
Dy2CdCu2,48.3,39.075467324838314
Er2CdCu2,36.0,16.592501371710632
Gd2CdCu2,118.5,90.88488358010302
Ho2CdCu2,30.0,21.180716993792764
Tb2CdCu2,87.0,73.60260746572035
Tm2CdCu2,16.6,19.568917266594614
Dy1.3Cd1,105.0,68.99790776708672
Er1.2Cd1,14.0,21.36822740006861
CdFe2,782.0,644.4242634476211
Cd(FeO2)2,656.5,472.5103162113185
GdCd,263.6666666666667,190.73741401804335
Gd1.2Cd1,280.0,168.71017664288493
MnCdGeP2,310.0,269.8008247146636
Ho1.3Cd1,30.0,31.915302013245793
Mn2CdO4,337.0,411.8092306790899
Nd1.3Cd1,105.0,32.300806458969355
Cd1Ni0.02Sb2,300.0,145.5875974163783
CdO,80.0,395.88595546611344
CdSnO2,298.15,267.8222519557482
Tb1.2Cd1,185.0,110.88846827028487
CdTe,152.5,127.15622201403959
Mg0.05Mn0.05Cd1.9Te2,2.0,99.23214193888982
GdCd2,129.0,112.9193575548716
Gd(Cd10Ni)2,13.8,59.7542558759506
Sm(Cd10Ni)2,7.2,79.25904956231892
Tb(Cd10Ni)2,7.5,78.64661712088511
GdCd3,12.0,65.89076082372763
K6Eu2Cd5Ge41,9.3,35.47484476896007
GdCd6,3.0,64.2281587231658
Ce0.015Zn0.5Fe1.985Co0.1Ni0.4O4,551.15,560.4200995494963
Ce0.02In0.9Co0.08Cu1Te2,783.0,355.77830421117113
Ce0.03Zn0.5Fe1.97Co0.1Ni0.4O4,608.15,540.186382428271
Ce0.045Zn0.5Fe1.955Co0.1Ni0.4O4,604.15,544.5312801523565
Ce0.05Fe1.95Co1O4,795.0,753.6688865129988
La0.95Ce0.05Mn1O3,255.0,204.83358482675732
Ce0.06Zn0.5Fe1.94Co0.1Ni0.4O4,579.15,545.9606261826084
La0.93Ce0.07Mn1O3,131.5,223.64534401058623
Y2Co17,1185.0,1138.834127344039
Zn0.6Fe2Ni0.4O4,460.55,449.4848158343822
Sr0.3La0.56Ce0.14Mn1O3,357.0,314.3953866069343
Ce0.15Fe1.85Co1O4,795.0,719.3605939955418
Ce0.15Zn0.45Fe2Ni0.4O4,606.55,527.3479603990027
Sr0.3La0.55Ce0.15Mn1O3,356.0,307.03616036684986
Ce0.17Gd0.83Mn2Ge2,456.0,414.11064656366204
Ce0.1Zn0.4Fe1.9Co0.15Cu0.45O4,423.0,447.6902352630929
Ce0.1Zn0.4Fe1.9Co0.3Cu0.3O4,373.0,463.39363949353674
Ce0.1Zn0.4Fe1.9Co0.45Cu0.15O4,423.0,461.29304411961033
Ce0.1Zn0.4Fe1.9Co0.6O4,473.0,506.8205090588802
Ce0.1Fe1.9Co1O4,795.0,719.3298378227624
Ce0.1Zn0.4Fe1.9Cu0.6O4,373.0,470.3294684775852
La0.9Ce0.1Mn0.29Fe11.41Si1.3H1.8,279.0,333.8962926251268
La0.9Ce0.1Fe11.5Si1.5,188.0,203.33334282151017
La0.9Ce0.1Fe11.7Si1.3H1.8,325.0,352.0032510141998
Ce0.1Nd0.9Y1Fe17,325.0,325.5279575589018
Ce0.1Sm0.9Fe2,648.0,605.2927487207136
Ce0.1Gd0.9Mn2Ge2,461.0,392.40777583292675
Ce0.1Gd0.9Ni3,89.0,86.42838575259398
Sr0.3La0.6Ce0.1Mn1O3,359.0,305.49693622690694
Ce0.1Sb2Pt0.9,19.0,65.44766709683
Ce0.1Ti6Sn5,150.0,203.32918910706712
Ce0.25Sm0.75Ti1Fe9Co2,762.15,722.6583837014513
Sr2.75Ce0.25Co2O6.7,175.0,180.8430663511239
La0.25Ce0.25Nd0.25Sm0.25Co5,955.3,845.2083700891254
La0.25Ce0.25Pr0.25Sm0.25Co5,820.7,897.2260255549626
La0.8Ce0.2Fe11.4Co0.1Si1.5,193.8,210.5132423876115
La0.8Ce0.2Fe11.2Co0.2Si1.6,208.0,223.12423858407433
La0.8Ce0.2Fe11.2Co0.3Si1.5,215.6,231.8973820464328
La0.8Ce0.2Fe11Co0.4Si1.6,224.0,229.74159110703627
La0.8Ce0.2Fe11.21Co0.59Si1.2,246.0,263.55263243910224
La0.8Ce0.2Fe11Co0.5Si1.5,240.3,243.6715092927249
La0.8Ce0.2Fe10.8Co0.6Si1.6,252.0,256.21557119698303
La0.8Ce0.2Fe10.8Co0.7Si1.5,265.8,268.49595619558363
La0.8Ce0.2Fe10.6Co0.8Si1.6,272.0,281.2879230606618
Ce0.2Fe1.8Co1O4,795.0,700.027831103133
La0.8Ce0.2Fe10.4Co1Si1.6,294.0,300.73701333354904
La0.2Ce0.2Pr0.2Nd0.2Sm0.2Co5,870.4,888.717158495703
Ce0.2Fe0.8,190.0,353.49151018520774
Ce0.2Nd0.8Fe10Mo2N1,541.15,525.0182883021444
Ce0.2Nd0.8Fe10Mo2,541.15,465.61106359431335
Ce0.2Zr0.8Fe10Si2,577.15,533.559757489779
Ce0.2Nd0.8Fe10.5Mo1.5N1,610.15,550.969004286118
Ce0.2Nd0.8Fe10.5Mo1.5,610.15,479.5307374150686
La0.8Ce0.2Mn0.3Fe11.1Si1.6,121.0,219.05367966743552
La0.8Ce0.2Mn0.23Fe11.47Si1.3H1.8,288.0,336.03895153323356
La0.8Ce0.2Fe11.4Si1.6,180.5,210.82331503088182
La0.8Ce0.2Fe11.5Si1.5,179.55,204.21170204779764
La0.8Ce0.2Mn0.2Fe12.5Si1.3H1,298.0,340.00720320106916
Ce0.2Sm0.8Fe17N3,746.15,711.6853987519152
Ce0.2Nd0.8Y1Fe17,310.0,330.3350930240266
Tb0.6Ce0.2Pr0.2Fe2,603.0,616.1067998999622
Ce0.2Sm0.8Fe2,624.0,611.7715956570735
Ce0.2Gd0.8Mn2Si2,60.0,89.0255027980433
Ce0.2Gd0.8Ni1,53.0,74.39553763968924
Ce0.2Gd0.8Ni3,71.5,79.66283091344474
Sr0.3La0.5Ce0.2Mn1O3,348.0,300.70982528823413
Sr0.2La0.6Ce0.2Mn1O3,333.0,265.37858828976334
Ce0.2Nd0.8Ni5,5.1,30.89009618070608
Ce0.33Nd0.33Sm0.33Co1.67Cu1.67Ni1.67,234.0,245.8660762952731
Ce0.33Gd0.67Mn2Ge2,450.0,411.8476087004106
Ce0.34Gd2.66V0.01Ga0.76Fe4.23O12,447.15,409.79983273201725
Sr0.33Ce0.34Nd0.33Mn1O3,252.0,234.21348045437975
Ce0.35Gd2.65V0.01Ga1.04Fe3.95O12,408.15,404.4288795553329
La0.65Ce0.35Mn2Si2,294.0,278.015993374913
La0.7Ce0.3Fe10.49Co0.91Si1.6,307.5,292.5500799695215
Ce0.3Zr0.7Fe10Si2,564.15,554.2982832772709
La0.7Ce0.3Fe11.18Si1.82,188.0,213.60153861403933
La0.7Ce0.3Fe11.44Si1.56,175.0,206.0867114445753
La0.7Ce0.3Mn0.13Fe11.52Si1.35H1,305.0,324.35016080968825
La0.7Ce0.3Fe12.6Si1.4,170.0,232.91192972850695
La0.7Ce0.3Mn13Fe13Si13,292.0,281.89485820271227
Ce0.3Nd0.7Y1Fe17,301.0,313.8937866019399
Ce0.3Sm0.7Fe2,601.0,582.750831217297
Ce0.3Gd0.7,160.0,239.05862745264193
Tb0.7Ce0.3Mn2Ge2,339.0,363.3901484863744
Sr0.3La0.4Ce0.3Mn1O3,310.0,289.33848047898596
La0.7Ce0.3Mn1O3,276.5,154.4623373373613
La0.55Ce0.45Mn2Si2,290.0,270.8405587983752
Tb0.12Ce0.4Pr0.48Fe1.93,465.0,473.9159736439796
Ce0.4Zr0.6Fe10Si2,562.15,531.183882915091
La0.6Ce0.4Fe11Si2,208.0,241.7559362671705
La0.6Ce0.4Fe11.6Si1.4,220.0,217.53345205456998
Ce0.4Sm0.6Fe17N3,746.15,714.5094232788429
Ce0.4Nd0.6Y1Fe17,299.0,324.4891489077821
Ce0.4Sm0.6Fe2,574.0,570.1553411418453
Ce0.4Gd0.6Ni1,44.0,85.61084733942829
Ce0.5Y1.5Co17,1165.0,1096.4138938493595
Ce0.5Sm0.5Ti1Fe9Co2,726.15,721.508449458664
Ce0.5Sm0.5Ti1Fe7.75Co3.25,863.15,799.8071948332897
Ce0.5Sm0.5Co5,852.4,897.7899230496416
Sr2Ce0.5Y1.5Cu2Ru1O10,110.0,214.7213667864385
Tb0.1Ce0.5Pr0.4Fe1.93,450.0,448.30655637534807
Ce0.5Sm0.5Ti1V1Fe10,531.15,534.1009814589149
Ce0.5Sm0.5Ti1Fe11,534.15,536.3404157704077
Ce0.5Nd0.5Y1Fe17,296.0,322.44235235943995
Ce0.5Pr1.5Fe17,264.0,294.359040065034
Ce0.5Y1.5Fe17,308.0,330.5495670943671
Ce0.5Sm0.5Fe2,549.0,535.7515692408297
Ce0.5Gd0.5Mn2Ge2,447.0,410.902637517126
Tb0.5Ce0.5Mn2Ge2,336.0,357.86305850243053
Ce0.5Nd0.5Ni5,3.5,39.635315855471816
Ce0.67Gd0.33Mn2Ge2,442.0,364.97994778618204
Sr2Ce0.6Gd1.4Cu2Ru1O10,110.0,161.403579104535
Ce0.6Zr0.4Fe10Si2,559.075,515.9179363877447
Ce0.6Sm0.4Fe17N3,746.15,724.9196304363968
Tb0.2Ce0.6Pr0.2Fe2,377.0,497.0797627102593
Ce0.6Sm0.4Fe2,514.0,503.7899718963574
Ce0.6Gd0.4Ni1,31.0,67.2092676327714
La0.4Ce0.6In2Pd1,6.1,16.53479920714811
Tb0.4Ce0.6Ru2,12.3,44.036685399691294
Ce0.71Pr0.07Nd0.22Fe16.4Si0.6,324.0,344.26526482613735
Ce0.71Pr0.07Nd0.22Fe16.6Si0.4,298.0,321.2393596965113
Ce0.71Pr0.07Nd0.22Fe16.8Si0.2,275.0,311.89689771486127
Ce0.71Pr0.07Nd0.22Fe17,241.0,357.40947784942733
Ce0.75Sm0.25Ti1Fe9Co2,690.15,695.2358809989362
Ce0.79Ta0.07Zn0.47Fe0.89Co3.77,800.0,759.6125809725089
Tb0.3Ce0.7Mn2Ge2,327.0,339.02602185215505
Ce0.85Dy1.15Fe17,273.0,420.48237500692306
Ce0.8Y1.2Fe17,276.5,308.0348163172387
Ce0.8Sm0.2Fe2,392.0,405.81784628371395
Ce0.8Gd0.2Ni3,25.5,37.87625659564108
Tb0.2Ce0.8Mn2Ge2,324.0,322.4402004069812
La0.2Ce0.8In2Pd1,8.1,14.029593629240505
Ce0.8Y0.2Ni0.8Pt0.2,7.8,52.09825161906134
Ce0.95Co0.05O2,300.0,246.08527491494746
Ce0.96Ta0.04Zn0.65Co4.35,483.0,680.2892573741165
Ce0.97Fe0.03O1.94,350.0,299.3210868045606
Ce0.99Fe0.01O1.97,350.0,249.07835895092848
Ce0.9Gd0.1Ni3,6.8,33.50703676900088
Tb0.1Ce0.9Mn2Ge2,323.0,319.7017911545467
Ce1Fe1.9Co0.1,209.0,243.20260979970357
Ce1Co0.22Ni0.78Sb3,4.6,44.24481088938385
Ce1Fe1.8Co0.2,190.0,273.5848467999919
CeTiFe10Co,585.15,570.1304835484218
CeCoGe3,21.1,31.887607976529768
CeCoPO,75.0,160.02529265464463
CeCoO2,400.0,173.70907479360955
LaCeTiCo16,566.15,768.2128908991383
CeYCo17,1150.0,1102.0583158118143
CeTiFe9Co2,655.15,679.0872231188672
CeCo3,32.666666666666664,290.14178506014457
CeTiFe8Co3,740.15,775.2758958375709
CeCo3H4,80.0,264.0519101218625
Ce1Fe0.84Co3.56Cu0.6,653.15,682.1072775219617
Ce1Fe0.5Co3.5Cu1,993.0,625.5905460094361
Ce1Fe0.66Co3.74Cu0.6,628.15,630.4731983061548
Ce1Fe0.57Co3.83Cu0.6,603.15,627.2828376846019
Ce1Fe0.35Co4.05Cu0.6,563.15,626.372358923998
Ce1Fe0.75Co4.25Cu1,820.0,740.9656744639411
CeCo5,655.0,751.7414831646324
LaCeSmCo5,955.3,664.3859746355779
LaCeCo7,260.0,370.8209385676647
Ce1Cr0.05Fe1.95,210.0,249.57291803121927
CeCrGe3,70.0,104.98225265427568
CeCrSb3,130.0,98.91091708703301
Ce1Cu0.18Ni0.82Sn1H1.7,4.6,35.515804665394654
Ce1Zn0.6Cu0.4,8.0,23.04062992595214
Ce1Mn1.5Cu0.5Ge2,235.0,246.76897476833975
CeCuGe,10.0,16.971762824214558
CeMnCuSi2,120.0,164.52701888599458
CeCuSi,15.35,18.39456614407215
Ce(GaCu)2,6.0,22.361067710370353
CeMn4(CuO4)3,390.0,244.30069932272778
CeCu9Sn4,5.5,55.92278842181989
Ce1Mn1.5Fe0.5Ge2,176.0,160.6277474433249
KCeFeMoO6,340.0,387.5408621470369
CeFeNi,64.0,375.3760341057129
CeFeO3,719.0,459.9835578250753
Ce1Mn0.5Fe1.5,150.0,297.3855403620548
Ce1Fe1.86Ru0.14,165.0,289.5919123030878
Ce(Fe5Mo)2,260.0,401.14457739118455
Ce(Fe5Si)2,583.0,479.6238468724731
CeTiVFe10,457.15,500.1027796451538
Ce(VFe5)2,440.0,493.020532902869
Ce1Zr0.8Fe10,454.15,429.4613259128137
Ce1Fe10.5Mo1.5,341.0,475.8269536619508
Ce1Fe10.5Si1.5,558.0,421.3731489950856
CeTiFe11H,542.0,503.761389678798
CeFe11Mo,643.15,409.25338168908394
Ce1Ti1Fe11N1.5,719.0,652.7793613499348
CeFe11Si,525.0,432.49350480323267
CeTiFe11,514.6083333333333,476.0515591830404
LaCeMn13(FeSi)13,298.0,288.2420573928251
CePrFe17,274.0,281.63653586487044
CeFe2,263.28125,274.6759131491609
CeFe2H,358.0,389.8261937638847
Ce1Mn0.5Fe2,167.0,291.0330227545644
CeFe5,228.0,376.37305892231313
CeFe7,93.0,292.0213805376926
Ce1Fe8.5Ge3.5,870.0,549.9934623893218
Ce1Zn0.7Ga0.3,14.0,16.30754817793207
Ce1Zn0.62Ga0.41,14.0,14.10467266533563
Ce1Ga0.7Si1.3,10.5,18.945764934634433
Ce1Ga0.87Si1.13,10.0,18.9352715900325
Ce1Ga0.8Si1.2,12.5,19.787500131545222
CeGaN,300.0,82.80994066709908
CeGa3Pd2,6.566666666666666,20.46219074135994
Ce1Ga3.4Pd0.6,2.3,14.874936641442046
Ce1Ga3.8Pd0.2,3.7,17.841818256503732
Ce1Sc0.5Ti0.5Ge1,7.0,144.85465869249575
Ce1Si0.6Ge1.4Ru2,3.6,16.602322096337147
Ce1Si0.5Ge1.5Ru2,5.9,15.84823727912633
Ce1Ge1.6,6.0,18.57295365500411
Ce1Ge1.66,5.3,22.41623809080262
Ce1Si0.25Ge1.75Ru2,6.5,14.191248762542983
Ce(MnGe)2,320.5,283.70824223833256
Ce(GeRu)2,8.522,16.43564484020806
CeGe3,4.2,19.94170859496964
CeGe5Ru,7.0,22.736897418767526
Ce1In1Ni1H1.6,7.0,47.16144145314064
Ce1Ni1Sn1H1.8,7.0,47.97738901950834
CeY2Ni9H8,77.0,150.2238332493938
CeInPt,1.8,13.851949374341045
Ce1Mn0.65In1.35,134.0,176.6730010162453
Ce1In1.95Ni0.05,6.3,23.071657551952363
Ce1In1.9Ni0.1,5.3,33.84020083607884
CeIn2,22.0,21.656278258383292
CeIn2Ni,3.4,21.473311555227227
CeIn2Pd,10.6,11.670846595383715
CeIn3,11.0,22.280987241233998
CeMnNi4,130.0,136.9710457776682
CeMnSi2,398.0,295.53297386104805
Ce1Ni0.78Sn2,2.3,18.253535479467843
Ce1Ni0.84Sn2,3.0,17.013270249918065
Ce1Ni0.8Pt0.2,8.6,21.55474377682574
Ce1Ni0.9Pt0.1,8.8,24.3243494392718
CeNiSb,7.0,25.744358166377985
CeNiSb2,6.0,19.630489788534714
CeY2Ni9,92.0,63.08422888126356
CePRuO,14.0,57.935620326274474
CeP,50.0,35.7593862585987
CePPd,5.2,19.753590600859994
Ce(PPd)2,28.4,17.524371139251834
Ce1Pd0.6Rh0.4,5.3,13.001715670353132
CePd,6.6,12.809505375602752
CeSbPd,17.0,11.176611918294018
CeSnPd,17.0,12.279584165200248
Ce1Pd1.41Pt1.59S4,1.9,24.89084447560701
Ce1Pd2.1Pt0.9S4,2.4,27.126140113090408
CePd3S4,6.2,31.379517706879646
Ce1Pt0.2Rh0.8,1.8,15.897793486253256
Ce1Pt0.3Rh0.7,1.8,11.516069735070303
Ce1Pt0.4Rh0.6,1.8,10.52893681863964
Ce1Pt0.5Rh0.5,3.1,11.648431951693846
Ce1Pt0.6Rh0.4,4.4,12.04748928129765
CePt,4.113333333333333,12.616154292670718
CeSbPt,4.5,12.112492842119062
Ce1Si0.97Pt3.03,3.0,15.861453053735826
CeSb2,15.0,21.093506461830675
Ce1Zn0.6Sb2,2.5,12.446321817355855
CeVSb3,4.5,41.18159695610536
Ce1Si1.81,9.5,26.28889151048979
Ce1.2Ti1Fe11,487.0,443.0649782368729
Ce1.2Y0.8Fe17,290.0,286.7560164421799
Ce1.3Y0.7Co17,1100.0,1087.835343480007
Ce1.3Pr0.7Co7,214.0,391.53631891855986
Ce1.5Y0.5Co17,1090.0,1137.9726818340173
Ce1.6Nd0.4Fe16.67Si0.33,297.0,302.8984814105067
Ce1.6Nd0.4Fe17,273.0,285.60507293563694
Ce1.7Y0.3Co17,1080.0,1076.4464535630357
Ce11In9Ni4,16.5,30.720439783055514
Ce11In9Pd4,18.6,16.7499116852501
Ce11In9Ru4,6.3,18.662046213380446
Tb22.3Ce16.3Gd19.7Dy20.1Ho21.6,140.0,224.01702070015205
Ce2Fe16.67Co0.33,261.9,203.3582724798144
Ce2Fe16.33Co0.67,301.1,306.1449391228475
Ce2Fe16Co,335.6,333.62314616133733
Ce2CoGe3,10.0,25.971666367474537
Ce2Co12P7,48.0,200.5077073243456
Ce2(MnCo5)3,740.0,762.4054397711733
Ce2TiCo16,535.15,764.5114137479352
Ce2Co17,981.9125,1133.4145739602234
Ce2Co17,1065.0,1133.4145739602234
Ce2Co7,83.66666666666667,329.76405898674545
Ce2(CoH)7,233.0,472.1002960267427
Ce2Fe17F,90.0,629.2852032648287
Ce2Fe14Si3,447.0,444.2017351778153
Ce2Mn2Fe15,80.0,107.44523028657773
Ce2Mn1.7Fe15.3H2,184.0,268.00087454637827
Ce2Mn1.7Fe15.3H3,217.0,282.07119056350274
Ce2Mn1.7Fe15.3,54.6,92.98975675044764
Ce2Mn1.3Fe15.7H2,218.5,249.12152951100825
Ce2Mn1.3Fe15.7H3,240.0,264.06859571549404
Ce2Mn1.3Fe15.7,9.0,168.35335624563442
Ce2MnFe16H,200.0,307.46338850538433
Ce2Mn(Fe8H)2,233.5,264.62860912815626
Ce2MnFe16H3,264.0,259.08152964808784
Ce2Mn0.75Fe16.25H1,210.0,331.63367145663983
Ce2Mn0.75Fe16.25H2,225.0,285.5640115856116
Ce2Mn0.75Fe16.25H3,237.0,297.0317189449467
Ce2Mn0.35Fe16.65,22.0,241.8699425731287
Ce2Fe17,167.21818181818182,159.9697807808637
Ce2Fe17H,245.0,397.0429944556336
Ce2Fe17H2,300.0,387.09106582518393
Ce2Fe17H3,339.0,446.25753264296804
Ce2Fe17H4,400.0,416.84973928518787
Ce2Fe17H5,444.0,457.0613995085651
Ce2Fe17N2.5,700.0,674.7444989635785
Ce2Fe17N2.8,713.0,701.5236502919204
Ce2Fe17N3,718.0,693.8826853033506
Ce2Fe17N3.6,712.0,645.3029797405907
Ce2Fe17.31,20.0,263.34672243980276
Ce2(Fe6N)3,700.0,693.68398896445
Ce2GaRh2,5.2,15.183340542538367
Ce2GeRu,8.5,15.28756776286565
Ce2Ge2Ru,10.9,14.075606141216799
Ce2Ge5Ru3,7.9,14.492796999163662
Ce2In1H0.95Pd2,2.8,37.805758250525486
Ce2InPd2,4.133333333333333,11.00609475943275
Ce2Ni7,48.0,42.96874339288274
Ce2SnPd2,2.2,11.534108194817842
Ce2(SbPd3)3,4.0,18.02790398864831
Ce2Si3Pt,5.0,18.60293280978784
Ce3CoGe2,6.5,27.734901867010155
Ce3Cr4Fe25N4,616.0,603.4051944579329
Ce3V1.5Fe27.5,350.0,331.15833575342214
Ce3(GaRh)2,3.5,13.623605805988621
Ce3NiGe2,5.2,29.31890097395644
Ce3Sn6Ru,3.075,16.190418683060305
Ce3S4,8.6,50.841635977761676
Ce3Se4,10.0,31.002358287088637
Ce4Ge1.5Sb1.5,14.0,18.6818962047421
Li(CeGe)4,11.0,29.071205359356313
Ce4Sb3,5.0,20.62145693491931
Ce5CoGe2,10.7,55.268940906755255
Ce5Co4Ge13,7.0,31.08924413007852
Ce5CuPb3,46.0,23.20310316608286
Ce5Ge2Pd,13.8,13.534007104968195
Ce5Ge2Rh,11.5,17.57551907104688
Ce5Ge2Ru,15.0,18.308818701785473
Ce5Ge3,6.4,18.734266573365442
Ce5Ge4,12.0,15.541055081267888
Ce5(SiN3)3,3.0,84.10081769075583
Ce5Sn4,8.2,19.435997740960786
Ce7Rh3,6.8,42.13224492145565
Cr1Cu1S3.8Cl0.2,370.0,153.40873867020846
Cr2Cu1Se3.5Cl0.5,385.0,299.4565827066229
Co2H3ClO3,10.375,128.95728591207367
CrCuS3Cl,218.0,185.47788674277126
Cr2CuSe3Cl,383.0,279.8354446788514
CsCl,5.0,155.4830963967113
EuSeCl,18.0,53.96515574785811
Co2TeCl2O3,15.0,175.0649037040405
CuH2Cl2O,4.25,60.96284344764194
CuCl2O,4.15,160.3633800673086
Cu2Te2Cl2O5,18.2,65.11581499504354
NiH2Cl2O,7.25,50.36899275191491
NiCl2O,6.75,144.54989035063346
Cu1.09Ni0.91H4Se2Cl2.4O7,16.0,39.750194812696535
Cu1.38Ni0.62H4Se2Cl2.4O7,18.8,45.396056680362406
FeCl3,1.67,233.06330186821745
RbFe(H2Cl)3,109.0,154.20364267993656
RbFeCl3,109.0,129.70242904610706
GdCl3,2.2145,48.47135295936971
TiMnCl3,108.0,198.6661042154642
NdCl3,1.745,45.5801984039377
VCl3,298.15,118.75126000988196
Rb2CrCl4,52.3,115.31673541643823
Rb2CuH4(Cl2O)2,1.02,71.41341476941007
Cu4Te5(ClO3)4,13.6,85.50278635628135
NpCl4,6.7,134.95682281227502
PaCl4,182.0,55.085740601754075
MoCl5,22.0,125.31265680658582
K2IrCl6,3.05,143.87137008649685
CmN,109.0,116.0379885839474
CmP,73.0,110.82983537715657
CmSb,162.0,93.20446274473542
Co0.0007Pd0.9993,1.55,27.330530322213647
Co0.0019Pd0.9981,6.5,22.7759171597781
Co0.002Pd0.998,2.95,21.700751987118018
Co0.0049Pd0.9951,18.8,25.799566919253074
Co0.005Pd0.995,16.2,31.208478279584845
Co0.008Pt0.992,2.8,60.9763089752438
Zn0.991Co0.009O1,300.0,320.14508826942614
Co0.0105Pd0.9895,44.0,42.383907670832485
Co0.0191Pd0.9809,90.0,100.48927916273787
In1.99Co0.01O3,400.0,249.31724371151887
Zn0.99Co0.01O1,457.7166666666667,320.08625501012864
Co0.01Pt0.99,8.0,67.10364315287887
Co0.01Si0.99,340.0,300.9981998735667
Mn0.025Fe0.01Co0.025Sn0.94O2,300.0,314.1688771928925
Li1Fe4.975Co0.025O8,864.0,873.6581065921382
Fe0.98Co0.02Si2,1094.15,430.2346712041455
Mn0.05Fe1.95Co0.02Ni0.93O4,783.15,751.5837862043545
Hf0.8Ta0.2Fe1.96Co0.02,140.0,180.23621930908357
U1Ga1Co0.02Ni0.98,39.0,37.144446020827
Sr0.33La0.67Mn0.98Co0.02O3,311.5,301.8242915178931
Sr0.155La0.845Mn0.98Co0.02O3,230.0,261.0797270638079
La0.9Mn0.98Co0.02O3,245.0,223.15452132504265
Zn0.98Co0.02O1,300.0,320.79351534266624
Co0.02Sn0.98O2,400.0,306.3805865315962
Ti0.98Co0.02O2,300.0,516.1182445296703
Mn0.04Fe1.96Co0.03Cu0.03Ni0.94O4,770.0,778.6945956559072
Fe1.97Co0.03P2,280.0,361.599867433732
Sr0.06La0.06Fe11.97Co0.03O19,726.0,718.7789879860982
Sr1Fe11.97Co0.03O19,736.52,728.0931125314268
Mg0.97Ti1Co0.03O3,228.0,311.00898194029935
Zn0.97Co0.03O1,250.0,375.48373225909296
Ti0.97Co0.03O2,400.0,537.8055772542426
Zn1.97Co0.03O2,300.0,346.24666470835933
Co0.045Pd0.955,186.0,180.83417075659906
Ti0.005Cr0.3Fe0.525Co0.04Mo0.01,923.15,797.3441777344492
Hf0.8Ta0.2Fe1.94Co0.04,140.0,203.44572619980454
Mn0.9Ga1Co0.04Ni2.06,275.0,347.3305199588198
Na0.2La0.8Mn0.96Co0.04O3,298.0,225.0426266133834
Zn0.96Co0.04O1,750.0,318.10013005581766
Co0.04Pd0.96,220.0,150.22202589805798
Co0.04W0.96Se2,300.0,152.7861142170572
Ti0.002Cr0.257Fe0.515Co0.051Mo0.008,923.15,868.6600740530446
Fe0.95Co0.05Ge1,274.2,291.4156656819014
Zn0.5Fe1.95Co0.05Ni0.5O4,599.0,549.7916253924495
Sr1Fe11.95Co0.05O19,730.43,726.5493556063017
Li1Fe4.95Co0.05O8,863.0,866.1826032853295
Gd3Co0.05Ru0.95,60.0,101.00533335182618
Sm1Mn1.95Co0.05Ge2,315.0,303.2762408143871
Zn0.95Co0.05H1O1,300.0,341.74112187778275
Ho1Mn5.95Co0.05Sn6,370.0,342.29365702765756
Sr0.55La0.45Mn0.95Co0.05O3,317.0,268.95300260115215
Sr0.3La0.7Mn0.95Co0.05O3,323.5,277.779512318249
Sr0.3La0.7Mn0.95Zn1Co0.05O4,347.0,259.0340404451925
Sr0.3Pr0.7Mn0.95Co0.05O3,220.0,178.23321970287375
Zn0.95Co0.05O1,339.8,388.6869603408503
Co0.05Sn0.95O2,349.075,328.1457813669625
Zn0.95Co0.05S1,350.0,351.8026313266911
Cr2.3Co0.06Cu0.87Se4,350.0,306.4717798854984
Zn0.94Co0.06O1,300.0,348.13668040053426
Fe0.8Co0.075P0.125,586.0,735.5612368501761
Fe2Co0.075Ni0.925O4,871.0,671.162818670164
Li1Fe4.925Co0.075O8,860.0,866.0791935364767
Sr0.5La0.5Ti0.93Co0.07O3,823.15,223.23857294002485
La0.7Mn0.63Co0.07Pb0.3O3,240.0,203.68482947147862
Zn0.93Co0.07O1,398.0,363.3673210046591
Co0.07Sn0.93O2,400.0,361.4107588374808
Ti0.93Co0.07O2,780.0,570.9247590121118
Fe1Co0.0833Rh1,480.0,572.9738018470182
Rb2Co0.08Cu0.92F4,5.0,64.55643503565908
Sr0.14La0.14Fe11.92Co0.08O19,715.0,720.9212025208918
La0.67Mn0.92Co0.08Pb0.33O3,316.65,238.70190018376294
Mn2Co0.08Ni1.56Sn0.36,340.0,327.79240869880726
Ti0.92Co0.08O2,800.0,587.6381665095909
Co0.08Pd0.92,298.0,223.97394582844817
Cr0.23Fe0.68Co0.09,923.15,883.0516742916934
Mn0.84Ga1Co0.09Ni2.07,367.0,351.4909270835288
MgCrFeO4,370.0,413.3290858308893
Fe2Cu0.6Ni0.4O4,800.15,760.4989199546594
Dy1Fe0.4Ni0.6,332.0,332.66600515925046
Fe2NiO4,800.15,735.4120347373834
ZrFe2,620.0,476.18315717541526
Fe3O4,742.3833333333333,814.9222463301799
UGaNi,22.0,64.11313002410753
Cr2Co0.11Cu1.1Se4,310.0,298.8498384953738
Rb2Co0.11Cu0.89F4,5.0,84.36356775954137
Sr0.24La0.24Fe11.89Co0.11O19,711.0,722.2611100997435
Sr1Fe11.89Co0.11O19,726.05,727.1007983553429
Ti0.005Cr0.28Fe0.545Co0.12Mo0.05,923.15,916.0048937518452
Na0.34La0.82Fe11.72Co0.12O19,702.0,705.4166045321789
Mn0.9Ga1Co0.12Ni1.98,286.5,351.97232247247837
Mn0.03Co0.12Ge0.85,270.0,305.0642278897031
Co0.12Pd0.88,357.0,341.49491202102485
La0.1Mg0.45Zn0.4Fe1.9Co0.15O4,425.0,485.97499738975375
Sr0.29La0.29Fe11.85Co0.15O19,724.0,717.443350962214
Zn0.45Fe2Co0.15Ni0.4O4,220.0,429.13691377527175
Gd1Co0.15Ni2.85,141.5,129.99660217361142
Gd3Co0.15Ru0.85,84.0,89.07659409039493
Tb5Co0.15Si2Ge1.85,116.0,129.26617374426527
Sm1Mn1.85Co0.15Ge2,275.0,287.1862877112624
Ho1Mn5.85Co0.15Sn6,355.0,346.4832643576184
Sr0.55La0.45Mn0.85Co0.15O3,261.0,217.65054267016055
Sr0.3Pr0.7Mn0.85Co0.15O3,160.0,167.38740742585887
Mn1.85Co0.15Sb1,550.0,450.7738515622226
Zn0.85Co0.15O1,300.0,347.90273573561853
Co0.15Pd0.85,419.0,362.4923796162227
Zn0.85Co0.15S1,350.0,318.7282720280155
Sr0.51La0.51Fe11.84Co0.16O19,712.0,718.3554636678751
Mn2Co0.16Ni1.48Sn0.36,340.0,358.63382364864185
Co0.17Ni0.83,842.0,650.401167034144
La1Mn0.82Co0.18O3,170.0,186.66191567499806
Fe2.802Co0.198O4,660.0,788.4206368869052
Cr0.9Fe2Co0.1Si1,555.0,505.50847291882053
Cr2.2Co0.1Cu0.78Se4,362.0,291.15980653616
Cr2.9Co0.1Si1,320.0,303.21371101990775
Fe2Co0.1Cu0.5Ni0.4O4,800.15,741.7513260820523
Mn1Co0.1Cu0.9Sb1,300.0,318.37801614952673
In0.9Co0.1Cu1Te2,980.0,322.9439995775501
Li0.6Dy0.05Fe2.25Co0.1O4,840.0,864.6511665063399
Li0.6Dy0.075Fe2.225Co0.1O4,859.0,828.892060498673
Li0.6Fe2.3Co0.1O4,884.0,849.6939593056892
Li0.6Dy0.125Fe2.175Co0.1O4,787.0,772.650576232101
Li0.6Dy0.15Fe2.15Co0.1O4,777.0,733.9050975445132
Li0.6Dy0.175Fe2.125Co0.1O4,673.0,755.0878975429806
Li0.6Dy0.1Fe2.2Co0.1O4,820.0,834.7632491019425
Tb0.3Dy0.7Fe0.9Co0.1,723.15,580.9382183114094
Sr0.25La0.52Eu0.22Mn0.9Co0.1O3,165.0,199.93413909251242
Co0.1Sn0.9O1.925F0.075,550.0,308.6621145156208
Fe0.2Co0.1Si1.8O4,793.15,276.2289707701231
La1Mn0.5Fe0.4Co0.1O3,230.0,306.4858545639362
Fe0.655Co0.1Ni0.245,473.0,629.2573529728228
Fe0.9Co0.1Ge1,269.4,278.9083265017536
Mn1Fe0.9Co0.1Ge1,173.0,273.348868906109
Hf0.8Ta0.2Fe0.9Co0.1,290.0,270.73102585722955
La1Fe0.9Co0.1O3,390.0,596.8016581054975
Fe0.9Co0.1Si1,24.0,277.05198950530064
Fe1.94Co0.1Si0.33P0.61,560.0,486.3197400400926
Fe1.9Co0.1P2,415.0,330.0577737299709
La1Fe10.95Co0.1Si1.1,301.0,251.40049317469348
Sr0.9Nd0.1Fe10.9Co0.1O19,717.15,704.3602685215858
La1Fe11.5Co0.1Si1.4,207.0,215.72622968074012
Sr1Mg0.0125Fe11.8875Co0.1O19,750.0,722.5708165759261
Sr0.9Sm0.1Fe11.9Co0.1O19,725.0,719.1873351760378
Sr1Fe11.9Co0.1O19,737.0,722.5151170191459
Zn0.35Fe2.05Co0.1Ni0.5O4,843.15,730.0147551903494
Mn0.4Zn0.5Fe2Co0.1O4,420.5,505.60714479267574
Zn0.5Fe2Co0.1Ni0.4O4,549.15,555.396111668378
Zn0.4Fe2Co0.1Ni0.5O4,693.15,565.8394215134673
Fe2Co0.1Ni0.9O4,574.825,802.5079717107682
Li0.45Fe2.4Co0.1O4,864.15,843.1472285663996
Fe2.9Co0.1O4,857.0,790.1029545348289
Li1Fe4.9Co0.1O8,858.0,863.6826672472628
U1Ga1Co0.1Ni0.9,39.0,37.94666793071761
Ho5Ga2.9Co0.1,13.0,47.68719509625063
Gd1.9Co0.1O2.97,20.0,122.02675552481108
Gd3Co0.1Ru0.9,75.0,89.04922338002609
U1Co0.1Ge1Pd0.9,39.0,45.076457340846986
Ho1Mn5.9Co0.1Sn6,360.0,347.58385227183186
Sr0.55La0.45Mn0.9Co0.1O3,277.0,249.66644838189836
Sr0.2La0.56Pr0.24Mn0.9Co0.1O3.03,204.33333333333337,202.02302340833018
Sr0.3La0.7Mn0.9Co0.1O3,260.0,236.40282206936655
Na0.2La0.8Mn0.9Co0.1O3,246.0,200.39821555698
La1Mn0.9Co0.1O3,160.0,185.36713180057552
Sr0.4Nd0.6Mn0.9Co0.1O3,136.0,162.8996960262823
Sr0.2Nd0.8Mn0.9Co0.1O3,130.0,139.10410816620103
Sr0.3Pr0.7Mn0.9Co0.1O3,180.0,170.27543950676028
Mn2.9Co0.1O4,53.0,86.01699163572218
Co0.1Ni0.9,760.0,655.4378913855822
Tb1Co0.1Ni4.9,29.0,53.686896655274445
Zn0.9Co0.1O1,446.0,349.8284135263987
Co0.1Sn0.9O2,349.075,402.53569920736845
Co0.1Pd0.9,386.5,259.8916724966043
Co0.1Pt0.9,210.0,265.00708700999604
Zn0.9Co0.1S1,350.0,350.28833570471215
Ti6Co0.1Sn5,150.0,209.89005355710339
Na0.24La0.79Fe11.76Co0.21O19,704.0,712.2428491301462
Sr0.37La0.37Fe11.79Co0.21O19,717.0,721.7418221272903
Cr2.09Co0.23Cu1.28Se4,66.7,307.2863706796506
Fe1.78Co0.23P0.98,412.0,403.42485608336733
La1Fe11.17Co0.23Si1.6,226.0,222.7551342759325
Gd6Mn22.77Co0.23,479.0,439.3289274894404
Mn2Co0.24Ni1.4Sn0.36,450.0,362.4180272282915
Mg0.75Cr0.75Fe1.25Co0.25O4,500.0,505.4127545269242
Dy0.03Mg0.5Fe1.97Co0.25Cu0.25O4,373.0,627.0477594915576
La0.0375Zn0.5Fe1.9625Co0.25Cu0.25O4,370.0,469.0506434922779
Rb1Co0.25Ni0.75F3,115.0,120.0035819171293
Sr0.2475La0.5025Mn0.75Fe0.5Co0.25O3.25,318.0,391.9713532653042
Pr2Fe0.75Co0.25,739.0,629.9095953077245
Fe0.75Co0.25Pt1,850.0,721.842279402383
Sr2Ti0.25Mn1Fe11.5Co0.25Ni1O22,852.0,796.0395627189953
Zn0.5Fe2Co0.25Ni0.25O4,517.15,498.7044121336337
Zn0.45Fe2Co0.25Ni0.3O4,205.0,392.03189491562404
Fe2Co0.25Ni0.75O4,286.0,801.5670993657634
Zn0.75Fe2Co0.25O4,337.0,334.5361962589056
Fe2.75Co0.25O4,793.075,757.5896805288295
Gd0.75Co0.25,180.0,127.14309529993103
Gd1Mn0.75Co0.25O3,50.0,88.93773311443645
Ho1Co0.25Ni1.75,22.0,31.84144164302611
La2Mn1Co0.25Ni0.75O6,185.5,201.13787991659626
Zn0.75Co0.25O1,300.0,313.48565057968835
Zn0.5Co0.25Sn0.25O2,290.0,256.01162504428964
Sr0.47La0.47Fe11.73Co0.27O19,700.0,719.2791025682113
Tb0.5Pr0.5Fe1.615Co0.285,660.0,655.7606437266885
Ho1Mn0.72Co0.28O3,45.0,78.37977423644762
Cr0.8Fe2Co0.2Si1,601.0,517.2240834375147
Cr2.8Co0.2Si1,320.0,283.03598416877327
Mn2Zn0.2Fe0.2Co0.2Cu0.2Ni0.2O4,150.0,150.57104750314636
Mg0.2Mn0.2Fe2Co0.2Cu0.2Ni0.2O4,737.0,689.052097978539
Mn0.2Fe2.2Co0.2Cu0.2Ni0.2O4,764.0,727.97802603292
Fe2Co0.2Cu0.4Ni0.4O4,800.15,729.1307138864236
Mn1Co0.2Cu0.8Sb1,350.7,308.65487397760666
Dy0.05Zn0.8Fe1.95Co0.2O4,185.5,276.80327618078087
Tb0.36Dy0.64Fe1.8Co0.2,689.85,654.7194849855416
Tb0.3Dy0.67Ho0.03Fe1.8Co0.2,690.0,657.9160617070543
Er0.05Zn0.8Fe1.95Co0.2O4,185.57,233.05898978920476
Er1Mn0.8Co0.2O3,50.0,69.49554704720458
La1Mn0.5Fe0.3Co0.2O3,230.0,197.86723433811028
Zn0.8Fe0.4Co0.2O1.6,370.0,406.89949362273086
Mn1Fe0.8Co0.2Ge1,209.0,263.34229179137344
Hf0.8Ta0.2Fe0.8Co0.2,280.0,304.25890390948007
La2Mn1Fe0.8Co0.2O6,69.0,345.97918173831255
Sr1Fe0.8Co0.2O2.94,100.0,361.25676523605574
Sm2Fe0.8Co0.2,541.0,624.5839991719681
Zr1Fe0.8Co0.2,500.0,327.78022078240696
Fe1.75Co0.2Si0.2P0.8,480.0,511.6575073509188
Y0.15Zn0.8Fe1.85Co0.2O4,333.0,373.4520330560813
Gd1Fe1.8Co0.2,802.0,702.7910859636254
Fe1.8Co0.2Si0.2P0.8,640.0,460.7678058195328
Ho0.05Zn0.8Fe1.95Co0.2O4,206.5,210.9550027408419
Gd0.02Zn0.5Fe1.96Co0.2Ni0.3O4,498.15,513.6747752712234
La0.02Zn0.5Fe1.96Co0.2Ni0.3O4,506.15,510.51541288392923
Zn0.56Fe1.98Co0.2Ni0.24O4,419.15,496.52118389088054
Zn0.4Fe1.98Co0.2Ni0.4O4,521.15,575.8365428130878
Zn0.27Fe1.98Co0.2Ni0.53O4,549.15,682.5267868675033
Zn0.2Fe1.98Co0.2Ni0.6O4,624.15,688.5978403082715
Sr0.8Nd0.2Fe10.8Co0.2O19,716.15,705.8828559606055
La1Fe11.3Co0.2Si1.5,280.0,216.33498644145388
Sr1Mg0.025Fe11.775Co0.2O19,750.0,727.2372805898042
La1Fe11.7Co0.2Si1.1,198.75,248.71977182544234
Sr0.8La0.2Fe11.8Co0.2O19,701.0500000000001,726.5364679609776
Sr1Fe11.8Co0.2O19,737.0,722.5671428359876
Zn0.35Fe2.05Co0.2Ni0.4O4,843.15,761.7471675137072
Mg0.15Zn0.65Fe2Co0.2O4,330.55,364.28787972706374
Mg0.1Zn0.7Fe2Co0.2O4,309.85,333.2318146856924
Mg0.2Zn0.6Fe2Co0.2O4,363.85,389.71452877828864
Mg0.3Zn0.5Fe2Co0.2O4,373.35,460.68690103250947
Mg0.4Zn0.4Fe2Co0.2O4,441.35,478.60713936083147
Mg0.5Zn0.3Fe2Co0.2O4,516.05,532.9624470435016
Mn0.3Zn0.5Fe2Co0.2O4,433.5,475.55106917498716
Zn0.5Fe2Co0.2Ni0.3O4,680.0,498.21301981667517
Zn0.4Fe2Co0.2Ni0.4O4,665.15,555.0164605923217
Fe2Co0.2Ni0.8O4,833.7666666666668,622.0462953289102
Zn0.8Fe2Co0.2O4,221.66666666666663,334.9501174407368
Mn0.2Zn0.2Fe2.2Co0.2Ni0.2O4,705.15,664.9005058048925
Li0.4Fe2.3Co0.2O4,863.15,799.112530508029
Li0.4Fe2.4Co0.2O4,760.0,830.1290699060849
Y3Fe4.6Co0.2Ge0.2O12,514.0,516.2615194501367
Mn0.9Ga1Co0.2Ni1.9,309.0,369.34264292433784
Gd1Mn0.8Co0.2Si1,270.0,204.10753077393804
Gd3Co0.2Ru0.8,92.0,97.29124631557376
U1Co0.2Ge1Pd0.8,31.0,43.33902527867014
Pr1Mn1.8Co0.2Ge2,273.0,256.6818076752704
La0.7Mn0.8Co0.2Pb0.3O3,282.2,204.3188680956085
Na0.2La0.8Mn0.8Co0.2O3,198.0,192.7382724669405
La1Mn0.8Co0.2O3,170.0,184.70054100828753
La1Mn1.8Co0.2Si2,260.0,247.806493429636
La2Mn1Co0.2Ni0.8O6,260.0,195.09193252676107
Li1Co0.2Ni0.8O2,95.0,106.60198963207546
Sr0.4Nd0.6Mn0.8Co0.2O3,133.0,147.9039635460598
Sr0.2Nd0.8Mn0.8Co0.2O3,130.0,139.91565400928843
Nd2Mn1Co0.2Ni0.8O5.97,183.0,157.08316977714972
Mn1.8Co0.2Ni1O4,125.0,147.67828210356305
Mn1.8Co0.2Sb1,550.0,431.60706775070315
Ti0.8Co0.2O2,300.0,539.7112426922847
Na0.21La0.83Fe11.65Co0.31O19,700.0,716.0374202949749
Mn2Co0.32Ni1.32Sn0.36,450.0,380.29760856558613
Er1Mn0.67Co0.33O3,55.0,68.31912471321958
Li1Mn0.33Co0.33Ni0.33O2,30.0,119.19727007708742
Co0.34Ni0.66Pt3,313.15,326.98873123802343
Sr1Fe0.65Co0.35O3,370.0,276.3505434267387
Zn0.45Fe2Co0.35Ni0.2O4,195.0,320.600712643462
Zn0.65Fe2Co0.35O4,361.5,405.23489640505966
Zn0.63Fe2Co0.37O4,319.15,411.6805728522647
Tb0.3Nd0.1Dy0.6Fe1.544Co0.386,669.0,673.5431032699742
Fe0.62Co0.38P1,459.0,335.8144486411837
Tb0.2Nd0.8Fe1.52Co0.38,613.0,658.5882032758565
Fe2.62Co0.38O4,793.0,797.0850370698433
Tb0.6Nd0.1Dy0.3Fe1.54Co0.39,701.0,672.0951956846917
Tb0.5Nd0.1Dy0.4Fe1.54Co0.39,697.0,673.3195717102726
Tb0.4Nd0.1Dy0.5Fe1.54Co0.39,693.0,675.0508121448589
Tb0.3Nd0.1Dy0.6Fe1.54Co0.39,689.0,674.2704940364692
Tb0.2Nd0.1Dy0.7Fe1.54Co0.39,685.0,673.1911578893081
Zn0.61Co0.39O1,298.15,268.97559834722443
Cr0.7Fe2Co0.3Si1,651.0,571.3253078739571
Fe0.4Co0.3Cu0.3,1250.0,1021.035317927537
Fe2Co0.3Cu0.3Ni0.4O4,800.15,719.7504862773712
Mn1Co0.3Cu0.7Sb1,391.3,342.32580752307763
Tb0.36Dy0.64Fe1.7Co0.3,694.4,672.4827238054917
Er1Mn0.7Co0.3O3,55.0,63.92081444952017
Rb1Co0.3Ni0.7F3,109.0,122.70959742317305
La1Mn0.5Fe0.2Co0.3O3,230.0,200.8428698473587
Fe0.4Co0.3Si0.3,972.0,751.3295309455502
Mn1Fe0.7Co0.3Ge1,220.0,271.96466766996974
Hf0.8Ta0.2Fe0.7Co0.3,331.0,288.54611977482887
Sr0.3La0.7Fe0.7Co0.3O3,230.0,339.61947806252886
Fe0.7Co0.3P1,363.0,349.487264795401
Fe0.7Co0.3Si1,52.0,134.1000930816202
Fe1.7Co0.3P1,423.0,414.25538886882305
Fe1.7Co0.3P2,480.0,367.3281505238559
La0.1Mg0.3Zn0.4Fe1.9Co0.3O4,468.0,467.1805573956421
Ho1Ti1Fe10.7Co0.3,548.0,536.3646309153205
Sr0.7Nd0.3Fe10.7Co0.3O19,713.15,707.6203321533987
Sr1Mg0.0375Fe11.6625Co0.3O19,750.0,726.0927445274244
Sr0.7La0.3Fe11.7Co0.3O19,696.15,719.4908237801973
Sm2Fe17Co0.3N1,747.0,685.5100362837322
Zn0.35Fe2.05Co0.3Ni0.3O4,843.15,763.033935565936
Mn0.2Zn0.5Fe2Co0.3O4,440.0,460.4374212908774
Zn0.4Fe2Co0.3Ni0.3O4,605.15,543.6178394507726
Fe2Co0.3Ni0.7O4,883.15,679.1345664204373
Zn0.7Fe2Co0.3O4,322.5,358.658885953494
Li0.35Fe2.2Co0.3O4,858.15,793.2313348892048
Fe2.7Co0.3O4,842.2875,754.3695467014394
Mn0.85Ga0.12Co0.3Si0.88Ni0.85,520.0,389.35477682692243
Mn0.85Ga0.18Co0.3Si0.82Ni0.85,239.0,420.4503325328124
Mn0.85Ga0.1Co0.3Si0.9Ni0.85,542.0,391.19609106271776
Ho5Ga2.7Co0.3,22.0,45.3005473853117
Gd1Mn0.7Co0.3O3,85.0,84.73023438688938
Gd1Co0.3Ni2.7,167.25,144.68768067274556
U1Co0.3Ge1Pd0.7,9.0,42.156669553633414
La0.67Mn0.7Co0.3Pb0.33O3,260.0,197.96300325092983
La0.7Mn0.7Co0.3Te0.3O3,201.0,188.05811658631123
La1Mn0.7Co0.3O3,195.5,188.2653514892012
La1Mn1.7Co0.3Si2,230.0,232.07914936769822
Sr0.4Nd0.6Mn0.7Co0.3O3,130.0,157.82027816803918
Sr0.2Nd0.8Mn0.7Co0.3O3,130.0,143.56125003727365
Nd2Mn1Co0.3Ni0.7O5.97,179.0,159.49613776662326
Mn2.7Co0.3O4,53.0,81.33438405313044
Fe2.584Co0.416O4,639.0,799.1220816601062
Ho1Mn0.57Co0.43O3,68.0,76.80464360917576
Y0.57Co0.43,450.0,45.35830864506522
La0.1Mg0.15Zn0.4Fe1.9Co0.45O4,471.0,500.30360230517334
Zn0.45Fe2Co0.45Ni0.1O4,190.0,332.65397149410114
Zn0.55Fe2Co0.45O4,442.0,434.55777703325066
La0.97Pr0.03Fe8.94Co0.45Si1.21,250.0,288.129035818684
Gd1Mn0.55Co0.45O3,115.0,99.80384115761917
Gd1Co0.45Ni2.55,184.5,173.26372519788606
Zn0.54Cr0.45Fe1.55Co0.46O4,375.65,410.6316979384599
Zn0.54Cr0.55Fe1.45Co0.46O4,353.75,374.79017695127425
Zn0.54Cr0.65Fe1.35Co0.46O4,329.15,348.58686502057344
Zn0.54Cr0.6Fe1.4Co0.46O4,321.95,370.998667871423
Zn0.54Cr0.75Fe1.25Co0.46O4,301.75,362.1798343440271
Zn0.54Cr0.7Fe1.3Co0.46O4,310.65,343.6788825532788
La1Fe10.94Co0.46Si1.6,200.0,248.68221819192772
Gd1Co0.47Ni0.53,127.0,140.7711349772121
Tb0.3Nd0.1Dy0.6Fe1.4475Co0.4825,687.0,648.268444002288
Fe2Co0.4Cu0.2Ni0.4O4,800.15,758.2337420943101
Tb0.36Dy0.64Fe1.6Co0.4,706.45,663.1220123281224
Tb0.3Dy0.7Fe0.6Co0.4,723.15,664.1849731181738
Dy1Fe1.6Co0.4,718.0,587.1721920179348
Dy3Fe4.2Co0.4Ge0.4O12,472.0,473.80345227443985
Er1Mn0.6Co0.4O3,62.0,72.19807280559058
La1Mn0.5Fe0.1Co0.4O3,230.0,195.72947861857364
Gd1Fe0.6Co0.4Si1,70.0,211.65817872476424
Mn1Fe0.6Co0.4Ge1,223.0,270.9911802564428
Hf0.8Ta0.2Fe0.6Co0.4,294.0,273.71268430899227
Sr0.3La0.7Fe0.6Co0.4O3,230.0,262.0681403781626
Fe0.6Co0.4Si1,53.72,116.0605814861226
Fe1.53Co0.4Si0.4P0.6,480.0,529.0298393425155
Gd1Fe1.6Co0.4,759.0,748.1716751848637
Zr1Fe1.6Co0.4,500.0,498.4993819660557
Y0.15Zn0.6Fe1.85Co0.4O4,373.0,426.3353438845794
Sr0.6Nd0.4Fe10.6Co0.4O19,710.15,701.6558848358737
La1Fe11.4Co0.4Si1.2,247.0,231.78111528979656
La1Fe11.6Co0.4Si1,289.5,254.95785380783607
Sr1Fe11.6Co0.4O19,737.0,721.8092156351053
Zn0.35Fe2.05Co0.4Ni0.2O4,843.15,717.5960662744742
Mn0.1Zn0.5Fe2Co0.4O4,454.5,459.6282978932481
Zn0.4Fe2Co0.4Ni0.2O4,556.15,517.799706037781
Fe2Co0.4Ni0.6O4,827.4333333333334,758.1296332925119
Zn0.6Fe2Co0.4O3,380.0,437.1052533048307
Zn0.6Fe2Co0.4O4,397.1666666666667,430.3268474306258
Li0.3Fe2.1Co0.4O4,852.15,780.0063574622676
Li0.3Fe2.3Co0.4O4,753.0,767.9865391331565
Gd3Fe4.2Co0.4Ge0.4O12,470.0,435.66005186400827
Ho5Ga2.6Co0.4,32.0,43.056498431741744
Gd1Mn0.6Co0.4Si1,230.0,230.20892709483905
U1Co0.4Ge1Rh0.6,20.0,33.34433281121969
Pr1Mn1.6Co0.4Ge2,175.0,192.7934661649743
Sr0.6La0.4Co0.4Ru0.6O3,154.0,171.3380308553495
La1Mn0.6Co0.4O3,198.0,189.99054649653908
La1Mn1.6Co0.4Si2,186.0,225.16982641111392
Nd2Mn1Co0.4Ni0.6O5.97,174.0,159.26268476799567
Mn1.39V1.14Ga0.93Co0.54,478.0,447.46480615179763
Tb0.3Dy0.7Fe0.45Co0.55,723.15,678.468394606653
Fe0.45Co0.55Si1,28.5,56.127489157477854
Ti0.45Fe1.1Co0.55Pb0.45O3.55,750.0,585.3960252271229
Zn0.45Fe2Co0.55O4,175.0,371.7085584948181
Gd1Co0.55Ni0.45,142.0,149.71038753831837
Tb1Nb0.7Fe10.735Co0.565,615.0,549.9480273882347
Tb0.5Pr0.5Fe1.33Co0.57,700.0,618.9921466949963
Zn0.35Fe2.07Co0.58O4,510.0,720.1651452525389
Fe2.41Co0.59O4,793.0,777.992871282852
Cr0.5Fe2Co0.5Si1,754.0,658.292055137233
Cr2Co0.5Cu0.5S4,235.0,186.31918944651028
Cr2Co0.5Ni0.5O4,72.7,112.22143621507013
Fe2Co0.5Cu0.1Ni0.4O4,800.15,754.0110965857311
Sm0.03Fe1.97Co0.5Cu0.5O4,332.0,662.8718712549005
Mn1Co0.5Cu0.5Sb1,425.0,395.3515472909125
Co0.5Cu0.5Rh2S4,100.0,169.2528069132944
U1Co0.5Cu1.5Ge2,107.0,90.85748486794694
Dy0.02Fe1.98Co0.5Ni0.5O4,835.0,791.5184451451767
Er1Mn0.5Co0.5O3,66.75,78.27006545027693
Eu1Mn0.5Co0.5O3,123.0,120.70446138326504
Rb1Mg0.5Co0.5F6,36.0,144.75981949685786
Mn1Fe0.35Co0.5Ni0.15P1,400.0,412.363055390011
Mn0.6Fe0.4Co0.5Si1Ni0.5,290.31,364.2106620073674
Fe0.5Co0.5,1303.7166666666667,1191.2384214181627
Mn1Fe0.5Co0.5Ge1,228.0,279.68410833641747
Hf0.8Ta0.2Fe0.5Co0.5,244.0,234.18806785813257
Sr0.8La0.2Fe0.5Co0.5O2.99,290.0,258.75737732913154
Sr0.3La0.7Fe0.5Co0.5O3,230.0,236.04700864388207
La1Fe0.5Co0.5O3,340.0,276.5454435418868
La2Mn1Fe0.5Co0.5O6,206.0,192.77551838228396
Mn1Fe0.5Co0.5Si1,296.0,297.95528017368355
Sr1Fe0.5Co0.5O2.67,115.0,182.642456862897
Sr1Fe0.5Co0.5O2.86,100.0,286.9170918803111
Sr1Fe0.5Co0.5O2.88,330.0,155.59203697619196
Sr1Fe0.5Co0.5O3,330.0,308.42836318133374
Fe0.5Co0.5Pt1,850.0,741.0533539475582
Fe0.5Co0.5Si1,42.0,64.05146216348359
Ti1Fe0.5Co0.5,47.5,431.073775977741
Sr0.165La0.335Mn0.5Fe1Co0.5O3.5,336.0,440.68136755029263
Fe1Co0.5Si0.5O3,793.15,711.4927576778535
Fe1.5Co0.5Si0.3P0.7,535.0,513.5267576580693
Fe1.5Co0.5P2,450.0,375.5150169543947
La0.15Fe1.85Co0.5Ni0.5O4,795.0,733.8178889417588
La0.2Fe1.8Co0.5Ni0.5O4,762.0,722.7918140751632
La0.05Fe1.95Co0.5Ni0.5O4,843.0,780.7781917232684
Gd0.02Fe1.98Co0.5Ni0.5O4,820.0,797.8389218508647
La0.02Fe1.98Co0.5Ni0.5O4,822.0,803.7759997067325
Nd0.02Fe1.98Co0.5Ni0.5O4,817.0,808.9393722295047
Sm0.02Fe1.98Co0.5Ni0.5O4,854.0,781.1467084870886
La0.1Fe1.9Co0.5Ni0.5O4,816.0,761.9515980813349
Sr0.5Nd0.5Fe10.5Co0.5O19,709.15,706.5826733686405
Y1Ti1Fe10.5Co0.5,581.0,531.6166767295268
Sr2Ti0.5Mn1Fe11Co0.5Ni1O22,893.0,785.4529944593322
Li0.25Fe2Co0.5O4,848.15,779.3804045840897
Zn0.4Fe2Co0.5Ni0.1O4,510.15,511.1084404698076
Zn0.25Fe2Co0.5Ni0.25O4,793.0,635.5258150457629
Fe2Co0.5Ni0.5O4,685.7875,784.960853430793
Fe2Co0.5Sn0.5O4,800.0,653.6805402118523
Zn0.5Fe2Co0.5O4,496.0777777777778,397.85400014776326
Fe2.5Co0.5O4,818.3833333333333,759.3924819645237
Mn2V0.5Ga1Co0.5,653.0,560.3373156183268
Mn1Ga1.5Co0.5Ni1,285.0,351.2443892905672
Gd1Mn0.5Co0.5O3,120.0,102.60515618518838
Gd1Co0.5Ni0.5,133.0,147.08094151943322
Pr1Mn1.5Co0.5Ge2,138.0,147.22409306136643
Ho1Co0.5Ni0.5,25.0,38.6955938370692
Sr0.75La0.25Mn0.5Co0.5O3,260.0,191.9121097880051
Sr0.5La0.5Mn0.5Co0.5O3,250.0,194.83471338704473
Sr0.5La0.5Co0.5Ru0.5O3,154.0,162.86320433149208
Sr0.33La0.67Mn0.5Co0.5O3,147.0,197.71268053578834
Sr0.2La0.8Mn0.5Co0.5O3,150.0,180.5774027344178
Sr0.05La0.95Mn0.5Co0.5O3,147.0,198.11841216465655
La1Mn0.5Co0.5O3,205.58333333333337,189.47329835557971
La2Mn1Co0.5Ni0.5O6,182.0,192.7903970807223
Li1Mn0.25Co0.5Ni0.25O2,8.0,113.28333735693431
Li1Mn1.5Co0.5O4,50.0,137.23430408389822
Nd1Mn0.5Co0.5O3,154.0,143.07896615933393
Y1Mn0.5Co0.5O2.87,67.0,160.331301678771
Pr1Mn0.5Co0.5O3,161.0,153.7400904160965
Sm1Mn0.5Co0.5O3,134.5,125.73572789346076
Nd2Mn1Co0.5Ni0.5O5.97,172.0,155.4129705883588
Y2Mn1Co0.5Ni0.5O6,84.0,150.20074350227242
Mn1.5Co0.5Ni1O4,190.0,168.05221088978095
Mn2.5Co0.5O4,62.0,105.19195624317399
Mn37Co0.5Ni49.5Sn13,313.0,316.36594604782186
Co0.5Ni0.5Pt1,523.15,501.4097886602457
Co0.5Pb1W0.5O3,67.0,212.05740472422545
U1Co0.5Sb2,65.0,54.33548637643334
Cr0.39Co0.61S2,275.0,198.22574037294402
Zn0.39Fe2Co0.61O4,338.15,379.1126341121386
Zn0.38Fe2Co0.62O4,328.15,393.82403454766984
La0.84Pr0.16Fe9.12Co0.62Si1.21,270.0,309.09074624169887
Zn0.37Fe2Co0.63O4,319.15,511.2257049031458
Mn1Fe0.2Co0.65Ni0.15P1,453.0,404.25616494957563
Mn1Fe0.35Co0.65P1,553.0,358.7644021145966
Fe0.35Co0.65Si1,6.1,53.416510984023276
Zn0.35Fe2Co0.65O4,858.0,522.9606257321119
Gd1Co0.65Ni0.35,160.0,163.0426995491221
Mn0.35Co0.65,140.0,613.8866133258541
La1Fe10.84Co0.66Si1.2Ni0.3,294.0,276.5907281513651
La1Fe10.94Co0.66Si1.2Ni0.2,285.0,274.669086266925
La1Fe11.04Co0.66Si1.2Ni0.1,272.0,275.2686892286353
La1Fe8.14Co0.66Si1.2Ni3,294.0,487.2561777673576
Ti0.328Co0.672,17.0,284.66089764206873
Gd1Ga1.33Co0.67,55.0,66.52107617759769
Y0.33Co0.67,470.0,190.04274462730368
La1Fe10.72Co0.68Si1.6,280.0,271.42396476865434
Gd6Mn22.31Co0.69,447.0,415.50381597684594
Tb0.31Co0.69,520.0,337.18215621497836
Mg0.4Cr2Co0.6O4,45.0,118.2083678506867
Sr0.2La0.8Co0.6Cu0.4O3,150.0,171.80211748991698
Mn1Co0.6Cu0.4Sb1,455.5,385.1470990698374
U1Co0.6Cu1.4Ge2,104.0,94.88714217231286
Tb0.3Dy0.7Fe0.4Co0.6,723.15,643.6397341169253
Dy1Fe0.4Co0.6,625.0,452.49559077063236
Dy1Mn0.2Fe1.2Co0.6,619.0,582.1046374408782
Dy1Fe1.4Co0.6,523.0,592.2943751313486
Dy1Fe1.4Co0.6Ni0.06,191.425,649.5577058752277
Dy1Co0.6Ni0.4,49.0,85.67905369772079
Er1Mn0.4Co0.6O3,68.0,79.18713568045226
Rb1Mg0.4Co0.6F3,25.0,116.02710574419763
Mn1Fe0.4Co0.6Ge1,242.0,281.1430753292251
Hf0.8Ta0.2Fe0.4Co0.6,152.0,223.42660061889336
Sr0.5La0.5Fe0.4Co0.6O3,166.0,226.4295982567678
Sr0.3La0.7Fe0.4Co0.6O3,230.0,222.09795876208713
La2Mn1Fe0.4Co0.6O6,223.8,195.691378811095
Mn1Fe0.4Co0.6Si1,284.0,302.7582312986995
Fe0.4Co0.6Si1,10.8,50.28474139228464
Sm2Fe0.4Co0.6,1079.0,482.2098336926951
Fe1.2Co0.6Si1.4O5.2,793.15,469.62457331319365
Gd1Fe1.4Co0.6,799.0,725.3471390665559
Fe1.4Co0.6P1,450.0,448.7206527331488
Mn0.3Zn0.4Fe1.7Co0.6O4,430.0,490.67008301692607
Gd0.066Mn0.4Fe1.934Co0.6O4,779.0,732.8269255232727
Gd0.033Mn0.4Fe1.967Co0.6O4,770.0,736.1353857222122
Gd0.1Mn0.4Fe1.9Co0.6O4,778.0,719.2244782390687
La0.1Zn0.4Fe1.9Co0.6O4,522.0,487.7176341225901
Li0.2Fe1.9Co0.6O4,840.15,752.3257913909456
La1Fe11.35Co0.6Si1.05,268.0,287.40793585701635
La1Fe11.3Co0.6Si1.1,259.0,273.1150061249125
Mn0.4Fe2Co0.6O4,734.0,733.3868927866282
Fe2Co0.6Ni0.4O4,821.7666666666668,767.867454670293
Zn0.4Fe2Co0.6O3,550.0,543.2050145953057
Zn0.4Fe2Co0.6O4,588.0,398.128614231283
Zn0.23Fe2.17Co0.6O4,510.0,693.695209235259
Li0.2Fe2.2Co0.6O4,730.0,752.2245536198619
Fe2.4Co0.6P1,670.0,631.508282084659
Mn0.6Zn0.8Fe4Co0.6O8,375.0,494.74916508157554
Mn1.8V0.6Ga1Co0.6,600.0,500.6264149093446
Gd0.4Co0.6,325.0,340.25310502253154
Gd1Mn0.4Co0.6O3,110.0,107.51952673643642
Gd1Mn0.4Co0.6Si1,191.0,180.39184165554485
Gd1Co0.6Ni0.4,151.0,154.83167117764265
Gd1Co0.6Ni2.4,201.0,183.59084305245162
U1Co0.6Ge1Rh0.4,20.0,35.66485405601397
Pr1Mn1.4Co0.6Ge2,80.0,116.19992284827498
Ho1Co0.6Ni0.4,27.0,44.06675119880757
Sr0.4La0.6Co0.6Ru0.4O3,154.0,162.86606335895107
La1Co0.6Ni0.4O3,65.0,155.20662122008824
Li1Mn0.2Co0.6Ni0.2O2,60.0,91.74736833930443
Tb6Mn0.4Co0.6Sb1Te1,230.0,253.43959192610626
Co0.6Ni0.4Pt3,473.15,415.85847054979064
Tb1Co0.6Ni0.4,87.0,167.55281161626567
Tb0.4Co0.6,300.0,308.553538187716
Y0.4Co0.6,195.0,245.36851160000128
La1Fe11.44Co0.71Si0.84,274.0,329.43595492976965
Ti0.29Co0.71,44.0,166.0075070917479
Fe0.28Co0.72,1173.15,1196.8383034835856
Gd1Co0.72Ni0.28,174.0,179.83079343079305
Ti0.28Co0.72,42.0,226.92947626399226
Sr1Cr0.25Fe11Co0.75O19,732.0,735.5825810138557
Cr0.25Co0.75S2,335.0,202.87634845627764
Cr2Co0.75Ni0.25O4,83.69999999999999,113.0901134581796
Fe2Co0.75Cu0.25O4,588.15,719.2670648753078
Er0.25Co0.75,375.0,438.5893509969054
Fe0.25Co0.75Pt1,850.0,451.3374138620078
Fe0.25Co0.75S2,140.7,188.5422630476449
Sr0.0825La0.1675Mn0.25Fe1.5Co0.75O3.75,358.0,655.201155063244
Zn0.32Fe1.93Co0.75O4,526.0,655.1110862791821
Sr2Ti0.75Mn1Fe10.5Co0.75Ni1O22,845.0,760.680687945686
Fe2.25Co0.75O4,817.15,791.6943442280549
Sm0.6Zr0.4Fe2.25Co0.75,670.0,672.0275771025074
Sm0.7Zr0.3Fe2.25Co0.75,680.0,660.3775730135366
Sr0.75Y0.25Ga0.25Co0.75O2.625,225.0,182.18635957427304
Mn1.5V0.75Ga1Co0.75,468.0,455.3999154579628
Mn21Ga25Co0.75Ni53.25,353.0,346.137210566809
Ho1Co0.75Ni1.25,36.0,72.41064552993623
La2Mn1Co0.75Ni0.25O6,178.0,194.69297185848473
Tb6Mn0.25Co0.75Sb1Te1,234.0,235.13541085076264
Co0.75Ni0.25Pt3,521.15,424.46778295885645
Sr1Sc0.25Co0.75O2.97,160.0,191.08831046055224
Co0.75P0.25,480.0,512.642811963902
Co0.76P0.24,512.0,599.6122006957704
Ti0.229Co0.771,550.0,400.18700586701067
Zn0.33Fe1.9Co0.77O4,567.0,609.4793927174153
V0.216Co0.784,850.0,796.1992325610722
Ti0.214Co0.786,38.0,659.1327854717013
Sm0.21Co0.79,1073.15,775.5512092521692
Cr2Co0.7Cu0.3O4,87.0,115.30260739743485
Mn1Co0.7Cu0.3Sb1,457.0,382.9204116478175
Mn1.7Co0.7Cu0.6O4,115.0,141.42332430814662
La0.9Dy0.1Fe11Co0.7Si1.3,265.5,278.8115995085927
La0.8Dy0.2Fe11Co0.7Si1.3,269.0,298.50865090069067
Er1Mn0.3Co0.7O3,67.0,83.20572851119344
Mn1Fe0.3Co0.7Ge1,249.0,291.40094440153
Hf0.8Ta0.2Fe0.3Co0.7,80.0,252.4559453681339
Sr0.5La0.5Fe0.3Co0.7O3,190.0,202.49469581226657
Sr0.2La0.8Fe0.3Co0.7O3,195.0,204.53206609879186
La2Mn1Fe0.3Co0.7O6,219.9,196.68835739326536
Mn1Fe0.3Co0.7Si1,307.0,308.11450609997377
Pr2Fe0.3Co0.7,1090.0,472.5579213177283
Fe0.3Co0.7Si1,2.6,109.61253026116876
Mn0.7Fe0.6Co0.7Ge1,298.6,339.25730741496216
Fe1.3Co0.7P2,230.0,341.73528320084716
Ti0.3Fe1.4Co0.7Pb0.3O3.7,750.0,588.7441242818186
Fe1.4Co0.7Si0.6O4,793.15,662.158539847804
La0.3Zn0.3Fe1.7Co0.7O4,616.0,557.8764898841384
Ho1Ti1Fe10.3Co0.7,593.0,557.1190345447865
La1Nb1Fe10.9Co0.7Si1.4,273.333333333333,302.1520899916716
La1Fe11Co0.7Si1.3,278.5,272.8726151328943
La1Fe11.2Co0.7Si1.1,274.0,276.70035071874895
La1Fe13.1Co0.7Si1.4,330.0,280.4897476593422
Fe2Co0.7Ni0.3O4,839.575,741.0370836780284
Zn0.3Fe2Co0.7O4,653.75,615.6536096310745
Fe2.3Co0.7O4,858.0,782.3458521523235
Mn1.6V0.7Ga1Co0.7,544.0,463.89515839357324
Mn1Ga1.3Co0.7Ni1,400.0,357.0881710751986
Gd1Mn0.3Co0.7O3,100.0,100.89093631929994
Gd1Co0.7Ni0.3,171.0,175.72893599404495
Mn1V0.3Co0.7Ge1,148.0,301.7146054338421
U1Co0.7Ge1Pd0.3,18.0,31.945864412956013
Pr1Mn1.3Co0.7Ge2,25.0,129.916646732467
Sr0.3La0.7Co0.7Ru0.3O3,154.0,163.81964127481808
La1Mn0.3Co0.7O3,198.0,158.953670606678
Sr0.5Nd0.5Mn0.3Co0.7O3,125.0,185.34058849568495
Sr0.4Nd0.6Mn0.3Co0.7O3,165.0,158.57663005556552
Y0.3Tm0.7Mn0.3Co0.7O3,54.0,122.03933575090748
Zn0.23Fe1.96Co0.81O4,600.0,639.8044892245418
Cr0.18Co0.82S2,300.0,216.36063047324762
Fe2.18Co0.82O4,793.0,786.9636858145798
V0.156Co0.844,850.0,976.1671692215308
Mg0.16Fe2Co0.84O4,723.15,727.5510031715959
Tb0.5Pr0.5Fe1.045Co0.855,674.0,652.6675655322882
Cr2Co0.85Ni0.15O4,90.0,107.81216168726945
Mn1Fe0.15Co0.85Ge1,306.0,302.02688312038407
Sr0.2La0.8Fe0.15Co0.85O3,195.0,198.09515973175834
Mn1Fe0.15Co0.85Si1,347.0,317.51698928229297
Ti0.15Fe1.7Co0.85Pb0.15O3.85,750.0,704.9205698168337
Nd5Fe16.15Co0.85,388.0,528.128327676788
Co0.85Se1,124.0,284.3747971486749
Zn0.19Fe1.94Co0.87O4,630.0,681.9800499852075
Mg0.12Fe2Co0.88O4,728.15,726.8810208972399
Cr2Co0.8Cu0.2O4,88.5,110.75934109204778
Mg0.2Cr2Co0.8O4,65.0,115.35427017501061
Cr2Co0.8Ni0.2O4,85.0,112.4640342987614
Mn1Co0.8Cu0.2Sb1,460.5,403.9137619085208
U1Co0.8Cu1.2Ge2,104.0,87.59262266076458
Nd0.5Dy0.5Ti1Fe10.2Co0.8,673.86,599.0585513488811
Dy1Fe1.2Co0.8,695.0,557.6189808174388
Er0.07Zn0.2Fe1.93Co0.8O4,703.0,657.86355774572
Zn0.2Fe2Co0.8O4,723.0,634.2065439406069
Er0.14Zn0.2Fe1.86Co0.8O4,698.0,673.3726196510103
Er0.21Zn0.2Fe1.79Co0.8O4,695.0,646.4237059102697
Mn1Fe0.2Co0.8Si0.6Ge0.4,305.0,299.60335592963867
Mn1Fe0.2Co0.8Si0.4Ge0.6,278.0,299.15379411509184
Mn1Fe0.2Co0.8Si0.3Ge0.7,278.0,300.55580426535363
Mn1Fe0.2Co0.8Si0.2Ge0.8,273.0,303.0363457531419
Mn1Fe0.2Co0.8Ge1,280.5,294.9694491438674
Sr0.5La0.5Fe0.2Co0.8O3,230.0,199.13528675041135
Sr0.2La0.8Fe0.2Co0.8O3,195.0,198.22910326591156
Sr1La1Fe0.2Co0.8O4,225.0,196.62142083729074
La2Mn1Fe0.2Co0.8O6,217.25,199.54142842517126
Mn1Fe0.2Co0.8Si1,327.0,309.8307275266073
Fe1.2Co0.8,1200.0,1252.1525099893652
Gd1Fe1.2Co0.8,762.0,719.7834670431257
Y3Fe1.2Co0.8Ge0.8O12,420.0,274.96953207094197
Mn0.1Fe1.9Co0.8Ni0.2O4,773.0,725.498339455922
La0.7Pr0.3Fe10.4Co0.8Si1.8,290.0,301.86139407249425
La1Fe10.8Co0.8Si1.4,285.0,282.83057945800255
La1Fe11Co0.8Si1.2,285.25,279.37034499629453
La1.7Fe11Co0.8Si1.2,272.5,344.862197731455
Sr1Fe11.2Co0.8O19,737.0,727.5844731548651
Li0.2Fe2Co0.8O4,792.15,734.6504509322392
Mg0.2Fe2Co0.8O4,719.15,728.5634306260938
Mn0.2Fe2Co0.8O4,575.0,743.4560672177271
Fe2Co0.8Ni0.2O4,811.7666666666668,707.0368429819865
Zn0.2Fe2Co0.8O3,695.0,639.1634012902426
Zn0.2Fe2Co0.8O4,734.0,634.2065439406069
Li0.1Fe2.1Co0.8O4,712.0,751.3795894858363
Fe2.2Co0.8O4,803.0,794.0201467863657
Mn1.4V0.8Ga1Co0.8,442.0,400.39229979693994
Gd0.2Co0.8,925.0,812.8077389633506
Gd1Mn0.2Co0.8O3,100.0,91.72275658023113
U1Co0.8Ge1Pd0.2,22.8,30.17157489200153
La2Mn1Co0.8Ni0.2O6,232.0,191.31348806803803
Co0.8P0.2,347.0,812.6037378523907
Co0.8Pd0.2,1251.0,1052.346164084589
Y0.2Co0.8,600.0,743.8726843990094
La1Fe10.488Co0.912Si1.6,300.0,295.1309693295164
Cr0.09Co0.91S2,210.0,181.37509010814694
Mg0.08Fe2Co0.92O4,733.15,731.5440733966137
Mn1Fe0.06Co0.94Ge1,279.0,312.2542215148445
La1Fe11.05Co0.94Si1.1,287.0,294.4658020878577
Cr0.05Co0.95S2,170.0,163.2256294453727
Dy0.05Fe2Co0.95O4,689.65,671.754871668755
Fe0.05Co0.95S2,124.0,152.1507534826104
Mn0.05Fe2Co0.95O4,772.0,739.0038479180884
Mn0.98V1.08Ga0.99Co0.95,367.0,253.8183321304787
Mn1Co0.95Ge1.14,331.0,305.28935141795813
Sr0.5La0.5Mn0.05Co0.95O3,241.0,197.51082467200555
Sr0.5La0.5Co0.95Ru0.05O3,200.0,195.13248434450492
Sr1Sc0.05Co0.95O2.91,160.0,209.11599206061334
Sr1V0.05Co0.95O2.91,359.0,204.98025228172477
Mn1Fe0.04Co0.96Ge1,379.0,309.63465444117156
Mg0.04Fe2Co0.96O4,741.15,732.9668722173656
Mn1.56Co0.96Ni0.48O4,187.5,172.05809988861233
Sr0.5La0.5Co0.975Ru0.025O3,234.0,198.5134746857497
Dy0.03Fe2Co0.97O4,699.65,723.7739723906536
Mn1Fe0.03Co0.97Ge1,275.0,307.7600458887373
Fe2Co0.97Ni0.03O4,786.0,702.2132110019928
Sr0.5La0.5V0.02Co0.98O3,227.0,204.84121188177318
Dy0.01Fe2Co0.99O4,695.65,785.2585479208182
Sr0.5La0.5V0.01Co0.99O3,225.0,201.86693573707907
Cr2Co0.9Cu0.1O4,90.0,114.97720385308742
Cr2Co0.9Ni0.1O4,96.0,113.38702757275607
Sr0.2La0.8Co0.9Cu0.1O3,225.0,175.4980553205737
Mn1Co0.9Cu0.1Sb1,472.6,363.7150160957741
Mn1.5Co0.9Cu0.6O4,120.0,174.76430251411227
Dy0.1Fe2Co0.9O4,513.15,647.3129766931407
Eu0.1Fe2Co0.9O4,656.15,719.3741982999092
Fe0.08Co0.9Ni0.83,858.0,993.6274726667492
Mn1Fe0.1Co0.9Ge1,340.0,302.1180835676786
Sr0.5La0.5Fe0.1Co0.9O3,240.0,202.87459772626357
Sr1La1Fe0.1Co0.9O4,225.0,192.2057324523463
La2Mn1Fe0.1Co0.9O6,223.2,193.9150156593521
Mn1Fe0.1Co0.9Si1,361.0,324.3928073902916
Fe1.8Co0.9Si0.2O4,793.15,686.4724701475454
La0.1Zn0.1Fe1.9Co0.9O4,757.0,709.7270147771891
Gd0.1Fe2Co0.9O4,689.15,688.398053260274
Mn0.1Fe2Co0.9O4,766.0,750.3196535908324
Nd0.1Fe2Co0.9O4,609.15,658.5227428824106
Fe2Co0.9Ni0.1O4,661.575,737.7391426104622
Zn0.1Fe2Co0.9O4,744.0,698.0690244394584
Mn1.2V0.9Ga1Co0.9,351.0,302.51887530674196
Mn3Ga1Co0.9N0.1,223.0,397.0015566070638
Gd0.1Co0.9,1225.0,1131.2147686271264
Gd1Mn0.1Co0.9O3,50.0,119.4848088482116
Gd1Co0.9Ni2.1,227.0,218.80660912064408
U1Co0.9Ge1Pd0.1,21.0,31.109030812947335
Sr0.5La0.5Mn0.1Co0.9O3,235.0,195.45464105310552
Sr0.5La0.5Co0.9Mo0.1O3,175.0,194.7666607879732
Sr0.5La0.5Co0.9Ru0.1O3,161.33333333333334,193.84631401049586
Sr0.5La0.5V0.1Co0.9O3,229.0,198.6385191864833
La0.7Mn0.1Co0.9Pb0.3O3,60.0,137.59606289537246
Sr0.3La0.7Mn0.1Co0.9O3,175.0,191.09296442106822
La1Mn0.1Co0.9O3,60.0,156.55729653472838
Sr0.5Nd0.5Mn0.1Co0.9O3,215.0,185.4682081478191
Co0.9Ni0.1,1346.15,1049.0681406379185
Sr1Sc0.1Co0.9O2.97,160.0,217.67671060105474
Sr1V0.1Co0.9O2.97,364.0,193.1868715214411
Co,1388.0,925.6945926742162
Ga0.99Fe1.97Co1.04,1203.0,1065.0206139099473
La1Fe10.92Co1.08Si1.2,306.0,330.1280287375812
Cr0.04Fe1.96Co1O4,752.0,761.9546663898227
Mn0.96Cr0.04Co1Ge1,225.0,313.19754347639827
Mn0.89Cr0.11Co1Ge1,255.0,314.1327569692635
Mn0.85Cr0.15Co1Ge1,345.0,305.351874935014
Cr0.2Fe1Co1Si0.2Ni1,656.0,831.7034746951282
Cr0.2Fe1.8Co1O4,672.0,707.4393657462233
Cr0.4Fe1.6Co1O4,623.0,695.1226624842857
Cr0.5Fe1.5Co1Si1,807.0,718.8778146713388
Cr0.5Co1Rh1.5S4,50.0,182.26616616080574
CrFeCoCuNi,93.0,389.5589321589131
MnCrFeCoNi,20.0,422.4526156578611
CrFeCoNi,120.0,406.1059472227889
CrFeCoO4,369.0,453.372415590928
CrFeCoSi,944.0,526.4555354372881
CrCoNi,4.0,417.1726790484255
Cr1.5Fe0.5Co1O4,175.0,230.22449254941006
Cr1.65Co1Rh0.35S4,200.0,165.68040446092687
Cr1.6Fe0.4Co1O4,160.0,162.61183695169154
Cr1.7Fe0.3Co1O4,106.0,171.51617386901927
Cr1.8Fe0.2Co1O4,98.0,149.77524408880214
Mg0.2Cr1.8Co1O4,80.0,116.75555311412444
Cr1.9Fe0.1Co1O4,108.5,127.47776673360555
Cr12Fe25Co,900.15,872.6386075827926
Cr12Fe25.5Co1Si1,945.0,758.6263783870609
Cr15Fe25Co,913.15,679.77065604653
Cr2CoO4,92.0,165.04267578498403
Cr2GaCo,310.0,318.1309746941026
Cr2CoO4,96.0875,165.04267578498403
Cr2CoS4,231.9,201.91423630776833
Cr23Fe30Co,913.15,442.75367340239677
Cr24FeCoNi,94.0,174.56078773890943
Mn1Co1Cu0.02Sn0.98,145.5,244.03085891923416
Mn1Co1Cu0.04Sn0.96,149.0,230.07178913155735
Mn1Co1Cu0.06Sn0.94,150.3,241.476761117576
Mn1Co1Cu0.08Sn0.92,155.1,244.54538915037404
Mn0.89Co1Cu0.11Ge1,238.0,309.4626133238356
Mn1Co1Cu0.1Sn0.9,158.5,250.188216789506
Fe1Co1Cu0.2Si0.2Ni1,887.0,847.8139945376402
CoCu,520.0,795.4644231708977
FeCoCu,1179.15,1001.6465502056376
FeCoCuNi,900.0,933.5890367180372
VFeCoCuNi,230.0,444.2764429085306
UCoCuGe2,109.5,89.42461494613515
Sr3La9CoCuO5,100.0,194.10268581232012
CoCuNi,880.0,509.91232511831
CoCuNi5,438.0,614.0192759877808
CoCuPt,300.0,470.7241222554729
UCoCuSi2,107.0,101.07684071846917
V0.85Fe1Co1Cu1.15Ni1,329.0,434.6733816497469
V0.25Fe1Co1Cu1.75Ni1,736.0,619.548175965567
CoCu2O,700.0,299.10572393294996
Sr0.8Dy0.2Co1O2.63,350.0,279.3108730749419
Sr0.8Dy0.2Co1O2.71,342.0,279.4964912478434
Pr0.8Dy0.2Co1,61.0,125.09207429920342
Tb0.3Dy0.67Ho0.03Fe1Co1,692.0,596.5990562373463
Pr0.4Dy0.6Co1,104.0,124.87102481920388
Pr0.2Dy0.8Co1,137.0,135.22487091610134
DyFeCo,682.0,585.0206121659526
DyHoCo,89.0,72.7324797363494
Dy2MnCoO6,90.0,102.2834266824703
Dy2CoSi2,132.5,51.905508494498406
Dy3Fe3CoGeO12,350.0,297.67778334716877
Dy3CoNi,52.0,195.0008786653658
Dy6CoTe2,125.0,136.05043748122168
Ho0.08Er0.08Fe1.84Co1O4,763.98,587.5621799349078
Sr0.8Er0.2Co1O2.74,348.0,258.2094101565616
HoErCo,16.0,40.88675669486719
Er2Co,16.0,34.13379057966349
Er2Ga3Co,3.0,23.817861216914437
Er2CoSi2,50.0,34.40622802598265
Er3Co,10.4,29.79840507721313
Er3CoNi,15.0,25.212876896848133
Er6CoTe2,30.5,31.75118215288143
Eu0.03Fe1.97Co1O4,793.15,749.1267571292941
Eu0.06Fe1.94Co1O4,793.15,709.6228946863457
Eu0.09Fe1.91Co1O4,793.15,698.846118417825
Eu0.12Fe1.88Co1O4,793.15,682.2864316040111
Sr0.5Eu0.5Co1O3,213.33333333333337,203.89121218556343
Sr0.2Eu0.8Co1O3,270.0,175.3814323165494
TbEuMnCoO6,113.0,118.69719060710213
Eu2MnCoO6,126.65,125.19641569096858
Eu8Ga15CoGe30,31.1,68.80071501360061
CoH14O6F25,246.0,154.39493752879216
CoSiH12(OF)6,251.2,105.26033503906504
ZrCoH12(OF)6,246.0,152.35571535659196
Fe0.017Co1Pt0.983,40.0,447.3357290751976
Mn0.97Fe0.03Co1Ge1,355.0,309.2440465490676
Fe0.04Co1Pt0.96,130.0,360.3608608941584
Mn0.915Fe0.085Co1Ge1,317.0,304.9784019764081
Mn0.92Fe0.08Co1Ge1,300.0,306.17736916161033
Mn0.89Fe0.11Co1Ge1,285.0,302.9336167634256
Mn0.88Fe0.12Co1Ge1,285.0,303.2240426699974
Mn0.87Fe0.13Co1Ge1,285.0,306.37034375202813
Mn0.9Fe0.1Co1Ge1,294.0,304.08807454106085
Fe0.2Co1Ni0.8O1,630.0,423.47597053928314
Fe0.5Co1Rh1.5O4,160.0,282.61177018154797
Ga1.2Fe0.8Co1O4,210.0,374.21801973190236
FeCo,1238.7166666666667,1240.369119669715
GdFeCo,649.5,720.9852068486275
SrGdFeCoO6,8.0,266.55237834669225
FeCoGe,370.0,612.9886328429945
FeCoGeRu,833.0,659.0140086065296
Mn0.2Fe1Co1Si0.2Ni1,668.0,839.2391609573931
MnFeCoSiNi,150.0,595.020559948832
MnFeCoSi,770.5,460.49639112384864
MnFeCoSn,390.0,538.6656260242578
FeCoNi,980.0,959.9490702655148
FeCoNiPd,955.0,822.2157118804103
FeCoNiPt,851.0,815.004764065319
FeCoRhO4,355.0,500.8673210090517
Sr2FeCoO5,5.0,273.07775425898427
Sr3Fe1Co1O6.94,270.0,291.339731039348
FeCoP,427.5,418.24376155086185
FeCoSiRu,867.0,659.1190960317389
FeCoSi,45.0,601.7927636735218
TiFeCoSi,583.0,403.92180903790313
TiFeCoSn,213.5,423.38852858952134
TbFeCo,428.15,655.9858626604163
Sc0.58Fe1.42Co1O4,496.0,487.1441697571856
Sc0.56Fe1.44Co1O4,462.0,534.4949086053617
Mn0.6Fe1.4Co1O4,628.15,611.8721387015397
Sc0.48Fe1.52Co1O4,569.0,568.5093443978619
Sc0.41Fe1.59Co1O4,612.0,629.6005503449369
Mn0.5Fe1.5Co1Si1,854.0,707.831171920616
Fe1.5Co1Ni0.5O4,400.0,596.4188277156536
V0.5Fe1.5Co1Si1,664.0,660.3679632872825
Sc0.34Fe1.66Co1O4,643.0,655.5771761501007
Y0.27Fe1.69Co1O4,647.15,681.7718199507133
Mn0.4Fe1.6Co1O4,691.15,680.9233459408024
Sc0.25Fe1.75Co1O4,660.0,705.2090451125009
Mn0.3Fe1.7Co1O4,753.15,688.794914652697
Fe1.7Co1Ni0.3O4,350.0,603.3571730997642
Zr0.3Fe1.7Co1O4,813.15,682.1718973190792
Nd0.08Gd0.1Fe1.82Co1O4,793.0,692.633319300389
Nd0.06Gd0.1Fe1.84Co1O4,793.0,756.7261316973932
Nd0.04Gd0.1Fe1.86Co1O4,793.0,744.3784440327287
Nd0.02Gd0.1Fe1.88Co1O4,793.0,730.6160017829487
Nd0.1Gd0.1Fe1.8Co1O4,793.0,637.6621361647767
Gd0.2Fe1.8Co1O4,465.0,725.4564418138895
Nd0.2Fe1.8Co1O4,480.0,585.1304173900216
Sc0.2Fe1.8Co1O4,695.0,708.8139714195208
Sm0.2Fe1.8Co1O4,475.0,636.8956394060685
Ho0.08Fe1.92Co1O4,501.0,607.8305778308163
Ho0.06Fe1.94Co1O4,512.0,680.6821130602797
Y0.06Fe1.94Co1O4,793.0,734.0092649241024
Ho0.05Fe1.95Co1O4,805.0,630.285974582819
Y0.05Fe1.95Co1O4,729.0,749.3764289623206
Ho0.04Fe1.96Co1O4,529.0,738.1572476834946
Sm0.04Fe1.96Co1O4,823.0,753.5170277671323
Y0.04Fe1.96Co1O4,793.0,749.3515087244494
Sm0.03Fe1.97Co1O4,833.0,767.7430264299314
Sm0.02Fe1.98Co1O4,793.0,790.2331489670933
Y0.02Fe1.98Co1O4,793.0,751.9674471855318
Sm0.01Fe1.99Co1O4,903.0,747.0922272459725
Gd0.1Fe1.9Co1O4,645.0,721.5418401848268
Ho0.1Fe1.9Co1O4,491.0,629.4504060790229
Nd0.1Fe1.9Co1O4,530.0,673.4284765189485
Fe1.9Co1Ni0.1O4,300.0,731.9543473696842
Sc0.1Fe1.9Co1O4,748.0,731.5295028811393
Sm0.1Fe1.9Co1O4,505.0,641.0192185854836
HoTiFe10Co,623.0,587.1124037820977
Sr2TiMnFe10CoNiO22,820.0,753.0027344160467
YTiFe10Co,642.5,574.5906441151499
La1Fe10.2Co1Si1.8,312.0,309.49429266171285
La1Fe10.6Co1Si1.4,305.0,297.62983201884333
SrFe11CoO19,734.5,720.979912790481
Nd2Fe16Co,441.0,467.73987094659515
Fe2Co,1260.15,1192.845855874082
Fe2CoGe,900.0,860.3189646288105
Fe2CoO4,798.15,723.7606630344903
Fe2CoO4,889.15,723.7606630344903
Fe2CoO3,800.0,695.106401848585
Fe2CoO4,770.2086538461538,723.7606630344903
Fe2CoO4,813.0,723.7606630344903
Fe2CoO4,793.0,723.7606630344903
Fe2Co1Si0.1O4.2,623.0,715.7702540551213
Fe2Co1Si0.2O4.4,618.0,684.1502536237391
Fe2Co1Si0.3O4.6,597.0,697.9686619113922
Fe2CoSiO6,783.15,718.2359997937269
Fe2CoSe4,137.5,245.4162079307481
Fe2CoSi,1020.5,963.9083865950375
Mn0.81Zn0.19Fe2.13Co1O4,498.15,654.6489092030166
Ho6Fe22Co,580.0,547.8863635711115
Gd3Fe3CoGeO12,350.0,305.6961405770502
Tb3Fe3Co1Ge0.8O12,103.0,379.04029355680495
Sm1Fe9.5Co1Mo1.5,514.15,569.4108954694407
Mn1Ga0.025Co1Ge0.975,350.0,310.5561112119451
Mn1Ga0.04Co1Ge0.96,350.0,307.7423057178538
Mn1Ga0.055Co1Ge0.945,305.0,315.0838953428916
Mn1Ga0.05Co1Ge0.95,330.0,312.33136946557585
Mn1Ga0.06Co1Ge0.94,296.0,309.30786763731993
Mn1Ga0.07Co1Ge0.93,272.0,315.19727579351377
GdGaCo,55.0,94.45497259299155
MnVGaCo,111.0,361.97504460141323
Mn2GaCo,728.0,507.6692292313628
GaCoN,370.0,270.53873108308943
VGaCoRu,150.0,352.53326012511604
UGaCo,46.333333333333336,50.406821000551666
Gd2Ga3Co,50.0,68.89173371961986
Tb2Ga3Co,33.0,53.84762302442411
Sr0.8Gd0.2Co1O2.63,356.0,242.7071353603496
Sr0.67Gd0.33Co1O2.824,139.0,239.6463186082342
Sr0.5Gd0.5Co1O2.95,140.0,184.17843306142478
Sr0.5Gd0.5Co1O3,130.0,179.7867240437572
Sr0.1Gd0.9Co1O3,130.0,212.00949727530406
GdCo,600.0,307.73268592182677
GdCoO3,190.0,100.35237935379342
GdCoSiNi3,45.0,139.21398259436862
GdCoO3,190.0,100.35237935379342
GdCoSi,170.0,86.36131966155355
Gd2Ti0.8Mn0.2Co1O6,27.0,76.77385991618947
Gd2Ti0.6Mn0.4Co1O6,57.0,72.19917933108387
Gd2Ti0.4Mn0.6Co1O6,80.0,78.78780338576765
Gd2Ti0.2Mn0.8Co1O6,96.0,99.51285053941442
Gd2MnCoO6,111.46,112.91101316253031
Gd2CoSi2,214.0,115.25794132707017
Gd3Co,172.0,127.03762119287926
Gd5CoSb2,142.0,176.6444001088723
Gd5CoSi2,168.0,216.19937437346346
Gd6CoTe2,220.0,172.44041484604998
Mn1Co1Si0.5Ge0.5,374.0,312.9566732029483
Mn1Co1Si0.3Ge0.7,365.0,313.1417625291046
Mn1In0.05Co1Ge0.95,345.0,307.48880903258237
Mn1.03Co1Ge0.97,275.0,312.13588734118014
Mn1Co1Si0.1Ge0.9,350.0,313.4280890266558
Mn0.985Co1Ge1.015,345.0,306.77768941352053
Mn1Co1Ge1.017,342.0,306.1467532063083
Mn0.98Co1Ge1.02,345.0,306.44231888845434
Mn1Co1Ge1.02,272.0,314.0478073304311
Sm0.6Mn0.4Co1Ge1,270.0,149.30765612991053
Sm0.4Mn0.6Co1Ge1,315.0,210.15931746105082
Sm0.2Mn0.8Co1Ge1,270.0,274.05071750338055
Mn0.925Co1Ni0.075Ge1,345.0,313.88557237268657
Mn0.935Co1Ni0.065Ge1,345.0,313.51308974471135
Mn0.945Co1Ni0.055Ge1,345.0,312.9208271739769
Ti0.06Mn0.94Co1Ge1,230.0,320.92793370184114
Mn0.96Co1Ge1,258.0,307.01890435358484
Mn0.965Co1Ni0.035Ge1,345.0,313.5292183273707
Mn0.97Co1Ge1,265.0,309.3062474597785
Mn0.975Co1Ni0.025Ge1,345.0,311.1995018237582
Mn0.98Co1Ni0.02Ge1,345.0,310.97118401593315
Ti0.02Mn0.98Co1Ge1,324.0,303.6343268747359
Mn0.99Co1Ni0.01Ge1,345.0,313.014933286233
Mn0.99V0.01Co1Ge1,318.0,305.5128255876226
Mn0.9Co1Ge1Pd0.1,318.0,309.1646798285807
Zr0.1Mn0.9Co1Ge1,278.0,303.32167374885586
MnCoGe,328.3181818181818,320.29623785276954
MnCoNiGe,583.0,446.3675663039745
MnCoGeRu,560.0,436.51974673803915
Nd3CoGe2,35.5,50.503100465428645
Pr3CoGe2,28.0,34.14539172738066
U1Co1Sn1H1.4,102.5,82.39350704869301
U6CoH18,185.0,178.1405087782538
U1Co1H2.7,63.0,117.94423299443999
Sr0.9Ho0.1Co1O2.85,171.0,224.7089679127892
Nd1.8Ho0.2Mn1Co1O6,136.0,138.93349549902757
Sr0.8Ho0.2Co1O2.75,333.0,265.091683227004
Nd1.6Ho0.4Mn1Co1O6,129.0,129.41622834598147
Nd1.4Ho0.6Mn1Co1O6,126.0,126.4026938701107
Nd1.2Ho0.8Mn1Co1O6,118.0,122.22202290173114
HoCoSi,13.0,27.72336852428598
Sm0.5Ho1.5Mn1Co1O6,115.0,98.35607157687178
Sm0.4Ho1.6Mn1Co1O6,108.0,97.70217086004368
Sm0.3Ho1.7Mn1Co1O6,100.0,98.36143673549799
Sm0.2Ho1.8Mn1Co1O6,95.0,93.4597678878395
Sm0.1Ho1.9Mn1Co1O6,87.0,96.23321717670144
Ho2Mn0.6Co1Ni0.4O6,82.0,85.14341888031838
Ho2Mn0.7Co1Ni0.3O6,82.5,85.81224456891594
Ho2Mn0.8Co1Ni0.2O6,83.0,86.95835999873333
Ho2Mn0.9Co1Ni0.1O6,83.0,91.39606666656407
Ho2MnCoO6,104.25,86.40510328251207
Ho2CoSi2,77.0,36.41297644717382
Ho3CoNi,25.0,40.22542049539202
Ho6CoTe2,61.5,54.60803913742086
Sr0.5La1.5Co1Ir1O6,68.0,139.43766918372376
La2CoIrO6,97.0,99.14000546321667
Sr0.5La0.167Nd0.333Co1O3,230.0,196.21091664413387
Sr0.8La0.2Co1O2.65,225.0,249.03499179996612
Sr0.8La0.2Co1O2.75,225.0,228.60437808438087
Sr0.8La0.2Co1O2.85,250.0,218.3843696063289
Sr0.8La0.2Co1O3,290.0,217.38706297009347
Sr0.67La0.33Co1O3,235.0,209.7143304733538
Sr0.7La0.3Co1O3,245.0,212.2491092030611
Sr0.5La0.5Co1O3,238.8928571428571,204.61287416056118
Sr0.35La0.65Co1O3,230.0,201.43378003765477
Sr0.33La0.67Co1O3,212.0,199.99207364913212
Sr0.4La0.6Co1O2.97,255.0,201.91126582916954
Sr0.4La0.6Co1O3,242.2,203.75680848988475
Sr1.4La0.6Co1O4,150.0,177.80021411720602
Na0.05Sr0.2La0.75Co1O3,229.0,198.370190433339
Na0.1Sr0.15La0.75Co1O3,200.0,193.4732221627366
Sr0.25La0.75Co1O3,227.33333333333337,192.08182367502383
Sr0.2La0.7Co1O3,180.0,193.45205532656715
Sr0.25La0.7Co1O3,200.0,189.37544290595446
Sr0.3La0.7Co1O3,229.3636363636364,198.43566910914416
Sr1.3La0.7Co1O4,147.5,174.4249165922968
Sr0.18La0.82Co1O3,160.0,180.3404326930797
Sr0.17La0.83Co1O3,120.0,181.6580502291955
Sr0.15La0.85Co1O3,106.0,172.42638449980015
Sr0.2La0.8Co1O3,208.33333333333337,185.44865633996076
Sr1.2La0.8Co1O4,150.0,171.1651421761765
Sr1.1La0.9Co1O4,147.5,179.06148872940145
SrLaMnCoO6,227.16666666666663,197.40836525524495
LaTbMnCoO6,131.0,133.90607437365387
SrLaNbCoO6,16.0,143.53642953125876
LaCoPO,43.0,139.5796953318281
LaCoO3,78.75,153.2968057548708
SrLaCoO4,150.0,177.8783545322533
Sr0.75La1.25Mn1Co1O6,217.0,193.32150302613286
Sr0.8La1.2Co1O4,211.0,174.9645222820355
Sr0.5La1.5Mn1Co1O6,225.5,190.3089904733522
La1.5Tb0.5Mn1Co1O6,144.0,167.04207524952335
La1.7Y0.3Mn1Co1O6,184.0,185.14055876067195
La1.8Y0.2Mn1Co1O6,185.0,188.56227654445098
Sr0.08La1.92Mn1Co1O6,215.0,192.29996085658559
Sr0.04La1.96Mn1Co1O6,214.0,196.66652330953298
Sr0.02La1.98Mn1Co1O6,212.0,197.37507806841603
La1.9Y0.1Mn1Co1O6,200.0,190.68688661193923
La2MnCoO6,213.55,177.7523996010495
La5CoRe3O16,33.0,90.63041044463414
LiNbCoO3,630.0,151.48067228665934
Lu2MnCoO6,48.0,115.75317744258939
Lu3Co,2.0,108.60120406134855
Sr0.9Mn0.1Co1O2.74,125.0,211.21668161950726
Mn0.35V0.65Co1Sb1,80.0,326.3534076172941
Mn0.4Nb0.6Co1Sb1,328.5,281.441305441107
Mn0.6Nb0.4Co1Sb1,465.0,344.23858742464796
Mn0.6V0.4Co1Sb1,480.0,303.64718597547363
Mn0.8Nb0.2Co1Sb1,470.0,339.4030197392952
Nd2MnCoO6,162.33333333333334,152.97881307791775
MnCoNiSn,592.0,432.8969792940875
MnCoO3,392.5,241.45196368795442
Pr2MnCoO6,165.0,158.823320448778
Sr0.5Sm1.5Mn1Co1O6,123.5,141.38575288552283
Sm2MnCoO6,146.05,133.7261342971891
Tb2MnCoO6,99.0,109.5683017147839
Y2MnCoO6,76.0,134.59958024410082
Yb2MnCoO6,125.0,131.0219387507734
MnCoP,578.6666666666666,368.49815949176457
MnCoSiRu,780.0,391.6138956270237
MnCoSb,471.75,330.4526208985758
MnCoSi,380.0,371.44274558062915
MnCoSn,145.0,303.8363614627514
Mn2Co1Ni1.64Sn0.36,340.0,396.79753939950615
Mn2CoO4,636.5,151.63569637041113
Mn2CoSb,485.0,467.20085778324255
Mn2CoSn,602.0,459.55027550888997
Mn35Co(Ni25Sn7)2,318.0,319.5608348932586
Mn36CoNi50Sn13,321.0,319.4708049731275
Mn37Co1Ni47.5Sn14.5,240.0,320.72893434748124
Mn50CoNi39Sn10,317.0,318.3453576667508
Na0.75Co1O2,22.0,186.87201617784777
Sr0.5Nd0.5Co1O3,219.0,186.77219734415607
Sr0.4Nd0.6Co1O3,142.0,202.60556219580332
Sr0.3Nd0.7Co1O3,182.5,203.65314955965655
Sr1.3Nd0.7Co1O4,125.0,162.22026813979193
Sr0.2Nd0.8Co1O3,225.0,156.10507437150727
NdCoSiNi3,20.0,90.37403007406353
NdCoSi,20.5,55.488231130119374
Nd3Co,27.0,83.19020690321777
CoNi,1040.0,824.9875771036651
CoNiPt,528.7666666666668,609.4697647295804
Tb3CoNi,96.0,101.55667032724719
Tm3CoNi,6.0,24.7178715933129
SmCoSiNi3,46.0,69.60511780244587
TbCoSiNi3,43.0,113.85576838348952
PrCoNi4,40.0,197.40193225238085
TbCoNi4,60.0,208.55237449021223
ZnCoO,325.0,344.67383378778476
CoPdO2,25.0,364.9937494797612
CoSnO2,600.0,172.52173717542252
TiCoO2,475.0,293.09805287760724
Sr0.67Y0.33Co1O2.614,304.0,236.26070741310912
Sr0.7Y0.3Co1O2.62,320.0,236.2193170702
Sr0.8Sm0.2Co1O2.63,350.0,237.08796659071444
Sr1Co1O2.72,150.0,221.4828464554139
Sr0.8Tm0.2Co1O2.73,340.0,253.18669661555086
Sr1Co1O2.75,230.0,186.58416963980903
Sr0.9Th0.1Co1O2.79,187.5,217.59635448480594
Sr0.67Y0.33Co1O2.7,225.0,232.81526342781473
Sr1Co1O2.835,163.0,194.09291090279723
Sr0.775Y0.225Co1O2.91,335.0,226.33382124194623
Sr0.75Y0.25Co1O2.97,335.0,218.23979749909952
Sr0.1Pr0.9Co1O2.99,50.0,173.53464451722905
Sr1Co1O2.9,175.0,198.98955694339296
Sr0.6Pr0.4Co1O3,212.0,205.74220025217045
Sr0.5Pr0.5Co1O3,231.28571428571428,199.11382211037255
Sr0.4Pr0.6Co1O3,218.25,189.92081542054865
Sr0.3Pr0.7Co1O3,206.0,177.9479532921052
PrCoO3,65.0,126.69801906894624
Sr0.5Sm0.5Co1O3,185.0,202.00115855717542
Sr0.4Y0.6Co1O3,65.0,199.79344511763423
Sr0.5Y0.5Co1O3,175.0,186.22770635509755
Sr0.6Y0.4Co1O3,205.0,197.91704277630353
Sr0.7Y0.3Co1O3,220.0,216.10506541205265
Sr0.8Y0.2Co1O3,260.0,223.0624971282209
Sr0.9Y0.1Co1O3,275.0,220.79448102162002
SrCoO3,245.5,175.63724669094861
CoPO4,45.0,91.22404994785676
Sr1.5Pr0.5Co1O4,200.0,158.33083234996604
Sr2CoO4,250.0,150.77211879639046
V2CoO4,145.0,149.10927407197855
Co(ReO3)2,32.375,114.32224316713165
CoPd,1338.0,604.4200662564107
CoPd2,383.15,413.63642617007423
PrCoSi3,5.9,34.853222763093804
Pr3Co,14.0,80.23637236290102
CoPt,767.2,765.1661779778897
CoPt2,380.0,488.88620296384096
CoPt3,545.15,412.6450508221321
ZnCoS,300.0,259.1592974665842
Co1Se0.9S1.1,90.0,95.69303631185755
Co1Se0.75S1.25,40.0,101.96379788781071
Co1Se0.25S1.75,28.5,84.88015059069596
Co1Se0.22S1.78,20.0,79.01567155203614
Co1Se0.16S1.84,65.5,90.85583441885419
Co1Se0.2S1.8,67.0,82.58355091953176
Co1S1.97,122.0,126.56165252578172
Co1Se0.1S1.9,92.0,102.44520452093792
CoS2,120.5,126.6125698094845
CoS2,122.0,126.6125698094845
CoSeS2,122.0,127.94512742018735
TlCoS2,112.0,162.61249140585338
TiCoSb,900.0,184.11657298788765
VCoSb,45.333333333333336,263.72319086241583
TlCoSe2,77.0,162.02298804502675
Tb2CoSi2,191.5,88.02157848980934
Sm3Co,78.0,105.66628705665067
CoSn,1322.15,210.97569918570565
TiCoSn,135.0,494.3539791361435
UCoSn,82.5,39.702266555125924
TbCo,803.75,244.67959024245795
Tb2.1Y0.9Co1,61.0,92.72915924093653
Tb2.4Y0.6Co1,72.0,90.04427102903944
Tb3Co,82.0,104.21846540522401
Tb6CoTe2,174.0,168.99758720088914
Tm3Co,6.5,31.40813479590399
Y3Co,2.0,176.9043201487742
Nd0.8Zr0.2Ti0.7Fe10.17Co1.13N1.5,953.0,732.5082452046028
Tb1Nb0.7Fe10.17Co1.13,666.0,616.0199042208066
Er1Nb0.65Fe10.21Co1.14,628.0,591.0480661398434
Tb0.5Pr0.5Fe0.76Co1.14,634.0,554.7927407295497
Tb0.3Pr0.7Fe0.77Co1.16,390.0,568.2151708306521
Tb0.1Pr0.9Fe0.77Co1.16,390.0,466.9501081290292
Pr1Fe0.77Co1.16,472.5,450.2005789690389
Sm0.98Ti1.09Fe9.79Co1.1,700.0,667.6226529333784
Sm1Ti1Fe9.9Co1.1,702.5,665.0964695887534
Sr2Mg0.375Fe12Co1.25Ni0.375O22,630.0,625.2714575306229
Sr2Ti1.25Mn1Fe9.5Co1.25Ni1O22,870.0,694.2631123733116
Ho1Co1.25Ni0.75,40.0,134.26747323452423
Ga0.96Fe1.77Co1.27,1199.0,1157.7375827064325
Ti0.8Fe0.4Co1.2O4,200.0,310.7816703892595
Gd1Fe0.8Co1.2,756.0,680.5169017505177
Ti0.2Fe1.6Co1.2O4,809.075,677.8440936858996
Zr0.2Fe1.6Co1.2O4,718.15,685.2495340237364
Sm1Fe10.8Co1.2,710.0,691.9528095369801
Mn1.5Co1.2Ni0.3O4,200.0,178.75573944924702
Dy1Mn4.68Co1.32Sn6,139.0,319.1337532402224
Sr2Fe28.68Co1.32O46,760.0,727.5094867567896
Dy1Ga0.666Co1.334,55.0,79.88383520331787
Gd1Ga0.666Co1.334,150.0,155.90461717180284
Tb1Ga0.666Co1.334,95.0,110.13502458259818
Er1Ga0.67Co1.33,18.5,48.15843709199616
Ho1Ga0.67Co1.33,31.0,43.99167340105082
Tb0.3Dy0.67Ho0.03Fe0.7Co1.3,596.0,617.8460354698043
Nd1V0.7Co1.3Si2,30.0,37.93479044469881
Pr1V0.7Co1.3Si2,30.0,31.927587921412588
Dy1Fe0.6Co1.4,692.0,538.5434731455867
Gd1Fe0.6Co1.4,757.0,662.8729830900514
Fe0.6Co1.4P1,453.0,435.0040930029912
La1Fe10.5Co1.4Si1.1,330.0,396.92868553551324
Sr2Mg0.3Fe12Co1.4Ni0.3O22,630.0,622.1589557544387
Mn0.6Co1.4P1,445.0,481.12808434469144
Nd1V0.6Co1.4Si2,30.0,35.15039568812164
Pr1V0.6Co1.4Si2,30.0,30.12093146352885
Ga0.99Fe1.5Co1.51,1187.0,1153.3228589558107
Sr2Mg0.225Fe12Co1.55Ni0.225O22,630.0,619.3849688759608
Sr2Fe28.42Co1.58O46,760.0,730.9470256697379
Zr1Co1.59Sn1,192.0,264.5833692238055
Dy3Fe2Co1.5Ge1.5O12,225.0,231.524283555952
Ti0.5Fe1Co1.5O4,450.0,522.1748493074452
Gd3Fe2Co1.5Ge1.5O12,221.0,212.62286913703588
Sm0.8Zr0.2Fe3.5Co1.5,680.0,772.7031728507586
Y1Ti1Fe9.5Co1.5,676.0,642.3236161664657
Mn21Ga25Co1.5Ni52.5,359.0,349.15532974923326
Gd1Co1.5Ni1.5,287.0,326.1293260773976
Ho1Co1.5Ni1.5,54.0,279.0047424460405
Mn0.5Co1.5P1,583.0,419.27213359602695
Mn1Co1.5Ni0.5Sb1,538.3,462.3529153237829
Mn1Co1.5Sb1,600.0,420.5858431485962
Mn1.5Co1.5O4,160.0,232.02299110827605
Mn37Co1.5Ni48.5Sn13,327.0,320.2017452579216
Nd1V0.5Co1.5Si2,30.0,31.789757546443816
Y1Co1.5Ni3.5,15.0,331.2419878943979
Pr1V0.5Co1.5Si2,30.0,31.08177549665198
Gd6Mn21.39Co1.61,383.0,356.1259454858899
Nd0.5Sm0.5Co1.67Cu1.67Ni1.67,348.0,282.2388393863926
Gd6Co1.67Si3,294.0,157.67737060782136
Nd6Co1.67Si3,85.0,75.09034405358366
Pr6Co1.67Si3,48.0,54.17128893079223
Tb6Co1.67Si3,188.5,173.28181888119911
Er1Fe0.32Co1.68,290.0,275.12840211443745
Tb1Nb0.7Fe9.605Co1.695,712.0,681.9164245099342
Tb0.3Dy0.67Ho0.03Fe0.4Co1.6,473.0,444.94214700550776
Gd1Fe0.4Co1.6,664.0,563.7527150360628
Nd1Fe0.4Co1.6,263.0,490.51143114430033
Fe0.4Co1.6P1,407.0,328.22845257621583
Nd1V0.4Co1.6Si2,30.0,37.48812904923103
Pr1V0.4Co1.6Si2,30.0,30.25796931226572
Tb0.5Dy0.25Ho0.25Fe0.25Co1.75,360.0,390.3553944488607
Tb0.3Dy0.35Ho0.35Fe0.25Co1.75H3.2,68.0,169.4842204310359
Tb0.3Dy0.35Ho0.35Fe0.25Co1.75,351.0,385.9001077535173
Tb0.4Dy0.3Ho0.3Fe0.25Co1.75,366.0,364.94109858850663
Er1Fe0.25Co1.75,245.0,229.96382339701148
Dy1Fe0.24Co1.76,265.0,512.5961188432334
Er1Fe0.24Co1.76,195.0,236.49204974986316
Ho1Fe0.24Co1.76,256.0,222.0164278958214
Ga0.98Fe1.25Co1.77,1153.0,1123.4568022152005
Fe0.3Co1.7P1,286.0,314.1712035842422
Sr2Mg0.15Fe12Co1.7Ni0.15O22,630.0,613.4508746321121
Sm2Fe15.3Co1.7N2.9,798.0,753.7350353120265
Nd5Fe15.3Co1.7,462.0,548.1823134853978
Pr2Fe15.3Co1.7,501.0,515.2789631641032
Y2Fe15.3Co1.7,500.0,495.4531646566862
Mn0.3Co1.7P1,386.0,309.5639529438332
Mn37Co1.7Ni48.3Sn13,327.0,321.91453960557556
Nd1V0.3Co1.7Si2,30.0,56.99796572184728
Pr1V0.3Co1.7Si2,30.0,44.01345396202504
Dy1Fe0.16Co1.84,219.0,528.3815620297083
Dy1Mn0.16Co1.84,204.0,212.89041347609535
Sr2Mg0.075Fe12Co1.85Ni0.075O22,630.0,621.0659681257533
Er1Fe0.14Co1.86,85.0,138.3265702892954
Ho1Fe0.14Co1.86,160.0,164.26530027265122
Dy1Mn0.12Co1.88,192.0,198.47972218986297
Tb1Fe0.12Co1.88,304.0,313.42842700761884
Co1.8Cu3Ni4,262.0,355.79366928476304
Dy1Fe0.2Co1.8,714.0,275.1781492042231
Dy1Mn0.2Co1.8,220.0,227.23958537205476
Gd1Fe0.2Co1.8,562.0,457.2903034634071
Fe0.2Co1.8P1,140.0,286.8978917434032
La1Fe10.72Co1.8Si1.2,320.0,478.68227284866373
Ho1Ga0.2Co1.8,165.0,103.97153082389899
Gd1Co1.8Ni1.2,340.5,344.2615677157577
Ho1Co1.8Ni0.2,40.0,108.33454479586679
Mn0.2Co1.8P1,209.0,342.1643425324104
Mn1.2Co1.8O4,191.0,219.74407830403845
Sm1Zr1.925Fe1.925Co1.925Cu1.925,1088.0,482.9413148293323
Dy1Fe0.08Co1.92,175.0,397.075362488352
Dy1Mn0.08Co1.92,174.0,212.2149216521733
Ho1Fe0.08Co1.92,125.0,145.3607775154846
Er1Co1.94Ge0.06,47.0,51.469382097821054
Er1In0.06Co1.94,52.0,72.85274766006896
Sm1Fe0.35Co1.95Cu2.7,497.11,385.9496221260252
Er1Ti0.05Co1.95,26.5,46.42466105999458
Dy1Mn0.04Co1.96,164.0,180.5994533897689
Er1Ti0.04Co1.96,26.0,36.23388269477722
Ga1Fe1.04Co1.96,1137.0,1080.8201199237553
Er1Ti0.03Co1.97,26.5,36.373764504109474
Er1Ti0.02Co1.98,29.0,37.76422035996893
Er1Ti0.01Co1.99,32.8,38.44747356092304
Dy1Fe0.1Co1.9,699.0,213.76857988108748
Er1Co1.9Si0.1,55.333333333333336,65.94537607571567
Tb1Fe0.1Co1.9,303.0,347.8948329147877
Ti0.1Fe1.8Co1.9O4,755.0,642.9284530025573
Mn34.2In13.8Ga1.7Co1.9Ni48.4,335.0,333.3711208988716
Hf0.9Ti1Cr27Fe57.9Co10Ni1.2Mo2,963.0,867.4589908386383
CoCu5Ni4,771.15,423.25963593983687
FeCo(Cu3Ni)2,922.8166666666666,530.963341525649
Dy6CoNi3,585.15,57.11286531041706
Er6CoNi3,11.5,22.244860679110683
La2Fe6Co10Mo,899.15,862.50970009736
Sm2TiFe14Co2Mo,639.15,656.4845493132614
SmTiFe7Co,711.15,671.7242828834219
Ho2Ga7Co10,70.0,173.21129586279613
Pr2Ga7Co10,50.0,168.25544424828718
Gd8Co5,195.0,197.69067430609016
Ho(TiCo5)2,604.0,541.3783181704108
Mn41Co10Ni40Sn9,440.0,373.96980134957516
Nd2Mn7Co10,168.0,291.07734354522563
U(Co5Si)2,550.0,606.5677138860916
Y(VCo5)2,611.0,644.9847626702357
Dy2Ga6Co11,313.0,260.944189364336
Y3V1.5Fe16.5Co11,858.0,826.638404963843
Pr2Ga6Co11,180.0,271.252201942958
HoTiCo11,987.0,977.1988553095551
Mn42.5Co11Ni37Sn9.5,478.0,377.79542227375924
Mn43Co11Ni37Sn9,477.0,382.51224488699813
Nd2Mn6Co11,298.0,363.38771909313465
Co11Pd89,347.0,266.40825289278894
U2Co11,389.15,572.4257522075641
Zr2Co11,773.075,799.3280087754667
Y2Ga5.7Co11.3,518.0,198.85259491943881
Sm2Fe5.44Co11.56,1119.0,1103.8502695920217
Pr1Co11.5Si1.5,900.0,914.0626992001364
Sm2Fe5.27Co11.73,1123.0,1112.6460300511615
Nd2Fe5.1Co11.9,1090.0,1063.153377108214
Sm2Fe5.1Co11.9,1113.0,1111.1141494163508
Y2Fe5.1Co11.9,1100.0,966.0878884377786
Cr25.5Fe74.5Co12Si1,945.0,823.9700947361027
Sm3Cr5(FeCo)12,688.0,688.9915574755956
Dy2Ga5Co12,423.0,366.0768794789413
Dy2Co12P7,152.0,160.15679922214008
Er2Co12P7,146.0,152.0641543269577
Eu2Co12P7,151.0,183.43043471794164
La2Fe4Co12Mo,921.15,902.2133754114155
Ho2Ga5Co12,390.0,357.1000082877614
Pr2Ga5Co12,360.0,319.0821248152591
Gd2Co12P7,145.0,197.124297994274
Ho2Co12P7,152.0,150.7110896273665
Lu2Co12P7,150.0,158.4286556551395
Nd2Mn5Co12,558.0,447.0526642889853
Nd2Co12P7,140.0,145.3088871737059
Pr2Co12P7,136.0,126.96477102340144
Sm2Co12P7,148.0,154.5878111968411
Tb2Co12P7,150.0,166.1422723646273
Tm2Co12P7,147.0,157.39279925733572
Yb2Co12P7,134.0,173.64419146563063
Y2Ga4.75Co12.25,162.0,406.4840008174195
Gd75Fe12.5Co12.5,203.0,231.33692020941152
Sm2Fe3.57Co13.09Cu0.34,1164.0,1078.3457015221188
Dy2Ga4Co13,618.0,541.2955703668299
La2Fe3Co13Mo,917.15,912.5085607506223
Fe36Co13Ni51,898.0,798.7516994907779
Pr2Ga4Co13,550.0,534.1793584907514
Gd2Mn4Co13,837.0,664.3107685577675
Ho2Mn4Co13,789.0,691.899811266652
LaCo13,1290.0,1087.3393934986527
Nd2Mn4Co13,709.0,609.9278370616664
Tb2Ga3.8Co13.2,635.0,622.4707285174279
Lu2Co13.6Si3.4,515.0,459.2055360335688
U2Co13.6Si3.4,210.0,497.8201859457192
Pr3Ti1.5Fe13.75Co13.75,913.15,673.1743617627562
Y2Ga3.23Co13.77,805.0,580.6094026801378
Gd2Cr3Co14,581.0,704.0361655596356
Y2Cr3Co14,525.0,644.2036961502132
Dy2Ga3Co14,763.0,776.0139161279899
La2Fe2Co14Mo,912.15,911.3679263144119
Ho2Ga3Co14,750.0,742.5488339686163
Pr2Ga3Co14,730.0,760.2837663039555
Gd2Mn3Co14,1031.0,827.6622090251265
Ho2Mn3Co14,884.0,782.2576614624891
Ho2Co14Si3,585.0,645.3490150443471
Nd2Mn3Co14,795.0,774.5242086846549
Tb2.1Co14Si3,623.0,600.5658714202763
Tb2Ga2.85Co14.15,840.0,752.4209818333004
Sm3Cr5.5Fe9.4Co14.1,663.0,679.2316909242342
Ti13.8Mn31.6Co14.1Ni40.5,342.0,368.56166767861487
Sm11.32Ti7.82Ga6.82Fe59.77Co14.28,700.0,654.0837909776702
Ti15Mn35Co14.5Ni35.5,367.0,351.24082675301264
Gd2Cr2.34Co14.66,757.0,857.5493879047291
Y2Cr2.34Co14.66,709.3333333333334,800.500604831404
Ho3Cr4.5Fe9.8Co14.7,671.0,681.6765308165317
Tb3Cr4.5Fe9.8Co14.7,694.0,698.1671905750165
Tb25.4Fe5968Co1492,503.15,725.9883020714176
Dy2Ga2Co15,923.0,926.385092923851
La2FeCo15Mo,911.15,903.3607772942427
Fe7Co3Pt10,820.0,712.618904733853
Pr2Ga2Co15,910.0,885.969658620508
Gd2Mn2Co15,1102.0,957.8609941792251
Ho2Mn2Co15,998.0,938.6281914097958
Ho2Co15Si2,832.0,835.3476593346315
La2Co15Mo2,860.15,804.8585350443079
Nd2Mn2Co15,987.0,898.1580403080853
Nd2V2Co15,700.0,804.1708657513079
Pr2Co15Si2,806.0,798.911593309737
Tb2.1Co15Si2,808.0,847.3137775108343
U2Co15Si2,601.0,716.448859449408
Y2Co15Si2,836.0,836.3839027940006
Tb2Ga1.9Co15.1,987.0,914.1880448764045
Y2Ga1.9Co15.1,966.0,902.0433924134236
Gd2Cr1.76Co15.24,905.0,974.6349114462498
Y2Cr1.76Co15.24,852.5,929.5185006756584
Nd1.6Er0.4V1.5Co15.5,829.0,846.7922129434961
Nd1.4Er0.6V1.5Co15.5,840.0,833.4002149566337
Nd1.2Er0.8V1.5Co15.5,836.0,831.9761786421827
Nd1Er1V1.5Co15.5,811.0,844.2360653670509
Nd0.8Er1.2V1.5Co15.5,840.0,833.0282129816726
Nd0.4Er1.6V1.5Co15.5,836.0,847.5177805941454
Er2V1.5Co15.5,833.0,883.6678779725262
Ho2Co15.5Si1.5,938.0,943.3599786924108
La2Co15.5Mo1.5,867.15,891.9062047247421
Nd2V1.5Co15.5,829.0,841.1039602967151
Pr2Co15.5Si1.5,909.0,899.5947253915339
Gd2Cr1.17Co15.83,1001.0,1041.5569735946763
Y2Cr1.17Co15.83,990.0,992.068296945392
Sm2Ti1.13Co15.87,956.0,863.0470522923363
Sm7.22Ti8.29Fe68.43Co16.05,800.0,737.2332628378483
Y2CrCo16,1005.0,1006.6071581716177
Y2Co16Cu,1123.0,1045.214028566474
Dy2GaCo16,1058.0,1056.1683758596557
Ho2GaCo16,1070.0,1039.6048826433187
Pr2GaCo16,1060.0,1006.6237278044782
Gd2MnCo16,1123.0,1064.7356874683558
Ho2MnCo16,1106.0,1084.4737067520614
Ho2Co16Si,1027.0,1023.3936892663721
La2Co16Mo,886.15,965.8102900088265
La2TiCo16,609.15,778.3545768349649
Nd2MnCo16,1081.0,1062.2859976738127
Y2Co16Mo,995.0,895.033949510851
Nd2VCo16,942.0,987.4505845742441
Pr2Co16Si,1001.0,960.8962496506076
Tb2.1Co16Si1,1023.0,1020.6015956232688
U2Co16Si,1040.0,758.9026781420953
Sm2TiCo16,996.0,927.0626684502678
Y2TiCo16,1067.0,829.9607006215226
Y2VCo16,1092.0,990.5548405629588
Sm2Ti0.85Co16.15,1029.0,950.8974042298747
Sm3Cr6Fe6.9Co16.1,607.0,632.4964043361437
Y2Ga0.9Co16.1,1110.0,966.2027917498567
Ti12.5Mn32.1Co16.1Ni39.3,225.0,361.5660493405794
Sm2Ti0.7Co16.3,1068.0,1012.6809957487461
Sm2Ti0.55Co16.45,1095.0,1061.8606984090852
Sm7.61Ti4.57V4.57Fe65.8Co16.4,750.15,736.6810790874458
Pr3Ti1.5Fe11Co16.5,393.0,901.2699916482826
Ho2Co16.5Si0.5,1106.0,1071.042097142172
La2Co16.5Mo0.5,1011.15,983.6094673351232
Nd2V0.5Co16.5,1070.0,1067.5429925764531
Pr2Co16.5Si0.5,1087.0,1026.9299780518454
Sm2Zr17Fe17(CoCu)17,900.0,924.9822577621442
Dy2Co17,1173.5,1174.0051580793254
Er2Co17,1179.75,1182.4027457520888
Nd2(FeCo)17,499.0,1018.0964969971408
Gd2Co17,1213.3,1139.19971538485
Ho2Co17,1184.2,1171.6225198527582
Lu2Co17,1199.3333333333333,1110.162732204156
Nd2Co17,1132.7857142857142,1146.6644828664616
Pr0.05Sm1.95Co17,1073.15,1080.255455815267
Pr0.15Sm1.85Co17,1073.15,1075.6111304509527
Pr0.1Sm1.9Co17,1073.15,1076.0397198396977
Pr2Co17,1167.9,1102.1455814607598
SmCo17,1073.15,1138.011847978668
Sm2Co17,1128.9289473684214,1120.5035176893862
Tb2Co17,1165.375,1172.809185702911
Tb2.1Co17,1100.0,1131.7665459717975
Tm2Co17,1183.1666666666667,1177.651878215721
Y2Co17,1152.8125,1138.834127344039
Sm3Cr6.5Fe4.5Co18,566.0,545.903854404538
Gd75Fe6.25Co18.75,194.0,209.73742352906515
Ho3Cr5.5Fe4.7Co18.8,451.0,710.2525327936056
Tb3Cr5.5Fe4.7Co18.8,603.0,707.2747562645474
Ga26Fe55Co19,849.15,951.4817144639968
Pr5Co19,690.0,740.4002491764154
Mn45.5Co19.5Sn35,169.0,309.7319492182804
Sm3Cr7Fe2.2Co19.8,440.0,507.11650741127914
Sm0.94Ti1.08Fe8.91Co2.09,800.0,759.0547409833242
Sm1Ti1Fe8.91Co2.09,800.0,744.6682999783953
Cr1Ga0.5Co2Si0.5,600.0,460.7168071095841
CrGaCo2,493.575,445.73226356209045
PrCo2Cu3,310.0,175.90259892974382
Co2Cu3.8Ni4.3,340.0,386.2259271585788
Gd0.9Dy0.1Co2,370.0,351.88534352494133
Tb0.5Dy0.25Ho0.25Co2,169.0,182.1883311441514
Gd0.8Dy0.2Co2,342.0,342.97170623123617
Nd0.8Dy0.2Co2,100.0,165.5667890030273
Tb0.3Dy0.35Ho0.35Co2,146.0,155.5978728500638
Tb0.2Gd0.5Dy0.3Co2,315.0,294.954729427693
Gd0.7Dy0.3Co2,327.0,323.81125515281565
Tb0.4Dy0.3Ho0.3Co2,158.0,168.59215280200723
Tb0.16Dy0.42Ho0.42Co2,128.0,143.17820107381698
Tb0.2Gd0.4Dy0.4Co2,285.0,286.57332317254793
Gd0.6Dy0.4Co2,302.0,299.91147019387984
Nd0.6Dy0.4Co2,128.5,147.60785840372813
Tb0.2Gd0.3Dy0.5Co2,270.0,260.5774448271841
Gd0.5Dy0.5Co2,282.0,293.10711669275196
Dy0.5Ho0.5Co2,109.0,115.93805938920782
Nd0.5Dy0.5Co2,110.0,148.453461402398
Gd0.4Dy0.6Co2,259.0,271.1237400608862
Dy0.6Ho0.4Co2,113.0,124.77614725916294
Nd0.4Dy0.6Co2,115.0,138.50697736273645
Dy0.7Er0.3Co2,106.0,120.71658443869973
Gd0.3Dy0.7Co2,231.0,248.39725618371835
Dy0.7Ho0.3Co2,120.0,125.07815727291509
Dy0.8Er0.2Co2,119.0,121.65488598995142
Gd0.2Dy0.8Co2,205.0,212.12392953114696
Dy0.8Ho0.2Co2,127.0,132.3082431339998
Nd0.2Dy0.8Co2,125.0,159.20252879273446
Dy0.9Er0.1Co2,128.0,133.0571616104352
Gd0.1Dy0.9Co2,174.0,198.9917138098183
Dy0.9Ho0.1Co2,130.0,144.99037785874236
DyCo2,168.05,170.17441650187524
Dy1Co2H3.3,40.0,58.948875590150195
Dy1Mn0.2Co2,232.0,233.83375738839732
Dy1Mn0.4Co2,295.0,258.80652786585233
Dy1Mn0.6Co2,288.0,280.19797815861466
DyMnCo2,268.0,291.56719300847703
Dy3FeCo2(GeO6)2,101.0,175.27742563672814
Ho0.9Er0.1Co2,72.0,81.65999757104005
Ho0.8Er0.2Co2,66.0,70.94196864544571
Ho0.7Er0.3Co2,64.0,66.32630221854755
Gd0.6Er0.4Co2,296.0,275.7747924249642
Ho0.6Er0.4Co2,56.0,65.42907239502814
Ho0.5Er0.5Co2,50.0,63.35837751234631
Gd0.3Er0.7Co2,167.0,141.1211035673703
Er0.97Co2,46.0,78.56376673847512
Gd0.1Er0.9Co2,62.0,92.26144870316939
ErCo2,35.25555555555556,47.837514357823366
Er1Co2H3.5,25.0,67.74781233437692
Er1Mn0.2Co2,168.0,129.31686744019282
Er1Mn0.4Co2,190.0,188.38616838485325
Er1Mn0.6Co2,212.0,228.4527692663321
ErMnCo2,222.0,259.3805428986125
Er2GaCo2,25.5,33.39987497424161
Eu(CoSi)2,37.0,77.86878954146698
V0.375Fe0.625Co2Ge1,790.0,729.6241502171155
V0.25Fe0.75Co2Ge1,820.0,789.4329633296204
Ga0.25Fe1Co2Si0.75,1019.0,1030.3599236101375
Ga0.5Fe1Co2Ge0.5,1080.0,1052.2787378029536
Ga0.5Fe1Co2Si0.5,1051.0,1039.1537388561612
Ga0.75Fe1Co2Si0.25,1075.0,1083.4847705381312
GaFeCo2,1073.2142857142858,1114.0642262703038
Gd3FeCo2(GeO6)2,102.0,155.881458079456
Fe1Co2Si0.5Ge0.5,963.0,1021.9147966232342
FeCo2Ge,1051.5,939.9448537460894
In0.5Fe1Co2Si0.5,1080.0,965.1369020663712
Fe(CoO2)2,531.5,415.90313318102005
PrFeCo2,560.0,594.1134276510212
Fe1Co2Si0.5Sn0.5,1046.0,935.1624923215957
FeCo2Si,1022.9,951.452957386227
FeCo2Sn,1041.0,963.8231191879921
Fe1.25Co2Ge0.75,1135.0,909.0471929348314
SrFe6CoO11,630.0,605.2837925330801
SrFe16Co2O27,763.15,727.6578368379826
Ga26Fe17Co2Ni55,338.0,334.71463658740015
Ga27Fe17(CoNi27)2,360.15,337.5091254187765
Ga14Fe9CoNi26,334.65,341.89565316252356
Ga27Fe19(CoNi26)2,349.65,344.45014467615533
Tb3Fe2Co2Ge0.6O12,228.0,247.41335643222249
Nd(FeCo)2,490.0,715.5690516310083
Fe2Co2Si,1000.0,949.9426640623199
Ga13Fe10CoNi26,355.15,357.4221969030889
Ho6Fe21Co2,622.0,570.4619694624889
Sr3Fe24Co2O41,700.0,705.6443151596561
Sm1.7Ti1Ga1Fe8Co2,700.0,649.0639746620459
SmFe8(CoSi)2,714.0,674.2389091712148
YFe8(CoSi)2,670.0,622.240888502697
SmV2(Fe4Co)2,645.0,685.0380649944348
YV2(Fe4Co)2,671.0,622.4792338325286
Sm1Fe8.5Co2Mo1.5,595.15,661.8297183615318
SmTiFe9Co2,745.65,753.6141807066435
YTiFe9Co2,727.3333333333334,688.6624818082123
Mn1Ga0.5Co2Sn0.5,770.0,559.4921840404071
Gd2GaCo2,76.0,149.00354477273063
Tb2Ga1Co2H6.2,62.0,47.97691626589362
Ho6GaCo2,16.0,44.90624954500468
MnGaCo2,693.5,561.8174758827005
NbGaCo2,351.0,350.1977258885373
Sm2GaCo2,62.0,91.01521479735277
Tb2GaCo2,98.0,88.41471002005004
TiGaCo2,128.0,287.9876366971945
Tm2GaCo2,11.5,33.33472330103618
VGaCo2,345.5,376.79104935878763
Gd0.1Ho0.9Co2,117.0,143.6979400698043
Gd0.2Ho0.8Co2,160.0,170.15893029948273
Tb0.8Gd0.2Co2,232.0,271.5515344212242
Gd0.2Y0.8Co2,69.66666666666667,173.57668797005786
Gd0.3Ho0.7Co2,200.0,185.67239506688165
Tb0.7Gd0.3Co2,275.0,271.02749050568355
Nd0.6Gd0.4Co2,340.0,247.20829670387977
Tb0.6Gd0.4Co2,304.0,299.7747759548541
Gd0.4Y0.6Co2,201.33333333333337,158.81584614289724
Gd0.5Ho0.5Co2,268.0,275.09941060024886
Tb0.5Gd0.5Co2,335.0,324.24363087716364
Gd0.5Y0.5Co2,245.0,221.43726229123712
Gd0.65Lu0.35Co2,301.0,264.81646281047585
Gd0.65Y0.35Co2,301.0,280.8372934595891
Gd0.6Ho0.4Co2,300.0,291.2073896409092
Tb0.4Gd0.6Co2,347.0,332.75012128301137
Gd0.6Y0.4Co2,281.0,266.40299712123624
Gd0.8Ho0.2Co2,352.0,323.0822471977005
Tb0.2Gd0.8Co2,370.0,365.96933586543287
Gd0.8Y0.2Co2,346.6666666666667,317.3367090048102
GdCo2,399.44444444444446,357.2832656599435
Gd(CoH2)2,90.0,76.95334544312058
Gd2Co2Ge,143.0,110.95610701949539
Gd4Mg3Co2,81.0,109.93969106220526
MnCo2Ge,897.6666666666666,691.0917706667377
TiCo2Ge,391.0,320.16304987819063
U3Co2Ge7,40.0,53.59971471588472
Tb1Co2H3.2,50.0,50.45108540599272
Ho1Co2H3.5,40.0,49.826169311656365
Tb0.8Ho0.2Co2,210.0,220.8447467778664
Tb0.6Ho0.4Co2,182.0,183.236380583889
Tb0.4Ho0.6Co2,149.0,147.12471092837754
Tb0.2Ho0.8Co2,115.0,114.5764008611866
Tb0.1Ho0.9Co2,97.0,107.3645230205349
HoCo2,82.05263157894737,88.82212395848691
Ho1Mn0.2Co2,149.0,179.47461895949513
Ho1Mn0.5Co2,225.0,231.51557798151748
Ho1Mn0.7Co2,251.0,253.97312640495744
HoMnCo2,250.5,251.52344233601033
Mn0.95Co2Ir0.05O4,164.0,169.4578144150357
Mn0.9Co2Ir0.1O4,158.0,168.57409407477576
Mn0.8Co2Ir0.2O4,163.0,163.67878367249762
Mn0.7Co2Ir0.3O4,160.0,173.99337586040738
K0.69Co2Se2,52.0,108.16333861705088
K0.78Co2Se2,56.0,81.45501674946776
K0.85Co2Se2,67.0,91.39291766820854
K0.98Co2Se2,80.0,90.08297800967439
Sr2La1Ti1Co2O8.5,80.0,185.9217481615449
La(CoP)2,125.0,92.52307060812203
La3Co2SbO9,55.0,139.20777197281362
La3TaCo2O9,72.0,111.56285436819303
LuCo2,2.0,164.016508978232
Zr0.88Mn0.12Co2,28.0,426.48140267364954
Zr0.5Mn0.5Co2,589.0,542.4683558015097
Zr0.4Mn0.6Co2,625.0,598.6754525499625
Mn(CoO2)2,178.4,184.3993100627287
Mn1Co2Sn0.2Sb0.8,645.0,567.188930644814
MnCo2Si,1007.2857142857144,589.2053989388775
MnCo2Sn,818.8571428571429,699.6144275815817
MnVCo2,690.0,442.88110048999516
Mn17CoNi25Sn7,318.0,326.5536143506707
Mn19Co(Ni4Sn)6,320.0,322.7299895294384
Mn38.22Co2Ni48.02Sn11.76,342.0,321.55322069440206
Mn25CoNi19Sn5,340.0,324.75082220470034
NbCo2,300.0,424.0377588327001
NbCo2Sn,120.75,373.36759786470884
NdCo2,88.25,161.47401037119323
Nd6Co2Si3,84.5,65.65384332187219
Co2NiO4,541.83,234.99211041932026
PrCo2Ni3,360.0,403.22897067542533
YCo2Ni3,249.6916666666667,332.78081945362584
Co2SiO4,50.0,167.53831433500878
V(CoO2)2,159.0,152.74976700719736
SrSm(CoO3)2,175.0,201.23938431447394
V2Co2O7,11.39,112.24858731654066
PrCo2,46.0,174.56703226711562
Co2SiRu,491.0,446.9551178756901
Tl1Co2Se1.3S0.7,95.0,126.03700374089804
Tl1Co2Se1.2S0.8,95.0,124.83117162683602
TlCo2SeS,100.0,124.61536572972805
Tl1Co2Se0.7S1.3,120.0,121.07529555987401
Tl1Co2Se0.5S1.5,130.0,128.31795629740466
Tl1Co2Se0.25S1.75,135.0,129.13814159915617
Tl(CoS)2,148.0,136.44737160055968
TiCo2Si,360.0,316.77584622780785
Tb6Co2Si3,186.9,151.79709969040698
SmCo2,223.66666666666663,214.68314056940014
TiCo2Sn,365.5,351.8268690736828
U2Co2Sn,33.5,86.5768468662404
ZrCo2Sn,454.0,254.04551021937203
Tb0.2Y0.8Co2,38.0,127.82173333759766
Tb0.3Y0.7Co2,67.0,141.03048060957718
Tb0.4Y0.6Co2,98.0,164.50989297120742
Tb0.5Y0.5Co2,128.0,183.58581013356485
Tb0.6Y0.4Co2,154.0,176.70836801438628
Tb0.7Y0.3Co2,176.0,205.98944987331905
Tb0.8Y0.2Co2,197.0,213.26654724973065
Tb0.9Y0.1Co2,217.0,228.004658326399
TbCo2,236.58333333333337,257.51885992929397
Tb1V0.05Co2,232.0,243.1369083064343
Tb1V0.1Co2,230.0,233.28920305308247
Tb1V0.15Co2,228.0,232.82849788219534
Tb1V0.2Co2,214.0,243.6565839642113
TbCo2,227.0,257.51885992929397
Co2Te3,50.0,221.88255597003356
TmCo2,7.0,55.91270260251318
YCo2,227.25,305.6923399957865
Sr2Fe27.89Co2.11O46,760.0,726.9448185926116
Sm0.77Zr0.24Ti0.65Fe9.2Co2.185,830.0,784.274040319123
Fe0.79Co2.21O4,342.0,364.805684168502
Sm1.1Ti0.6Fe8.96Co2.24,730.0,799.1910766680571
Sm0.8Gd0.2Ti0.76Fe9Co2.24,816.0,815.0379644900843
Tb1Co2.25Cu0.75,368.0,321.9556321081637
Fe0.75Co2.25O4,305.0,348.97101371856144
Pr1Fe0.75Co2.25,525.0,539.9708870694277
Sm0.8Gd0.2Ti0.75Fe9Co2.25,816.0,816.7245936797326
Mn21Ga25Co2.25Ni51.75,365.0,352.09230342588495
Tb1Nb0.7Fe9.04Co2.26,761.0,723.9803519426222
Sm0.9Zr0.1Ti0.7Fe9.04Co2.26,973.0,786.0075951345758
Sm0.9Zr0.2Ti0.7Fe9.04Co2.26,781.15,798.8577382530433
Sm1.1Ti0.7Fe9.04Co2.26,791.15,752.9802238801542
Er1Nb0.65Fe9.08Co2.27,741.0,741.7879890822935
Sm0.6Y0.4Ti0.6Fe9.12Co2.28,803.0,802.7097329819894
Sm0.8Y0.2Ti0.6Fe9.12Co2.28,813.0,808.6860923323588
Sm0.8Zr0.2Ti0.6Fe9.12Co2.28,798.0,813.0961229618633
Sm1Ti0.6Fe9.12Co2.28,819.0,812.2017533075522
Co2.2Cu3Ni4,270.0,453.34407802109087
Dy3Co2.2Si1.8,73.5,62.241591812306524
Er3Co2.2Si1.8,28.0,27.604769842595573
Y3Fe0.6Co2.2Ge2.2O12,60.0,151.4326595864575
Y3Fe1Co2.2Ge2.2O12,50.0,208.45381649896467
Sm1Ti1Fe8.8Co2.2Si0.5,779.15,738.9937001921492
Sm1Ti1Fe8.8Co2.2Si1,706.15,720.6932701917112
Sm0.74Zr0.26Ti1Fe8.8Co2.2,744.0,681.6668329951511
Sm0.75Zr0.25Ti1Fe8.8Co2.2,675.0,761.7937499193629
Sm0.8Y0.2Ti1Fe8.8Co2.2,767.0,716.6741511339565
Sm0.8Zr0.2Ti1Fe8.8Co2.2,547.0,765.7350396579038
Sm1Ti1Fe8.8Co2.2,730.6142857142856,770.0316931532547
Sm1.7Ti1Fe8.8Co2.2,732.0,730.8582582314399
Gd3Co2.2Si1.8,172.0,130.9015564787407
Gd6In0.8Co2.2,66.0,156.03605431774758
Ho3Co2.2Si1.8,50.0,30.883188249865256
Tb3Co2.2Si1.8,128.5,85.09270699873504
Tm3Co2.2Si1.8,13.0,22.35521591558068
Sm1.1Ti0.4Fe9.28Co2.32,750.0,785.9627407860978
Sm0.7Zr0.3Ti0.6Fe9.09Co2.3,807.0,808.4676065622791
Sm0.8Zr0.2Ti0.5Fe9.2Co2.3,830.0,794.6379641334561
Gd6Mn20.7Co2.3,314.0,315.3701120019269
Zr0.57Mn0.43Co2.45,625.0,589.2469202514959
Fe0.54Co2.46O4,155.0,333.1483892535602
Gd3Co2.48Si1.52,180.0,145.4780562453675
Pr1Co2.4Cu0.6,170.0,272.3314793080251
Sm1Fe9.6Co2.4,859.0,776.5707790645515
Sm1.1Fe9.6Co2.4,800.0,765.6676195553163
Y1Fe0.45Co2.55,533.0,475.59184467444675
Gd2Co2.55Si0.45,327.0,244.89065410355394
Pr1Co2.5Cu2.5,460.0,356.94594658479076
Pr1Fe0.5Co2.5,480.0,513.656022575186
Pr1Ga1Fe1.5Co2.5,583.0,577.9785632411741
Gd90Fe7.5Co2.5,293.0,289.73394066334237
Mn37Co2.5Ni47.5Sn13,330.0,324.74244972111313
Mn50Co2.5Ni37.5Sn10,364.0,335.6710351715922
Co2.5Sb0.5O4,60.0,260.66832603629257
Pr1Co2.6Cu0.4,208.0,238.43152596695592
Sm1Fe0.55Co2.6Cu1.85,679.93,646.6533411027183
Sm2Co2.6Si0.4,267.0,184.3309612090684
Ho4Co2.72Cu0.28,48.0,45.78306350145095
Pr1Fe0.25Co2.75,430.0,500.4591240083452
Pr3Ti1.5Fe24.75Co2.75,572.0,552.5143067727839
Y3V1.5Fe24.75Co2.75,425.0,516.3097710182531
Nd3Ti1.3Fe24.93Co2.77N3.6,803.0,757.287348413381
Y1Fe0.201Co2.799,429.0,427.79137399963713
Y1Fe0.3Co2.7,478.0,454.6237526111999
Nd2Co2.7Si0.3,159.0,173.49596868868525
Sm1Fe0.4Co2.85Cu1.75,697.0,678.6037877027393
Ho4Co2.86Cu0.14,48.0,47.825779220168975
Nd0.7Zr0.3Ti0.5Fe8.625Co2.875N0.56,840.0,737.2423267881394
Nd0.7Zr0.3Ti0.5Fe8.625Co2.875N0.5,730.0,805.8747900381583
Nd0.7Zr0.3Ti0.5Fe8.625Co2.875N1.3,840.0,746.9524155591391
Sm0.8Zr0.2Ti0.5Fe8.625Co2.875,800.0,811.4334764027593
Gd6Mn20.12Co2.88,265.0,265.2427082746978
Y1Co2.88,260.0,316.90259031361535
Y1Fe0.102Co2.898,390.0,372.506097014817
Pr1Co2.8Cu0.2,260.0,401.81173143745895
Co2.8Cu1Ni4.8,450.0,783.4375424709255
Sm0.9Zr0.1Fe8.4Co2.8Mo0.8,775.0,776.2994701592165
Pr2Co2.8Si0.2,64.0,207.21980022876502
Y1V0.2Co2.8,110.0,269.3869771788624
Zr1Co2.8,160.0,258.1315629963657
Y0.7Zr0.3Ti0.3Fe8.775Co2.925,843.4,813.1486547361895
Mn22.7Ga24.4Co2.9Cu3.5Ni46.5,470.0,364.0189593491299
Y0.7Zr0.3Ti0.4Fe8.7Co2.9,829.6,824.8853280328975
Y1V0.1Co2.9,175.0,298.15181233055364
Zr1Co2.9,160.0,231.01113766505756
CrGaFeCoNi,649.0,626.6831120642512
Sm2Ti2V2Cr28Fe43Co20Mo3,1188.15,899.46257813735
Ti2V2Cr28Fe45Co20Mo3,1188.15,1049.4858899078752
TiFeCoCuNi,980.0,582.4499100768983
Er3CoNi,11.5,25.73495848610429
Gd3FeCo,210.0,284.76649172553766
SmTi(Fe3Co)2,803.15,752.95215962204
Zr6Ti7Fe67Co20,646.0,754.4822187438153
Tm3CoNi,6.7,25.24646922975699
Sm3Cr7.5Co21.5,285.0,500.38500528433525
Zr10Cr22.5Fe22.5Co22.5Ni22.5,124.0,658.5967879461168
Fe61.9Co22.8Ni15.3,1056.8,955.2204432021952
Y2ZrV2Cr28Fe41Co23Mo3,1153.15,906.3543371326377
ZrV2Cr28Fe43Co23Mo3,1143.15,965.4608287227749
Hf6Co23,423.0,767.1986608750642
Zr6Co23,453.15,755.807920565955
CoCu3,673.15,512.5679419453182
Gd12Fe3Co5,217.0,254.06142502094292
Fe2CoNiO4,820.15,677.9208331669756
Gd3Co,172.0,142.1563135617015
Mn39Co26Ge35,300.0,304.01967133669456
Zr(Fe7Co3)90,735.0,788.9765510117014
Fe66.8Co28Ni5.2,1190.2,1101.6383940893502
Sm1Fe0.5Co3Cu1.5,700.0,742.3622857001463
DyCo3Cu2,650.0,501.74306193491316
PrCo3Cu2,650.0,454.9031001067552
Co3Cu37Ni60,275.0,296.64147632220585
Co3Cu47Ni50,155.0,340.75256924542373
Co3Cu57Ni40,60.0,290.3898717361717
DyCo3,445.3333333333333,472.09654781640063
Dy1Co3H4.3,18.0,148.45198810855229
DyCo3Sn,69.5,104.8472195690634
Dy4Co3,55.0,129.66047734476922
Y0.35Er0.65Co3,410.0,500.0353574385164
ErCo3,415.3333333333333,426.8766823659244
ErCo3Sn,35.5,63.447022245269316
Er4Co3,25.0,38.91858887982229
PrGaFeCo3,553.0,570.2534378659681
Tb3Fe1Co3Ge0.4O12,348.0,241.39205234303307
Ga9Fe6CoNi17,338.0,357.8144211946086
ThFe2Co3,690.0,697.1397324127564
Ho6Fe20Co3,654.0,593.0960288927802
Tb3VFe25Co3,471.0,545.4421748258537
Fe7Co3,1248.15,1119.2133518032429
SmFe7Co3Si2,765.0,724.9833561931005
HoTiFe8Co3,757.0,806.8321754232702
YTiFe8Co3,828.0,740.5538768051255
Tb3Ga1Co3H9.7,40.0,95.60617106527933
Tb3GaCo3,97.0,116.05396119872839
TbGa2Co3,205.0,168.39028233535424
YGa2Co3,85.0,286.1321720241901
GdCo3,613.0,500.88225954506396
Gd1Co3H4.6,28.0,150.91696448556098
GdCo3Sn,131.5,239.50835638653865
Gd4Co3,218.91857142857145,191.25423351163528
Gd4Co3Si0.05,198.0,213.20766903231134
Gd4Co3Si0.1,213.0,206.5507871805301
Mn2Co3Ge,359.0,501.69230915708204
Y1Co3H1.8,237.0,287.67147577308464
Y1Co3H1.9,237.0,270.4967343094885
YCo3H2,237.0,282.138559734115
Ho1Co3H4.2,15.0,151.56466454359852
HoCo3,420.57142857142856,426.101871512617
HoCo3Sn,43.5,72.79559549710672
Ho4Co3,46.0,48.476195302557755
Mn33.8In14.2Co3Ni49,343.0,342.509126061554
Mn34.3In14.2Co3Ni48.5,349.5,340.61287814949105
Mn34.8In14.2Co3Ni48,357.4,339.10205790316206
Mn35.5In14.5Co3Ni47,333.0,339.0709119630069
Sr0.3La0.7Mn1Co3O7,340.0,183.39690105340287
La0.9Sm0.1Co3Ni2,575.9,533.7338130774336
LuCo3,371.0,371.8296599431812
Lu4Co3,2.0,94.04838457604878
Mn33Co3(Ni25Sn7)2,318.0,337.1459571284004
Mn43Co3Ni43Sn11,346.0,332.763594892711
Mn50Co3Ni37Sn10,378.0,335.8889397071394
NdCo3,389.4,503.7886191098672
PrCo3Ni2,570.0,570.0883908462785
YCo3Ni2,585.0,523.5464986032463
Co3P4PbO14,7.6,80.86411151245859
SrCo3(P2O7)2,6.4,60.52002223349958
V2Co3O8,10.0,134.36976951452579
PrCo3,346.6666666666667,447.1801448359749
CoPt,585.7,771.4973607900014
Co3(SnS)2,157.63,145.65737250962306
U3Co3Sb4,10.0,54.00815926387223
TbCo3Sn,95.5,155.58880335977395
TmCo3Sn,23.5,100.78883220858445
TbCo3,491.1666666666667,507.92247842111425
TmCo3,383.2857142857143,431.23309993265013
Y0.9Zr0.1Co3,238.0,352.38763406302456
YCo3,298.90909090909093,337.76988701153806
Y4Co3,6.666666666666667,185.80929121106269
ZrCo3,160.0,299.3147279743992
Sm0.98Ti1.13Fe7.7Co3.19,927.0,807.6581205526126
Sm1Fe0.5Co3.25Cu1.25,780.0,742.0673291059385
Tb1Nb0.7Fe7.91Co3.39,831.0,811.11143973138
Sm1Ti1Fe7.7Co3.3,927.0,834.4752964768928
Gd23.5Fe73.2Co3.3,500.0,598.9399151098602
Gd6Mn19.55Co3.45,219.0,240.73294428830278
Er1Nb0.65Fe7.94Co3.4,827.0,821.6774485785052
Pr2Fe13.6Co3.4,660.0,681.731617959555
Dy1Ga1.45Co3.55,367.0,290.35949735844196
Sm1Co3.5Cu1.5,739.0,751.6123934553569
Pr1Ga1Fe0.5Co3.5,506.0,552.6703761423089
Y1Co3.5Si1Ni0.5,250.0,342.1661712820809
Y1Co3.75Si1Ni0.25,283.0,334.2280059011619
Co3CuPt6,708.15,484.57498107958855
Gd6FeCo3,239.0,245.1063243987988
SmTiFe5Co3,868.15,778.5762594605332
Fe7Co3,1241.05,1119.852864833731
Mn32.5Co32.5Ge35,286.5,310.53011403204187
Fe67Co33,1258.15,1176.5733233823464
Fe33.4Co33.3Ni33.3,993.15,936.8371258458646
Dy33.3Ho33.3Co33.4,35.0,124.74970995551709
Fe33Co17,1000.0,1196.0904142370923
Ti4CrFe2Co7Ni6,768.8,711.3458855353038
Ti4CrFe3Co7Ni5,789.6,693.4993353304526
Ti4CrFe(CoNi)7,748.0,652.6039992080041
Er13Co7,10.0,25.611757492711547
FeCo35O,1238.0,1077.1190837554323
Gd11Fe2Co7,268.0,260.77407430486187
Gd12FeCo7,222.0,217.62398723286123
Fe13Co7,1223.15,1118.6154073590965
Gd11Mn2Co7,197.0,192.84659093990706
Gd11Co7Ni2,197.0,184.843045783715
Fe16Co9,1173.0,1160.7948484781245
Mn25V25Co37.5Ni12.5,350.0,431.23931408122905
Gd4Ti2Co39,1075.0,1094.0618803273483
Nd1Fe4.95Co4.05Si2,492.0,640.8461463631511
DyCo4Cu,800.0,699.6400218470903
LaCo4Cu,690.0,628.1865260433724
SmCo4Cu,778.0,787.8343647379734
Mn12Ga11Co2Cu2Ni23,411.6666666666667,373.4786246245005
Mn11Ga12Co2Cu2Ni23,373.0,378.58039446639987
Mn22.5Ga23.9Co4Cu4.2Ni45.5,477.0,375.90975476003956
Dy11In9Co4,88.0,59.830393054548416
Er11In9Co4,5.4,24.05387222794211
Sr6FeCo4O15,195.0,301.2615435469632
Ga27Fe17(CoNi13)4,360.15,347.8350447197729
Ga14Fe9Co2Ni25,375.15,348.4530221583708
Ga27Fe19(Co2Ni25)2,376.575,363.62412135816896
Ga13Fe10Co2Ni25,400.65,378.8456908638409
Mn36Fe3Co4(Ni16Sn3)3,350.0,346.2054669535055
Mn35Fe4Co4(Ni16Sn3)3,350.0,344.51583015377116
Mn34Fe5Co4(Ni16Sn3)3,350.0,344.61612952020306
UFe6(Co2Si)2,750.0,705.2078602281108
YFe6(Co2Si)2,790.0,719.5662935698697
SmTi(Fe3Co2)2,864.15,835.0747380133422
SmV2(Fe3Co2)2,600.0,700.2205337294919
YTiFe7Co4,895.0,830.5295106195932
PrGaCo4,450.0,430.62238059868304
YGaCo4,443.0,389.7098785136691
GdCo4Si,460.0,420.285880466624
YCo4Ge,502.0,347.7685819435193
U3Co4Ge7,21.0,56.58263365703402
Co4H9O8,14.5,114.2219125277051
Ho11In9Co4,33.0,26.619460767708357
UInCo4,350.0,378.2671024903075
Tb11In9Co4,95.0,81.63524394092413
LaCo4Ni,690.0,697.291897700559
YMgCo4,405.0,286.81966021167113
SmMn3(CoO3)4,90.0,202.54947966592516
YMn3(CoO3)4,125.0,185.50551160891004
Mn25Co2Ni18Sn5,395.0,349.4906777323445
NdCo4Si,400.0,436.37926679747096
PrCo4Ni,750.0,775.5049870976649
YCo4Ni,780.0,694.816194968225
CoNi24,686.15,641.5893438053565
YCo4Si,321.0,406.9252767463804
Dy1Ga0.85Co4.15,595.0,553.6501712213841
Th1Fe0.9Co4.1,695.0,662.8599567132267
Ga27.2Fe18.6Co4.1Ni50.1,355.0,365.5500616392607
Nd2Fe12.75Co4.25,754.0,737.8359939323965
Tb3Fe0.6Co4.2Ge0.2O12,465.0,336.1978135096934
Sm1Ti1Fe6.6Co4.4,933.0,851.0766567248019
Sm1Zr0.156Fe2.652Co4.524Cu0.468,1190.15,1062.4870254952486
Er1Nb0.65Fe6.81Co4.54,904.0,855.5309578337382
Sm1Co4.5Cu0.5,931.075,922.7981635822987
Er1Co4.5Ge0.5,785.0,618.7994017869804
Sm8.5Zr1.2Nb1.2Fe84.6Co4.5,743.0,577.9776287631879
Sm8.5Zr1.2Fe85.8Co4.5,743.0,604.0982977390817
Y1Co4.5Ge0.5,778.0,537.1120477004254
U1In0.5Co4.5,430.0,609.4174063875421
Pr1Co4.5Si0.5,645.0,655.2458400965082
Cr7.18Fe59.24Co4.62Ni28.96,427.0,451.85900596416866
Sm1Zr0.175Fe1.75Co4.655Cu0.42,1123.0,1066.797463355913
Sm1Zr0.175Fe1.75Co4.655Cu0.49,1119.0,1066.305812923727
Dy1Co4.6Si0.4,376.0,703.8628582208819
Gd6Mn18.4Co4.6,156.0,212.64146953209976
Mn5.69Fe60.48Co4.72Ni29.11,382.0,408.4831317596235
Th1Fe0.3Co4.7,660.0,619.9779481498778
Y1Co4.7Sn0.3,918.15,864.0343094773457
Fe60.85Co4.82Cu4.89Ni29.44,668.0,610.3506923911341
Gd6Co4.85,219.0,314.2375769273103
Mn19.9Ga19Fe5.6Co4.8Cu5.4Ni45.3,437.0,402.7104835255238
Fe61.63Co4.8Si5.82Ni27.75,435.0,570.2369864140246
Mn32.1Ga18.3Co4.8Ni44.8,415.0,360.0286476021004
Mn31Ga19.2Co4.8Ni45,423.15,361.2207763267667
Mn30.1Ga19.6Co4.8Ni45.5,420.0,363.6412861547429
Mn35.6In13.8Co4.8Ni45.7,370.0,352.03843469677076
Y1Co4.8Sn0.2,934.15,877.1706521161076
Th1Co4.8,410.0,558.303851665649
Mn20.6Ga25.1Co4.9Cu3.6Ni45.8,496.0,364.77506190537406
Mn22.5Ga22.7Co4.9Cu5.2Ni44.7,426.0,378.6806888672734
Mn21.1Ga19.1Fe4.5Co4.9Cu5.3Ni45.1,430.0,392.0204440570614
Th1Fe0.1Co4.9,585.0,576.152286737324
Nd2Fe2.1Co4.9,725.1,663.3061332754648
Mn31.7Ga18.7Co4.9Ni44.7,423.15,365.93275687297677
Y1Co4.9Sn0.1,927.15,900.9800253728704
Fe3Co2,1257.15,1185.2199883897918
Gd3Co2,193.0,200.46442946107427
Co2Pt3,760.15,525.7477889848549
Fe59Co41,1173.0,1194.0594567150051
Er11Co9,17.0,55.830675752229936
Gd10FeCo9,289.25,285.8839041039793
Gd10MnCo9,245.0,226.9507233340839
Mn8(Co3Ge)3,229.0,323.6412977661494
Fe20Co23Ni7,1033.15,992.071087603709
V1.8Fe52.2Co46,1240.0,1182.1243094903507
Mn38Co47Ge15,251.0,321.9995370161518
Gd25FeCo24,278.0,278.6112471747258
Gd25MnCo24,258.0,259.352460184981
Mn37(Co16Ge5)3,292.0,330.85849977356673
Sm25Zr3Fe18.5Co48.5Cu5,1073.15,653.8060817479857
V2(FeCo)49,1253.15,1169.1086197353548
Fe51Co49,1118.075,1235.164887866934
Ga30(Co7Ni3)7,400.0,491.3505756496826
Mn36Co49Ge15,330.0,317.70825957541746
Sm1Zr0.157Fe2.198Co5.024Cu0.964,1073.15,1016.8502906588924
Fe63.93Co5.02Ni31.05,536.0,502.0764811630924
Nd1Fe3.96Co5.04Si2,521.0,651.7488922871185
Th0.965Co5.07,540.0,607.3412252243919
Co5CuNi5,880.0,692.8146742392346
Mn22.5Ga23Co5Cu3.5Ni46,496.0,381.43782931954917
Mn23Ga22Co5(Cu2Ni23)2,358.0,379.0242332125056
Mn5Ga4CoCuNi9,313.0,371.3247428516528
Mn24.2Ga20Fe1.4Co5Cu5Ni45,350.0,374.2011994726913
Mn22.7Ga20Fe2.5Co5Cu5Ni45,397.0,385.21917655122485
Mn21Ga20Fe4Co5(CuNi9)5,458.0,387.9015902164911
Mn23Ga22Co5(CuNi9)5,426.0,376.691023351478
CoCu10Ni9,613.15,338.81298765973895
Sm0.6Gd0.3Dy0.1Co5,921.075,964.3757263023716
DyCo5,1009.25,990.4302589927711
ErCo5,1018.0,997.9120933777751
Sm1Fe0.1Co5,1003.15,994.5589510797098
Sm1Fe0.25Co5,1003.15,993.9859360363422
SmFeCo5,996.575,1004.7769095753424
Mn6Ga27Fe10Co5Ni52,450.0,385.55170983741806
SmFe5Co5Si2,850.0,738.8479061911562
YV2(FeCo)5,611.0,755.6811856201632
HoTiFe6Co5,883.0,868.0718409823187
YTiFe6Co5,943.0,843.1876492072895
Fe63Co5Ni32,565.5699999999999,518.3262434088431
Mn32Ga18(CoNi9)5,300.0,356.6700581448046
Sm0.6Gd0.4Co5,932.7166666666668,958.3095547358481
GdCo5,1005.2,905.8768256595381
Gd1Co5H2.5,480.0,413.9306087473007
Gd1Co5H2.8,480.0,404.7176581199962
GdMn35In14(CoNi9)5,371.0,349.0815073275265
Tb3Co5O12,565.0,218.54564986235226
Co5Ge3,598.5,350.4632181994171
Sm1Co5H2.5,300.0,375.8791380553099
Nd1Co5H2.8,300.0,383.8027362675789
NdCo5H3,500.0,375.0914851201607
La1Co5H3.35,300.0,332.40758876919466
Pr1Co5H3.6,300.0,461.95027281286946
La1Co5H4.3,300.0,338.39425196242826
HoCo5,1012.5,993.6190768237302
Mn8In2CoNi9,377.5,357.98286583579915
Mn32.7In13.3Co5Ni45Sn4,380.0,364.3632457589954
Mn36.7In13.3Co5Ni45,383.0,354.27205747512596
Mn36.5In13.5Co5Ni45,370.0,352.27850392312564
Mn40In2Co5Ni45Sn8,452.0,358.6420576004849
Mn40In4Co5(Ni15Sn2)3,407.25,375.00858565621684
Mn8InCoNi9Sn,430.0,359.59072809299187
Mn40In6Co5Ni45Sn4,416.0,366.0923776030219
Mn40In8Co5Ni45Sn2,400.0,363.5946748562001
La0.25Pr0.25Nd0.25Sm0.25Co5,852.4,909.6616058303076
LaCo5,840.0,772.4388205930202
LaNdSmCo5,1004.3,649.498237482187
LaPrSmCo5,978.8,885.3580082370288
Mn7Co(Ni3Sn)3,360.0,347.914582669312
Mn37Co5Ni45Sn13,350.0,348.3839699125541
Mn39Co5Ni45Sn11,375.2,359.3603636738507
Mn41Co5Ni43Sn11,383.0,352.4762402560725
NdCo5,846.4545454545455,939.2271979904548
Sr6(CoO3)5,770.0,147.51325608636427
Pr0.1Y0.9Co5,925.8,887.2326503100746
Pr0.3Y0.7Co5,913.9,896.1607407284114
Pr0.4Sm0.6Co5,989.15,988.6237123340725
Pr0.5Sm0.5Co5,1000.15,948.5565053380136
Pr0.5Y0.5Co5,908.8,886.9004927922912
PrCo5,907.6535714285714,879.2969083518296
PrSmCo5,923.0,440.6122666294262
SmCo5,999.5513157894738,982.7008682808735
TbCo5,980.0,980.0950374395354
ThCo5,488.3333333333333,517.7243390656
TmCo5,1020.0,983.8685201589208
YCo5,929.3472222222222,871.6857019867193
YbCo5,973.0,871.9457025015703
Sm1Zr0.225Fe1.65Co5.1Cu0.525,1078.15,1063.7132168290125
Sm1Zr0.15Fe1.65Co5.1Cu0.6,1123.15,1077.6553118142617
Sm2Fe11.9Co5.1,846.15,814.6391771365558
Tb1Co5.1,980.0,980.3992349467287
Th0.95Co5.1,650.0,600.3830300353147
Sm1Zr0.25203Fe2.0325Co5.22759Cu0.67579,1093.0,1082.9707307466979
Dy1Co5.2,970.0,983.9322422471786
Nd2Fe1.8Co5.2,714.1,670.1615929878928
Th1Co5.2,560.0,537.0352484478044
Sm1Zr0.21Fe0.84Co5.32Cu0.63,823.15,1078.6412067862207
Sm1Zr0.28Fe0.7Co5.32Cu0.7Si0.4,997.05,878.5838040346513
U1Co5.3,365.0,529.6897948358755
Sm1Zr0.216Fe0.72Co5.544Cu0.72,1190.0,977.0743796791307
Nd3Ti1.3Fe22.16Co5.54N3.6,817.0,773.0042516789299
Sm1Fe0.5Co5.5,1020.15,1002.8262917399684
Nd2Fe1.5Co5.5,701.4,686.6701258000375
Pr3Ti1.5Fe22Co5.5,685.0,686.5238375824329
Y3V1.5Fe22Co5.5,567.0,661.4403619053339
Ho1Co5.5,960.0,1011.2217056624647
Sm1Zr0.201Fe0.719Co5.639Cu0.632,1073.15,1033.4308975399722
Nd2Fe1.4Co5.6,698.4,683.0727925229758
Sm1Ti0.4Co5.6,1055.5388888888886,955.8775033645986
Th1Co5.6,735.0,672.5148350985208
Nd2Fe1.2Co5.8,689.2,674.7367725190485
Y2Fe11.05Co5.95,810.0,865.8535308955687
CoCu,618.15,797.2648845091715
DyCo,106.0,285.39146017869984
Ga29Fe(Co5Ni2)10,450.0,421.0924882378985
Gd24FeCo25,297.0,279.7878638472811
V29Ga18Fe3Co50,220.0,383.9909352427869
Fe4Co5Ni,1083.15,1079.9667842453991
FeCo,1168.1,1158.5592873763806
V25Ga18Fe7Co50,300.0,479.8677273128864
V17Ga8Co25,205.0,305.8027005035286
Ga14Co25Ni11,360.0,496.96855741978476
Gd24NbCo25,242.0,270.1718436566423
Gd24Co25Ni,280.0,274.08202139641395
GdCo,272.0,289.44025534062615
NdCo,88.0,226.63881794986023
CoNi,1146.15,839.3957825250727
CoPt,800.0,785.1635183118855
Gd12Co13,282.0,368.42882015263655
Mn17Co26Ge7,359.0,347.1073878854051
Fe40Co53Ni7,1113.15,1108.7718411516514
Sm1Zr2.25Fe12.75Co54Cu6,1073.15,967.649949888665
Cr3Ga41.5Co55.5,57.0,236.42556212874837
Ga41.5Co55.5Cu3,86.0,208.0156116571472
Ga41.5Fe3Co55.5,175.0,165.90095618373164
Sm117Co55.6Sn116,86.0,74.73958934984596
Gd117Co56.4Sn114.3,67.5,116.5119460859407
Dy117Co58Sn111,30.0,67.21291083396693
Ga41.5Co58.5,96.0,190.8667246093795
Tb117Co59Sn111,38.0,112.10034439989194
Nd1Fe2.97Co6.03Si2,551.0,669.2156727919935
SmCo6Cu,1083.15,1046.859913611609
Nd2.5Dy0.5Fe21.9Co6Mo1.1,700.0,712.7767629993006
Nd2Dy1Fe21.9Co6Mo1.1,700.0,715.3133268328145
Nd1.5Dy1.5Fe22.1Co6Mo0.9,720.0,725.1091667139351
Nd1Dy2Fe22.1Co6Mo0.9,730.0,712.0959056585754
Nd0.5Dy2.5Fe22.3Co6Mo0.7,735.0,715.2408251790478
Dy3Fe22.3Co6Mo0.7,735.0,691.2232342566554
Dy7Co6Sn23,7.0,40.61897456686942
ErCo6,1050.0,995.069652562756
Nd2FeCo6,680.15,668.4922502503505
Pr2FeCo6,665.0,662.3052394504851
Mn4Ga26Fe14.5Co6Ni49.5,420.0,382.8772100203189
Ga27Fe18Co6Ni49,392.6666666666667,383.8992126282311
Tb3V(Fe11Co3)2,418.0,719.1827289106849
YFe4(Co3Si)2,820.0,763.003807267227
SmV2(Fe2Co3)2,557.0,751.6510764602233
SmGaCo6,1093.05,708.7184356656356
Tb26Ga11Co6,76.0,94.49469499213484
Mn37In13(Co3Ni22)2,419.5,359.22150028370874
Mn42.9Co6Ni40.7Sn10.4,398.0,352.32685455897104
Mn25Co3Ni17Sn5,400.0,368.51800471744934
SmCo6,1020.0,1006.4660975916665
Sm1Co6.1Si0.9,718.15,720.9082068708044
Sm1Zr0.25Fe0.54Co6.21,1043.15,1022.6379666184489
Sm1Zr0.225Fe1.275Co6.225Cu0.6,1133.15,1080.2513051108895
Pr2Fe0.75Co6.25,690.0,684.0976866485465
Gd75Fe18.75Co6.25,223.0,237.47788792296453
Sm1Co6.2Cu0.8,1112.7,1075.2889690210554
Nd2Fe0.8Co6.2,666.6,674.2727761482836
Sm1Zr0.25Fe0.41Co6.34,1043.15,1031.3340300990603
Sm1Zr0.225Fe1.275Co6.375Cu0.6,1103.15,1086.1340665256316
Sm1Zr0.25Fe0.27Co6.48,1043.15,1032.9035937363299
Sm1Ti0.3Co6.4Cu0.3,923.15,979.3573385330155
Nd2Fe0.6Co6.4,652.5,672.9179920360851
Sm1Ti0.6Co6.4,993.15,897.7353651510596
Sm1Co6.5Cu0.5,1103.15,1073.8302372234727
Pr2Fe0.5Co6.5,760.0,649.730568079228
Mn48.2Fe2.8Co6.5Ni35.2Sn7.5,340.0,360.4403878040687
Mn39Co6.5Ni43Sn11.5,394.0,357.27796097491523
Mn4Zn8Co6.5Ru1.5,224.5,352.08135141555863
Sm1Ti0.5Co6.5,993.15,907.458639730804
Sm1Zr0.5Co6.5,1023.15,975.8078070331379
Sm1Ti0.35Co6.65,1015.15,885.7549030318826
Nd2Fe0.4Co6.6,638.8,655.2094283022786
Sm1Co6.6Mo0.4,989.15,985.5822945239993
Sm1Ti0.4Co6.6,707.0,965.9154940378695
Sm1Ti0.28Co6.72,1018.15,971.0946812463394
Pr2Fe0.25Co6.75,639.0,665.5412910682178
Sm1Zr0.25Co6.75,1043.15,1026.2412068539973
Sm1Co6.786Cu1.014,1120.0,1060.3875475438444
Sm1Ti0.21Co6.79,1029.15,989.427742043891
Mn19.5Ga20.8Fe2.2Co6.7Cu7.7Ni43.1,425.0,381.78570808998825
Sm1Mn0.3Co6.7,965.0,984.8365605676624
Sm1Co6.7Mo0.3,989.15,992.9649702309245
Sm1Ti0.3Co6.7,958.15,985.0353449162014
Sm1Zr0.3Co6.7,1033.15,1014.8367390763565
Sm1Co6.85Si0.15,1000.0,968.5627496545883
Sm1Co6.8Cu0.2,1123.15,1044.5944323974243
Nd2Fe0.2Co6.8,622.2,635.9588269191505
Y2Fe10.2Co6.8,915.0,841.4890968566915
Nd1Hf0.2Co6.8,1065.0,1000.2131444381096
Sm1Hf0.2Co6.8,1075.15,1033.3999480266746
Sm1Mn0.2Co6.8,965.0,1005.2508761022929
Sm1Co6.8Mo0.2,989.15,1014.1881996032226
Y9Co6.8Pd0.2,10.5,31.301093020585846
Sm1Zr0.2Co6.8,1029.15,1040.2054584172458
Y9Co6.95Pd0.05,9.35,34.058328479867974
Sm1Zr0.22Fe0.65Co6.96Cu0.65,1103.15,1129.224396726126
Sm1Zr0.2172Fe0.724Co6.998Cu0.6516,1103.0,1135.9693862863494
Gd6Mn16.1Co6.9,118.0,225.13075068332267
Sm1Hf0.1Co6.9,1066.65,985.8903956358873
Sm1Co6.9Mo0.1,989.15,1027.6064721965834
Y9Co6.9Pd0.1,10.0,32.921321570836724
Sm1Co6.9Si0.1,850.95,1013.5952803150188
Fe2Co3,1272.15,1151.1384331977756
Ga2Co3,163.0,248.2948328847051
Zr2Co3,595.15,333.1096005931257
Ga38.5Co61.5,253.0,198.0294772602752
Co31Ge19,165.0,300.5874882988022
Fe37Co63,1173.0,1159.49507638549
Co63Ge37,265.0,295.636771577521
Sm2Gd10.5Zr2.5Fe8Co64Cu13,1070.0,858.4080631051966
Fe9Co16,1212.15,1130.2090326468317
Co33Ge17,265.0,306.71577306616155
Zr17Co33,645.15,300.9703455511375
Sm12.5Fe8Co66.5Cu13,1073.15,942.8696464776697
Co66.7Ge33.3,280.0,324.6494816884115
Fe33Co67,1000.0,1148.2748859649505
Nd1Fe1.98Co7.02Si2,556.0,643.1603924715971
SmZr7Fe7(CoCu)7,1083.0,758.2816507077077
Dy12Co7,64.0,84.31189870055175
Dy2Co7,647.0,678.0841149964166
Er12Co7,13.5,24.70836230362825
Er2Co7,657.0,638.1982850235241
Ho10Er2Co7,26.3,35.110759145625856
Ho8Er4Co7,22.0,30.877951068644744
Ho6Er6Co7,18.0,26.457676662769455
Ho4Er8Co7,15.0,26.2601064446564
Pr2Co7,600.0,594.9090874675107
Sm2Fe0.2Co7,705.15,788.7138861780455
Gd57Fe36Co7,400.0,340.8307635057146
Gd54Fe39Co7,375.0,378.02793260252247
HoTiFe4Co7,954.0,854.9570009418013
Mn32Ga18Co7Ni43,295.0,364.10237194731695
Mn31.3Ga18.7Co7Ni42.9,449.0,365.35085786812147
Mn31Ga19Co7Ni43,323.0,374.03763138394027
Tb3Ga2Co7,224.0,208.22059819170394
Gd12Co7,168.33333333333334,184.80426933158193
Gd2Co7,773.375,569.3613226056485
Gd2Co7H7.7,420.0,249.34397601902845
Tb9Gd3Co7,118.0,196.85916793102183
Tb6Gd6Co7,136.0,190.3287607372287
Tb3Gd9Co7,159.0,182.2070724124355
Pr2Co7,600.0,594.9090874675107
Pr2Co7H0.25,606.0,598.3563752489
Pr2Co7H0.5,611.0,603.0985094822538
Pr2Co7H,620.0,537.5965507509237
Pr2Co7H1.6,624.0,474.3029812826678
Pr2Co7H10.8,610.0,213.68891821249167
Pr2Co7H2.5,666.5,479.1325171089892
Ho2Co7H2.6,200.0,444.3591178016996
Y2Co7H3,540.0,345.16304459208243
Pr2Co7H3.75,690.5,548.5793816879611
Pr2Co7H4.2,687.0,569.4417745574284
La2Co7H5,300.0,420.58700236404513
Y2Co7H6,470.0,362.2534451407467
Pr2Co7H6.1,668.0,484.3936094693354
Pr2Co7H7.15,646.0,432.07840179510185
Pr2Co7H8.1,633.0,333.8412930929144
Nd2Co7H8.5,35.0,470.91078127902995
HfCo7,751.0,723.5603614684386
Ho12Co7,30.0,37.79702319094208
Ho2Co7,663.5,645.9714480548148
Mn37.9In12.1Co7Ni43,430.0,363.75413996440653
La2Co7,490.0,403.1106586743926
Lu2Co7,459.0,552.0990767232812
Mn39Co7Ni43Sn11,404.0,356.78862398801124
Mn5Zn8Co7,220.0,329.0333081569886
Mn6(ZnCo)7,201.125,315.6953290064116
Nd2Co7,611.525,633.533203569197
Pr0.4Sm0.6Co7,1113.15,1042.6333511902058
Pr2Co7,597.3333333333334,594.9090874675107
SmCo7,1038.8166666666668,1055.448414775278
Sm2Co7,678.6,681.4185266264764
Tb12Co7,92.0,155.9339200753821
Tb2Co7,717.0,668.6697211451302
Tm2Co7,640.0,617.5039520904767
Y2Co7,645.25,524.5527310096762
Y9Co7,4.25,76.5853912551753
Mn47.8Fe3.2Co7.1Ni34.2Sn7.7,340.0,367.0886393179984
Sm1Ti0.4Co7.1,711.0,898.6913143963909
Sm1Zr0.025Fe0.352Co7.253Cu0.07,1093.15,1086.3996622443813
Sm1Zr0.025Fe0.338Co7.267Cu0.07,1093.15,1088.0482578465926
Sm1Zr0.192Fe2.387Co7.345Cu0.539,1093.15,1091.9455355247367
Sm1Zr0.193Fe2.387Co7.345Cu0.539,1093.15,1094.0017892480848
Sm1Zr0.25Fe0.76Co7.387Cu0.608Si1,1193.15,823.3634082294645
Sm1Zr0.25Fe0.76Co7.387Cu0.608,1193.15,1094.8803232130147
Nd1Fe1.5Co7.5Si4,1128.0,874.4757175227903
Mn31.4Ga18.2Co7.5Ni42.9,453.0,357.3306197670678
Dy3Co7.68Si1.32,226.0,239.54683624122208
Sm1Ti0.4Co7.6,759.0,891.8839951844637
Sm1Zr0.1925Fe2.4948Co7.7Cu0.539,1093.15,1090.4497520738892
Eu(Co7S3)10,16.0,486.4489199594222
Fe3Co7,1153.15,1018.1998707525122
Co7Ge3,850.0,542.8963074674575
Tb28.2Co71.8,403.15,521.5598941225419
Zr7Co18,848.15,289.03530911082885
Zr9Fe4Co37,785.0,753.8265219392415
FeCo3,156.0,1187.453214530748
Co38(NiMo3)3,1073.15,776.5065934486645
Gd7.7Ti15.4Co76.9,817.0,547.6718413352116
Gd23Co77,433.0,693.6792762615073
Zr18Co77Mo5,723.15,692.3955982363249
Zr18Co79Cu3,723.15,758.1105146794245
Nd1Fe0.99Co8.01Si2,521.0,647.4165051042271
Dy3(Co2Sn)4,80.0,85.22163839710983
Er3(Co2Sn)4,50.0,94.71793032070286
NdFe(Co2Si)4,1110.0,894.0477018160623
YFe2(Co4Si)2,788.0,702.3195781078813
Tb3GaCo8,338.0,302.1704042980188
Tb26Ga9Co8,74.0,78.54889482415493
Gd3(Co2Sn)4,102.5,159.71906135033785
Mn37.7In12.3Co8Ni42,426.0,366.50738785291287
Mn19Co4(Ni7Sb2)3,364.0,363.9745111550287
Mn39Co8Ni42Sn11,410.3333333333333,362.8488945423043
Nd3(Co2Sn)4,37.0,132.58874004725624
Pr3(Co2Sn)4,17.0,121.04976823322235
Sm3(Co2Sn)4,83.0,95.10663526197509
Tb3(Co2Sn)4,90.5,109.72048852361156
Y3(Co2Sn)4,61.25,256.68485815270054
Sm1Ti0.4Co8.1,782.0,988.3053396267218
Pr3Ti1.5Cr2.75Fe16.5Co8.25,691.15,672.9094163896012
Pr3Ti1.5Fe16.5Co8.25Mo2.75,599.15,695.028561859037
Pr3Ti1.5Nb2.75Fe16.5Co8.25,753.15,688.5761324050538
Pr3Ti1.5V2.75Fe16.5Co8.25,676.15,691.8859651485026
Pr3Zr2.75Ti1.5Fe16.5Co8.25,718.15,663.6802285230161
Pr3Ti4.25Fe16.5Co8.25,631.15,695.2095440505993
Pr3Ti1.5Fe19.25Co8.25,793.0,729.0177106042968
Y3V1.5Fe19.25Co8.25,703.0,756.4073716785782
Nd3Ti1.3Fe19.39Co8.31N3.6,830.0,763.8697448686646
Tb2Ga8.55Co8.45,16.0,148.19798010824178
Y2Ga8.55Co8.45,67.0,237.53610979618566
Nd1Fe0.5Co8.5Si4,1051.0,697.2875160748188
Sm2Fe8.5Co8.5,1018.15,932.3630015084708
Mn50Co8.5Ni33.5Sn8,470.0,365.67681983795586
Gd1Co8.8Si4.2,28.0,312.90825954798083
DyCo4,700.0,875.9299558285039
Co4Ge,850.0,778.374812226949
Co4Pd,1271.0,959.6718474153497
Y19.5Co80.5,903.15,771.0666498532617
Sm12Ti7Co81,400.0,921.520794679582
Sm18.03Co81.97,1063.15,1063.2161865273567
Sm9Co41,1073.15,1035.065153311536
Zr8TiCo41,780.0,759.8733100226619
Zr7Ti2Co41,780.0,762.7461764800801
Zr6Ti3Co41,780.0,765.1636647621275
Zr9Co41,757.825,774.8206179411915
Sm17.5Co82.5,1073.15,1002.5183978297116
Pr17Co83,893.15,880.625730039704
Sm17Co83,963.15,985.1192784791673
Zr15Ti2Co83,755.0,772.4532572093269
Gd2Ti2Co21,1140.0,919.2068957217394
Gd3Ti0.64Fe19.29Co9.08,886.0,769.4891005464665
DyCo9Si4,40.0,483.20218582577394
Dy26Ga8Co9,28.0,75.57242184057168
Er26Ga8Co9,12.0,20.901062989695244
GdTiFe2Co9,1119.0,913.314880841983
HoTiFe2Co9,984.0,998.540267680889
Tb22(Fe23Co3)3,473.15,562.4114991516193
Mn32Ga18Co9Ni41,257.0,367.1733482502823
Gd26Ga8Co9,124.0,120.43457260927488
Ho26Ga8Co9,16.0,32.517988268072955
GdCo9Si2,483.0,544.1992498945431
GdCo9Si4,485.0,382.06762203069513
Nd2MgCo9,633.0,619.3979933573297
Ti0.5Mn39Co9Ni41.5Sn10,306.0,373.95027920171344
Nd2Mn8Co9,132.0,248.54465896111574
NdCo9Si2,454.0,587.5717161452411
PrCo9Si4,22.0,411.73778659661156
SmCo9Si2,473.0,580.8387307583184
TbCo9Si2,463.0,539.3843748126804
TbCo9Si4,863.0,206.11044876680853
YCo9Si4,436.5,230.68548033192974
La1Co9.1Si3.9,36.0,246.90016928979742
Gd1Co9.2Si3.8,60.0,374.0927395299839
La1Co9.2Si3.8,79.0,134.7776506480553
Tb26Ga7.6Co9.4,71.0,77.18781675445996
Nd0.9Gd0.1V2.5Co9.5,180.0,289.87646884958133
Nd0.7Gd0.3V2.5Co9.5,190.0,219.6425227258937
Nd0.4Gd0.6V2.5Co9.5,197.0,217.00987566241793
Nd0.2Gd0.8V2.5Co9.5,200.0,213.64123060775384
Nd0.1Gd0.9V2.5Co9.5,204.0,227.63161748499442
Gd1V2.5Co9.5,212.0,288.7703114738257
Nd1V2.5Co9.5,177.0,362.8858976592956
Sm3Cr4.5Fe14.7Co9.8,736.0,686.3655431061699
Sm1V2.2Co9.8,360.0,598.4886412266125
CrCo9,1369.5,1033.5366702690244
Ta3(NbCo9)10,360.0,913.1883324107137
Mn6.5Cr93.5Fe93.5Co93.5Ni93.5,22.0,489.2171299035215
MnCo24,1388.0,1157.5143375910654
Sr0.5Nd0.5Mn0.999Cr0.001O3,256.0,229.19843864758582
Zn0.996Cr0.004O1,325.0,326.3363093410946
Sr0.5Nd0.5Mn0.995Cr0.005O3,246.0,226.75560630117093
Cr0.0115Sb1.9885Te3,2.0,118.90469740646336
Zn0.985Cr0.015O1,325.0,321.3935211165052
Cr0.01Ga0.99N1,300.0,305.89776817989605
Cr0.01Ga0.99Si1N1,300.0,255.540895745084
Cr0.01Ge0.99,126.0,266.8302394165204
Sr2La1Mn1.99Cr0.01O7,320.0,240.0324035812698
Sr0.5Nd0.5Mn0.99Cr0.01O3,254.5,228.0042532667676
Zn0.99Cr0.01O1,300.0,313.7109107326281
Cr0.0215Sb1.9785Te3,5.8,118.63585976673723
Zn0.9759Cr0.0241S1,300.0,298.03362443969525
Mn0.975Cr0.025Si1,23.6,122.91886615638505
Mn0.02Cr0.027Fe0.32Cu0.0145Si0.015Ni0.32,343.15,642.2964298845756
Cr0.029Fe0.3189Cu0.029Ni0.079,483.15,623.6362313701105
Eu1Ti0.98Cr0.02O3,5.2,16.247136331935273
Mn0.06Cr0.02Hg0.92Se1,106.0,132.58238473463985
Mn0.08Cr0.02Hg0.9Se1,106.0,126.53347258246055
Cr0.02In0.98N1,350.0,272.1794198397976
Cr0.038Ge0.755Te1Pb0.207,56.0,132.14471801796492
Cr0.03Fe0.97,1049.0,990.9685081192997
Sr2Cr0.03Fe0.97Mo1O6,430.0,396.1828337400201
Cr0.03Ga0.97N1,280.0,300.24829487748195
Zn0.97Cr0.03H1O1,400.0,293.0587420731795
Cr0.03In0.97N1,300.0,302.79682059960527
Sr2La1Mn1.97Cr0.03O7,320.0,233.46000922235547
Sr0.5Pr0.5Mn0.97Cr0.03O3,275.0,241.190948911513
Zn0.97Cr0.03O1,400.0,311.6003114502137
Cr0.043Ge0.757Te1Pb0.22,66.4,138.4505839668884
Eu1Ti0.96Cr0.04O3,6.2,15.976576305963047
Mg0.2Zn0.6Cr0.05Fe1.89Cu0.14Ni0.09O3.94,318.74,427.61926182925424
Sr0.3La0.65Eu0.05Mn0.95Cr0.05O3,338.0,297.5950787130589
Cr0.05Fe0.95O2,427.0,613.5779769790327
Mn0.37Cr0.05In0.129Ni0.45,325.0,315.3322666498155
Sr0.5La0.5Mn0.95Cr0.05O3,319.0,288.81366138991893
Sr1.6La1.4Mn1.95Cr0.05O7,117.0,188.53541670675673
Sr0.5Nd0.5Mn0.95Cr0.05O3,235.0,221.35661408862686
Sr0.5Pr0.5Mn0.95Cr0.05O3,240.0,239.7061375269406
Mn1.95Cr0.05Sb1,550.0,472.87111405551053
Zn0.95Cr0.05Te1,327.25,104.89866385991056
Zn0.9377Cr0.0623S1,300.0,307.60744032726853
Cr0.06Fe1.8Ni0.14P1,295.0,406.49124374682873
Cr0.06Ga0.94N1,340.0,326.9138204162186
Sr0.33Nd0.67Mn0.94Cr0.06O3,250.0,182.8006198069567
Eu0.01Cr0.077Sn0.923Te1,275.0,203.86763320695994
Sr2Cr0.07Fe0.93Mo1O6,450.0,392.5568296042972
Cr0.0833Fe1Rh1,484.0,669.8748001789895
Cr0.085Sn0.915Te1,275.0,153.06338736300472
Eu0.007Cr0.089Sn0.911Te1,276.0,202.60276430293263
Zn0.911Cr0.089O1,325.0,313.38260769966234
Zn0.9066Cr0.0934S1,300.0,300.94715476626516
Cr0.09Fe0.91,1027.0,955.1876582690613
Mg0.5Zn0.5Fe2O4,725.0,438.8958323506528
Li0.4Zn0.2Fe2.4O4,782.0,814.2136183859723
Mn1Cr0.105Ni0.895Ge1.05,192.0,321.52657646977923
Zn0.883Cr0.117S1,300.0,284.7593001625322
La1Cr0.11Fe11.29Si1.6,212.0,212.4635487686201
Mn0.89Cr0.11Ni1Ge1,298.3333333333333,297.26968768522295
Sr1Cr0.11Ru0.89O3,188.0,146.73734999292233
Cr0.12Fe0.88,1007.0,992.888640298087
Cr0.13Fe0.87,1000.0,988.8338906641711
Sr0.3La0.65Eu0.05Mn0.85Cr0.15O3,278.0,273.2969562690423
Sr0.4La0.6Mn0.7Cr0.15Fe0.15O3,185.0,183.65853756237257
Cr0.15Fe0.85,984.0,985.8614149488969
Sr0.5La0.5Mn0.85Cr0.15O3,276.0,262.99239169522275
Sr0.3La0.7Mn0.85Cr0.15O3,290.0,268.9160146474866
Sr0.5Nd0.5Mn0.85Cr0.15O3,200.0,206.30542498268926
Cr0.16Fe0.84,984.0,985.7364451895021
Cr0.17Fe0.82Ni0.01,1031.0,963.3915578856711
Mn0.82Cr0.18Ni1Ge1,362.0,304.48559373663454
Cr0.1Cu1Rh1.9Se4,5.0,86.8354283103317
Sr0.3La0.65Eu0.05Mn0.9Cr0.1O3,310.0,288.83675482618224
Eu1Ti0.9Cr0.1O3,9.7,21.74348631110873
Sr0.4La0.6Mn0.8Cr0.1Fe0.1O3,231.17,217.68243318627546
Cr0.1Ga1Fe0.9O3,170.0,200.68859081301366
Sr2Cr0.1Fe0.9Mo1O6,415.0,388.9011826738617
Mn0.1Cr0.1Fe1.9Ni0.9O4,793.0,781.7549549586814
Cr0.1Fe1.9Ni1O4,814.0,788.6530410389645
Li0.4Zn0.2Cr0.1Fe2.3O4,753.0,746.3659383371538
U1Cr0.1Fe9.9Si2,650.0,552.992736148354
Sr0.5La0.5Mn0.9Cr0.1O3,297.0,280.6392586486266
Sr0.33La0.67Mn0.9Cr0.1O3,328.0,288.72624889621505
La1Mn0.9Cr0.1O3,170.0,197.69237348608823
Sr2La1Mn1.9Cr0.1O7,320.0,222.17936696379584
Sr0.5Nd0.5Mn0.9Cr0.1O3,230.0,209.95405769901262
Sr0.3Pr0.7Mn0.9Cr0.1O3,183.33333333333337,191.62498235633126
Mn1.9Cr0.1Sb1,504.0,472.297318511874
Zn0.9Cr0.1O1,154.0,309.4059150904687
Cr0.21Fe0.79,925.0,911.0321958242071
Mn0.0178Cr0.2202Fe0.7798Si0.00283Ni0.0558Mo0.0287,823.0,847.049152547919
V1.75Cr0.25Cu1S4,8.0,153.393126219017
Er3Cr0.25Fe4.75O12,520.0,485.37958875761205
Sr0.4La0.6Mn0.5Cr0.25Fe0.25O3,110.0,160.93661401556662
Cr0.25Fe2.75Ge1,546.0,544.1323470103855
Gd3Cr0.25Fe4.75O12,250.0,399.25333229078313
Mn0.75Cr0.25Ni1Ge1,360.0,317.2667707033561
La1Mn0.75Cr0.25O3,160.0,190.05282647810688
Nb1Cr0.25Se2,79.0,123.53843408984223
Cr0.25Pt0.75,423.0,238.51106945004443
Cr0.26Fe2.74Si1,602.0,610.4030873088369
Cr0.2Cu1Rh1.8Se4,15.0,88.65627439945693
Sr0.4La0.6Mn0.6Cr0.2Fe0.2O3,165.0,157.00081473128324
Cr0.2In1.8Fe1S4,84.4,169.07777058545804
Mg0.5Zn0.5Cr0.2Fe1.8O4,691.0,518.7067155766536
Mn0.2Cr0.2Fe1.8Ni0.8O4,793.0,727.6514390011741
Zn0.2Cr0.2Fe1.8Ni0.8O4,718.0,657.8492897600538
Cr0.2Fe1.8Ni1O4,784.0,783.8862639395127
Li0.4Zn0.2Cr0.2Fe2.2O4,733.0,714.8740917982285
Li0.5Cr0.2Fe2.3O4,616.0,809.0370585858577
Sr0.5La0.5Mn0.8Cr0.2O3,251.0,254.62346997149666
La0.7Nd0.3Mn0.8Cr0.2O3,128.5,161.66363893207344
Sr0.3La0.7Mn0.8Cr0.2O3,286.0,257.7862332570006
La0.8Nd0.2Mn0.8Cr0.2O3,145.0,176.8962739083965
La0.95Nd0.05Mn0.8Cr0.2O3,151.0,190.6947092615401
La0.9Nd0.1Mn0.8Cr0.2O3,147.0,187.0388267956576
La1Mn0.8Cr0.2O3,156.0,191.75321364064834
Sr2La1Mn1.8Cr0.2O7,178.0,231.3160732416288
Sr0.5Nd0.5Mn0.8Cr0.2O3,200.0,190.2975956681023
Sr0.33Pr0.22Sm0.44Mn0.8Cr0.2O3,150.0,152.0779048672051
Zn0.8Cr0.2Te1,300.0,215.3336172263624
Nb1Cr0.33S2,145.0,121.88790076337261
Nb1Cr0.33Se2,93.5,118.432763686381
Ta1Cr0.33S2,170.0,148.49799252248272
Ta1Cr0.33Se2,120.0,139.34194556500603
Cr0.34Fe0.66P2H6N1O8,17.9,73.18028332965999
Cr0.3Fe1.7Ni1O4,753.0,757.8576862087613
Ti1Cr0.3Fe1.7,51.0,265.40553975259525
Mg0.7Cr0.3Fe2O4,770.0,616.1013924453067
Li0.4Zn0.2Cr0.3Fe2.1O4,703.0,674.4886421414914
Sr0.3La0.4Nd0.3Mn0.7Cr0.3O3,191.0,198.91473670278688
Sr0.3La0.7Mn0.7Cr0.3O3,240.0,244.54866486373294
La1Mn0.7Cr0.3O3,186.0,177.06844058733088
Sr0.5Pr0.5Mn0.7Cr0.3O3,156.0,201.93980393609831
Cr0.3Pt0.7,687.0,271.74384221824454
Cr0.404Fe0.732Sb1,90.0,259.84089578543006
Cr0.455Fe0.525Ni0.02,50.0,386.39820362213266
Cr0.45Fe0.55,38.9,515.456114203292
Ti0.53Cr0.47N1,120.0,186.61630487808685
Cr0.4Cu1Rh1.6Se4,50.0,109.86600333538264
Ti1.6Cr0.4Cu1S4,257.0,162.03712976061652
Cr0.4Fe0.6,750.0,724.6559780803146
Mg0.5Zn0.5Cr0.4Fe1.6O4,658.0,534.1086976508075
Cr0.4Fe1.6Ni1O4,719.0,720.8355472554995
Li0.4Zn0.2Cr0.4Fe2O4,683.0,646.0308231417126
Li0.5Cr0.4Fe2.1O4,500.0,608.2082429811954
Cr0.4Fe2.6O4,763.0,745.2181076354751
Sr0.3La0.7Mn0.6Cr0.4O3,242.0,231.61371206111266
Mn0.3V0.3Cr0.4Te1,270.0,288.67371380306065
Cr0.4Pd0.6,520.0,230.385205583799
Mn0.49Cr0.51Sb1,390.0,283.7998942039725
Mg0.5Cr0.5Fe1.5Cu0.5O4,591.0,508.77782945142127
Cr0.5Fe1.5Cu1O4,300.0,572.1508684042539
Ho1Cr0.5Fe0.5O3,175.0,250.81462454896092
La1Cr0.5Fe0.5O3,120.0,380.40098650262144
Nd1Cr0.5Fe0.5O3,230.0,278.4973557827287
Gd0.08Mn0.2Cr0.5Fe1.42Ni0.8O4,679.15,650.0789007285942
Gd0.06Mn0.2Cr0.5Fe1.44Ni0.8O4,682.15,671.7333509021154
Gd0.04Mn0.2Cr0.5Fe1.46Ni0.8O4,692.15,672.9580956935822
Gd0.02Mn0.2Cr0.5Fe1.48Ni0.8O4,703.15,687.6139104149689
Mn0.2Cr0.5Fe1.5Ni0.8O4,705.15,643.9339810439991
Mn1Cr0.5Fe1.5O4,485.0,485.94151924607974
Cr0.5Fe1.5Ni1O4,685.0,674.2544326302171
Li0.4Zn0.2Cr0.5Fe1.9O4,653.0,597.8953323486134
Sr1Cr0.5Fe11.5O19,788.15,736.4008722348468
Nd2Cr0.5Fe16.5,366.0,391.8427476234207
Li0.5Cr0.5Fe2O4,505.0,573.6461459475117
Cr0.5Fe2.5Ge1,446.0,477.0949621519161
Y3Cr0.5Fe4.5O12,505.0,514.1601152820326
Y6Cr0.5Fe9.5O24,515.0,523.2141445308556
Sr0.5La0.3Gd0.2Mn0.5Cr0.5O3,93.0,211.647146344841
Nd1.5Gd3.5Mn0.5Cr0.5Si4,273.0,246.9780838405731
Nd1Gd4Mn0.5Cr0.5Si4,292.0,274.70117010598005
Nd0.5Gd4.5Mn0.5Cr0.5Si4,312.0,270.81038720481695
V0.5Cr0.5I3,55.0,128.43684358299012
La0.1Nd0.9Mn0.5Cr0.5O3,89.0,111.49936429934138
Sr0.5La0.3Nd0.2Mn0.5Cr0.5O3,177.0,206.08310837378104
Sr0.5La0.3Sm0.2Mn0.5Cr0.5O3,162.0,195.46319391273622
La0.4Nd0.6Mn0.5Cr0.5O3,95.0,128.56742235394202
La0.7Nd0.3Mn0.5Cr0.5O3,99.0,151.13618696299733
Sr0.3La0.7Mn0.5Cr0.5O3,226.0,234.19251307961417
La1Mn0.5Cr0.5O3,108.0,173.060360228581
Mn0.5Cr0.5O2,250.0,169.70200572865588
Sm1Mn0.5Cr0.5O3,70.0,85.8622291329787
Y1Mn0.5Cr0.5O3,75.0,153.35823916436783
Ti0.5Cr0.5N1,135.0,146.72215940351742
Cr0.604Fe0.396,60.0,259.7537753796235
Cr0.67Mo1.33Pb2O6,25.0,119.09679133150283
Nb1Cr0.67S2,65.0,168.83707375164
Cr0.67Ni1,60.0,223.07777779578626
Sr1La1Cr0.6Fe0.4O4,107.0,220.18409658127138
Cr0.6In1.4Fe1S4,84.4,157.1516272016289
Mg0.5Zn0.5Cr0.6Fe1.4O4,618.0,526.9576999772178
Cr0.6Fe2.4Se4,330.0,265.4249561629457
Mn0.2V0.2Cr0.6Te1,320.0,275.57170566782236
Mn0.4Cr0.6O2,93.0,235.14407490863042
Cr0.718Te1,175.0,234.68341245099916
Cr0.75Fe0.25Sb1,80.0,252.2505843589729
Gd2Mg0.25Cr0.75Fe1O6,5.7,72.20554800531428
Ti1.3Cr0.7Cu1S4,163.0,138.3807893812945
Cr0.7Fe0.3,121.85,167.87515016837773
Cr0.7Fe2.3Ge1,364.0,451.36899808062986
Mn0.3Cr0.7Sb1,255.0,287.81935636692356
Cr0.818Fe0.182,50.0,115.87093720193924
Cr0.819Fe0.181O2,428.0,326.5269398536932
Mn0.19Cr0.81Ge1,14.2,137.28979453552594
Mn0.18Cr0.82Ge1,13.0,144.7324037426887
Cr0.83Te1,338.0,323.96121299786364
Ti1.16Cr0.84Cu1S4,55.0,132.4091283942436
Cr0.85Fe0.15Cu1O2,572.0,262.95579453424887
Mn0.15Cr0.85Cu1O2,285.0,189.09064016140212
Cr0.85Fe2.15Si1,517.0,478.3409724516013
Mn0.2Cr0.8Cu1O2,100.0,191.51487217352
Ti1.2Cr0.8Cu1S4,153.0,116.44033811846766
Cr0.8Fe0.2,80.5,120.84308928789508
Cr0.8Fe0.2O2,389.0,337.3671058029061
Mg0.5Zn0.5Cr0.8Fe1.2O4,598.0,542.2615953328882
Li0.5Cr0.8Fe1.7O4,383.0,470.0160697820038
Mn0.1V0.1Cr0.8Te1,330.0,296.6017008621622
Mn0.2Cr0.8O2,186.0,263.87292737220696
Cr0.927Te1,290.0,356.78706845634724
V0.08Cr0.92O2,344.0,379.6444765525912
Cr0.92Te1,613.15,289.3871102181085
Cr0.94Fe0.06Cu1O2,193.0,345.87316526115774
Ti1.06Cr0.94Cu1S4,9.3,115.63752728182732
Ti0.06Cr0.94O2,625.15,306.0008854586979
Cr0.95Fe0.05Cu1O2,550.0,209.54680918346605
Mn0.05Cr0.95Cu1O2,191.5,198.46052287803604
Cr0.95Cu1Rh0.05O2,120.0,263.99885905217343
V0.05Cr0.95O2,381.5,391.7207573713634
V0.02Cr0.98O2,385.5,316.76565362120624
Ti0.01Cr0.99O2,643.15,313.4017572611683
Mn0.1Cr0.9Cu1O2,104.0,223.93497033895497
Ti1.1Cr0.9Cu1S4,20.0,108.21814425845102
Cr0.9Fe0.1O2,391.0,349.67667627459934
La1Cr0.9Ru0.1O3,287.0,164.67939858060515
Mn0.1Cr0.9O2,329.0,279.39896662387923
CsCrNi,90.0,258.05381358067905
Zn0.8Cr1Fe1Cu0.2O4,300.0,494.5451599132052
Zn0.6Cr1Fe1Cu0.4O4,460.0,389.1320365566489
Zn0.4Cr1Fe1Cu0.6O4,560.0,405.6688726648854
Zn0.2Cr1Fe1Cu0.8O4,580.0,417.38602958549546
Cr1Fe0.06Cu0.94O2,176.0,225.30412380949664
TiCrFeCuNi,50.0,390.05021637893293
CrFeCuO4,300.0,416.95539631940585
MnCrCuO4,45.0,143.8470834914255
Cr1Cu1Sn0.4Rh0.6Se4,140.0,178.42270785991138
CrCuRhSe4,248.33333333333337,181.6642396742751
ZrCrCuS4,55.5,125.08101372554533
CrCuSbSe4,250.0,144.73640570910908
DyMn5CrSn6,355.0,326.2222955493704
DyCrO4,22.45,30.848639947013115
Dy2CrSbO7,16.0,30.054089480637746
Dy4CrGa12,15.0,41.807731846168046
ErCrO4,16.666666666666668,37.81029753459451
Er2CrSbO7,10.0,33.3166913218725
Er3CrFe28,393.0,398.7213112667026
Er4CrGa12,2.8,35.53707307987345
Eu2CrSbO7,4.0,54.41349141137401
Cr1O1.88F0.12,290.0,264.2051885107819
Cr1O1.86F0.14,200.0,262.63096239431087
Cr1O1.9F0.1,315.0,265.36752328610436
KCrF5,5.0,165.30284462873288
RbCrF5,5.7,139.4577131610212
CrO2,389.0,289.8954031996318
Cr1Fe0.5O0.5,15.0,385.84847794474064
Gd2Mg0.25Cr1Fe0.75O6,6.5,66.55350322235614
Gd2CrFeO6,8.14,120.59542265056801
CrFeGeRu,374.0,355.66093498730254
CrInFeS4,170.0,160.48908562282418
Mg0.5Zn0.5Cr1Fe1O4,582.0,411.90042592939915
MnCrFeO4,388.5,335.685468935745
Zn0.8Cr1Fe1Ni0.2O4,500.0,438.6696581445926
Zn0.6Cr1Fe1Ni0.4O4,550.0,475.65195197139667
Zn0.4Cr1Fe1Ni0.6O4,575.0,486.090377174724
Zn0.2Cr1Fe1Ni0.8O4,600.0,490.66557557080364
CrFeNi,561.1125,405.63465642248775
CrFeNiO4,492.5,486.45351478555864
Pr2CrFeO6,245.0,280.30964187019185
Li0.5Cr1Fe1.5O4,352.0,480.3782776439546
YVCrFe10,515.0,491.93006345226934
SrCrFe11O19,732.0,732.2513050865896
Nd2CrFe16,375.5,404.85199262590083
Sm2CrFe16,447.0,456.4234113225248
CrFe2,1043.0,740.3037019430096
Cr1Fe2.01Si0.99,519.0,374.41436718324775
CrGaFe2,401.5,411.0033333250596
Cr(FeSe2)2,320.0,252.694573779277
CrFe2Si,520.0,366.74747768320356
Gd3Cr(Fe7N)4,730.0,713.5230784582143
Tb3Cr(Fe7N)4,658.0,688.9491965294542
CrFe3,1083.0,824.9951926558697
Cr(Fe7Ni3)990,398.0,319.9762101234179
Mn2CrGa,813.0,519.2756982265124
CrGaN,340.0,227.12632810105754
Tb4CrGa12,22.0,50.05644998160003
Cr(GaSb)2,345.0,180.80761055547316
Gd0.33Ho0.67Cr1O3,148.0,76.71478155548743
GdCr,150.0,211.49998472238386
GdCrO4,21.0,45.6073963585496
GdCrSb3,86.0,95.37093410524625
Gd2CrSbO7,12.0,61.301074154158435
Gd2TaCrO7,163.0,97.09345190385915
CrGe2,100.0,190.33628306099624
LaCrGe3,86.2,135.47081357420117
NdCrGe3,122.0,86.2660637996857
HoCrO4,20.0,28.30450941361214
Ho2CrSbO7,10.0,21.92372797767308
CrI3,63.17999999999999,108.19233548999071
Mn0.06Cr1I3,57.8,130.5831819751681
ZnCrInP,300.0,268.39617329558075
La0.15Cr1Pb1.85O5,293.0,185.84145074439493
La0.7Cr1Te0.3O3,105.0,194.1474372737859
LaCrO3,300.0,163.83976018307158
LaCrSb3,138.0,123.96950524671085
La2CrNiO6,109.0,174.90409293330598
LiTaCrO3,883.15,284.0236609641357
CrTe,335.0,293.116121047309
Sr2NdMnCrO7,138.0,166.11817527752322
Sr1.8Nd1.2Mn1Cr1O7,122.0,177.23670823645645
Sr1.6Nd1.4Mn1Cr1O7,146.0,179.115237745997
Sm2MnCrO6,50.0,103.35483522150298
Y2MnCrO6,33.0,137.78157457306474
Mn2CrO4,233.0,108.28851303688374
Mn6Cr,10.0,455.84466392828705
CrMo(PbO3)2,32.25,125.99800439794365
Sr2CrMoO6,450.0,207.478219870601
TiCrN2,70.0,173.0979291679935
Sr1.9Nd0.1Cr1Re1O6,625.0,419.2331308891593
Sr1.8Nd0.2Cr1Re1O6,635.0,436.79173135827835
Sr1.7Nd0.3Cr1Re1O6,625.0,474.6294406761841
Sr1.5Nd0.5Cr1Re1O6,505.0,396.90287873085947
NdCrSb3,121.0,113.28667824708465
Nd2CrSbO7,8.0,55.73926957579926
CrNi,268.0,219.59045191332203
CrNiO2,389.0,238.97693061604323
CrNiP,143.0,279.57741136348415
CrNi6,6.0,214.57045723096883
CrO2,415.5666666666666,289.8954031996318
Cr1Te0.2O2,389.0,222.88325703116195
PrCrO3,231.0,114.6586095029646
SmCrO4,12.0,76.96604379173822
TbCrO4,20.0,35.98465632529263
TiCrO4,394.0,217.1662022124996
TmCrO4,18.0,66.24332658901606
YCrO4,9.0,152.68936354017586
YbCrO4,25.0,85.61357269785941
Sr2CrOsO6,660.0,291.29300998462315
Sr1.8Y0.2Cr1Re1O6,640.0,357.9532429368419
Sr2CrReO6,595.1666666666666,389.32952412171323
Sr2CrWO6,454.5,355.9191945656602
Pr2CrSbO7,7.0,82.71360344024684
Sm2CrSbO7,12.0,53.40662149051494
Tb2CrSbO7,15.0,26.041279197679707
Tm2CrSbO7,6.0,74.30319995657419
Y2CrSbO7,15.0,141.11282595579866
Yb2CrSbO7,10.0,99.26748114974917
Sm2TaCrO7,192.0,112.79343540026531
Y2TaCrO7,143.0,220.37802782158877
PrCrSb3,129.5,113.66003213968912
CrS,303.0,284.3637707371329
Cr1S1.17,310.0,289.55536104052237
Cr1S1.194,305.0,287.5420667886044
Cr1S1.2,305.0,283.6864614431642
Cr1Sb0.1Te0.9,296.4,280.09570874834174
Cr1Sb0.25Te0.75,290.0,278.8535866848674
Cr1Sb0.2Te0.8,287.2,280.2311713885641
Cr1Sb0.4Te0.6,250.0,264.43268960287634
Cr1Sb0.5Te0.5,220.0,273.4957478711415
CrSb,300.0,269.250417014595
SmCrSb3,109.0,108.92797750816204
Cr1Te0.98Se0.02,329.0,298.62570878568107
Cr1Te0.96Se0.04,329.1,300.0247545243703
Cr1Te0.94Se0.06,317.1,296.02214800612893
Cr1Te0.92Se0.08,310.0,294.5687325574103
Cr1Te0.9Se0.1,298.2,286.19818986678774
CrTe,309.4866666666667,293.116121047309
ZnCrTe,298.15,333.82728197074016
CrTe2,315.0,188.66863710958557
Cr1.11Fe1.9O4,533.15,397.01863543380574
Cr1.1Fe1.9O4,557.0,400.3346062917274
V0.75Cr1.25Cu1S4,46.0,193.6702341887359
Zr0.75Cr1.25Cu1.25Se4,125.0,192.6666653743349
Cr1.27Te1.5Se0.5,64.0,147.27583114771605
Cr1.2Cu1Sb0.8Se4,260.0,158.3407805267152
Mn1Cr1.2Fe0.8O4,320.0,281.2580002445545
Cr1.2Fe1.8O4,273.0,532.3178954511078
Cr1.2Ni0.8O3,95.0,201.25600550826346
Cr1.32Te1.5Se0.5,56.0,142.07537050770154
Cr1.33Mo0.67Pb2O6,33.7,126.6046922401631
Cr1.36Te1.5Se0.5,82.0,133.70812579487938
Ti0.7Cr1.3Cu1Se4,165.0,214.62583797745907
Cr1.4Fe0.6Cu1O4,430.0,314.88692498123925
Cr1.53Cu1.01Sb0.48Se3.99,72.5,186.80113396965032
Cr1.5Fe0.5Cu1O4,200.0,282.1007959407941
Cr1.5Cu1Rh0.5Se4,350.0,210.1898162074897
Cr1.5Cu1Sb0.5Se4,220.0,144.60175053604658
Ti0.5Cr1.5Cu1Se4,250.0,233.99819914615443
Mn1Cr1.5Fe0.5O4,232.0,179.54708466369343
Cr1.5Fe0.5Ni1O4,412.0,288.1195603416884
Cr1.5In0.5Fe1S4,200.0,175.95313540177608
Cr1.5Fe1.5P1,260.3333333333333,327.31210372116664
Cr1.5Fe1.5S4,302.0,226.87387150063284
Cr1.5Fe1.5Se4,220.0,281.77968836442443
Y1Cr1.5Fe10.5,540.0,464.68397855437775
Y3Cr1.5Fe27.5,419.0,413.4984466322738
Mn1.5Cr1.5Ga1N1,42.0,184.23231951187495
Cr1.64Cu1Sb0.33Se3.99,68.0,185.45671223684707
Cr1.66Cu0.98Sb0.38Se4.08,71.5,149.89926165174563
Cr1.6Cu1Sb0.4S4,175.0,163.52065739698708
Dy3Cr1.6Fe27.4N4,646.0,667.6586339101672
Zn0.08Cr1.72Cu0.81Se4,400.0,265.1493053519061
Cr1.73Cu0.99Sb0.36Se4.05,69.5,173.74431006494353
V0.25Cr1.75Cu1S4,267.0,196.94276828587073
Cr1.7Cu0.99Sb0.42Se4.04,74.0,153.14123845988007
Cr1.7Cu1Sb0.3S4,118.0,175.2989615892828
Cr1.7Cu1Sn0.3Se4,276.5,147.20466576681443
Ti0.3Cr1.7Cu1Se4,332.0,276.63781552120844
Cr1.7In0.3Hg1Se4,73.0,133.9702514804839
Mn1Cr1.7In0.3S4,36.0,141.69813411085775
Hf0.14Cr1.81Cu1Se4,390.0,291.72111832538894
Cr1.85Cu0.99Sb0.3Se4.03,70.5,244.96630484111827
Zn0.07Cr1.87Cu0.9Se4,400.0,335.1553641526271
Hf0.09Cr1.87Cu1Se4,392.0,310.84142552115344
Cr1.8Cu1Sb0.2Se4,240.0,198.55409077826374
Mn1Cr1.8Fe0.2O4,46.0,155.68866034637304
Cr1.8In0.2Fe1S4,175.0,176.2800277011111
Y3Cr1.8Fe27.2N4,636.0,655.8403064289075
Cr1.8In0.2Hg1Se4,87.0,132.24192237505758
Mn1Cr1.8In0.2S4,48.0,185.1757402795876
Zn0.18Cr1.93Cu0.82Se4,400.0,340.1965634056964
Hf0.06Cr1.93Cu1Se4,399.0,329.77177701689703
Cr1.96Te3,167.0,194.1651942828002
Cr1.98Te3,170.0,203.00822618047897
Cr1.9Cu1Sb0.1Se4,357.0,287.51003320737874
Dy0.1Cr1.9Ni1O4,71.0,140.74146733753975
Nd2Cr1.9Fe15.1,356.0,416.59510042534566
Cr1.9In0.1Hg1Se4,96.0,136.41139377240978
Mn9Cr10Fe65Si7Ni9,810.0,644.4319507693262
Cr5Fe4Ni41,305.5,286.9119439943567
Cr11Fe8Ni81,265.5,263.3540305279578
Cr11Ge19,88.5,178.3531000767394
Mn16Cr12Fe62(SiNi)5,670.0,652.9781501041102
Cr3(FeNi10)2,231.7,229.52939935161234
Cr13Fe8Ni79,195.4,189.88569814088473
Cr7Fe4Ni39,153.2,202.80487035631307
Cr15Fe8Ni77,135.6,161.25879718099208
Cr3Ni5,175.0,192.4045388953711
Cr4Fe2Ni19,115.8,174.85483307628664
Cr9FeNi40,20.0,147.07372223870755
Cr18Fe5Ni77,69.0,162.9002852247755
Cs2U6Cr2Se15,84.0,158.97145708498002
Mn0.9Cr2Cu0.1S4,386.0,129.98837034697567
Mn0.8Cr2Cu0.2S4,398.0,137.2973811264688
Zn0.7Cr2Cu0.3Se4,400.0,343.8832594315028
Zn0.6Cr2Cu0.4Se4,400.0,332.81282003123215
Cr2Fe0.5Cu0.5S4,343.8333333333333,166.7732861052237
Zn0.5Cr2Cu0.5Se4,400.0,323.5756023143283
Zn0.4Cr2Cu0.6Se4,400.0,345.2784851397678
Zn0.3Cr2Cu0.7Se4,400.0,330.9506470490022
Zn0.2Cr2Cu0.8Se4,400.0,332.8680159170169
Cr2Cu0.9Ni0.1O4,130.0,162.9135844124739
Zn0.1Cr2Cu0.9Se4,400.0,343.7029639512473
Cr2FeCuS4,355.0,219.65507305808762
Cr2CuTe3I,287.5,248.7897071029698
Cr2CuO4,258.6666666666667,158.0874709948533
Cr2CuSe4,460.0,304.32082027048784
Cr2CuSe3S,353.0,295.95411020464877
Cr2Cu(SeS)2,360.0,312.0261662106428
Cr2CuSeS3,393.0,236.5202477208486
Cr2CuS4,379.1578947368421,203.96274067023415
Cr2CuS4,433.0,203.96274067023415
Cr2CuSe4,427.1428571428572,304.32082027048784
Cr2CuTe4,342.6222222222222,274.44041327171675
Cr2Cu1.1Te4,288.0,264.0191653781515
Cr2Cu1.2Te4,278.0,256.0314884894199
Cr2Cu1.4Te4,194.0,248.80075719075842
Cr2Cu1.5Te4,257.5,228.22961246062602
Cr2Cu1.6Te4,256.0,235.00902115645468
Cr2Cu1.7Te4,256.0,240.69724193234663
Cr2Cu1.8Te4,244.0,221.4324025676062
Cr2Cu1.9Te4,170.0,219.82553878895197
CrCuTe2,160.0,231.9507241074753
Dy(CrFe5)2,497.0,495.764727368721
DyMn4(CrSn3)2,245.0,320.57072540174005
Er(CrFe5)2,476.5,478.19832051391256
Er(CrSi)2,1.6,74.83582570600191
Er3Cr2Fe27,401.0,398.91185655073633
Cr2Fe0.1Ni0.9O4,183.0,133.15787460924048
Cr2Fe0.2Ni0.8O4,138.0,157.84300544455155
Zn0.6Cr2Fe0.4S4,42.0,245.86157554222666
Zn0.5Cr2Fe0.5S4,98.0,232.38561105695587
Zn0.25Cr2Fe0.75S4,139.2,204.14129685595705
Zn0.125Cr2Fe0.875S4,158.5,201.49354959682532
Cr2FeO3,307.0,314.50934489702564
Cr2FeO4,94.6,249.03197825473345
Ti0.5Cr2Fe1O4,80.0,332.99534538692564
Cr2FeS4,177.875,229.06385647091042
Gd(CrFe5)2,581.6666666666666,508.66507294817796
Ho(CrFe5)2,486.0,482.9397768004171
Lu(CrFe5)2,450.0,466.7905384466664
Nd(CrFe5)2,532.0,513.496740600708
Sm(CrFe5)2,565.0,503.7519977020951
Tb(CrFe5)2,528.0,492.6479013114474
Tm(CrFe5)2,465.5,477.1066488663887
Y(CrFe5)2,512.0,455.73640392113265
Nd2Cr2Fe15,378.0,419.0270505795619
Sm2Cr2Fe15,424.0,456.54753654229046
Y2Cr2Fe15,386.0,417.679954613321
Nd0.2Y0.8Cr2Fe27,425.0,520.0810503372966
Nd2.2Y0.8Cr2Fe27,425.0,427.6556720458369
MnCr2GaN,42.0,135.25783011663825
CrGeTe3,66.0,119.04853379670234
Cr2HgS4,44.03333333333333,138.32282610573972
Cr2HgSe4,108.91666666666669,148.23785430696037
Mn(CrS2)2,67.0,249.52927969196827
Sr2LaCr2SbO9,150.0,205.589513194044
Mg0.05Cr2Ni0.95O4,57.0,124.40072532027813
Mg0.15Cr2Ni0.85O4,76.0,118.29056258094434
Mg0.1Cr2Ni0.9O4,42.0,121.1009460746814
Mn0.12Zn0.88Cr2Se4,1133.0,750.5175849794438
Mn0.13Zn0.87Cr2Se4,1043.0,786.8237424303799
Mn0.18Zn0.82Cr2Se4,1043.0,835.5949840483269
Mn0.24Zn0.76Cr2Se4,1053.0,696.7598860089067
MnCr2O4,48.075,159.52629747681186
Mn(CrS2)2,77.5,249.52927969196827
Mn49Cr2Ni38Sn11,322.0,312.51054927155394
Cr2NiO4,93.61666666666667,164.04596620536674
Cr2O3,307.0,206.3211209716338
ZnCr2O4,12.0,170.49185590486408
Cr2PbS4,138.0,145.17865856137703
Cr2S3,259.0,208.94808758233785
Zn(CrSe2)2,129.5,457.32461271748883
CrSiTe3,33.0,149.92552682074808
Cr2Te3,209.5,211.46945851435635
Ti(CrTe2)2,214.0,191.24529605017062
Zn0.037Cr2.13Cu0.94Se4,400.0,341.3795744079233
Zn0.17Cr2.16Cu0.81Se4,392.0,353.2924027098847
Zn0.07Cr2.19Cu0.95Se4,423.0,331.14824663489316
Zn0.07Cr2.19Cu0.97Se4,400.0,332.2430908953652
Zn0.19Cr2.2Cu0.82Se4,409.0,336.20677908062646
Cr2.2Cu1.9Te4,156.0,243.14798779668652
Cr2.2Ni97.8,518.15,539.79877409608
Zn0.21Cr2.31Cu0.86Se4,400.0,393.81098219439724
Gd1Cr2.5Fe9.5,565.0,559.6089871510218
Gd1.1Cr2.5Fe9.5,608.0,539.1832483025854
Mn0.5Cr2.5Ga1N1,42.0,157.45321715497008
Ti2.5Cr2.5S6,70.0,162.3131602518163
Y1Cr2.7Fe9.3,420.0,439.44328029051405
Cr5FeNi19,7.0,168.86122158797926
Cr10Fe3Ni37,193.0,109.10270103645892
Cr23Fe4Ni73,12.0,155.1444588456065
Cr23.4Fe76.6,662.0,932.064846603577
VCrFe2,700.0,361.46085141800813
Mn24.5Cr25.2Fe24.8Ni25.5,205.0,376.1377975579055
Er3Cr3Fe26,390.0,394.7071211377505
Cr3Fe,167.2,182.60955733357918
Ho3Cr3Fe26,375.0,413.17423986491394
Cr3(Fe7Ni3)970,323.0,330.6969877903652
Gd(CrFe3)3,549.0,536.7626767037708
Y(CrFe3)3,385.0,420.1543621730198
Mn46Cr3Ni43Sn8,301.8,314.40843647606727
Mn48Cr3Ni38Sn11,296.0,317.95864365015365
Cr3Te4,324.1428571428572,235.55967519076222
Ho3Cr3.5Fe25.5,414.0,404.7360300729988
Nd0.4Y0.6Cr3.5Fe25.5,418.0,451.24313644563927
Nd0.6Y0.4Cr3.5Fe25.5,422.0,436.9357367585314
Nd2.4Y0.6Cr3.5Fe25.5,418.0,438.4110945031539
Nd2.6Y0.4Cr3.5Fe25.5,422.0,432.11494683602615
Y1Cr3.5Fe8.5,360.0,383.63547766465877
Ti1.5Cr3.5S6,150.0,167.9577409233013
V5(Cr2Fe3)3,620.0,466.6774890564358
Cr33.7Fe66.3,570.0,886.4687207655658
V5Cr7Fe8,525.0,451.88370407521626
Er3Cr4Fe25,356.0,416.4587386062292
Nd0.8Y0.2Cr4Fe25,418.0,442.8246281860801
Nd2.8Y0.2Cr4Fe25,418.0,436.85803527221503
Nd3Cr4Fe25,418.0,466.80580317361915
Cr4Ga17Pt,59.5,203.2333320517012
Ti(CrTe2)4,74.0,197.27121435182087
Nd3Cr4.5Fe24.5N4,623.0,631.7967076535499
Nd3Cr4.5Fe24.5,620.5,437.47495268646605
Ti0.5Cr4.5S6,248.0,206.7965901638303
Ti0.5Cr4.5Te8,129.0,180.54804609422865
Cr4.62Te8,250.0,175.28576310630123
V5Cr8Fe7,415.0,385.8017693346741
Cr43Fe53.5Sn3.5,700.0,628.4647794901435
Cr43Fe56Sn,700.0,545.6045107508143
Cr43.5Fe56.5,47.0,702.9017046322259
V5(Cr3Fe2)3,315.0,311.6826036097578
Cr9Fe11,831.0,163.17092284537972
Cr23Fe26Sn,700.0,497.683257638737
Cr23Fe27,361.75,141.64933179232585
Cr46.2Fe53.8,34.1,305.84490169421116
Cr46.8Fe53.2,23.3,205.92301400356766
Cr47.7Fe52.3,388.0,37.00964280684858
Cr12Fe13,15.9,33.530467096147525
Cr12Te13,342.0,323.08929797469415
Cr48.6Fe51.4,9.0,74.18712484625674
Cr49Fe51,11.9,48.4833019596163
Cr49.6Fe50.4,8.3,52.377760542368584
Sm3Cr5(Fe6N)4,686.0,598.7278386110362
Sm3Cr5Fe24,623.5,472.91841527318314
Cr(Fe7Ni3)190,258.0,306.059881930306
Mn5Cr(Ga2Ni5)2,340.0,352.2402545058393
Mn4Cr(GaNi2)5,330.0,354.5225240922723
Mn5CrGa5Ni9,390.0,351.5729809303378
Mn37Cr5In13Ni45,325.0,321.72064581603405
Cr5S6,354.8333333333333,260.91580750030477
Cr5Te6,329.775,318.36139296034673
Cr5Te8,207.08333333333337,216.1032129541211
Cr5.28Te6Se2,16.0,148.9976588020314
Cr5.44Te6Se2,72.0,142.05817321266244
VCr2Fe,170.0,272.05158956821055
Cr3(Fe7Ni3)470,245.0,324.7398382689946
MnCr3Fe,100.0,143.2386771282982
Mn9Cr69Fe10,125.0,78.81639182952074
Cr7(Fe7Ni3)930,215.0,324.50751686318125
Cr7Te8,346.5,328.50721375001194
Cr7Fe3,154.56454545454545,165.89851133828623
Mn13Cr71Fe12,40.0,74.62642263047684
Mn9Cr72Fe13,103.0,52.67349863730087
Mn11Cr73Fe14,35.0,75.66221957654652
Mn9Cr75Fe16,55.0,69.78960334659327
Cr3Fe,87.0,179.97347955871626
Mn7Cr77Fe18,68.0,72.35834589237342
Mn9(Cr6Fe)13,30.0,78.64669937461156
Mn5Cr79Fe20,90.0,89.09096672407443
Mn9Cr81Fe10,30.0,110.23630224916079
V10.4Cr84Re16,26.0,98.00078483494413
V10.9Cr84Re16,25.0,83.01664655267746
V12.4Cr84Re16,23.0,75.16713987071297
V4.4Cr84Re16,352.0,244.12106533764938
V5.7Cr84Re16,325.0,273.1478790558314
V6.9Cr84Re16,257.0,210.22151513299585
V8.5Cr84Re16,197.0,176.94444627604435
Cr9Fe8Ni83,345.6,323.2883844790523
Cr9Si20Pd71,60.0,143.61841986255206
CsFeF3,60.0,216.93981842401723
CsNiF3,120.5,125.56868054629885
CsMg4Mn6O15,165.0,197.95447487616647
Zn0.9995Cu0.0005O1,298.15,315.2428949942769
Sr0.373La0.666Mn0.943Cu0.018O3,351.75,294.31179620936126
Zn0.94Fe0.05Cu0.01O1,550.0,353.6226513583573
Ti1Cu0.01O2,298.15,423.04168873926835
Mn3Cu0.023Ni0.977N1,325.0,312.6847314648757
Mn1.415Cu0.025Ni2Sn0.56,317.0,319.7365996710711
Sr0.5Nd0.5Mn0.98Cu0.02O3,221.5,227.17836368938748
Zn0.98Cu0.02O1,299.075,335.7773328673502
Sr1Mn0.03Zn0.95Cu0.03Sb1F1,12.0,93.10372640142378
Zn0.97Cu0.03O1,300.0,342.7770500417987
Zn0.62Fe2.02Cu0.04Ni0.33O1,391.15,424.2212231879459
Li0.35Zn0.46Fe3.002Cu0.04Ni0.208O5.57,640.15,613.2531043051645
Sr0.5Nd0.5Mn0.96Cu0.04O3,194.0,220.17919585521494
Mn3Cu0.055Ni0.945N1,323.0,304.8711859626711
Sr1Mn0.05Zn0.9Cu0.05Sb1F1,27.0,66.11667373733368
Mg0.09Zn0.36Fe2Cu0.05Ni0.5O4,653.15,575.2909670737912
Mg0.18Zn0.27Fe2Cu0.05Ni0.5O4,677.15,661.4566631883753
Mg0.27Zn0.18Fe2Cu0.05Ni0.5O4,711.15,682.2698729127409
Mg0.36Zn0.09Fe2Cu0.05Ni0.5O4,774.15,710.1835394924534
Mg0.45Fe2Cu0.05Ni0.5O4,787.15,731.9933199148629
Zn0.45Fe2Cu0.05Ni0.5O4,606.15,476.8604825408434
Zn0.2Fe2Cu0.05Ni0.75O4,750.0,675.2401744046704
Na0.05Sr0.25La0.7Mn0.95Cu0.05O3,350.0,292.5662502453902
Sr0.3La0.7Mn0.95Cu0.05O3,351.1666666666667,298.8622300706236
La1Mn0.95Cu0.05O3,203.0,197.75451479470277
Li0.05Zn0.9Cu0.05O1,300.0,302.1889658438309
Ti0.01Mn0.1Cu0.05Ni99.84,624.15,599.4544173914479
Mn1.39Cu0.05Ni2Sn0.56,313.0,320.21948848494566
Zn0.95Cu0.05O1,300.0,361.99523693891035
Ti0.95Cu0.05O2,350.0,495.9437427191193
Fe1.94Cu0.06P1,265.0,334.85562352673924
Sr0.5Nd0.5Mn0.93Cu0.07O3,185.0,221.5212734288657
Zr0.93Cu0.07Te2.79O7.44,46.172,209.40133582186257
Fe1Cu0.0833Rh1,486.0,585.8283243478227
Zn0.62Fe2.02Cu0.08Ni0.29O1,391.15,419.65375534528454
Li0.05Zn0.87Cu0.08O1,300.0,322.60063299847616
Cu0.0961Ni0.9039,522.0,454.7941009921749
Zn(FeO2)2,480.0,319.5831122892617
La1Fe11.29Cu0.11Si1.6,221.0,219.4712613161623
Zn0.35Fe1.88Cu0.12Ni0.53O4,518.15,590.2808688824516
Mn1Ga0.88Cu0.12Ni2,340.0,353.5877589596354
Cu0.12Ni0.88,485.0,443.20786138333625
Nd0.0003Zn0.52Fe2Cu0.14Ni0.37O4,515.55,512.06002771757
Nd0.0012Zn0.52Fe2Cu0.14Ni0.37O4,505.15,509.44420449640484
Nd0.018Zn0.52Fe2Cu0.14Ni0.37O4,513.55,496.82569194281615
Nd0.045Zn0.52Fe2Cu0.14Ni0.37O4,500.25,494.23453614826576
Zn0.52Fe2Cu0.14Ni0.37O4,504.85,499.6347498684253
Mn3Cu0.156Ni0.844N1,300.0,294.7520093173964
Sr1Mn0.15Zn0.7Cu0.15Sb1F1,20.0,82.68532712245765
Mn0.25Zn0.35Fe2Cu0.15Ni0.25O4,556.15,576.8114604377145
Zn0.2Fe2Cu0.15Ni0.65O4,750.0,648.0764629541125
Sr0.15La0.67Mn1Cu0.15O3,305.0,274.0841367714846
Sr0.18La0.67Mn1Cu0.15O3,321.0,282.04144642066655
Na0.05Sr0.25La0.7Mn0.85Cu0.15O3,274.0,258.61055254285014
Sr0.3La0.7Mn0.85Cu0.15O3,328.0,250.1532885935902
La1Mn0.85Cu0.15O3,144.0,184.39763416989769
Mn3Cu0.192Ni0.808N1,298.0,292.8266362240603
Cu0.1954Ni0.8046,415.0,416.7466893678617
Sr1Mn0.1Zn0.8Cu0.1Sb1F1,40.0,66.9827000724675
Mn1.05Fe0.9Cu0.1Si0.5P0.5,261.0,295.39237979433295
Zn0.4Fe1.98Cu0.1Ni0.52O4,605.15,570.6227907622871
Pr0.3125Nd0.9375Fe10.5Cu0.1Mo1.5,573.15,440.3065763286702
Sr0.9La0.1Fe11.9Cu0.1O19,725.05,724.2105053237372
Sr1Fe11.9Cu0.1O19,730.85,719.4117392918309
Zn0.7Fe2Cu0.1Ni0.2O4,296.0,340.232149131331
Zn0.3Fe2Cu0.1Ni0.6O4,720.0,647.1194845278012
Zn0.4Fe2Cu0.1Ni0.6O4,690.15,620.1136202676753
Fe2Cu0.1Ni0.9O4,863.15,810.191617480565
U1Ga1.9Cu0.1,94.3,71.46459664365952
Mn4.9Cu0.1Ge3,288.7,291.9037474907596
Ho1In1Cu0.1Ni0.9,19.0,22.986707990228417
Sr0.2La0.67Mn1Cu0.1O3,335.0,277.3848352809319
Sr0.23La0.67Mn1Cu0.1O3,333.0,281.1926641024676
Sr0.23La0.77Mn0.9Cu0.1O3,320.0,274.08786724498725
Na0.05Sr0.25La0.7Mn0.9Cu0.1O3,320.0,277.9672915303024
Sr0.3La0.7Mn0.9Cu0.1O3,339.75,281.3134587598312
Sr0.2La0.8Mn0.9Cu0.1O3,318.0,269.1207909624777
La1Mn0.9Cu0.1O3,154.0,191.97226651976746
Sr0.5Nd0.5Mn0.9Cu0.1O3,260.0,200.51136587215237
Mn1Cu0.1Ni0.9Sb1,649.0,382.9394322910998
Zn0.9Cu0.1O1,653.0,306.7446812418713
Sr1Cu0.1Ru0.9O3,100.0,147.6370173505958
Gd0.76Cu0.24,142.0,187.85981198955514
La0.075Zn0.25Fe1.925Cu0.25Ni0.5O4,675.0,627.1550360766172
Nd0.075Zn0.25Fe1.925Cu0.25Ni0.5O4,498.0,582.613333826907
La0.05Zn0.25Fe1.95Cu0.25Ni0.5O4,690.0,648.2738789240451
Nd0.05Zn0.25Fe1.95Cu0.25Ni0.5O4,507.0,549.9973959591871
Mn0.02Zn0.5Fe1.96Cu0.25Ni0.23O3,134.0,209.008323948043
Mn0.04Zn0.5Fe1.96Cu0.25Ni0.21O3,122.0,150.64240577997722
Mn0.06Zn0.5Fe1.96Cu0.25Ni0.19O3,109.0,174.3600059880419
Mn0.08Zn0.5Fe1.96Cu0.25Ni0.17O3,97.0,174.33993685123608
Mn0.1Zn0.5Fe1.96Cu0.25Ni0.15O3,86.0,172.2669358902695
La0.025Zn0.25Fe1.975Cu0.25Ni0.5O4,705.0,636.7966374753922
Nd0.025Zn0.25Fe1.975Cu0.25Ni0.5O4,510.0,615.0139540296099
La0.1Zn0.25Fe1.9Cu0.25Ni0.5O4,655.0,599.8534673686212
Nd0.1Zn0.25Fe1.9Cu0.25Ni0.5O4,489.0,585.3352559488155
Sr0.75La0.25Fe11.75Cu0.25O19,690.55,716.5390724888658
Zn0.45Fe2Cu0.25Ni0.3O4,473.15,498.9852545677155
Zn0.2Fe2Cu0.25Ni0.55O4,750.0,632.2704109851393
Zn0.25Fe2Cu0.25Ni0.5O4,625.5,656.4592749714977
Fe2Cu0.25Ni0.75O4,814.15,792.9300437821668
Zn0.75Fe2Cu0.25O4,560.6,297.7538046988336
Mn0.675Ga1Cu0.25Ni2,321.5,323.7907844150402
Mn0.705Ga1Cu0.25Ni2,321.5,330.347442368792
Mn0.7425Ga1Cu0.25Ni2,321.5,332.5282069892398
Mn0.75Ga1Cu0.25Ni2,314.75,329.65483044150017
La3Nb1Cu0.25Ni1.75O9,90.0,129.94089691820355
La3Cu0.25Ni1.75Sb1O9,130.0,129.4067080449698
La3Ta1Cu0.25Ni1.75O9,110.0,135.37645954726108
Cu0.25Ni0.75,400.0,338.85779147373063
Cu0.278Ni0.722,318.0,320.7907353207177
Cu0.281Ni0.719,325.0,314.893414781811
Cu0.28Ni0.72,318.15,317.78365971484857
Gd1Fe0.8Cu0.2O2.8F0.2,660.0,583.2089089304412
Ho1Fe0.8Cu0.2O2.8F0.2,640.0,600.6078211810137
Sm1Fe0.8Cu0.2O2.8F0.2,675.0,609.2113216661603
Zn0.66Fe1.94Cu0.2Ni0.2O3.97,343.15,299.5788743035282
Zn0.62Fe1.98Cu0.2Ni0.2O3.99,385.15,357.5004206289386
Mn0.02Fe1.9Cu0.2Ni0.8O4,565.0,736.907027835015
Sr0.8La0.2Fe11.8Cu0.2O19,716.85,716.6228681708037
Sr1Fe11.8Cu0.2O19,729.25,717.3273306776128
Mn0.51Zn0.22Fe2.07Cu0.2O4,502.15,593.4090251470957
Zn0.3Fe2Cu0.2Ni0.5O4,768.0,667.3995890408613
Mg0.1Zn0.3Fe2Cu0.2Ni0.4O4,712.0,623.2901678661128
Mg0.2Zn0.3Fe2Cu0.2Ni0.3O4,654.0,598.7678495393941
Mg0.3Zn0.3Fe2Cu0.2Ni0.2O4,600.0,566.8766777131283
Mg0.3Zn0.5Fe2Cu0.2O4,386.05,473.0941908089128
Mg0.4Zn0.3Fe2Cu0.2Ni0.1O4,577.0,540.2317207745294
Mg0.8Fe2Cu0.2O4,930.5,664.0100063243741
Mn0.2Zn0.6Fe2Cu0.2O4,328.5,513.2954707096601
Zn0.68Fe2Cu0.2Ni0.12O4,210.0,331.11795716287423
Zn0.7Fe2Cu0.2Ni0.1O4,282.0,295.9641957340065
Zn0.56Fe2Cu0.2Ni0.24O4,321.0,432.5509929278294
Zn0.52Fe2Cu0.2Ni0.28O4,375.0,493.42873977149236
Zn0.6Fe2Cu0.2Ni0.2O3,388.15,375.34820752578054
Zn0.6Fe2Cu0.2Ni0.2O4,340.075,390.4549786336679
Zn0.3Fe2Cu0.2Ni0.5O4,664.6125,667.3995890408613
Zn0.2Fe2Cu0.2Ni0.6O4,497.0,717.143946997567
Zn0.4Fe2Cu0.2Ni0.6O4,682.15,596.4247197665247
Zn0.8Fe2Cu0.2O4,140.0,305.1098817764873
U1Ga1.8Cu0.2,79.0,69.98367914872794
Nd1Mn1.8Cu0.2Ge2,310.0,263.8110327418306
U1Mn1.8Cu0.2Ge2,360.0,307.1669336628123
Sr0.23La0.77Mn0.8Cu0.2O3,290.0,246.5618904584698
Na0.05Sr0.25La0.7Mn0.8Cu0.2O3,167.0,248.8334773273457
La1Mn0.8Cu0.2O3,133.0,188.81511529853768
La1Mn1.8Cu0.2Si2,280.0,256.8968579979044
Pr1Cu0.2Ni0.8,16.0,23.22746533406137
Ti0.8Cu0.2O2,340.0,367.11807639400087
Sr1Cu0.2Ru0.8O3,65.0,146.87695796348495
Cu0.32Ni0.68,273.0,300.6888896929814
Mn3Cu0.351Ni0.649N1,284.0,270.9802895214394
Mn0.65Fe2Cu0.35O4,600.0,597.150219058941
Gd1Cu0.35Ni1.65,103.0,83.79017244821523
Cu0.39Ni0.61,295.0,241.07404564232777
Sr0.7La0.3Fe11.7Cu0.3O19,711.85,714.7950306909695
Sr1Fe11.7Cu0.3O19,728.15,716.9909255626342
Sm2.3Fe17Cu0.3N3,743.0,763.9681966146412
Mg0.1Zn0.45Fe2Cu0.3Ni0.15O4,503.15,502.08027682300064
Mg0.2Zn0.5Fe2Cu0.3O4,520.0,465.5492805953479
Fe2Cu0.3Ni0.7O4,843.15,770.7565731545511
Zn0.7Fe2Cu0.3O4,272.0,400.4943475202682
Fe2.7Cu0.3O4,773.15,749.5101359676296
Gd1Ga0.7Cu0.3,190.0,118.84643221909361
U1Ga1.7Cu0.3,82.5,60.766665655447554
Gd0.7Cu0.3,144.0,165.49276405326708
Gd1Cu0.3Ni0.7,68.0,87.49085037247816
Mn4.7Cu0.3Ge3,277.4,301.0515276522174
Sr0.23La0.77Mn0.7Cu0.3O3,238.0,228.70319960463365
Mn1Cu0.3Ni0.7Sb1,383.0,414.4020345536781
Zn0.2Fe2Cu0.42Ni0.38O4,750.0,675.8836866640418
Zn0.2Fe2Cu0.45Ni0.35O4,750.0,704.3538973987971
Cu0.45Ni0.55,134.0,173.88156675172596
Cu0.475Ni0.525,72.0,151.17407816306306
Cu0.47Ni0.53,60.0,120.41531798952526
Cu0.48Ni0.52,59.5,159.68474137622087
Tb0.503Cu0.497,23.0,81.5948321756312
Er0.51Cu0.49,4.2,17.875289088388442
U1Cu0.49Si1.51,37.0,67.72103674098085
Dy1Zn0.6Cu0.4,58.0,78.7611118619721
Mn0.02Fe1.9Cu0.4Ni0.6O4,560.0,695.0879579212619
Sr0.6La0.4Fe11.6Cu0.4O19,706.55,713.8271604322314
Sr1Fe11.6Cu0.4O19,728.35,716.1141278449719
Li0.05Zn0.5Fe2Cu0.4O4,678.15,465.73791332043925
Li0.15Zn0.3Fe2Cu0.4O4,748.15,615.7443563250944
Li0.1Zn0.4Fe2Cu0.4O4,673.15,541.8684132630904
Li0.25Zn0.1Fe2Cu0.4O4,827.15,702.0376921262157
Li0.2Zn0.2Fe2Cu0.4O4,793.15,679.1672577769896
Li0.3Fe2Cu0.4O4,873.15,730.6903696155936
Mg0.6Fe2Cu0.4O4,700.0,698.3107977405006
Zn0.4Fe2Cu0.4Ni0.2O4,565.0,491.5437045079652
Zn0.2Fe2Cu0.4Ni0.4O4,594.0,709.1538472993813
Zn0.4Fe2Cu0.4Ni0.6O4,629.15,560.0679820895807
Zn0.6Fe2Cu0.4O4,332.0,389.29267379323073
U1Ga1.6Cu0.4,50.0,71.84803761284515
Nd1Mn1.6Cu0.4Ge2,285.0,245.8340062438772
U1Mn1.6Cu0.4Ge2,340.0,272.52333411621356
Ho1In1Cu0.4Ni0.6,14.0,21.739833541786517
La1Mn1.6Cu0.4Si2,255.0,244.75901072820102
Nd1Cu0.4Ni0.6,35.0,29.524913613057322
Cu0.536Ni0.464,10.0,144.27889571209903
Dy0.45Cu0.55,16.0,43.33724376736537
Mn0.25Zn0.2Fe2Cu0.55O4,562.0,616.9110503652026
Zn0.2Fe2Cu0.55Ni0.25O4,750.0,667.82327116894
Cu0.55Ni0.45,10.0,128.8202200765807
Ho0.44Cu0.56,8.0,20.314237097274304
Nd0.44Cu0.56,4.2,22.36352084932865
Gd0.42Cu0.58,77.0,119.1613344136208
U1Cu0.59Si1.41,71.0,59.99516006618529
Dy1Mn1.5Cu0.5Ge2,79.0,189.6817131275254
Dy1Cu0.5Ni4.5,11.6,28.573955700297795
Zr0.4Fe0.5Cu0.5,75.0,449.5031564898245
Zn0.5Ga0.3Fe1.7Cu0.5O4,309.0,394.8734462783629
La1Fe11Cu0.5Si1.5,219.0,237.5143184910363
Sr0.5La0.5Fe11.5Cu0.5O19,702.75,713.4998746992974
Sr1Fe11.5Cu0.5O19,728.15,717.6099355096761
Mn0.2Fe2Cu0.5Ni0.3O4,855.0,687.178654278724
Zn0.2Fe2Cu0.5Ni0.3O4,750.0,697.7584408368664
Fe2Cu0.5Ni0.5O4,811.075,752.2740297277139
Zn0.5Fe2Cu0.5O4,477.03,462.41190942729673
Zn0.3Fe2.2Cu0.5O4,558.0,617.0615094847709
Fe2.5Cu0.5O4,716.7875,702.0303302698696
Gd1Mn1.5Cu0.5Ge2,239.0,209.3142749283646
Gd1Mn0.5Cu0.5O3,20.0,96.10963390181276
Gd1Cu0.5Ni4.5,37.4,44.01384624146582
La1Mn1.5Cu0.5Ge2,237.0,245.15387309095198
Nd1Mn1.5Cu0.5Ge2,237.0,246.66699670721977
Pr1Mn1.5Cu0.5Ge2,238.0,229.57825632937352
Sm1Mn1.5Cu0.5Ge2,228.0,233.2993467643063
Tb1Mn1.5Cu0.5Ge2,222.0,155.69994324519033
La3Nb1Cu0.5Ni1.5O9,110.0,120.19253228276571
Mn3Cu0.5Si0.5N1,367.0,264.9078413780536
Mn40Cu0.5Ni47Sn12.5,315.99,314.3298622821794
Nd1Cu0.5Ni0.5,35.0,31.282094305213697
Cu0.5Ni0.5,49.16666666666666,242.34336928698548
Tb1Cu0.5Ni4.5,23.0,29.512106445450822
Zn0.4Ga0.3Fe1.7Cu0.6O4,333.0,382.2845227794861
Zn0.2Fe2Cu0.6Ni0.2O4,608.0,698.6089960554538
Zn0.4Fe2Cu0.6O4,340.0,527.420407758302
Nd1Mn1.4Cu0.6Ge2,255.0,232.79139057714713
Mn2.4Cu0.6Ge2,316.0,277.9638336558584
La1Mn1.4Cu0.6Si2,230.0,225.49551170244118
Mn0.4Cu0.6,130.0,363.7817519310007
Mn3Cu0.6Si0.4N1,308.0,277.64663686772406
Nd1Cu0.6Ni0.4,35.0,35.30168855195539
Pr1Cu0.6Ni0.4,17.6,25.573323351664055
Pr0.4Cu0.6,4.2,19.363006534335387
Cu0.72Ni0.28,333.0,177.75088051090827
Cu0.73Ni0.27H2Se2O6,31.0,80.68775249047974
Zn0.25Fe2Cu0.75O4,544.5,568.9848644737842
Mn0.225Cu0.775,206.0,173.5451260667932
Gd0.13Mn2.91Cu0.78N1,239.0,200.17639127247318
Zn0.3Ga0.5Fe1.5Cu0.7O4,395.0,475.8228238436226
Zn0.3Ga0.3Fe1.7Cu0.7O4,373.0,432.0380024327624
Mn1Cu0.7Ni0.3Sb1,167.0,333.88305137528937
Mn3Cu0.7Si0.3N1,239.0,253.73298166142297
Nd1Cu0.7Ni0.3,35.0,32.803808453909745
Pr1Cu0.7Ni4.3,2.0,18.46638051957146
U1Cu0.7Si1.3,91.0,59.850385678903066
Gd0.1Mn2.93Cu0.81N1,164.0,219.84725412199535
Gd0.04Mn2.94Cu0.82N1,146.0,209.39945483827043
Fe2Cu0.85Ni0.15O4,770.0,732.0562275666709
Mn0.15Cu0.85O1,90.0,127.79661707962116
Mn1Cu0.85Ni0.15Sb1,160.0,315.933775262238
Mn3Cu0.89N0.96,147.7,210.87554109659234
Zn0.2Ga0.3Fe1.7Cu0.8O4,402.0,466.1734603559571
Mg0.2Fe2Cu0.8O4,960.5,657.6209967274089
Mn0.2Fe2Cu0.8O4,671.0,693.8878216245535
Zn0.2Fe2Cu0.8O4,541.0,644.5981036824651
Nd1Mn1.2Cu0.8Ge2,220.0,198.5004762072921
La1Mn1.2Cu0.8Si2,170.0,197.21322716006938
Mn0.2Cu0.8,26.0,222.34880031264296
Mn0.2Cu0.8O1,90.0,143.69647702061704
Mn3Cu0.8Si0.2N1,160.0,224.1605171104506
U1Cu0.8Si1.2,65.0,71.990857427974
Fe2Cu0.91Mo0.09O4,653.0,676.2626585227586
Cu0.92Ni0.08O1,330.0,290.1466127869624
Mn0.07Cu0.93O1,90.0,148.131752585935
Fe2Cu0.95Ni0.05O4,770.0,714.3921887880103
U1Cu0.95Ge1,75.5,67.15052339636458
Mn0.05Cu0.95,5.9,106.31405724869165
Mn0.05Cu0.95O1,90.0,192.99816508331827
Cu0.95Ni0.05O1,330.0,300.6863348652836
Cu0.97Ni0.03O1,330.0,301.51043152223093
U1Cu0.98Ge1,75.5,68.92487621721193
La2Fe0.1Cu0.9Ir1O6,57.0,146.71027227000104
Zn0.1Ga0.3Fe1.7Cu0.9O4,433.0,501.5423619127123
Zn0.3Fe1.8Cu0.9O4,573.0,532.408919399742
Fe2Cu0.9Ni0.1O4,770.0,721.6882622294016
U1Cu0.9Ge1,75.5,69.80133026374891
Mn0.1Cu0.9,15.0,106.24475530369548
Mn0.1Cu0.9O1,90.0,137.2275160766638
Mn1Cu0.9Ni1.1Sb1,670.0,550.3570313853762
Mn3Cu0.9Ni0.1N1,150.0,181.19495392050374
Mn3Cu0.9Si0.1N1,153.0,195.55932442561192
Pr1Cu0.9Ni0.1,6.0,29.49073497132098
U1Cu0.9Sb2,113.0,58.29649681032723
Fe1.9Cu1.05Ge0.05O4,719.0,672.3924037143148
DyCuNi4,17.6,23.88778421413753
DyCuSi,10.0,26.83973747985727
Dy2CuSi3,9.6,32.47468484537578
Dy5CuPb3,45.0,66.43896235266259
GdHoErCuNi,41.0,80.87178078592498
EuCuP,32.0,46.06001462193747
EuScCuS3,6.4,67.61018322186743
Eu2CuSi3,34.0,46.284226183046385
K2CuF4,7.85,102.58612917441916
GaFeCuNi,395.0,426.3990863119097
GaFeCuO4,361.0,422.0114143732983
FeCuNiO4,840.0,553.5349622771286
FeCuO4,728.0,506.0816945170292
FeCuPd6,250.0,216.67370417327734
Ga0.2Fe1.8Cu1O4,680.0,601.1336186645341
Mn0.02Fe1.9Cu1Ni1O4,565.0,688.6047607188899
La1Fe11.3Cu1Si1.7H1,333.3,366.6114222366075
Nd6Fe13CuH20,469.0,437.28968889288865
Nd6Fe13Cu,464.075,462.6205895912455
Fe2CuNiO5,728.0,634.4222126919392
Fe2CuO4,709.62,704.9528492506131
Fe2CuO4,538.5,704.9528492506131
Li0.5Fe4.5Cu1O8,818.0,774.9411757163822
Fe49.7Cu1Pt49.3,681.85,676.4963800792194
Fe5CuO8,624.0,730.7390992226133
Nd34Fe65Cu,533.15,548.4027158496268
Nb3Fe81CuSi2P13,450.0,602.9478333458536
Nd8Ti8Fe83Cu,688.15,486.6707199490081
Mn0.25Ga0.75Cu1Se2,120.0,146.51373027161927
Mn0.25Ga0.75Cu1Te2,240.0,230.2997595212162
Mn0.15Ga0.85Cu1Se2,115.0,132.80767478930267
Mn0.2Ga0.8Cu1Se2,120.0,139.5257967674602
Mn0.05Ga0.95Cu1Se2,20.0,152.7937310239267
Mn0.1Ga0.9Cu1Se2,80.0,128.9976084011219
MnGaCuNi,392.0,398.7375225635473
GaCuN,400.0,238.83649575831566
Mn31Ga19CuNi49,360.0,348.50915369208167
PrGa3Cu,4.6,17.84990649531666
GdCuH,30.0,58.06429031956362
GdCuNi4,37.5,40.04399159765633
GdCuSi,49.0,78.67404887713457
YbCuGe,8.0,24.93391506057729
NdMnCuGe2,175.0,168.61085484202596
Mn2CuGe2,612.0,281.0391214454227
HoCuNi4,4.5,24.28787475068483
Ho2CuSi3,6.3,21.57288855917601
MnInCuNi,340.0,405.8144450020371
LaMnCuSi2,95.0,192.25840148107852
La2MnCuO6,125.84999999999998,174.8589529054052
LiTaCuO3,883.15,266.1810779790823
Mg0.5Mn1.5Cu1O4,57.0,148.66786893235644
Ti0.01Mn1Cu1Ni97.94Mo0.05,608.15,589.7179259114964
MnCuNiSb,698.6666666666666,458.17433282384746
MnCuNiSn,366.0,462.2795347697513
MnCuO,80.0,243.09339094266193
MnCuRhO4,35.0,175.80024489711113
Pr2MnCuO6,35.0,138.84821022981546
Sm2MnCuO6,21.0,100.84364090155667
Mn1.5Cu1Ni0.5O4,150.0,199.19409512815957
Mn2CuO4,25.0,228.2552396708734
Mn3Cu1N0.78,390.0,207.0982572008488
Mn3Cu1N0.97,143.0,189.97405896658452
Mn3CuN,168.0,210.66921659432887
Mn37CuNi49Sn13,305.5,317.3506456852226
NdCuSiNi3,5.6,42.46224777751536
NdCuNi4,11.0,23.35155331698073
CuNi,177.0,106.52247898646301
SmCuSiNi3,12.0,36.24997360395007
TbCuSiNi3,13.0,34.81693045806123
PrCuNi4,2.6,19.296852494861085
SmCuNi4,34.5,28.569373261074904
CuNi5,339.0,407.24549951887565
CuNi6,422.0,416.6483767319058
CuO,256.5,257.66601800757434
ZnCuO,300.0,341.3753189313179
CuSeO3,25.0,112.34604492662878
Cu(RhO2)2,831.5,185.34168445246405
Sr3CuSb2O9,30.0,123.66541321816179
PrCuSi,14.0,21.10206916294593
ZnCuS,300.0,234.5786311471265
CuS2,23.0,157.67142938149664
CuSe2,31.0,109.30756484853592
TbCuSi,47.0,51.3831964791918
TmCuSi,7.4,12.539272101943716
TbCu,80.0,60.53039543529113
Fe1.8Cu1.1Ge0.1O4,698.5,668.5688102771153
Ti0.1Fe1.8Cu1.1O4,688.0,644.7788447165738
Mn1Cu1.1Ni0.9Sb1,705.0,445.98692712187665
Pr1Cu1.1Ni3.9,3.4333333333333336,18.210348978966778
Fe1.6Cu1.2Ge0.2O4,700.0,616.5463246698317
Fe1.4Cu1.3Ge0.3O4,700.0,542.2725798989486
Fe47.7Cu1.3Pt51,644.45,670.6590491437636
Fe1.2Cu1.4Ge0.4O4,543.0,610.9791773021217
Ti0.4Fe1.2Cu1.4O4,608.0,512.3600132475525
Mn28Ga20.5Cu1.5Ni50,346.0,353.8049597087576
Gd1Cu1.5Ni3.5,36.8,48.32072973642414
Mn1.5Cu1.5O4,80.0,140.26859523471708
Fe1.35Cu1.65O3.35F0.65,603.0,549.2797177898988
Gd1Cu1.6Ni0.4,95.0,90.82480866271504
Mn23.3Ga25.6Cu1.7Ni49.4,352.0,350.0628369877737
Mn34.3In15.2Cu1.7Ni50,293.0,321.4096850872852
Eu1Cu1.8P2,44.0,31.042169555728947
Fe43Cu10Pt47,593.15,624.1292597561527
Fe47Cu12.7Pt40.3,750.0,654.4819301804262
Cu19Ni81,450.0,396.673043928074
DyCu2,31.5,34.959612118247776
Sr2DyCu2RuO8,170.0,151.2801883611228
Dy2InCu2,49.25,36.97228597151989
Dy2Cu2O5,10.3,56.47161755341493
ErCu2,11.5,17.24466662686715
Sr2Er1Cu2Ru0.9O7.8,170.0,148.8559800311408
Sr2ErCu2RuO8,156.5,159.51064843916643
Sr2EuCu2RuO8,134.6,149.7104202760305
FeCu2O3F,658.0,451.8190927846495
FeCu2GeSe4,8.0,177.26310089679328
SrFe6CuO11,579.0,692.6656080133168
Fe34CuPd15,568.0,658.0182456365786
Fe69.5Cu2Pd28.5,554.0,622.4258733551524
Sm6V6Fe37Cu,635.15,564.8187952824268
Mn31Ga19(CuNi24)2,363.0,348.63971238216965
Mn25Ga20Cu2Ni53,271.0,345.7783441412414
Mn27.8Ga20.9Cu2Ni49.3,363.0,354.2621292390842
GdCu2H,45.0,65.53028685001357
GdTmInCu2,90.0,72.15230489317237
GdCu2Ni3,33.1,51.347119100308845
Sr2GdCu2RuO8,137.875,157.01964414903773
Gd2InCu2,86.0,101.42550674318862
Cu2H2O5,7.0,113.0609195847976
Ho1Cu2H3.04,10.0,43.624087223469694
HoCu2,10.0,22.013217875977933
Sr2HoCu2RuO8,153.0,158.89478694457569
Ho2InCu2,26.7,20.951195106708493
Ho2Cu2O5,13.5,38.056226494120054
Ho2Cu2Si3,6.3,16.13744309604094
MnInCu2,510.0,431.03530452356125
Tb2InCu2,81.0,65.01777369959348
Tm2InCu2,31.75,15.063632061445448
Mn32.7In15.9Cu2Ni50,290.0,325.28129844745746
Mn1Cu2Ni96.5Mo0.5,569.15,560.7843420662296
MnCu2Sn,529.0,430.25593083375736
Y2Cu2Ni15,470.0,356.37115743667744
CuNi,472.0,107.14765291533875
CuNi49,600.0,602.5514190524791
Np(CuSi)2,41.0,84.6175170663219
Cu2O,300.0,237.86284084883752
Cu2SeO4,60.0,199.13012830657428
V2Cu2O7,35.0,148.99548085897743
Sr2Y1Cu2Ru0.9O7.8,150.0,154.40879493950786
Sr2Y1Cu2Ru0.9O7.9,150.0,164.1489156206257
Sr2SmCu2RuO8,146.0,162.95251908199924
Sr2YCu2RuO8,147.5,156.50322839228502
U(CuSi)2,100.0,53.91355195169368
Mn31.5In16Cu2.5Ni50,288.0,333.3032253003753
Y2Cu2.5Ni14.5,465.0,332.04087169604645
Fe56.7Cu2.6Pt40.7,670.85,656.6977415407723
Fe50.3Cu2.7Pt47,680.25,676.1269463965945
Mn25.5Ga24.5Cu2.7Ni47.3,357.0,352.25368864777244
Fe47.2Cu2.9Pt49.9,635.05,665.7559488495851
CuNi4,460.15,385.44297567198254
Fe3Cu,250.0,714.8754536273348
CuNi3,380.075,342.5454598034547
Fe35.5Cu26.6Pt37.9,750.0,654.8429453122448
Cu27Ni73,326.15,324.0300162781227
Cu27.5Ni72.5,318.15,327.76666627106886
EuCu3Pd2,14.5,23.191330696683657
Fe5.94Cu3Mo1.06O12,653.0,606.3906810683828
Fe50Cu3Pt47,673.15,673.3239139226216
Nd8Ti8(Fe27Cu)3,553.15,550.3013492109484
Mn31Ga19Cu3Ni47,366.0,351.2930962579115
GdCu3Ni2,29.7,46.89146276181941
TiMn2Cu3Ni94,571.15,478.0345695324027
TbMn4(CuO4)3,395.0,209.0338482760353
ThMn4(CuO4)3,370.0,241.06583280157756
Cu3Ni2,28.0,264.5507222077237
U3Cu3Sb4,91.0,65.14178895379099
Mn27.3Ga22.8Cu3.1Ni46.8,360.0,353.24391538623183
Mn21.12Ga24.66Cu3.61Ni50,323.2,344.1000121876711
Mn31.2In17.1Cu3.8Ni47.8,297.4,342.53881928146933
Mn27.6Ga18.9Cu3.9Ni49.6,390.0,345.90208367527566
Cu3Ni7,323.575,315.1845315942941
Gd17Cu8,140.0,156.55248216730138
Fe34.7Cu32.5Pt32.8,750.0,611.7747371713649
Cu32.5Ni67.5,337.15,287.3695758586825
CuNi2,350.0,291.9164164268648
Cu33Ni67,240.0,325.87925322964736
Cu37.5Ni62.5,327.15,266.94151106572554
EuCu4Pd,24.5,21.906995048037164
Nd31Ga10Fe7Cu2,423.15,362.68783169495646
Mn25Ga20Cu4Ni51,262.0,350.7593256392529
GdMnCu4,65.5,148.8834047406935
GdCu4Ni,36.1,56.79089546286403
GdCu4Pd,110.0,34.83356178183103
Gd3(CuGe)4,8.6,71.6221294090617
Yb3(CuGe)4,7.65,30.90388837252246
MnInCu4,540.0,247.80222324400768
Yb0.8Y0.2In1Cu4,1.7,103.13073934981597
YbInCu4,2.4,55.96417140005593
Mn37Cu4Ni46Sn13,314.0,314.51374919263253
NdCu4Pd,12.0,18.105210792664963
PrCu4Ni,2.7,47.03314401340291
Y2Cu4Ni13,180.0,356.11312832711576
PrCu4Pd,5.0,16.080907578334187
SmCu4Pd,28.0,22.31270268905943
Mn25.6Ga21.5Cu4.5Ni48.4,310.0,351.6131039550638
Fe50.5Cu4.7Pt44.8,658.95,676.8731772039139
Fe52.2Cu4.8Pt43,669.75,675.8887588634431
Cu2Ni3,324.15,265.10180066973334
Cu41Ni59,150.0,292.2590940842842
Eu2(CuNi)5,59.6,49.806354869141536
Fe47.5Cu5Pt47.5,753.15,659.3183416587195
Mn5Ga4CuNi10,340.0,343.30229530495717
Mn4Ga5CuNi10,310.0,334.08942697006574
Mn5Ga5CuNi9,395.0,350.08521093714626
GdCu5,31.3,54.83232518732031
Mn7In3CuNi9,300.0,329.2872557667537
CuNi19,560.0,556.3193350558491
PrCu5,2.5,47.97144002224132
UCu5Sn,53.0,76.87447602821331
Fe44.8Cu5.2Pt50,576.75,635.6461104308008
FeCu2Ni,744.15,508.2200508650336
FeCu,1030.15,578.3610135629826
CuNi,477.075,130.25151195619068
Mn19.6Ga24.66Cu6.07Ni50,295.1,334.33290868520805
Eu2Cu6P5,36.0,28.300861368877733
Fe47Cu6Pt47,643.15,690.2724546448279
Mn25Ga20Cu6Ni49,316.0,344.3236325199581
Mn21Cu3Ni21Sn5,220.0,315.1180480367149
PrCu6,2.18,80.16345480798452
Mn19.1Ga24.58Cu6.43Ni50,292.9,333.1787629110634
Mn18.7Ga25.2Cu6.4Ni49.7,325.0,327.1617135877075
Mn18.5Ga25Cu6.5Ni50,292.9,329.1023877766463
FeCu3Ni,625.0,525.0671139919901
Fe7Cu13,360.0,453.11111456189775
Fe33Cu67,312.0,428.80234153008354
Fe8Cu17,298.0,425.25782971426344
Mn17.87Ga24.26Cu7.05Ni50,312.0,331.87539065609536
Cu7Ni93,547.5,501.4464097079801
TbCu7,483.15,39.26157848859616
Fe3Cu7,326.0,407.2369111615842
FeCu3,220.0,418.4188123546498
EuMg2Cu9,25.0,57.886446352230976
NdCu9Sn4,15.0,35.32918489682703
PrCu9Sn4,11.15,30.358223353481076
Dy0.01Mn0.3Zn0.4Fe1.99Ni0.3O4,535.15,540.4341635304472
Sr0.3La0.69Dy0.01Mn1O3,315.0,298.09508997984085
Dy0.02Zn0.98S1,300.0,389.65479758777917
Dy0.03Zn0.5Fe1.98Ni0.5O4,508.457,549.038643811698
Sr0.3La0.67Dy0.03Mn1O3,264.0,299.21562852105495
Dy0.04Zn0.96S1,300.0,304.46041774351914
La0.95Dy0.05Mn1O3,235.0,207.7666018954999
Sr1.7La1.25Dy0.05Mn2O7,200.0,182.78711104564127
Pr0.9375Dy0.0625Fe9,306.0,337.38900519751104
La0.63Dy0.07Mn1Pb0.3O3,322.0,262.35725131992234
La0.72Dy0.08Mn1Pb0.2O3,249.0,236.6258898785784
La0.81Dy0.09Mn1Pb0.1O3,172.0,213.80995521878256
GdNi2,85.0,100.65672835150143
Pr1.875Dy0.125Fe17,293.0,318.04684362141387
Pr0.875Dy0.125Fe9,315.0,342.8324489170469
La0.52Dy0.15Mn1Pb0.33O3,290.5,247.66898930281312
Gd0.834Dy0.166,269.0,270.93388777683293
Pr0.8125Dy0.1875Fe9,339.0,342.9828612965374
Tb0.1Gd0.9Dy0.1Ho0.1Er0.1,279.0,256.8152324357992
Dy0.1Er0.9,31.0,103.77016636314227
Nd0.9Dy0.1Ti1Fe11N1.2,700.0,717.0256165232063
Sr0.3Nd0.6Dy0.1Mn0.98Ga0.02O3,230.0,164.74933496962086
Sr0.3Nd0.6Dy0.1Mn0.8Ga0.2O3,65.0,167.90161906325898
Gd0.87Dy0.1V0.03,280.66,272.350426089541
Gd0.9Dy0.1,285.0,272.5125428412445
Gd0.9Dy0.1Si4,318.0,207.70610636483815
La0.57Dy0.1Mn1Pb0.33O3,317.0,259.87404779896536
Sr1.7La1.2Dy0.1Mn2O7,170.0,193.06547840399278
Sr0.3Nd0.6Dy0.1Mn1O3,230.0,161.98729624032865
Sr0.4Pr0.5Dy0.1Mn1O3,248.0,200.7263495697357
Yb13.75Dy0.21Mn1.02Sb10.99,48.0,46.20306385466982
Pr1.75Dy0.25Fe17,305.0,319.508449420424
Pr0.75Dy0.25Fe9,341.0,352.74942956716797
Sr0.2Pr0.55Dy0.25Mn1O3,93.0,131.71649045410058
Tb0.75Dy0.25Ni2,32.599999999999994,45.445973307696185
Tb0.2Gd0.2Dy0.2Ho0.2Er0.2Ni1,66.0,65.96477804647176
Tb0.2Gd0.2Dy0.2Ho0.2Er0.2Ni2,32.0,49.079816406846646
Tb0.2Gd0.8Dy0.2Ho0.2Er0.2,268.0,222.00357247183
Pr0.8Dy0.2Fe1.9,540.15,565.3750076778508
Dy0.2Y0.8Fe11Mo1,473.0,477.34041952240085
Nd0.8Dy0.2Ti1Fe11N1.2,700.0,713.1699821012237
Gd0.77Dy0.2V0.03,269.48,263.08593142383677
Gd0.8Dy0.2Mn6Sn6,447.0,430.8040612620886
Gd0.8Dy0.2Ni2,75.0,72.61993044637231
Gd0.8Dy0.2Ni5,37.25,37.2082536717308
Nd0.8Dy0.2Mn2Ge2,340.0,329.3404503772782
La0.47Dy0.2Mn1Pb0.33O3,277.0,231.85164690420103
Sr0.3La0.5Dy0.2Mn1O3,217.8,225.71075519017938
Sr0.2Pr0.6Dy0.2Mn1O3,107.0,135.18247695341555
Pr0.8Dy0.2Ni2,22.1,25.122572945190445
Dy0.2Sc0.8Ni2,4.5,90.16484901307872
Dy0.33Fe0.67,509.0,600.4704318245617
Nd0.3Gd0.35Dy0.35,165.0,183.52043221321185
Pr1.625Dy0.375Fe17,311.0,322.4456195107862
Nd0.7Dy0.3Ti1Fe11N1.2,700.0,706.3212976667804
Gd0.67Dy0.3V0.03,257.84,253.46774522261984
Gd0.7Dy0.3Si4,280.0,217.70551581850907
Nd0.7Dy0.3Mn2Ge2,340.0,333.6354101601474
Sr0.3La0.4Dy0.3Mn1O3,180.0,201.98663698028906
Dy0.3Sc0.7Ni2,5.0,47.67021719119806
Gd0.586Dy0.414,234.0,242.33495391454
Nd0.1Gd0.45Dy0.45,211.0,213.22112808402386
Yb13.51Dy0.48Mn1.02Sb10.96,44.0,46.84836433837658
Tb0.29Pr0.213Dy0.497Fe1.97,616.0,622.1932113444329
Tb0.21Pr0.3Dy0.49Fe1.55,618.0,617.2914337160415
Tb0.4Gd0.6Dy0.4Ho0.4Er0.4,244.0,195.43466652026433
Pr0.6Dy0.4Fe1.9,556.15,584.1413784121237
Dy0.4Y0.6Fe11Mo1,475.0,481.8277540902227
Nd0.6Dy0.4Ti1Fe11N1.2,700.0,714.6842371275245
Nd0.2Gd0.4Dy0.4,188.0,195.25859121622565
Nd0.6Dy0.4Mn2Ge2,340.0,333.3672709480493
Dy0.4Sc0.6Ni2,6.1,20.942648601918908
Tb0.225Pr0.25Dy0.525Fe1.55,618.0,618.0301357403406
Tb0.3Pr0.15Dy0.55Fe1.85,654.0,621.3868704987676
Tb0.216Pr0.2Dy0.584Fe1.95,632.0,621.6084991406735
Gd0.42Dy0.58,202.5,210.1212219769025
Dy0.5Er0.5,140.0,59.27345925410572
Nd0.5Dy0.5Ti1Fe11,573.07,550.0083203908957
Pr1.5Dy0.5Fe17,314.0,338.533080517842
Dy0.5Y0.5Fe2,590.0,588.6489359964661
Nd2.5Dy0.5Ti0.5Fe28.5,437.0,422.32335643228345
Gd0.5Dy0.5,230.5,220.8239439463276
Gd0.5Dy0.5N1,40.0,70.10708193365127
Gd0.5Dy0.5Si4,242.0,194.57522902026693
Gd4.5Dy0.5Si2Ge2,210.0,220.76206175423832
Nd0.5Dy0.5Mn2Ge2,340.0,331.2737469311845
Dy0.5Y0.5Mn1O3,4.0,126.56345165073809
Dy0.5Sc0.5Ni2,10.2,22.25091728957892
Tb0.5Dy0.5Ni2,28.6,35.62346026042499
Gd0.39Dy0.61,193.0,202.48444227251127
Tb0.29Pr0.071Dy0.639Fe1.97,620.0,622.3055686415906
Sm0.37Gd2Dy0.63Fe5O12,230.0,395.91029664983876
Tb0.36Dy0.64Mn0.4Fe1.6,531.45,531.8817713889484
Tb0.36Dy0.64Mn0.3Fe1.7,570.85,549.9658442105962
Tb0.36Dy0.64Mn0.2Fe1.8,592.35,578.1788889376219
Tb0.36Dy0.64Fe2,661.95,589.0415073632723
Tb0.3Dy0.67Ho0.03Fe2,658.0,606.5246140843348
Nd0.6Gd0.6Dy0.6Y0.6Er0.6Fe5O12,565.0,527.4936923304253
Tb0.6Gd0.4Dy0.6Ho0.6Er0.6,221.0,163.8645321081324
Tb0.3Pr0.1Dy0.6Mn0.15Fe1.85,570.0,590.3025132500849
Tb0.3Pr0.1Dy0.6Mn0.2Fe1.8,553.0,584.7783929628138
Tb0.3Pr0.1Dy0.6Mn0.05Fe1.95,627.0,599.3224574706346
Tb0.3Pr0.1Dy0.6Mn0.1Fe1.9,596.0,597.8826320021237
Pr0.4Dy0.6Fe1.9,585.15,596.2543864660922
Dy0.6Y0.4Fe11Mo1,479.0,487.5741994183985
Tb0.3Pr0.1Dy0.6Fe2,651.0,615.8019837828489
Nd2.4Dy0.6Ti1Fe27.5Mo0.5,415.0,436.78755840140684
Nd2.4Dy0.6Fe27.5Mo1.5,404.0,421.4366946445077
Pr0.6Nd0.6Gd0.6Dy0.6Y0.6Fe5O12,565.0,512.94691351843
Nd0.6Sm0.6Gd0.6Dy0.6Y0.6Fe5O12,565.0,517.8831172371049
Gd0.4Dy0.6Ni2,52.5,52.64816547485416
Gd0.4Dy0.6Ni5,31.5,35.27088601167052
Nd0.4Dy0.6Mn2Ge2,340.0,319.0524970275773
Dy0.6Sc0.4Ni2,13.2,21.440161033480518
Gd0.287Dy0.713,165.0,181.88507626125212
Tb0.29Pr0.71Dy0.71Fe1.97,630.0,586.5297361387321
Tb0.27Dy0.73Mn1Fe1,275.0,306.8368620629908
Tb0.27Dy0.73Mn0.5Fe1.5,494.0,466.26864677362073
Tb0.27Dy0.73Mn0.25Fe1.75,560.0,563.8560479618176
Tb0.27Dy0.73Fe1.95,644.0,607.4140945991464
Tb0.27Dy0.73Fe1.95,653.15,607.4140945991464
Tb0.27Dy0.73Fe2,665.0,588.7274605513664
Dy0.75Ho0.25,50.0,72.89434514059961
Tb0.25Dy0.75Ni2,24.15,33.67341509423679
Tb0.3Dy0.7Fe1.95,655.65,604.1274253133676
Tb0.3Dy0.7Fe2,461.4833333333333,626.9790939542909
Nd2.3Dy0.7Ti29Fe29,437.0,437.0926043452312
Gd0.3Dy0.7Si4,198.0,168.83557286784097
Dy0.7Sc0.3Ni2,16.3,24.30009643759798
Dy0.7Y0.3,135.0,128.29519611995852
Dy0.85Th0.15,119.0,107.689900842837
Gd0.125Dy0.875,120.0,144.21284996095613
Dy0.8Er0.2,40.0,81.17169375093457
Pr0.2Dy0.8Fe1.9,606.15,600.1426948363522
Dy0.8Y0.2Fe11Mo1,485.0,495.9994101080109
Dy0.8Y0.2Fe2,618.0,608.8254450754819
Gd0.2Dy0.8Ni2,42.0,43.228550611309856
Gd0.2Dy0.8Ni5,26.0,34.93856731279546
Pr0.2Dy0.8Ni2,26.4,27.795218970955595
Dy0.8Sc0.2Ni2,17.5,27.963573676713988
Dy0.95Y0.05,78.0,88.84022885307485
Dy0.965Y0.035,71.0,89.58858932225817
Dy0.98Y0.02,79.0,88.08168672284826
Dy0.9Er0.1,65.0,79.22742028178446
Nd2.1Dy0.9Ti1.3Fe27.5Mo0.2,439.0,451.8667774782516
Nd2.1Dy0.9Ti0.9Fe27.5Mo0.6,436.0,427.179215459345
Nd2.1Dy0.9Ti0.5Fe27.5Mo1,431.0,433.6823776256929
Nd2.1Dy0.9Ti0.1Fe27.5Mo1.4,429.0,429.5953453580813
Gd0.1Dy0.9Si4,160.0,136.0090864480804
Dy0.9Ho0.1,80.0,73.71316531739865
Dy0.9Sc0.1Ni2,19.6,30.855125993968056
Dy,85.0,88.39143507844226
Dy1Fe0.8Ni0.2O2.8F0.2,630.0,611.6207356214609
DyOF,4.0,45.928601337034706
Dy1Mn1.6Fe0.4,158.0,161.45351598081626
Dy1Mn1.4Fe0.6,197.0,208.74975257710403
DyMnFe,344.0,306.7353350387938
DyMnFeO5,178.0,361.380933579112
DyFeSi2Ni9,30.0,275.28353397103643
DyFeSi,79.5,104.47416279912028
Dy1Mn0.8Fe1.2,356.25,344.33250290627836
Dy1Mn0.6Fe1.4,457.0,397.17050761983216
Dy1Mn0.4Fe1.6,514.0,500.0986910808515
Dy1Mn0.2Fe1.8,576.0,559.7920233552607
Dy1Fe1.9,636.15,593.7997254200909
Dy(Fe5Mo)2,369.0,399.9196012552534
Dy(Fe5Si)2,568.0,569.1374306495859
Dy(VFe5)2,540.0,536.0040624496792
Dy1Fe10.25Mo1.75,423.0,441.62940297149567
Dy1Fe10.5Mo1.5,434.5,459.75915988041976
Dy1V1.5Fe10.5N1,820.0,668.4937485951145
Dy1V1.5Fe10.5,590.0,531.4269823035239
Dy1Fe10.75Mo1.25,474.0,479.7166569032628
DyTiFe11H,591.0,581.7882075701989
DyFe11Mo,482.4,486.96127167559814
DyTiFe11,513.4,529.6546748550791
Dy1Ta0.65Fe11.35,538.8,524.0233571335676
Dy1Ta0.7Fe11.3,540.3,523.4327053206114
Dy1Fe11.3W0.7,533.0,516.979920699691
Dy1Ho1Ta0.6Fe11.4,583.0,524.2876627888854
Dy1Ta0.6Fe11.4,539.5,525.5038402361585
Dy1Ta0.5Fe11.5H1,597.0,565.1990540893344
Dy1Ta0.5Fe11.5,543.5,529.2641514959867
DyFe2,637.7916666666666,591.107558010622
Dy1Fe2H3.5,300.0,342.96885304414093
Dy(Zn10Fe)2,50.0,155.28866499656368
Nd2Dy(TiFe)29,438.0,436.91319150446236
DyFe3,615.1666666666666,571.1036130032669
DyFe4(SiNi3)2,218.0,534.8420530317726
Dy(FeP3)4,7.0,32.732218058550636
Dy(GaFe)6,500.0,411.5199631488718
Dy(FeGe)6,7.5,91.5016297076452
DyFe6(SiNi2)2,541.0,561.8560592023923
Dy(FeSn)6,14.0,182.83394414689872
DyFe7Si2Ni3,578.0,575.6166344010994
DyFe8(SiNi)2,590.0,580.236118892685
Dy1Fe8.5Ge3.5,870.0,780.5412101998435
Dy(Fe3Mo)3,156.0,304.91058831407213
DyFe9Si2Ni,584.0,586.5502239379553
Dy1Fe9.25Mo2.75,236.0,306.93164389633245
Dy1Fe9.5Mo2.5,311.0,355.74193687042026
Dy1Fe9.75Mo2.25,350.0,383.3915501029722
Dy1Mn6Ga0.4Ge5.6,417.0,368.2624187953238
Dy1Mn6Ga0.6Ge5.4,418.0,395.3875951501247
Dy1Mn6Ga0.8Ge5.2,411.0,392.70095414136824
DyGa,115.0,93.8428326875349
DyMnGa,40.0,141.90825357761523
DyGaN,525.0,80.50240814629714
DyGaPd,20.0,29.199750785925282
DyGa2Ni,31.2,24.28509507684038
DyNi2,30.0,40.16410699271844
Gd4Dy(SiGe)2,65.0,230.1494221661988
DyGeRu,26.0,32.19969277429841
DyTiGe,165.0,131.51236840444997
Dy(MnGe)2,43.5,82.67381190030379
DyMn6(Sn2Ge)2,411.0,374.5212345623235
DyMn2H,4.2,76.03663723078758
Dy(HO)3,3.5,30.364993972632735
DyInNi,30.0,34.114527067804325
DyInPd,36.0,28.151878902092218
DyInPt,37.1,27.86785376487964
DyIr2,23.0,26.365497078721667
DyMnNi2,94.0,176.2703345758295
DyMn2,38.5,100.52446583406756
Dy(MnSi)2,48.225,48.02837936241761
DyMn5,430.0,432.3333525524998
Dy(MnSn)6,400.0,362.0539406949462
DyN,30.085714285714285,55.4219380212257
DyNi,54.6,57.04638280695612
DySiNi,8.8,31.186836194104643
DyNi2,24.300000000000004,40.16410699271844
DyNi3,69.0,59.750932747304056
DySiNi4,18.2,18.14776122535207
DyNi5,14.0,33.19016076724352
DyTiO3,64.0,55.61384674653106
DyOs2,15.0,34.80101694613423
Dy(P3Os)4,2.0,40.2609876505909
DyP,4.5,48.96451690709541
DyPt2,9.1,23.593183120266193
Dy(SiPt)2,3.5,15.96854338480087
DyRh,3.8,44.188011343407055
DySiRh,25.0,27.756258277001812
DyRh2,26.0,27.185191182893043
Dy(SiRu)2,29.0,23.49961690685454
DyZrSb,45.0,53.3334603286498
DyZn,139.4,65.02141496119155
Nd1.8Dy1.2Ti1Fe27.5Mo0.5,417.0,433.50041637362744
Nd1.8Dy1.2Fe27.5Mo1.5,403.0,426.2331031311915
Nd1.5Dy1.5Ti29Fe29,439.0,434.8384037678355
Sm0.9Dy1.5Y0.6Ga0.9Fe4.1O12,330.0,389.73243951899093
Nd1.2Dy1.8Ti1Fe27.5Mo0.5,414.0,442.87381636089214
Nd1.2Dy1.8Fe27.5Mo1.5,408.0,428.50624505018015
Sm1.1Dy1.9Ga0.8Fe4.2O12,350.0,389.08184804502326
Dy11(InGe4)2,76.0,92.68653857178265
Dy11In9Ni4,89.5,64.15453052563554
EuDy2O4,4.175,51.30879272728034
Dy2Ga7Fe10,405.0,388.55851686170456
Dy2Ga6Fe11,395.0,440.77034795447025
Dy2Ga5Fe12,470.0,478.04604865930906
Dy2Ga3Fe14,557.0,532.7055704915444
Dy2Fe14Si3,500.0,523.8465638041251
Dy2Fe17,369.8333333333333,371.6313172571545
Dy2Fe17H,429.0,481.6462441574106
Dy2Fe17H2,477.0,512.8727545124109
Dy2Fe17H3,517.0,524.0615857704017
Dy2Fe17H3.8,518.0,529.1260072446917
Dy2Fe17N2.5,720.0,717.5555407475288
Dy2Fe17N2.8,725.0,721.235130592021
NdDy2(TiFe)29,437.0,443.34776564369326
Dy2Ga8Fe9,415.0,406.8487216253417
Dy2Ga2.5Ni1.5,16.1,41.70166567685192
Dy2Ge2Ru,61.8,40.56037473443399
Dy2In,125.0,113.55043990550254
Dy2MnNiO6,101.0,100.39436537400745
Dy2Mn2O7,39.0,47.70894454452429
Dy2Mn3Si5,76.0,79.30948602616955
Dy2Ni17,386.0,366.08200431268773
Dy2Ni2Pb,15.0,36.825428586951844
Dy2Si0.5Ni2.5,42.0,41.3574248440897
Dy2Si0.4Ni2.6,46.0,41.5223953527934
Dy2Ni7,81.0,68.92745215122027
Dy2.4Ho0.6Fe5O12,545.0,527.1348642805334
Nd0.5Dy2.5Ti29Fe29,437.0,449.29685793303076
Tb7.6Dy21.2Fe71.2,515.0,559.5100066950945
Dy11Fe39,343.0,506.71760685381753
Tb9.5Dy24Fe66.5,515.0,582.4009947031174
Tb9Dy24Fe67,620.0,543.620019222797
Tb11.8Dy24.9Fe63.3,620.0,547.8299718971141
Tb9.9Dy26.5Fe63.6,510.0,574.8509728732604
Tb9.9Dy26.5Zr2Fe63.6,510.0,571.3424309820606
Tb3Dy7Fe15,588.15,541.9437514489031
Dy3V1.3Fe27.7,449.0,440.35752892608167
Dy3V1.1Fe27.9,437.0,453.5178832279512
Dy3Fe29Mo,408.0,445.6285246420057
Dy3Ga0.25Fe4.75O12,520.0,472.14807821770034
Dy3Fe5O12,556.8,540.6041903244562
Dy3In,133.66666666666666,104.58066922915843
Dy3Ni2,50.5,106.43922503563327
Dy3SiNi8,21.0,26.114046774041057
Dy3Si11Pt23,15.99,17.305104623395795
Gd2Dy4Mn0.25Fe0.75Sb2,268.0,237.81108270710598
Tb2Dy4Mn0.25Fe0.75Sb2,238.0,208.29227156305595
Dy(Y2Fe)2,600.0,332.70227968103654
Dy5.07Pd1.93,25.0,81.15246604027678
Dy5In3,119.0,101.56605598381071
Dy5(In2Pd)2,88.0,53.29078607106889
Dy5Pt3,9.5,54.691397510501595
Dy5Sb3,97.0,97.63397745000981
Dy5Si3,120.0,115.32792532693368
Dy5Si4,140.0,91.01158797160805
Dy6FeSb2,143.4,148.74241647412688
Dy6FeTe2,135.0,139.93143044514105
Dy3Fe5O12,551.4,540.387316170485
Dy6Fe23,517.8333333333334,507.0638231574587
Dy6(MnH)23,4.2,164.09670921525245
Dy6Mn23,443.8,421.5709424787974
Dy6Te2Ru,64.0,93.91674459712664
Dy13Fe7,45.0,279.4409818921881
Dy7Rh3,30.5,73.2920190558685
La0.95Er0.05Mn1O3,230.0,211.24350149360345
Pr0.183Er0.15Mn0.667,422.0,391.1224650601672
La0.9Er0.1Fe11.44Si1.56,207.0,213.24798160976565
Sm0.2Y0.8Er0.1Fe2,517.0,529.0214088944185
Nd0.9Er0.1Mn2Ge2,334.0,319.71998077871774
La0.9Er0.1Mn1O3,216.0,204.9512816088153
Sr0.4Pr0.5Er0.1Mn1O3,188.5,210.06476657238954
Sr0.3Pr0.6Er0.1Mn1O3,136.0,174.50520770649874
Tb0.75Er0.25Ti0.85Ge1Mo0.15,242.0,174.42398628800652
Ho0.75Er0.25Ni2,12.3,19.87115383280378
Tb0.75Er0.25Ni2,29.0,34.470214682755895
Nd0.72Er0.28Mn2Ge2,337.0,326.38555198191426
Sm1.8Er0.2Fe17H4.4,525.0,537.6147199293794
Sm1.8Er0.2Fe17,386.0,454.0681453601617
Sm0.2Y0.6Er0.2Fe2,529.0,541.2058014455953
Gd0.8Er0.2Mn6Sn6,446.0,424.3399210301847
Nd0.8Er0.2Mn2Ge2,338.0,329.37004754568216
Tb0.8Er0.2Mn6Sn6,417.0,396.48947748827766
Tb0.8Er0.2,150.0,161.18005289198805
Tb0.33Ho0.33Er0.33,45.0,99.91812324696782
La0.7Er0.3Fe11.44Si1.56,214.0,255.76720683640636
La0.7Er0.3Mn1O3,228.0,172.89838450052076
Sm0.2Y0.4Er0.4Fe2,538.0,553.1473540056747
Gd0.6Er0.4,220.0,208.35281832794794
Gd0.6Er0.4Mn6Sn6,412.0,413.34738408641186
Nd0.6Er0.4Mn2Ge2,333.0,327.8374979341595
Nd0.5Er0.5Nb0.65Fe11.35,526.0,509.7011971078454
Nd1.5Er0.5Fe17,334.0,393.8649580515813
Tb0.5Er0.5Ti0.85Ge1Mo0.15,194.0,159.43828803000326
Er0.5H0.5,33.0,33.6403582012326
Ho0.5Er0.5,33.0,91.28772949380661
Ho0.5Er0.5Ni2,10.3,18.182052500153542
Tb0.5Er0.5Ni2,21.0,27.443851024420447
Sm0.2Y0.2Er0.6Fe2,543.0,562.1872095712965
Gd0.4Er0.6,168.0,171.23622199835492
Tb0.25Er0.75Ti0.85Ge1Mo0.15,131.0,144.1164804115738
Ho0.25Er0.75Ni2,8.0,17.239305784413112
Tb0.25Er0.75Ni2,13.6,19.67355802138976
Nd0.3Er0.7Nb0.65Fe11.35,521.0,513.1780919382868
Er0.88Mn0.36Fe1.76,436.0,477.05858216177705
Sm1.2Er0.8Fe17H4.6,490.0,553.7222630462119
Sm1.2Er0.8Fe17,362.0,396.8978153473846
Sm0.2Er0.8Fe2,547.0,573.3073798437508
Sm0.2Y0.8Er0.8Fe2,526.5,451.65474284962215
Gd0.2Er0.8,125.0,125.56665654652807
Gd0.2Er0.8Mn6Sn6,381.0,353.08308691337356
Er0.8Th0.2,48.0,84.98748195113808
Er0.91Mn0.27Fe1.82,468.0,487.4030152571238
Er0.94Mn0.18Fe1.88,527.0,509.2069545179427
Er0.95H0.5,21.0,44.57187430001119
Er0.95Th0.05,80.0,85.29831590366766
Er0.97Mn0.1Fe1.93,540.0,540.132602633789
Nd0.1Er0.9Nb0.65Fe11.35,511.0,509.59247104658016
Tb0.1Er0.9,25.0,102.0669508373841
Er0.9Th0.1,74.0,73.0503781912489
Er1Mn0.2Fe0.8O2.8F0.2,595.0,600.0320693995357
Er1Fe0.8Ni0.2O2.8F0.2,620.0,613.2903972911745
ErOF,2.0,12.387023445269813
Er1Mn1.8Fe0.2,34.4,138.90690470862063
ErGaFe,77.0,160.03241702801455
ErFeSi,22.0,178.19405396860517
HoErGa7Fe10,383.0,382.1718220836728
Er(Fe5Mo)2,310.0,382.1889088432247
Er(Fe5Si)2,565.4,564.5906025679297
Er(VFe5)2,505.0,516.7225170699977
Er1Fe10.5Mo1.5,380.0,439.7998197717204
HoErGa6Fe11,395.0,435.71637588057314
ErTiFe11H,568.5,549.3702269009674
ErFe11Mo,443.0,481.15759430738973
ErTiFe11,468.025,475.6226320490297
Er1Nb0.65Fe11.35,507.0,501.56375650195406
Er1Fe11.3W0.7,506.0,506.52151802350807
Er1Nb0.6Fe11.4,520.0,499.8481087320786
Er1Ta0.5Fe11.5H1,560.0,552.1512151069525
Er1Ta0.5Fe11.5,520.0,514.5908283385309
HoErGa5Fe12,467.0,472.71224072542407
HoErGa4Fe13,535.0,529.0740815864435
HoErGa3Fe14,520.0,543.7567866205512
HoErGa2Fe15,486.0,515.2747301800366
Pr1Er1Ga3.5Fe15,528.0,545.3362518837681
Pr1Er1Fe15Si3.5,537.0,532.0043216002077
HoErGaFe16,432.0,544.3133332961521
HoErFe17,328.0,358.9765607525172
NdErFe17,327.0,364.5119120119875
ErFe2,567.75,566.8648856186023
Er1Fe2H3.1,380.0,351.63400142723435
Er1Fe2H3.5,357.5,291.12665702016585
Er1Fe2H3.7,300.0,222.16141443447805
Er(FeH2)2,4.0,307.7530726187477
Er1Fe2H4.12,4.2,312.1644038321383
Pr2Er(TiFe)29,395.0,437.96662866039713
ErFe3,532.9,561.3821893549411
Er(Fe2Ge)2,653.0,393.19660460289975
Er(FeP3)4,1.8,23.862659758922188
Er(GaFe)6,500.0,467.54340912088367
Er(FeGe)6,3.1,93.39230518019812
Er(FeSn)6,4.0,90.799315304534
ErMn5Fe7,97.5,287.0635563267697
Er1Fe8.5Ge3.5,870.0,768.3725762432022
Er(MnFe3)3,320.0,370.75557415596467
Er1Mn6Ga0.2Ge5.8,52.0,199.74332835055344
Er1Mn6Ga0.4Ge5.6,108.0,225.36695255525294
Er1Mn6Ga0.6Ge5.4,280.0,270.92073721836357
Er1Mn6Ga0.8Ge5.2,381.0,311.27644843510217
Er1Mn6Ga0.91Ge5.09,361.0,321.1482591104956
ErGa,32.0,28.228427003268155
ErMn6GaGe5,377.0,324.91769546025506
ErGa2Ni,16.2,14.285522743304888
LaTbGdHoEr,127.0,167.88798092658135
LaTbGdYHoEr,120.0,188.50000733891127
ErGeRu,8.0,16.600857082974485
Er(MnGe)2,4.933333333333334,95.69939274219897
ErMn6(Sn2Ge)2,140.0,288.0306224422782
Er1Ni2H1.05,5.5,46.230669950142655
Er1Ni1H3.19,12.0,50.01889324220323
Er(MnH2)2,4.2,120.26576450579977
Er1Mn2H4.6,1.5,143.37564368073114
Er(MnH3)2,18.0,137.50079157891295
HoEr,35.0,118.3984347409429
Er1Mn6In0.1Sn5.9,342.0,326.9645989072078
Er1Mn6In0.2Sn5.8,336.0,325.39910278041043
Er1Mn6In0.4Sn5.6,337.0,321.48613874303777
Er1Mn6In0.6Sn5.4,334.0,324.27286926511164
Er1Mn6In0.8Sn5.2,328.0,317.56405846584886
ErMn6InSn5,307.0,313.61548597311827
ErInNi,9.0,17.221833034127968
ErInPd,10.066666666666668,14.80762926980832
ErInPt,15.0,14.011616977698747
Er1In1.1Ni0.9,8.0,16.72124124588201
ErIr2,3.0,17.154583526848583
LaErO3,7.0,63.35355539690264
ErMn2,18.75,40.26283877376679
Er(MnSi)2,5.0,36.311530510413675
ErMn5,415.0,409.49989277161774
Er(MnSn)6,210.25,298.60564075071244
ErN,5.58,24.43417398790794
NaErO2,2.0,15.768938244160546
ErNi,11.242857142857144,20.186344737929453
ErNi2,12.675,17.65055331908681
ErSiNi2,7.0,18.16583507341092
ErNi3,62.0,47.18902384265358
ErSiNi4,7.4,24.493004543323213
ErNi5,10.4,24.25270749779208
ErOs2,3.0,17.834820499326273
ErSiPd2,2.8,15.649917067813764
ErPt2,3.6,13.370719865915905
Er(SiPt)2,3.5,14.519740793301395
ErRh2,6.0,13.86796707828114
ErRu2,8.0,19.453464382620638
Er(SiRu)2,5.7,18.690389923943865
ErZrSb,11.0,28.27376925572292
ErZn,28.75,18.392566396239086
Nd0.5Er1.5Fe17,321.0,357.61265949188544
Er11(InGe4)2,24.0,34.025239789476
Er2Fe14Si3,474.0,524.3734359234074
Er2Ga2Fe15,459.0,527.4076727542588
Er2Mn2Fe15,303.0,371.54076508671125
Er2Fe15Ni2,481.0,473.51066002009065
Er2Fe15Si2,461.0,533.478191760305
Er2Fe17,305.65,355.4490634498387
Er2Fe17H,378.0,486.6338335226803
Er2Fe17H2,428.0,511.62034164951336
Er2Fe17H3,459.5,521.975866303606
Er2Fe17H3.8,498.0,516.5246213764153
Er2Fe17N,683.0,600.7793353486956
Er2Fe17N2.5,693.5,700.5312923912402
Er2Fe17N2.7,697.0,698.1610622108877
Er2GaNi2,7.1,16.586360618581175
Er2Ga2.5Ni1.5,4.1,18.121004838031066
Er2GeRh3,20.0,14.802493993479784
Er2Ge2Ru,18.8,19.37971423403115
HoEr2,408.3333333333333,37.359426236013064
Er2In,46.0,35.2308378522347
Er2MnNiO6,84.0,85.21399692346125
Er2TiMnO7,25.5,95.71790300494676
Er2Mn2O7,35.0,44.352172520180986
Er2Mn3Si5,55.0,63.42783348841771
Er2Ni17,384.0,392.21501325496274
Er2Ni2Pb,6.0,14.661074616865594
Er2Si0.4Ni2.6,7.0,19.708691231956113
Er2Ni7,67.0,63.21491500280558
Er3VFe28,408.0,397.93792770199326
Er3Fe29,316.0,417.684647368642
Er3Fe5O12,550.9,541.9997205122315
Er3Ge13Pt4,2.2,26.124874399197964
Er3In,51.0,46.28882494098601
Er3Ni2,17.0,21.261191920509248
Er3Pd2,10.0,16.27824741015082
Er3Si11Pt23,3.39,48.9000401533558
Er4MgPd,16.0,20.53070402484589
Er4MgPt,21.0,24.079707459006332
Er2Zn3,20.0,25.701489182435907
Er5(In2Pd)2,16.5,18.733763248360535
Er5Sb2Pt,19.0,25.31092135984748
Er5Sb3,15.0,30.534611969613717
Er5Si4,25.0,37.590594072479696
Er6FeSb2,13.0,44.58727726515151
Er3Fe5O12,551.4,540.8683295616546
Er6Fe23,493.3333333333333,522.2560149083877
Er6(MnH)23,85.0,75.10938202560753
Er6MnSb2,57.5,88.86514475044706
Er6Mn23,418.0,393.52371142202315
Er13Fe7,40.0,252.3078795012972
Eu0.015Zn0.985O1,717.0,561.0400236635976
Eu0.01Zn0.99O1,643.0,530.9196112669177
Eu0.02Zn0.98O1,718.0,602.6471763647908
Eu0.03Zn0.97O1,726.0,501.94150736026734
Sr0.2La0.76Eu0.04Mn1O3,261.0,283.55257875829506
Sr1.95Eu0.05Fe1Mo1O6,397.0,394.87927172383957
Eu0.05Mn0.8Zn0.2Fe1.95O4,630.0,567.9623721699486
Sr0.3La0.65Eu0.05Mn0.95Ni0.05O3,317.0,288.7153338671364
Sr0.35La0.6Eu0.05Mn1O3,352.0,298.8564560608558
Sr0.2La0.75Eu0.05Mn1O3,302.6666666666667,274.3627082633876
Eu0.05Zn0.95O1,300.0,630.8134833439069
Sr0.275La0.65Eu0.075Mn0.95Ni0.05O3,299.0,285.3583391208196
Sr0.2La0.72Eu0.08Mn1O3,226.0,278.7118271363105
Sr1.85Eu0.15Fe1Mo1O6,416.0,397.09964871913854
Sr0.35La0.5Eu0.15Mn1O3,324.0,267.03385069881176
Sr0.2La0.64Eu0.16Mn1O3,187.0,255.17674619002702
Sr1.9Eu0.1Fe1Mo1O6,408.0,396.00368220222816
Sr0.35La0.55Eu0.1Mn1O3,343.0,292.8957441766069
Sr0.25La0.65Eu0.1Mn0.95Ni0.05O3,269.0,269.8805708858347
Sr0.3La0.6Eu0.1Mn1O3,305.0,300.85829519504637
Sr0.4Pr0.5Eu0.1Mn1O3,243.3,227.99700876705268
Sr0.25La0.52Eu0.22Ti0.1Mn0.9O3,102.0,236.44287247664766
Sr1.75Eu0.25Fe1Mo1O6,410.0,401.69686772928713
Sr1.8Eu0.2Fe1Mo1O6,414.0,400.2549450115532
Sr0.35La0.45Eu0.2Mn1O3,305.0,232.42628379262095
Sr0.4Pr0.4Eu0.2Mn1O3,238.0,199.31119012462278
Sr0.2La0.48Eu0.32Mn1O3,224.0,192.65954317898436
Sr0.33Nd0.33Eu0.34Mn1O3,185.0,132.41756129217984
Sr1.7Eu0.3Fe1Mo1O6,416.0,399.19243690970325
Sr0.35La0.35Eu0.3Mn1O3,242.0,208.93733279029684
Sr0.3La0.3Eu0.4Mn1O3,152.0,165.46381319429142
Sr0.45Nd0.15Eu0.4Mn1O3,112.0,117.00628566601449
Sr0.46Eu0.54S1,5.0,47.708020023858595
Sr0.45Eu0.55Mn1O3,50.0,78.58482124503456
Sr0.42Eu0.58Mn1O3,57.5,77.67947019473992
Sr0.3La0.2Eu0.5Mn1O3,111.0,146.15445057689885
Sr0.5Eu0.5Mn1O3,43.0,97.18269376841347
Sr0.35Eu0.65Mn0.9Fe0.1O3,150.0,113.22038412067303
Sr0.35Eu0.65Mn0.5Fe0.5O3,200.0,275.78676984158886
Sr0.4Eu0.6Mg2H6,15.0,152.05035999791716
Sr0.4Eu0.6Mn1O3,44.0,82.34153299439792
Eu0.75Zn0.25,134.0,122.69220014758585
Eu0.7Gd0.3S1,25.0,103.03919870464793
Eu0.7Mg0.3,131.0,111.57323890083477
Eu0.7Mn1Pb0.3O3,235.0,94.68084212632681
Sr0.3Eu0.7Mn1O3,66.0,95.05773505313765
Eu0.7Zn0.3,133.0,109.83871693751851
Sr0.2Eu0.8Mg2H6,20.9,125.73128120410519
Na0.2Eu0.8Mn1O3,42.9,102.68325936749223
Sr0.2Eu0.8Mn1O3,63.0,88.74873690229029
Eu0.923Fe0.077O1,180.0,166.45182735648348
Eu0.93Fe0.07O1,180.0,161.65706922983316
Eu0.95Fe0.05O1,150.0,158.96947589607043
Eu0.96Gd0.04O1,132.5,116.84356398335542
Eu0.975Gd0.025O1,127.5,119.74488550267482
Eu0.98Gd0.02O1,123.0,118.27571366435606
Na0.1Eu0.9Mn1O3,42.5,103.61550250839326
Eu1O0.9F0.1,66.0,79.22069886538648
Eu1Fe0.8Ni0.2O2.8F0.2,645.0,580.5583607918323
EuFeS,16.6,340.6049261112081
Eu(FeP)2,27.0,231.66598284421218
Eu(FeP3)4,99.0,43.57017983117922
Eu(FeSb3)4,86.25,76.82770581020088
EuY2Fe5O12,556.0,535.124012494485
EuZnGa3,14.0,27.709723952963937
Eu(GdS2)2,6.0,92.1879255828976
Eu(MnGe)2,9.0,209.79845346253381
Eu(GeRu)2,62.0,27.56633631340135
EuHRh2,15.5,49.11371061863529
EuH2,21.275,63.11425232034215
LiEuH3,37.8,37.544457327999886
Eu(H2N)2,5.4,49.827625357259855
Eu(MgH3)2,27.2,36.79710112455287
EuI2,5.0,41.53735806712491
Eu(InP)2,24.0,35.25459096758403
EuIn3,7.25,47.18879995347053
EuIn5Ni8,2.7,113.2932841798602
EuIn6Ni7,36.0,75.5731926750392
EuLu2O4,8.5,65.48116958310823
EuMnO3,35.0,78.74218704914854
EuTaMn2O6,19.5,91.222732648593
NdEuSiNO3,3.0,92.64820106188724
Eu1W1N1.42O1.58,20.0,89.86740757508456
Eu(NbS2)2,15.0,50.823296612069605
Eu1Ti0.95Ni0.05O3,5.5,26.76863301193329
Eu1Ti0.9Ni0.1O3,5.5,37.72294742690917
EuO,76.08553846153846,72.30266786667691
Eu1Sc0.2Ti0.8O3,3.4,30.120563391517386
EuTiO3,4.5,53.49667227286021
Eu(P3Os)4,15.0,32.42777954165675
Eu(Sb3Os)4,9.0,19.259534960982094
Eu(P3Ru)4,17.866666666666664,25.99415196917334
Eu(PRu)2,29.0,31.47809470025335
EuPbS2,18.5,37.31124220472751
EuTePb,77.5,43.460218086637866
EuPd,48.0,63.51901226472872
EuPd2,76.0,53.457806628047095
EuZnPt,21.2,58.110655572489016
EuPt2,105.0,40.2249558591671
Eu1Zn0.8Rh1.2,95.0,41.095528074095256
Eu(Sb3Ru)4,4.0,24.696410713988584
EuS,16.394666666666666,33.32277306500107
EuSe,4.164444444444444,35.12337943307926
SrEu,84.0,127.1979698480226
EuZn2,25.0,48.415469558300664
Eu14MnP11,52.0,94.43196719788152
Eu14MnSb11,100.0,81.23211231060367
K3EuGa5Ge18,3.8,55.85956748752628
K6Eu2Zn5Ge41,4.0,45.01895612494872
Eu2H5Ir,20.0,61.22107179964875
Eu2MgH6,31.6,31.750492905533907
Eu2In,55.0,110.29036105084168
Eu2MnNiO6,145.0,125.59758981037406
Eu2SiO4,5.866666666666667,21.618200192680124
Eu2Zn2P3,25.0,38.73479091435932
Eu2Si3Pd,40.0,39.46536978625028
Eu2Si5Pt3,5.5,21.032309867916457
Eu3Fe5O12,548.0,518.3000573968756
Eu3Ge11Pt23,3.6,33.03471699586766
Eu3InO,185.0,70.16360983635367
Eu3O4,42.4,62.62201710433061
Eu3SiO5,15.25,43.66313732539861
Eu3(PO4)2,5.0,31.205801164845738
Eu3P2,25.0,99.50344597411775
Eu3Si11Pt23,5.54,34.82089807498221
Eu3S4,3.8,39.62531245897756
Eu3Si4,120.0,71.67118055408893
Eu4MgPd,150.0,89.03719334702839
Eu5(InSb3)2,15.0,62.26680195505175
Eu4MnGa7Ge15,29.9,75.26556201773337
Eu8Ga14.6Si6.4Ge23.2,32.8,33.430784316479894
Eu8Ga14.7Si3.7Ge26.1,34.5,34.00258756939035
Eu8Ga15.1Si7.3Ge22.7,32.6,34.75624784703443
Eu8Ga15.2Ge29.8,36.2,33.51020945819909
Eu4Ga8Ge15,34.7,38.765744698623934
Eu9Ga16Ge30O,70.0,46.413222683127806
Mn0.6Fe1.3Si0.36P0.64F0.01,306.8,309.3694103142628
Mn0.6Fe1.3Si0.36P0.64F0.02,295.3,302.1549392999676
Mn0.6Fe1.3Si0.36P0.64F0.03,278.8,301.48190039576923
Mn0.6Fe1.3Si0.36P0.64,325.4,317.5279638970144
Zn0.1Fe2.9O3.9F0.1,545.0,728.1252129359785
Zn0.25Fe2.75O3.75F0.25,470.0,668.9518384941255
Gd1Mn0.2Fe0.8O2.8F0.2,625.0,535.8146931978769
Gd1Fe0.8Ni0.2O2.8F0.2,645.0,630.945263159015
Ho1Mn0.2Fe0.8O2.8F0.2,615.0,596.188013281025
Ho1Fe0.8Ni0.2O2.8F0.2,630.0,621.4933829751852
Tb1Mn0.2Fe0.8O2.8F0.2,565.0,600.2198751405615
Y1Mn0.2Fe0.8O2.8F0.2,620.0,544.1235451396817
Nd1Fe0.8Ni0.2O2.8F0.2,675.0,631.6946656722305
Pr1Fe0.8Ni0.2O2.8F0.2,650.0,624.4427484932678
Sm1Fe0.8Ni0.2O2.8F0.2,655.0,638.9242074663813
Tb1Fe0.8Ni0.2O2.8F0.2,640.0,615.9936682044731
Tm1Fe0.8Ni0.2O2.8F0.2,615.0,583.1928711417705
Y1Fe0.8Ni0.2O2.8F0.2,625.0,547.8036543211779
Yb1Fe0.8Ni0.2O2.8F0.2,615.0,535.8777540730027
Zn0.4Fe2.6O3.6F0.4,400.0,585.8912285564383
Gd3Fe4.6O11.6F0.4,549.0,465.770276307481
Li0.5Mg0.5Fe2O3.5F0.5,768.0,732.3629275012282
Li0.5Mn0.5Fe2O3.5F0.5,703.0,642.0467248012035
Li0.5Fe2Ni0.5O3.5F0.5,863.0,755.9160614661604
Li0.5Zn0.5Fe2O3.5F0.5,593.0,548.8422568954453
Zn0.5Fe2.5O3.5F0.5,365.0,531.072862001256
Gd3Fe4.4O11.4F0.6,528.0,475.1073115820061
Mg0.8Fe2O3.3F0.7,693.0,687.1768486237379
LiFe2O3F,903.0,693.2727267745367
GdOF,2.0,108.13637347619124
HoOF,2.0,15.317107981195146
La1Ni0.2O2.8F1,720.0,159.3207818069744
ZrNF,120.0,215.27540829393115
Na5Fe3F14,90.0,189.86357858158874
K3Fe5F15,490.0,220.97707492372288
FeF2,362.0,473.92587205121174
MnF2,135.0,174.9520565969861
FeF3,697.0,370.5001684323296
RbFeF3,87.0,218.99426017463796
TlFeF3,77.0,337.8823361684344
KMnF3,81.5,147.90775228710865
Rb1Mg0.33Ni0.67F3,58.0,101.98957082110827
Rb0.35Mg0.65F3,36.0,199.8780469524867
Rb1Mn0.33Ni0.67F3,103.0,128.5422577461436
MnF3,51.5,151.9588971788175
RbNiF3,140.79999999999998,131.01188573776236
TlNiF3,139.5,174.66340889212825
TbF3,3.95,46.282162528031506
LiHoF4,1.53,52.43197584097317
Li1Tb0.5Y0.5F4,1.119,130.78701032618292
LiTbF4,2.891,39.02652325360344
SrSm2MgF4,450.0,98.53953531478128
MnNiF6,39.0,166.91747977179833
MnZnF6,9.5,178.2182365669792
Na2FeNiF7,87.0,189.07573238750396
Ga0.25Fe0.00025Ni0.75,11.0,57.02879123099276
Ga0.249Fe0.0005Ni0.749,13.4,38.5305176683446
Fe0.0015Pd0.9985,2.12,25.27260110867382
Fe0.0016Pd0.9984,2.8,23.386032123509285
Ga0.249Fe0.001Ni0.749,27.5,52.431673324612476
Ga0.249Fe0.002Ni0.749,41.0,49.65242735403019
Fe0.002Pd0.998,2.8,23.39932576057788
Mn0.05Fe0.0035Pd0.9965,10.3,79.97666572539302
Fe0.0041Pd0.9959,13.0,26.388671809386775
Fe0.005Pd0.995,18.0,33.28507317857142
Fe0.008Pd0.992,40.8,37.61980213059393
Ga0.225Fe0.009Ni0.675,80.0,89.58285476844962
Fe0.009Pd0.991,32.6,45.33023276917079
Fe0.013Pd0.987,55.0,59.38284715652673
Mn0.05Fe0.016Pd0.984,42.0,106.49125768149516
Fe0.019Ge0.981,300.0,231.2807460039169
Ga0.2475Fe0.01Ni0.7425,85.0,85.1067818804461
Sr0.33La0.67Mn0.9957Fe0.01O3,375.0,300.3670658625039
La0.67Mn0.99Fe0.01Pb0.33O3,340.0,270.36894992688656
La0.7Mn0.99Fe0.01Pb0.3O3,345.0,268.2988571572179
Sr0.3La0.7Mn0.99Fe0.01O3,353.0,304.64089238644436
Fe0.01Ni0.99,641.0,622.3781101782026
Fe0.01Ni0.99O1,300.0,406.3077212277384
Zn0.99Fe0.01O1,300.0,344.06985505364804
Ti0.99Fe0.01O2,815.0,613.0609999057061
Ti0.9957Fe0.01O2,1150.0,523.4109739583301
Ti1Fe0.01O2,350.0,715.9517918819224
Fe0.01Pd0.99,37.0,49.892218895370384
Nd0.7Mn0.975Fe0.025Pb0.3O3,144.0,138.007797586803
Zn0.975Fe0.025O1,300.0,352.85566388189415
Fe0.025Pd0.975,90.0,123.12673062527747
U1Ga1Fe0.02Ni0.98,39.0,37.1032573595062
Sr0.67La0.33Mn0.98Fe0.02O3,183.24,257.5225842677478
La0.9Mn0.98Fe0.02O3,224.0,222.5142222924097
Li0.03Fe0.02Ni0.95O1,242.0,303.80901157445487
Sr0.5Nd0.5Mn0.98Fe0.02O3,215.0,224.9993772955429
Sr0.5Pr0.5Mn0.98Fe0.02O3,250.0,237.77786925548003
Mn0.98Fe0.02P1,270.0,282.02463427767265
Fe0.02Ni0.98O1,299.075,317.3881403492267
Zn0.98Fe0.02O1,385.0,334.0761029940527
Fe0.02Sn0.98S1,300.0,246.1374482059637
Fe0.031Ni0.866W0.103,55.0,273.4974317487241
Fe0.03Pd0.97,114.0,142.5487671748322
Fe0.045Ni0.955,683.0,593.0571911101196
Mn0.81Ga1Fe0.04Ni2.15,375.0,345.10719381634834
Mn0.8Ga1Fe0.04Ni2.16,340.0,346.34340258179026
Fe0.04Sn0.96S1,300.0,255.20065642023732
Fe0.04Si0.96,26.0,241.09506221083294
Gd0.946Fe0.054,291.71,273.242791311503
Mn1Ga0.95Fe0.05Ni2,377.0,353.9372637833581
Ga25Fe0.05Ni74.95,13.4,72.03721881967668
Fe0.05Ge0.95,233.0,228.87637763693735
Tb5Fe0.05Si1.95Ge1.95,112.0,118.85511706161202
Sm1Mn1.95Fe0.05Ge2,330.0,297.99904857277915
Sr0.3La0.5Sm0.2Mn0.95Fe0.05O3,253.0,217.17312552074404
La0.65Mn0.95Fe0.05Pb0.35O3,295.0,259.8088505534895
Sr0.35La0.65Mn0.95Fe0.05O3,220.0,284.1402213957451
La0.67Mn0.95Fe0.05Pb0.33O3,287.0,254.70442300338118
Sr0.33La0.67Mn0.95Fe0.05O3,287.5,284.5251373013794
Sr0.3La0.6Mn1.05Fe0.05O3,320.0,263.3141707499189
La0.7Mn0.95Fe0.05Pb0.3O3,295.0,252.24603245186114
Sr0.3La0.7Mn0.95Fe0.05O3,330.0,275.7762996311553
Sr0.17La0.83Mn0.9Zn0.05Fe0.05O3,208.0,246.65750431010542
Mg0.95Fe0.05O1,50.0,252.23413827795426
Nd0.7Mn0.95Fe0.05Pb0.3O3,130.0,128.59692429101872
Sr0.3Sm0.7Mn0.95Fe0.05O3,90.0,119.30190843100125
Fe0.05Ni0.95O1,300.0,353.75577555795655
Zn0.95Fe0.05O1,253.33333333333337,421.24149487951235
Th0.95Fe0.05O1.94,300.0,244.59098406344071
Fe0.05Sn0.95O2,383.6666666666667,352.40269302941425
Sr1Fe0.05Ru0.95O2.99,125.0,165.50465072877478
Zn0.95Fe0.05S1,300.0,327.7317388164863
Fe0.069Ni0.826W0.105,191.0,292.224974948528
Sr0.5Pr0.5Mn0.94Fe0.06O3,185.0,206.8220327172777
Fe0.06Sn0.94S1,300.0,281.51306093636776
Nd0.7Mn0.925Fe0.075Pb0.3O3,107.0,121.21307529956519
Fe0.075Pd0.925,193.0,199.9646977115864
Fe0.076Ni0.835W0.089,300.0,280.5652022661253
Sr0.3La0.7Mn0.093Fe0.07O3,296.0,283.2569063151542
Sr0.3La0.7Mn0.93Fe0.07O3,296.0,266.94029408944766
Fe0.07Pd0.93,200.0,177.77258131629264
Fe0.07Si0.93,26.0,246.0970575938988
Gd1Fe0.08Ni1.92,123.0,154.9505073556699
Tb5Fe0.08Si1.92Ge1.92,111.0,117.39388011587373
Zn0.92Fe0.08O1,340.0,509.6356414803535
Fe0.08Sn0.92S1,300.0,268.85536353491403
Zn0.91Fe0.09O1,734.0,355.7453028852148
Fe0.118Ni0.81W0.072,515.0,447.67230243596174
Mn0.89Fe0.11Ni1Ge1,203.0,309.2564485502384
Fe0.11Ni0.24W0.65,623.15,343.5891070048918
Gd5Fe0.125Si1.875Ge2,267.0,286.28567207972895
Fe0.141Ni0.794W0.065,530.0,537.9517952753597
Fe0.14Ge0.86Te1,160.0,178.06818616504282
Gd5Fe0.15Si2Ge1.85,305.0,282.5940234800774
La1Mn1.85Fe0.15Ge2,295.0,280.7996355262037
Sr0.3La0.5Sm0.2Mn0.85Fe0.15O3,94.0,183.24984240159753
Sr0.33La0.67Mn0.85Fe0.15O3,109.0,190.9792062649266
Sr0.3La0.6Mn0.95Fe0.15O3,180.0,225.64493656876826
Sr0.3La0.7Mn0.85Fe0.15O3,180.0,186.75914503264448
La1Mn0.85Fe0.15O3,132.0,170.47126914212072
Fe0.15Ni0.85,804.0,754.5185005578894
Th0.85Fe0.15O1.97,300.0,301.8672352417989
Gd1Fe0.16Ni1.84,188.0,178.9371210081
Fe0.174Pt0.826,305.0,260.65910859300965
Fe0.17Ni0.83,828.0,810.0004117856993
Fe0.181Ni0.789W0.03,775.0,709.4623386312106
Ga0.27Fe0.18Ni0.55,302.0,347.78764792237337
Mn0.1Fe0.18Ni0.72,672.0,542.8690392487085
Ga0.27Fe0.195Ni0.535,322.0,360.509217091744
Mn0.025Fe0.195Ni0.78,832.0,740.7309257339397
Fe0.19Ni0.81,834.0,778.1728949939695
U1Ga1Fe0.1Ni0.9,39.0,62.061118043985616
Gd1Mn0.9Fe0.1Si1,148.0,267.6625525318358
Gd5Fe0.1Si1.94Ge1.94,310.0,280.1066307029711
Gd5Fe0.1Si2Ge1.9,306.5,288.65135580964943
Fe0.1Ge0.9Te1,160.0,171.28766332413232
Mn1Fe0.1Ni0.9Ge1,218.0,287.24772599942617
Tb5Fe0.1Si1.9Ge1.9,111.0,121.7552432753306
La1Mn1.9Fe0.1Ge2,310.0,280.78827257946625
Nd1Mn1.9Fe0.1Ge2,313.0,290.18391390666847
Sm1Mn1.9Fe0.1Ge2,320.0,297.5508165937589
Sr0.3La0.5Sm0.2Mn0.9Fe0.1O3,136.0,197.7429916242872
Sr0.33La0.67Mn0.9Fe0.1O3,222.5,235.26289188382083
Sr0.3La0.6Pr0.1Mn0.9Fe0.1O3,205.0,236.35511058850605
Sr0.3La0.6Mn1Fe0.1O3,250.0,247.6296716198244
La0.7Mn0.9Fe0.1Pb0.3O3,215.0,220.14206411620063
Sr0.3La0.7Mn0.9Fe0.1O3,257.0,222.3669756399542
Sr0.17La0.83Mn0.9Fe0.1O3,151.0,221.40913875866644
Na0.2La0.8Mn0.9Fe0.1O3,185.0,184.12167179164436
Na0.1La0.9Mn0.9Fe0.1O3,150.0,184.5694778994005
La1Mn0.9Fe0.1O3,135.7,177.26875929298592
Sr1La1Mn1.9Fe0.1O5,355.0,294.3929511342355
Na0.25Pr0.75Mn0.9Fe0.1O3,75.0,128.40310098325745
Nd0.7Mn0.9Fe0.1Pb0.3O3,75.0,132.6395125491246
Sr0.4Pr0.6Mn0.9Fe0.1O3,118.0,150.49426529349165
Fe0.1Ni0.9,760.0,703.2807429360913
Fe0.1Ni0.9P1,300.0,289.05967529307713
Tb1Fe0.1Ni4.9,49.0,61.53663430367284
Th1Fe0.1Ni4.9,170.0,304.33510815283967
Zn0.9Fe0.1O1,392.5,526.8345969018204
Th0.9Fe0.1O1.94,300.0,298.5108831559487
Fe0.1Sn0.9O2,464.0,419.3936871787516
Sr1Fe0.1Ru0.9O2.98,100.0,187.23931621081852
Sm1.9Fe0.1O3,30.0,127.86395924013422
Fe0.1Pd0.9,237.0,223.1658422243035
Fe0.1Sn0.9S1,300.0,262.0137901401976
Zn0.9Fe0.1S1,300.0,338.84921200578253
Mn1.13Fe0.23Ni1.03Ge0.61,186.0,323.19311897900127
Fe0.23Ni0.77,876.0,794.2640755803936
Fe0.249Pt0.751,425.0,300.684737284107
Gd1Fe0.24Ni1.76,230.0,229.92814667918424
Gd5Fe0.25Si1.75Ge2,255.0,264.36173910162324
Fe0.25Ge0.75Te1,160.0,218.1866722877535
In0.75Fe0.25Sb1,300.0,220.75887280978077
Sr0.3La0.7Mn0.75Fe0.25O3,93.0,151.35101307148295
Mn1Fe0.25Sb1,241.0,303.8593316493654
Yb1Mn5.75Fe0.25Sn6,267.0,307.5832148996062
V1.75Fe0.25Ni1O4,445.0,211.6738426640466
Th0.75Fe0.25O1.97,300.0,361.10574671947177
Zn0.5Fe0.25Sn0.25O2,200.0,303.7904708155317
Ti0.75Fe0.25Pb1O3,650.0,509.6028965625444
Ti0.75Fe0.25O4,323.15,396.78214383141955
Ta1Fe0.25S2,121.0,127.08223974403118
Ta1Fe0.25Se2,47.75,153.64620756063488
Fe0.271Ge0.729,533.15,420.19368678032197
Mn0.73Fe0.27Ni1Ge1,80.0,336.04339895540545
Fe0.28Pt0.72,230.0,369.8159131434253
Ga0.8Fe0.2Sb1,235.0,207.90390583934422
Ga1Fe0.2Ni2.8Te2,10.5,168.73303788809844
Ga25Fe0.2Ni73.8,41.3,73.23681995364157
Mn1Fe0.2Ni0.8Ge1.01,213.0,293.1628742681915
Mn1Fe0.2Ni0.8Ge1,300.0,289.13036309956203
La1Mn1.8Fe0.2Ge2,275.0,262.445185209406
Nd1Mn1.8Fe0.2Ge2,295.0,280.5546715917037
In0.8Fe0.2Sb1,190.0,243.77764462039605
Sr0.33La0.67Mn0.8Fe0.2O3,100.0,148.65487911009345
La0.7Mn0.8Fe0.2Pb0.3O3,122.5,175.28886980884286
Sr0.3La0.7Mn0.8Fe0.2O3,137.0,140.02387941743075
Sr1La1Mn1.8Fe0.2O5,345.0,289.4051845814157
La5Fe0.2Mo3.8O16,110.0,138.15118770601873
Mn1Fe0.2Sb1,323.0,314.6589050771804
Tb1Mn1.8Fe0.2,80.0,157.45743906478592
Y1Mn1.8Fe0.2,210.0,295.42471528431963
Fe0.2Ni0.8,707.3833333333333,850.4560664717231
Th0.8Fe0.2O1.94,300.0,291.79771254680657
Zn0.8Fe0.2S1,300.0,266.4378760970848
Mn1Ga0.675Fe0.325Ni2,424.1,403.2031245184745
Gd1Fe0.32Ni1.68,309.0,244.26085770196426
Fe0.343Pt0.657,250.0,397.214802981033
Fe0.35Ni0.65,903.0,803.6479931525433
Mn0.1Fe0.36Ni0.54,640.0,672.7140794329143
U1Fe0.39Ge2,37.0,52.37379743094691
Mn0.025Fe0.39Ni0.585,852.0,703.7513180752571
Mn0.85Ga0.15Fe0.3Si0.85Ni0.85,504.0,342.5187004358811
Mn0.7Ga1Fe0.3Ni2,434.0,369.02340567638174
Tb1Ga1.7Fe0.3,34.0,94.29681602532844
Nd1Mn1.7Fe0.3Ge2,269.0,236.01637021679244
Ho1Mn0.7Fe0.3O3,97.0,113.1815162890837
Ho1Mn5.7Fe0.3Sn6,346.0,338.1691102541316
La0.7Mn0.7Fe0.3Pb0.3O3,130.0,145.45943494376604
Sr0.3La0.7Mn0.7Fe0.3O3,102.0,130.34641829537327
La1Mn0.7Fe0.3O3.03,57.0,164.4642796401257
Sr1La1Mn1.7Fe0.3O5,335.0,292.0514564806256
Mn2.7Fe0.3Sn2,254.0,295.26695866448205
Fe0.3Ni0.7P1,300.0,278.2832926185414
Th1Fe0.3Ni4.7,420.0,222.73448239696623
Ti0.7Fe0.3Pb1O3,660.0,447.67280596300566
Fe0.3Pt0.7,300.0,349.92079498073565
Mn1.56Nb1Fe0.44,42.0,287.12714487133417
Fe0.45N0.55,80.0,497.40643700175895
Fe0.45Ni0.55,885.5,840.9291949620865
Fe0.475Ni0.525,890.0,782.1024887548119
Fe0.47Ge0.53,230.0,327.8077056990639
Tb1Mn5.52Fe0.48Sn6,442.35,378.7314382003524
Y0.52Fe0.48,18.0,207.308551965241
Fe0.49Rh0.51,667.0,647.8178741491902
Sr2Ga0.6Fe0.4Mo1O6,290.0,236.0398243656854
Ga1Fe0.4Ni2.6Te2,21.0,131.13106750711805
Gd1Mn0.6Fe0.4Si1,335.0,205.84672757985356
Nd1Mn1.6Fe0.4Ge2,202.5,174.0394806947486
U1Fe0.4Ge2,37.0,49.47177392482785
La0.7Mn0.6Fe0.4Pb0.3O3,121.0,176.54477612096315
Sr1La1Mn1.6Fe0.4O5,332.0,270.1779373368655
Fe0.4Ni0.6,884.6666666666666,821.4452289685565
Ti1Fe0.4O3.6,853.0,363.3979371258025
Mn0.292Zn0.19Fe0.518O1,447.0,464.7313388894912
V0.467Fe0.533,280.0,147.4485879437588
Mn0.1Fe0.54Ni0.36,396.0,412.3113134651086
Mn0.25Zn0.21Fe0.54O1,473.15,444.3154603698427
V0.46Fe0.54,132.5,231.3666772128773
Fe0.556Ni0.444,723.0,752.5671264466246
Fe0.55Ni0.45,819.5833333333334,743.5152620240601
Fe0.55Pd0.45,740.0,486.7656995546834
Fe0.568Ni0.432,713.0,807.9240076945387
Mn0.025Fe0.585Ni0.39,608.0,577.6670545119359
Mn0.11Fe0.58Ni0.31,220.0,380.3646684119457
Mn2.42Fe0.58Sn1,200.0,248.91430411123855
Mn0.5Ga1Fe0.5Ni2,434.0,384.76106265949863
Ga1.5Fe0.5Ni1O4,173.0,438.99497288409515
Gd1Mn1.5Fe0.5Ge2,48.0,161.6569905117968
Gd5Fe0.5Si1.5Ge2,255.0,248.6571492800343
La1Mn1.5Fe0.5Ge2,134.0,205.89316523378173
Nd1Mn1.5Fe0.5Ge2,46.0,158.2376997845795
Pr1Mn1.5Fe0.5Ge2,189.0,132.34228668019446
Sm1Mn1.5Fe0.5Ge2,25.0,130.71536298495317
Tb1Mn1.5Fe0.5Ge2,47.0,119.89330113201511
Mn4.5Fe0.5Ge3,318.0,290.2903404619755
Nd1Mn5.5Fe0.5Ge6,430.0,346.3667300618399
Tb0.15Ho0.85Mn1.5Fe0.5,130.0,234.13234193242997
Ho1Mn5.5Fe0.5Sn6,336.0,334.3582550179406
La1Mn0.5Fe0.5O3,402.5,265.85265634590274
Sr1La1Mn1.5Fe0.5O5,330.0,243.61721589314874
Sr2La1Mn1.5Fe0.5O7,35.0,199.4039579951451
La1Fe0.5Ni4.5,14.6,186.58800766776127
Li0.5Fe0.5Rh2O4,130.0,295.79485004175876
Mn1.5Fe0.5Sn1,177.0,262.24067334634987
Mn2.5Fe0.5Sn1,155.0,266.87655080121795
Yb1Mn5.5Fe0.5Sn6,270.0,301.30516159845286
Nb0.5Fe0.5Pb1O3,385.0,205.21688576077617
Fe0.5Ni0.35,880.0,693.18451030712
Fe0.5Ni0.4,890.0,741.0588551311985
Fe0.5Ni0.5,793.0833333333334,742.4198893018448
Fe0.5Ni0.5P1,300.0,296.87135214328316
Ta0.5Fe0.5Pb1O3,143.0,356.3244689863996
Fe0.5Pd0.5,140.0,577.4644878704281
Zr0.083Fe0.606H0.31,370.0,491.34164365357867
Fe0.62N0.38,520.0,167.5222890371502
Fe0.635Ni0.365,560.0,594.2311031517264
Fe0.63Ni0.37,734.5,549.5723461657248
Mn1.3Fe0.65Si0.5P0.5,270.0,267.07522052904636
Fe0.65Ni0.35,530.0,555.1926369128213
U0.33Fe0.66N0.35,225.0,324.1124638475052
Mn0.15Zn0.18Fe0.67O4,323.15,311.4818353562942
Fe0.67Pb1W0.33O3,132.0,308.22022742560523
Ga1Fe0.68Ni2.32,393.0,378.4956731126544
Y0.32Fe0.68,70.0,462.44787997775575
Fe0.698Ni0.302,238.5,401.1987784098138
Ga0.31Fe0.69,760.0,674.4617417758399
Mn0.4Ga1Fe0.6O3,149.0,237.63860401053626
Ga1Fe0.6Ni2.4,369.0,382.2401401404168
Ga1Fe0.6Ni2.4Te2,32.0,185.97446057921272
Mn1Fe0.6Si0.5Ni0.4Ge0.5,201.0,285.664227594663
Mn4.4Fe0.6Si2Ge1,182.0,249.8064499383069
Pr1Mn1.4Fe0.6Ge2,168.0,181.4019008482956
Ho1Mn5.4Fe0.6Sn6,332.0,327.22375677920405
Sr0.3375La0.665Mn0.95Fe0.6O2.85,367.0,341.23362766206935
Y1Mn0.4Fe0.6O3,375.0,425.20956148399307
U0.4Fe0.6N0.64,253.0,351.9502437078651
Fe0.6Ni0.4,648.0,714.2023076304627
U1Fe0.6Sb2,28.0,104.99182035389947
Fe0.7018Ni0.2982,348.0,397.9054683504101
Fe0.712Ni0.288,373.0,402.8738775220878
Fe0.71N0.29,501.0,258.9033943350863
Ga1Fe0.72Ni2.28,415.0,402.5712763047229
Ga0.27Fe0.73,599.075,766.5861172325097
Fe0.73Ge0.27,653.3333333333334,656.8391481320879
U0.27Fe0.73N0.26,260.0,393.6401306778087
U0.27Fe0.73,108.0,395.8044798516158
Zr0.1Fe0.74H0.16,341.0,511.69777826517316
Fe0.74P0.26,580.0,525.7026444704069
Mg0.242Fe0.758Si1O3,11.0,162.0733016789759
Mn0.25Ga1Fe0.75O3,212.0,219.99490956251796
Tb4Gd2Mn0.25Fe0.75Sb1Te1,292.0,262.5638562199228
Tb6Mn0.25Fe0.75Sb1Te1,266.0,254.62659398661378
Mn1.25Fe0.75Sn1,204.0,292.5023026999524
Yb1Mn5.25Fe0.75Sn6,274.0,299.1817209771503
Fe0.75Ni2.25P1,120.0,402.9927443932244
Fe0.75Pt0.25,560.0,461.5044150673828
Sc0.25Fe0.75,277.0,460.85119166648167
Ti0.25Fe0.75,238.0,555.5689991055846
Zr0.25Fe0.75,283.0,475.51184975220053
Ga1Fe0.76Ni2.24,444.0,393.8339797935313
La0.24Fe0.76,330.0,383.824877266426
Zn0.201Fe0.799,925.0,873.2357620264967
Mn1Fe0.79Si0.5Ni0.16P0.5,220.0,295.9520318938019
Mn0.3Ga1Fe0.7Ni2,436.0,395.52920764804935
Mn0.3Ga1Fe0.7O3,179.0,220.03297860976326
Mn28.3Ga21.4Fe0.7Ni49.6,367.9,354.7718898114577
Mn0.65Fe0.7Si0.65Ni0.65Ge0.35,248.0,329.2260965053672
Mn4.3Fe0.7Si2Ge1,200.0,226.474816636799
Tb1Mn1.3Fe0.7,220.0,243.9826678110756
Mn2.3Fe0.7Sn2,261.0,258.7042034098774
Zr0.1Ti0.1Nb0.1Fe0.7,923.15,431.1186128226318
Fe0.7Ni0.3,340.0,352.4748389865207
Fe0.7Si0.3,690.0,622.8823620887313
Ti0.3Fe0.7,380.0,384.15336922154177
Ga1.18Fe0.82O3,208.0,190.0695891028726
Li1Mn0.18Fe0.82P1O4,30.0,81.93082011445406
Gd1Ti0.15Fe0.85Si1,186.4,179.3529187215881
La5Fe0.85Mo3.15O16,110.0,200.6199229205697
Mn1.15Fe0.85Si0.45P0.55,284.0,290.4220556282037
Sr2Fe0.85Ni0.15Mo1O6,424.0,375.217977945791
Sr2Zn0.15Fe0.85Mo1O6,387.0,373.6113736350907
Fe0.85Si0.15,823.15,857.0927120023116
Mg0.134Fe0.866Si1O3,18.0,297.6847869952323
Ga1.14Fe0.86O3,167.5,231.80862622601683
Ga0.13Fe0.87,993.15,965.7419706132032
Mn2.03Ga1Fe0.87,50.0,339.8856366947774
Fe0.87S1,593.0,503.9177176032273
Fe0.87Si0.13,953.0,782.9942357145806
Zn0.112Fe0.888,981.3,727.084425846235
Ga1Fe0.88Ni2.12,541.0,406.74697598875946
Zn1Fe0.88Sb1,275.0,360.11882832832686
Mn1Fe0.89Si0.5Ni0.06P0.5,276.7,298.7388962866219
Mn0.2Ga1Fe0.8O3,211.0,201.77889619782502
Ga1.2Fe0.8O3,185.0,203.50614329129166
Gd1Ti0.2Fe0.8Si1,188.6,189.61226422288897
Mn1.2Fe0.8Ge0.24P0.76,260.8,286.01510566328
Mn1.2Fe0.8Ge0.25P0.75,276.5,284.60283320979374
Mn1.2Fe0.8Ge0.26P0.74,277.4,286.1696215757414
Mn4.2Fe0.8Si2Ge1,196.0,234.96622760948046
Y1Mn0.2Fe0.8O3,535.0,537.6930540523016
Zr1Mn0.2Fe0.8,465.0,353.7621123974985
Sr2Fe0.8Mo1.2O6,373.0,348.81581798966386
Fe0.8Ni0.2,953.15,631.5891611004018
Y0.2Fe0.8,108.0,465.5216064231815
Fe0.902S1,530.0,543.7882251607629
Li1Mn0.09Fe0.91P1O4,30.0,66.00755022501733
Mn1Fe0.91Si0.55Ni0.04P0.45,304.0,298.8238093350487
Fe0.92Sn0.08,1033.0,832.5224893328099
Fe0.935Si0.065,949.15,962.539719889439
Ga1.07Fe0.93O3,262.0,227.80855452606858
Mn1Fe0.93Si0.45Ni0.02P0.55,318.0,299.529437563191
Mn0.05Ga1Fe0.95O3,173.0,188.9070268668186
Gd1Ti0.05Fe0.95Si1,168.0,160.70627743339645
Fe0.95Ir0.05Rh1,425.0,602.6577989795401
Mn1Fe0.95Si0.5Ni0.01P0.5,307.8,298.32778608095396
Sr2Fe0.95Ni0.05Mo1O6,410.0,398.4496470552953
Sr2Fe0.95Mo1O6,430.0,395.4894640338457
Sr2Zn0.05Fe0.95Mo1O6,407.0,394.8359879188577
Fe0.968Si0.032,1103.0,1006.3338919266329
Fe0.971Si0.029,1150.0,1012.0603794849711
Fe0.975Ni0.025P1,313.0,315.39054499866546
Nd0.03Mn0.03Ga0.97Fe0.97O3,197.3,216.30866259338836
Li1Mn0.03Fe0.97P1O4,30.0,64.08374774664215
Fe0.97Mo0.03,1037.5,831.0073147101285
Fe0.97Si0.03,1023.15,1017.2175968631685
Mn0.0189Fe0.9811,1020.4,869.393923969864
Nd0.03Mn0.02Ga0.97Fe0.98O3,202.1,221.10928403849533
Sr2Fe0.98Mo1O6,430.0,396.6426220341748
Nd0.03Mn0.01Ga0.97Fe0.99O3,219.1,225.5181786864243
Mn0.1Ga1Fe0.9O3,159.5,192.67209101732135
Mn27.2Ga21.8Fe0.9Ni50.1,368.3,356.2280755075221
Mn27.7Ga21.9Fe0.9Ni49.5,377.5,355.634602044554
Gd1Mn0.1Fe0.9Si1,125.0,179.14604212539794
Gd1Ti0.1Fe0.9Si1,182.0,171.86909567735682
Mn1.1Fe0.9Ge0.2P0.8,251.0,287.1535941148613
Mn1.1Fe0.9Ge0.3P0.7,380.0,290.365358809774
Mn0.9Fe0.9Ge1,241.0,268.4126788691072
Mn4.1Fe0.9Si2Ge1,211.0,237.2645332914046
Ho1Mn0.1Fe0.9O3,600.0,509.1635509055087
Mg0.01Mn1.05Fe0.9Si0.49P0.5,279.0,298.52071590864125
Mg0.02Mn1.05Fe0.9Si0.48P0.5,319.0,298.8847408115151
Mg0.03Mn1.05Fe0.9Si0.47P0.5,352.0,294.390721940671
Y1Mn0.1Fe0.9O3,592.0,546.9897252059159
Mn1.05Fe0.9Si0.5P0.5,275.0,302.0146122385236
Mn1.1Nb1Fe0.9,38.0,248.88175774463076
Mn2.1Fe0.9Sn1,257.0,283.2586003027825
Sr2Fe0.9Ni0.1Mo1O6,417.0,388.3695212623308
Sr2Fe0.9Mo1O6,430.0,383.3567760875964
Sr2Zn0.1Fe0.9Mo1O6,391.0,388.8455478231158
Sr2Fe0.9Mo1.1O6,383.0,384.9874245676426
Th1Fe0.9Ni4.1,525.0,312.48379885343036
Fe0.9Si1Rh0.1,13.0,171.40906529066984
Fe0.9Si1Ru0.1,14.0,170.44927907337677
Fe0.9Si0.1,609.075,946.1176908509657
Fe,1043.0,932.272173837366
Fe1.05Sb0.02Te0.49Se0.49,8.0,375.19673914415097
Mn0.522Zn0.423Fe1.075O3,473.15,426.2983157039754
Sr2Fe1.087Re0.913O6,400.0,394.84683093568947
Ga0.92Fe1.08O3,308.25,291.1124902149636
La0.6Ga0.4Fe1O3,350.0,486.2724808180679
In0.25Ga0.75Fe1O3,151.0,283.53790543977993
Mn0.1Ga0.9Fe1O3,201.0,293.31603742315593
GaFe,1043.0,436.55731580324914
MnGaFeNi,322.0,388.8612552051833
GaFeNi2,430.0,447.8442574873024
GaFe(NiTe)2,75.0,237.90024143354248
GaFeO3,238.66666666666663,242.18768867100303
Ti2GaFe,27.0,225.309824679085
Ga1.3Fe1,620.0,251.452967923904
Ga2FeO3,300.0,248.3166222416884
Mn27Ga22FeNi50,380.0,356.9753531512424
Mn20Ga25FeNi54,346.0,345.46087897665114
Ga25FeNi74,85.0,97.26384529835624
GdFe,712.0,526.7209055649483
GdFeSiNi3,168.0,220.92075161605055
GdFeSi,120.16666666666669,170.94281021753943
Gd2FeSbO7,5.0,165.44813035026797
Gd2FeSi2,145.0,164.6897680219165
Tb3Gd3FeSbTe,258.0,277.8361095300246
Mn1Fe1Si0.45Ge0.05P0.5,300.0,307.2707185851009
Mn1Fe1Si0.33Ge0.11P0.56,260.0,311.44254020678466
Mn1Fe1Si0.3Ge0.11P0.59,288.0,301.05435882324605
Mn1Fe1Si0.26Ge0.11P0.63,305.0,303.95967685596753
Mn1Fe1Si0.22Ge0.11P0.67,283.0,300.6031006210696
Mn1Fe1Si0.18Ge0.11P0.71,278.0,297.8219473496133
Mn1Fe1Si0.14Ge0.11P0.75,252.0,294.6909662664641
Mn1Fe1Si0.25Ge0.12P0.63,300.0,298.9747966820872
Mn1Fe1Si0.4Ge0.1P0.5,343.0,308.1100600392102
Fe1Si0.75Ge0.25Ru2,354.0,402.53136959327884
Mn1Fe1Si0.3Ge0.2P0.5,478.0,324.21414429553965
Mn1Fe1Ge0.2P0.8,250.0,292.60886642772937
Mn1Fe1Si0.2Ge0.3P0.5,523.0,326.0662595912654
Mn1Fe1Ge0.3P0.7,360.0,305.4053614435228
Mn1Fe1Si0.1Ge0.4P0.5,548.0,329.69987874614975
Mn1Fe1Ge0.5P0.5,570.0,330.9283742882313
Fe1Si0.5Ge0.5Ru2,389.0,396.73734990995683
Fe1Si0.25Ge0.75Ru2,420.0,405.06993128750673
Fe1Si0.05Ge0.95,250.0,324.5945092260672
FeGe,444.42,303.2857409841557
Mn0.4Fe1Ni0.6Ge1,243.0,367.4548773601458
Mn0.6Fe1Ni0.4Ge1,312.0,300.27706100069054
Mn0.7Fe1Ni0.3Ge1,310.0,290.60774720871814
Mn0.8Fe1Ni0.2Ge1,274.0,285.95046382520735
Mn0.9Fe1Ni0.1Ge1,234.0,274.4772447975503
MnFeGe,246.75,247.1571428946784
Mn2FeGe,217.5,261.70535829677067
FeNiGe,770.0,364.7012165119248
FeGeRu2,460.0,367.247892024043
NdMnFeGe2,95.0,207.86580468553473
Mn4FeGe3,326.42,264.3403031356248
NdMn5FeGe6,416.0,307.70394839432726
FeHO,446.25,592.9283169712736
FeHO2,808.15,568.3101413874017
Hf2FeH3,73.0,268.20689553257864
YMnFeH5,293.0,227.58166354449202
Zr3Fe1H5.6,80.0,218.6073282299196
FePH6NO5,25.0,91.77813390533822
FeP2H6NO8,17.82,66.11875335940148
Hf0.8Ta0.2Fe1,118.0,307.18646253744026
Tb0.15Ho0.85Mn1Fe1,249.0,292.1207270375396
HoFeO3,47.0,309.90005156974416
Ho6FeSb2,56.0,53.674313119608904
Ho6FeTe2,8.0,87.44534044678413
Mn39In13FeNi47,319.0,318.3338526334209
Mn34In15FeNi50,257.0,324.47922373659014
In2FeO3,300.0,290.5800987928554
Fe1Ir0.06048Rh1.01952,643.0,595.3617991608771
Fe1Ir0.091Rh0.989,630.0,610.034613608388
Fe1Ir0.13008Rh0.94932,613.0,629.7369326271867
Sr1.2La0.8Fe1Ir1O6,700.0,407.5333586312212
KLaFeMoO6,500.0,370.4604255204548
Sr1.9La0.1Fe1Mo1O6,414.0,394.10901535986255
Sr1.8La0.2Fe1Mo1O6,416.0,394.57583315244506
Sr1.7La0.3Fe1Mo1O6,409.0,400.2463191788707
Sr1.6La0.4Fe1Mo1O6,423.5,400.0759012502564
Sr0.36La0.64Fe1O3,225.0,651.147310451936
Sr0.4La0.6Fe1O3,700.0,344.3643777281899
La0.7Y0.3Fe1O3,712.0,608.3296453248305
La0.8Y0.2Fe1O3,720.0,666.0012619138556
La0.9Y0.1Fe1O3,725.0,616.550449270574
Sr2LaMnFeO7,20.0,306.6296450538557
La2MnFeO6,591.0,285.35385001616663
SrLa2FeNiSbO9,350.0,290.4069436500097
LiFePO4,30.0,166.37551251838454
LiTiFeO4,300.0,439.1665460023245
LuFeO3,625.0,272.8961868642481
MgFeSiO3,37.0,365.48714769855326
MnFe,1029.9,295.916117306985
MnFeNiO4,560.15,452.31865801851825
MnFeNiSn,376.0,385.99738831727734
MnFeNi2,755.0,425.37088366146975
MnFeO3,24.0,409.8234935149364
Pr2MnFeO6,576.0,313.92012373392265
Mn1Fe1Si0.67P0.33,225.0,292.5626037994544
Mn1Fe1Si0.64P0.36,240.0,293.36442726393005
Mn1Fe1Si0.55P0.45,365.3,295.0985375345889
Mn1Fe1Si0.6P0.4,260.0,293.79522971784365
Mn1Fe1Si0.45P0.55,320.0,310.62354781971123
Mn1Fe1Si0.42P0.58,340.0,302.28835201703635
Mn1Fe1Si0.5P0.5,341.0,306.1375422344729
Mn1Fe1Si0.25P0.75,225.0,292.49639678385347
MnZnFeS,300.0,333.40847669963364
MnFeSn,288.5,301.7664297265058
TbMnFe,320.0,321.99385411288785
YMnFe,152.5,343.45565050226094
ZrMnFe,620.0,236.21668502019003
Mn1.5Fe1Ni0.5O4,518.15,436.14915503488623
Mn2FeO4,326.1666666666667,247.49411252018857
Mn2FeReO6,520.0,306.01330023436424
Mn2FeSi,200.0,265.6078304654707
Mn2FeSn,354.5,269.1932151242422
Mn36Fe(Ni7Sn2)7,322.0,315.74425931554396
Mn4FeSn3,190.0,270.1447394619201
YbMn5FeSn6,279.0,299.3914118610176
Fe1Mo0.0833Rh1,771.0,738.4940291845637
Sr2Fe1Mo0.15W0.85O6,200.0,396.17462879316486
Sr2Fe1Mo0.7W0.3O6,358.0,389.9999589839849
Sr2Fe1Mo0.8W0.2O6,432.0,385.03246540024696
Sr2Fe1Mo0.9W0.1O6,363.0,395.111384307181
Sr2Fe1Mo1N0.3O5.7,400.0,392.0300530197692
Sr2FeMoNO5,175.0,373.92692303219883
Sr1.99Nd0.01Fe1Mo1O6,378.0,396.01265026178635
Sr1.97Nd0.03Fe1Mo1O6,367.0,395.33558425252534
Sr1.95Nd0.05Fe1Mo1O6,380.0,395.33571790409303
Sr1.6Nd0.4Fe1Mo1O6,443.0,399.779915039482
ZnFeMoO4,348.0,386.57522837940417
Sr2Fe1Mo1S0.5O5.5,300.0,380.48289344588096
Sr2Fe1Mo1O5.704,367.0,393.6870231257162
Sr2Fe1Mo1O5.868,418.0,388.5866811200832
Sr2Fe1Mo1O5.94,432.5,395.39685973056555
Sr2Fe1Mo1O5.97,416.0,395.87955216961194
FeMo(PbO3)2,243.0,273.3880858752505
Sr1.95Sm0.05Fe1Mo1O6,415.0,394.58948088091347
Sr1.92Sm0.08Fe1Mo1O6,413.0,398.3128881202451
Sr1.85Sm0.15Fe1Mo1O6,392.0,400.04464565839254
Sr1.9Sm0.1Fe1Mo1O6,405.0,398.88712029723524
Sr1.75Sm0.25Fe1Mo1O6,424.0,400.1980693887246
Sr1.8Sm0.2Fe1Mo1O6,422.0,398.17723473168024
Sr2FeMoO6,404.954347826087,403.95851699833327
Fe1N0.333,575.0,516.5896339614526
Na2FeNi2(PO4)3,46.0,240.93896441273486
Nb0.0833Fe1Rh1,834.0,733.2365486685547
NdNbFe,806.15,430.0671552599623
Sr2NbFeO6,727.0,372.09258457324336
NdFe,513.15,505.64425998231644
NdFeSiNi3,120.0,218.70824848587327
NdFeSb12,8.6,122.44678326339914
Fe1Ni0.0833Rh1,426.0,554.2264067912472
FeNi,603.3625,795.688233141431
FeNiO4,699.0,626.4245754704095
FeNiP,83.33333333333333,390.2542325340055
FeSiNi2,770.0,453.38208192699057
FeNi3,889.5041666666666,773.3559682624364
Tb0.5Sm0.5Fe1Si1Ni3,120.0,185.10953905908795
Tb0.25Sm0.75Fe1Si1Ni3,166.0,196.68606102339183
SmFeSiNi3,190.0,189.94184407403992
TbFeSiNi3,156.0,198.82291284609045
FeNi36,503.15,628.0416224628042
TbFeNi4,280.0,339.64449984082523
FeNi40,603.15,558.6096890366306
FeNi99,644.15,614.3402332571056
ZnFeO,850.0,407.60936140759406
TiFeO2,650.0,456.96468960379747
SmFeO3,613.75,263.5823452185999
TiFeO3,78.0,405.9157101944005
TmFeO3,17.0,388.3036035056343
VFeO3,455.0,338.9111070548486
YFeO3,330.0,393.7250411715224
UFeO4,44.5,325.7185289045617
V2FeO4,115.0,339.79646864410205
Sr2FeReO6,400.5,410.9402852622385
Sr2UFeO6,150.0,313.29481191556766
Sr2VFeO6,733.0,599.754691554769
FeP,215.0,369.8611096264443
FePRh,350.0,256.9912910272974
FePRu,184.0,339.87183662549296
Fe1Pd0.031Rh1.026,664.0,597.0829097747301
Fe1Pd0.063Rh1.017,650.0,608.9436879361763
FePd,275.9653846153846,509.20357230070323
Fe1Pd1.6Pt1.4,270.0,393.67028835530397
FePd2,20.0,497.3356850797612
FePd2Pt,360.0,328.94603529867226
FePd3,540.0,297.96885392045766
PrFeSi2,26.0,193.7030969648019
Fe1Pt0.061Rh1.019,636.0,616.497919782663
FePt,712.115,669.5432509078914
FePt3,380.0,353.7301658076021
FeRh,674.75,605.7034130098754
Ta0.0833Fe1Rh1,773.0,685.2078404228246
TmFeRh,1048.0,262.697867153844
Fe1Rh1W0.0833,1051.0,660.9055790318168
ZnFeS,300.0,299.3954363471092
Ti2FeS4,102.6,237.5111644212549
Fe1Sb0.8,80.0,173.9483434811549
FeSb,200.0,253.05867584848238
Tb6FeSb2,256.0,173.84892337701518
FeSi,531.28,314.26254492168357
TbFeSi,124.0,113.20967335237671
Tb2FeSi2,136.0,130.49278630532757
Fe1Si3.8,1013.15,393.56970471800315
TbFe,450.0,538.005170477507
Tb6FeTe2,160.0,219.09912108899292
FeTe2,878.0,159.04298668491583
Fe1.11Te1,479.0,232.00037018110547
Sr2Fe1.142Re0.858O6,400.0,391.6895621310333
Ga0.85Fe1.15O3,308.0,324.54989990949343
Mn1.74Ga1Fe1.16,230.0,269.27052809073245
Fe1.18Ni0.59Ge0.41O4,610.0,639.5186225219389
Sr2Fe1.197Re0.803O6,400.0,391.22746041295454
Mn27.7Ga21.5Fe1.1Ni49.7,393.5,356.3986300152178
Mn21.2Ga21.9Fe1.1Ni55.8,363.3,357.42468609456375
Mg1.6Fe1.1Sb0.3O4,370.0,293.6757887675698
Sr2Fe1.1Mo0.9O6,398.0,393.3187103439392
Mn0.6Fe1.22Si0.36P0.64W0.05,266.7,308.4094843241673
Fe1.22Sb1,4.2,175.70565622140504
Mn0.6Fe1.23Si0.36P0.64W0.04,286.2,301.24313742586935
Mn0.6Fe1.24Si0.36P0.64W0.03,301.8,304.8658523963908
Ti0.76Fe1.24O3,269.0,472.6984888774264
Mn0.6Fe1.25Si0.36P0.64W0.02,302.6,305.6358821127284
Mn0.6Fe1.25Si0.34P0.66S0.01,319.9,307.73557555421206
Mn0.6Fe1.25Si0.34P0.66S0.02,309.7,306.67999862922477
Mn0.6Fe1.25Si0.34P0.66S0.03,305.6,305.14515217049455
Mn0.6Fe1.25Si0.34P0.66S0.04,303.1,307.4262343718253
Mn0.6Fe1.25Si0.34P0.66,323.9,307.5725464825806
Mn0.75Fe1.25Sn1,383.0,321.21595435273986
Fe1.25Ni1.5Sb0.25O4,710.0,646.8768951486351
Mn0.6Fe1.26Si0.36P0.64W0.01,312.1,308.87300338332693
Mn0.6Fe1.27Si0.36P0.64,326.0,310.0502264670748
Mn0.66Fe1.29Si0.42P0.58,450.0,315.96454383022063
Mn0.66Fe1.29Si0.37P0.63,390.0,322.5574669893935
Mn0.66Fe1.29Si0.34P0.66,350.0,326.3835473114976
Mg1Ga0.8Fe1.2O4,292.5,387.505654780781
Ga0.8Fe1.2O3,297.5,408.80156698341153
Sr0.34La0.63Mn0.9Fe1.2O2.8,367.0,453.5303210190881
Zr1Mn0.8Fe1.2,115.0,388.3222393949685
Sr2Fe1.2Mo0.8O6,418.0,377.768663760953
Zn0.8Fe1.2Mo1O4,348.0,380.7987420583202
Zn0.5Fe1.2Ni0.5O2.8,232.0,446.41306161987643
Li0.5Ga1.18Fe1.32O4,301.0,371.9025796730707
Ti0.67Fe1.33O3,347.0,495.67678735582064
Mn0.66Nb1Fe1.34,60.0,244.4333591247834
Mg1.35Ti0.35Fe1.3O4,347.0,478.57523970059316
Tb1Mn0.7Fe1.3,430.0,363.38430157798933
Sc0.7Mn1Fe1.3O4,443.0,473.3054141483905
V0.7Fe1.3Ni1O4,670.0,574.1718185741171
Fe1.3Sn1,676.0,458.70910247369477
Tb1Ga0.58Fe1.42,400.0,355.0767634402211
Mn1.45Ga1Fe1.45,345.0,290.60684419687675
Ga0.6Fe1.4O3,306.6666666666667,588.7156354535466
Mn23Ga24.54Fe1.4Ni51.33,370.0,357.85113480268825
Fe1.4Ni0.7Ge0.3O4,680.0,647.6048875506541
Zn0.6Fe1.4Mo1O4,348.0,462.90959243200444
Fe1.4Ni0.6P1,270.0,400.2981991435354
Fe1.58Ge1,470.0,468.66111221675396
Ga0.5Fe1.5Ni1O4,708.15,699.4017713253792
Fe1.5Ge1,444.0,463.907409477485
Mn1.5Fe1.5Ge1,333.0,274.0718134187252
Mn3.5Fe1.5Si2Ge1,218.0,270.13301723651034
Mn3.5Fe1.5Ge3,332.0,253.77259528189703
Tb0.15Ho0.85Mn0.5Fe1.5,440.0,438.79101695230275
Mn0.4Zn0.6In0.5Fe1.5O4,402.0,439.5596234619671
Zr1Fe1.5Ir0.5,280.0,384.01956085656514
La1Fe1.5Ni3.5,250.0,447.2027618155136
Li0.5Mn1Fe1.5O4,593.575,564.7435994361679
Li0.5Fe1.5Rh1O4,580.0,541.2214302024331
Mn0.26Zn0.24Fe1.5O2.76,368.5,536.6836158192741
Mn0.5Fe1.5Sn1,468.0,382.0280331056703
Ti0.25Mn0.9Zn0.1Fe1.5Ni0.25O4,451.0,505.9973888246792
Mn1.5Fe1.5Si1,147.5,273.8200337281039
Fe1.5Ni1Rh0.5O4,720.0,634.8975665710964
Ti0.5Fe1.5O3,490.65,575.1821448525285
Ti1Fe1.5O3.5,873.0,510.0107684866224
Sc1Fe1.5Si0.5,145.0,287.0474779795332
Fe1.65Ge1,470.0,477.25043314635786
Mn0.355Zn0.15Fe1.65O3,467.5,594.4815680895662
Zn98.35Fe1.65O1,300.0,200.60740223578028
Fe1.67Ge1,485.0,472.21117542651683
Ga1.32Fe1.68Ni1,837.0,517.4328707146555
Mg1Ga0.4Fe1.6O4,510.0,556.5112847146038
Li0.65Ti0.5Mn0.05Zn0.2Fe1.6O4,557.15,566.4667567373467
Ti0.2Mn0.9Zn0.1Fe1.6Ni0.2O4,477.0,497.4963458653053
Zn0.4Fe1.6Mo1O4,348.0,472.51804215897727
Zn0.5Fe1.6Ni0.5O3.4,217.0,457.0070628726881
Sc0.4Fe1.6Ni1O4,740.0,644.4883256231071
Fe1.6Sn1,583.0,554.2245790179752
V5Fe1.6,200.0,280.78789840795986
Pr1Fe1.737Si0.193,520.0,495.1214722254326
Mn1.16Ga1Fe1.74,420.0,268.4804325227646
Mg0.347Mn0.894Fe1.758O3.88,570.15,533.4268416543606
Ga0.25Fe1.75Ni1O4,781.15,688.0687103117706
Mn0.25Fe1.75Sn1,546.0,482.1910408803642
Fe1.75Ni1.2Sb0.05O4,820.0,709.1026025112786
Sc1Fe1.75Si0.11,570.0,435.54642229962866
Gd1Hf0.3Fe1.7,590.0,591.3619349368538
Li0.1Zn0.8Fe1.7O4,88.0,349.21216196631457
Li0.5Mn0.8Fe1.7O4,677.575,539.2574126413427
Mg1.2Fe1.7Sb0.1O4,620.0,579.9555111671157
Ti0.15Mn0.9Zn0.1Fe1.7Ni0.15O4,498.0,515.6475195647845
Mn1.3Fe1.7O4,514.5,449.811418033043
Mn1.3Fe1.7Si1,159.6,246.64433594992647
Ti1V0.3Fe1.7,175.0,260.47023002321345
Pr1Fe1.8335Si0.0965,527.0,501.0843439027179
Ti0.83Fe1.83O3,260.0,710.5148298636349
Fe1.84Ni0.92Ge0.08O4,810.0,726.5155786448886
Mn0.16Fe1.84Ge2Pb2O9,22.0,233.60246446015967
Fe1.84Ni0.16P1,342.0,361.17896967681844
Gd0.05Ti0.05Mn0.9Zn0.1Fe1.85Ni0.05O4,471.0,499.1600398666293
Mn0.1Fe1.85Ge0.1P0.9,430.0,350.1751782915579
Li1.2Ho0.15Zn0.4Fe1.85O4,806.0,750.7454727765609
Mn1.15Fe1.85Si1,182.9,265.7270484982578
Sc0.15Fe1.85Ni1O4,830.0,770.3444484290136
Y0.15Zn1Fe1.85O4,313.0,395.6858515678851
Gd0.04Ti0.05Mn0.9Zn0.1Fe1.86Ni0.05O4,473.0,479.87279926398037
Gd0.03Ti0.05Mn0.9Zn0.1Fe1.87Ni0.05O4,475.0,499.962119046468
Pr1Fe1.88175Si0.04825,515.0,523.6910368196541
Gd0.02Ti0.05Mn0.9Zn0.1Fe1.88Ni0.05O4,481.0,505.3613119772431
Li1.2Ho0.12Zn0.4Fe1.88O4,810.0,774.7846949406069
Gd0.01Ti0.05Mn0.9Zn0.1Fe1.89Ni0.05O4,496.0,505.03916301204634
Mg1.2Fe1.8O3.9,493.15,624.7081451611313
Mn0.2Nb1Fe1.8,54.0,207.529833534452
Ti0.1Mn0.9Zn0.1Fe1.8Ni0.1O4,552.0,518.42615986913
Mn1.2Fe1.8Si1,188.0,244.95206428050722
Zn0.2Fe1.8Mo1O4,348.0,413.44098107392307
Fe1.8Ni0.2P1,340.0,355.939228186015
Ti1Fe1.8O3.2,850.0,414.7531724531381
Ti1V0.2Fe1.8,175.0,217.51946900968366
Li1.2Ho0.09Zn0.4Fe1.91O4,814.0,800.806877585374
Fe1.91P1,223.0,334.71015980784716
Gd0.075Fe1.925Ni1O4,902.0,832.2676833744807
Ti0.025Zn0.375In0.025Fe1.925Ni0.65O4,298.15,594.7428721250322
Sm0.075Zn0.5Fe1.925Ni0.5O4,523.15,525.8136116209114
Pr0.08Zn0.5Fe1.92Ni0.5O4,581.15,545.1738999247934
Sc1Fe1.92,620.0,474.0193149694173
Mn0.4Zn0.6In0.07Fe1.93O4,627.0,570.7761803768366
Pr0.1Nd0.12Sm0.78Fe1.93,659.0,626.7562381802297
Pr0.1Nd0.24Sm0.66Fe1.93,657.0,625.5816848516544
Pr0.1Nd0.2Sm0.7Fe1.93,658.0,628.1795058691298
Pr0.1Nd0.32Sm0.58Fe1.93,656.0,626.6704426852143
Pr0.1Nd0.36Sm0.54Fe1.93,654.0,625.0531969603787
Tb0.4Pr0.3Nd0.3Fe1.93,598.0,612.2309060115325
Tb0.1Pr0.45Nd0.45Fe1.93,541.0,588.6042481734971
Pr0.07Zn0.5Fe1.93Ni0.5O4,539.0,555.2047896581203
Pr0.1Sm0.9Fe1.93,667.0,606.5708048781194
Pr1Fe1.93,509.0,538.0243641581895
Li1.2Ho0.06Zn0.4Fe1.94O4,824.0,816.6788834998761
Pr0.06Zn0.5Fe1.94Ni0.5O4,589.15,545.2850760584734
Gd0.05Mg1Fe1.95O4,642.0,574.2075679581548
Gd0.05Fe1.95Ni1O4,867.0,845.7144000623575
Tb0.75Ho0.25Fe1.95,665.0,622.9529158296657
Tb0.5Ho0.5Fe1.95,645.0,612.5114745210325
Tb0.25Ho0.75Fe1.95,620.0,599.9071741780617
Tb0.15Ho0.85Fe1.95,615.0,590.4748290530719
Ho1Fe1.95,600.0,575.6640215678556
La0.05Mn0.5Zn0.5Fe1.95O4,441.15,451.9200119688786
Li0.45Ti0.4Zn0.5Fe1.95O4,329.15,516.6159494045028
Nd0.05Fe1.95Ni1O4,841.0,823.0287209225153
Pr0.05Zn0.5Fe1.95Ni0.5O4,534.0,566.7762602312075
Sm0.05Zn0.5Fe1.95Ni0.5O4,534.15,531.6355937625605
Zn0.4Fe1.95Ni0.65O4,570.15,544.8368648618521
Tb1Fe1.95,700.0,641.504400161374
Mn0.4Zn0.6In0.035Fe1.965O4,614.0,540.1024732127722
Pr0.04Zn0.5Fe1.96Ni0.5O4,581.15,542.5219147411644
Gd0.025Fe1.975Ni1O4,910.0,825.4063620809158
Sm0.025Zn0.5Fe1.975Ni0.5O4,547.15,535.2718357350482
Li1.2Ho0.03Zn0.4Fe1.97O4,835.0,762.5554714328692
Gd0.02Zn1Fe1.98O4,318.0,301.24060214662626
Hf0.8Ta0.2Fe1.98,170.0,169.127749288759
Pr0.02Zn0.5Fe1.98Ni0.5O4,593.15,541.7135712696255
Pr0.03Zn0.5Fe1.98Ni0.5O4,529.0,568.3078054308339
Gd0.01Mn0.3Zn0.4Fe1.99Ni0.3O4,535.15,544.7643906193607
Gd0.01Mn0.8Zn0.2Fe1.99O4,680.0,563.0791806497444
Gd0.01Zn1Fe1.99O4,274.0,321.06715283390133
La0.01Mn0.3Zn0.4Fe1.99Ni0.3O4,535.15,540.2361570777384
Nd0.01Mn0.3Zn0.4Fe1.99Ni0.3O4,535.15,532.1231555044053
Sm0.01Mn0.3Zn0.4Fe1.99Ni0.3O4,535.15,539.2818367415963
Yb0.01Mn0.3Zn0.4Fe1.99Ni0.3O4,535.15,544.6354428461675
Tb1Fe1.99,697.0,643.1399412398798
Mn26.9Ga21.4Fe1.9Ni49.8,383.3,361.5977637725631
Ti0.05Mn0.9Zn0.1Fe1.9Ni0.05O4,545.0,530.865719384375
Gd0.1Mn0.8Zn0.2Fe1.9O4,630.0,535.1422954922928
Gd0.1Zn0.8Fe1.9Ni0.2O4,453.0,371.6530155060236
Gd0.1Zn0.6Fe1.9Ni0.4O4,483.0,476.5656533358351
Gd0.1Zn0.4Fe1.9Ni0.6O4,533.0,530.4328284229921
Gd0.1Zn0.2Fe1.9Ni0.8O4,573.0,630.426481986527
Gd0.1Zn0.1Fe1.9Ni0.9O4,613.0,712.0640826931544
Gd0.1Fe1.9Ni1O4,898.0,789.6712889923035
Gd0.1Zn0.1Fe1.9O4,403.0,581.6135949070515
Gd0.1Zn1Fe1.9O4,480.0,362.51246422045017
Ho0.1Mn0.5Zn0.5Fe1.9O4,354.0,471.4376197957372
Tb0.16Ho0.84Mn0.1Fe1.9,590.0,576.1462869012714
Tb0.08Ho0.92Mn0.1Fe1.9,581.0,572.2261831243732
Mn0.4Zn0.6In0.1Fe1.9O4,635.0,511.81823148071743
La0.1Mg0.6Zn0.4Fe1.9O4,420.0,530.2810271161328
La0.1Mn0.5Zn0.5Fe1.9O4,420.15,449.46438691816695
La0.1Fe1.9Ni1O4,790.0,810.0403572595361
Li0.2Zn0.6Fe1.9O4,460.0,431.7510854312271
Ti0.1Mn0.65Zn0.35Fe1.9O4,430.0,532.5017046943248
Ti0.1Mn0.8Zn0.2Fe1.9O4,485.0,540.2222483281537
Ti0.05Mn0.9Zn0.1Fe1.9Ni0.05O4,558.0,530.865719384375
Zn0.1Fe1.9Mo1O4,348.0,403.48481729031676
Nd1Fe1.9,538.0,582.5006795842887
Fe1.9Ni0.1P1,343.0,344.9472914388432
Pr0.1Zn0.5Fe1.9Ni0.5O4,543.0,545.0899219147718
Sm0.1Zn0.5Fe1.9Ni0.5O4,512.15,526.9534450691134
Y0.1Fe1.9Ni1O4,810.0,810.8519288335011
Tb0.5Pr0.5Fe1.9,636.0,598.1778575799602
Pr1Fe1.9,516.15,523.035600080764
Y2Ga7Fe10,349.0,362.3553925307895
Gd(Fe5Mo)2,430.0,453.99975833746134
Gd(Fe5Si)2,598.0,549.1726444115851
Gd(VFe5)2,616.0,530.1960354666168
Gd1.1Fe10Mo2,440.0,450.40796471387057
Gd3Fe5O12,567.3,455.2209957573233
Gd7Y2Fe,283.0,271.79277084868215
Y1Fe10Si2H0.3,536.0,496.3148414211474
Y1Ti1Fe10H0.55,570.0,548.4032411993397
YVFe10H,660.0,521.9432236483952
HoTiMnFe10,300.0,454.53591478894003
Ho(Fe5Mo)2,345.0,403.45237492641485
Ho(Fe5Si)2,566.0,568.3764488389088
Ho(VFe5)2,525.0,516.8934020930917
SrIn2Fe10O19,592.0,610.4193254390589
Sr0.85La0.15Zr1Mn1Fe10O19,788.15,661.4084580960994
Lu(Fe5Mo)2,260.0,423.40776979216207
Lu(Fe5Si)2,540.0,508.51006622684156
Lu(VFe5)2,483.0,477.9805107743204
Pr2Mn7Fe10,20.0,300.75943983727876
Nd1Fe10Mo2N0.5,146.0,511.6043491847828
Nd(Fe5Mo)2,400.0,425.17964131898935
Pr(Fe5Mo)2,385.0,417.60336132797863
Sm(Fe5Mo)2,460.19166666666666,437.6358381870729
Sm1.2Fe10Mo2,460.0,453.61618733113943
Tb(Fe5Mo)2,393.5,406.48607499222214
Tm(Fe5Mo)2,290.0,398.3937334863896
U(Fe5Mo)2,256.0,491.0757162345312
Y(Fe5Mo)2,352.5,401.66044114741646
Y1Fe10Si2N0.5,673.0,486.63775989148087
Sm1Fe10N0.5,740.0,548.2521994010548
NdV2Fe10N,448.075,691.3587145795188
Pr1V2Fe10N1.6,735.0,708.8590860061067
Pr0.8Nd0.2Ti1Fe10Si1,527.0,535.2091745828889
Nd0.2Zr0.8Fe10Si2,558.15,557.6445492841792
Pr0.6Nd0.4Ti1Fe10Si1,530.0,532.2619784038748
Nd0.4Zr0.6Fe10Si2,614.65,553.6291488770798
Pr0.4Nd0.6Ti1Fe10Si1,531.0,545.6632601054458
Nd0.6Zr0.4Fe10Si2,613.65,551.5727680447636
Pr0.2Nd0.8Ti1Fe10Si1,533.0,541.66011242722
NdTiFe10Si,535.0,546.0564849172856
Nd(Fe5Si)2,574.0,561.5376055483207
Nd(VFe5)2,570.0,551.4584530281107
Y3Fe5O9,570.0,583.3695238653648
Y3Fe5O12,562.7,553.0098319902072
Yb3Fe5O12,542.6,521.9512834046361
FePd7Rh2,140.0,220.69186772698825
FePd8Rh,190.0,209.15786720104464
FePd9,246.0,196.08450518754628
Pr0.3Zr0.7Fe10Si2,570.15,559.666343198097
PrTiFe10Si,523.0,529.7959333067979
Pr(VFe5)2,565.0,544.109047017158
U1Fe10Si1.9Sn0.1,650.0,583.3026419250454
Sm0.3Zr0.7Fe10Si2,583.15,552.2377394867489
Sm(Fe5Si)2,606.0,556.610796800374
Tb(Fe5Si)2,592.5,562.8005408483994
Tm(Fe5Si)2,560.0,565.7534101835708
U(Fe5Si)2,633.3333333333334,550.9549636796359
Y0.3Zr0.7Fe10Si2,564.15,535.0789325159554
Y(Fe5Si)2,551.3333333333334,511.7467818822276
Zr(Fe5Si)2,598.15,544.4921864162326
SmFe10,740.0,504.704027408887
Sm1.06Ti1V1Fe10,555.0,573.745315077989
Sm(TiFe5)2,550.0,555.2480743857196
Sm(VFe5)2,601.3833333333333,539.0884031752696
TbTiFe10,541.0,546.283083614727
Tb(VFe5)2,570.0,538.9030422233237
Th(VFe5)2,515.0,467.31141470713925
YTiFe10,530.0,495.77133107621574
Tm(VFe5)2,496.0,498.80939928399016
YVFe10,550.0,496.60462716130763
Y(VFe5)2,537.0,487.7663772016098
Gd1Nb0.7Fe10.17Ni1.13,636.0,597.8271708800446
Gd0.8Zr0.26Fe10.1Mo1.38,456.0,502.72643384765007
Gd1Fe10.22Mo1.17,500.0,519.4605745007018
Pr0.5Nd0.5Zr0.25Fe10.25Mo1.5,436.3,474.1817172208579
Pr1V1.75Fe10.25N1.6,760.0,722.7929138722002
Pr1V1.75Fe10.25,585.0,541.8241477394844
Sm1Ga0.5Fe10.2Mo1.3,483.0,488.90571404230184
Gd1Fe10.2Mo1.8,446.0,484.8003574748987
Gd1.1Fe10.2Mo1.8,484.0,462.8224832960542
Nd1V1.8Fe10.2,630.0,551.1005849377083
Sr1Sc1.8Fe10.2O19,500.0,553.0050061350219
Y1V1.8Fe10.2,556.0,500.5993969087515
Gd1Nb0.7Fe10.4525Ni0.8475,618.0,592.4040766249283
Sr1Zr0.8Fe10.4Ni0.8O19,549.0,664.4947581353889
Y1V1.6Fe10.4,575.0,499.71662718336745
Gd1Fe10.5Mo1.5,520.0,490.50645065414676
Gd1V1.5Fe10.5,635.0,559.5730827718986
Y1Fe10.5Mo1.5H0.9,460.0,484.27198206384537
Sr0.85La0.15Zr0.75Mn0.75Fe10.5O19,798.15,730.0491210425873
La1Fe10.5Si2.5,262.0,293.2197526639259
Lu1Fe10.5Si1.5,528.0,475.2323779866413
Mn37.5Fe10.5Ni41Sn11,318.0,332.2454028277646
Nd1Zr0.5Fe10.5Mo1,495.3,477.39607376125537
Nd1Zr0.25Fe10.5Mo1.25,486.3,494.49852003534966
Nd1Fe10.5Mo1.5N1,573.15,559.6399304717934
Nd1.2Fe10.5Mo1.5N1.52,598.0,618.3478602449253
Tb0.8Nd0.2Fe10.5Mo1.5,455.0,467.4108750313237
Tb0.6Nd0.4Fe10.5Mo1.5,454.0,474.02547500105914
Pr0.5Nd0.5Fe10.5Mo1.5,467.5,475.65840389184535
Tb0.4Nd0.6Fe10.5Mo1.5,456.0,473.5104678572809
Tb0.2Nd0.8Fe10.5Mo1.5,460.0,471.9083831090324
Nd1Fe10.5Mo1.5,460.1333333333334,469.9998747872211
Nd1.2Fe10.5Mo1.5,400.0,485.9062170116068
Sm1Fe10.5Mo1.5,487.5375,471.461983881376
Tb1Fe10.5Mo1.5,454.0,459.96003741712184
Y1Fe10.5Mo1.5,415.75,457.2332896410679
Nd1V1.5Fe10.5N1,800.0,711.7688379224157
Pr1V1.5Fe10.5N1.6,780.0,727.6451611366872
Pr0.8Nd0.2Ti1Fe10.5Si0.5,525.0,528.51192833291
Pr0.6Nd0.4Ti1Fe10.5Si0.5,527.0,540.3321282669242
Pr0.4Nd0.6Ti1Fe10.5Si0.5,537.0,537.0192992652322
Pr0.2Nd0.8Ti1Fe10.5Si0.5,539.0,546.3541622487768
Nd1Ti1Fe10.5Si0.5,540.0,551.7040179556939
Nd1V1.5Fe10.5,575.325,567.4435019469535
Pr1Ti1Fe10.5Si0.5,524.0,519.6684429279167
Pr1V1.5Fe10.5,600.0,547.9068070233234
Sm1Ti1.5Fe10.5,500.0,574.7928476153203
Sm1V1.5Fe10.5,620.0,552.1225396586341
Y1V1.5Fe10.5,400.0,533.2901445360346
Nd1.2Fe10.6Mo1.4,528.15,451.17627816739594
Y1V1.4Fe10.6,577.0,493.8757176412035
Gd1Nb0.7Fe10.735Ni0.565,613.0,578.5029451720867
Nd1V1.25Fe10.75N1,750.0,739.7945809226193
Pr1V1.25Fe10.75N1.6,800.0,726.5732551682597
Pr1V1.25Fe10.75,610.0,535.2797743022824
Sm1Fe10.7Mo1.3,495.0,488.46835307060684
Fe10.7Ni83.4Mo5.9,470.0,503.8677053073522
Tb1Ti1.3Fe10.7,556.0,549.6258472355753
La1Fe10.82Si1.82,208.0,231.23875340943627
La1Fe10.86Si1.62,200.0,233.24906830902896
Gd1Ti1.2Fe10.8,600.0,567.1082098498124
Gd1Fe10.8W1.2,550.0,501.1489216411965
Sr1In1.2Fe10.8O19,520.0,613.9348875713345
La1Mn0.7Fe10.8Si1.5,186.0,219.56966363274194
La1Fe10.8Si2.2,245.0,264.60398966183624
Pr0.9Zr0.1Fe10.8Mo1.2,455.0,479.26682508496054
Sr1Zr0.6Fe10.8Ni0.6O19,600.0,694.5255586045233
La1Fe10.94Si1.52,198.0,232.18040625125553
Sm0.95V1.08Fe10.97,625.0,560.8254575440611
Sm0.77Zr0.2V1.05Fe10.98,608.0,549.8633922250854
Nd0.4Sm0.59V1.02Fe10.99,593.0,548.6723861067168
La1Fe10.9Si2.1,234.0,238.07426158690876
Nd1Ti0.8V0.3Fe10.9,586.15,550.0294097142609
Gd1Nb0.7Fe11.01775Ni0.2825,601.0,572.4280356373249
Sm0.4Zr0.6V0.98Fe11.02,583.0,509.1486072209841
Sm0.61Zr0.4V0.96Fe11.03,599.0,530.965266809168
Pr6Ga3Fe11,320.0,401.79896556469424
Y2Ga6Fe11,399.0,399.0538604400249
GdTiFe11H,652.0,591.6728847039446
GdFe11Mo,551.0,523.0568275114949
Gd1Ti1Fe11N0.5,660.0,633.3783231781836
GdTiFe11N,739.0,712.717053207993
GdFe11Re,518.0,552.4413889366465
GdTiFe11,558.2142857142857,559.9304697326874
HoTiFe11H,590.0,550.5095363890988
LuTiFe11H,558.0,524.340116081339
NdTiFe11H,614.0,578.4900603332102
PrTiFe11H,604.0,536.6267177955882
SmTiFe11H,634.0,589.0593181477615
TbTiFe11H,607.5,586.9405213750524
YTiFe11H,600.0,547.4908902538917
YVFe11H,665.0,507.6471065117944
Sm1Ti1Fe11H1.2,627.0,587.4070354955942
Y1Ti1Fe11H1.2,567.0,555.2692263325803
HoFe11Mo,468.5,482.2178968202494
HoTiFe11,499.0,496.33515682223674
SrInFe11O19,610.0,676.2156768777626
Sr0.85La0.15Zr0.5Mn0.5Fe11O19,843.15,727.4411816141497
La0.7Pr0.3Fe11Si2,218.0,247.19417122092733
La1Mg0.5Fe11Si1.5,197.0,256.25182944950257
La1Fe11Si1.5Ni0.5,253.0,216.04026734688733
LaFe11Si2,240.0,225.91733275322485
La2Fe11Si2,199.0,336.074814837757
LuTiFe11,446.06666666666666,480.3050122351756
NdFe11Mo,499.0,498.8078323931569
Sm0.9Zr0.1Fe11Mo1,542.0,519.5897026628085
SmFe11Mo,520.0,493.1911733485304
TbFe11Mo,504.0,486.42529201739393
YFe11Mo,479.75,479.31043845652385
Nd1Ti1Fe11N0.5,740.0,647.0395122566193
Sm1Ti1Fe11N0.5,742.0,661.3297379160347
Tb1Ti1Fe11N0.5,630.0,680.9173713926442
Nd1Ti1Fe11N0.6,700.0,682.4011652599326
Sm1Ti1Fe11N0.8,769.0,706.6501570671653
Y1Ti1Fe11N0.8,733.0,577.0719523621257
NdTiFe11N,725.75,706.4254166219725
SmTiFe11N,740.6666666666666,725.3005528949961
TbTiFe11N,747.0,718.7404341917037
Nd1Ti1Fe11N1.5,729.0,724.6011445848101
Pr1Ti1Fe11N1.5,719.0,719.8260276915657
Nd0.25Sm0.75Ti1Fe11,569.0,564.6420381617343
Nd0.2Sm0.8V1Fe11,608.0,551.467010178097
Nd0.5Sm0.5Ti1Fe11,556.0,558.0510357995272
Nd0.7Sm0.3Ti1Fe11,558.0,559.6910278549881
Nd0.85Sm0.15Ti1Fe11,546.0,553.5849650720894
NdTiFe11,560.855,543.1386090488985
Nd1.15Ti1Fe11,550.0,521.7269920955631
Fe11PbO19,683.15,678.8714948691697
SrFe11O19,727.15,694.2793652681953
PrTiFe11,537.72,529.3947523416284
YTiFe11Si2,486.0,485.2839958708907
Sm0.99Ti1Fe11,555.0,556.015245463105
Sm0.9Zr0.1Ti1Fe11,593.0,558.0656056712314
SmTiFe11,550.6321428571429,550.6878241482364
SmVFe11,634.15,561.5189099595996
Sm2TiFe11,590.0,563.4831581175539
TbTiFe11,524.7166666666667,531.2758018743402
TmTiFe11,343.8,499.59644067390104
YTiFe11,514.98,508.3157465388779
YVFe11,550.0,503.20117007591836
Y1Nb0.85Fe11.15,524.0,506.2184463985231
Tb1Ti0.85Fe11.15,556.0,518.5041680187751
La0.3Pr0.7Fe11.18Si1.82,194.0,302.5873144685031
La1Fe11.18Si1.82,211.0,222.8574144618292
La1Mn0.4Fe11.1Si1.5,187.5,200.40299262421362
La1Fe11.1Si1.9,219.0,221.56656730045822
Y1Nb0.9Fe11.1,526.0,504.413711355277
Tb1Nb0.75Fe11.25,537.0,521.7430819804882
Y1Nb0.75Fe11.25,524.0,502.90417271329613
Fe11.25Pb1O19,673.15,684.2601562020408
La1Fe11.29Si1.6Ni0.11,217.0,209.08595600748237
La1V0.11Fe11.29Si1.6,223.0,215.04929483952094
La0.7Nd0.3Fe11.2Si1.8,213.0,235.52380457168078
La0.7Pr0.3Fe11.2Si1.8,203.0,232.17142156170712
La1Mn0.3Fe11.2Si1.5N3,374.0,435.9133939407504
La1Mn0.3Fe11.2Si1.5,198.0,199.30420047349412
La1Fe11.2Si1.8,215.7333333333333,218.70280749729952
Tb1Nb0.8Fe11.2,534.0,519.1353161934626
Y1Nb0.8Fe11.2,525.0,503.74613862146526
Sr1Zr0.4Fe11.2Ni0.4O19,685.0,712.7861788666029
La1Fe11.31Si1.69H1.45,330.0,336.84033101483317
La1Fe11.31Si1.69,204.0,220.84984171169705
Ho1Nb0.65Fe11.35,525.0,507.4206683304383
Lu1Nb0.65Fe11.35,488.0,462.86113966271625
Tb1Nb0.65Fe11.35,537.0,524.0398798700572
La1Mn0.356Fe11.384Si1.26H1.52,289.55,322.72292604563575
Gd1Nb0.7Fe11.3,596.0,553.6337267103845
Ho1Fe11.3W0.7,521.0,509.2313638784881
La1Fe11.3Si1.7,270.6,209.9690293035497
Lu1Fe11.3W0.7,490.0,484.76495577147955
Tb1Nb0.7Fe11.3,546.0,524.7240800070022
Y1Nb0.7Fe11.3,526.0,505.5415099926855
La1Fe11.44Si1.56,195.0,212.74978004092816
La1Fe11.44Si1.56H0.5,233.0,273.17543936426966
La1Fe11.44Si1.56H1,298.5,318.2310173782765
La1Fe11.44Si1.56H1.5,323.0,336.3392727663196
La1Fe11.44Si1.56H1.6,330.0,340.8101818744847
La0.7Nd0.3Fe11.44Si1.56,215.0,213.29145693424164
La1Fe11.44Si1.56,198.8571428571429,212.74978004092816
Tb1Nb0.55Fe11.45,541.0,524.418087985961
La0.8Gd0.2Fe11.4Si1.6,207.5,211.72811344157057
La1Fe11.4Si1.6H0.21,234.5,219.71781288122583
La1Fe11.4Si1.6H0.41,266.6,246.50549033725514
La1Fe11.4Si1.6H0.86,281.7,317.3548425839452
Ho1Ta0.6Fe11.4,526.0,515.5446735246265
Sr0.8La0.2Mn0.2Fe11.4O19,694.0,714.1177794423263
La0.5Pr0.5Fe11.4Si1.6,314.0,217.02759324639797
La0.7Nd0.3Fe11.4Si1.6,197.0,216.95068400348953
La1Fe11.4Si1.4Ni0.2,252.19,212.1604374102735
La1Fe11.4Si1.6,211.66666666666663,213.94671227521152
Tb1Nb0.6Fe11.4,539.0,528.7006524440369
La1Fe11.51Si1.51,183.0,209.28662877724068
Sr0.5La0.5Zn0.45Fe11.55O19,678.0,703.9374786765244
La1Fe11.57Si1.43H1,308.08,312.85859515213616
La1Fe11.57Si1.43H1.1,290.0,322.9714538534849
La1Fe11.57Si1.43H2.14,344.0,384.36598435932456
La1Fe11.57Si1.43H2.3,347.0,389.9298723170101
La1Fe11.57Si1.43,202.8,208.40334278978324
La0.95Gd0.05Fe11.5Si1.5,196.0,203.5064113604069
La0.85Gd0.15Fe11.5Si1.5,198.0,207.98483816522977
La0.9Gd0.1Fe11.5Si1.5,196.0,206.42472967125465
La0.75Gd0.25Fe11.5Si1.5,204.0,218.78039016166514
La0.8Gd0.2Fe11.5Si1.5,200.0,206.05119622999277
Gd1Zr12.5Fe11.5Mo11.5,475.0,443.13376396486615
Ho1Ta0.5Fe11.5H1,583.0,550.8473216168779
Lu1Ta0.5Fe11.5H1,545.0,485.5278094711746
Tb1Ta0.5Fe11.5H1,608.0,562.2532838671999
Tm1Ta0.5Fe11.5H1,549.0,540.530869756382
La1Fe11.5Si1.5H1.19,329.8,322.2622335795798
La1Fe11.5Si1.5H2,356.0,360.4694509239447
Ho1Ta0.5Fe11.5,526.0,520.663808377151
Sr1In0.5Fe11.5O19,665.0,708.8826587845987
Sr0.85La0.15Zr0.25Mn0.25Fe11.5O19,851.15,739.9441757731819
La0.5Nd0.5Fe11.5Si1.5,196.0,257.92217023167495
La0.7Nd0.3Fe11.5Si1.5,192.0,210.00333144456994
La0.7Pr0.3Fe11.5Si1.5,186.0,210.4626047595471
La0.7Tb0.3Fe11.5Si1.5,197.07,240.13693344758644
La0.8Tb0.2Fe11.5Si1.5,194.8,216.2625811994332
La0.95Tb0.05Fe11.5Si1.5,194.06,208.97645586769173
La0.9Tb0.1Fe11.5Si1.5,194.04,209.56038764393486
La1Fe11.5Si1.5N3,405.0,461.34742596317966
La1Fe11.5Si1.5Ni11.5,200.0,543.9642962413411
La1Fe11.5Si1.5,222.89,204.5641879122898
La1.1Fe11.5Si1.5,332.6,225.5999658461975
La1.2Fe11.5Si1.5,330.9,236.98146565173136
La1.3Fe11.5Si1.5,332.1,244.93081894249477
Lu1Ta0.5Fe11.5,505.0,485.3724100842903
Sr1Mn0.5Fe11.5O19,699.15,716.9429260994787
Tb1Fe11.5Mo0.5,530.0,523.217011562579
Fe11.5Pb1O19,663.15,696.3258535032965
Sm1Ti0.5Fe11.5,485.0,542.8225807706962
Tb1Ta0.5Fe11.5,568.0,524.875886010949
Tm1Ta0.5Fe11.5,507.0,507.3232867381166
La1Y1Mg1Fe11.65Si1.35Ni1H1,333.0,456.9320545203181
La1Fe11.65Si1.35,213.0,206.86380780594828
Sr0.58La0.42Zn0.33Fe11.67O19,698.0,704.8095984229308
La1Fe11.6Si1.4H1,336.5,308.51724634328264
Sr1In0.4Fe11.6O19,680.0,714.0307920274594
La0.7Nd0.3Fe11.6Si1.4,188.0,204.70353878380462
La1Nb1Fe11.6Si1.4,191.666666666667,259.73909204412087
La1Fe11.6Si1.4,209.11111111111111,210.74393623247676
La1Ta1Fe11.6Si1.4,196.0,381.03239740921805
La1.2Fe11.6Si1.4,184.0,309.5288605094032
Sr1Zr0.2Fe11.6Ni0.2O19,703.0,730.6995681412371
Sr1Zn0.4Fe11.6O19,700.0,715.1896075751858
Fe11.75Pb1O19,688.15,696.8970592690391
Sr1In0.3Fe11.7O19,695.0,713.6551228403613
La1Fe11.7Si1.3N1.3,230.0,509.12540631901993
La1Fe11.7Si1.3,194.25,207.34136743426546
Sr1Fe11.7Pb0.3O19,743.15,714.2449403963828
La1Fe11.83Si1.17,184.9,223.69954215761646
Sr1In0.2Fe11.8O19,710.0,718.12740226803
La0.7Nd0.3Fe11.8Si1.2,181.0,235.35030287031532
La1Fe11.8Si1.2,193.5,213.149946711505
Sr1Fe11.8Pb0.2O19,743.15,715.4782875253401
Na0.27La0.79Fe11.94O19,710.0,715.9691693075264
Sr1Mn0.05Fe11.95O19,721.0,725.6646512052752
Sr1Mn0.03Fe11.97O19,740.0,722.4601033879208
Sr1In0.1Fe11.9O19,708.3333333333334,720.5514222274348
Sr1Fe11.9Pb0.1O19,743.15,717.0900392230208
Y2Ga5Fe12,494.0,431.8439075885471
Sr0.09Gd0.01Fe12O19,720.0,721.015631138733
Sr0.07Gd0.03Fe12O19,720.0,724.7299123856128
Sr0.05Gd0.05Fe12O19,720.0,720.094106558734
Sr0.95Gd0.05Fe12O19,736.0,726.7987911904254
Sr0.03Gd0.07Fe12O19,720.0,719.0117763284904
Sr0.01Gd0.09Fe12O19,720.0,725.2580001347765
Sr0.85Gd0.15Fe12O19,736.0,723.5556534395257
Sr0.9Gd0.1Fe12O19,736.0,722.9318628274152
Sr0.75Gd0.25Fe12O19,736.0,718.4256459438594
Nd0.8Gd0.2Fe12Mo12,496.0,485.6296146008737
Sr0.8Gd0.2Fe12O19,736.0,718.7606979601918
Nd0.5Gd0.5Fe12Mo12,513.0,496.3310674205318
Nd0.2Gd0.8Fe12Mo12,524.0,460.6055393495974
Gd(FeMo)12,322.0,473.0189965325126
GdFe,200.0,515.6829664373956
Sr0.82La0.03Pr0.15Fe12O19,729.0,723.9604386994104
Sr0.82La0.06Pr0.12Fe12O19,728.0,727.2962914538647
Sr0.82La0.09Pr0.09Fe12O19,729.0,721.1253922410185
Sr0.82La0.12Pr0.06Fe12O19,731.0,721.1011099927025
Sr0.85La0.15Fe12O19,943.15,721.172301997387
Sr0.82La0.15Pr0.03Fe12O19,731.0,724.7402046690212
Sr0.82La0.18Fe12O19,731.0,734.9840529197527
Sr0.19La0.19Fe12O19,730.0,723.6236271618034
Sr0.26La0.26Fe12O19,724.0,719.7583230364955
Sr0.4La0.4Fe12O19,720.0,715.2217676001225
La0.5Tl0.5Fe12O19,703.0,713.6788240628345
LaFe12O19,728.0,698.7602532988042
Sr2MnFe12NiO22,908.0,737.5054219346323
Nd(FeMo)12,317.0,483.5386409541866
NdFe12N,820.0,605.1424490693463
Sr0.85Nd0.15Fe12O19,722.15,718.1882328942777
NdFe12,823.15,513.6508471392837
SrFe12O19,748.0,730.5875038870063
SrFe6NiO11,698.0,659.3095815580107
Fe12PbO19,716.5375,705.0506740293359
Sr0.82Pr0.18Fe12O19,732.0,726.6473964714887
Sr0.95Sm0.05Fe12O19,656.09,727.8610681086013
Sr0.85Sm0.15Fe12O19,725.0,717.2949280115992
Sr0.9Sm0.1Fe12O19,735.0,718.9734364473856
SrFe12O19,740.3385000000001,730.5875038870063
SmFe12,511.6666666666667,644.8393401172801
Sm(TiFe)12,580.15,439.5264447619627
Fe12.1Ge87.9,350.0,317.2390645769915
Mn12.5Ga25Fe12.5Ni50,365.0,384.9868271914585
Gd87.3Fe12.7,291.0,282.99127336584456
La1Fe12.8Si1.4H1,336.5,337.3082764857578
Fe12.9Ni80.4Mo6.7,495.0,542.9544587079278
Nd6GaFe13H15,458.0,423.6521248082141
Nd6GaFe13,417.0,471.1039130825127
Nd2TiGa3Fe13,529.0,530.6720865300059
Y2Ga4Fe13,539.0,461.40480711366234
LaGdMn13Fe13Si13H,289.5,308.9732588842834
Nd6Fe13Ge1H14.5,352.0,470.75376629906395
Nd6Fe13Ge,352.0,463.06550813130053
Pr6Fe13Ge,303.0,449.8299243953772
LaMn13Fe13Si13H,267.875,299.7037234377592
LaFe13Si13H,205.0,353.84920608094285
Pr6Fe13Sb1H13.1,491.0,456.4028958225143
Pr2Mn4Fe13,251.0,361.0748900280823
Nd6Fe13Sb,550.0,453.50409549670206
Nd6Fe13Si,421.0,435.7234028789415
Pr6Fe13Pb,420.0,412.82290326764314
Pr6Fe13Sb,450.0,426.9959364645603
Pr6Fe13Si,398.0,416.37773205567095
Pr6Fe13Sn,250.0,459.2499281507577
Sm6Fe13Sn,400.0,484.7531427955122
Nd2Ti0.5Ga3Fe13.5,559.0,529.6809200058208
Lu2Fe13.6Si3.4,473.75,474.86152001664635
U2Fe13.6Si3.4,530.0,518.2860558789923
La1Fe13.92Si1.4,190.0,287.6132407958053
La1Fe13.9Si1.4H1,336.5,369.5614928006296
Nd2Ti(GaFe7)2,524.0,549.6243970078324
Nd2Ga3Fe14,602.5,533.1774920394539
Y2Ga3Fe14,538.5,489.24886108837705
Ho2Fe14Si3,480.0,517.5667302540859
Lu2Fe14Si3,470.0,477.4338333145206
Sr(Fe7O11)2,757.5,744.4748565471527
YFe7Si,465.0,445.3116056034412
Y2Fe14Si3,483.0,478.11900099388714
Gd3.24Y2.76Mn8.51Fe14.49,395.0,349.2414503097886
Nd2Ti0.5Ga2Fe14.5,525.0,537.4642623891461
Fe14.5Ge85.5,350.0,339.30260263776654
Sm3Fe14.5Mo14.5,445.0,434.00873688869757
Sm3V14.5Fe14.5N1,740.0,390.9882348575951
Pr3Ti14.5Fe14.5,392.0,423.1213556524614
Gd2TiGaFe15,544.0,544.7840147224832
Nd2TiGaFe15,459.0,542.2236519363738
Nd2Ga2Fe15,554.0,526.4846985934867
Y2Ga2Fe15,503.0,490.6153041080255
U2Fe15Ge2,540.0,483.99350981184386
Lu2Fe15Si2H1.04,471.0,448.58038946961506
Lu2Fe15Si2,441.6666666666667,459.64395072351147
Sm2Nb2Fe15,488.15,507.9635378140889
Sm2Zr2Fe15,488.15,543.3252576726998
La1Fe15.1Si1.4H1,336.5,382.6477535414458
Gd2Ti0.75Ga0.25Fe15.25,549.0,540.0734819991898
Nd5Mn1.7Fe15.3,414.0,481.2028275701781
Nd3.5Sm1.5Ti1.7Fe15.3,543.0,552.6100343873707
Sm5V1.7Fe15.3,598.0,536.4753673033964
Sm5Ti1.53Fe15.47,561.0,550.0252459059069
Gd2Ti0.5Ga0.5Fe15.5,556.0,549.6634973257068
Nd2Ti0.5Ga1Fe15.5,459.0,523.4333697614071
Tm2Mn1.5Fe15.5,305.4,355.3915721970689
Gd2Ti0.25Ga0.75Fe15.75,557.0,549.5096213602474
Nd2Ti0.5Ga0.5Fe16,413.0,513.7206579321548
Gd2GaFe16,560.0,534.0440252176401
Gd2TiGaFe16,544.0,548.8985430463305
Nd2GaFe16,468.0,502.1269159985609
Y2GaFe16,442.0,463.20538954540297
Gd2Fe16Si,528.0,526.6636465057447
Gd2TiFe16,544.0,529.1450202598662
Fe4Ge21,350.0,351.1229235332901
Lu2Fe16Si1H0.81,413.0,422.05985531089493
Lu2Fe16Si1H1.58,438.0,455.19116389680795
Y2Ti1Fe16H4.5,490.0,480.4025024964865
Y2Ti1Fe16H4.6,493.0,504.22406919704486
Nd2Ti1Fe16H4.8,503.0,524.6196062461863
Nd2Ti1Fe16H4.9,500.0,525.8093869251032
Lu2MnFe16,300.0,321.484552351139
Lu2Fe16Si,383.6666666666667,437.14365172841644
Pr2MnFe16,225.0,341.290828241418
Tm2MnFe16,308.8,352.9830398890131
SrMn2Fe16O27,698.15,709.4836455004912
Sm2Fe16Mo,538.0,458.6647899339392
Fe16Ni79Mo5,738.1,632.155146832592
Fe8N,758.6666666666666,771.221294132561
Y2Fe16Si1N2.55,652.0,650.8524466204714
Y2TiFe16N3,690.0,673.6413654319861
Y2Ti1Fe16N5.8,1031.5,449.61207850597174
Nd2TiFe16,395.5,456.0718496945894
Sm2Fe16Sb,499.0,496.52704386177504
Y2Fe16Si,398.0,430.50620808829774
Y2TiFe16,400.0,446.9205221578142
Nd5Mn0.85Fe16.15,454.0,495.98620890518475
Nd3.5Sm1.5Ti0.85Fe16.15,540.0,548.1633529367365
Sm5Ti0.85Fe16.15,491.0,549.1728161490673
Sm5V0.85Fe16.15,481.0,543.4256198123593
Gd2Ti0.75Fe16.25,541.0,520.9477181999433
Nd2Fe16.25Sb0.75,421.0,440.17695138320255
Pr2Ti0.75Fe16.25,357.0,388.867552982886
La1Fe16.2Si1.4H1,336.5,390.6096428826886
Sm2Ti0.68Fe16.32N3,749.15,719.1272844838977
Sm2Ti0.68Fe16.32,443.5,491.6190039141256
Sm2Fe16.42Mo0.58,429.0,464.946049176209
Sm2Fe16.4Mo0.6,459.0,441.8417066370607
Sm2Ga0.5Fe16.5N3.2,734.15,716.542132548629
Gd2Ti0.5Fe16.5,535.0,521.6312261844155
Lu2Fe16.5H0.4Ru0.5,272.0,386.51184526799386
Lu2Fe16.5H0.6Ru0.5,290.0,374.27962827441337
Lu2Mn0.5Fe16.5,257.0,326.2994827847015
Tm2Mn0.5Fe16.5,305.1,346.7333459028651
Pr0.2Tm1.8Nb0.5Fe16.5,340.2,373.21967431053474
Pr0.4Tm1.6Nb0.5Fe16.5,334.9,384.3703258374428
Pr0.5Tm1.5Nb0.5Fe16.5,334.2,382.3854160928017
Pr0.8Tm1.2Nb0.5Fe16.5,334.3,372.1416610574631
Pr1Tm1Nb0.5Fe16.5,330.3,364.9884984905458
Pr1.2Tm0.8Nb0.5Fe16.5,314.2,363.79530499800876
Pr1.6Tm0.4Nb0.5Fe16.5,312.0,358.88875976697284
Pr2Nb0.5Fe16.5,312.3,351.8112354622791
Tm2Nb0.5Fe16.5,346.2,365.7208203945573
Nd2Fe16.5Sb0.5,391.0,407.659375866302
Nd2Fe16.5Si0.5,366.0,394.6731700073101
Nd2Ti0.5Fe16.5,373.0,413.45608604427855
Sm2Fe16.5Sb0.5,472.0,464.2114969046585
Sm2Ti0.5Fe16.5,472.15,463.09244860436087
Pr2Ti0.4Fe16.6,321.0,354.6813066277728
Gd2Ti0.25Fe16.75,534.0,512.7330944465224
Nd2Fe16.75Sb0.25,365.0,383.14921577376947
Nd2Fe16.75Si0.25,345.0,376.9689843179487
Fe16.7Ni81Mo2.3,720.0,740.4511924738363
Sm2Fe16.7Sb0.3,439.0,458.7804439010015
Tm2Mn0.2Fe16.8,290.1,360.1252858219923
Pr2Fe16.9Ni0.1,300.0,323.43531690993325
Nd2Fe17,380.0,334.8797991411058
Ga27Fe17Ni56,282.65,316.1363586208916
Nd1.5Gd0.5Fe17,499.3333333333333,433.79684915281354
NdGdFe17,526.0,472.72733126928125
Nd0.5Gd1.5Fe17,549.3333333333334,499.2179536469056
Gd2Fe17,493.9166666666667,452.558378538874
Gd2Fe17H3,630.0,514.0632868396816
Gd2Fe17N2.4,758.0,735.512889373753
Gd2Fe17N2.5,740.0,735.9882603945509
Gd2TiFe17,544.0,526.670492596651
Gd2Zr2Fe17,470.0,537.2858878670977
Lu2Fe17H0.8,290.0,413.576381254191
Sm2Fe17H0.8N3,748.0,722.9599519121074
Pr2Fe17H,374.0,470.68451232321297
Nd5Fe17H16,573.0,438.9110032824145
Lu2Fe17H2,449.0,463.7784379257951
Pr2Fe17H2,440.0,524.0966630327023
Sm2Fe17H2,526.0,532.8889176350308
Tb2Fe17H2.5,559.0,526.2507315652254
Ho2Fe17H3,492.0,513.5659824073468
Pr2Fe17H3,484.0,524.3055819467413
Y2Fe17H3,490.0,501.3011346186951
Ho2Fe17H3.2,426.0,522.0581179037262
Nd2Fe17H3.2,510.0,531.4345794840592
Sm1.6Ho0.4Fe17H4,510.0,556.1840531774463
Sm1.2Ho0.8Fe17H4.4,518.0,541.3000953108889
Sm1.6Ho0.4Fe17,388.0,456.85189984957617
Sm1.2Ho0.8Fe17,381.5,383.3815773212255
Ho2Fe17,330.375,365.9716072150098
Ho2Fe17N2.1,709.0,705.3549610185809
Ho2Fe17N2.5,710.0,704.1065780006527
Ho2Fe17N3,709.0,713.9136389919896
Lu2Fe17,239.0,375.23810879816176
Lu2Fe17N2.5,675.0,674.6521218267849
Lu2Fe17N2.7,678.0,676.8284470459698
Sm0.8Y0.2Fe17N0.1,746.15,440.8739502470418
Sm2Fe17Ni0.05N1,747.0,670.8051895885145
Sm2Fe17N,750.0,624.1673889070655
Sm2Fe17N1.2,470.0,721.5495478245379
Sm2Fe17N2,733.2875,730.6177882807267
Y2Fe17N2,693.15,613.9458086268932
Nd2Fe17N2.3,732.0,728.8814327785718
Sm2Fe17N2.3,749.0,737.6452613699282
Tb2Fe17N2.3,733.0,723.0720222359331
Nd2Fe17N2.5,740.0,725.5253261714878
Pr2Fe17N2.5,724.0,704.071057105519
Sm2Fe17N2.5,750.0,736.7631436677493
Tb2Fe17N2.5,730.0,724.9981406981009
Tm2Fe17N2.5,690.0,693.7528484299326
Sm2Fe17N2.7,750.0,738.9985137082986
Tm2Fe17N2.7,690.0,700.0707498647278
Sm2Fe17N2.85,743.15,738.6150119112098
Sm2Fe17N2.8,748.15,738.5316850551206
Tb2Fe17N2.8,733.0,723.5397176891422
Y2Fe17N2.8,740.0,682.7907808169415
Yb2Fe17N2.8,675.0,681.802710804422
Sm2Fe17N2.94,746.0500000000001,740.8947457738072
Sm2Fe17N2.9,740.0,741.4791706126331
Sm2Fe17N3,757.7628571428572,746.7474161065526
Sm2Zn0.05Fe17N3,1073.0,842.2000009610787
Sm2Zn0.1Fe17N3,1073.0,844.1184048143195
Y2Fe17N3,708.5,693.1624150778192
Sm2Fe17N3.1,752.0,754.3596453788252
Sm2Fe17N3.4,748.15,756.6033857368158
Nd0.5Sm1.5Fe17,386.0,440.55746106155584
Tb1.5Nd0.5Fe17,391.0,422.8686627642479
Nd0.5Y1.5Fe17,363.0,354.5440514034078
NdSmFe17,370.0,390.914346633338
TbNdFe17,376.0,406.04888024255985
NdYFe17,347.5,355.07273974065464
Nd1.5Sm0.5Fe17,347.0,379.1529087380921
Tb0.5Nd1.5Fe17,360.0,407.6818638196031
Nd1.5Y0.5Fe17,358.0,420.1522773432342
Nd2Fe17,351.0,334.8797991411058
Nd2(TiFe)17,378.25,443.65207859796766
Nd3Sm2Fe17,514.0,527.9182037115663
Nd3.5Sm1.5Fe17,533.0,527.4009654975185
Nd4SmFe17,514.0,520.0720996475794
Nd4.5Sm0.5Fe17,511.0,518.5098633697038
Nd5Fe17,506.3333333333333,488.2098897785111
PrYFe17,290.0,332.38037347789725
Pr1.6Sm0.4Fe17,301.0,346.2293411272477
Pr2Fe17,287.3325,325.1411375091727
Pr2Fe17,283.0,325.1411375091727
Pr5Fe17,293.0,518.6290525660793
Tb2(FeSi)17,517.0,395.1386538216725
Sm2Fe17,396.32,446.1123970566788
Sm5Fe17,538.6666666666666,535.2305098522535
Tb2Fe17,409.84615384615387,403.9589122691
Th2Fe17,327.0,400.6483771318091
Tm2Fe17,284.54,353.5818645876099
Y2Fe17,318.296875,392.6689466322257
Yb2Fe17,280.0,373.7162046846215
Ga27Fe18Ni55,300.0,318.76722046216486
Ga14(FeNi3)9,302.65,319.4621980213269
Sr(Fe2O3)9,823.15,748.6137326857055
In4Ga23Fe19Ni54,310.0,328.7184994606007
Ga26Fe19Ni55,188.875,332.1883838002391
Ga27Fe19Ni54,299.83000000000004,320.7181335268149
Fe19Ni81,823.15,774.2013489017023
Ga27Fe19.5Ni53.5,330.0,311.5501787998538
Nb0.975Fe2.025,63.0,119.20158468901434
Ti0.973Fe2.027,70.0,351.1536389612855
Nb0.97Fe2.03,80.0,113.7489708000507
Mn0.56Zn0.4Fe2.04O4,550.0,493.58495828274533
Li0.05Mg0.9Fe2.05O4,753.0,680.5385805188265
Li0.28Ti0.41Mn0.1Zn0.16Fe2.05O4,793.65,603.4170279147315
Li0.3833Ti0.2667Zn0.5Fe2.05O4,406.15,476.4587280089006
Mn0.63Zn0.37Fe2.05O4,423.0,568.3229245444007
Mn0.95Fe2.05O4,571.0,572.6697128487625
Nb0.95Fe2.05,80.0,158.74902363976497
Zn0.35Fe2.05Ni0.6O4,738.15,657.6444789473109
Ti0.95Fe2.05Sn1,120.0,338.2727717308694
Ti0.9329Fe2.0671,318.0,354.97987139172983
Li0.5Ga0.43Fe2.07O4,705.0,708.2997266413818
Mn0.778Zn0.128Fe2.09Sn0.004O4,542.15,545.9028794685981
Ti0.004Mn0.778Zn0.128Fe2.09O4,543.15,551.2998581273566
Mn0.782Zn0.128Fe2.09O4,538.15,556.1721597961691
MnGaFe2,541.0,323.78750609688433
GaFe2Ni,685.5,758.8209527335711
Mn20Ga25Fe2Ni53,356.0,353.62013010673945
Gd0.1Y0.9Fe2H3.35,310.0,397.024840210069
Gd0.25Y0.75Fe2,652.0,575.6689229061128
Gd0.2Y0.8Fe2,600.0,561.5728529526775
Gd0.5Y0.5Fe2,687.5,646.2372325843222
Gd0.75Y0.25Fe2,752.0,681.0910191757055
Gd0.9Y0.1Fe2,775.0,716.6745362388822
GdFe2,770.8333333333334,631.4360667182234
Gd1Fe2H3.3,469.0,306.71252477439094
Gd1Fe2H4.1,338.0,345.889446406228
Gd1Fe2H4.3,360.0,298.7306031438543
Gd(FeSi)2,8.6,113.28572651271219
Gd(Zn10Fe)2,86.0,111.18003871672488
Mn1Fe2Si0.5Ge0.5,260.0,357.54338047818356
Fe2Ge,478.0,545.5658813671402
MnFe2Ge,441.5,348.6339255051683
Mn3Fe2Si2Ge,224.0,266.2228648047907
Fe2NiGe,685.0,666.9081965170091
Fe2NiGeO4,860.0,652.691663819521
Fe2GeS4,69.0,223.7132161767311
Fe2GeTe4,149.9,250.54122987499636
Mn4FeGe45,350.0,275.8328336926513
Mn2FeGe47,350.0,277.8867300900627
TbFe2H3,300.0,394.1592053217943
Lu1Fe2H3.2,350.0,323.03654658849246
Sm1Fe2H3.35,110.0,388.89189967410084
Tm1Fe2H3.4,285.5,301.4364349206545
Tm1Fe2H3.5,305.0,291.38551840885526
Y(FeH2)2,220.5,380.9040770516436
Hf0.6Ti0.4Fe2,283.0,462.75782795793174
Hf0.85Ti0.15Fe2,392.0,400.3466140672043
Hf0.8Ta0.2Fe2,110.0,221.77661535833678
HfFe2,600.0,366.48266930954094
Li1.2Zn0.4Fe2O4,848.0,738.467773081527
Tb0.15Ho0.85Fe2,620.0,598.0107110417803
HoFe2,600.7727272727273,585.8419444444755
Mn38In13Fe2Ni47,319.0,322.3955490837716
Mn17In7FeNi25,303.0,333.61343128667517
Mn35In15(FeNi24)2,316.0,327.7907049382337
K0.2Fe2Ni0.8O4,798.0,747.2594937384362
LaFe2Si,154.0,305.55982932043656
Li0.1Fe2Ni0.9O4,909.81,804.8392860865727
Li0.2Fe2Ni0.8O4,895.41,804.5771296396688
Li0.5Mn0.5Fe2O4,697.575,646.923303465645
Li0.5Fe2O4,943.0,736.6927734053365
Li0.75Fe2Sb0.5O4,750.0,662.5490613294849
Lu0.2U0.8Fe2,229.0,362.875132478263
LuFe2,580.75,482.14378823078204
Mg0.2Fe2Ni0.8O4,823.15,777.745137331442
Mg0.2Zn0.8Fe2O4,127.0,311.40330656784624
Mg0.35Mn0.25Zn0.4Fe2O4,405.15,479.7700629328668
Mg0.3Mn0.3Zn0.4Fe2O4,403.15,471.9025124313111
Mg0.3Mn0.7Fe2O4,463.15,619.8205430346738
Mg0.3Zn0.7Fe2O4,181.0,355.868712090218
Mg0.4Fe2Ni0.6O4,808.15,740.8659412017087
Mg0.51Mn0.09Zn0.4Fe2O4,437.15,466.36780973962334
Mg0.55Mn0.05Zn0.4Fe2O4,443.15,454.76415159558576
Mg0.5Mn0.1Zn0.4Fe2O4,415.15,458.81671899986094
Mg0.5Fe2Ni0.5O4,778.15,728.2201602201466
Mg0.5Zn0.5Fe2O4,426.4166666666667,438.8958323506528
Mg0.6Fe2Ni0.4O4,718.15,704.5739680201926
Mg0.6Zn0.4Fe2O4,358.575,549.7918274688197
Mg0.8Fe2Ni0.2O4,683.15,742.5701093480787
Pr0.04Mg0.96Fe2O4,526.1,643.6037262528915
Mg(FeO2)2,658.4134615384615,617.3559160998884
Mg3Fe2SnO8,220.0,256.8813589220383
Zn0.6Fe2Ni0.4O4,763.15,449.4848158343822
Tb1Mn0.15Fe2,614.0,608.0779005985062
Mn0.1Zn0.6Fe2Ni0.3O4,730.15,524.827327305655
Mn0.1Zn0.5Fe2Ni0.4O4,595.15,553.2699111271279
Tb1Mn0.1Fe2,644.0,615.0316620859668
Mn0.25Fe2Sn0.75O4,780.0,624.5490191490411
Tb1Mn0.25Fe2,588.0,570.9901882997507
Mn0.262Zn0.206Fe2O4,473.0,597.9252063384371
Mn0.2Zn0.6Fe2Ni0.2O4,625.65,565.8364155371984
Mn0.2Zn0.5Fe2Ni0.3O4,596.15,546.8084679842663
Mn0.2Zn0.4Fe2Ni0.4O4,576.15,561.5249744470261
Mn0.2Zn0.2Fe2Ni0.6O4,693.15,643.2426574377956
Mn0.2Zn0.8Fe2O4,344.16,380.1028423220123
Mn0.3Zn0.6Fe2Ni0.1O4,643.15,543.4185781179167
Mn0.3Zn0.5Fe2Ni0.2O4,585.15,528.7956714179088
Mn0.3Zn0.4Fe2Ni0.3O4,535.15,551.0843844075498
Mn0.3Zn0.7Fe2O4,484.075,444.23738957476775
Mn0.4Zn0.4Fe2Ni0.2O4,644.15,527.1680546564535
Mn0.4Zn0.2Fe2Ni0.4O4,510.65,635.1695188388785
Mn0.4Zn0.6Fe2O4,538.5375,499.13325275119354
Mn0.5Fe2Sn0.5O4,712.5,626.512429556169
Mn0.5Zn0.5Fe2O4,442.7946153846154,491.51299757423345
Mn0.61Zn0.39Fe2O4,401.64,537.4015671939667
Mn0.65Zn0.35Fe2O4,723.15,524.9652466857838
Mn0.67Zn0.33Fe2O4,630.0,595.9391751286321
Mn0.6Zn0.4Fe2O4,530.9166666666666,470.2682418720972
Mn0.75Fe2Sn0.25O4,675.0,541.8212841385943
Mn0.75Zn0.25Fe2O4,603.0,565.9352232831678
Mn0.7Zn0.3Fe2O4,532.7166666666667,594.3804387656684
Mn0.8Zn0.2Fe2O4,556.18,564.0937271732922
Mn0.9Zn0.1Fe2O4,514.0,561.5389344268243
Mn(FeO2)2,582.371875,541.984856536444
MnFe2Si,224.2,335.8069335672208
MnFe2Sn,586.0,364.65704925767335
Y(Mn5Fe)2,204.0,268.61007102046733
Mn3Fe2Sn3,282.0,296.4042002287575
Mn18FeNi24Sn7,322.0,322.7362869467182
Fe2Mo,299.0,397.40294265140756
Fe2MoO4,345.0,443.73239488472905
Sr3Fe2MoO9,280.0,391.9815039072438
Fe2N0.72,480.0,288.14523620608037
Fe2N0.91,222.0,133.47164691432545
Fe2N,9.0,425.7122099401023
Fe2Ni2N,441.0,569.6409225155993
Sc0.85Nb0.15Fe2,443.0,436.8033239031852
Zr0.85Nb0.15Fe2,490.0,360.03459505107867
Sc0.825Nb0.175Fe2,432.0,422.50965939717116
Sc0.83Nb0.17Fe2,438.0,428.901327626338
Sc0.82Nb0.18Fe2,434.0,423.3538831358279
Sc0.9Nb0.1Fe2,524.0,449.9756354396195
Sc0.78Nb0.22Fe2,417.0,407.95385278067903
Sc0.75Nb0.25Fe2,383.0,401.4012229340127
Sc0.8Nb0.2Fe2,420.0,416.66232223960037
Sc0.65Nb0.35Fe2,314.0,345.2340600718721
Sc0.7Nb0.3Fe2,345.0,360.24196704743935
Zr0.7Nb0.3Fe2,336.0,368.88033592102204
Sc0.6Nb0.4Fe2,240.0,318.9368803030148
Zr0.6Nb0.4Fe2,230.0,370.73014777093965
Sc0.5Nb0.5Fe2,170.0,293.67283086856594
Sc0.4Nb0.6Fe2,120.0,312.2491702561823
NdFe2,525.15,575.6316153191088
Nd(FeO2)2,890.5,445.1663119173722
Fe2P,267.0,377.9033091726848
Zr0.003Zn0.755Fe2Ni0.245O4.006,278.15,310.0007015954386
Zn0.755Fe2Ni0.245O4,283.15,350.40419151887136
Zn0.75Fe2Ni0.25O4,345.5,319.1364870054619
Zn0.8Fe2Ni0.2O4,379.435,277.4823425574998
Zn0.65Fe2Ni0.35O4,470.0,413.8187112493315
Zn0.64Fe2Ni0.36O4,425.0,432.67751701065777
Zn0.63Fe2Ni0.37O4,398.15,442.91256123751936
Zn0.7Fe2Ni0.3O4,434.61428571428576,343.4503935965233
Zn0.6Fe2Ni0.4O3,490.0,368.3125359557752
Zn0.6Fe2Ni0.4O4,461.6799999999999,449.4848158343822
Zn0.45Fe2Ni0.55O4,230.0,541.1303369658408
Fe2Ni0.5Sn0.5O4,830.0,653.2886066510679
Zn0.5Fe2Ni0.5O4,562.0109090909091,546.0494877282702
Zn0.36Fe2Ni0.64O4,365.15,650.5637102977487
Zn0.36Fe2Ni0.64Pb1O5,520.15,617.6205902993256
Ti1Zn0.36Fe2Ni0.64O6,520.15,536.6279766725125
Zn0.35Fe2Ni0.65O4,681.15,599.1935063013025
Zn0.4Fe2Ni0.6O3,625.0,489.7333659974127
Zn0.4Fe2Ni0.6O4,630.9175,547.7548775114833
Zn0.25Fe2Ni0.75O4,351.0,683.2669472857633
Zn0.22Fe2Ni0.78O4,750.0,628.1801015438782
Zn0.3Fe2Ni0.7O4,645.3500000000001,614.2628925729683
Zn0.2Fe2Ni0.8O3,720.0,652.7523947806044
Zn0.2Fe2Ni0.8O4,640.8233333333333,675.3332817020714
Zn0.1Fe2Ni0.9O4,724.0,754.5928120460577
Fe2NiO3,755.0,762.0707380830246
Fe2NiO4,813.1589583333334,735.4120347373834
Fe2NiO4,858.0,735.4120347373834
Fe2NiSe4,67.0,220.58590911407305
Fe2SiNi,755.0,690.1265845465888
NpFe2,600.0,223.39906477031838
Fe2O3,888.0121212121212,770.3598230146782
Fe2PbO4,760.9,594.4180852843785
Sr(FeO2)2,733.0,562.4971807304462
Ti(FeO2)2,319.75,573.9336006867369
Tm(FeO2)2,235.0,535.2070303889401
V(FeO2)2,440.0,536.0325109006394
Yb(FeO2)2,239.0,565.8775168067802
Zn(FeO2)2,412.7228571428571,319.5831122892617
Ti(FeO3)2,888.15,523.8668650424553
Sr3Fe2TeO9,717.0,260.7904336525833
Sr3UFe2O9,330.0,282.96584062697474
Sr3Fe2WO9,373.0,365.6858322116259
Fe2Si0.1P0.9,370.0,400.81176313186694
Fe2P,232.3636363636364,377.9033091726848
PrFe2,559.3833333333333,546.6438346831617
V0.75Fe2Si1Ru0.25,265.0,421.97772196763157
V0.5Fe2Si1Ru0.5,570.0,430.1477258539659
V0.25Fe2Si1Ru0.75,736.0,482.3446030466084
Fe2SiRu,767.0,501.03690046487975
Fe2SiS4,30.0,236.51334708498626
Ti(FeS2)2,290.0,270.90194977137736
Sc0.1Ti0.9Fe2,75.0,328.091095014347
Sc0.23Ti0.77Fe2,314.0,301.12389409541566
Sc0.27Ti0.73Fe2,320.0,324.0073060159052
Sc0.33Ti0.67Fe2,355.0,350.0750019325179
Sc0.35Ti0.65Fe2,360.0,357.86976997277566
Sc0.3Ti0.7Fe2,350.0,337.8846343838627
Sc0.75Ti0.25Fe2,495.0,423.69806322406964
ScFe2,538.3333333333334,481.93892267056873
Fe2SnSe4,301.4,181.8782003065667
Ti(FeSe2)2,240.0,206.82114351922422
V(FeSe2)2,155.0,269.63853802139465
Sm(FeSi)2,3.5,102.62718002816595
Tm(FeSi)2,2.0,85.58255533601618
Sm0.2Y0.8Fe2,523.5,533.271487539565
SmFe2,672.125,571.0125482867688
Tb0.25Y0.75Fe2,595.0,579.106946884736
Tb0.2Y0.8Fe2,579.0,567.793283354109
Tb0.33Y0.67Fe2,596.0,592.0046691777735
Tb0.45Y0.55Fe2,610.0,604.1823519047356
Tb0.4Y0.6Fe2,620.0,593.3878056823667
Tb0.5Y0.5Fe2,610.0,605.2193259511517
Tb0.75Y0.25Fe2,665.0,624.8559199615236
Tb0.8Y0.2Fe2,670.0,648.304516201576
Tb0.9Y0.1Fe2,685.0,653.6489293709626
TbFe2,686.5088235294118,624.615527180357
Fe2Te3,10.0,345.3870706792588
TiFe2,334.5,295.6570510658386
TmFe2,580.8181818181819,555.7594335264076
UFe2,165.5,460.9224420568544
V5Fe2,300.0,225.89514827571622
YFe2,535.804347826087,375.08047017265676
ZrFe2,580.2142857142857,476.18315717541526
Li0.15Mg0.7Fe2.15O4,778.0,719.5464854206309
Li0.3167Ti0.1333Zn0.5Fe2.15O4,489.15,520.4477696727303
Mn0.72Ga1Fe2.17,530.0,359.81441504134165
Li0.1Mg0.8Fe2.1O4,809.15,683.3233902233599
Mg0.9Fe2.1O4,508.0,711.6752165986702
Zn0.9Fe2.1O4,366.0,359.31033249621015
Ti0.9Fe2.1Sn1,300.0,270.2471979098909
Li0.35Zn0.3Fe2.21O4,676.15,661.1509653673353
Li0.25Mg0.5Fe2.25O4,822.0,787.6013804195468
Li0.25Zn0.5Fe2.25O4,640.15,572.41100430294
Sr0.1Li0.25Zn0.4Fe2.25O4,662.15,575.390119772298
Sr0.2Li0.25Zn0.3Fe2.25O4,674.15,652.3032110733593
Sr0.3Li0.25Zn0.2Fe2.25O4,692.15,641.5400383423405
Sr0.4Li0.25Zn0.1Fe2.25O4,718.15,657.413708294972
Sr0.5Li0.25Fe2.25O4,760.15,671.5240753481648
Li0.25Zn0.5Fe2.25O4,574.15,572.41100430294
Mn0.75Fe2.25O4,783.15,668.5659104196
Fe2.28N1,50.0,312.9900383692327
Hf0.705Fe2.295,595.0,550.9482466871538
Hf0.8Fe2.2O4,598.15,520.6883876359952
Li0.2Mg0.6Fe2.2O4,829.15,770.1453865778964
Mn0.3Zn0.3Fe2.2Ni0.2O4,592.15,592.5852451135563
Mn0.4Zn0.4Fe2.2O4,587.15,503.6346803609663
V0.8Fe2.2Si1,150.0,404.1484217084938
Hf0.697Fe2.303,625.0,544.872034334508
Li0.35Mg0.3Fe2.35O4,853.0,841.565126570918
Li0.35Zn0.2Fe2.35Ni0.1O4,836.15,813.5331155873812
Li0.36Zn0.2Fe2.36Ni0.08O4,839.15,822.8935245433495
Li0.37Zn0.2Fe2.37Ni0.06O4,844.15,824.8630939827478
Li0.38Zn0.2Fe2.38Ni0.04O4,846.15,830.3011071338615
Li0.38Zn0.24Fe2.38O4,773.0,767.6677417244414
Li0.39Zn0.2Fe2.39Ni0.02O4,857.15,823.1956814971833
Ga0.7Fe2.3O4,620.0,623.8649014070544
Hf0.7Fe2.3,591.0,545.9857416663627
Li0.3Mg0.4Fe2.3O4,838.15,841.1119314321259
Li0.5Mn0.2Fe2.3O4,751.575,823.9539658109458
Li0.5Sm0.2Fe2.3O4,933.15,750.981299566882
Li0.6Fe2.3Sb0.1O4,885.0,856.5469926671241
Li0.6Fe2.3Sb0.2O4,885.0,772.1227283206376
Zn0.7Fe2.3O4,347.0,483.8933742621293
U1Fe2.3,235.0,228.90849400747788
Li0.41Zn0.18Fe2.41O4,823.0,807.9295651261474
Li0.5Ga0.06Fe2.44O4,850.0,873.5724909618073
Li0.45Mg0.1Fe2.45O4,896.0,872.4402539715084
Li0.45Zn0.1Fe2.45O4,873.0,841.6788678230538
Li0.5Sm0.05Fe2.45O4,933.15,896.2500639163993
Fe2.46N1,90.0,337.8545283031566
Tb1Ga0.6Fe2.4,400.0,537.1368862063965
Hf0.6Fe2.4O4,598.15,594.9752107210018
Mn32.2In17.8Fe2.4Ni47.6,319.2,362.8375227407387
Sr0.356La0.392Mn0.8Fe2.4O4.6,367.0,560.4724503365951
Li0.4Mg0.2Fe2.4O4,857.15,875.2623544984715
Li0.4Zn0.2Fe2.4O4,775.8166666666666,814.2136183859723
Li0.5Sm0.1Fe2.4O4,933.15,880.8673441354217
Mn0.6Fe2.4P1,680.0,405.8377107823156
Na0.8Fe2.4O4,663.0,706.3876232565981
Ti0.6Fe2.4O4,573.15,617.3904818567853
Li0.45Fe2.52O4,808.5,870.0907615165224
Mn0.262Zn0.206Fe2.532O4,473.0,665.1269311964945
Mg0.46Fe2.54O4,768.0,766.0070894973397
Ga0.5Fe2.5O4,686.0,662.3645993706112
Li0.5Fe2.5O4,893.7818181818184,890.5395644820775
Li0.5Fe2.5Sb1O4,955.0,598.8028070270335
Li0.5Fe2.5O4,916.0,890.5395644820775
Mn0.5Fe2.5O4,802.15,741.1591211285253
Mn2.5Fe2.5Sn3,347.0,308.9755600299363
Nd97.5Fe2.5,518.15,337.50834203745785
Zn0.5Fe2.5O4,474.5,492.09486644444985
Ti1Fe2.5,422.0,383.68369084958573
Zr1Zn2Fe2.5e-05,19.5,310.9962155552107
Fe2.64N1,170.0,344.60335667304776
Mn0.35Ga1Fe2.65,200.0,577.9994145791932
Hf0.4Fe2.6O4,598.15,701.1425198748191
Zn0.23Fe2.77O4,763.0,685.1202788209787
Mn0.3Fe2.7O4,792.575,781.7736784500431
Fe2.7Ni0.3O4,763.0,778.7760076234147
Zn0.3Fe2.7O4,763.0,646.1830129195097
Fe2.82N1,320.0,384.28364012671875
Zn0.15Fe2.85O4,693.15,722.3395307152904
Zn0.2Fe2.8O4,683.15,726.3124299380073
Hf0.06Fe2.94O4,598.15,792.2573867762867
Fe2.95N1,300.0,470.11458073313963
Zn0.05Fe2.95O4,758.15,754.5725104172867
Mn0.014Fe2.986O4,863.15,790.8842160195112
Zn0.02Fe2.98O4,763.0,778.0151785141076
Ga1Fe2.9,720.0,793.5015461093084
Mn0.1Fe2.9O4,849.15,781.7598684729517
Ti0.1Fe2.9O4,798.15,742.5665533363051
Zn0.1Fe2.9O4,760.575,701.3450636322829
Ga13Fe10Ni27,320.15,298.5734443111955
Ga27Fe20Ni53,275.0,324.9098219280516
Gd7YFe2,291.0,258.8848780827036
FeGe4,350.0,392.1240512872945
FeNi4,872.0,767.9944927818105
Y6Mn2.3Fe20.7,380.0,391.0881883643689
Ga29Fe21Ni50,350.0,364.09103112818235
Ga27Fe22Ni51,247.5,350.8940187736329
Ga27Fe23Ni50,380.0,341.6874034935142
Gd6Fe23,563.5,535.2038774399573
Y6Fe23H,743.0,442.9968191216409
Y0.92Ho5.08Fe23H15,600.0,574.945223879241
Y0.47Ho5.53Fe23H15,600.0,580.4680945609473
Ho6Fe23H15,600.0,600.6822434266696
Ho6Fe23H16,702.0,549.3761520836116
Y4.85Ho1.15Fe23,495.0,492.85565789448214
Y1.86Ho4.14Fe23,508.0,512.8800700958096
Y0.92Ho5.08Fe23,513.0,518.7527473001971
Y0.47Ho5.53Fe23,515.0,516.2278683257794
Ho6Fe23,507.9166666666667,527.3550759429597
Lu6Fe23,483.0,500.0290971370883
Nd6Fe23,429.0,500.7165634996183
Sm6Fe23,442.0,544.6772519955967
Tb6Fe23,574.0,510.65216850709874
Tm6Fe23,475.0,522.3305008766631
Y6Fe23,483.4,521.5357160623523
Yb6Fe23,480.0,476.26465728669046
Zr6Fe23,652.0,544.4806613444063
Nd3Ti5Fe24,440.0,535.3999033602488
Gd13Zn2Fe5,269.0,255.21152699630613
Gd3Fe,244.0,286.4335018807665
FeNi3,873.15,771.6942069447209
Fe25.7Ge1,35.0,552.5917646310448
Gd3Ti3Fe26,592.0,535.791239201186
Fe13Ni13Pt24,400.0,561.3347942367723
Pr3Ti2.5Fe26.5,392.0,478.7408483245308
Sm3V2.3Fe26.7N4,683.0,715.0813925437202
Sm3V2.3Fe26.7,502.0,482.4214253801841
Ho3V2Fe27,404.0,432.3585870949404
Nd3Ti2Fe27,418.0,466.1890044025234
Nd3V2Fe27,455.0,447.7831122871242
Nd3Ti1.9Fe27.1,417.0,435.1453539060158
Nd3Ti1.8Fe27.2,416.0,442.3574595633969
Tb3V1.8Fe27.2,479.0,455.9438910607797
Nd3Ti1.7Fe27.3,418.0,446.3784635556479
Y3Ti1.6Fe27.4N2.6,575.0,638.7433469324686
Nd3Ti1.6Fe27.4,417.0,444.0167525434836
Y3Ti1.6Fe27.4,388.0,444.3718352521339
Y3V1.6Fe27.4,435.0,442.0017852661746
Y3.04V1.44Fe27.56,439.0,424.08157608627107
Gd3Ti1.5Fe27.5,525.0,517.2817857233472
Gd3V1.5Fe27.5,527.0,513.71805191527
Nd3Ti1Fe27.5Mo0.5,415.0,437.43324066133977
Nd3Ti1.5Fe27.5N0.1,663.0,433.2999672910205
Nd3Ti1.5Fe27.5,409.5,437.95683922497017
Nd3Fe27.5W1.5,397.15,439.79612524502824
Pr3Ti1.5Fe27.5,392.0,409.27531249999646
Sm3Ti1.5Fe27.5,450.0,504.7930399237259
Y3V1.5Fe27.5,466.0,431.1670992010609
Nd3Ti1.4Fe27.6,419.0,429.9332561806612
Nd2.76Zr0.24Fe27.71Mo1.23,389.0,417.53147373261123
Nd3Fe27.724Mo1.276N3.8,675.0,691.0133598160025
Nd3Fe27.724Mo1.276,395.0,413.3968582680929
Nd3Ti1.3Fe27.7,421.0,431.2667443173905
Nd2.49Zr0.51Fe27.83Mo1.15,382.0,424.4617350969123
Nd2.89Zr0.11Fe27.86Mo1.18,393.0,413.9153230469104
Y3V2.03Fe27.97,439.0,433.60075217648733
Gd3Ti0.99Fe28.01,538.0,513.881722752597
Gd3Ta1Fe28H7.6,589.0,561.0138003715848
Gd3TaFe28,515.0,503.2502032117843
Tb3Ta1Fe28H6.9,546.0,548.5981225728345
Y3Ta1Fe28H8.6,511.0,509.8603805764551
SrZnFe14O23,703.15,689.2240767948412
Tb3TaFe28,447.0,449.4999980236726
Y3TaFe28,398.0,407.71115608346975
Tb3VFe28,468.0,445.31267344186807
Gd3Ti0.64Fe28.36N4.1,765.0,720.4123933009187
Gd3Ti0.64Fe28.36,527.0,517.2311050171847
Gd3V0.6Fe28.4,518.0,519.7496973000389
Gd3Ti0.32Fe28.68,517.0,508.73704496646207
Gd3(TiFe)29,520.0,427.88818048215296
Tb3Fe29Mo,437.0,440.29281449550217
Sm3Fe29Mo29N,704.0,412.4029208508939
Nd2Sm(TiFe)29,439.0,434.01850182442024
Nd3(TiFe)29,419.25,432.22629996161845
Pr2Sm(TiFe)29,395.0,426.35301031501547
Pr3(TiFe)29,392.15,417.83510510131083
Tb3(FeSi)29,527.0,405.9361186474191
Sm3(TiFe)29,477.15,468.01080161978746
Mn23.11Ga24.48Fe3.07Ni49.33,400.0,368.17003980874637
GaFe3Te2,341.5,238.4028117272138
Mn25Ga22Fe3Ni50,398.0,367.0097339119659
Mn20Ga25Fe3Ni52,371.0,359.8204050737212
Ga4Fe3,70.0,575.6928568811782
TbFe3,655.0,589.1987980952679
YFe3,533.0,433.58962432034485
Tb0.8Gd0.2Fe3,667.0,658.1574843137918
Gd0.2Y0.8Fe3,571.0,537.7422454888651
Tb0.6Gd0.4Fe3,687.0,668.3076102620668
Gd0.4Y0.6Fe3,594.0,605.9730182778284
Tb0.5Gd0.5Fe3,695.0,670.4139362077949
Gd0.5Y0.5Fe3,639.0,626.978718754091
Tb0.4Gd0.6Fe3,699.0,689.0495438775322
Gd0.6Y0.4Fe3,656.0,645.2245424894282
Tb0.2Gd0.8Fe3,721.0,690.3151092422925
Gd0.8Y0.2Fe3,701.0,673.8907966045042
Tb0.1Gd0.9Fe3,731.0,703.0793360514174
GdFe3,727.3,679.6377595143238
GdFe3,721.0,679.6377595143238
GdFe3,721.0,679.6377595143238
Fe3Ge,698.625,675.3522014364371
Fe3GeTe2,201.5,289.4195745345381
U2Fe3Ge,55.0,283.84466900437315
Pr4Fe3Ge10,10.0,176.89941276094098
Fe3Ge2,470.0,478.4958960598976
TbFe3H,300.0,515.456723117306
ThFe3H,386.0,424.91125621750825
Y1Fe3H3.7,452.0,405.9317647958583
YFe3H5,545.0,324.8249037664739
HoFe3,569.3,574.6960858320673
K4Fe3Ni(PO4)5,17.8,165.37528324281303
LuFe3,529.0,482.5302655931344
MgFe3O5,858.0,706.4604441859871
Fe3O4,883.15,814.9222463301799
Mn2(FeSi)3,160.0,278.43576941952625
Mn2(FeSn)3,443.0,324.564660177021
TbMn3(FeSn2)3,408.45,289.0303772455915
Mn36Fe3Ni47Sn14,322.0,324.2500623277006
Fe3N,546.5714285714286,488.13431387088167
Fe3NO4,860.0,750.1762614837012
Fe3OsN,739.15,558.3994273739155
Fe3W3N,110.0,423.62799969253115
ZnFe3N,762.0,400.39532627277777
Fe3N1.22,420.0,336.4034650897149
Fe3Ni2,650.0,676.0333428220674
SrFe3(PO4)3,42.0,225.3205525438493
Fe3P3PbO13,21.7333333333333,232.57566851813584
Fe3O4,819.471875,814.9222463301799
Fe3O4,793.15,814.9222463301799
Fe3O4,761.075,814.9222463301799
Ti(FeO2)3,300.0,551.6172172548568
Fe3(PO4)2,1018.15,548.7985181128697
Fe3P,701.4285714285714,568.9217949737234
Fe3Pt,407.0,625.1831219503439
Fe3S4,580.0,301.9392362395805
Fe3Se4,309.5,339.11126827839087
Fe3Si,741.6600000000001,737.560366631685
Sm0.6Zr0.4Fe3,650.0,583.7405036889338
Sm0.7Zr0.3Fe3,650.0,591.4810372342043
Sm0.8Zr0.2Fe3,650.0,590.0872288829559
Sm0.9Zr0.1Fe3,650.0,589.8238316507479
SmFe3,648.7857142857143,562.834721460221
Fe3Sn,747.0500000000001,684.5915107762474
Fe3Sn2,644.4,541.4531244304469
TbFe3,650.625,589.1987980952679
Tl(FeTe)3,220.0,306.3597040267723
ThFe3,426.5,466.4765450710789
TmFe3,538.25,553.2438945105517
YFe3,533.8333333333334,433.58962432034485
Y3Ga1.84Fe3.16O12,226.9,302.6284619754502
Ga0.9Fe3.1N1,16.3,510.215264337193
Mn25.4Ga21.6Fe3.2Ni49.8,376.6,367.69937789347114
U34Fe3.32Ge33,28.0,135.08000486932013
Fe3.3Ni83.2Mo13.5,45.0,208.69968663983673
Gd3Ga1.56Fe3.44O12,345.15,369.4197028541273
In0.6Fe3.4N1,214.0,427.9638730038299
Gd3Sc1.5Fe3.5O12,30.0,297.5102209035205
K2V3.5Fe3.5Ni1O16,870.0,429.373798492704
Gd3Sc1.25Fe3.75O12,216.0,250.49178932634752
Mn1.3Fe3.7Si3,286.0,288.1657292750818
Gd96.2Fe3.8,291.0,285.40156299884677
Mn1.2Fe3.8Si3,296.0,295.8306587741421
Gd3Ga1.06Fe3.94O12,432.15,414.3794834222221
Gd3Ga1.04Fe3.96O12,436.15,418.45963089380865
Mn1.1Fe3.9Si3,308.0,298.5479387041402
Gd7Fe3,291.0,285.6659339627721
Mn5Fe3Sn2,300.0,304.857148250042
Fe3Ni7,673.15,823.7792905951054
SrFe15O23,803.15,756.1433553553405
Fe30.5Ge1,340.0,434.1706512941705
GdTiFe11,607.0,550.1972068732491
Gd13Fe7,273.0,284.5912145058396
Mn3Fe7Pt10,570.0,482.79367181669636
Mn10Fe7Sn3,300.0,326.52075825196175
Nd13Fe7,518.15,479.30506058821686
Fe35.9Ge64.1,350.0,329.9030301695928
Fe9Pd16,900.0,564.5768879019386
Fe37Ge63,298.15,327.7909404768783
Nd31Fe19,518.15,504.9829524786427
Fe19Sn31,140.0,353.3057852221269
Mn25(Ga12Fe13)3,200.0,336.37275256089157
Li8Nd18GaFe4O39,4.38,54.99583432081215
Y3Ga(FeO3)4,458.0,422.1657013170915
Mn20Ga25Fe4Ni51,392.0,369.11991002193224
Gd(FeP3)4,23.0,61.08299876562909
Gd3Sc(FeO3)4,300.0,314.5064444902859
Gd24Fe,291.0,286.66901939008176
Fe4GeTe2,266.0,284.81801904558773
U3(FeGe)4,17.0,161.78124140717208
MnFeGe23,350.0,287.48721816476103
MnFe2Ge47,250.0,299.19264154166933
FeGe24,350.0,264.98704877619633
Ho(FeP3)4,5.0,21.321635823137857
K(FeSb3)4,85.0,102.84403277862049
LuFeO3,260.0,280.8773156181472
MnFe4Si3,312.0,322.3814889918739
MnFe4Sn3,488.0,393.60576531797244
Mn18Fe2Ni23Sn7,322.0,330.7046196022492
Y(Mn2Fe)4,240.0,229.58985876582824
Fe4N,764.025,618.8290370500067
Na(FeSb3)4,85.0,78.07772407181884
Nd(FeP3)4,1.92,43.624083439314774
Fe4Ni3O4,833.65,579.0622098467304
Np(FeP3)4,23.0,30.0372089490555
Sm(FeP3)4,1.6,39.372318768668165
Tb(FeP3)4,10.0,41.67787162242632
Th(FeP3)4,1.2,65.08578701870462
Tm(FeP3)4,1.8,25.441596324260626
U(FeP3)4,3.125,32.05271872220456
Yb(FeP3)4,1.8,36.43057777728008
Tl(FeSb3)4,80.0,171.6531487767732
Yb0.875Fe4Sb12,20.0,53.66787648683515
Yb0.91Fe4Sb12,6.0,59.15348733726081
Yb0.7Gd1.3Ga0.9Fe4.1O12,340.0,426.68148800312844
Y3Sc0.9Fe4.1O12,320.0,474.10424207531446
Fe4.2Ge0.8Te2,266.0,406.72839700108267
Mn38Fe4.2Ni45.8Sn12,306.0,325.9874097958964
Mn23Ga24.48Fe4.37Ni48.15,400.0,377.1215399649642
Tb1Ga7.45Fe4.55,327.0,318.0169110659777
Y3Ga0.5Fe4.5O12,490.0,477.44150588963373
Li8La18In0.5Fe4.5O39,7.6,205.86553007794402
Y3In0.5Fe4.5O12,475.0,481.6972262055027
Mn29.5In17Fe4.6Ni48.9,673.15,517.4578191755996
Mn29.6In16.9Fe4.7Ni48.8,682.15,494.5181275959096
Fe4.8Ge1Te2,285.0,436.7485643027584
Mn29.6In17.1Fe4.8Ni48.5,680.15,492.4523689558031
Y3Fe4.8Ni0.2O12,559.5,538.9993476096832
Y3Fe4.92Sn0.08O12,539.0,536.8662888662494
Y3Fe4.94Sn0.06O12,540.0,537.193662936193
Sr0.05Li1Fe4.95O8,901.0,865.995119374389
Y3Fe4.95Ni0.05O12,559.5,546.7373222420101
Y3Zn0.05Fe4.95O12,559.0,541.0692786901632
Y3Fe4.96Sn0.04O12,541.0,541.5825818750083
Y3Zn0.03Fe4.97O12,559.0,544.7578905163583
Y3Fe4.98Sn0.02O12,543.0,545.9874279332049
Y3Zn0.01Fe4.99O12,559.0,546.6549096929124
Mn29.5In17Fe4.9Ni48.6,683.15,508.24009166693634
Y3Fe4.9Mo0.1O12,507.0,536.9527450124604
Y3Fe4.9Ni0.1O12,559.0,542.2854232041176
Y3Fe4.9Sn0.1O12,533.0,530.0303825484706
Gd3Fe2,348.0,330.3287206316218
Nd5Fe4Si,475.0,454.0412687514428
Fe2Ni3,848.15,855.5273264238501
Fe2Pt3,256.0,554.8160364086374
Fe41P18Pd41,599.15,481.792321669202
Mn28.3Ga29.7Fe42,500.0,229.04828707112569
Fe21Pt29,575.5,497.1480107091533
Y29Fe21,66.0,303.04456857341694
Mn28Ga29Fe43,170.0,352.7621508370699
Mn7Ga7Fe11,173.0,328.328420389075
Fe44Si19Ni37,550.0,592.138720451311
Fe11P5Pd9,319.0,543.0051049966821
V55.1Fe44.9,15.4,221.93507863712654
Fe9Pt11,473.15,647.7934802228447
Fe9Sn11,280.0,250.47156504251706
Fe47Mo53,20.0,95.97784274441968
Fe47Re53,23.0,415.31823535880926
Fe47.8Rh52.2,320.0,677.5847757501394
Gd13Fe12,533.0,367.81469626188346
Fe12Pt13,773.15,605.765860422388
Y13Fe12,100.0,120.47613743859696
Mn24Ga27Fe49,175.0,238.301274064468
Fe49Mo51,21.5,91.033705950968
Fe49Rh51,676.6666666666666,679.2199996236972
Fe49.5Pd50.5,930.0,673.0197869912195
Mn24.01Ga26.34Fe49.65,190.0,233.35843104997514
Mn24.64Ga25.53Fe49.83,180.0,272.9758965923116
Mn5Ga4FeNi10,390.0,381.8274176921071
TbGa7Fe5,400.85,368.3865851469345
GdFe5,455.0,511.6413179758654
GdY2Fe5O12,560.0,515.4406615968545
Tb0.66Sm0.1Gd2.24Fe5O12,267.0,399.8598690319738
Gd3Fe5O12,563.5846153846154,452.8815693796208
Gd5Fe5H5.65Pd90,140.0,192.52835627652212
GdFePd18,135.0,113.02938403987038
Fe5Ge3,485.0,492.56046557750864
ThFe5H,700.0,439.49718201635204
Y3HfFe5O12,541.0,473.5875140137231
Sm2.4Ho0.6Fe5O12,552.0,535.9191727265546
Sm1.8Ho1.2Fe5O12,545.0,537.9251244565934
Ho3Fe5O12,561.0,545.4016280708144
La0.5Y2.5Fe5O12,558.0,544.7095889992361
LaFe5Si,250.0,339.4996457731795
Li0.91Fe5O7.96,893.0,862.6785525160901
Li1.02Fe5O8.01,893.0,880.1445814682586
LiFe5O8,897.2071428571427,883.0000172810277
Lu3Fe5O12,557.6666666666666,521.6635850645944
Mn35Fe5Ni51.5Sn8.5,266.0,331.77058429624265
NdY2Fe5O12,551.0,544.8454924803034
NdY3Fe5O12,558.0,427.001476548084
Nd2YFe5O12,557.0,534.656674999998
Nd3Fe5O12,565.0,563.8807942537962
Nd3Sc0.9Fe5O12,320.0,337.5778859686314
Nd3Sc1.25Fe5O12,200.0,249.73715345874112
Nd3Sc1.3Fe5O12,150.0,270.9568611600735
PrY2Fe5O12,553.0,545.2514072960912
Pr3Fe5O12,580.0,548.0757296677651
SmY2Fe5O12,550.0,540.9272700234678
Sm3Fe5O12,567.6666666666666,551.0563112699872
Tb3Fe5O12,560.8,513.3501447221709
Tm3Fe5O12,549.0,527.5608782254997
Y3Fe5O12,559.95,552.7278966914895
Yb3Fe5O12,546.1999999999999,523.7495010758515
Ti(FeO3)5,765.0,627.8551645516749
Fe5Si3,383.0,450.7053118813072
UFe5Sn,248.0,488.98888426163023
Fe5Sn3,591.0625,599.1614888149206
ThFe5,685.0,456.12673182277086
Mn23.09Ga24.64Fe5.23Ni47.03,400.0,388.8939307160399
Zn94.43Fe5.57O1,300.0,260.09646862348495
Tb1Ga6.5Fe5.5,477.0,348.88897739273636
Tb1Mn5Fe5.5Mo1.5,48.0,164.64558173743862
MnGaFe2,400.0,295.4274668994818
Mn3Fe10Ni7,242.0,397.69465290992673
Fe5Si2Ni3,610.0,646.8403359547256
Fe25Ni2Pd23,744.15,700.2635293321562
FeNi,811.8000000000001,787.0164121404042
Fe25Ni4Pd21,755.15,689.6101477955289
FePd,843.075,669.8800652584094
FePt,750.0,651.5991205410039
FeRh,660.0,645.4530940837433
FeSi,20.0,319.80823258010963
ZnFe,900.0,543.9506821735654
Nd49.5Fe50.5,518.15,492.58883648636913
Fe51.2Ni48.8,773.15,768.9813406512816
Fe51.5Rh48.5,750.0,634.2032969191691
Fe51.7Si33.3Ni15,450.0,504.58421181733
Hf7Fe52Si41,488.0,388.3239140649945
Nb7Fe52Si41,318.0,351.89428304888025
Fe13Ni12,761.15,782.2439699272159
Ta7Fe52Si41,318.0,401.13656063379966
V7Fe52Si41,202.0,334.95048225347256
Zr7Fe52Si41,495.0,402.92704581088447
V47.9Fe52.1,40.7,132.7339273113417
Fe53Mo47,33.0,118.10778972839131
Zr11.5Fe53Si35.5,523.15,370.663837110149
Fe27Sn23,440.0,446.3955333265641
Fe11Mo9,44.5,177.16970890331098
Fe11Si4Ni5,650.0,654.5816906008176
Fe55Pd,660.0,869.0813253301382
Fe11Pd9,660.0,735.8301677971597
Fe11Pt9,575.0,705.36990485594
V44.5Fe55.5,160.0,162.723066096154
Mn5(Ga3Fe7)2,250.0,373.8624396221151
Fe14Pt11,685.0,657.9953473867114
Fe56.7Si33.3Ni10,470.0,473.16852319516005
Fe57Ni43,1000.0,650.1182669168619
Fe29Si21,330.0,388.1885226351247
Y21Fe29,210.0,390.23652796438415
Nb0.75Fe59.75Pt39.5,636.4833333333332,568.2539951615328
Mn25Ga19(Fe3Ni25)2,398.0,386.48475062077364
Gd(GaFe)6,500.0,422.2052705791296
Ho(GaFe)6,500.0,469.6547954879759
Ga6Fe6PbO19,325.0,337.2581939707635
Tb(GaFe)6,498.85,459.3181351068916
Tm(GaFe)6,500.0,446.3369741629233
Gd(FeGe)6,29.3,149.32541088441974
Gd(FeSn)6,45.0,227.29925881774744
Sc(Fe3Ge2)2,491.0,356.5624733815175
Ho(FeGe)6,8.0,84.9220193947926
Tb(FeGe)6,7.8,74.690527753841
HoTiMn5Fe6,69.0,231.77420419938335
Ho(FeSn)6,8.0,52.588175643136225
Mn34Fe6Ni51.5Sn8.5,279.0,323.7105049105102
Y(MnFe)6,240.0,202.82564944080852
Fe6Ni83.1Mo10.9,182.0,260.81721500738854
Fe3Pd47,173.0,183.27204324413705
Sm(FeSn)6,680.0,118.64489498639786
Tb(FeSn)6,19.0,102.47394421591247
Tl(FeTe)3,220.0,305.7885082969761
Sr1In0.8Ga5Fe6.2O19,429.15,349.13265931503776
Tb1Ga5.8Fe6.2,492.0,446.50536535203065
Mn26Ga19.5Fe6.5Ni48,391.0,390.3257353505452
Tb1Mn4Fe6.5Mo1.5,76.0,224.0463172817105
MnFe12Ni7,383.6,438.50206971640125
Fe3Ni2,695.8166666666666,666.9667123804303
Fe3(SiO2)2,500.0,670.5160973180223
V2Fe3,170.35,230.28679452657812
V39.9Fe60.1,158.7,259.04113034593115
Fe61Ni39,573.15,595.4096210907431
Fe61Pt39,570.0,624.3618714950894
Fe61Rh39,850.0,570.190844626097
V39Fe61,210.0,253.38312545679716
Fe31Ge19,430.0,490.8461043385537
Fe31Pt19,460.0,604.0526893070146
Fe16Ni9,408.05,572.6730630659558
Mn(Fe7Ni3)115,340.0,311.55235005572194
Fe13Pt7,460.0,506.45190302114486
Fe65Ir3.5Pt31.5,393.0,444.7121040115592
Fe65(IrPt4)7,295.0,484.7889983582048
Mn7Fe65Ni28,160.0,414.6468049294616
Fe65Si2.5Ni32.5,380.0,480.7513586943653
Fe65Si1.28Ni33.72,430.0,456.47221828035424
Fe65Si0.55Ni34.45,450.0,501.0077292117061
Fe13Ni7,581.7875,499.1115974952927
Fe13Pd7,900.0,542.5804599382429
Zr7Fe13,843.15,459.237599935468
V34.4Fe65.6,311.15,329.9516848510717
V34.1Fe65.9,312.0,332.66474059262646
Fe33Ni17,500.0,519.967915620802
V17Fe33,312.0,335.6672378805665
Mn(Fe7Ni3)190,338.0,335.8878396627764
Fe67Si33,410.0,537.0859656404284
Ti8Fe17,420.0,367.97169367554875
V8Fe17,334.0,381.0519489958658
Fe68.1Ni31.9,433.0,452.3507600029656
Ti31.5Fe68.5,420.0,419.97366710785525
Ti31Fe69,420.0,415.4805560953358
Fe69.5Ni30.5,408.15,430.8983698090698
Ti30.5Fe69.5,420.0,415.75107679134703
HoTiMn4Fe7,227.0,216.16064495182624
Mn33Fe7Ni51.5Sn8.5,318.0,329.05296663981903
YMn5Fe7,150.0,241.31461008016757
SmFe7N,738.7666666666668,691.6726375925978
NdFe7,380.23,410.1283525281011
Fe7Pd3,723.15,541.9949405197149
Fe7Si20Pd73,28.0,187.1474254403603
PrFe7,281.5,332.33854579336054
Fe7S8,584.7416666666667,519.6645930608133
Fe7Se8,454.575,317.80685050706956
SmFe7,564.3833333333333,461.6645998197114
Sm(TiFe)7,500.0,394.09561620219904
Ta3Fe7,108.0,408.7157161364076
Y1Mn4.6Fe7.4,197.0,213.21887411995118
Mn25Ga17.5Fe7.5Ni50,427.0,383.346402384574
Tb1Mn3Fe7.5Mo1.5,235.0,280.90109785084957
Gd1Fe7.7Si1.3,640.0,533.6825804199777
Y1Mn4.2Fe7.8,225.0,230.2059853358067
NbFe7Si2,510.0,541.957180431186
Fe7Ni3,429.05,552.5405715082499
Fe7Pd3,763.0,539.9506083645708
Fe7Pt3,410.0,493.1690677198108
Sm2TiFe7,615.075,570.4604779340522
Zr3Fe7,596.0375,535.8155284300708
Ga29Fe71,923.15,706.6011532543096
Hf7Ti21.5Fe71.5,456.0,486.8122377602183
Zr7Ti21.5Fe71.5,462.0,457.6576152260814
Ti28.5Fe71.5,422.0,439.8282456901356
Fe18Pt7,513.3333333333334,482.27221754622155
Ga27.5Fe72.5,960.15,745.2189911037062
Sm12V7.5Fe73Mo7.5,541.15,547.8418162170115
Sm12Ti7.5V7.5Fe73,598.15,560.27818787451
Sm12V15Fe73,603.15,551.1953136472373
Fe73.2Pd26.8,553.0,539.4147435828193
Fe3Pt,400.0,618.793282825891
ZrFe3,843.15,516.9661213682647
Sm11.1V13.1Fe75.8,607.15,556.1662541265548
Nd5V7Fe38,593.15,537.0761777193861
Ga22.5Fe77.5,991.15,895.7676593630644
Nb10Fe77.9Si12.1,600.0,550.2976840560772
Sm11Fe39,650.15,521.1671278309478
Sm10Fe79Si11N,641.0,557.619258147254
Tb21Fe79,403.0,483.944631313506
Mn4Ga6Fe2Ni13,381.0,378.60275428423756
Mn(FeGe11)2,270.0,290.8997302505004
HoTiMn3Fe8,300.0,312.6136723310919
Y(MnFe2)4,226.0,248.5133403904713
TbFe8(SiNi)2,594.0,583.8500733565369
Fe2O,858.0,524.2364889733731
Tb1Fe8.22Si1.45,517.0,559.9556420760537
Y1Mn3.6Fe8.4,240.0,268.65384161214047
Tb2Ga8.5Fe8.5,455.0,363.4332408527898
Gd1Fe8.5Ge3.5,870.0,687.5487918519481
Ho1Fe8.5Ge3.5,870.0,785.9394592637485
La1Fe8.5Ge3.5,870.0,469.76574877643907
Nd1Fe8.5Ge3.5,870.0,707.6657126404065
Sm1Fe8.5Ge3.5,870.0,746.1665749268358
Y1Fe8.5Ge3.5,870.0,595.8642637253281
Tb1Mn2Fe8.5Mo1.5,300.0,341.0066598854325
Mn39.5Fe8.5Ni41Sn11,305.0,329.8936584266455
Tb1Fe8.5Si2Ni1.5,593.0,584.3032800640918
Y1V3.5Fe8.5,350.0,363.6168681346904
Y1Mn3.4Fe8.6,272.0,289.6024267815971
Sm1Ga2Fe8.7Mo1.3,420.0,488.8983255480877
Y1Mn3.2Fe8.8,290.0,309.31818246681644
Tb1Fe8.8Si0.87,523.0,537.0025174140837
Sm10Ti9GaFe80,600.15,561.188265846135
GaFe4,953.15,955.1916036599274
ZrMnFe8,176.0,327.0363685162511
SmFe8Mo,505.15,505.2073151298583
Sm2TiFe16Mo,561.15,544.1284667144251
Fe4Ni,913.0375,828.3067160415576
Fe4Si,865.0,763.8393192718626
Sm10Ti7Fe80Si3,590.15,567.2140782907261
SmTiFe8,596.15,572.166574490337
Sm10Ti7V3Fe80,614.15,559.2289239475763
TbFe4,393.15,533.9605259993815
TiFe4,1040.0,572.832052724287
ZnFe4,935.0,849.6309729767985
ZrFe4,843.15,560.3193837770024
Ga19.5Fe80.5,1002.15,972.0582582553097
Ga19Fe81,987.975,994.1647316561105
Tb0.3Ga19Fe81,1100.0,915.8075962055083
Fe81Ni19,830.0,622.4056520296951
Gd9Fe41,500.5,512.6837749177804
Zr5Mn4Fe41,183.66666666666663,252.30670290704654
Sm13.8Ta4Fe82.2,423.15,537.4184456849235
Ga17.5Fe82.5,1005.15,962.9016811003902
Ga17Fe83,973.0,966.3277537473795
Zr5(MnFe14)3,200.0,261.9053745908861
Nd2Ti2Fe21,553.15,542.7995153428529
Nd7.5Ti7.1Nb0.6Fe84.8,553.15,463.4139207615851
Nd7.5Ti4.7Nb3Fe84.8,353.15,514.3236690905215
Ti3Fe17,1040.0,525.1587196415153
Zr5Mn2Fe43,218.0,267.3989547620143
V7Fe43,1115.0,625.4189649968658
Y5Zr9Fe86,285.0,438.1397423757348
Sm13.7Fe86.3,414.15,519.8517595446389
Nd8Nb5.4Fe86.6,641.483333333333,480.12339358270003
Pr13Fe87,288.0,367.15472461400134
Zr12.9Fe87.1,227.0,310.12362133816805
Ga12.8Fe87.2,1030.15,926.424354345246
Sm3Fe22,473.15,454.5296480287256
Zr3Fe22,232.0,283.75953050435083
Zr11.6Fe88.4,224.0,280.94834860189
Zr11.6Fe88.4H16,302.0,506.0569336607137
Zr11.6Fe88.4,224.0,280.94834860189
Sm10.6Fe89.4,743.15,427.0208256439343
Tb2Ga8Fe9,450.0,406.59677979363374
Y2Ga8Fe9,372.0,363.1348308134994
HoTiMn2Fe9,300.0,393.2315264454542
Y6In(Fe3O8)3,444.0,482.87622789489455
LaFe9Si4,85.0,404.5923318695664
UMnFe9Si2,445.0,479.08633300453596
Tb1Mn1.5Fe9Mo1.5,300.0,373.829820645437
Tb(Fe3Mo)3,259.0,290.0896382491224
Y(Fe3Mo)3,180.0,335.5244193832802
TbFe9Si2Ni,592.0,581.8580642843837
PrFe9Si4,70.0,537.2506500621076
SmFe9,462.15,503.3421396630062
Sm1Ga1.5Fe9.2Mo1.3,457.0,486.93172657130617
Gd6Mn13.8Fe9.2,120.0,292.26357971198456
Sm0.8Zr0.2Ti0.8Fe9.2,589.15,564.7075302985422
Y1V2.8Fe9.2,455.0,437.6313196293553
Gd1Nb0.7Fe9.32275Ni1.97725,656.0,618.6751746048081
Tb1Fe9.4Si2Ni0.6,588.0,574.8018303612373
Y1V2.6Fe9.4,478.0,466.68493066230997
Y6Ga0.5Fe9.5O24,519.0,515.2788035610065
Mn9.5Ga27Fe9.5Ni54,384.0,336.46041650780927
Gd1V2.5Fe9.5,545.0,560.8518831084879
Pr0.5Nd0.5Zr1Fe9.5Mo1.5,404.3,462.43576039377604
Nd1Fe9.5Mo2.5,350.0,377.51205756058255
Tb1Fe9.5Mo2.5,320.0,374.09791919362544
Y1Fe9.5Mo2.5,298.5,335.74755375245314
Nd1V2.5Fe9.5N1,750.0,596.6997709720408
Y6Sc0.5Fe9.5O24,500.0,525.56749423604
Sm1Ti0.5Fe9.5,740.0,515.5966581372792
Gd1Nb0.7Fe9.605Ni1.695,652.0,600.9778135063568
Pr0.5Nd0.5Zr0.75Fe9.75Mo1.5,404.0,464.19883259888746
Sm1Ga1Fe9.7Mo1.3,473.0,500.29872608342606
Tb1Fe9.7Si2Ni0.3,581.0,579.9370009072859
Gd0.54Zr0.59Fe9.88Mo1.5,475.0,488.6722199953198
Gd1.1Fe9.8Mo2.2,370.0,436.771013493688
Nd1V2.2Fe9.8,580.0,555.1500846851495
Nd1.2V2.2Fe9.8,570.0,535.6473156677337
Tb1Fe9.8Si2Ni0.2,582.0,574.9999073242626
Y1V2.2Fe9.8,516.0,476.93151402881733
Gd0.89Zr0.11Fe9.99Mo1.11,497.0,508.02204185297614
Tb1Fe9.9Si2Ni0.1,579.0,573.667861847888
ZrFe9,227.025,330.90484287019933
Zr9.7Fe90.3,201.0,262.0204408893424
Zr9Fe91,241.55,258.1825815774348
Fe23P2,867.0,654.0776980417698
Zr2Fe23,160.0,254.98150373190603
Zr7.6Fe92.4,150.0,268.07299000297814
MnFe95Ni4,1050.0,821.9740064453564
Fe19Ni,1020.0,826.9056009508068
Sr0.5Nd0.5Mn0.99Ga0.01O3,248.0,229.50345644108256
Gd5Ga0.02Si2Ge1.98,297.0,282.8855910515449
Gd5Ga0.03Si1.99Ge1.99,295.0,285.17216850260024
Sr0.5Nd0.5Mn0.97Ga0.03O3,210.0,223.97980065816526
Gd5Ga0.04Si2Ge1.96,298.0,285.13338869007515
Gd5Ga0.05Si1.98Ge1.98,295.0,283.82670165823447
Yb1Mn6Ga0.05Sn4.2Ge1.75,343.0,313.8674548657897
Yb1Mn6Ga0.05Sn4.15Ge1.8,343.0,318.35994217311486
Tb1Mn6Ga0.05Ge5.95,452.0,433.6686072868053
Gd5Ga0.06Si2Ge1.94,298.0,287.2974471127014
Yb1Mn6Ga0.07Ge5.93,40.0,162.44015592882445
Ga0.108Ni0.892,318.0,402.1037139347541
Gd5Ga0.13Si1.94Ge1.94,295.0,278.37048657285106
Yb1Mn6Ga0.13Ge5.87,51.0,148.4057300830243
Ho1Mn6Ga0.14Sn5.86,386.0,351.6946780825626
Gd0.85Ga0.15,148.0,248.32870001784545
Tb1Mn6Ga0.15Ge5.85,453.0,433.6513473129063
Sr0.3La0.7Mn0.85Ga0.15O3,215.0,252.02994911547322
Tb1Mn6Ga0.1Ge5.9,453.0,437.2264288468855
Tm1Mn6Ga0.1Sn5.9,343.0,317.2652813045375
Yb1Mn6Ga0.21Ge5.79,47.0,169.00857008925698
Mn1.36Ga0.24Ni2Sn0.4,330.0,323.30891816178325
Mn3.76Ga0.24N1,610.0,467.77655183687625
Tb1Mn6Ga0.25Ge5.75,447.0,436.126026381155
Mn0.247Ga0.26Ni0.493,395.0,350.2544527164875
Ho1Mn6Ga0.28Sn5.72,394.0,349.6908688288554
Mn1.36Ga0.28Ni2Sn0.36,330.0,323.71193246729223
Gd2In0.8Ga0.2,190.0,209.91095642069422
Mn1Ga0.2Ni2Ge0.8,338.0,343.14675633590986
Ho1Mn6Ga0.2Ge5.8,70.0,255.68290556459485
Tb1Mn6Ga0.2Ge5.8,452.0,435.6011966095981
Mn0.3Ga0.2Ni0.5,380.0,347.75082398015724
Tb1Mn6Ga0.2Sn5.8,420.0,415.11838177617875
Tm1Mn6Ga0.2Sn5.8,353.0,318.2732453353667
Mn1.36Ga0.32Ni2Sn0.32,330.0,320.9594757676209
Ho1Mn6Ga0.3Sn5.7,370.0,351.0874846731854
Sr0.3La0.7Mn0.7Ga0.3O3,50.0,229.53088297411406
Ho1Mn6Ga0.45Sn5.55,393.0,353.3804720006269
Yb1Mn6Ga0.47Ge5.53,137.0,201.556704816099
Yb1Mn6Ga0.4Sn4.2Ge1.4,336.0,313.1765927941993
Ho1Mn6Ga0.4Ge5.6,206.0,258.7422085101548
Tb1Mn6Ga0.4Ge5.6,447.0,420.99729539158665
Tm1Mn6Ga0.4Ge5.6,32.0,218.15911275275002
Yb1Mn6Ga0.51Ge5.49,148.0,234.1922521692223
Ho1Mn6Ga0.57Sn5.43,387.0,347.5236773913508
Mn0.41Ga0.59Sb1,400.0,216.4483626317022
Yb1Mn6Ga0.5Sn3.7Ge1.8,345.0,311.08745436893645
La1Mn0.5Ga0.5O3,75.0,177.12410205079286
Mn1.2Ga0.5Sn0.5,306.0,312.34477679328467
Mn1.5Ga0.5Sn0.5,284.0,304.6975124549072
Mn1.7Ga0.5Sn0.5,283.0,302.9474984077321
Mn2Ga0.5Sn0.5,262.0,366.4537256848785
Tm1Mn6Ga0.5Sn5.5,366.0,316.5688954960167
Yb1Mn6Ga0.63Ge5.37,358.0,271.1388673516615
Mn1.42Ga0.63Ni1.95,310.0,299.74490676647434
Yb1Mn6Ga0.66Ge5.34,325.0,285.1843814881313
Mn1Ga0.6Ni2Ge0.4,367.0,349.38656843788465
Ho1Mn6Ga0.6Ge5.4,390.0,306.523913677185
Tb1Mn6Ga0.6Ge5.4,438.0,417.88969065058194
Tm1Mn6Ga0.6Ge5.4,111.0,283.88247300888975
Mn0.7Ga0.6Sb1.3,554.0,275.7303478999869
Mn1.4Ga0.6Ni2,165.0,320.6220488677311
Mn1.7Ga0.6Ni1.7,165.0,318.1971034330617
Mn2Ga0.6Ni1.4,300.0,318.1836903847685
Yb1Mn6Ga0.72Ge5.28,319.0,281.78042640273566
Mn1Ga0.75Ni2Ge0.25,379.0,349.5809901487717
Tb1Mn6Ga0.78Ge5.22,408.0,419.74286112319237
Gd5Ga0.7Ge3.3,195.0,112.81725960501306
Mn1.16Ga0.84Ni2,369.0,352.0209700026645
Mn1In0.149Ga0.851Ni2,355.8,349.50197734995083
Mn1.19Ga0.86Ni1.95,387.0,351.6772546715722
Mn1In0.128Ga0.872Ni2,362.1,351.14633995130663
Tm1Mn6Ga0.87Ge5.13,352.0,281.6766921321231
Ho1Mn6Ga0.8Ge5.2,393.0,332.4036282012727
Tm1Mn6Ga0.8Ge5.2,250.0,281.3640291072979
Mn0.8Ga0.8Ni0.8,300.0,341.0267123989442
Mn3.2Ga0.8N1,235.0,297.8427732740186
Mn0.09Ga0.91N1,940.0,327.6340324986098
Gd0.06Ga0.94N1,400.0,303.8699664316417
Mn0.06Ga0.94N1,513.0,324.7026214817465
Mn0.06Ga0.94P1,330.0,132.7259565679446
Mn0.92Ga0.94Ni2.14,352.0,345.92611098434963
Mn1In0.05Ga0.95Ni2,375.15,349.2032055521108
Mn0.05Ga0.95N1,190.0,323.50078518919423
Mn0.04Ga0.96P1,44.0,162.57611563140435
Ga0.972Ni0.028Sb1,78.0,133.61217319061433
Mn0.03Ga0.97N1,300.0,291.7594127844057
Mn0.03Ga0.97P1,42.0,110.39004101288353
Ga0.981Ni0.019Sb1,78.0,120.63479167342689
Mn0.013Zn0.009Ga0.987P0.991,20.0,156.3722866056022
Mn0.013Ga0.987P1,35.0,125.27608968432617
Mn1In0.02Ga0.98Ni2,376.0,349.92981441229745
Mn0.02Ga0.98P0.99N0.01,14.0,132.66746465126798
Mn0.02Ga0.98P1,21.5,114.71529983179104
Ga0.991Ni0.009Sb1,78.0,131.15865556369909
Ga0.995Ni0.005Sb1,78.0,139.20385789899257
Mn0.0006Ga0.9994N1,300.0,302.36958866798244
Mn0.001Ga0.999N1,300.0,301.56994368315486
Mn0.01Ga0.99N1,300.0,308.28901369611305
Mn2.06V0.95Ga0.99,768.0,564.9424763378441
Yb1Mn6Ga0.9Sn4.2Ge0.9,303.0,318.5977319553532
Pr1Ga1.02Si0.98,17.0,26.93712124787473
Nd1Ga1.05Si0.95,10.0,35.90108592803078
Mn0.48Ga1.08Ni2.44,307.0,308.54273910763345
Gd0.03Mn2.97Ga1,715.0,578.5424173430205
GdGa,192.57142857142856,157.01928204114824
GdGaN,720.0,146.5144103807219
GdGaNi,28.0,68.70747968975365
GdGaNi4,22.0,37.12916548176646
MnGaGe,459.0,332.1727676841709
Yb1Mn6Ga1Sn3.2Ge1.8,328.0,311.3234373179972
HoMn6GaGe5,381.0,343.3193596965714
LuMn6GaGe5,350.0,301.26284309564875
ScMn6GaGe5,396.0,315.55518619861243
TmMn6GaGe5,356.0,296.23240062611876
HoGa,65.5,36.74965273558615
HoMn6GaSn5,372.0,342.8655723807717
KMn2GaRu,396.0,248.1119082069428
Mn0.81Ga1Ni2.19,325.0,338.2870146474957
Mn0.84Ga1Ni2.16,340.0,343.39867958107783
Mn0.86Ga1Ni2.14,335.0,341.042014375627
Mn0.92Ga1Ni2.08,357.0,342.3013773701583
Mn0.9Ga1Ni2.1,273.0,342.710025244654
MnGa,545.0,513.9333852054334
MnGaN,395.0,257.0908311285049
NdMnGa,10.0,203.0805387765672
MnGaNi,347.3333333333333,380.7203814864673
MnGaNi2,353.17368421052635,348.4987571285355
MnGaP,299.075,272.11520931203574
MnGaPt,220.0,319.60738459529335
MnGaRu,220.0,333.55353280300375
MnGaSb,265.0,362.49481063844087
Mn1.15Ga1,595.0,584.8704793293516
Mn1.2Ga1Ni0.5Pt0.5,268.0,312.41456105625934
Mn1.2Ga1Ni0.8Pt0.2,301.0,323.8485798747702
Mn1.2Ga1Ni1,325.0,340.74439761735755
Mn1.2Ga1Pt1,240.0,294.18043767768495
Mn1.5Ga1Ru1.5,325.0,307.8551614759403
Mn1.8Ga1Ru1.2,325.0,303.60110904587594
Mn2Ga,700.0,634.4484991855402
Mn2.04Ga1Ni1,588.0,417.3891059697091
Mn2GaNi,588.0,500.4669800682232
Mn2GaNi2,250.0,301.6486350886475
Mn2GaPt,230.0,314.3882248769645
Mn2GaRu,272.0,331.71188780543355
Mn2.5Ga1,600.0,686.2483777390572
Mn2.6Ga1,770.0,583.8919195791713
Mn3Ga,691.25,607.1733088524393
TbMn6GaSn5,396.0,405.0240957788965
GaN,298.15,305.58597066085946
VGaN,350.0,223.37655871468192
NdGa,43.25,45.404896157736395
U1Ga1Ni0.98Pt0.02,39.0,47.50512256196313
GaNiSb,78.0,250.78561390453297
SmGaNi4,17.0,28.267054022935994
TbGaNi4,19.0,26.355323650419642
GaSnO2,305.0,292.12953626190466
PrGa,34.5,35.464272915060455
Pr3Ga,30.0,47.96440007973927
UGaPt,68.0,39.967841966069
V4GaS8,11.0,129.44202305025215
SmGa,174.0,60.24557462056738
TbGa,156.0,130.05912981208468
TmGa,15.5,32.44716320685256
Ho1Mn6Ga1.11Sn4.89,363.0,337.91540349182395
Mn1.89Ga1.12Pt0.98,223.0,304.7956116313292
Mn2.85Ga1.15,620.0,681.6788248063879
Lu1Mn6Ga1.25Ge4.75,337.0,300.9711939589903
Gd1Ga1.5Ni0.5,36.0,78.15890613109322
Lu1Mn6Ga1.5Ge4.5,324.0,315.39778559605634
Sc1Mn6Ga1.5Ge4.5,378.0,314.186372551772
Zr0.15U1Ga1.85,23.0,74.13425734917348
Ho1Mn6Ga1.89Sn4.11,308.0,327.0101652740524
Gd6Mn3Ga,284.0,237.03992306566812
Gd9Ga,285.0,273.93416290402547
Pr1.33Ga10Pt4,12.5,31.45898830795385
Gd17Ga3,286.0,242.03858512619746
Mn21.5In9Ga16Ni53.5,321.0,341.12902117994753
Mn37.2Ga17.1Ni45.7,285.0,318.47824912106273
Mn21In7(GaNi3)18,310.0,344.96200414013424
Mn31.3Ga18.2Ni50.5,378.0,343.2401864618725
Mn30.74Ga18.66Ni50.6,347.15,345.882198016223
Gd2Mn29Ga19Ni50,326.0,345.3806078932524
Mn30.5Ga19Ni50.5,317.0,346.8111320721347
Mn30.7Ga19Ni50.3,320.0,347.294338658363
Mn31Ga19Ni50,361.0,345.89553254552294
Mn28.86Ga19.24Ni51.9,329.6,349.4166107686444
Mn26.3Ga19.2Ni54.5,350.0,347.00282924939427
Mn27.1Ga19.3Ni53.6,368.15,348.86541589199567
Gd3Mn3Ga2Ge,198.0,239.1072620332469
Gd3(GaNi3)2,104.0,68.42918452511461
HoGa2Ni,24.1,17.969865219889616
Mn0.0006Zn1Ga2O4,99.0,281.07463812854087
Mn0.03Ga2O3,300.0,235.93193227143138
MnGa2Ni,330.0,365.27832179792193
TmMn6(GaSn2)2,254.0,284.141298515481
NdGa2Ni,15.9,20.347139900027337
PrGa2Ni,5.4,18.948594129728505
TbGa2Ni,59.9,31.293340015522375
TmGa2Ni,5.1,23.575763191236682
TbGa2Ni3,14.0,40.67129806519804
NpGa2,55.0,83.80266524717106
UGa2,126.5625,62.74682683368614
Ho2Ga2.5Ni1.5,10.6,22.207638047468787
Tm1Mn6Ga2.5Sn3.5,204.0,289.87142121147997
Tm2Ga2.5Ni1.5,2.0,17.356192216801816
GdMn29(Ga2Ni5)10,351.0,353.551899121965
GdMn5(Ga2Ni5)2,370.0,302.17123829097545
Gd4Ga,286.0,253.02612151933678
Mn17.5V4In5Ga20Ni53.5,279.0,317.72177396012046
Mn20.5In5Ga20Ni54.5,319.0,341.7310625633839
TiMn5(Ga2Ni5)2,318.0,430.05538746358707
Mn5Ga4Ni11,283.0,343.3361070185773
Mn3Ga2Ni5,372.0,351.3534187271269
Mn25.7Ga20.3Ni54,370.0,347.02846899162955
Mn26.6Ga20.3Ni53.1,373.0,348.0705405044058
Mn28.3Ga20.3Ni51.4,373.15,350.395785689865
Mn30.3Ga20.3Ni49.4,375.0,347.75961760540747
Gd0.5Mn29Ga20.5Ni50,351.0,373.98878879562653
Mn26Ga20.5Ni53.5,351.0,347.2762540726143
Mn28Zn1.5Ga20.5Ni50,354.0,353.3913397121142
Mn28.5Ga20.5Ni51,345.0,351.58088591998995
Mn30Ga20.6Ni49.4,325.0,351.6508514863274
Mn30.8Ga20.7Ni48.5,373.0,347.36240994899975
Mn27.6Ga20.8Ni51.6,328.0,351.08259408249535
Gd0.1Mn29Ga20.9Ni50,351.0,390.3258079851928
Mn28.3Ga20.9Ni50.8,373.0,351.5656992569024
Mn18V3In4(Ga7Ni18)3,282.0,326.95650669605277
Mn26Ga21Ni53,310.0,349.2442315932073
Mn27.3Ga21Ni51.7,352.0,350.9301660918768
Mn28(Ga7Ni17)3,344.0,351.0332362258194
Mn28.7Ga21Ni50.3,373.15,351.4116739985728
Mn29Ga21Ni50,361.4333333333333,349.79852763884406
Mn29.3Ga21Ni49.7,373.15,351.7991902387858
Mn31(Ga7Ni16)3,373.0,349.8702218655763
Mn27Ga21.3Ni51.7,335.0,350.94976972105695
Mn25.3Ga21.4Ni53.3,353.0,347.8492008747528
Mn28.6Ga21.4Ni50,373.0,353.45686620986044
Mn29.6Ga21.4Ni49,365.0,352.39677533183146
Mn28.3Ga21.5Ni50.2,370.0,352.5263747035311
Mn28.5Ga21.5Ni50,373.0,350.9745354718436
Mn28.6Ga21.5Ni49.9,359.15,350.9536477709048
Mn29.4Ga21.5Ni49.1,374.0,352.03297865526275
Mn28.5Ga21.7Ni49.8,375.15,352.3938603099289
Mn21.8Ga21.8Ni56.4,350.0,344.90597913114016
Mn28.3Ga21.8Ni49.9,372.15,352.9674197467786
Mn57.2Ga21.8Ni21,332.5,446.66700655917407
Mn23(Ga2Ni5)11,353.0,345.4604765333442
Mn13Ga11Ni26,305.0,349.9185229281929
Mn27.5Ga22Ni50.5,363.15,352.67315097601943
Mn14Ga11Ni25,365.1428571428572,352.8454640457484
Mn28.5Ga22Ni49.5,350.0,352.33752438666176
Mn15Ga11Ni24,371.375,352.68145442188563
Mn35Ga22Ni43,373.0,329.42995439391336
Mn53Ga22Ni25,557.1,370.57345331444577
Mn27.3Ga22.3Ni50.4,369.0,351.9983220407066
Mn22.5Ga22.5Ni55,367.15,346.61304355278855
Mn22.7Ga22.8Ni48.5,276.0,351.20914046470034
Mn26.9Ga22.8Ni50.3,359.5,350.95864414138833
Mn28.6Ga22.8Ni49.6,366.0,352.81273690210065
Mn21.5Ga23Ni55.5,325.0,347.07132169199787
Mn23.4Ga23Ni53.6,345.0,346.7796515743038
Ti0.5Mn23.5Ga23Ni53,973.0,345.53438731215215
Mn24Ga23Ni53,365.0,348.3741112446886
Mn24.5Ga23Ni52.5,302.0,351.21978882506494
Mn25Ga23Ni52,358.0,349.008434994328
Mn25.4Ga23Ni51.6,365.0,350.935069032404
Mn30.3Ga23.2Ni46.5,388.0,352.9601263189988
Mn25.1Ga23.3Ni51.6,364.15,348.34170983507255
Mn23.9Ga23.4Ni52.7,346.0,349.0147628219451
Mn22Ga23.5Ni54.5,335.0,347.16412296425096
Mn25.8Ga23.5Ni50.7,375.0,349.73910605533104
Mn24.4Ga23.6Ni52,361.0,347.8824709927376
Mn25.45Ga23.6Ni50.95,315.0,351.0278356908084
Mn23.6Ga23.8Ni52.6,354.0,350.2758504113238
Mn24.7Ga23.8Ni51.6,332.0,349.42604392885005
Mn6Ga6Ni13,339.15,348.34953169037004
Ga6Ni19,10.0,131.94850088909212
Mn26.6Ga24.2Ni49.2,368.0,351.77959351833874
Mn20.6Ga24.4Ni55,340.0,341.1932978914703
Mn24.7Ga24.4Ni50.9,318.5,350.45097417723184
Mn24.4Ga24.6Ni51,370.15,349.22643974407606
Mn22.4Ga24.7Ni52.9,322.5,344.1398963189142
Mn24Ga24.7Ni51.3,358.15,348.5689907177412
Mn24.9Ga24.7Ni50.4,373.0,351.71484374190914
Mn23.2Ga24.9Ni51.9,361.26,347.46619938648735
Mn24Ga24.9Ni51.1,353.15,349.53511875673524
Mn13V8Ga25Ni54,209.0,313.1879860681506
Mn15.5V5Ga25Ni54.5,251.0,317.82608779650224
Mn4Ga5Ni11,306.0,335.69368083434205
Mn21Ga25Ni54,340.0,339.916409104591
Mn22Ga25Ni53,323.5,345.39973242556977
Mn23Ga25Ni52,352.25,344.99882589904774
MnGaNi2,369.5,346.78774421310175
Mn27Ga25Ni48,375.15,349.91825114497584
Mn6Ga5Ni9,400.0,349.47482667345895
Mn3Ga,731.6666666666666,586.9917999571778
Mn20.5Ga25.2Ni54.3,326.5,339.7616116007668
Mn19.6Ga25.4Ni55,308.0,335.4633337438243
Mn24.3Ga26Ni49.7,366.0,349.4303887393928
Mn18.6Ga26.2Ni55.2,315.0,331.75415248176944
Mn24.3Ga26.2Ni49.5,358.0,352.28670753541047
Mn20.4Ga26.6Ni53,306.0,338.74741074987605
Mn15.9Ga27Ni57.2,308.0,313.523420877622
Mn19(GaNi2)27,328.5,331.31456986681064
Mn72.5Ga27.5,508.0,739.0028076578232
Mn19.5Ga28Ni52.5,343.5,332.55553102065863
Mn21.9Ga28.5Ni49.6,356.0,340.71641193864207
Mn71Ga29,770.0,614.5524226136546
Gd12Ga3Ni5,140.0,107.95874572457625
Tb37(Gd20Ga)3,297.0,267.2539486063279
NpGa3,50.0,43.35430910370765
Np2Ga3Pd,75.0,51.617795233994926
Np2Ga3Pt,26.0,63.97273829599017
U2Ga3,23.0,72.99177709480574
Mn2Ga3Ni5,300.0,340.1710737922199
Mn5(Ga2Ni3)3,300.0,353.46402888093496
Mn7Ga3,672.0,627.3332895144496
Mn68.75Ga31.25,670.0,687.2801600373748
Mn67.5Ga32.5,692.0,641.6733621752093
MnGaNi,348.0,381.201695279214
Mn13Ga7,621.6666666666666,631.2904221432399
Mn62.5Ga37.5,670.0,604.440864626127
Mn17In6Ga2Ni25,295.0,323.8937817295445
Mn33.3In10.7Ga4.3Ni51.7,295.0,323.529804292798
Mn2Ga2Ni,348.0,360.78223368683206
Mn3Ga2,516.5,521.5297289516058
Mn56.25Ga43.75,670.0,557.7856699458882
Mn11Ga9,506.05,590.3950752311825
Mn54.5Ga45.5,578.0,586.7575174017065
Mn53.5Ga46.5,670.0,580.148439674198
Mn53Ga47,600.0,584.9657120636252
Tb7Gd12Ga,275.0,269.0692831878423
Gd19Ga,286.0,274.5850461610612
Mn8Ga5,158.6,571.5921430426231
NpGa5Ni,30.0,101.31707933728718
MnGa,670.0,571.571192832726
Tb2Mn0.5Ga6,28.0,54.45562249408816
Mn10Ga3Ni37,320.0,288.5324714797099
Gd26Ga9Ni8,106.0,123.0500419400599
Tb26Ga9Ni8,82.0,82.1817579905118
Sr0.4La0.5875Gd0.0125Mn1O3,360.0,304.07942899969186
Gd0.01Zr0.99Zn2,7.0,65.4259785388149
Pr0.28Gd0.053Mn0.667,450.0,362.9413278550074
Sr0.4La0.55Gd0.05Mn1O3,352.0,299.94032078765605
Sr0.3La0.65Gd0.05Mn1O3,356.0,302.3711137250528
Sr0.5Pr0.45Gd0.05Mn1O3,270.0,250.9341239602017
La0.94Gd0.06Ru6,10.0,163.51451642472142
Gd0.089Pd0.911,5.0,85.27792773963724
Sr0.33La0.52Gd0.15Mn1O3,343.2,286.81519734334574
Sr0.3La0.55Gd0.15Mn1O3,311.0,292.5477462449647
Gd0.15Tm0.85Mn6Sn6,358.0,328.38444132373536
Tb0.9Gd0.1Ni1H4,12.0,50.176296062796055
Sr0.3La0.6Gd0.1Mn0.95In0.05O3,309.0,295.56902920948824
Sr0.33La0.57Gd0.1Mn0.9In0.1O3,336.0,275.9629895514817
Sr0.3La0.6Gd0.1Mn0.9In0.1O3,280.0,286.750770519257
Sr0.33La0.57Gd0.1Mn1O3,358.4,300.5410143960933
Sr0.4La0.5Gd0.1Mn1O3,336.0,298.369713167092
Sr0.3La0.6Gd0.1Mn0.85Si0.15O3,278.0,256.5984466203821
Sr0.3La0.6Gd0.1Mn0.8Si0.2O3,271.0,243.68707865495503
Sr0.3La0.6Gd0.1Mn0.95Si0.05O3,330.0,288.3685242553863
Sr0.3La0.6Gd0.1Mn0.9Si0.1O3,294.0,270.8975376370545
Sr0.3La0.6Gd0.1Mn1O3,340.0,296.0117314087994
Sr0.3Nd0.6Gd0.1Mn1O3,125.0,162.9498450726071
Sr0.5Pr0.4Gd0.1Mn1O3,250.0,234.16619475906592
Sr0.4Pr0.5Gd0.1Mn1O3,258.0,221.5089825080521
Tb0.9Gd0.1Mn6Sn6,422.0,415.48432889100803
Gd0.1Tm0.9Mn6Sn6,344.0,330.0654907596703
Tb0.9Gd0.1Ni1,68.0,83.21945142897376
Gd0.1Sb2Pt0.9,10.5,79.40521501672859
La0.775Gd0.225Mn2Si2,297.0,267.47738390899264
Gd0.23Zr0.77Ni2,80.0,47.89670282627807
Pr0.75Gd0.25Sc1Ge1H1,10.0,64.95530574738024
Pr0.75Gd0.25Sc1Ge1,190.0,132.70560005505038
Tb0.75Gd0.25N1,50.75,73.03825769062429
Sr0.45Sm0.275Gd0.275Mn1O3,58.8,124.03700139300844
Nd0.8Gd0.2Mn2Ge2,342.0,332.0064514416258
Pr0.8Gd0.2Mn2Ge2,334.0,331.54872115212885
Gd0.2Ho0.8,160.0,108.3600037103499
Gd0.2Ho0.8In1Ni1,34.0,39.53201835459784
Gd0.2Ho0.8Ni2,28.0,28.703389516952644
Gd0.2Ho0.8Ni5,19.5,32.848831131498656
La0.2Nd0.2Sm0.2Gd0.2Y0.2Mn1O3,61.0,126.28255625188343
Sr0.33La0.47Gd0.2Mn1O3,285.9,263.800476072781
Sr0.3La0.5Gd0.2Mn1O3,254.25,264.07535775989663
La0.8Gd0.2Mn2Si2,300.0,278.3815113236733
Sr0.3Pr0.5Gd0.2Mn1O3,137.0,161.2438510944976
Sm0.8Gd0.2Mn2Si2,44.0,98.13890811623631
Tb0.8Gd0.2Mn6Sn6,423.0,413.9055454751707
Gd0.2Tm0.8Mn6Sn6,363.0,337.2209956966671
Gd0.2Y0.8Mn6Sn6,372.0,335.78218833867726
Nd0.8Gd0.2Ni2,78.0,39.380892640427184
Nd0.8Gd0.2Ni5,33.0,32.47436845132169
Gd0.2Sc0.8Ni2,13.6,55.312873481041144
Gd0.2Y0.8Ni3,52.0,65.37986858381261
Sr0.33Nd0.33Gd0.34Mn1O3,160.0,130.82018377179637
Sr0.45Sm0.165Gd0.385Mn1O3,70.5,121.22821351201544
Gd0.3Tm0.7Mn6Sn6,370.0,352.9673493953054
Gd0.3Sc0.7Ni2,21.3,35.72670435470647
Tb0.7Gd0.3,253.0,228.4581151761277
Nd0.6Gd0.4Mn2Ge2,345.0,337.4552202557716
Pr0.6Gd0.4Mn2Ge2,340.0,342.64211069618284
Gd0.4Ho0.6,194.0,180.65187939247483
Gd0.4Ho0.6In1Ni1,52.0,45.206485506668166
Gd0.4Ho0.6Ni2,42.5,43.94180549336894
Pr0.6Gd0.4Mn2Si2,29.0,95.35659106532316
Sm0.6Gd0.4Mn2Si2,49.0,79.29031022625412
Tb0.6Gd0.4Mn6Sn6,428.0,420.41593098271574
Nd0.6Gd0.4Ni2,65.0,53.35580416498897
Nd0.6Gd0.4Zn2,56.0,50.30590401874055
Gd0.4Sc0.6Ni2,29.7,37.59124531379063
Gd0.4Y0.6Ni3,69.0,50.053096626702036
Pr0.45Gd0.55Mn1O3,43.0,100.67804502726074
Sr0.44Gd0.56Ti1O3,3.0,141.38232207873259
Nd0.5Gd0.5Mn2Ge2,346.0,339.06011137057953
Gd0.5Ho0.5In1Ni1,59.0,49.857201539425354
Sm0.5Gd0.5In1Pd1,60.0,74.07859104278725
La0.5Gd0.5Mn1Si1,185.0,229.0915622206113
Gd0.5Y0.5Mg1Ni4,45.0,42.34768831756738
Tb0.5Gd0.5N1,52.5,64.2769645029047
Nd0.5Gd0.5,145.0,211.07839550390227
Gd0.5Sc0.5Ni2,37.4,41.79877611296435
Yb0.5Gd0.5Ni5,21.8,40.4533185093354
Tb0.5Gd0.5,262.0,255.51257892532712
Pr0.362Gd0.638,278.0,169.04685567120742
Gd0.654Y0.346,132.0,193.4099562544912
Pr0.35Gd0.65,165.0,240.21237867414902
Gd0.667Y0.333,211.0,122.13109554081569
Gd0.67Y0.33,74.0,191.2345041572896
Gd0.689Y0.311,172.0,172.5019233765814
Gd0.696Y0.304,215.0,166.4713924105906
Gd0.69Lu0.31,221.0,182.85157098912265
Gd0.69Sc0.31,110.0,172.9105020996281
Nd0.4Gd0.6Mn2Ge2,346.0,342.7093285162631
Pr0.4Gd0.6Mn2Ge2,345.0,343.6171130294342
Gd0.6Ho0.4,230.0,221.48608951333216
Gd0.6Ho0.4In1Ni1,67.0,54.067982424826184
Gd0.6Mn0.4,230.0,205.37291798522227
Pr0.4Gd0.6Mn2Si2,42.0,71.11048781840964
Sm0.4Gd0.6Mn2Si2,53.0,63.38139488274266
Tb0.4Gd0.6Mn6Sn6,432.0,421.5800700350504
Nd0.4Gd0.6Zn2,58.0,66.72435673567007
Gd0.6Sc0.4Ni2,58.4,54.22793326444768
Gd0.6Y0.4Ni3,90.0,60.89550999426933
Gd0.6Ru0.4,57.0,140.5309851842451
Tb0.4Gd0.6,271.0,268.76783013511914
Gd0.6Y0.4,84.0,204.64441172563286
Gd0.703Y0.297,208.0,212.6433006843693
Gd0.72Sc0.28,171.0,164.56471019571524
Tb0.26Gd0.74,278.0,271.4036087556218
Nd0.25Gd0.75Mn2Ge2,345.0,340.1260858490734
Gd0.75Y0.25Mg1Ni4,62.0,47.0786439225817
Gd0.75Y0.25Mn1Si1,290.0,241.4470539050799
Tb0.25Gd0.75N1,56.25,99.24770413937422
Nd0.3Gd0.7Mn2Ge2,346.0,343.7727410660665
Pr0.3Gd0.7Mn2Ge2,347.0,342.818105789507
La0.3Gd0.7,185.0,180.75373392058515
Gd0.7Y0.3Mn1Si1,260.0,225.59180714378286
Gd0.7Sc0.3Ni2,62.7,64.12372748708384
Gd0.7Ru0.3,77.0,121.77226868886864
Tb0.3Gd0.7,275.0,272.1568016265452
Gd0.7Y0.3,145.0,212.75158809574287
Gd0.82Rh0.18,111.0,187.9915310222743
Gd0.83Pt0.17,150.0,172.47500539901955
Nd0.15Gd0.85Mn2Ge2,342.0,338.04851567511867
Pr0.15Gd0.85Mn2Ge2,344.0,355.6009481064035
Gd0.85Ru0.15,78.0,205.89990405786796
Gd0.85Y0.15,268.0,234.7228581908364
La0.1Gd0.88Ho0.01,280.0,255.27618570575072
Gd0.88Mg0.12,184.0,241.69756364531185
Nd0.2Gd0.8Mn2Ge2,342.0,342.59676170002075
Pr0.2Gd0.8Mn2Ge2,345.0,342.5489398117387
Gd0.8Ho0.2,268.0,258.13270954092405
Gd0.8Ho0.2In1Ni1,81.0,58.16831736502581
Gd0.8Ho0.2Mn6Sn6,443.0,424.76762568251377
Gd0.8Ho0.2Ni2,70.0,78.02134904571507
Gd0.8Ho0.2Ni5,35.0,38.13251272613204
Gd0.8Lu0.2Mn6Sn6,443.0,424.01332347931105
Gd0.8Y0.2Mn1Si1,324.0,252.46066111283812
Pr0.2Gd0.8Mn2Si2,53.0,65.69765812122768
Sm0.2Gd0.8Mn2Si2,58.0,76.55471911064386
Tb0.2Gd0.8Mn6Sn6,441.5,426.871296702217
Gd0.8Tm0.2Mn6Sn6,445.0,431.20856335536575
Nd0.2Gd0.8Ni2,43.25,76.7253002571372
Nd0.2Gd0.8Ni5,17.0,43.86893627644752
Nd0.2Gd0.8Zn2,66.0,73.01470237302786
Gd0.8Sc0.2Ni2,65.5,70.93075906655938
Gd0.8Y0.2Ni3,103.0,76.7016819552272
Gd0.8Sc0.2,212.0,224.18832127317233
Tb0.2Gd0.8,275.5,274.2481437783111
Gd0.8Y0.2,254.0,223.08981175733084
Gd0.91Lu0.09,267.0,264.53092122530836
Pr0.073Gd0.927,254.0,272.03288086775495
Gd0.94Mg0.06,233.0,265.2801797437128
Gd0.95Y0.05Mn1Si1,315.0,247.9629900067239
Gd0.95Th0.05,273.0,268.9818093368691
Gd0.97In0.03,268.0,275.24837582175616
Gd0.97V0.03,291.84,274.2152710430586
Gd0.98In0.02,274.0,273.7460377810317
Gd0.99In0.01,285.0,275.5709770125616
Tb0.1Gd0.9Ni1H4,14.0,71.49827949467787
Tb0.1Gd0.9Mn6Sn6,438.0,430.2505836310925
Tb0.1Gd0.9Ni1,72.0,80.68679003739561
Gd0.9Sc0.1Ni2,72.4,78.40105773197597
Gd0.9Sc0.1,251.0,261.7677347047919
Gd0.9Th0.1,244.0,257.1809588382694
Gd0.9Y0.1,281.0,260.56262035539385
Gd,293.0,273.25518335191333
Gd1.02Sc0.98Ge1,350.0,292.28574673230645
Gd1.05Sc0.95Se3,5.0,96.22174166166457
Gd1Sc1Si0.5Ge0.5,342.88,277.31444305030215
Gd1Ti0.9Mn0.1Ge1,374.0,333.1428629573888
Gd1Ti0.8Mn0.2Ge1,398.5,363.4974169792426
Gd1Ti0.7Mn0.3Ge1,430.0,350.2622715133268
Gd1Ti0.5Mn0.5Ge1,357.5,317.71885480848636
Gd1Ti0.4Mn0.6Ge1,351.0,285.8875820979623
Gd1Ti0.2Mn0.8Ge1,170.0,251.80877764320365
Gd1Ti0.1Mn0.9Ge1,200.0,218.06158696503627
GdGeRu,72.0,70.76644268591596
Gd1Sc0.5Ti0.5Ge1,327.16,286.31032481392134
GdScGe,330.71500000000003,283.42930689273965
GdTiGe,374.0,257.66101245257
Gd(MnGe)2,188.0,198.20264335892938
GdMn6(Sn2Ge)2,442.0,413.2507190541088
GdMn2,105.0,266.6990589803731
Gd1H0.19I2,110.0,97.37428698703602
Gd1H0.2,296.0,190.3080151053436
Gd1H0.24I2,90.0,80.92466562974123
Gd1H0.34I2,42.5,100.31016443084947
Gd1In1Ni1H0.5,53.3,65.7615990819389
Gd1Mg0.1Zn0.9H1,50.0,80.22553832562426
GdMn2H,208.33333333333337,169.25108957774233
GdHPd,40.0,44.44319554081439
GdHRh,20.0,57.17525162509294
GdZnH,50.0,82.96370781561515
GdH3Rh2,35.0,59.53907275036818
GdH3Ru2,65.0,59.97465549388362
GdHoNi2,85.0,70.90476025083125
GdI2,232.33333333333337,100.5260288325668
Gd1Mn1.9In0.1,220.0,209.83244011240964
GdInNi,86.6,57.744517207815754
GdInNi4,24.0,45.71729509965565
GdInPd,96.0,83.83176178449523
GdInPt,89.0,67.61116272062625
GdInPt4,21.9,48.3061942682898
Gd1Mn0.5In1.5,150.0,184.09462909256422
Gd(InPt)2,50.0,46.8066025432793
GdIn3,46.5,87.37736784305767
GdIr2,89.0,79.16306440032612
Gd1Mg0.1Zn0.9,250.0,131.93744083457793
GdMg,115.66666666666669,188.5528295302348
GdMgNi4,77.0,40.248626501727436
GdMgPd,95.7,72.50190444092608
GdMg2,93.0,129.84221098759127
Gd1Mn0.4Ni2,190.0,169.75167652161198
Gd1Mn0.5Ni0.5O3,145.0,112.97761711636394
Gd1Mn0.5Ni2,210.0,161.01863559234772
GdMnSiNi3,136.0,134.03263727556592
GdMnO3,4.0,83.4136577584864
GdMnSi,313.6666666666667,197.27093801789871
GdMn2,189.66666666666663,266.6990589803731
GdTaMn2O6,32.5,83.11262141594575
Gd(MnSi)2,61.333333333333336,124.49839783561063
GdMn37Ni49Sn13,299.0,316.92463734778
GdMn5,466.5,435.40031041190576
Gd(MnSn)6,437.5,415.69058743637254
GdN,63.95555555555555,174.1018066500426
GdNbN2,25.0,93.69651582966267
GdNi,71.125,94.63202657118825
GdNi2,70.11666666666666,100.65672835150143
GdNi3,115.0,105.09292853065286
GdSiNi4,24.75,37.455341360027816
GdNi5,30.9,65.12115621965987
Gd(SiNi)6,2.0,58.26002823311197
Gd1Si6Ni6.6,4.0,44.77380699173451
GdSi3Ni8,3.0,122.12585421521601
GdZnO,300.0,156.72166596193549
GdTiO3,32.0,69.69930174945502
GdPO4,2.1,51.433505547742634
GdOs2,66.0,88.83679626431342
Gd(P3Os)4,5.0,44.35327950845258
GdPd,39.5,104.02322732336954
GdPd2,335.0,69.49767460889123
Gd(Y2Pd)3,42.0,69.4183474185762
GdPt,68.0,61.59209497715594
GdSiPt,16.0,66.65083524862001
GdPt2,29.3,95.54457302441854
GdSnPt2,20.0,51.69745197032962
GdPt3,36.0,63.15859382927442
GdRh,29.0,111.53145908541963
GdSiRh,101.0,69.75654398225916
GdRh2,74.5,71.23816119543633
GdRu2,83.0,73.08928885045536
Gd(SiRu)2,46.0,54.87842145746043
GdTiSb,268.0,279.30151524755934
GdZrSb,37.0,185.11158660639032
GdScSi,321.70500000000004,291.52874638067783
Gd,293.0,273.25518335191333
GdZn,271.0,204.63877999952132
GdZn2,73.66666666666667,84.3003671467946
La0.25Gd1.5Y0.25In1,160.0,200.38301940697983
La0.5Gd1.5In1,160.0,176.45191989989547
Gd1.5Y0.5In1,160.0,175.8119122344245
Sr0.5Gd1.5Mn1Ni1O6,127.13,138.10764420935695
Gd1.6Y0.5Se2.9,47.0,84.27538033201088
Sr0.3Gd1.7Mn1Ni1O6,126.15,136.10446445097614
Gd11(InGe4)2,84.0,100.13152262958147
Gd11In9Ni4,92.0,108.45366195477243
Gd2GeRh3,64.0,82.72647771220525
Gd2In0.8Pb0.2,243.0,218.73861695246467
Gd2In0.8Sn0.2,255.0,203.24722201367157
Gd2In,192.8,212.27491983920646
Gd2NiIrO6,170.0,103.19028702790767
Gd2MgNi2,20.7,74.52673856894694
Gd2MgTiO6,3.3,62.89620463245714
Gd2Ti0.6Mn0.4Ni1O6,52.0,77.07357189131416
Gd2Ti0.4Mn0.6Ni1O6,84.0,90.15697671636873
Gd2Ti0.2Mn0.8Ni1O6,111.0,99.01051907869365
Gd2MnNiO6,128.0,115.80514224319464
Gd2Mo2O7,62.0,53.98911245873146
Gd2Ni17,341.3333333333333,358.30445981978323
Gd2Ni2Pb,32.0,76.41958824517752
Gd2Si0.65Ni2.35,66.0,91.92949857763868
Gd2Si0.4Ni2.6,96.0,79.38429924343079
Gd2Ni7,118.0,106.07481003638458
Sr2Gd2RuO10,127.0,144.39427286314364
Gd2Y5Pd3,151.5,91.12997745446708
Gd2Si3Pt,24.0,93.5274951356647
Gd2Zn17,10.0,45.72083801013138
Gd2.88Y3.12Mn23,468.0,397.8785850056796
Gd3HPd2,30.0,109.11649466642825
Gd3HPd4,20.0,76.19173959429213
Gd3In,206.0,235.09975278206912
Gd3Mn37Ni47Sn13,302.9,319.14534198039564
Gd3Si2Ni,215.0,178.04646303201176
Gd3Si4.2Ni11.5,14.0,62.56208381479052
Gd3Ni6Sb5,8.0,52.246959441782536
Gd3Pd,325.0,231.2621383598624
Gd3Y4Pd3,198.25,148.4315382180767
Gd3Si11Pt23,42.0,36.55150947847579
NdGd4(SiGe)2,276.0,195.63180443353264
Gd4Mn0.15Sb2.85,270.0,208.36717832010305
Gd4Si1.93Ni2Sb1.07,93.0,103.16612688990337
Gd4(YPd)3,240.5,167.48823402449815
Gd4Sb3,261.6666666666667,233.3530199289334
Gd4.5Sc0.5Si1.8Ge2.2,239.4,247.75930793809167
Gd4.5Sc0.5Ge4,53.0,104.59561192295577
Gd4.75Sc0.25Ge4,41.0,71.70021011960357
Gd4.75Ho0.25Si4,320.0,253.31036807482008
Gd4.7Sc0.3Si1.8Ge2.2,260.3,241.42407546898926
Gd4.85Zr0.15Si2Ge2,281.0,273.2125043856263
Gd4.85In0.15Si1.2Ge2.8,186.0,183.32168245373796
Gd4.88Sc0.12Ge4,20.0,98.13008179724395
Gd4.8Zr0.2Si2Ge2,272.0,267.71951831952407
Gd4.8Sc0.2Si1.8Ge2.2,266.3,253.34808663166504
Gd4.95Zr0.05Si2Ge2,295.0,277.89846661081634
Gd4.9Zr0.1Si2Ge2,283.0,275.3101777597697
Gd4.9Sc0.1Si1.8Ge2.2,248.4,264.0686633587936
Gd4.9Zr0.1Si1.5Ge2.5,218.0,233.53182825705954
Gd5.09Si1.88Ge2.03,306.0,264.6612219401399
Gd5Si3Ge,320.0,299.32564706571554
Gd5Si2.8Ge1.2,317.0,294.03091435126834
Gd5Si2.7Ge1.3,304.0,296.42161715946173
Gd5Si2.33Ge1.67,307.0,285.2602224175027
Gd5Si1.7Sn0.5Ge1.8,264.0,231.7507464699551
Gd5Si2.2Ge1.8,302.0,290.8153629875419
Gd5Si2.09Ge1.91,292.0,285.78562130748503
Gd5Si1.975Ge1.975Pb0.05,273.0,272.50186665975866
Gd5Si1.97Ge1.97Pb0.06,274.0,270.62591462786304
Gd5Si2.03Ge1.97,300.0,281.74616738569637
Gd5Si1.995Ge1.995Pb0.01,275.0,280.6602475883382
Gd5Si2.1Ge1.9,297.0,286.8089607372308
Gd5In0.05Si1.925Ge2.025,278.0,274.5984917603474
Gd5Si2Ge2H0.1,297.0,275.912270018475
Gd5Si1.2Sn0.8Ge2,172.7,201.5742763846542
Gd5Si1.54Sn0.46Ge2,218.4,227.21823692235532
Gd5(SiGe)2,281.35714285714283,287.1461322528913
Gd5Si1.9Ge2.1,276.0,272.2333122611697
Gd5Si1.8Ge2.2,242.8,266.3343826780268
Gd5Si0.42Ge2.58,241.0,212.13376449468566
Gd5In0.3Si1.2Ge2.5,213.0,192.18090979652703
Gd5Si1.5Ge2.5,208.875,225.90770413174377
Gd5Si0.35Ge2.65,222.0,218.74276916335293
Gd5In0.15Si1.1125Ge2.725,166.0,192.58095650498043
Gd5In0.1Si1.15Ge2.75,164.0,188.47729484069177
Gd5In0.05Si1.175Ge2.775,176.0,184.61564118505385
Gd5In0.1Si1.2Ge2.7,183.0,184.71527712942935
Gd5Si1.2Ge2.8,177.0,201.5420077166777
Gd5Ge3.37P0.63,101.0,139.10166998710602
Gd5Ge3.5P0.5,87.0,113.23545128944924
Gd5Si0.4Ge3.6,78.0,136.2419220697322
Gd5Ge3.74P0.26,64.0,110.45884755482739
Gd5Si11.4Ge8.6,244.0,128.90121497538792
Gd5Ni0.96Sb2.04,115.0,179.65678292363458
Gd5Si3.5P0.5,336.0,299.79191923724204
Gd5Si3.25P0.75,332.0,279.3309304534116
Gd5Si2.75P1.25,184.0,293.94331470987754
Gd5Pb3,275.0,180.82505900681323
Gd5Pd2,335.0,256.9677277195227
Gd5Y2Pd3,262.6666666666667,184.6958490828353
Gd5Sb2Pt,113.0,168.37644172443905
Gd5Pt3,176.0,160.7980547654218
Gd5Si3.5Sb0.5,336.0,291.0043306476945
Gd5Si2.79Sb1.21,164.0,267.62121406371375
Gd5Si2.27Sb1.73,227.0,245.62480130459608
Gd5Si1.73Sb2.27,254.0,243.95741811819585
Gd5Si1.5Sb2.5,271.0,227.59759117986377
Gd5Sb3,148.0,206.57047260869226
Gd5Si0.9Sb3.1,295.0,191.96284536332408
Gd5(SiSn)2,220.0,258.03978904343734
Gd5Si2.4Sn1.6,276.0,255.25141879327205
Gd5Si2.6Sn1.4,290.5,242.0748393831711
Gd5Si2.8Sn1.2,301.5,241.88126872055398
Gd5Si4,338.2857142857143,262.79675909492227
Gd5Sn4,84.0,199.9144844069954
GdNi,73.0,104.16718942760454
Gd6Mn23H22,170.0,245.98861000298814
Gd6Mn23,472.9285714285714,445.7499826845258
Gd6Si3Ni1.67,310.0,163.85386194936876
Gd6YPd3,246.0,240.6467735731447
Gd3Ni2,99.0,154.5825051679913
Tb2Gd3,270.0,272.0500896545052
Gd63Ni37,122.15,153.90661650285816
Gd13Mn5Si2,241.33333333333337,234.06796154104978
Gd13Mn6Si,221.0,249.0123469556903
Gd13Ni7,122.7,154.95579963271126
Gd67Y33,142.0,176.816345721579
Gd17Ni8,123.95,156.72371456948213
Gd7NiPd2,298.0,206.5587615897034
Gd7Pd3,329.0,253.2391791607023
Gd7Y3,277.0,180.90749289916147
Gd71Ni29,122.3,157.3005853807418
PrGd15SiGe3,283.0,246.68893651340318
Gd3Ni,120.5,152.8765348466718
Gd19Pd6,308.0,275.5070182823643
Gd4Mn,278.95,259.01799624079786
Gd4Pd,287.0,259.0773717410457
Gd17Mn3,281.95,270.0662016560341
Gd17Pd3,287.0,257.7043693156595
Gd22Y3,260.0,263.1243373983648
Gd89.8Y10.2,265.0,267.74944956688535
Gd9Mn,283.05,270.56246064429973
Gd9Pd,287.0,258.8912332345326
Gd92.5Y7.5,275.0,263.0437450342253
Gd94.5Y5.5,280.0,270.8030580058841
Gd19Mn,284.45,276.8486223853744
Gd19Pd,287.0,280.1041881168735
Sr0.5Nd0.5Mn0.99Ge0.01O3,249.0,225.301391260135
Mn0.98Ge0.02Te1,130.0,312.5932651692809
Mn1Si0.98Ge0.02,29.0,98.81591483561596
Sr0.5Nd0.5Mn0.97Ge0.03O3,237.0,218.7031238422694
Mn1Si0.95Ge0.05,29.0,76.82345230029738
Ni0.95Ge0.05,600.0,487.52644901771407
Ni0.92Ge0.08,348.0,458.3038457912503
Ni0.91Ge0.09,500.0,347.74994203673157
Mn2Ge0.12Sb0.88,340.0,449.31166782138195
Ni0.86Ge0.14,474.0,360.5880023010932
Mn1Si0.9Ge0.1,29.0,114.82257851300567
Tb1Mn2Si1.9Ge0.1,57.0,60.02700343091939
Tb4Ge0.25Sb2.75,145.0,116.12704439144022
Tb1Mn2Si1.8Ge0.2,55.0,66.896270493462
Nd1Mn2Si1.6Ge0.4,36.0,146.20525723390742
Mn0.46Ge0.54Te1,200.0,205.41353771531428
Nd5Si2.5Ge0.5,123.0,74.82152245835617
Pr5Si2.5Ge0.5,53.1,52.50522801780381
Mn0.4Ge0.6Te1,70.0,208.09008775212897
Mn0.29Ge0.71,300.0,286.58112578466626
Mn0.025Si0.24375Ge0.73125,290.0,217.10305352888227
Mn0.061Sn0.184Ge0.755Te1,13.6,122.88761840202874
Mn0.047Sn0.183Ge0.77Te1,7.8,121.49392610129404
Mn0.23Ge0.77,300.0,283.1704031208196
Mn0.3Ge0.7,350.0,290.3656657492576
Mn0.3Ge0.7Te1,75.0,149.36441614060584
Mn0.084Sn0.083Ge0.833Te1,50.0,126.31061479016907
U1Sn1.16Ge0.84,36.0,54.75458220202583
Mn0.15Ge0.85,300.0,254.496997721135
Mn0.14Ge0.86Te1,110.0,154.93048090237303
Mn0.12Ge0.88,300.0,251.97566449665254
Mn0.064Ge0.895Te0.041,369.0,210.55198978186604
Mn0.2Zn0.8Ge0.8P1.6,300.0,269.88757663540963
Mn0.2Ge0.8Te1,130.0,140.36719747091564
Mn0.08Ge0.92,300.0,249.26270197154838
Mn0.061Ge0.939,295.0,258.8749997334634
Mn0.07Ge0.93,300.0,247.78463269211392
Mn0.055Ge0.945,300.0,214.81389511701374
Mn0.055Ge0.945Te1,180.0,109.36078606771943
Mn0.053Ge0.947,50.0,257.03989140987807
Mn0.06Ge0.94,255.0,250.52855097386262
Mn0.045Ge0.955,300.0,228.66210141048498
Mn0.044Ge0.956,250.0,252.78040560969004
Mn0.05Ge0.95,225.0,224.27173043080825
Mn0.035Ge0.965,116.0,253.94521296981827
Mn0.033Ge0.967,285.0,201.7996073405298
Mn0.03125Ge0.96875,120.0,253.37423084241402
Mn0.04Ge0.96,321.5238095238096,224.64532153692974
Mn0.027Ge0.973,250.0,244.7765444395141
Mn0.025Ge0.975,300.0,242.9534266585581
Mn0.03Ge0.97,285.0,211.27837726638532
Mn0.02Ge0.98,208.0,244.38077992695278
Mn0.01Ge0.99,285.0,236.20672731971283
U1Ni1Ge1H1.2,100.0,74.66995221780165
HoGeRu,18.0,18.411460397048916
HoTiGe,90.0,102.55196860377526
Mn0.056Zn0.944Ge1P2,312.0,293.0843126140495
Mn0.06Zn0.94Ge1P2,350.0,280.5100588189764
Mn0.25Zn0.75Ge1P2,312.0,262.02312421685525
Mn0.8Ni2.2Ge1,151.0,328.02585901375664
Mn0.9Ni2.1Ge1,283.0,297.57081991583453
MnGe,143.0,300.836938716857
MnNi2Ge,288.0,330.7209867171481
MnGeP2,320.0,417.22030597414357
MnZnGeP2,350.0,299.9748632689624
MnGeRh2,460.5,335.0768115484904
Mn2GeRu,303.0,319.55124924036136
Mn3Ge,589.3333333333334,343.95706117184625
Mn3.16Ge1,365.0,444.9311601758053
Mn3.97Ge1,365.0,384.02849370908336
Mn5Si2Ge,198.0,266.42438557116685
Mn7Sn3Ge,195.0,302.02233748389955
Tb1Ti0.85Ge1Mo0.15,185.125,217.59524977271107
ZnSiGeN2,300.0,278.6464681318332
NdGe,28.0,42.535624869956685
NdScGe,197.0,124.30624993942364
NiGeRh2,112.0,244.16926003867331
U1Ge1Pd0.9Ru0.1,33.0,28.385875819570135
YbGePd,11.4,31.14362068997129
PrGe,39.0,34.59081895131905
PrScGe,80.0,130.97240690872314
Pr3Ge,22.0,58.78052648012721
Pr5Si2Ge,56.0,46.0114197232812
Pr5Si3Ge,47.0,47.83328358855788
YbGePt,4.7,35.41650510764177
PuGeRh,15.0,64.57796846872195
U1Si0.9Ge1Rh0.1,9.4,59.93920919254524
U1Ge1Ru0.35Rh0.65,1.3,17.84794468571739
U1Ge1Ru0.25Rh0.75,6.0,17.094039279299828
U1Ge1Ru0.15Rh0.85,9.5,17.316939326181895
U1Ge1Ru0.05Rh0.95,10.6,19.688078476318864
U1Ge1Ru0.1Rh0.9,10.5,19.064488709749625
UGeRh,9.533333333333331,23.44465910068844
Tb2GeRh3,56.0,47.7587921595234
TbGeRu,70.0,46.94369734164474
SmScGe,270.0,165.6889614418468
TbScGe,216.0,145.65931091126913
Tb5Si3Ge,215.0,128.74242427327135
USnGe,40.0,56.35347377864302
TmTiGe,15.0,112.7714352920576
Mn0.94Ni1.91Ge1.15,315.0,313.3879575966164
Nd5Si2.8Ge1.2,99.5,69.43314747336636
Mn5Si1.5Ge1.5,258.0,268.1648669602741
Np1Ge1.72,121.0,74.6167623122696
Yb1Mn6Sn4.2Ge1.8,334.0,319.34747202691307
Pr1Ge1.8,14.6,24.699117609180313
Pr1Ge1.97,14.6,27.193445083080515
U1Sn0.02Ge1.98,58.0,59.84191156637005
Ho(MnGe)2,20.6,61.627022253529574
HoMn6(Sn2Ge)2,391.0,316.24545739536615
Ho2Ge2Os,12.9,28.664515302346995
Ho2Ge2Ru,7.5,23.967225969823218
Ho3NiGe2,43.0,33.41850443439941
La(MnGe)2,317.0,278.94622120984513
Y1Mn0.24Ge2,293.0,110.7911840723044
MnGe2,62.0,291.59962549152596
Nd0.45Y0.55Mn2Ge2,40.0,99.00577391215123
Nd0.4Y0.6Mn2Ge2,30.0,108.7918454793421
Nd0.55Y0.45Mn2Ge2,75.0,116.04360036559078
Nd0.5Y0.5Mn2Ge2,70.0,107.01291187170699
Nd0.6Y0.4Mn2Ge2,80.0,128.2201784733692
Nd0.8Y0.2Mn2Ge2,85.0,220.96080433873365
Nd(MnGe)2,288.0,238.94241857858967
Tb0.75Pr0.25Mn2Ge2,340.0,328.9654491791359
Tb0.7Pr0.3Mn2Ge2,340.0,336.1226361651617
Tb0.6Pr0.4Mn2Ge2,344.0,335.0480952662745
Tb0.5Pr0.5Mn2Ge2,344.0,337.99675797622
Tb0.4Pr0.6Mn2Ge2,344.0,336.3446823689905
Tb0.2Pr0.8Mn2Ge2,340.0,325.39782361004643
Pr(MnGe)2,330.7,244.5563861531893
Sm(MnGe)2,191.2,220.1590949550886
Tb(MnGe)2,79.33333333333333,108.41928133142005
U(MnGe)2,405.0,258.8915325170914
Mn3Ge2,247.0,289.3836205996508
Mn46Ni43Sn9Ge2,252.0,314.1889068056466
Mn5SiGe2,283.0,282.7078087189747
NdMn6(Sn2Ge)2,381.0,371.782927410021
SmMn6(Sn2Ge)2,417.0,360.29710519242633
TbMn6(Sn2Ge)2,428.0,405.96018423213366
TmMn6(Sn2Ge)2,80.0,279.58799325908666
NdGe2,3.6,29.981672504772707
NdNiGe2,20.0,24.45337485232298
Nd(GeRu)2,15.5,18.69264848981489
Nd2Ge2Ru,27.8,25.526106171347003
Nd3NiGe2,87.0,42.59365232522875
Nd5SiGe2,45.0,66.49979630466552
Nd5(SiGe)2,70.0,63.77091581076543
Tb3NiGe2,128.0,104.5542505211409
Tb2Ge2O7,2.05,35.3175904740764
U1Ge2Os0.25,54.0,50.79537850994858
PrGe2,19.0,25.324563015148023
Pr(GeRu)2,16.0,17.67672007798053
Pr2Ge2Ru,39.5,22.262989161291312
Pr5(SiGe)2,38.0,43.195738533413575
PuGe2,34.75,83.9725271261596
U1Ge2Ru0.29,63.0,47.46240784914258
Sm(GeRu)2,10.0,22.411516771665866
Tb5(SiGe)2,105.83333333333331,150.6282299921484
UGe2,50.44444444444444,65.98737809240156
La2.1Mn1Ge2.2,300.0,169.50504954840483
Mn5Si0.7Ge2.3,280.0,291.4904162234388
Mn5Si0.5Ge2.5,299.0,291.30130863899814
Nd5Si0.5Ge2.5,42.0,55.48545510576944
Pr5Si1.5Ge2.5,38.0,42.27402131155165
Mn5Ge2.7Sb0.3,312.0,302.9212606768929
Mn5Si0.3Ge2.7,300.0,295.02659857579164
Mn5Ge2.8Sb0.2,307.0,303.565092795204
Mn5Ge2.9Sb0.1,304.0,302.1852822793554
Mn5Si0.1Ge2.9,300.0,292.76259242816514
Mn5.1Ge2.9,299.0,304.1465835115904
Mn4.95Ni0.05Ge3,285.0,291.7183166908654
Mn4.9Ni0.1Ge3,268.0,294.70523036745436
Mn5Ge3,314.36206896551727,297.95181746755816
NdGe3,51.7,25.05356003416755
Ni5Ge3,630.0,255.3704080794057
Pr5SiGe3,47.0,38.629948801190494
Mn4.9Ge3.1,281.0,284.39127481377466
Pr5Si0.5Ge3.5,44.0,38.37624065801192
MnGe4,330.0,264.9914851714073
Pr5Ge4,41.0,41.733934484841754
Tb5Ge4,91.0,117.08526951267615
U3Ge4,94.0,98.67630249464271
Nd3Ge5,18.0,44.332067287729124
Sm2Ge5Ru3,8.0,21.884774852462858
U3TiGe5,73.0,79.21932485982948
U3Ge5,94.0,76.73806225999118
Tb0.8Nd0.2Mn6Ge6,450.0,407.06286914782237
Nd(MnGe)6,417.0,359.83825728498175
Sm(MnGe)6,441.0,345.01397726429843
Tb(MnGe)6,450.0,368.38357666390993
U4Ge6Os0.7Ru6.3,9.0,23.72910893213152
U4Ge6Os1.4Ru5.6,7.0,35.56841176228099
U4Ge6Ru7,12.0,31.379887888021727
Ho11(InGe4)2,26.0,35.520054320688175
Tb11(InGe4)2,96.0,111.44958545135142
Tm11(InGe4)2,10.0,33.90759519017584
Mn11Ge8,272.0,284.0035234771534
U4Ge8Os,54.0,52.10014535004761
Ti1Mn1.5H0.97,213.0,298.1704868623235
Pr1H0.99,4.2,38.905642352689476
HoMn2H,24.0,74.48010933215323
LuMn2H,201.0,195.62313942404415
Lu6Mn23H,266.0,357.86142106547464
PrMgSnH,52.0,44.66218678983883
ScMn2H,210.0,281.40743972866835
TbMn2H,66.0,87.13458042384036
YMn2H,200.0,275.54094281884954
Nd6Mn23H,220.0,298.24484162643824
Sm6Mn23H,230.0,296.0429879750831
USiNiH,60.0,89.18452245435009
UTi2H,54.0,194.86192455964766
U1Sn1H1.4Ru1,51.0,76.78486954535242
Nd1Sc1Si1H1.5,4.0,67.32486376982267
Mn0.05Zn0.95H10O1,595.0,198.11083983059004
Sm(MnH)2,248.0,141.211139523833
Y(MnH)2,240.0,247.6601947553219
NdH2,9.5,29.16442665357826
Ni(HO)2,17.5,128.89579895334583
UH2,120.0,167.9156003962537
U0.8Nb0.2H2.4,190.0,178.98636402123128
U0.85Mo0.15H2.55,200.0,178.3450825204829
Zr0.15U0.85H2.55,186.0,171.24487150687557
Pr1H2.57,4.2,71.92063042886012
Y6Mn23H20,700.0,224.18114175483606
Ho6(MnH)23,4.2,147.82320929047256
Tb6(MnH)23,220.0,175.2911839929281
Tb7(H9Rh)3,80.0,75.34050574139602
Y6Mn23H28.8,200.0,271.1695031228598
Ho(HO)3,2.55,26.641512673066988
LiNi2P4H3O14,5.6,81.34816659817702
ZrMn2H3,175.0,206.32510294038298
U1Nb0.15H3,195.0,177.75402823328378
Tb(HO)3,3.707500000000001,26.54802000271735
UH3,168.75,160.29055876679422
Y1Mn2H3.4,284.0,201.94443070696286
Zr1Mn2H3.6,148.0,214.1317614267416
Zr1Mn2.8H3.6,139.0,207.72793304536265
Zr1Mn3.8H3.6,133.0,294.1129269367617
Th6Mn23H30,329.0,216.07818739570814
Y6Mn23H32.4,200.0,259.92312555642377
NiH4(IO4)2,3.2,82.60349707069446
Ho1Mn2H4.6,280.0,29.645277635530594
Y6Mn23H9,563.0,305.25352272385777
Hf0.05Zr0.95Zn2,13.0,36.34132101910293
Hf0.12Zr0.88Zn2,4.0,44.920436318171525
Hf0.1Zr0.9Zn2,10.4,42.575514213810955
HfNi,631.0,207.41388174508165
HfO2,300.0,195.45051833952917
HfU3Sb5,141.0,91.93779698476402
La0.7Mn1Hg0.3O3,264.59,249.2770231460446
Sr0.3Pr0.66Ho0.04Mn1O3,201.0,194.47110929111057
Sr0.3Pr0.62Ho0.08Mn1O3,169.0,176.86147646498588
NdNi2,17.5,32.79061850712586
Sr0.3La0.55Ho0.15Mn1O3,200.0,250.65871353266766
Yb13.77Ho0.17Mn0.99Sb11.04,46.0,48.01455840650999
La1.9Ho0.1Mn1Ni1O6,260.0,203.67811195947627
Pr0.233Ho0.1Mn0.667,450.0,420.35617275845544
Sr0.3Pr0.6Ho0.1Mn1O3,145.5,174.48844541725572
Tb0.9Ho0.1,196.0,187.32061754344463
Tb0.75Ho0.25N1,37.45,67.9817018041239
Tb0.75Ho0.25Ni2,31.1,36.49871288873753
La1.8Ho0.2Mn1Ni1O6,255.0,195.3785554781126
Ho0.2Lu0.8Ni2,5.0,58.76304085046232
Nd0.8Ho0.2Ni2,47.75,28.862321462109175
Nd0.8Ho0.2Ni5,64.0,30.426917129585714
Pr0.8Ho0.2Ni1,18.7,24.054034539648335
Yb13.5Ho0.45Mn0.99Sb11.04,41.0,45.798576852107345
La0.6Ho0.4Ni2,5.1,18.9116675540141
Ho0.4Lu0.6Ni2,7.6,15.955168712104115
Ho0.4Sc0.6Ni2,6.5,19.879732290391985
Y0.6Ho0.4Ni2,4.8,20.119146928406014
Tb0.5Ho0.5N1,31.15,49.54053567985855
Tb0.5Ho0.5Ni2,25.6,31.977830629167407
Y0.5Ho0.5Ni2,6.5,15.799301441702944
Tb0.5Ho0.5,79.0,127.39012050164932
La0.4Ho0.6Ni2,8.5,17.970967765072118
Ho0.6Lu0.4Ni2,8.7,16.603383633201858
Ho0.6Sc0.4Ni2,8.8,17.982105352878623
Tb0.25Ho0.75N1,25.88,39.69421315050472
Tb0.25Ho0.75Ni2,18.6,25.27863330485158
Y0.3Ho0.7Ni2,8.0,18.13102639537405
La0.15Ho0.85Ni2,14.1,20.306581125830306
La0.2Ho0.8Ni2,11.6,17.79425896413875
Ho0.8Lu0.2Ni2,12.0,17.625680555154556
Nd0.2Ho0.8Ni2,52.75,21.188158635647948
Nd0.2Ho0.8Ni5,70.0,24.90158638559678
Pr0.2Ho0.8Ni1,22.0,25.537948307123674
Ho0.8Sc0.2Ni2,11.8,19.381772166569856
Y0.2Ho0.8Ni2,10.2,18.887975752629853
La0.1Ho0.9Ni2,15.1,21.638102333952137
Y0.1Ho0.9Ni2,14.2,18.705575481295277
Tb0.1Ho0.9,22.0,72.56248231185661
Ho,20.0,94.30720834348573
HoMn6InSn5,331.0,341.2880397747056
HoInNi,20.0,20.290689318000066
HoInPd,16.666666666666668,17.05385019044639
HoInPt,23.1,16.590816131939896
HoIn3,11.0,32.14349326413147
HoIr2,12.0,17.195910979906856
HoMnO3,4.6,61.73459447969091
HoMn2,23.5,49.35493710938649
HoMn5,429.5,421.9189005630582
Ho(MnSn)6,378.6666666666667,350.38398393920613
HoN,16.085714285714285,26.12624377461784
NaHoO2,2.4,17.460156087691928
HoNi,33.583333333333336,27.63091359621858
HoNiPb,4.0,19.051910422364546
HoNi2,17.744444444444447,22.339661826483415
HoSiNi2,9.0,18.00691592243052
HoNi3,61.5,55.25437653515569
HoSiNi4,8.8,16.114294084988792
HoNi5,15.0,25.859914663981623
HoOs2,9.0,22.694714729694585
HoP,5.3,29.091613644062605
HoPd,10.0,20.296116967819568
HoPt2,6.6,14.40353350484204
Ho(SiPt)2,3.5,13.488288360510412
HoSnRh,6.3,17.01236347868248
HoRh2,6.0,16.28744975148853
Ho(SiRu)2,19.0,19.47529933810893
HoZrSb,22.0,36.2983424267766
TbHo,125.0,107.53665822518937
HoTh,58.0,92.49080346766141
HoZn,75.3,30.769896101016286
Ho11In9Ni4,13.5,33.51547467653554
Ho2In,100.25,50.04935259877014
Ho2InRu,3.0,28.09713562857279
Ho2MnNiO6,82.25,90.94815931619262
Ho2Mn2O7,38.0,48.64362340493681
Ho2Mn3Si5,67.0,72.25465853036687
Ho2Ni17,386.5,372.79632884698754
Ho2Ni2Pb,7.0,20.244402694582995
Ho2Si0.4Ni2.6,28.0,23.539858796309204
Ho2Ni7,70.0,59.18337652253446
Ho3O2,2.0,71.98053009841794
Ho3Pd2,9.6,22.475864421206047
Ho3Si11Pt23,9.07,16.490227706925758
Ho3Rh,34.0,40.80141180896291
Ho4MgPt,28.0,38.221035174566964
Ho5.04Pd1.96,10.0,33.36425125515602
Ho5(In2Pd)2,28.5,23.52250411238786
Ho5Pt3,7.3,25.334988961866912
Ho5Sb3,63.5,44.30203388933629
Ho5Si3,11.0,54.218321120394315
Ho5Si4,73.0,32.95986006657598
Ho5Sn3,28.0,43.45307256990696
Ho6Mn23,436.2,401.6221980348241
Ho7Rh3,21.33333333333333,36.743652385953325
VI3,50.2,136.49741554597895
Sr0.4La0.5Sm0.1Mn0.95In0.05O3,294.0,282.65785084727565
Sr0.4La0.5Sm0.1Mn0.9In0.1O3,251.0,267.2305335874758
Zn0.9In0.1O1,105.0,323.3646665796231
Y1Mn6In0.23Sn5.77,324.0,322.5650697103648
Y1Mn6In0.24Sn5.76,323.0,320.21608977774315
Sc0.76In0.24,6.0,132.6500295778313
Zr1In0.25Ni4.75,560.0,350.4123252317005
Sc1Mn6In0.31Sn5.69,377.0,331.0655718392566
Y1Mn6In0.32Sn5.68,324.0,318.5435872203927
Y1Mn6In0.35Sn5.65,321.0,323.73167265599983
Y1Mn6In0.37Sn5.63,323.0,319.2942454643172
Sc1Mn6In0.45Sn5.55,375.0,327.4559982257043
Y1Mn6In0.48Sn5.52,326.0,322.01597435263636
Tm1Mn6In0.4Sn5.6,322.0,315.892927867239
Sc1Mn6In0.55Sn5.45,356.0,330.6544664328403
Tm1Mn6In0.5Sn5.5,322.0,320.83958679976763
Zr1In0.5Ni4.5,368.0,275.6121071984707
Y1Mn6In0.61Sn5.39,319.0,318.8242314802246
Mn1.312In0.64Ni2.048,310.0,323.16757216719645
Mn1.36In0.64Ni2,317.0,318.6692205268356
Mn1.32In0.68Ni2,317.0,324.8929729570099
Tm1Mn6In0.6Sn5.4,321.0,318.9860799639304
Y1Mn6In0.72Sn5.28,312.0,316.3330369040696
Y1Mn6In0.78Sn5.22,307.0,321.0181647337182
Sc1Mn6In0.88Sn5.12,359.0,326.5681238933172
Lu1Mn6In0.8Sn5.2,280.0,309.6327600057199
Tm1Mn6In0.8Sn5.2,308.0,308.9544979357221
Y1Mn6In0.92Sn5.08,303.0,314.9130431560482
Mn0.05In0.95Se1,270.0,171.47850522678004
Sc1Mn6In0.96Sn5.04,357.0,327.08527599224186
Mn0.03In0.97P1,170.0,180.31389417791942
Mn0.03In0.97Sb1,300.0,148.31813157676288
Mn0.97Zn0.03In0.97P0.97,150.0,267.7654091057618
Mn0.02In0.98Sb1,300.0,158.88952731940404
Y1Mn6In0.99Sn5.01,297.0,316.6375798361213
Lu1Mn6In0.9Sn5.1,293.0,298.2762537580522
LuMn6InSn5,278.0,304.1309484270413
MnInNi2,260.8333333333333,349.52898715194124
MnInSb,500.0,256.2211788190467
ThMnIn,270.0,256.5622252026633
Mn2InPd,343.0,303.63513814868526
Mn2InPt,350.0,319.86512595495856
Mn3In,583.0,595.9393235004525
TmMn6InSn5,286.0,285.81875647598594
NdInNi,14.5,26.448326667672003
NdInPd,17.85,16.733612923193768
Nd12InPt7,20.0,31.51289365326818
Nd2InPt2,16.0,23.192054183246093
Nd3In,114.0,57.9060228143812
PrInNi4,3.0,22.346522695984536
YbInNi4,3.0,68.4043552870049
TbInPd,72.0,48.90020918613306
Pr2InPt2,9.0,19.909351723133685
Pr3In,59.25,52.16480145024349
SmInPt,25.0,21.574956201307916
Sc3In,6.2,100.98638172757903
Sc3.12In1,7.0,62.5108806505106
Tb2In,176.0,127.58310884207162
Lu1Mn6In1.2Sn4.8,263.0,297.79629190515703
Tm1Mn6In1.2Sn4.8,276.0,306.0031665152717
Lu1Mn6In1.4Sn4.6,252.0,287.07810339642356
Tm1Mn6In1.4Sn4.6,269.0,295.71557716755956
La1Mn0.49In1.51,140.0,131.7761782909334
Lu1Mn6In1.6Sn4.4,236.0,286.50294578880437
Tm1Mn6In1.6Sn4.4,253.0,295.03165439689246
Lu1Mn6In1.8Sn4.2,226.0,281.6881212249526
Sm0.056In1.96S2.94,300.0,263.4680150413623
Mn0.1In1.9O3,46.0,275.57112299562607
Mn5InNi4,326.0,307.97465720407934
Mn35In11(SiNi26)2,275.0,318.24947916693606
Mn44In11Ni45,300.0,317.8495756356581
Mn17In6SiNi26,285.0,320.2725182958734
Mn35In12Si3Ni50,271.0,319.4645366148855
Mn37In13Ni48,290.0,314.1266143963052
Mn39In13Ni48,300.0,314.9218955501536
Mn40In13Ni47,320.0,313.94986918198344
Mn41In13Ni46,317.0,317.6363743118459
Mn42In13Ni45,315.0,313.82261417728336
Mn18In7Ni25,317.0,316.520805655574
Mn38.45In14.33Ni47.22,298.0,316.2228903727291
Mn36.12In14.34Ni49.54,292.0,316.1588811614268
Mn35.7In14.42Ni49.88,310.0,315.96392687208976
Mn35.5In14.5Ni50,259.5,317.49075414737587
Mn35.6In14.6Ni49.8,314.0,315.8886641885008
Mn35.25In14.75Ni50,219.5,316.91828884412246
Mn33.5In14.9Ni51.6,320.0,319.50276327953435
Mn7In3Ni10,380.0,317.9534170606829
Mn10In3Ni7,333.0,326.5878535958117
Mn35.22In15.22Ni49.53,323.0,317.2875827326203
Tb0.5Mn34In15.5Ni50,313.0,319.3655894952599
Tb0.4Mn34In15.6Ni50,311.0,320.8393840535748
Tb0.3Mn34In15.7Ni50,307.0,319.35730600754493
Mn33.65In15.82Ni50.53,310.5,321.7247434161846
Tb0.1Mn34In15.9Ni50,307.0,319.8739339097874
Mn8In4Ni13,304.0,325.15661980754646
Mn17In8Ni25,304.125,320.2198443776537
Mn34.35In16.23Ni49.42,312.5,319.514359067265
Mn33.7In16.2Ni50.1,303.0,322.21098964908435
Mn33.4In16.4Ni50.2,302.75,322.86252755067926
Mn33In17Ni50,300.0,324.7686779243147
Mn34.7In17.2Ni48.1,314.9,322.3378036980662
Mn33.18In17.88Ni48.94,286.0,325.55390317746185
Sm0.0034In2.0034S3,300.0,270.2354195781806
LuMn6(InSn2)2,221.0,282.7523417709872
Mn37.5In2Ni50Sn10.5,308.5,317.88739251132756
In2NO3,298.15,286.3086970398545
In2O3,300.0,261.5108818013556
In2S3,300.0,227.3279239401118
Sm0.0113In2S3,300.0,265.89689407627156
Sm0.0504In2S3,300.0,258.5082771208501
Mn5In4Ni11,278.0,337.1035521301361
Mn24.6In20.5Ni54.9,278.0,336.40354708425104
Mn46In3Ni43Sn8,296.8,310.6178432910242
NpIn3,14.0,64.10500525779686
SmIn3,16.0,40.79561620700827
Mn37.5In4Ni50Sn8.5,308.5,317.26717450714267
Tb5(In2Pd)2,97.0,85.76086312377993
Mn37.5In6Ni50Sn6.5,308.5,316.1320370307886
In6ReO12,7.5,214.4385084647175
Tb11In9Ni4,112.0,89.96288064614409
Mn2Sn1Ir0.05Rh0.95,265.6,318.02467901327276
Sr2Ti0.9Ir0.1O4,250.0,249.5480601824726
Sr2Ti0.8Ir0.2O4,250.0,229.57244119415503
Sr2Ti0.7Ir0.3O4,250.0,237.03782024327683
Sr2Ti0.6Ir0.4O4,250.0,233.6170619339046
Sr1Mn0.5Ir0.5O3,110.0,184.10102937541913
Sr2Ti0.5Ir0.5O4,250.0,221.6628724051045
Sr2Ti0.4Ir0.6O4,250.0,238.26436002120406
Sr2Ti0.3Ir0.7O4,250.0,239.65926518971622
Sr2Ti0.2Ir0.8O4,250.0,228.79168716597437
Sr2Ti0.1Ir0.9O4,250.0,226.12584842689705
NdMgIr,9.5,21.335761893968208
NdSiIr,10.0,18.402452942871967
SrIrO3,60.0,182.3489173265459
Sr2IrO4,237.5,191.5803462537689
Pr3Ir,18.0,23.798679483564662
UIr,46.0,44.647640402108124
Mn1.2Sn1Ir1.8,342.0,336.39763253936474
NdIr2,11.8,18.620270540269637
PrIr2,16.0,18.53658379992086
SmIr2,37.0,37.22616787933464
TbIr2,45.5,39.91673098869967
U(Zn10Ir)2,2.1,106.3171219558328
K0.02Na0.08Pr0.9Mn1O3,130.0,139.75144880762943
K0.032La0.608Nd0.197Mn1O2.896,195.1,224.59423754435258
K0.035La0.827Mn1O2.873,240.1,249.30104243586396
K0.03La0.406Nd0.385Mn1O2.85,155.0,184.11606726446558
K0.03Na0.12Pr0.85Mn1O3,130.0,139.33221045625632
K0.04Na0.06Pr0.9Mn1O3,135.0,140.68230701046033
K0.05La0.498Nd0.29Mn1O3.34,175.0,205.4570574663178
K0.05Sr0.2La0.65Nd0.1Mn0.95Ni0.05O3,297.0,278.3887702578789
K0.05La0.692Nd0.099Mn1O3.45,215.0,253.51809439328812
K0.05Sr0.35La0.6Mn1O3,345.0,304.89935767557887
K0.05Na0.15La0.8Mn1O3,330.0,279.6350524318917
K0.05La0.8Mn1Pb0.15O3,279.0,274.090537545715
K0.05La0.95Mn1O3,236.725,226.15690397016357
K0.05Na0.15Pr0.8Mn1O3,148.5,139.1146399231415
K0.05Na0.2Pr0.75Mn1O3,94.0,144.20031802464507
K0.05Sr0.4Pr0.55Mn1O3,301.0,255.1647258383815
K0.05Sr0.45Pr0.5Mn1O3,275.0,255.09239688861294
K0.05Sr0.35Pr0.6Mn1O3,302.5,252.20610571264655
K0.06Na0.04Pr0.9Mn1O3,137.0,135.31769471326737
K0.06Na0.09Pr0.85Mn1O3,131.0,140.6464669808372
K0.06Pr0.94Mn1O3,68.0,138.8885816198516
K0.08Na0.02Pr0.9Mn1O3,140.0,135.42651499415976
K0.09Sr0.21La0.7Mn1O3,295.0,304.72856459927914
K0.09Na0.06Pr0.85Mn1O3,135.0,141.84681216459742
K0.12Na0.03Pr0.85Mn1O3,138.0,143.62425866025308
K0.12Nd0.84Mn1O3,124.0,125.62664181711207
K0.13Pr0.87Mn1O3,150.0,138.35070149201962
K0.15La0.425Pr0.425Mn1O3,158.0,220.3579999094834
K0.15La0.595Pr0.255Mn1O3,183.0,254.99050409553828
K0.15Sr0.25La0.6Mn1O3,305.0,301.9984380831534
K0.15La0.765Pr0.085Mn1O3,225.0,268.55744070855064
K0.15Sr0.15La0.7Mn1O3,319.71,305.08904911564036
K0.15La0.85Mn1O3,279.565,271.501877666084
K0.15Na0.05La0.8Mn1O3,330.0,289.5785255845645
K0.15La0.8Mn1Pb0.05O3,318.0,293.1107123597253
K0.15Na0.05Pr0.8Mn1O3,146.0,147.76687425406072
K0.15Na0.1Pr0.75Mn1O3,109.0,150.79283087119023
K0.15Nd0.85Mn1O3,124.0,129.01391640416458
K0.15Sr0.25Pr0.6Mn1O3,288.0,252.09620085631138
K0.1Sr0.23La0.67Mn1O3,365.3,303.0845957208588
K0.1Sr0.2La0.6Nd0.1Mn0.95Ni0.05O3,303.0,288.39976805210864
K0.1Sr0.3La0.6Mn1O3,320.0,302.94680360363566
K0.1Na0.1La0.8Mn1O3,330.0,285.8876588945056
K0.1La0.8Mn1Pb0.1O3,307.0,282.76846809975405
K0.1La0.9Mn1O3,280.1433333333334,249.22440549220417
K0.1Na0.15Pr0.75Mn1O3,97.0,144.6260450944236
K0.1Na0.1Pr0.8Mn1O3,150.0,143.59142751477413
K0.1Nd0.9Mn1O3,116.0,117.76140815620423
K0.1Sr0.35Pr0.55Mn1O3,300.0,251.4961502867004
K0.1Sr0.3Pr0.6Mn1O3,296.5,255.99312847145046
K0.1Pr0.9Mn1O3,125.0,140.61813336310843
K0.25Sr0.05La0.7Mn1O3,294.02,300.90713189974707
K0.2Sr0.1La0.7Mn1O3,315.95500000000004,301.9280576120256
K0.2La0.8Mn1O3,318.0,294.63395755660065
K0.2Na0.05Pr0.75Mn1O3,116.0,158.8383065268914
K0.2Nd0.8Mn1O3,128.0,135.81784120001157
K0.2Sr0.3Pr0.5Mn1O3,290.0,231.48604036453494
K0.2Sr0.2Pr0.6Mn1O3,270.0,246.6178829645612
K0.2Pr0.8Mn1O3,145.0,154.01017641377535
K0.3La0.7Mn1O3,236.21,304.73762206160086
K0.75La2.25Mn2O7.03,235.0,223.58679210472528
K0.85La2.15Mn2O7.21,247.0,205.87478956528008
K0.95La2.05Mn2O7.03,254.0,216.49754492852657
KLaMnMoO6,180.0,206.98877456677394
KMg4Mn6O15,171.0,171.49553866620462
K1Ta0.56Nb0.44O3,35.0,272.255196482252
La0.12Y0.68U0.2Te1,106.0,85.4727790906924
Sr0.3La0.14Nd0.56Mn1O3,268.0,199.86243751039683
Sr0.4La0.15Pr0.225Nd0.225Mn1O3,327.0,239.84327462378445
Sr0.5La0.15Pr0.35Mn1O3,275.6,257.7709837334851
Sr0.5La0.19Sm0.31Mn1O3,236.0,220.37263412665408
Na0.2La0.1Nd0.7Mn1O3,101.0,133.58218585683773
Na0.2La0.1Nd0.9Mn1O3,95.0,132.57002692347095
Na0.9La0.1Mn1O3,303.0,198.36682156790192
Sr0.3La0.1Nd0.6Mn1O3,245.33333333333337,202.22677298417466
Sr0.5La0.1Pr0.4Mn1O3,275.8,261.22195326787363
Sr0.9La0.1Ru1O3,133.0,156.6898003674256
La0.1Ti6Sn5,160.0,210.4777118677613
Sr0.75La0.25Ru1O3,79.0,160.82686884952622
Na0.2La0.2Nd0.6Mn1O3,172.0,128.5248700034384
Na0.8La0.2Mn1O3,308.0,224.4590148407215
La0.2Nd0.4Mn1Pb0.4O3,270.0,212.0570247145355
Sr0.5La0.2Pr0.3Mn1O3,280.0,259.81129908299204
Sr0.3La0.2Pr0.5Mn1O3,299.0,247.59860081046895
Sr0.2La0.2Pr0.6Mn1O3,175.0,197.34510911609684
La0.2Tb0.8Ni2,32.0,37.858222019224044
Sr0.67La0.33Mn1O3,190.9,260.92132216861097
Sr0.35La0.35Pr0.3Mn1O3,334.0,270.8885943617505
Sr0.2La0.35Sm0.45Mn1O3,165.0,165.67233978611236
Na0.7La0.3Mn1O3,318.0,231.34740363087212
La0.3Nd0.4Mn1Pb0.3O3,235.0,204.28576296993464
Sr0.3La0.3Nd0.4Mn1O3,308.0,231.80611165954852
Sr0.3La0.3Pr0.4Mn1O3,319.0,258.43860486586703
La0.3Pr0.7Mn2Si2,245.0,241.41044308018365
La0.3Tb0.7Ni2,29.0,34.04127641130674
Sr0.3La0.45Nd0.25Mn1O3,308.0,258.4256646334561
Sr0.35La0.45Pr0.2Mn1O3,344.0,288.15888051519505
Sr0.55La0.45Mn1O3,278.6666666666667,283.8462359199349
Na0.2La0.4Nd0.4Mn1O3,218.0,159.3111378030397
Na0.6La0.4Mn1O3,323.0,233.01568765657888
La0.4Nd0.3Mn1Pb0.3O3,265.0,216.51036031626842
Sr0.5La0.4Y0.1Mn1O3,260.0,286.1215228384473
La0.4Mn1Te0.6O3,186.0,202.18180438952945
Sr0.6La0.4Ru0.6Rh0.4O3,50.0,169.91714431346702
Sr0.33La0.53Tb0.14Mn1O3,179.428571428571,263.18566278728827
Sr0.35La0.55Pr0.1Ti0.05Mn0.95O3,288.0,281.5152860305216
La0.55Mn1Pb0.45O3,350.0,267.4427860754909
Sr0.35La0.55Pr0.1Mn1O3,331.5,306.3815167377345
Sr0.45La0.55Mn1O3,331.6666666666667,308.4128541579865
La0.55Mn1Te0.45O3,181.0,217.15643297628242
La0.57Nd0.1Ti0.15Mn0.85Pb0.33O3,279.0,234.77786304132474
La0.57Nd0.1Ti0.1Mn0.9Pb0.33O3,299.0,251.48690405545406
La0.57Nd0.1Mn1Pb0.33O3,350.18,263.7093442284929
Sr0.23La0.57Nd0.1Mn1O3,339.0,281.6255468322211
Sr0.28La0.57Nd0.1Mn1O3,349.12,294.85917140039373
Sr0.305La0.57Nd0.1Mn1O3,350.24,296.7957413401099
Sr0.33La0.57Nd0.1Mn1O3,347.20500000000004,301.52605477961373
Sr0.4La0.57Pr0.03Mn1O3,368.0,304.7437669944018
Sr0.41La0.59Mn0.99O3.03,383.15,305.61536625730207
Sr0.5La0.5Ti0.5Mn0.5O3,80.0,225.7017553214443
Sr0.5La0.5Ti0.3Mn0.7O3,265.0,193.01153954600508
Sr0.5La0.5Ti0.175Mn0.825O3,150.0,219.75240038714045
Sr0.5La0.5Ti0.15Mn0.85O3,170.0,237.8021199477995
Sr0.5La0.5Ti0.1Mn0.9O3,348.0,240.46895359582754
Na0.5La0.5Mn1O3,334.0,241.5856868752538
Sr0.5La0.5Mn1O2.88,314.0,294.54846397306153
La0.5Mn1O3,259.5,233.75568396127179
Sr0.5La0.5Mn1O3.03,373.15,298.082013940588
La0.5Mn1Pb0.5O3,343.3433333333333,254.1718285008378
Sr0.4La0.5Sm0.1Mn1O3,310.0,285.78451343682525
Sr0.3La0.5Sm0.2Mn1O3,278.0,263.88684862198204
Sr0.2La0.5Sm0.3Mn1O3,176.0,207.8302480214587
Sr0.5La0.5Mn1O3,324.1666666666667,297.36455081325335
La0.5Mn1Te0.5O3,182.0,213.98878434094144
Sr1.5La0.5Mn1O4,295.0,212.33059131935158
Sr1.5La0.5Mn1.25Sb0.75O6,304.2,210.34810047226938
Sr1.5La0.5Mn1.5Sb0.5O6,365.0,218.3417023958023
La0.5Tb0.5Ni2,24.0,25.070194700745454
La0.62Mn1Pb0.38O3,340.0,273.0964765723908
Sr0.37La0.63Mn1S1O3,358.0,244.94912986705543
Sr0.37La0.63Mn1O3,339.6666666666667,311.51756371226827
Sr0.282La0.658Ti0.06Mn0.94O2.82,150.0,288.7688624755382
Sr0.35La0.65Mn0.9V0.1O3,353.0,282.1496285393458
Na0.2La0.65Nd0.15Mn1O3,300.7,232.22916956957093
La0.65Nd0.05Mn1Pb0.3O3,293.0,278.1498904942903
Sr0.3La0.65Nd0.05Mn1O3,352.0,301.6446802115662
La0.65Mn1Pb0.35O3,340.0,274.3453132144346
Sr0.2La0.65Sm0.15Mn1O3,240.5,252.92460592869696
Sr0.35La0.65Mn1O3,353.75,312.31551329966874
La0.65Mn1Te0.35O3,233.0,226.65217064239528
La0.65Nd0.35Mn2Si2,297.6666666666667,269.3322376784332
La0.66Mn1O2.61,295.0,248.1797607665555
Sr0.33La0.66Mn1O3,330.0,309.62948343647116
La0.67Mg0.33Mn1O3,96.0,222.70776768165513
Sr0.33La0.67Mn0.85V0.15O3,289.5,256.7620791384498
Sr0.33La0.67Mn0.94Mo0.06O3,361.0,284.67233144735405
Sr0.33La0.67Mn0.95O3,381.0,301.76875750879657
Sr0.33La0.67Mn0.95V0.05O3,326.0,299.818556354246
Sr0.33La0.67Mn0.9Ni0.1O3,290.0,246.97653152083035
Sr0.33La0.67Mn0.9O3,379.0,281.70588327221134
Sr0.33La0.67Mn0.9V0.1O3,301.0,278.8813318612798
Sr0.33La0.67Mn1.05O3,381.0,306.8781162040803
Na0.05La0.67Mn1Pb0.28O3,328.0,265.05525155102583
Na0.15La0.67Mn1Pb0.18O3,285.0,251.77318946998446
Na0.1La0.67Mn1Pb0.23O3,305.0,260.6044999621318
Sr0.33La0.67Mn1O3.03,358.15,306.70778640828894
Sr0.23La0.67Mn1Pb0.1O3,361.9,290.8211711689482
La0.67Mn1Pb0.33O3,353.7142857142857,275.1381410022832
La0.67Mn1Sn0.33O3,250.0,235.19816811892943
Sr0.15La0.67Mn1O3,360.0,280.2674871509839
Sr0.33La0.67Mn1O3,334.77875,310.02518779308195
Sr0.33La0.67Tb0.33Mn1O3,220.0,230.96501199488048
Sr0.33La0.67Mn1O3.16,265.0,304.871429084411
Sr0.22La0.67Mn1.11O3,362.0,287.4726107507147
Sr0.33La0.67Mn1.1O3,386.0,302.04551200293724
Sr0.32La0.68Mn1O3,370.0,306.74736534491797
La0.6Mg0.1Mn1Pb0.3O3,325.0,273.00253905015256
La0.6Mg0.2Mn1Pb0.2O3,325.0,250.2004883157892
La0.6Mg0.2Mn1Pb0.4O3,325.0,252.03856582682081
La0.6Mn0.1Ru0.9Pb0.4O3,105.0,166.65688448383904
Sr0.3La0.6Pr0.1Mn0.85Ru0.15O3,345.6,255.9737801228407
Sr0.3La0.6Pr0.1Mn0.95Ru0.05O3,352.2,287.4669863714481
Sr0.4La0.6Mn0.9V0.1O3,356.407,282.92612003134093
Na0.2La0.6Nd0.2Mn1O3,289.0,215.70046402505452
Na0.2Sr0.2La0.6Mn1O3,309.0,285.05549087786267
Sr0.2La0.6Nd0.2Mn1O3,243.0,252.64327930698448
La0.6Mn1Pb0.4O3,314.83,273.7634700709206
Sr0.3La0.6Pr0.1Mn1O3,338.26666666666665,301.0919417926657
Sr0.2La0.6Pr0.2Mn1O3,252.0,270.833698976546
Sr0.2La0.6Sm0.2Mn1O3,213.5,232.97786743097032
Sr0.33La0.6Tb0.4Mn1O3,194.0,199.19857784584897
Sr0.35La0.6Ti0.05Mn1O3,185.0,298.7900677396432
Sr0.4La0.6Mn1O3,347.2911111111111,307.60162632309266
La0.6Mn1Te0.4O3,177.0,230.66575966599908
Sr0.3La0.6Mn1.1O3,330.0,296.4940690012115
La0.6Nd0.4Mn2Si2,300.0,259.02723630314233
La0.6Pr0.4Mn2Si2,298.0,281.0018068077149
La0.6Tb0.4Ni2,18.0,22.81416149432848
La0.71Mn0.95Zn0.2O3,147.0,223.1957804642586
Sr0.28La0.72Mn1O3,370.0,304.9964544689404
La0.73Mn1O2.75,295.0,241.65394066801863
Sr0.27La0.73Mn1O3,338.0,303.17150062086324
La0.73Sm0.27Mn2Si2,300.0,283.51253087361397
Na0.2La0.75Nd0.05Mn1O3,322.0,244.22526381490266
La0.75Mn1Pb0.25O3,317.0,261.2512207437573
Sr0.2La0.75Sm0.05Mn1O3,268.0,284.704153894281
La0.75Sm0.15Mn1Te0.1O3,170.0,207.76088052957638
Sr0.25La0.75Mn1O3,348.0,301.3623909040468
Sr0.33La0.75Tb0.25Mn1O3,282.0,250.3768631019117
La0.75Y0.15Mn1Te0.1O3,168.0,223.72423428080492
La0.75Mn1Te0.25O3,184.0,228.53652839348945
La0.75Sm0.25Mn2Si2,296.75,277.3224496591386
La0.75Y0.25Mn2Si2,293.0,265.7284658623704
Sr0.24La0.76Mn1O3.03,313.15,298.0175006100525
La0.77Mg0.03Mn1O3,128.2,225.81067598303454
La0.77Mg0.08Mn1O3,130.6,223.95361728959796
La0.77Mg0.13Mn1O3,134.8,221.87110264398723
La0.77Mg0.18Mn1O3,138.0,223.26025025333493
La0.77Mg0.23Mn1O3,140.82,218.77635309400583
Sr0.23La0.77Mn1O3,351.575,300.634773635386
Sr0.2La0.77Y0.03Mn1O3,261.0,282.6938329082767
Sr0.17La0.78Y0.05Mn0.98O3,302.0,274.6331589310635
La0.78Mn1O2.78,295.0,245.16099174084937
La0.78Mn1Pb0.22O3,292.0,257.2105123360354
Sr0.22La0.78Mn1O3,340.0,295.98594952415453
Na0.05Sr0.25La0.7Ti0.3Mn0.7O3,65.0,186.00721353265521
La0.7Mn0.7Ni0.3Pb0.3O3,135.0,206.15881968377812
Sr0.3La0.7Ti0.3Mn0.7O3,142.0,160.08608857199437
Sr0.3La0.7Mn0.83Nb0.17O3,150.0,252.70997802790302
Sr0.3La0.7Mn0.85Nb0.15O3,150.0,257.72176386970284
Sr0.2La0.7Nd0.1Mn0.85Ni0.15O3,220.0,221.51039163550925
Sr0.3La0.7Mn0.85Sb0.15O3,145.0,255.35961599161973
Sr0.3La0.7Mn0.875Ni0.125O3,180.0,244.59528361567368
Na0.05Sr0.25La0.7Ti0.2Mn0.8O3,125.0,191.522672468962
La0.7Mn0.8Ni0.2Pb0.3O3,247.5,212.98161120966859
La0.7Mn0.8Ru0.2Pb0.3O3,335.0,218.68522190463813
Sr0.3La0.7Ti0.2Mn0.8O3,172.0,185.22133852783224
Sr0.3La0.7Mn0.925Ni0.075O3,256.0,274.21061275798075
La0.7Mn0.92V0.08Pb0.3O3,277.1,253.5578332544112
La0.7Mn0.94V0.06Pb0.3O3,280.4,260.8376386750229
Sr0.3La0.7Mn0.95Mo0.05O3,355.0,285.84448524368725
Sr0.2La0.7Nd0.1Mn0.95Ni0.05O3,275.5,274.43492563425434
Sr0.3La0.7Ti0.05Mn0.95O3,323.35,271.91597596819395
La0.7Mn0.96V0.04Pb0.3O3,284.7,262.9293198127201
Sr0.3La0.7Mn0.97Ni0.03O3,344.35,293.74835131363056
Sr0.3La0.7Mn0.98Ni0.02O3,354.05,302.0627193734731
La0.7Mn0.98V0.02Pb0.3O3,293.8,265.24044222943525
Sr0.3La0.7Mn0.99Ni0.01O3,365.0,300.89056212354984
Na0.05Sr0.25La0.7Ti0.1Mn0.9O3,155.0,260.12275704702705
Sr0.2La0.7Nd0.1Mn0.9Ni0.1O3,238.0,245.85150395152363
La0.7Mn0.9Ni0.1Pb0.3O3,257.5,239.74508366909157
La0.7Mn0.9Ru0.1Pb0.3O3,313.0,245.86328309440964
La0.7Mn0.9V0.1Pb0.3O3,274.8,246.51040178198957
Sr0.3La0.7Mn0.9Ru0.1O3,355.0,269.3842500669067
Sr0.3La0.7Mn0.9Sn0.1O3,225.0,277.14038716405804
Sr0.3La0.7Ti0.1Mn0.9O3,228.66666666666663,248.66197788499542
Na0.05Sr0.25La0.7Mn1O3,354.3333333333333,300.70765515985886
Na0.15Sr0.15La0.7Mn1O3,315.0,284.15838501734
Na0.1Sr0.2La0.7Mn1O3,319.0,295.6045362482876
Na0.25La0.7Mn1Pb0.05O3,334.54,241.53517933465037
Na0.2La0.7Nd0.1Mn1O3,313.75,243.6101479009809
Na0.2Sr0.1La0.7Mn1O3,305.0,279.60649385463194
Na0.3La0.7Mn1O3,308.37142857142857,245.2376656653223
La0.7Mn1O2.97,290.0,237.2999618588582
La0.7Mn1O3,266.95500000000004,239.3030789117899
La0.7Mn1Pb0.3O3.03,360.0,268.7689187084233
La0.7Mn1Pb0.3O3,333.40071428571434,271.80302024455557
Sr0.2La0.7Sm0.1Mn1O3,270.5,276.69761957796607
Sr0.2La0.7Mn1O3,354.0,294.93904826764737
Sr0.225La0.7Mn1O3,363.0,298.7168315057968
Sr0.25La0.7Mn1O3,353.6666666666667,304.7164640907463
Sr0.27La0.7Mn1O3,335.0,302.44155180585756
Sr0.29La0.7Mn1O3,337.0,310.75866220269484
Sr0.3La0.7Mn1O3,348.04298245614035,311.78238463824493
La0.7Tb0.3Mn1O3,150.0,154.00271281430716
La0.7Mn1Te0.3O3,232.5,226.62933164867798
Sr0.3La0.7Mn1Zn1O4,348.0,247.3260434574567
La0.7Mn1.3O3,186.0,252.98986254792084
La0.7Tb0.3Ni2,13.0,19.48913213041085
Sr0.185La0.815Mn1O3,294.0,280.6866395987392
Sr0.185La0.815Ti1Mn1O5,248.5,207.96578186514222
La0.81Mn0.95Zn0.1O3,165.0,224.70501931534923
Sr0.175La0.825Mn1O3,286.5,278.0672806307878
Na0.18La0.82Mn1O3,303.0,242.81359605898513
La0.82Mn1O2.85,295.0,240.20961876368247
Sr0.18La0.82Mn1O3,276.0,282.2964498919863
Sr0.165La0.835Mn1O3,260.0,273.2155619251071
Sr0.17La0.83Mn1O3,266.0,276.4224815534021
Sr0.155La0.845Mn1O3,310.0,264.5582080348092
La0.84Mn0.95Zn0.07O3,202.0,216.9665678708309
La0.84Mn0.95Zn0.073O3,202.0,215.40985449186195
La0.84Mn0.95Zn0.1O3,147.0,222.27871228555787
La0.84Mn0.95Zn0.2O3,139.0,212.80208395013426
La0.84Mn0.95Zn0.33O3,101.0,223.22805865630409
Na0.16La0.84Mn1O3,260.0,242.68476371982086
Sr0.16La0.84Mn1O3.03,298.15,270.24163716930724
Sr0.16La0.84Mn1O3,255.0,268.60084991790956
Na0.15La0.85Mn1O3,306.5,237.50817231945578
La0.85Mn1O3.03,202.33333333333337,231.07058086602996
La0.85Sm0.05Mn1Te0.1O3,212.0,219.17676680545108
Sr0.15La0.85Mn1O3,249.5,264.4614491047983
Sr0.33La0.85Tb0.15Mn1O3,321.0,276.4005351539354
La0.85Mn1Te0.15O3,236.0,222.09090189047248
La0.85Y0.05Mn1Te0.1O3,212.0,223.2557987593351
La0.85Zr0.15Mn1O3,309.0,219.69755388468218
La0.86Mn1O2.95,295.0,232.53265117955112
Sr0.125La0.875Mn1O3,185.5,235.7414369628739
Sr0.1La0.87Mn1O3,275.0,245.64366354446443
Sr0.33La0.87Mn1O3,197.0,282.59829629539183
La0.88Mn1O2.91,216.5,231.09331537454835
La0.88Mn1O3,270.0,228.8546209842301
Sr0.1La0.88Mn1O3,270.0,238.56416561697768
Sr0.12La0.88Mn1O3,170.0,232.44676037981435
La0.89Mn1O3,270.0,234.77063093659655
Sr0.11La0.89Mn1O3,150.0,241.0291006114178
Sr0.2La0.8Mn0.85Ru0.15O3,352.0,257.428905686459
Sr0.2La0.8Mn0.8Ru0.2O3,350.0,238.01019065601784
Sr0.2La0.8Mn0.92Ru0.08O3,350.0,283.93808023742145
Sr0.2La0.8Mn0.94Ru0.06O3,343.0,281.68961385183286
Sr0.2La0.8Mn0.9Ru0.1O3,351.0,275.06944916133415
Sr0.2La0.8Mn0.9Sb0.1O3,175.0,270.68838617091626
Na0.05La0.8Mn1O3,250.40249999999995,230.8444304542363
Na0.15La0.8Mn1O3,322.7045,240.19734887116493
Na0.1La0.8Mn1O3,263.7703333333333,230.45571872098438
Na0.2La0.8Mn1O2.96,327.0,245.58489242347795
Na0.2La0.8Mn1O3,326.7803,247.38665863099817
La0.8Mn1O3,254.0,231.57111739120626
La0.8Mn1Pb0.1O3,201.0,232.8502622569199
La0.8Mn1Pb0.2O3,281.3333333333333,253.82291741286636
La0.8Sm0.1Mn1Te0.1O3,188.0,214.93600387454356
La0.8Mn1O3,209.0,231.57111739120626
Sr0.2La0.8Mn1O3,307.3333333333333,290.82395158487486
Sr0.33La0.8Tb0.2Mn1O3,302.0,268.5619387290455
La0.8Y0.1Mn1Te0.1O3,208.0,223.62577427606033
La0.8Mn1Te0.2O3,188.0,228.95069176297318
La0.8Zr0.2Mn1O3,243.0,222.39554291781536
La0.8Sm0.2Mn2Si2,280.0,283.3425444386549
La0.8Y0.2Mn2Si2,305.0,270.51787469305924
La0.8Tb0.2Ni2,8.0,21.53010122938825
La0.91Mn0.95O3,252.0,221.47198797555552
La0.91Mn1O3,225.0,228.63331560103887
La0.91Mn1O3.003,236.0,226.578433725421
La0.91Mn1O3.039,225.0,227.3308145160728
La0.92Mn1.02O3,267.0,220.68034752280042
Sr0.08La0.92Mn1O3,214.33333333333337,219.05995970081696
Sr0.07La0.93Mn1O3,120.0,237.94496779791461
La0.94Mn0.92O3,295.0,193.47358770307628
La0.94Mn1O3,114.0,212.7661134628775
La0.957Mn0.957O3.043,148.0,220.122656028917
La0.95Mn1.04O3,143.0,221.68944034151158
Na0.05La0.95Mn1O3,252.0,220.70774784411836
La0.95Mn1O3.03,160.0,206.22243531145102
Sr0.05La0.95Mn1O3,255.0,210.7005063428022
Sr0.33La0.95Tb0.05Mn1O3,376.0,252.16164123562248
La0.95Zr0.05Mn1O3,301.0,209.86605912515031
La0.97Mn1O3,118.0,216.40284770887234
Sr2La0.97Y0.03Mn2O7,320.0,236.63666321725614
Na0.01La0.99Mn1O3,237.0,220.55891775025108
Sr2La0.99Y0.01Mn2O7,320.0,243.53202497094586
La0.9Mn0.98O3,260.0,224.08336568916286
Na0.1La0.9Mn1O2.97,323.0,232.82371204952338
Na0.1La0.9Mn1O3,279.0,227.04478797542828
La0.9Mn1O3,272.0,226.52136472580256
La0.9Mn1O3.03,186.75,230.4717679780679
La0.9Mn1Pb0.1O3,245.0,228.63072704152108
Sr0.1La0.9Mn1O3,280.0,223.5170490001071
La0.9Mn1Te0.1O3,237.0,223.7511730280075
La0.9Zr0.1Mn1O3,275.5,224.30566991221775
Sr2La0.9Y0.1Mn2O7,320.0,238.57326783789387
La0.9Y0.1Mn2Si2,310.0,277.7851092952569
La1Mn0.1Rh0.9O3,25.0,130.4223906446166
La1Mn0.3Rh0.7O3,28.0,146.73364155804344
La1Mn0.5Ni0.5O3,250.0,195.87132061902975
La1Mn0.5Rh0.5O3,68.5,153.43623176791849
La1Mn0.7Rh0.3O3,115.0,159.07664355580658
La1Ti0.15Mn0.85O3,113.0,175.91367288762746
La1Ti0.2Mn0.8O3,94.0,172.83930041290103
La1Mn0.94O3,113.4,206.46372393007707
La1Ti0.05Mn0.95O3,175.0,200.88635239546215
La1Mn0.9O3.061,93.0,191.32377736768106
La1Mn0.9Rh0.1O3,120.0,187.73126528205728
La1Ti0.1Mn0.9O3,146.0,183.88209359949332
LaNdMnNiO6,229.0,179.98712014883145
LaPrMnNiO6,241.0,187.29644069274516
LaSmMnNiO6,206.0,166.29011135326994
La1Mn1O2.996,143.0,206.38321735361788
LaMnO3,182.84615384615384,196.70567802713904
La1Mn1O3.03,211.8333333333333,214.1301689188871
La1Mn1O3.1,220.0,199.56685913303903
SrLaMnRuO6,225.0,186.14861930622232
LaMnSi2,374.0,304.76751689924964
SrLaMn2O5,365.0,270.3606489146519
LaTaMn2O6,49.0,139.8047092558578
Sr2LaMn2O7,227.5,223.03493354575016
La(MnSi)2,304.27777777777777,253.45265632907632
LaMn35Ni49Sn15,318.0,320.4848935724766
La1Ni1O2.7,220.0,145.86757923855257
LaY2Ni9,15.0,86.53459079044167
Sr1.75La1.25Mn2O7,128.0,170.4226373924548
Sr1.8La1.2Mn1Ru1O7,300.0,201.51468159012697
Sr1.8La1.2Mn1.5Ru0.5O7,300.0,193.394790807427
Sr1.8La1.2Mn1.6Ru0.4O7,160.0,225.94741535611
Sr1.8La1.2Mn1.9Ru0.1O7,300.0,184.61394285626116
Sr1.8La1.2Mn2O7,148.1875,176.66246890023174
Sr1.68La1.32Mn2O7,131.0,167.2900936858991
Sr1.67La1.33Mn2O7,115.0,172.38067785886759
La1.34Mn2Sn0.66O7,250.0,207.93809558075253
Sr1.66La1.34Mn2O7,118.0,166.07822873255324
Sr1.636La1.364Mn2O7,116.0,171.03388142584936
Sr1.64La1.36Mn2O7,120.0,157.1425530845329
Sr1.626La1.374Mn2O7,76.0,172.13778270337127
Sr1.63La1.37Mn2O7,107.0,163.31781250572206
Sr1.7La1.3Mn2O7,138.0,174.50433734196216
Sr1.6La1.4Mn2O7,145.22222222222223,167.86906747156323
La1.8Sm0.2Mn1Ni1O6,245.0,201.74181645297972
La1.92Mn1.29Mo0.71O5.84,89.0,158.94549618519451
La1.98Mn1.11Mo0.89O5.93,139.0,146.24971836452005
La1.9Sm0.1Mn1Ni1O6,253.0,207.90663198614874
La2Mn0.2Ni1Ru0.8O6,38.0,127.2365935898434
La2Mn0.5Ni1Ru0.5O6,175.0,149.80657971365306
La2Mn0.75Ni1Ru0.25O6,200.0,177.13518610453426
La2Mn0.9Ni1Ru0.1O6,242.0,193.0500957186254
La2Mn1Ni1O5.91,280.0,209.9104245924558
La2Mn1Ni1O5.915,280.0,206.6782523628437
La2Mn1Ni1O5.945,280.0,208.63020876309932
La2MnNiO6,259.34000000000003,193.8708201944344
La2MnRuO6,116.71,133.81114325234958
La2Mn1.43Ni0.57O6,165.0,186.58215301333573
La2Mn1.4Ni0.6O6,165.0,192.4806835290578
Sr0.6La2Sm0.4Mn2O7,355.0,210.4080686702732
SrLa2Mn2O7,90.0,204.4169031770054
La2Ni1.33Sb0.67O6,98.0,141.5480038030883
La2Ni1.33Sb1.33O6,100.0,144.96397764037252
La3Mn2NbO9,19.0,163.19588474990215
La3Mn2NiO9,280.0,178.12871470639104
La5Mg0.2Mo3.8O16,100.0,124.62935962016414
La5Mn0.05Mo3.95O16,100.0,131.1442340809361
La5MnOs3O16,170.0,96.46892888588137
La5(MoO4)4,154.0,106.57449441739028
La5Re3NiO16,25.0,116.93786722249453
Li0.01Mn0.032Zn0.964O1,300.0,324.27455184127183
Li0.01Mn0.054Zn0.946O1,300.0,308.0730237403973
Li0.02Ni0.98O1,230.0,383.0012097266865
Sr0.45Li0.05Pr0.5Mn1O3,260.0,244.93820533713847
Li0.07Zn0.93O1,300.0,300.14548159121364
Sr0.4Li0.1Pr0.5Mn1O3,280.0,245.27778721287825
Li0.1Zn0.9O1,300.0,289.1598345436608
Sr0.3Li0.2Pr0.5Mn1O3,290.0,215.13533776733448
Li0.388Ni0.612O1,210.0,203.06827764347426
Sr0.2Li0.3Pr0.5Mn1O3,235.0,227.8981519311569
Li0.4Ni0.8O1,190.0,321.0196113829959
Li0.59Ni1O2,15.0,178.3257784177497
Li0.75Ni1.25O2,253.0,187.639831994973
Li0.81Ni1O2,17.0,153.09562778106869
Li0.86Ni1.14O2,231.0,139.44159390959194
Li0.91Ni1.09O2,160.0,141.34340884131993
Li1.01Ni1O2,20.0,131.40683558979015
Li1Mg0.5Mn1.5O4,30.5,139.3107096827393
LiMgTi,325.0,325.03179112509713
Li1Mn0.5Ni0.5O2,120.75,116.96716994390225
LiMnO2,118.0,279.4646006402924
Li1Mn1.5Ni0.5O4,128.4,123.62085191731008
Li1Mn1.5Zn0.5O4,27.166666666666668,177.2133374601969
Li1Mn1.6Ni0.4O4,103.0,139.4136419305002
LiMn2O4,80.0,291.6736282179883
Li(MnSn)6,381.0,307.54894103501204
LiNiO2,104.0,120.49540200655295
LiSm2TiZnO3,565.25,112.93139825301475
LiTiZn,540.55,326.96363759018504
Li3Ni2RuO6,100.0,129.3690493142938
Li3PrSb2,7.0,59.59562308414985
Tb0.953Lu0.047,180.0,195.4424392668924
Yb0.85Lu0.15Mn6Sn6,300.0,313.1579232386478
Tm0.78Lu0.22,11.0,91.61133264479076
Yb0.75Lu0.25Mn6Sn6,315.0,316.5887165648707
Tb0.8Lu0.2Mn6Sn6,419.0,387.53923045852997
Yb0.5Lu0.5Mn6Sn6,327.0,314.3524746167585
Yb0.3Lu0.7Mn6Sn6,328.0,318.85607187196103
LuMnO3,80.0,134.25904596266872
LuNi,4.0,117.95126032049286
TbLu,180.0,138.74186389931367
Lu2MnNiO6,38.333333333333336,128.23601743296663
Lu2Ni17,601.0,344.423972820395
Lu2V2O7,70.0,125.63625960560168
Lu6Mn23,383.0,391.2382834677239
Mg0.01Zn0.94Ni0.05O1,600.0,321.6313287258017
Mg0.03Ti0.97O2,400.0,389.4297346886145
Yb0.95Mg0.05Mn1O3,3.3,64.63396708283463
Mg0.06Ti0.94O2,400.0,402.1689743980811
Mg0.09Ti0.91O2,400.0,391.89320812843584
SnO2,298.15,297.52352147599487
Sn,298.15,227.9673222829419
Mg0.12Ti0.88O2,400.0,381.9491045894888
Yb0.9Mg0.1Mn1O3,3.5,85.41297396651959
Mg0.2Mn0.8V2O4,43.0,141.23016709907188
Mg0.2Mn1.8Ni1O4,107.0,129.09582704111975
Mg0.5Mn2.5O4,20.0,90.02013614516486
Mg0.5Ni0.5O0.5,645.0,273.297503668494
Mg0.6Mn1.4Ni1O4,107.0,142.4319435564592
MgMn2O4,1200.0,135.3337079008449
Mg(MnSn)6,295.0,318.61933170881406
MgNb2(NiO3)3,45.5,167.5642705986897
MgO,300.0,194.48522976818896
Tm4MgPd,6.0,18.035284297183466
Sm2MgPd2,36.0,25.275848199614238
PrMgSn,52.0,35.49820361376944
Tm4MgPt,4.5,20.78522239051146
RbMg4Mn6O15,171.0,195.3698198121646
Mn0.0105Pd0.9895,3.9,32.38505446889046
Mn0.0135Pd0.9865,4.4885,25.084182105387264
Mn0.018Zn0.982N1O1,300.0,240.65891991406681
Mn0.018Zn0.982O1,311.0,329.3033922462254
Mn0.01Zn0.99O1,300.0,312.4347735918943
Mn0.01Pd0.99,3.414,31.733778679782457
Mn0.0225Zn0.9775N1O1,120.0,262.92638544036345
Mn0.022Zn0.978O1,350.0,316.18112715397746
Mn0.024Pd0.976,7.35,27.778354229066707
Mn0.0255Zn0.9745N1O1,143.0,238.31037621423485
Mn0.025Zn0.975O1,298.15,320.798024183171
Ti0.974Mn0.026O2,340.0,479.06641251501503
Mn0.0291Pd0.9709,7.71,30.133688581181183
Ti0.98Mn0.02N1,305.0,423.7173142517646
Mn0.02Ni0.98O1,653.0,343.440171759898
Mn0.02Zn0.98O0.98,425.0,309.7605137225837
Mn0.02Zn0.98O1,265.0,330.64066270636533
Ti0.98Mn0.02O2,420.0,400.59483368874464
Mn0.032Zn0.968O1,310.0,318.09018179158016
Mn0.0356Zn0.9644N1O1,300.0,245.56046274464103
Mn0.036Si0.964,300.0,261.36812212590894
Ti0.961Mn0.039O1.94,300.0,379.65078358405515
Mn0.03Zn0.97O1,300.0,311.0929141437934
Ti0.97Mn0.03O2,680.0,398.7404389054979
Ti0.952Mn0.048O2,340.0,490.6756804829718
Mn0.04Zn0.96O1,300.0,329.72863651042263
Mn0.04Sn0.96Te1,6.0,182.7689466587305
Ti0.944Mn0.056O1.97,300.0,393.250868224971
Ti0.95Mn0.05N1,305.0,349.405418999396
Sr1Mn0.05V2Ni1.95O8,96.0,133.1165246247819
Mn0.05Zn0.95O1,413.3333333333333,313.6414260228967
Mn0.05Sn0.95O2,300.0,280.6058296563845
Ti0.95Mn0.05O2,680.0,421.43540659969074
Zr0.95Mn0.05O2,380.0,216.49104208707627
Mn0.05Pd0.95,2.0,71.77875377579437
Mn0.05Si0.95,350.0,202.5934881086191
Mn0.05Zn0.95Te1,2.0,247.07386028558898
Mn0.065Zn0.935O1,375.0,322.70423234322215
Ti0.934Mn0.066O2,340.0,581.8519825991268
Mn0.0672Zn0.9328N1O1,300.0,254.59062003303794
Mn0.06Zn0.94O1,300.0,332.13836901299345
Mn0.075Si0.925,50.0,218.92305915340094
Mn0.07Zn0.93O1,189.0,320.5968642089698
Ti0.93Mn0.07O2,680.0,397.849195180007
Mn0.07Si0.93,210.0,161.50466228637345
Mn0.08Zn0.92O1,300.0,317.83578311081897
Mn0.091Zn0.909O1,375.0,301.1783551294015
Ti0.91Mn0.09N1,305.0,329.40360362615246
Mn0.09Zn0.91O1,300.0,331.28298435210263
Mn0.113Si0.887,30.0,224.67289186757418
Mn0.13Zn0.87O1,300.0,240.24889322995878
Ti0.86Mn0.14N1,305.0,303.6947472244775
Mn0.15Zn0.85N0.1O0.9,130.0,265.0052521203373
Sr1Mn0.15V2Ni1.85O8,93.3,133.4734162278828
Ti0.824Mn0.176O2,340.0,422.86315990031716
Mn0.1Zn0.9O1,232.0,307.4163018433946
Ta1Mn0.23S2,85.0,118.67227383627676
Mn0.25Nb1S2,104.0,120.61857977996743
Mn0.25Nb1Se2,25.0,100.47408009863649
Tb6Mn0.25Ni0.75Sb1Te1,260.0,225.04743886586573
Mn0.25Zn0.5Sn0.25O2,20.0,210.49139620176433
Ti0.71Mn0.29N1,305.0,277.2545266447181
Mn0.2Ni0.8,576.5,284.23105947492274
Mn0.2Zn0.8O1,39.0,215.25680610785932
Sr1Mn0.2Ru0.8O3,63.0,166.72910858864432
Mn0.333Nb1S2,45.0,119.86989908111627
Mn0.33Nb1S2,48.0,107.55435396059926
Mn0.33Nb1Se2,22.0,113.30752487651824
Ta1Mn0.33S2,80.0,126.21345317432183
Ti0.625Mn0.375O2,340.0,326.1586563178689
Mn0.3Mo0.7O2.7,14.0,182.98590643890884
Mn0.3Ni0.5Sb0.2,342.0,343.3769537427776
Sr1Mn0.3V2Ni1.7O8,93.8,135.43924041068917
Mn0.3Zn0.7O1,32.0,174.59275471270297
Ti0.55Mn0.45N1,305.0,214.72548728560514
Mn0.49Si0.51,30.0,153.10550273848287
Mn0.51Si0.49,240.0,204.40773959059908
Mn0.52Si0.48,290.0,255.92218592521726
Mn0.53Si0.47,300.0,281.6708784803599
Mn0.54Si0.46,300.0,287.9502021731809
Mn0.55Ni2.14Sb1.31,290.0,314.8931993795081
Mn0.55Si0.45,360.0,278.8018933216681
Tb6Mn0.5Ni0.5Sb1Te1,272.0,241.8650783097641
Mn0.64Si0.36,30.0,206.657607126847
Mn0.65Pt0.35,250.0,361.4635643212082
Pr0.167Tm0.167Mn0.667,455.0,329.4088488090432
Tb0.113Pr0.22Mn0.667,445.0,390.536033196752
Sr1Mn0.6V2Ni1.4O8,99.3,145.6599721909715
Mn0.75Si0.25,70.0,172.47845516741683
Mn0.77P1S3,40.0,96.86513479118028
Mn0.7Mo0.3O1.6,95.0,226.57143516854572
Mn0.86P1S3N0.28,40.0,124.99606253541619
Na0.2Pr0.8Mn0.8Ru0.2O3,110.0,144.66775814695913
Sr0.4Nd0.6Mn0.8Ni0.2O3,123.0,153.69775487702316
Sr0.4Nd0.6Mn0.8Zn0.2O3,47.0,197.98691276127926
Mn0.93Ni3.07O4,116.0,284.18659845010126
Na0.25Pr0.75Mn0.95Ru0.05O3,182.0,142.15065935927544
Na0.2Pr0.8Mn0.96Ru0.04O3,150.0,139.99994733236883
Tb0.4Yb13.56Mn0.96Sb11.05,43.0,46.231218572291326
Na0.25Pr0.75Mn0.97Ru0.03O3,160.0,140.05296458250982
Sr0.5Pr0.5Mn0.97Ru0.03O3,290.0,233.70072407294208
Na0.25Pr0.75Mn0.99Ru0.01O3,120.0,140.09647095780343
Mn0.99Sb1Pt1.01,582.0,343.0764172425481
Mn0.99Sn1Pt1.01,356.5,378.94926252031297
Na0.25Pr0.75Mn0.9Ru0.1O3,193.0,137.37462612713227
Sr0.4Nd0.6Mn0.9Ni0.1O3,129.0,170.7421871322516
Sr0.4Nd0.6Mn0.9Zn0.1O3,230.5,174.87831082410344
Tb0.17Yb13.81Mn1.01Sb10.98,47.0,46.78471340838414
Yb13.86Tm0.08Mn1.01Sb11.03,56.0,49.30513403387784
Mn1.04Ni1.96Sn1,357.0,346.59343287830893
Sr0.1Pr0.9Mn1.07O3,220.0,151.1265076751964
Mn1.08Sb1.92Te4,44.0,139.9820941758035
MnZnNO,300.0,228.83890348918277
Na0.05Sr0.4Pr0.55Mn1O3,289.0,250.68707570904175
Na0.05Sr0.45Pr0.5Mn1O3,270.0,246.93049672218459
Na0.05Sr0.35Pr0.6Mn1O3,300.0,253.47319098759226
Na0.075Pr0.925Mn1O3,106.0,123.7079341690456
Na0.08Pr0.92Mn1O3,100.0,123.54528024963975
Na0.15Nd0.85Mn1O3,110.0,115.66947927116405
Na0.15Pr0.85Mn1O3,136.0,127.7524287084999
Na0.167Nd0.833Mn1O3,108.0,116.90121410944764
Na0.19Pr0.81Mn1O3,127.0,131.9362383751789
Na0.1Nd0.9Mn1O3,112.5,113.97513866131223
Na0.25Nd0.75Mn1O3,107.5,122.96669277302067
Na0.2Nd0.8Mn1O3,100.0,119.78074161618889
Na0.2Pr0.8Mn1O3,101.66666666666669,131.29721519400263
Na0.7Mn1O2,60.0,261.39215786081746
Sr0.375Nd0.121Sm0.504Mn1O3,129.9,146.71803654716024
Sr0.45Tb0.39Nd0.17Mn1O3,43.0,90.77297007983294
Sr0.5Pr0.4Nd0.1Mn1O3,305.0,248.5216570346811
Sr0.45Tb0.33Nd0.22Mn1O3,50.0,87.36172747503731
Sr0.5Pr0.25Nd0.25Mn1O3,265.0,244.50708833165604
Sr0.5Pr0.3Nd0.2Mn1O3,285.0,244.37827500926647
Sr0.3Pr0.5Nd0.2Mn1O3,242.0,202.85590905260523
Sr0.8Nd0.2Mn1O3,180.0,184.64452328506155
Sr0.33Nd0.33Sm0.34Mn1O3,217.0,150.39089399671116
Pr0.38Nd0.36Mn1Pb0.26O3,185.0,160.7774214674388
Sr0.5Pr0.2Nd0.3Mn1O3,280.0,235.84156808988493
Sr0.45Tb0.25Nd0.3Mn1O3,76.0,120.82416645234912
Sr0.7Nd0.3Mn1O3,108.5,206.64317396001735
Sr0.51Nd0.49Mn1O3.035,244.0,224.92334542282165
Sr0.3Nd0.49Y0.21Mn1O3,105.0,177.27679059871934
Sr0.5Pr0.1Nd0.4Mn1O3,270.0,237.93651758112165
Sr0.6Nd0.4Mn1O3,164.5,206.19576957969835
Sr0.45Nd0.55Mn1O3,276.6666666666667,219.02179323560568
Sr0.3Nd0.56Y0.14Mn1O3,139.0,177.34713563957817
Nd0.58Mn1Pb0.42O3,192.0,180.5557935937863
Sr0.41Nd0.59Mn1O3,295.0,221.34403706936152
Nd0.5Mn1Pb0.5O3,177.5,188.50001447224386
Sr0.5Nd0.5Mn1O3,250.0,228.50683921356872
Sr0.3Nd0.5Mn1O3,250.0,204.14803944971328
Sr0.33Nd0.5Mn1O3,248.5,217.29962399930469
Sr0.5Nd0.5Mn1O3,227.27391304347827,228.50683921356872
Sr1.5Nd0.5Mn1O4,245.0,193.60978430389923
Sr0.39Nd0.61Mn1O3,285.0,216.82873473365908
Nd0.62Mn1Pb0.38O3,175.0,176.52551820464237
Sr0.37Nd0.63Mn1O3,273.0,204.20313661490218
Sr0.3Nd0.63Y0.07Mn1O3,186.0,176.26242270219103
Sr0.35Nd0.65Mn1O3,254.0,193.95503371979845
Sr0.3Nd0.65Y0.05Mn1O3,175.0,182.89744650009442
Nd0.67Mn1Pb0.33O3,195.0,159.99146493658344
Sr0.33Nd0.67Mn1O3,248.8,180.44067518170993
Sr0.31Nd0.69Mn1O3,265.0,174.6896427710241
Nd0.6Mn1Pb0.4O3,192.0,179.7675547422595
Sr0.3Pr0.1Nd0.6Mn1O3,171.0,189.24533961147108
Sr0.4Nd0.6Mn1O3,188.1,222.4430380500843
Sr0.3Nd0.7Mn1O2.85,50.0,161.89516613253605
Sr0.3Nd0.7Mn1O2.96,171.0,165.71010876162677
Sr0.3Nd0.7Mn1O2.98,203.0,184.89663106563432
Sr0.3Nd0.7Mn1O2.99,215.0,183.48262927827687
Sr0.3Nd0.7Mn1O2.9,89.0,154.8435849742844
Nd0.7Mn1Pb0.3O3,158.85714285714286,157.7358921073141
Sr0.3Nd0.7Mn1O3,193.75,189.3088622784507
Nd0.85Mn1Pb0.15O3,110.0,119.10388423887865
Sr0.15Nd0.85Mn1O3,126.0,132.2170129753375
Nd0.8Mn1Pb0.2O3,123.0,128.16298251813208
Sr0.2Nd0.8Mn1O3,149.0,132.57742307003133
Nd0.95Mn1O2.95,69.0,91.34854081649468
Nd0.9Mn1O3,75.0,98.09363216286734
Nd0.9Mn1Pb0.1O3,82.0,115.35836745861754
SrNdMnNiO6,264.0,167.40179338457557
NdMnSiNi3,71.0,163.22593989604277
NdMnO3,61.85,100.91094677757461
NdMnSi2,240.5,181.32403262837184
Sr0.6Pr1.4Nd1.4Mn1O3,263.0,188.4108456423408
Nd2MnNiO6,196.0,154.1423367300325
MnNi,500.0,294.3404068709795
MnNiO3,426.0,212.13108521754194
MnZnNiO4,90.0,239.73593474201607
Pr2MnNiO6,208.0,161.4195413594672
Sr0.4Sm1.6Mn1Ni1O6,156.0,149.35974464928978
Sr0.2Sm1.8Mn1Ni1O6,154.0,147.81682614290202
Sm2MnNiO6,151.0,136.25557780032307
Y2MnNiO6,78.42857142857143,129.86844281402742
MnNiSb,742.5,403.3365307327286
MnSiNi,622.0,352.33505440742437
Mn1Ni1.6Sb1,732.0,340.41557378926365
MnNi2Sb,320.8,396.968449784209
MnNi2Sn,315.0,344.85754065084126
TbMnNi2,131.0,179.03395637361334
MnNi3,590.5714285714286,290.06310315731525
SmMnSiNi3,125.0,165.84241627808555
TbMnSiNi3,119.0,149.49309646948456
MnZnO,250.0,273.7830894385147
MnSnO2,400.0,181.73696692029108
Pr0.8Mn1O3.03,85.0,131.5572642738206
Pr1Mn1O3.03,94.0,105.98004393745185
Pr0.9Mn1Pb0.1O3,152.0,136.56469152881127
Pr0.77Mn1Pb0.23O3,170.0,169.0534627794084
Pr0.73Mn1Pb0.27O3,234.0,169.29846729230852
Pr0.8Mn1Pb0.2O3,171.0,157.54375714402795
Pr0.67Mn1Pb0.33O3,228.0,181.2884783324674
Pr0.63Mn1Pb0.37O3,215.0,206.839178561192
Pr0.7Mn1Pb0.3O3,208.75,190.22464582947697
Pr0.6Mn1Pb0.4O3,256.0,187.24979599402667
Pr0.5Mn1Pb0.5O3,254.0,187.7562228423701
Sr0.5Pr0.15Sm0.35Mn1O3,190.5,190.31265286750002
Sr0.45Pr0.2Sm0.35Mn1O3,182.5,195.23280740014718
Sr0.45Pr0.3Sm0.25Mn1O3,226.0,214.07613057800188
Sr0.35Pr0.45Mn1O3,295.0,237.79683608786922
Sr0.4Pr0.46Mn1O3,255.0,248.0340833368572
Sr0.45Pr0.4Sm0.15Mn1O3,254.0,228.10369540771998
Sr0.48Pr0.52Mn1O3,290.0,248.40569471627904
Sr0.3Pr0.53Mn1O3,287.0,235.50456963405043
Sr0.45Pr0.55Mn1O3,304.0,251.93775823067085
Sr0.3Pr0.5Sm0.2Mn1O3,179.0,184.8151688263159
Sr0.35Pr0.5Mn1O3,325.0,239.2812135546722
Sr0.4Pr0.5Mn1O3,275.0,246.5507295174032
Sr0.5Pr0.5Mn1O3,265.90625,253.47533957681168
Sr0.3Pr0.63Sm0.07Mn1O3,215.0,207.58699513621144
Sr0.2Pr0.65Mn1O3,176.0,178.92713272212904
Sr0.35Pr0.65Mn1O3,295.0,238.34076605384857
Sr0.3Pr0.67Mn1O3,290.0,209.03135827016754
Sr0.33Pr0.67Mn1O3,264.0,235.28173541544498
Sr0.32Pr0.68Mn1O3,284.0,230.76755625363472
Sr0.2Pr0.6Mn1O3,212.66666666666663,206.04419502509722
Sr0.25Pr0.6Mn1O3,180.0,218.26616224162834
Sr0.2Pr0.6Y0.2Mn1O3,90.0,186.6869191601351
Sr0.3Pr0.6Mn1O3,259.0,212.33767056939865
Sr0.35Pr0.6Mn1O3,260.0,233.0099552361928
Sr0.3Tb0.1Pr0.6Mn1O3,165.0,181.5413199122357
Sr0.3Pr0.6Y0.1Mn1O3,164.0,206.2025677141076
Sr0.4Pr0.6Mn1O3,292.9166666666667,245.97864347484662
Sr0.26Pr0.74Mn1O3,204.0,185.9280904194378
Sr0.2Pr0.75Mn1O3,165.0,155.5110716914047
Sr0.225Pr0.775Mn1O3,175.0,175.55815950676762
Sr0.2Pr0.7Mn1O3,165.0,167.8350341114036
Sr0.3Pr0.7Mn1O3,250.73076923076923,210.5117889395688
Sr0.2Pr0.8Mn1O3,154.0,167.86280458994165
Pr0.9Mn1O3,135.0,104.62624191683433
Sr0.1Pr0.9Mn1O3,131.0,145.64867770410035
PrMnO3,80.0,127.19694079741653
Zr0.2Sc0.8Mn1O3,60.0,177.83793071840608
Sr0.45Sm0.55Mn1O3,128.0,132.6405847666806
Sr0.44Sm0.56Mn1O3,127.0,129.75020553604415
Sr0.5Sm0.5Mn1O3,85.0,152.36341380968264
Sr0.37Sm0.63Mn1O3,138.0,117.69023316497697
Sr0.35Sm0.65Mn1O3,85.0,125.46012296195359
Sr0.33Sm0.67Mn1O3,79.0,126.02477046969865
Sr0.4Sm0.6Mn1O3,110.125,132.3701463883595
Sr0.25Sm0.75Mn1O3,148.0,111.91908399481571
Sr0.3Sm0.7Mn1O3,111.5,113.94981755030925
Sr0.2Sm0.8Mn1O3,84.0,126.78081023346105
Sm0.9Mn1O3,75.0,80.4055445993587
YMnO3,44.5,142.96778063248377
YbMnO3,2.7,88.05177779064233
MnV2O4,57.0,129.1076689154303
Sr2MnReO6,120.0,173.37723922990108
Sr2TiMnO6,44.8,203.74397864472934
Sr2MnWO6,40.0,227.91668215565892
MnP,317.25416666666666,273.75440843534597
MnPRh,400.5,290.47813462307914
MnPRu,269.0,317.4458183468551
MnPS3,38.75,152.8225212232624
MnSbPd,500.0,363.2360819092786
MnSbPd2,248.0,293.16135369096855
MnSnPd2,186.975,297.54987510365476
PrMnSi2,434.0,200.20438563229254
MnSbPt,575.0,382.25844320280527
MnSnPt,330.0,400.51115798561676
MnSbRh,320.0,324.5322424931011
MnSnRh2,424.5,365.22724865279844
MnZnS,298.15,289.67120878079623
MnSb,580.8149999999999,326.63659171034215
MnZnSb,304.0,348.04400923110757
Sr14MnSb11,45.0,86.89473584082464
Yb14MnSb11,54.5,54.731770668565844
Yb13.43Tm0.45Mn1Sb11.11,39.0,46.99991119148619
UMnSe3,62.0,151.95157480779216
MnSi,79.71875,147.79382940540287
SmMnSi2,464.0,167.3735516378878
TiMnSn,193.0,309.7111401634722
MnTe,260.0,325.4700697540368
MnZn3,325.0,296.11537827685015
Zr0.1Mn1.12Sb1,293.0,331.2918569965583
Mn1.1Ni1.9Sn1,357.0,343.8858656019846
Mn1.1Sn0.9Rh2,392.0,350.64275532876275
Mn1.1Sb1,504.0,385.70652512199104
Mn1.22Sb1,332.0,380.6201390432277
Mn1.25Sb1,314.0,344.75113407453466
Mn1.2Ni1.8Sn1,364.0,322.7133368595197
Mn1.2Pt0.8,540.0,363.09225947063203
Mn1.2Sn0.8Rh2,362.5,344.3613520146223
Mn1.2Sn0.8Ru2,310.0,342.99201673931464
Mn1.2Sb1,397.0,342.1135097354073
Mn1.37Ni2.1Sn0.53,294.0,319.3099407532152
Mn1.3Ni1.7Sn1,80.0,344.81415597023096
Mn1.3Sn0.7Rh2,336.7,336.0263184764341
Mn1.42Ni2.01Sn0.57,327.0,314.5509053961546
Mn1.46Sn0.54Pd2,201.1,308.95789240460533
Mn1.48Ni1.48Sn1,405.0,289.1790764536859
Mn1.48Ni2Sn0.52,310.0,313.1481438940547
Mn1.4Ni1.6Sn1,385.0,298.869175592748
Mn1.4Ni2Sn0.6,318.0,315.1935323057671
Mn1.56Ni1.92Sn0.52,298.75,307.8007168038579
Mn1.58Ni2.01Sn0.41,290.0,306.61989594351
Mn1.5Ni1.5Sn1,80.0,310.67214020982414
Sm0.5Ta1Mn1.5O6,35.0,164.8113208605766
Mn1.5Sn1,269.0,287.3850862581854
Mn1.62Ni1.89Sn0.49,300.0,305.92211130340587
Mn1.65Ni1.35Sn1,80.0,332.6178693899374
Mn1.6Ni1.4Sn1,434.0,289.38875545749113
Mn1.8Ni1.19Sn1,480.0,229.42721909362916
Mn1.8Ni1.2Sn1,80.0,322.6122954107989
Mn1.8Sn1,256.0,297.57950333867245
Mn1.97Ni1.02Sn1,550.0,299.78011106587604
Mn1.9Ni1.1Sn1,80.0,368.97238710797245
Mn1.9Tl2Ru0.1O7,60.0,133.27619667454582
MnNi5Sn4,360.0,285.26805598519286
Mn3Ni17,413.0,285.21206971195375
Mn2.01Sb1.19Te4,58.0,220.90764196745795
Mn2Mo3O8,39.0,150.74665876236807
NdTaMn2O6,52.5,88.44678853247382
Nd(MnSi)2,34.0,115.08984466319762
Sr1.8Nd1.2Mn2O7,193.33333333333337,179.06431120284932
Sr1.6Nd1.4Mn2O7,270.0,184.08592762772955
Mn2Ni1O3.97,120.0,168.68315005918464
Mn2NiO4,108.97619047619048,156.25973979607318
Mn2NiSb,647.0,414.5261318166828
Mn2NiSn,565.0,467.2092991779225
Mn2Ni1.6Sn0.4,311.0,310.9674788948959
Mn2O3,39.0,141.580220475666
ScMn2O4,58.0,137.2089507851323
TiMn2O4,74.83333333333333,157.04750586303368
Mn2VO4,53.5,139.65556112418972
Mn2ZnO4,1298.0,268.52756074853266
PrMn2O5,130.0,133.73638442465128
ScMn2SbO6,42.0,183.66228573657813
SmTaMn2O6,43.5,68.99467823250075
YTaMn2O6,28.0,138.50365130997363
Mn2Tl1.8Pb0.2O7,132.0,134.1817121722241
Sr1.25Pr1.75Mn2O7,305.0,199.47694809640458
Sr1.8Sm1.2Mn2O7,75.0,185.63260873010563
Sr1.4Sm1.6Mn2O7,135.0,152.19536420746834
Mn2Tl2O7,120.0,136.19414364500412
Yb2Mn2O7,38.0,101.36000310229963
Mn2SnPd,413.25,298.76028544312044
PrMn2,448.0,215.9189229179525
Mn2SnRu,264.70000000000005,330.61710904802203
Mn2SiS4,86.0,246.07400640060095
Mn2Sn0.3Sb0.7,464.0,416.26989016755005
Mn2Sn0.2Sb0.8,483.0,433.5521746977818
Mn2Sn0.1Sb0.9,502.0,447.5470090318905
Mn2Sb,550.0,453.91133329648613
Sm(MnSi)2,38.0,96.79054624406463
Tb(MnSi)2,58.5,59.90591505734138
Tm(MnSi)2,5.5,87.18384720253734
SmMn2,86.0,337.31640285293815
Mn2Sn,255.0,371.53140025334096
TbMn2,56.0,114.71175604656234
TmMn2,12.0,98.40810298384255
YMn2,100.0,331.2147512781754
Mn2.25Zn0.75O4,9.0,173.9881129183556
Mn2.4Zn0.6O4,36.0,55.03857112737177
Mn2.55Zn0.45O4,25.0,65.57280980584397
Mn2.5Zn0.5O4,20.0,70.76104545594517
Mn2.7Zn0.3O4,31.5,72.34393421267944
MnNi4,270.0,296.96103672875023
Tb0.3Mn20.9O78.8,87.5,181.78538912782156
Mn11Ni39,270.0,284.1119802845712
Nd6Mn23,431.0,418.68600167529894
Sm6Mn23,448.75,393.4140582200161
Tb6Mn23,455.5,426.20920439181975
Tm6Mn23,406.3333333333333,386.11281129335373
Y6Mn23,494.6,377.1789720825139
Mn23.6Ni75.2Pt1.2,140.0,276.7360397968369
Mn12Ni37Pt,250.0,229.45344320821403
MnNi2Sb,345.0,385.8906090006263
MnNi2Sn,350.0,344.94580963003096
MnNi3,100.0,293.1192602610713
Mn14Ni25Sb11,342.0,360.7000423341526
Mn3NiO4,39.2,187.40134763805045
Mn3O4,116.19473684210526,81.11012850183215
Mn3(P3Pd10)2,110.0,145.14384641715048
Mn3(SiSe3)2,67.0,172.68731379662054
Mn3Si,23.0,173.87522302054822
Mn3(SiTe3)2,78.0,178.8557286417808
Tb2Mn3Si5,97.0,99.82022956575136
Mn3.4Sn0.6N1,450.0,296.2603623495383
Mn3.5Ni0.5N1,480.0,417.76736182570426
Mn3Ni5Sb2,349.0,330.8546533986223
Mn31.9Ni54.3Sn13.8,319.0,320.2610494309542
Mn16Ni25Sb9,346.0,326.1164459666176
Mn32.5Ni48.1Sn16.1O3.2,322.1,323.15742925422205
Mn32.9Ni48Sn15.7O3.4,319.2,321.26621965696864
Mn33Ni50Sb17,347.0,324.47431211529636
Mn33.5Ni47.8Sn15.6O3,322.6,319.8499289459364
Mn17Ni25Sb8,344.0,319.7080856644925
Mn17Ni25Sn8,350.0,319.22027828006134
Mn34(Ni17Sn5)3,333.15,318.3934437853488
Mn17Ni26Sn7,305.0,320.32482304564417
PrMn35Ni49Sn15,327.0,317.68383457275365
SmMn35Ni49Sn15,325.0,314.99415459405
Mn7Ni10Sb3,340.0,327.8747330687379
Mn7V(Ni5Sn)2,276.0,315.2596225010813
Mn7Ni10Sn3,304.0,316.75806258088323
Mn35(Ni4Sn)13,306.0,319.5595864731497
Mn18Ni25Sb7,341.0,318.7269944763696
Mn18Ni25Sn7,327.5,314.0487271216734
Mn36.1Ni49.8Sn13.9,247.0,313.33580890452544
Mn36.3Ni50.4Sn13.3,312.0,314.5219843480545
Mn36.3Ni50.6Sn13.1,313.0,315.83854791727515
Mn36.5Si2.5Ni50Sb11,354.0,321.0917310631814
Mn36.5Si2Ni50Sb11.5,351.0,324.33297016986455
Mn36.5Si1.5Ni50Sb12,351.0,327.209185412183
Mn36.5Si1Ni50Sb12.5,344.0,324.47175502446464
Mn36.5Si0.5Ni50Sb13,338.0,321.6688516327323
Mn36.5Ni50Sb13.5,335.0,318.14500526216784
Mn36.5Ni50Sn13.5,252.7,313.7153124816854
Mn36.5Ni50.3Sn13.2,311.7,313.0733149557596
Pr3Mn37Ni47Sn13,299.0,303.1659561811806
Mn37Ni48.5Sn14.5,240.0,316.5131023201862
PrMn37Ni49Sn13,304.0,316.0442762638436
Mn37Ni50Sn13,314.0,316.54798859490575
Mn37(Ni17Sb4)3,338.0,313.28714833046973
Mn37.5Ni50Sn12.5,261.75,313.92762587077567
Mn19Ni25Sb6,340.0,318.29803057412613
Mn38.4Si0.9Ni49Sb11.7,334.0,318.98281579049103
Mn38.9Ni49.1Sn12,300.0,314.49533965010323
Mn39Ni48Sn12.5,300.0,314.0676232141531
Mn39Ni49Sb12,318.81,324.90066600140483
Mn39Ni49Sn12,314.5,310.55701927710027
Mn39.5Ni48Sn12.5,266.5,314.8650041749937
Mn4N0.9901,759.0,731.5585163321867
Mn4N,754.6666666666666,626.6993784567056
Mn4O5,45.0,128.5690972494583
Mn4Si7,94.8,186.5748832250614
Mn40Ni47Sn13,315.635,309.3437659386945
Mn10(Ni4Sb)3,350.0,314.27386868983785
Mn4Ni5Sb,200.0,319.4908134666169
Mn4Ni5Sn,240.0,303.69937745493
Mn43Ni46Sn11,288.0,314.1451488193776
Mn44Ni45Sn11,307.3,308.012155699274
Mn45.1Ni49.8Sn5.1,330.0,288.4185073101996
Ti2Mn46Ni41Sn11,258.0,311.0562980735331
TiMn46Ni42Sn11,272.0,311.8976249725967
Ti0.5Mn46Ni42.5Sn11,280.0,309.5906198168171
Mn46Ni43Sn11,279.5,306.60857872779843
Mn49.9Ni40.4Sn9.7,275.0,318.0862946464941
Mn5Si3,113.33333333333331,151.83973995730958
SmMn5,439.5,426.6976909800123
Mn5Sn3,241.0,297.5845065253289
TbMn5,445.0,436.1390129325806
YMn5,490.0,401.7256336179168
Mn5Ni4Sn,278.0,318.39508809726334
Mn53Sb47,450.0,461.5513027509874
Yb0.85Sc0.15Mn6Sn6,303.0,314.87831757676827
Yb0.9Sc0.1Mn6Sn6,292.0,318.5870641055245
Yb0.65Sc0.35Mn6Sn6,335.0,322.2569257336312
Yb0.7Sc0.3Mn6Sn6,324.0,323.6704136320118
Yb0.5Sc0.5Mn6Sn6,351.0,322.59601684264925
Yb0.35Sc0.65Mn6Sn6,359.0,327.9448247172191
Yb0.25Sc0.75Mn6Sn6,365.0,326.8216155693005
Y1Ti0.4Mn6Sn5.6,316.0,327.11502687828556
Tb0.2Y0.8Mn6Sn6,354.0,332.43867915053374
Tb0.4Y0.6Mn6Sn6,380.0,338.8720772092219
Tb0.6Y0.4Mn6Sn6,397.0,358.5710878222051
Tb0.8Tm0.2Mn6Sn6,420.0,392.2207239472322
Tb0.8Y0.2Mn6Sn6,408.0,391.26134024079977
Tb0.9Y0.1Mn6Sn6,412.0,401.1084080591079
Tb(MnSn)6,423.63571428571424,405.18477543116796
Yb(MnSn)6,284.0,308.0561164347138
Mn7Sn4,260.0,292.9267859579327
Ni0.948Mo0.052,318.0,434.2080883753344
VTe2Mo,298.15,159.46196521954315
Mo16N7,175.0,199.1530156088119
Nd2Mo2O7,93.66666666666669,60.38050590329537
Sm2Mo2O7,83.0,69.90918324528656
NdN,27.933333333333337,39.61045045747112
Ni4N,121.0,292.939200681306
NpN,86.5,164.8605360860343
ZnNO,298.15,324.1470975086583
TbN,40.07142857142857,90.26080280282943
UTeN,48.0,105.50385286795752
TiN,700.0,293.6804862358496
U2N3,210.5,130.2587648173597
Na0.09Sr0.91Ru1O3,138.0,141.85910792118483
Na0.16Sr0.84Ru1O3,123.0,139.91030425678238
Na0.19Sr0.81Ru1O3,111.0,149.33709444629415
NaNdO2,2.4,36.8272900353789
NaV6O11,64.2,171.89214077743605
Na1Ti0.06V1.94O5,30.0,157.03429889673086
NaV2O5,34.0,128.54551230314797
Na1.3V2O5,100.0,155.38135568041093
Nb0.025W0.975O2.91,225.0,190.77422632413735
U3NbSb5,107.0,92.54238685033431
Nd0.01Zn0.99O1,300.0,403.64964206136773
Nd0.03Zn0.97O1,300.0,477.64240734867354
Nd0.05Zn0.95O1,300.0,518.4511093799882
Nd0.065Zn0.935O1,860.0,294.86031723712637
Pr0.5Nd0.5Ni5,3.4,19.811666487285244
Tb0.15Nd0.85Ni1,27.2,31.319290141880884
Pr0.2Nd0.8Ni5,5.8,31.88387020372098
Tb0.05Nd0.95Ni1,27.7,28.392787761821932
Tb0.1Nd0.9Ni1,27.4,30.264315188929082
Nd1Si1.33Ni0.67,23.0,32.75474162626595
NdNi,30.0,30.53775420784094
NdNiSb,26.0,26.22252806776548
NdNi2,32.75,32.79061850712586
NdNi3,27.0,55.93886126989127
NdSiNi4,10.6,18.821241040937917
NdNi5,8.64,29.79964042016239
NdVO3,138.0,93.19900153705606
NdOs2,23.0,23.31110649588291
Nd(SiOs)2,2.9,26.465142894603634
Nd(P3Os)4,1.15,27.265493715771264
NdP,5.0,39.479991367880174
Nd(P3Ru)4,1.7,33.78307275874025
NdSbPt,15.5,18.346437099162422
NdPt2,3.6,15.956275121212022
NdSnRh,9.625,21.65679688939026
NdRh2,7.55,18.33916992002308
NdRu2,28.0,29.57518255716672
Nd(SiRu)2,17.133333333333333,19.003758232221617
Nd(Sb3Ru)4,1.3,34.483668832121516
Nd1S1.33,42.0,33.6893636227978
Nd1S1.42,10.0,46.00580984735631
NdScSi,173.66666666666666,167.62688033634757
NdSi,46.0,50.74820617095294
NdZn2,24.0,21.24201018123406
Nd2NiO4,130.0,72.84912965204624
Nd2Ni2Sn,19.5,24.49577927104739
Nd2Si0.7Ni2.3,27.0,28.238215095436672
Nd2Ni7,87.0,61.80255937178319
Nd2Ni7P4,18.0,51.18076465645949
Nd2RuO5,21.0,27.257216314158892
Nd2Si3Pd,16.0,19.939238706689668
Nd2(SbPd3)3,2.0,15.925678578355322
Nd2Si3Pt,18.0,24.594250278266703
Nd2Si3Rh,15.75,24.36243072852534
Nd3ReO7,9.0,65.2122775514907
Nd3S4,47.53333333333333,35.17568842597667
Nd3Se4,50.2,31.61794717207865
Nd5Sb3,40.0,46.99961597011075
Nd5Si2Sn,127.0,73.46135750087059
Nd5Si3,112.0,54.86530954288126
Nd5Si4,71.0,59.421227585187346
Nd5Sn3,38.0,58.874761176771116
Nd7Ni3,11.5,66.24258432005975
Nd7Pt3,38.0,38.83463148175655
Ti0.9991Ni0.0009O1.9982,300.0,381.72539633571324
Ti0.9975Ni0.0025O2,300.0,380.51292685630835
Ti0.9914Ni0.0086O1.9828,300.0,342.0982498517002
Ti0.9852Ni0.0148O1.9704,300.0,333.40955003029893
Ti0.982Ni0.018O1.964,300.0,426.82836320405715
Ni0.0195Pd0.9805,2.0,57.587307905392244
Ti0.99Ni0.01O1.98,760.0,338.91591647533085
Zn0.95Ni0.05O1,300.0,416.74529578517576
Ni0.05Pd0.95,90.0,108.93853131557691
Zn0.93Ni0.07O1,340.0,378.24533142326516
Ni0.12Pd0.88,100.0,172.82977437987833
Zn0.9Ni0.1O1,255.5,349.878509549758
Ni0.1Pd0.9,100.0,148.9508027263863
Ni0.22Pd0.78,348.0,227.39505910178428
Zn0.5Ni0.25Sn0.25O2,290.0,242.21272569671032
Zn0.8Ni0.2O1,300.0,336.3540758073644
Ni0.2Pd0.8,250.0,247.3268833215109
Ni0.3Pt0.7,20.0,252.36702249395685
Ni0.45Pt0.55,41.2,203.0937658104716
Ni0.533Pt0.467,136.0,179.95172620215422
Ni0.55Pt0.45,202.0,165.6791519228114
Ni0.5Pd0.5,457.5,201.7497524527355
Ti0.35Ni0.65O0.65,645.0,322.2048777422906
Ni0.6Pt0.4,213.0,233.39533420749763
Pr1Ni0.75Pt0.25,17.5,23.06673597084117
Y0.25Ni0.75,20.0,127.50729376578352
Ni0.76Rh0.24,273.0,319.40840717395594
V0.1225Ni0.8775,2.9,124.90542594200883
Y0.13Ni0.87,118.0,345.2178145610271
V0.1131Ni0.8869,19.0,89.10244191409973
Ni0.88P0.12,370.0,356.2265736697218
V0.11Ni0.89,14.0,127.14155146178862
Ni0.8Pd0.2,583.0,359.57081331409915
Si0.088Ni0.912,292.0,426.27008383261506
Si0.08Ni0.92,453.0,332.51662024147817
Ni0.92Sn0.08,348.0,388.27316118782335
V0.0615Ni0.9385,318.0,315.0285416692315
V0.0593Ni0.9407,308.0,322.40235834200325
Ni0.947P0.053,553.0,462.7753084456647
Y0.05Ni0.95,327.0,389.76098516406665
Ni0.964P0.036,619.15,522.0016747122686
Y0.03Ni0.97,390.0,400.9748617918704
Ni0.9P0.1,280.0,374.0708379725801
Pr1Ni0.9Pt0.1,18.5,20.922338786644573
Ni,627.0,618.8586339694535
NiO,695.0,325.52540073417464
NiPtO,658.0,293.2778694049217
ZnNiO,516.0,367.5503551534738
SiNiO2,241.5,215.30155123260982
Ni(RhO2)2,360.0,285.96086950837724
Re2NiO6,23.75,122.60197723481566
NiPW,320.3,228.28531098138228
NiP2,616.75,212.2151334716666
SmNiPb,8.0,35.697194406200275
Tb0.1Pr0.9Ni1,24.0,24.68600296905704
PrNi,20.8125,27.072946862730557
Pr3Ni,18.0,47.37642665050522
NiPt,115.0,223.31543796285058
ZnNiS,298.15,315.3275628111709
Tb3Si2Ni,135.0,126.48802890918344
SmNi,45.333333333333336,49.87291991756101
TbNiSn,10.0,50.58172561544715
YbNiSn,5.6,47.02212159882344
TbNi,57.2,68.42373407435693
Tb6NiTe2,228.0,139.0697067878043
TmNi,6.666666666666667,16.400705125783777
Tm3Ni,12.0,24.058645950619074
Pr1Ni1.47P2,18.0,28.63360850730774
Pr1Ni1.89P2,13.5,24.567768397140654
Pr1Ni1.97P2,13.2,21.805556771445364
U2Ni12P7,29.0,159.97487896316255
Ni7Pd43,156.0,191.6847163055435
Tb2Ni17,396.5,349.59335307807555
Tm2Ni17,377.5,409.5950800124694
Y2Ni17,460.3333333333333,398.89530750168836
Sm2Ni2Pb,23.0,32.247495079677925
Tb2Ni2Pb,40.0,48.859791403474674
Tm2Ni2Pb,5.0,15.886406195833056
PrNi2,29.0,26.272551960609757
Pr5Si3Ni2,62.5,38.45054060791704
ScNi2,630.0,167.08207512117693
Sm3Ni2,110.0,63.60924763837776
Tb0.23Zr0.77Ni2,35.0,51.019697163138005
TbNi2,38.9125,56.19780884053863
TmNi2,9.033333333333331,15.242671352340002
YbNi2,10.5,37.359819395402084
Tb2Si0.4Ni2.6,78.0,62.70289988502063
PrNi3,20.0,47.5209909314164
Ni3Pt,388.15,304.6929993773797
SiNi3,226.0,267.2457204769229
TbNi3,98.0,63.22909762553146
TmNi3,43.0,51.6369149659095
YNi3,30.0,116.71791388951176
YbNi3,20.0,52.92990910237639
Tb13Ni7,64.0,134.81641210269595
U(Ni2P)2,21.0,122.63008399647241
SmSiNi4,15.6,25.820986640781424
TbSiNi4,35.75,21.159916043533933
PrNi5,3.6,25.565524546002038
SmNi5,28.25,31.135771079654642
TbNi5,24.33333333333333,52.07096275088789
TmNi5,9.5,67.59501410867298
Ni5W,365.0,287.38334215989255
YbNi5,1.4,82.57171359142104
ZrNi5,647.0,303.6151622583343
Sm12Ni6Sn,50.0,83.80368529948296
Pr2Ni7,85.0,51.703644555989875
Tb2Ni7,101.0,71.16373627972534
Y2Ni7,58.0,174.19411795766374
Tb3SiNi8,32.0,37.27142768197984
Ni21P4,600.0,293.79993823826976
Ni17P3,295.0,466.2740676259446
NpSe3,18.0,70.9505248919827
NpTe3,25.0,47.560553579175355
PbO,920.0,253.0306013311356
Zn0.995Sb0.005O1,300.0,309.6937352703417
Zn0.98Sb0.02O1,300.0,310.8691581719733
Zn0.97Sb0.03O1,300.0,307.44796003029796
SmZnO,298.15,114.05165372279329
TbZnO,300.0,114.28833459437183
V0.04Zn0.96O1,298.15,316.4757825032615
V0.05Zn0.95O1,300.0,314.9729181351366
V0.06Zn0.94O1,298.15,314.11240100298807
V0.13Zn0.87O1,300.0,279.25648788668957
V0.1Zn0.9O1,300.0,294.8139414076941
V0.2Zn0.8O1,300.0,255.70793131924646
ZnO,296.45,371.14032130907924
Sr4Ru3O10,104.66666666666669,137.22819096648385
Ti0.07Sn0.93O2,298.15,301.8536241436714
Ti0.05Sn0.95O2,298.15,290.57629763897256
V0.05Sn0.95O2,400.0,274.63332613758473
Ti0.02Sn0.98O2,298.15,271.5716856220083
V0.01Sn0.99O2,70.0,312.07162741640565
SnO2,280.0,297.52352147599487
ZnSnO2,298.15,247.4514051184141
TiO2,299.5375,371.4617383421136
ZrO2,300.0,186.87346775038552
Sr1Ti0.7Ru0.3O3,163.11,237.77803575436178
Sr1Ti0.5Ru0.5O3,163.03,188.61580667271448
Sr1Ti0.4Ru0.6O3,163.09,180.7737834034761
Sr1Ti0.3Ru0.7O3,163.03,175.9806259359884
Sr1Ti0.1Ru0.9O3,163.28,161.87520698507765
SrRuO3,155.94444444444446,132.19167717367853
SmVO3,130.0,80.71354324459769
SrTiO3,313.0,303.2761290280223
YTiO3,29.0,169.29589678797169
Pr2RuO5,10.0,51.83119656601917
VSO5,4.2,151.5468232161898
Sr3OsO6,1060.0,223.81329278108774
Sc(ReO3)2,300.0,152.4969707962351
Sr3Ru2O7,70.0,154.32117590561978
Y2V2O7,68.0,125.59643082995699
Pr(SiOs)2,12.6,25.22669299363144
TbOs2,34.0,50.620749839485235
Tb(P3Os)4,2.0,35.83574680763119
Sm(Sb3Os)4,3.0,26.221094506665004
U2P0.2S1,90.0,131.93095156832948
U2P0.4S1,130.0,128.6132086839575
U1P0.5S0.5,150.0,136.9167578274199
U1P0.67S0.33,118.0,125.27619849446062
U2P0.6S1,159.0,137.0310666552696
U1P0.72S0.28,109.0,127.03572178063789
U1P0.75S0.25,100.0,132.16291363557892
U2P0.8S1,175.0,140.86301975869716
U0.6P0.8,161.0,154.025993177595
PuP,125.5,104.10031881969205
UPS,118.0,108.84600260718605
UPSe,106.0,102.52921304982124
UTeP,85.0,91.08714300832649
UP,125.0,138.25305200551364
U1.2P1.6,176.0,140.44446629570325
Pr(PPd)2,8.4,17.846747912306245
U2.4P3.2,181.0,140.7702348984876
Th0.15U2.85P4,141.0,142.64644185182007
U3P4,146.75,138.50704233819008
Sc0.02Sn0.17Te1Pb0.78,170.0,147.0501626088488
Sc0.02Sn0.17Te1Pb0.79,148.2,158.82012672939638
Sc0.02Sn0.14Te1Pb0.81,143.2,158.65486612552382
Sc0.02Sn0.12Te1Pb0.82,144.9,148.4453594744605
Sc0.02Sn0.08Te1Pb0.88,147.5,147.53095683539004
Sr0.05Pb0.95,103.0,234.72321514868884
Tb5Pb3,215.3,114.56877323308198
PrPd,12.0,14.404945235130317
SmPd,22.0,39.7186034703011
Tb5.1Pd1.9,30.0,120.66110655829944
U3(Si3Pd10)2,2.0,78.02237059158668
PrPd3S4,1.8,28.599657523140973
Sm7Pd3,169.0,55.424726190913766
Tb3(SbPd2)4,7.4,26.625351476803367
Pr2(SbPd3)3,6.2,12.38966072431845
Sm2(SbPd3)3,6.8,17.553412768078378
PrPt,13.0,16.87088840639474
PrSbPt,8.0,14.463955247625643
PrPt2,6.0,12.48337362704541
PrPt5,3.0,18.84900681727201
PrSnRh,2.9166666666666665,17.257699347503344
PrRh2,8.8,17.61725470752692
PrRh3,3.0,18.1387880657247
PrRu2,40.0,20.016968615648164
Pr(SiRu)2,14.78,18.75256964654824
PrSi,51.0,48.80495583148776
Pr1Si1.33,105.0,31.137253090220817
Pr3Ru,25.0,31.536661329467897
Pr3S4,13.2,29.009321984116035
Pr3Se4,13.1,30.848731367382157
Pr3Si4,105.0,31.939969081973732
Pr5Sb3,21.0,36.97984879748533
Pr5Si2Sn,83.0,47.495217484777505
Pr5Si3,43.5,47.888421111127926
Pr5Si4,39.0,46.216638365802204
Pr7Rh3,14.1,22.49618824738134
Pr7Ru3,24.5,25.283709424504607
U0.54Pt0.46,29.8,64.39795436580596
U1Sn1.1Pt0.9,28.0,44.880305926507134
SmSbPt,6.7,22.326238826431794
SmSiPt,15.0,23.867533616810775
Tm(SiPt)2,3.5,31.65242185066216
TbPt2,10.6,36.58957975738257
Sm3Si11Pt23,10.12,18.780797608597602
Tb3Si11Pt23,25.0,20.025922908327814
Pu2Si5Pt3,58.0,61.86049963691766
TbPt3,16.0,32.302650839145315
Tb5Pt3,56.0,77.26837938991507
U3Pt4,6.5,68.1272110360771
PuSb,76.0,117.06705632197206
TbSiRh,55.0,48.917974662664754
USiRh,10.5,30.951152544257216
U2Si3Rh,24.0,50.59924630176788
SmSnRh,14.9,25.124344411684774
USnRh,17.0,39.10752651635855
TbRh2,40.0,43.4163355028776
USb4Rh3,105.0,54.31911056986118
Tb7Rh3,70.5,117.95651243840143
U1Si2.89Ru1,45.0,49.25715998140572
USnRu,54.0,32.28737983950539
Tb6Te2Ru,135.0,156.54078866130538
U3Si6.67Ru1.83,29.0,50.02702156703876
Tb(SiRu)2,56.0,28.75066994636307
UTeS,87.0,78.00085117503271
US,168.85714285714286,127.84272185192799
ZnS,703.15,244.30775662635273
VS100,11.6,60.627322365347766
VS120,4.0,97.3969004178339
VS2,41.0,187.95913380445168
U3S5,28.0,100.65194832103276
V5S8,35.0,103.74792843600977
VS80,13.3,73.44194278090852
U1Sb0.85Te0.15,214.0,107.37459516469549
USbSe,127.0,90.35396962528831
TbZrSb,61.0,57.067316199034465
USbTe,110.0,80.38805571619652
TmZrSb,5.0,29.33253052513983
V0.03Sb1.97Te3,24.0,121.55255626585051
Tb4Si0.7Sb2.3,180.0,134.3928244889739
Tb5Sb3,134.5,153.35435032284985
Tm5Sb3,12.0,23.787609511507494
U3Sb4,147.5,123.9945922093721
ZrU3Sb5,135.0,104.97113200663004
Tb0.9Sc0.1,159.0,168.47509867742622
Tb0.8Sc0.2,15.0,171.5923441507747
SmScSi,270.0,156.95540629253796
U0.35Se0.65,138.0,75.69689310666527
U0.4Se0.6,140.0,142.9944449712264
U0.08Se0.92,184.0,131.81133788449455
USe,170.625,142.0741225933326
USe2,13.55,94.36684464901064
VSe2,298.15,114.75781982209587
U2Se3,180.0,116.5589100817659
U3Se4,160.0,136.33612460672856
U3Se5,24.0,100.29016835879708
V5Se8,27.0,152.3193444371341
USi,120.0,85.47676254572869
Tb5Si4,224.33333333333337,151.1305643681372
USn,49.0,93.18310574461331
U5Sn4,62.0,96.20533240933892
Tb0.1Y0.9,52.0,119.20239680013887
Tb0.63Y0.37,176.0,138.72041716191507
Tb0.865Y0.135,205.0,156.3185251547642
Tb0.9Y0.1,175.0,186.05428697241024
Tb,219.0,191.08110933517307
TbZn,192.875,112.19892695997706
Tb2Zn17,28.0,57.12931432798666
TmTe,14.0,26.18370740061257
UTe,105.2,135.59450354663028
U7Te12,73.0,90.35665822622369
U2Te3,122.0,105.5488252527948
U1Te3.38,20.0,61.81249409712615
U3Te4,71.5,130.53321562323202
Zr0.95Ti0.05Zn2,34.0,54.81981617843452
Zr0.92Ti0.08Zn2,40.0,53.190958360413966
Zr0.9Ti0.1Zn2,65.0,67.69228132985691
Zr0.8Ti0.2Zn2,49.0,86.34127688132838
TmZn,8.206666666666665,22.373934271076212
TmZn2,5.2,20.573780098119677
Zr1Zn1.9,26.73333333333333,58.309650746782836
ZrZn2,23.87058823529412,62.99593239961345
Fe16N2,810.0,753.9346520361472
Fe14Co2N2,850.0,813.5403975871138
Fe13Co3N2,865.0,837.4507324655077
Fe12Co4N2,880.0,851.7101327279963
Fe10Co6N2,900.0,876.3387464350236
Fe8Co8N2,920.0,892.6575907760293
Fe6Co10N2,940.0,920.7001337748864
Fe4Co12N2,955.0,942.1748661537799
Co16N2,980.0,982.6584074123286
Fe3Co3Ti2,870.0,810.5401002632411
Fe3Co3Nb2,840.0,842.9626171135385
Fe3Co3Ta2,860.0,770.0324057851224
Fe3Co3Mo2,820.0,845.5886910764302
Fe3Co3V2,850.0,830.0932936378222
Fe4Co2Ti2,830.0,749.1418084711084
Fe2Co4Ti2,895.0,722.214373206464
Fe4Co2Nb2,815.0,774.271058761277
Fe2Co4Nb2,870.0,834.1209225565913
Mn9Bi10,625.0,617.5216964309225
Mn19Al19C2,670.0,532.86469764912
Fe19Pt21,740.0,721.854223272252
Fe10Pt9Rh,760.0,690.5242054665928
Co19Pt21,830.0,686.0263826983756
Fe19Pd21,750.0,590.9572937821923
Co5Zr,760.0,758.0887917004119
Co24FeZr5,775.0,767.5181921293309
Co9FeZr2,790.0,800.1971634976416
Co11Zr2,780.0,773.8087586899452
Co10FeZr2,805.0,788.5181397533102
Co7Hf,740.0,763.6058158061342
Co6FeHf,765.0,785.7519964007706
Fe2CoC,550.0,717.72972954017
FeCo2C,620.0,732.2058743749869
Fe3CoB2,1040.0,748.7458971916423
Fe5PB2,650.0,593.11026996355
Fe9CoSi2B4,645.0,693.3855244285619
Fe15.5Co0.5N2,815.8,789.7918754626962
Fe15Co1N2,821.5,791.663326846375
Fe14.5Co1.5N2,827.2,803.8622190723986
Fe13.5Co2.5N2,838.8,824.466447914401
Fe12.5Co3.5N2,850.2,850.7875584902306
Fe11.5Co4.5N2,861.8,853.3671250122209
Fe11Co5N2,867.5,876.6531045069319
Fe10.5Co5.5N2,873.2,886.626668498536
Fe9.5Co6.5N2,884.8,892.2186028714992
Fe9Co7N2,890.5,894.4898521335596
Fe8.5Co7.5N2,896.2,898.1348881165853
Fe7.5Co8.5N2,907.8,900.5284012424327
Fe7Co9N2,913.5,914.7206049133863
Fe6.5Co9.5N2,919.2,913.2263664198953
Fe5.5Co10.5N2,930.8,934.2983621421886
Fe5Co11N2,936.5,938.9754086504854
Fe4.5Co11.5N2,942.2,939.9231314341504
Fe3.5Co12.5N2,953.8,954.3517158594263
Fe3Co13N2,959.5,957.0892544714807
Fe2.5Co13.5N2,965.2,965.2374868110994
Fe2Co14N2,971.0,966.3912594180754
Fe1.5Co14.5N2,976.8,976.4853648327468
Fe1Co15N2,982.5,977.9002851250233
Fe0.5Co15.5N2,988.2,975.8057929122673
Mn0.85Bi1.15,618.0,529.9613317545532
Mn0.875Bi1.125,620.0,573.6703143220736
Mn0.925Bi1.075,624.0,620.8823527596298
Mn0.95Bi1.05,626.0,623.8071724016336
Mn0.975Bi1.025,628.0,620.8130794300986
Mn1.025Bi0.975,628.0,620.6434053389665
Mn1.05Bi0.95,626.0,625.8377054936952
Mn1.075Bi0.925,624.0,625.0058597742553
Mn1.125Bi0.875,620.0,614.6719922109388
Mn1.15Bi0.85,618.0,608.1301730707927
Mn0.85Al1.15,639.5,559.10142998149
Mn0.875Al1.125,641.2,578.5960902874971
Mn0.9Al1.1,643.0,624.9911070021376
Mn0.925Al1.075,644.8,637.1236746984304
Mn0.95Al1.05,646.5,645.3282174557842
Mn0.975Al1.025,648.2,643.8057556343857
Mn1.025Al0.975,648.2,645.5636150334302
Mn1.05Al0.95,646.5,644.3883286975486
Mn1.075Al0.925,644.8,635.0987618284058
Mn1.1Al0.9,643.0,639.206152953359
Mn1.125Al0.875,641.2,622.6376388429996
Mn1.15Al0.85,639.5,603.5673731001268
Fe0.85Pt1.15,745.5,654.5966264034482
Fe0.875Pt1.125,746.2,697.0830823242161
Fe0.9Pt1.1,747.0,701.6459479864263
Fe0.925Pt1.075,747.8,721.7238406015015
Fe0.975Pt1.025,749.2,723.7932950502468
Fe1.025Pt0.975,750.8,726.1396342130564
Fe1.05Pt0.95,751.5,732.8111661906231
Fe1.075Pt0.925,752.2,716.6342168253447
Fe1.1Pt0.9,753.0,703.4006852578397
Fe1.125Pt0.875,753.8,721.9740137671423
Fe1.15Pt0.85,754.5,697.2543469267638
