reduced_formula,True_Ms,Predicted_Ms
Na0.5Ti0.5O11,12.13,28.45240416269949
Sr0.3La0.7Mn0.95Zn1Co0.05O31.5,0.2029,29.84255578797627
Ti0.6Al0.6Fe0.6Co0.6Ni0.6O4,8.58,23.85744745852972
K0.5Ba0.5Mn1Zn1As2,1.0,4.963973786796582
Ba0.5Sr0.5Ce0.6Fe0.4O3,0.059,8.692337027037464
Ba0.5Sr0.5Ce0.4Fe0.6O3,0.096,7.989092466794563
Ba0.5Sr0.5Ce0.2Fe0.8O3,0.121,12.243111763771706
Ba0.5Sr0.5Ce1O3,0.04,12.309219569404659
Ba0.5Sr0.5Fe1O3,0.146,11.05636156311012
Ba0.35Sr0.35Fe9Co0.3O14.5,56.9,56.80258897364388
Ba0.4Sr0.4Fe10Co0.2O16,54.9,58.36206706296109
Ba0.45Sr0.45Fe11Co0.1O17.5,60.4,58.18567067858009
Eu0.5Fe0.5Co0.5Bi0.5O3,14.666666666666666,20.258927904465608
La0.5Fe0.5Co0.5Bi0.5O3,10.666666666666666,19.616227802278683
Nd0.5Fe0.5Co0.5Bi0.5O3,18.666666666666668,21.412165155752554
GYBI,15.5971844229964,36.36619614135319
Tm3Ga5Fe5(BiO4)3,200.0,35.836234386176166
CuH24C16(NCl2)2,0.97,35.83962610343426
La0.5Ce0.5Fe1B1,146.422547644456,117.47668968626883
La0.333333Y0.333333,149.605646506292,44.035398035899355
Ce0.2Nd1.8Fe14Co14B1,169.76527263125334,159.78374573358053
La0.6Ce1.4Fe14B1,123.07982265765864,101.04534381037472
Mn1.5Al1Co0.5,0.09,52.87493446124584
MnAlV2Fe2Co2(CuNi)2,39.3,53.440505650488305
La0.3Eu1.7Mo2O7,1.7,6.090135063308487
Fe1Co1Si0.5P0.5,101.0,89.69224302255665
Fe0.5N0.5,0.46,180.45135020754873
FeNiPPd,72.0,50.37439737412765
Ti0.5Fe0.5N1,244.03757940742665,67.75123190308015
Ti4Fe4N,244.03757940742665,82.36131896406826
MnAlFeB2,0.454,42.387362316843735
Fe0.195Ni0.195Rh0.61,9.466666666666669e-05,24.815886155867826
Fe0.25Ni0.25Rh0.5,0.0001253333333333,44.44728282599098
Fe0.325Ni0.325Rh0.35,0.0001626666666666,42.68094396380467
Fe0.37Ni0.37Rh0.26,0.00018,58.324596177192056
Fe4Ni4N,149.605646506292,139.23878717307525
Fe2Ni2N,143.23944878262,116.60815566177756
Fe2Ni2N,148.54461355234665,116.60815566177756
FeNiP,2.092,101.34757258413505
Fe1.35Co0.55Re0.1B1,150.13333333333333,138.14031491767278
Fe1.35Co0.55B1W0.1,149.86666666666667,124.01674822339521
Mn0.5Al1Fe1.5B2,0.9,15.366319650303357
Fe73.632Si4B14.208C8.16,169.0,120.33635127931018
Nb1Fe75.24Si8.91B9.9P4.95,153.84977832207332,141.27801518048562
Fe74.88Si4B14.592C6.528,170.0,129.72250737343956
Fe74.1Si8.55Ni5B12.35,81.0,156.25155331287266
Fe76.128Si4B13.728C6.144,170.0,145.1214441624756
Fe60.2Ni25.8B14,145.3615146905107,128.14178405578915
Fe56.8Co14.2B29,198.41316238777733,142.9762416776963
Mn0.4Al1Fe1.6B2,1.12,14.766444902938012
Mn4.08Fe46.92Pt49,124.0,90.64653994778351
Nd0.21Fe2.79C1,22.37,42.16282365928738
Nd0.15Fe2.85C1,22.22,29.925820651027554
Nd0.09Fe2.91C1,22.46,38.7321473311747
Zr7Fe88.65Co1.35B3,174.00940444703463,138.97581106082924
Nd0.03Fe2.97C1,22.79,49.497588007443625
Mn0.2Al1Fe1.8B2,1.18,28.563165140500764
Nd0.3Fe2.7C1,21.76,41.20645100574579
Fe77.4Ni8.6B14,180.37560217070663,167.3451070301287
Cr35Fe65Pt,90.66666666666669,98.30861636619674
Cr20Fe80Pt,118.66666666666669,125.64127669896632
Ce0.7Ga1886.7Fe8043.3,217.08,60.792022216467146
Ce0.3Ga1894.3Fe8075.7,172.65,60.792022216467146
Ce(Ga19Fe81)99,184.75,61.36949626888725
Cr15Fe85Pt,135.46666666666667,137.73933318243846
Hf0.75Fe8535.5Cu99.25B1290.25,220.0,202.19543526842727
HfFe8514(CuB13)99,220.0,205.07201910841127
Cr11Fe89Pt,138.26666666666665,132.09046299033355
Nb3Fe6615Co735Si13.5Cu1B9,123.07982265765864,98.20548273474967
Fe0.7Co0.7Ge0.3,44.0,43.768290808919524
TiFe2Co2Ni2Sb,37.8,49.14273944920717
Fe15Co15Cu2(SiNi5)3,87.97,99.65209160830983
Fe15Co15Cu3Si2Ni15,94.86,94.8708124300208
Fe15Co15Cu4SiNi15,95.51,101.0549110350152
Fe3Co3CuNi3,91.08,97.36613137176937
Fe15Co15CuSi4Ni15,95.0,95.3466391163014
Fe3Co3SiNi3,74.97,105.50670157747159
Ga0.5Fe0.5Sb1,9.538686255968548,17.152421720676255
Mn0.5Ga0.5As0.887P0.113,7.173333333333333,8.708134655495297
Mn0.5Ga0.5As0.912P0.088,6.7733333333333325,6.840935606302165
Mn0.5Ga0.5As0.915P0.085,6.16,8.667737918402048
Mn0.5Ga0.5As0.93P0.07,7.133333333333333,8.645836970742124
Mn0.5Ga0.5N1,2.4,15.694707807559062
Et6L2Co(HN)2,2.55,63.425387127133156
Ho1.08Lu0.92Fe2Si2C1,9.0,26.487803354391417
Ho1.36Lu0.64Fe2Si2C1,7.3,27.027045659830137
In0.5Fe0.5Sb1,3.1979533231912347,12.062280664432748
Mn0.333333In0.333333Ga0.333333As1,2.4,9.10428933221009
Mn0.5In0.5As1,3.733333333333333,9.70740612961393
M1Sr1La0.15Co0.15,46.0,55.07408396061251
M61.05La4.95Fe66B1,11.96,71.44688151497479
La0.15Nd0.15Sm0.15Gd0.15Ho0.4Mn1O3,50.95,26.16202015879577
Sr1.8La0.48Pr0.72Mn2O7,3.8,9.119472558177382
Ca0.3La0.7Mn0.85Cr0.15O3,3.1,20.29754165119447
Ca0.3La0.7Mn0.5Cr0.5O3,1.0,10.761568218982621
Ca0.3La0.7Mn0.3Cr0.7O3,0.15,8.262479329084254
Mg0.476Ti0.002Mn0.448Zn0.007Fe1.997O4,66.77,38.964030948060724
Mn0.2Fe2.2Co0.2Cu0.2Ni0.2O4,63.0,53.78389404274885
Mg0.2Mn0.2Fe2Co0.2Cu0.2Ni0.2O4,57.0,46.08356681921944
Mn55Al45C2,111.0,75.91538781842608
Mn3Cr3Fe3Co3Ni3O4,19.7,48.82464849517907
Mn3Fe3Co3Cu3Ni3O4,38.6,37.3820590530308
Nd0.5Dy0.5Fe1B1,142.17841582867467,118.31460263657577
NdDyFe14B,122.01878970371332,97.96765629391982
TbNdFe14B,74.27230677617332,128.6965353193359
Nd0.4Er1.6V1.5Co15.5,5.7,32.91088457877335
Ce18Nd12Fe69B,12.71,69.68101528231333
Nd0.8Dy1.2Fe14B1,112.8,98.57455156336165
Nd0.8Er1.2V1.5Co15.5,10.1,30.61462978423723
Pr5.4Nd3.6Nb5Fe71B15,95.49296585508,91.69088320965308
Pr5.4Nd3.6Nb4Fe72B15,102.92019653269732,102.7734632852131
Pr5.4Nd3.6Fe76B15,110.34742721031468,101.82376408685323
CeNdFe14B,147.48358059840132,103.66370013443046
NdDyFe14B,133.8,97.96765629391982
PrNdFe14B,168.704239677308,122.2815730668963
Tb0.5Nd0.5Co2,1.89,29.924400818376398
Nd1.2Dy0.8Fe14B1,103.3,114.46376518054971
Tb0.32Nd0.7Fe14B1,141.86010594249106,130.11179929546853
Ce0.3Nd0.7Ti1Fe11,104.0,103.24174559130857
Nd1.4Dy0.6Fe14B1,123.9,134.90580256787334
Nd0.7Zr0.3Ti0.5Fe8.625Co2.875N0.5,178.253536262816,162.65574239584623
Nd0.7Zr0.3Ti0.5Fe8.625Co2.875N0.56,178.253536262816,167.7351061047822
Nd0.7Zr0.3Ti0.5Fe8.625Co2.875N1.3,181.436635124652,142.21513100127734
Ce0.32Nd1.28Fe12Co2B1,144.89333333333337,137.8014937985194
Ce0.32Nd1.28Ti0.5Fe12Co2B1,135.13333333333333,115.83570821917564
Ce0.2Nd0.8Ti1Fe11,97.6,101.27922897406481
Nd1.6Dy0.4Fe14B1,155.4,140.03752629357294
Tb0.4Nd1.6Fe14B1,151.72771241418266,134.27728512001303
Nd1.84Dy0.16Fe14B1,163.39907490758134,148.80984493617748
Nd1.94Dy0.06Fe14B1,167.64320672336268,141.68614366206415
Ce0.1Nd0.9Ti1Fe11,86.8,112.87536974400646
Nd1.8Dy0.2Fe14B1,166.5,146.2139292563974
Tb180Nd20Fe14B,83.92770665707587,113.13541566281474
Tb100Nd100Fe14B,122.549306180686,113.87327565147186
Tb20Nd180Fe14B,161.17090570429613,112.82139572088278
Zn0.47971Fe1.94Co0.021Cu0.1958Ni0.30349O4,0.42,46.25971598224285
Zn0.49Fe1.94Cu0.2Ni0.31O4,0.43,49.76305845251089
Fe20Ni80Ag,0.1612770089996906,66.33405802982693
Fe20CoNi80,1.2944602038133066,63.51527671581655
Ca0.3Pr0.574Eu0.126Co1O3,0.3,7.747641623021973
Ca0.3Pr0.595Y0.105Co1O3,0.3,5.751123496710331
Ca0.3Pr0.616Eu0.084Co1O3,0.35,5.308216938697582
FeB,157.0328771839093,138.062482580779
Sm0.5Zr0.5Co3,41.333333333333336,44.90717986104899
Ce1.2Sm0.8Fe17N3,151.72771241418266,145.58641215232296
Ce0.8Sm1.2Fe17N3,154.91081127601865,148.89677099140863
Sm0.6Zr0.4Fe7Co3,166.0,173.93669328851092
Sm0.6Zr0.4Ti0.5Fe6.65Co2.85,120.0,150.37730479949025
Sm0.72Zr0.28Fe9.6Co2.4,216.450722604848,189.55740033214954
Sm0.74Zr0.26Fe9.6Co2.4,201.5962612496133,195.24599954410866
Sm0.82Zr0.18Fe9.6Co2.4,197.352129433832,197.20071687864333
Ce0.4Sm1.6Fe17N3,161.27700899969068,140.19787057948932
Sm0.8Gd0.2Ti0.76Fe8.992Co2.248,154.91081127601865,150.67813820336139
Sm0.8Gd0.2Ti0.75Fe9Co2.25,154.91081127601865,147.6215724237114
Sm0.8Y0.2Ti0.6Fe9.12Co2.28,159.1549430918,142.6759958468482
Sm0.8Zr0.2Ti0.5Fe8.625Co2.875,172.94837149308933,153.0252030896697
Pr0.4Sm0.6Co5,9.68,78.28656190327423
Na0.5Sr0.5Mn1Zn1As2,1.0,6.902132959998477
Sr1.75Eu0.25Fe1Mo1O6,1.95,5.711826246308978
Sr1.7Eu0.3Fe1Mo1O6,2.13,5.729688152774807
Sr1.85Eu0.15Fe1Mo1O6,2.24,6.711741587191604
Sr1.8Eu0.2Fe1Mo1O6,2.12,5.641050863104951
Sr1.95Eu0.05Fe1Mo1O6,2.75,9.579682075524852
Sr1.9Eu0.1Fe1Mo1O6,2.45,6.973021096833463
TbPrFe17,37.14,94.19728011839696
Tb0.12Ce0.4Pr0.48Fe1.93,48.3,46.37504942677459
V0.5Cr0.5,0.35,64.60085886199982
Ca3Eu3Y3Tm3Fe5Ge5O12,200.0,30.563605305430237
Pr3Y3Lu3Ga5Fe5(BiO4)3,100.0,65.59036541795194
Zn0.5Co0.5O1,40.0,27.12546982659082
Zn0.5Cr0.5Te1,106.10329539453332,6.782125958683634
Fe3IO4,74.0,44.927756392343
Fe3(IO2)2,81.0,51.63031463447486
Fe3I3O4,74.0,48.69956804266314
Zn0.5Cu0.5Sn0.5O1,0.2587,3.7063299814162303
Zn0.6Cu0.4Sn0.6O1,0.5393,3.871658084404322
Zn0.7Cu0.3Sn0.7O1,0.4186,3.4873656673733926
Zn0.8Cu0.2Sn0.8O1,0.4636,4.277995401112144
Zn0.9Cu0.1Sn0.9O1,0.5353,4.357524552358103
Zn50Co50Sn50O,1.16,20.554419761395813
Zn60Co40Sn60O,2.0,23.99014774442011
Fe8N,220.0,185.35637932934432
Ca0.15Zn0.76Fe0.24O2,35.3,24.4710161140786
Mn0.3Fe0.7O2,0.086,32.354261526328855
Ca0.3Zn0.76Fe0.24O2,42.4,19.9859761655924
Mn0.3Fe0.7O2,1.38,32.354261526328855
Ca0.45Zn0.76Fe0.24O2,33.4,16.393423551369864
Mn0.3Fe0.7O2,5.83,32.354261526328855
Mn0.3Fe0.7O2,8.28,32.354261526328855
Na4H3O2,46.685449973594665,36.112133049834476
CoHO,1.7,30.996796298206135
A,223.13523021470365,63.17312023041748
A1Mn30.21Fe22.79Pt47,0.12,80.59178588382518
A,222.7108170331255,63.17312023041748
ABN800F,38.2,65.07656378467486
AC,1.9,29.834946109050193
AG182,128.0,69.308898089496
AG183,130.0,73.74897523056062
AG184,121.0,69.50225996765121
AG186,113.0,63.17312023041748
AG189,112.0,69.308898089496
AG180,139.0,76.2980036969739
AG182,132.0,69.308898089496
ALSI302N,157.1,72.27426595246479
AGP,52.0,69.34706061790541
AG276P,52.0,81.70694740069555
AFe2HCO3,18.1,41.618850489946745
Fe2CoAgO4,31.0,47.95673109175421
QAg,1.0,41.31024927295406
Akaganite,55.14666666666667,63.17312023041748
M4O3,82.3,59.80685964540934
Al0.3Fe1Co1Ni1,131.4,96.30243232288741
Al10FeCoNi,125.7,49.450503967546666
Al2O3,0.0035,29.075599520914928
BaAl2(Fe6O11)2,23.3,39.08639465000233
Al30FeCoNi,61.1,87.4798640067447
Mn25Al50Cr13Co12,29.0,30.505405536811324
Mn21Al50Cr17Co12,22.0,31.045619773794154
Mn17Al50(Cr7Co4)3,9.0,34.628821728533204
Mn3AlC,1.15,28.649939419643093
AlCrFeCoCuNi,34.5,43.699981985111364
AlCrFeCoNi,51.28,45.872640574783105
Al1Cr1Fe1Co1Ni2.1,6.666666666666667,61.90346870009433
Al1Cr1Fe1Co1Si0.25Ni1,42.35,39.43891482674301
Al1Cr1Fe1Co1Si0.5Ni1,44.89,43.381319492553814
Al1Cr1Fe1Co1Si0.75Ni1,33.58,46.66752439690636
TiAlZnCrFeCoNi,32.0,50.849908146218205
TiAlZnFeCoNi,65.78,51.765799264874104
Al1Cr0.05Fe0.95O3,0.77,34.269422391454086
AlFe2,137.93428401289333,75.77530524074528
Al(FeB)2,0.95,30.65119957960396
TiAlZnFeNi,37.42,44.813554274513784
Mn2AlB2,0.02,19.770824543266208
Zr10Cr22.5Fe22.5Co22.5Ni22.5,28.0,74.03387989987766
Fe2Ni2B,10.505,154.58511923127867
Cr3Fe67Co10(SiB3)5,187.6,153.1058037994133
Fe77.5Si7.5B15,183.2952,159.9053969170221
Fe78Si13B9,165.521140815472,141.39410725314661
Zr7Fe93C11,183.56,125.63817928921733
Zr7Fe93C5.5,170.59,125.07629770757148
NbFeSiB,14.3,106.98329919769381
NdNi5,31.83098861836,9.610598447145739
Al54C97,78.34666666666666,66.16648815042734
AnnealedTi3AlC2,49.16,76.43761480788892
Cr3AsN,4.35,23.004757945969843
VAu4,6.7,32.124545950310235
Tb7Al7Au36,4.3,21.00579045510224
FeAu,1.653,95.63682367354194
Azurite,0.95,76.2980036969739
LMBSO,66.7,46.8073645380707
B,13.3,150.13193055624907
FeB2Rh,212.0,80.13455455332269
AB,147.48358059840132,25.082489318272675
Fe1B1C0.625,30.3,136.869332628448
FeSiBC2,233.3333333333333,110.88349766430535
MBCOF,0.89,39.087067158368995
BOF,56.8,61.905483128733536
BC(O50F)2,28.374,67.39001979574951
BC(O50F)2,14.061,67.39001979574951
GFe3BO4,36.1,37.98740343744152
ANi3BPH,1.75,61.096169900483986
B2PIN3O,3.0,28.22939570119905
LB,1.62,88.74700452728513
MBF,24.97,39.718795397095185
M5BF,16.42,38.35872091772238
M9BF,12.95,39.87176734944656
BCSOF,1.785,69.93739033260003
MBSOF,4.0,38.418893055630676
BH3S2OF,62.97,13.478879119990912
LBHS2OF,62.39,44.807140581607456
GBH,1.42,59.895393020778
GBH,0.32,59.895393020778
ZBCOF,50.48,44.82291142757255
ZBPOF,44.35,64.2924048479203
Ba1Ti0.5Mn0.5Fe11O19,62.0,51.8838198477947
BaTiMnFe10O19,67.6,48.43134934045473
Ba1Ti1.5Mn1.5Fe9O19,51.8,34.19235555845596
BaTi2Mn2Fe8O19,36.0,30.493156829372484
Ba1Mn0.4Zn0.4Fe16Co1.2O27,52.0,53.57978478544064
BaZnCoAs2,0.24,9.698529932594422
Ba1Zn0.2Fe11.6Sn0.2O19,56.42,55.233865198903715
Ba1Zn0.4Fe11.2Sn0.4O19,56.18,53.491473582875585
Ba1Zn0.6Fe10.8Sn0.6O19,55.91,49.46375546008708
BaFe12O19,57.01,59.34556642254649
BaFe12O19,65.89,59.34556642254649
Ba1Zr0.1Zn0.1Fe11.8O19,65.72,61.73374897252898
Ba1Zr0.2Zn0.2Fe11.6O19,67.2,61.10937026085256
Ba1Zr0.3Zn0.3Fe11.4O19,66.14,57.65539673242939
Ba1Zr0.4Zn0.4Fe11.2O19,63.91,56.26072298909342
Ba1Zr0.5Zn0.5Fe11O19,62.95,55.95981016925231
MypehexagonalferritesBa,74.0,71.31472977338903
Ba0.1La0.1Mn0.1Fe11.9O19,61.7,56.14579078092571
Ba0.25Sr0.75Fe12O19,51.01,59.72873331974985
Ba0.25Sr0.75Pr0.05Fe11.95O19,51.12,62.000596762281475
Ba0.25Sr0.75Pr0.1Fe11.9O19,66.2,60.47775460532489
Ba0.25Sr0.75Pr0.15Fe11.85O19,49.2,60.82462627499132
Ba0.25Sr0.75Pr0.2Fe11.8O19,48.99,59.42353748577497
Ba0.25Sr0.75Pr0.25Fe11.75O19,48.47,58.139273206137744
Ba0.2La0.2Mn0.2Fe11.8O19,61.91,54.35588785431503
Ba0.2Sr0.8Al1Fe15Co2O27,67.78,55.755283363671815
Ba0.34Ca0.66Al0.6Fe11.4O19,50.363,49.28706607683118
Ba0.3La0.3Mn0.3Fe11.7O19,63.3,53.487477125429656
Ba0.4La0.4Mn0.4Fe11.6O19,56.43,57.8118928241078
Ba0.4Fe11.6Co0.4Pb0.6O19,52.36,51.47844678343981
Ba0.4Fe11.7Co0.3Pb0.6O19,52.13,52.12189154212174
Ba0.4Fe11.8Co0.2Pb0.6O19,54.33,51.166036412523695
Ba0.4Fe11.9Co0.1Pb0.6O19,55.43,52.654048678404884
Ba0.4Fe12Pb0.6O19,49.8,49.59373760044113
Ba0.4Sr0.6Al1Fe15Co2O27,65.96,57.485626118773695
Ba0.5Ca0.5Fe16Co2O27,63.6,58.397717429051426
Ba0.5Ca0.5Dy0.05Fe11.95O19,90.0,61.9183194445389
Ba0.5Ca0.5Dy0.15Fe11.85O19,93.0,64.2270097784404
Ba0.5Ca0.5Dy0.1Fe11.9O19,91.0,64.10564325379164
Ba0.5Ca0.5Dy0.2Fe11.8O19,96.5,64.12914584881598
Ba0.5Ca0.5Fe12O19,88.5,56.17983364643062
Ba0.5Ca0.5Mg0.2Fe11.8O19,65.55,60.73729385677476
Ba0.5Ca0.5Mg0.1Fe11.9O19,67.32,62.21199151958086
Ba0.5Ca0.5Fe12O19,69.77,56.17983364643062
Ba0.5Na0.25La0.25Ti1Mn0.5Fe10Co0.5O19,44.768,51.374672820060844
Ba0.5La0.5Mn0.5Fe11.5O19,61.39,57.155503113082844
Ba0.5La0.5Fe12O19,11.3,62.01222683006687
Ba0.5Sr0.25Tb0.25Al1Fe11O19,23.9,48.23504965583055
Ba0.5Sr0.3Tb0.2Al1Fe11O19,31.6,43.49024556617415
Ba0.5Sr0.5Al1Fe11O19,46.9,45.536607204359804
Ba0.5Sr0.5Ce0.05Fe11.95O19,70.2,61.877725943890084
Ba0.5Sr0.5Fe12O19,71.0,61.02913202689798
Ba0.5Sr0.5Ce0.15Fe11.85O19,66.12,59.045902566281036
Ba0.5Sr0.5Ce0.1Fe11.9O19,69.2,60.02110948706841
Ba0.5Sr0.5Ce0.2Fe11.8O19,65.42,58.80579332555674
Ba0.5Sr0.5Ti0.2Fe11.6Co0.2O19,72.1,57.56895518763475
Ba0.5Sr0.5Ti0.4Fe11.2Co0.4O19,71.4,54.70345435388752
Ba0.5Sr0.5Ti0.6Fe10.8Co0.6O19,70.6,54.60703915630249
Ba0.5Sr0.5Ti0.8Fe10.4Co0.8O19,70.45,52.60813902888298
Ba0.5Sr0.5Fe12O19,64.65,61.02913202689798
Ba0.5Sr0.5Ti1Fe10Co1O19,69.6,52.31268435321578
Ba0.5Sr0.5Zr0.2Fe11.6Cu0.2O19,62.92,58.878154264711284
Ba0.5Sr0.5Zr0.4Fe11.2Cu0.4O19,64.91,54.672288988492355
Ba0.5Sr0.5Zr0.6Fe10.8Cu0.6O19,53.58,54.76726224741931
Ba0.5Sr0.5Zr0.8Fe10.4Cu0.8O19,49.78,51.80592475897636
Ba0.5Sr0.5Fe12O19,61.0,61.02913202689798
Ba0.5Sr0.5Mg0.2Zn0.2Fe11.2Co0.4O19,58.0,57.163662258967
Ba0.5Sr0.5Mg0.1Zn0.1Fe11.6Co0.2O19,45.0,60.014251385700675
Ba0.5Sr0.5Fe12O19,58.4,61.02913202689798
Ba0.5Sr1.5Zn2Ga0.8Fe11.2O22,42.33,45.20974697714732
Ba0.5Sr1.5Zn2Ga0.6Fe11.4O22,46.7,44.63064343413665
Ba0.5Sr1.5Zn2Ga0.4Fe11.6O22,54.66,44.4248299152608
Ba0.5Sr1.5Zn2Ga0.2Fe11.8O22,58.05,44.70084187194263
Ba0.5Sr1.5Zn2Ga1Fe11O22,40.42,42.29196858065653
Ba0.67Ca0.33Al0.6Fe11.4O19,48.631,51.76649867654259
Ba0.6Ca0.4Fe16Co2O27,62.4,58.60758454608906
Ba0.6Na0.2La0.2Ti1Mn0.5Fe10Co0.5O19,53.282,49.2506792896943
Ba0.6La0.6Mn0.6Fe11.4O19,61.58,54.011516325354975
Ba0.6Fe12Pb0.4O19,31.37,48.40769747736364
Ba0.6Sr0.3Er0.1Al0.5Fe10Co1.5O19,54.126,51.2528530359085
Ba0.6Sr0.3Er0.1Al0.5Fe11.5O19,37.76,53.74905138007518
Ba0.6Sr0.4Al1Fe15Co2O27,65.47,55.43633896251835
Ba0.6Sr0.4Cr1Fe11O19,64.0,47.20942017322187
Ba0.6Sr0.4Ti1Mn1Zn0.5Fe9.5O19,47.31,46.36846030777785
Ba0.6Sr0.4Ti1Mn1Zn0.3Fe9.7O19,47.22,47.60915136112379
Ba0.6Sr0.4Ti1Mn1Zn0.1Fe9.9O19,47.04,47.461782250783514
Ba0.7Ca0.3Fe16Co2O27,63.3,58.523425160762145
Ba0.7Na0.15La0.15Ti1Mn0.5Fe10Co0.5O19,56.988,49.419746866467875
Ba0.7La0.3Fe11.7Co0.3O19,49.34,61.191241324802604
Ba0.7Nd0.3Cd0.05In0.05Fe12O19,86.0,54.13649445570714
Ba0.7Nd0.3Cd0.15In0.15Fe12O19,43.0,57.246749033292616
Ba0.7Nd0.3Cd0.1In0.1Fe12O19,45.0,57.73046350147912
Ba0.7Nd0.3Fe12O19,40.0,58.94154589087868
Ba0.7Fe12Pb0.3O19,30.78,49.20137475825979
Ba0.7Sr0.3Fe12O19,0.412,61.02788012618919
Ba0.85Fe12Cu0.15O19,28.31,51.08063416301948
Ba0.85Gd0.15Fe12O19,55.5,58.74800139749404
Ba0.85La0.15Fe11.5Co0.5O19,60.89,56.48800516511507
Ba0.85La0.15Fe11.85Co0.15O19,62.14,60.88401220327674
Ba0.85La0.15Fe11.8Co0.2O19,61.75,59.62701862797498
Ba0.85La0.15Fe11.9Co0.1O19,61.42,57.78654606970083
Ba0.8Ca0.2Zr0.8Fe10.4Co0.8O19,54.15,51.797880241410105
Ba0.8Ca0.2Zr0.6Fe10.8Co0.6O19,53.23,53.57125357682489
Ba0.8Ca0.2Zr1Fe10Co1O19,41.85,53.38317013730257
Ba0.8Ca0.2Zr0.4Fe11.2Co0.4O19,51.21,54.78380796379959
Ba0.8Ca0.2Zr0.2Fe11.6Co0.2O19,49.08,56.071953698316975
Ba0.8Ca0.2Fe12O19,72.38,54.6905492346474
Ba0.8Ce0.2Zn0.2Fe11.8O19,59.04,58.956317301378526
Ba0.8Gd0.2Fe11.5Co0.5O19,40.0,56.74312135217551
Ba0.8Na0.1La0.1Ti1Mn0.5Fe10Co0.5O19,50.943,50.71011372043524
Ba0.8La0.2Fe10.8Cu0.2O19,3.83,55.10401234342887
Ba0.8Fe12Pb0.2O19,29.25,50.05776536148542
Ba0.8Sr0.2Al1Fe15Co2O27,66.66,57.13575332449442
Ba0.9La0.1Fe185O27,70.22,74.36176294565288
Ba0.92La0.08Fe185O27,72.92,71.95927322923806
K0.065Ba0.935Co2As2,0.028,5.207127299181408
Ba0.93Sm0.07Fe11.93Co0.07O19,58.34,59.085386761965424
K0.054Ba0.946Co2As2,0.007,4.310045667175065
Ba0.94Co2.4Ru3.6O11,1.5,8.775646078629048
Ba0.94Mn2.4Ru3.6O11,5.0,8.978540891249256
Ba0.95Fe12Cu0.05O19,59.97,59.682615488950546
Ba0.95La0.05Fe12O19,77.188,57.18150454734906
Ba0.95La0.05Fe185O27,73.83,72.4091845377175
Ba0.95La0.05Ti0.94V0.06O3,0.251,4.553078734266858
Ba0.95La0.05Ti0.97V0.03O3,0.261,4.7890479871156595
Ba0.95Sm0.05Fe11.95Co0.05O19,62.31,57.62889689234324
Ba0.95Fe2Sn0.05As2,0.99,8.80587083040614
Ba0.97La0.03Fe185O27,72.43,74.4134270680526
Ba0.97Sm0.03Fe11.97Co0.03O19,55.34,57.87169756707097
Ba0.992Dy0.0053Ti0.98Mn0.02O3,0.3703,7.369229363819891
Ba0.9Ca0.1Fe16Co2O27,62.2,57.98784638847342
Ba0.9Ca0.1Fe12O19,9.39,61.436548257293445
Ba0.9Ce0.1Zn0.1Fe11.9O19,65.78,59.61398012704185
Ba0.9Fe12Cu0.1O19,47.75,54.0013997127469
Ba0.9Na0.05La0.05Ti1Mn0.5Fe10Co0.5O19,53.766,50.88084077449164
Ba0.9La0.1Al1.3Fe10.7O19,49.09,43.607968507048035
Ba0.9La0.1Al1Fe11O19,42.18,43.69606114805093
Ba0.9La0.1Al0.7Fe11.3O19,22.17,48.57623384763046
Ba0.9La0.1Al0.5Fe11.5O19,34.76,52.79390750543404
Ba0.9La0.1Al0.3Fe11.7O19,49.73,54.88106632111237
Ba0.9La0.1Al0.1Fe11.9O19,54.08,58.311570843688884
Ba0.9La0.1Fe12O19,61.69,58.143272795204325
Ba0.9Fe12Pb0.1O19,29.1,53.079612343001926
Ba1.5Sr1.5Zn0.4Fe22Co1.6O41,57.01,49.59621743716248
Ba1.5Sr1.5Cr0.6Fe22.4Co2O41,63.86,54.2574195868304
Ba1.5Sr1.5Cr0.4Fe22.6Co2O41,60.5,53.991959728470924
Ba1.5Sr1.5Fe22Co2O41,44.87,51.75458323664552
Ba1.5Sr1.5Fe24Co2O41,44.99,53.639099298281636
Ba1.6Cr0.8Fe27.2Co2Cu0.4O46,6.81,47.52684570836974
Ba1.7Cr0.15Fe12Co2Ni0.15O22,35.47,52.794010171039574
Ba1.7Cr0.6Fe27.4Co2Cu0.3O46,8.26,44.391856230508886
Ba1.8Cr0.1Fe12Co2Ni0.1O22,49.23,47.109033486964194
Ba1.8Cr0.4Fe27.6Co2Cu0.2O46,9.73,50.20340845588343
Ba1.92Sm0.08Cd0.4Fe27.6Co2O46,54.59,53.39122686689251
Ba1.94Sm0.06Cd0.3Fe27.7Co2O46,50.43,55.19799698324685
Ba1.96Sm0.04Cd0.2Fe27.8Co2O46,58.62,54.39677665596451
Ba1.98Sm0.02Cd0.1Fe27.9Co2O46,64.38,54.960586902349604
Ba1.9Cr0.2Fe27.8Co2Cu0.1O46,13.73,52.20988154536643
Ba11Fe6O11,5.85,49.95880640571772
Ba2Zr1Mn1Fe26O44.5,50.0,52.76730519393948
Ba2.4Fe24Co2Pb0.6O41,0.0253333333333333,55.26690064200321
Ba2.5Nd0.5Fe24Co2O41,51.47,51.748865582907044
Ba2.5Sr0.5Fe24Co2O41,44.32,50.59369173182214
Ba2.6Nd0.4Fe24Co2O41,51.25,54.567449364849196
Ba2.7Nd0.3Fe24Co2O41,51.99,54.98910310933505
Ba2.8Nd0.2Fe24Co2O41,52.11,52.974422783666725
Ba2.9Nd0.1Fe24Co2O41,50.43,49.0070580382439
Ba2Zn1.5Fe12Co0.5O22,42.3,41.14563268191038
Ba2Mn0.9Fe12Co1.1O22,23.42,46.24718716962439
Ba2Mn0.7Fe12Co1.3O22,59.61,39.59811651857747
Ba2Mn0.5Fe12Co1.5O22,35.36,45.637684060539
Ba2Zn0.5Fe12Co1.5O22,48.4,45.51812477175082
Ba2Mn0.3Fe12Co1.7O22,50.17,43.44169340158624
Ba2Mn0.1Fe12Co1.9O22,35.05,45.3926739075266
BaFe6CoO11,34.0,44.087213415521894
BaFe14CoO23,67.01,54.17684556244665
Ba2Mn0.4Fe11.6Co2O22,27.58,44.46728008594009
Ba2Mn0.8Fe11.2Co2O22,26.92,43.40788206613824
BaFe6CoO11,29.92,44.087213415521894
Ba2Mn1.2Fe10.8Co2O22,26.65,39.696690117152066
Ba2Mn1.6Fe10.4Co2O22,25.19,37.594827709905225
Ba2CoTeO6,2.6,5.452611130475329
Ba2ZnFe12CoO22,48.5,44.22478183926444
Ba2Zn1.5Fe12Cu0.5O22,35.0,38.76812329371366
BaFe14CoO23,17.75,54.17684556244665
BaZnFe6O11,33.2,41.73305315660504
Ba2Zn0.5Fe12Cu1.5O22,32.7,38.909409384200345
Ba2ZnFe12CuO22,35.5,39.180426670553686
BaFe6CuO11,30.0,36.8304329912583
Ba2Fe1.2Mo0.8O6,3.2,7.142603602682307
Ba2Fe1.5Mo0.5O6,1.8,5.800269254973554
Ba2FeMoO6,3.5,4.9377577371569545
Ba2FeReO6,0.75,2.924624816084702
Ba2La2Co(TeO6)2,2.1,11.58483305403236
BaMgFe6O11,8.0,35.627252118154466
Ba2MgReO6,26.525823848633333,1.8201387296910814
Ba2MnReO6,4.0,5.3354692610326735
Ba2NaOsO6,0.2,7.738652046095701
Ba2Dy0.25Fe27.75Co1Ni1O46,18.34,47.42055644784315
Ba2Gd0.25Fe27.75Co1Ni1O46,21.1759,46.722445347943165
Ba2La0.25Fe27.75Co1Ni1O46,26.4,49.1233454483993
Ba2Nd0.25Fe27.75Co1Ni1O46,22.21,48.733465459204666
Ba2Tb0.25Fe27.75Co1Ni1O46,19.99,48.10648483087658
Ba2NiOsO6,2.3,1.4180359669771736
Ba2Pr1Ru0.9Ir0.1O6,0.1,5.066149717967342
Ba2SrFe24Co2O41,45.57,52.84890940554597
Ba2YIrO6,0.022,4.384073852424675
Ba2Zn0.5Fe13.5O22,39.0,46.20400030133925
Ba2ZnFe13O22,44.7,44.354117945582075
Ba2Zn1.5Fe12.5O22,42.0,40.01419000129649
BaZnFe6O11,35.4,41.73305315660504
BaZnFe6O11,11.0,41.73305315660504
Ba3Zn1.6Fe24Co0.4O41,58.8,50.09262710352781
Ba3Zn1.2Fe24Co0.8O41,56.1,53.93637214975505
Ba3Zn0.7Fe24Co0.9Cu0.4O41,60.04,52.73096231249574
Ba3Zn0.5Fe24Co1.1Cu0.4O41,68.67,52.63830090320735
Ba3Zn0.8Fe24Co1.2O41,49.33,53.951026779806895
Ba3Zn0.3Fe24Co1.3Cu0.4O41,62.95,55.00560035950877
Ba3Zn0.1Fe24Co1.5Cu0.4O41,61.16,52.37067721423428
Ba3Fe24Co1.6Cu0.4O41,54.46,47.890296591105
Ba3Fe24Co1.6Ni0.4O41,45.87,45.86974048460324
Ba3Zn0.4Fe24Co1.6O41,53.5,52.756694786170385
Ba3Fe24Co1.8Cu0.2O41,0.0093333333333333,52.88974548606082
Ba3Cr0.6Fe23.6Co1.8O41,37.772773160453866,51.89265301529067
Ba3Fe24Co2O41,0.0348,50.456358339927974
Ba3Dy0.2In0.1Fe23.7Co2O41,89.065,48.52682231348973
Ba3Nb2CoO9,2.1,3.1963499603976144
Ba3CoSb2O9,1.93,2.6766045963297964
Ba3Ta2CoO9,1.8,2.182100880182253
Ba3In4(CuO4)3,3.0,2.370943044126565
Ba3Sc4(CuO4)3,2.89,6.450800602242526
Ba3LaRu2O9,1.4,2.2057160267738665
Ba3MnNb2O9,4.9,3.9977437591716756
Ba3NdRu2O9,1.2,1.9965903551719213
Ba3Nb2NiO9,2.2,2.982815834776373
Ba3Ta2NiO9,1.6,3.8599804749473168
Ba3YRu2O9,0.5,2.006683074043661
Ba3Zn1.6Fe24Cu0.4O41,62.57,49.55044260934112
Ba3Zn2Fe24O41,50.4,49.30079176770197
Ba4Cr0.6Fe36Co1.1O60,50.5,52.930136536173364
Ba4Cr0.3Fe36Co1.55O60,53.7,53.791424976511465
Ba2Fe18CoO30,55.81,52.58678817651402
Ba4Fe36Cu0.5Ni1.5O60,50.8,52.51927327339608
Ba4Fe36Cu1.5Ni0.5O60,50.1,52.2936616197952
Ba4Fe36CuNiO60,50.6,53.90101468531904
Ba4Ti3Mn2Zn3(FeO2)30,57.58,47.888975604599175
Ba2TiMnZn(Fe8O15)2,70.63,48.66998298694311
Ba4TiMn2Zn(Fe17O30)2,71.38,52.03994019809055
Ba2Mn(Fe3O5)6,62.14,51.13744042754165
Ba2Fe18NiO30,51.7,53.546857588837995
Ba5Os3ClO15,2.68,4.970192802009404
Ba8Nb6CoO24,1.87,4.684888130635672
Ba3FeSe5,0.7,18.412050471770986
BaV2Cu(AgO4)2,1.08,12.151858426442773
BaAl2Fe10O19,1.8,35.762935739598355
BaAlFe11O19,20.82,44.42402259300173
BaFe12O19,51.9,59.34556642254649
Ba1La0.1Y0.1Fe11.7Bi0.1O19,66.16,60.83905586359576
Ba1La0.2Fe11.6Bi0.2O19,62.1,56.390847901843614
Ba1La0.2Y0.2Fe11.4Bi0.2O19,62.12,55.174480937935826
Ba1La0.33Y0.33Fe11.01Bi0.33O19,59.9,49.10116724412313
Ba1La0.4Fe11.2Bi0.4O19,53.1,51.623685302260846
BaFe12O19,62.44,59.34556642254649
Ba1Ti0.2Fe11.6Co0.2O19,39.53,59.154526161605716
Ba1Zr0.2Fe11.1Co0.2O18.25,55.79,55.553291206379896
Ba1Zr0.4Fe10.7Co0.4O18.25,57.76,54.05575413040803
Ba1Zr0.4Fe11.2Co0.4O19,63.64,54.47367550156502
Ba1Ti0.5Fe11Co0.5O19,42.07,52.71465332799886
Ba1Zr0.6Fe10.3Co0.6O18.25,54.96,52.89910941768939
Ba1Zr0.6Fe10.8Co0.6O19,61.3,52.63215372522241
Ba1Ti0.8Fe10.4Co0.8O19,47.01,52.50408656771363
Ba1Zr0.8Fe10.4Co0.8O19,58.94,52.02701228784653
BaFe12O19,51.3,58.6939856349659
BaZrFe10CoO19,56.94,50.72790107825891
Ba1Ti1.3Fe9.4Co1.3O19,67.0,50.06871778469715
Ba1Co1.68Ru4.32O11,5.4,10.813458201235527
BaCo233H2O,2.07,64.98945263324427
Ba1Zr0.4Mn0.4Fe15.2Co2O27,67.0,57.17316059401829
Ba1Zr1Ti0.5Fe8Co2Sn0.5O19,49.8,44.75748957418786
BaV2Co3(HO5)2,1.98,16.0877535027834
BaFe16CoNiO27,87.34,55.50074794934409
Ba1Pr0.05Fe15.95Co1Ni1O27,90.07,58.810177123116425
Ba1Pr0.1Fe15.9Co1Ni1O27,91.95,62.306126862675264
Ba1Pr0.15Fe15.85Co1Ni1O27,92.83,60.80401779330756
Ba1Pr0.2Fe15.8Co1Ni1O27,99.33,59.621042090104154
Ba1Cr0.3Fe11.7O19,46.59,54.582457724652315
Ba1Cr0.6Fe11.4O19,39.83,46.14359883274836
BaCrFe11O19,34.89,51.80850256880598
BaCrFe11O19,33.45,51.80850256880598
BaCrO3,0.028,3.089569090823302
BaCu2Si2O7,0.15,5.6862775817776114
Ba1Zr1Ti0.5Fe8Cu2Sn0.5O19,34.32,26.267958760745984
BaMgTiFe10O19,57.6,44.0094329450042
Ba1Ti0.9Fe10.2Ni0.9O19,58.9,49.22775889606058
Ba1Ti0.9Fe10.2Ni0.9O19,57.2,49.22775889606058
Ba1Sc1.8Fe10.2O19,10.0,39.429483916709444
Ba1Mn1.1Al1.5Fe10.3Sn1.1O19,37.46,45.44564303831229
Ba1Al0.4Fe10.4Co1.2O19,48.54,52.20651668706395
Ba1Zn0.8Fe10.4Sn0.8O19,50.3,42.76883050258333
Ba1Al1.5Fe10.5O19,31.25333333333333,38.275653613673356
Ba1Mn1.5Fe10.5O19,18.0,45.705904815661505
Ba1Ti0.7Fe10.6Ni0.7O19,59.3,51.8347211406294
Ba1Zn0.7Fe10.6Sn0.7O19,57.8,46.14325715441073
Ba1Al0.4Fe10.7Co0.9O19,49.55,52.18660860740651
Ba1Sm0.6Zr0.6Fe10.8O19,56.79,50.35517938800956
Ba1Mn0.9Al1.1Fe10.8Sn0.9O19,56.76,46.36144329884442
Ba1Al1.2Fe10.8O19,32.37,43.263137291959985
Ba1In1.2Fe10.8O19,38.83,49.00936621748995
Ba1Ti0.6Fe10.8Ni0.6O19,62.86,54.07768152812664
Ba1Fe10.8Sn1.2O19,49.8,46.578900855183676
Ba1Zn0.6Fe10.8Sn0.6O19,56.5,49.46375546008708
BaAl2Fe10O19,36.0,35.762935739598355
Ba1Ti1Mn0.5Fe10Co0.5O19,55.667,51.456425047861146
BaMn2Fe10O19,24.0,44.4133754946359
Ba1Mg0.5Ti0.5Fe11O19,60.8,50.86621439217198
Ba1Ti0.5Fe11Ni0.5O19,64.3,53.20296330161238
Ba1Fe11.1Sn0.9O19,54.66,50.365343174162334
Ba1Sm0.4Zr0.4Fe11.2O19,61.65,53.062616542070685
Ba1Fe11.25Co0.375Ru0.375O19,64.0,53.75246501967942
Ba1Zn0.375Fe11.25Ru0.375O19,67.0,55.394430307610406
Ba1Fe11.2Cu0.8O19,62.9,55.03485924295845
Ba1Al0.4Fe11.3Co0.3O19,43.64,53.07279166251064
Ba1Mn0.7Al0.7Fe11.3Sn0.7O19,62.39,51.74619119820376
Ba1Ti0.3Fe11.4Ni0.3O19,67.8,55.02333271465468
Ba1Al0.6Fe11.4O19,46.652,49.902915881893485
Ba1Fe11.4Co0.3Sn0.3O19,80.65,56.98550159097155
Ba1Fe11.4Cu0.6O19,62.7,56.01601159299461
Ba1Ti0.3Fe11.4Ni0.3O19,63.05,55.02333271465468
Ba1Fe11.4Sn0.6O19,54.95,52.470807699803686
Ba1Cr0.5Fe11.5O19,0.7866666666666667,55.003485679345246
Ba1Mn0.5Fe11.5O19,31.0,55.97720558987513
Ba1Sc0.5Fe11.5O19,1.1053333333333333,58.83926093585747
Ba1Sm0.2Zr0.2Fe11.6O19,66.29,60.02413175491099
Ba1Fe11.6Co0.4O19,55.6,59.29326938400503
Ba1Fe11.6Cu0.4O19,68.5,54.382346796892456
Ba1Al0.15Zn0.15Fe11.7O19,61.77,58.102646946750184
Ba1Fe11.7Sn0.3O19,61.81,58.73740006467226
Ba1Zn0.3Fe11.7O19,95.47,57.59009512600612
Ba1Ti0.1Fe11.8Ni0.1O19,74.3,59.722879836418734
Ba1Fe11.8Cu0.2O19,68.1,60.39440181011447
Ba1Ti0.05Fe11.9Ni0.05O19,75.8,60.98359160880818
Ba1Al0.1Fe11.9O19,49.12,57.75586276477108
Ba1Fe11.9Co0.1O19,65.9,58.66124796860194
Ba1In0.1Fe11.9O19,52.26,59.9769742692566
Ba1Nb0.1Fe11.9O19,63.47,60.232093020156825
Ba1Fe11.9Sn0.1O19,61.46,58.78860224287959
Ba1Al0.4Fe11Co0.6O19,47.09,52.99005314510738
Ba1Fe11Co0.5Ir0.5O19,58.9,51.66160184601013
BaMnFe11O19,28.0,50.89856399675322
Ba1Ti0.5Fe11Co0.5O19,57.4,52.71465332799886
Ba1Ti0.5Fe11Ni0.5O19,61.3,53.20296330161238
Ba1Ti0.5Zn0.5Fe11O19,63.6,52.48921223575542
BaFe12O19,37.1,59.01044220456271
BaFe14CoO23,62.6,54.17684556244665
BaFe14CuO23,69.0,55.2979641704861
Ba(FeAs)2,0.87,7.959595410721614
Ba(FeO2)2,26.65,37.46856021055706
BaFe2Se3,2.8,20.744319778592022
BaMg2Ti2Fe8O19,24.2,23.889049363634214
Ba1Mg1.5Ti1.5Fe9O19,43.1,33.1900358469254
Ba1Ti1.2Fe9.6Ni1.2O19,38.97,48.472286262622056
Ba1Zn1.1Fe9.8Sn1.1O19,36.98,41.83647991282282
BaAl3Fe9O19,23.6,25.01590347225131
BaFeO3,3.2,4.551724223044824
BaFe12O19,81.34,59.01044220456271
Ba1Gd0.1Fe11.9O19,77.58,61.055831572578086
Ba1Gd0.2Fe11.8O19,70.81,64.14566626440147
Ba1Gd0.3Fe11.7O19,81.34,58.67744215577551
BaIrO3,0.027,4.730201483856804
MBa,47.7,64.1693435716457
MBa,54.9,64.1693435716457
MBa,45.5,64.1693435716457
MBa,41.9,64.1693435716457
Ba1Mg0.25Ti1Mn0.25Fe10Co0.5O19,33.0,51.35465054864825
Ba1Mg0.9Zr1.8Zn0.9Fe8.4O19,37.3,31.941168963753242
Ba1Mg2Zr1Ti0.5Fe8Sn0.5O19,20.63,27.13958989046285
Ba(MnAs)2,3.88,4.3174335117707985
BaMn2Fe16O27,75.0,51.42715976281822
Ba(MnP)2,4.2,5.953762369148054
BaMnO3,2.49,5.316426744334452
BaN,1.0,5.286561255070817
BaNd2O4,1.325,8.318226646709574
BaNd2ZnS5,1.8,3.1565266710351514
BaFe12O19,85.3,59.34556642254649
Ba1Fe11.8Ni0.2O19,86.6,58.4004615766779
Ba1Fe11.5Ni0.5O19,78.8,56.78674342245471
Ba1Fe11.2Ni0.8O19,93.8,52.694367348178346
BaFe11NiO19,69.8,52.57830627124537
BaFe16Ni2O27,65.63,57.613445111432284
Ba1Gd0.2Fe15.8Ni2O27,58.36,57.06596943494583
BaRuO3,0.8,4.928771198801952
Ba1Sc0.5Fe11.22Cu0.56O19,3.47,55.06037735653899
Ba1Sc0.5Fe11.5O19,3.65,58.83926093585747
Ba1Fe0.02Cu0.06Sn0.92O3,1.85,1.8827191074222447
Ba1Fe0.02Cu0.04Sn0.94O3,0.073,1.3772687783320317
Ba1Zr0.04Co0.02Sn0.94O3,1.36,3.0319569640514716
Ba1Fe0.02Cu0.02Sn0.96O3,0.623,1.4447775224978878
Ba1Zr0.04Sn0.96O3,1.16,1.7867281014026393
BaSr2Fe24Co2O41,45.89,54.34280490555708
Ba1Sr1Al1Fe11Co1.5Cu0.5O22,22.082,44.52569159571583
Ba1Sr1Cr0.5Fe11.5Co2O22,62.82,52.04344122765597
BaSrCrFe11(CoO11)2,62.55,53.66085538923096
Ba1Sr1Cr1.5Fe10.5Co2O22,96.1,50.91522687615685
BaSrCr2Fe10(CoO11)2,88.77,50.38061376502167
BaSrFe12(CoO11)2,61.35,49.95580499869689
Ba1Sr1Pr0.5Al1.2Fe10.3O19,38.65,35.22046986734183
Ba1Sr1Pr0.5Al0.6Fe10.9O19,40.19,40.68613336191152
Ba1Sr1Pr0.5Fe11.5O19,41.89,40.0262222533516
Ba1Sr1Pr0.5Al1.8Fe9.7O19,36.98,36.31643774421251
Ba1Ti1.2Fe9Co1.2O19,55.0,46.402731870624706
BaTiFe2CoO7,26.89,19.50364344690947
BaVSe3,0.34,5.572962202622289
Ba1Y0.4Fe11.6O19,88.21,52.07409325915409
BaZn2Fe16CoO27,74.0,50.91201613618254
BaZn2Fe16O27,3.63,55.48516909052063
Ba1Zr1Ti0.5Zn2Fe8Sn0.5O19,12.28,29.112441690726968
BaFe12O19,65.2,58.6939856349659
GBiI,15.37,34.54065174589301
Ca0.875Mn1Bi0.125O3,1.2,7.025880624613011
Fe2Ni0.9Bi0.1O4,0.005925,43.82290000688891
Fe2Ni0.8Bi0.2O4,0.004838,33.760428155311644
Ca0.05Er0.2Fe1Bi0.75O3,2.75,36.02924627957684
La0.25Fe1Bi0.75O3,0.115,15.011658520054283
Sr0.25Fe1Bi0.75O3,1.859,3.524137861629665
Ba0.3Fe1Bi0.7O3,0.141,11.0922726259527
Eu0.2Fe1Bi0.8O3,1.181,4.98733876169485
Ho0.2Fe1Bi0.8O3,6.386666666666667,4.15093963518114
Ca0.1La0.1Mn0.06Fe0.94Bi0.8O3,183.0,4.421912784435428
La0.2Fe1Bi0.8O3,0.042,13.74437950509446
La0.16Fe0.9Co0.1Bi0.84O3,4.0,12.64607067921086
La0.16Fe0.98Co0.02Bi0.84O3,0.51,12.107170142293077
La0.15Ti0.025Fe0.975Bi0.85O3,0.254,5.245789251670702
Gd0.15Mn0.15Fe0.85Bi0.85O3,1.44,3.4806159110276877
Gd0.15Mn0.05Fe0.95Bi0.85O3,1.64,2.9281528289188268
Gd0.15Mn0.1Fe0.9Bi0.85O3,2.2,4.285995417029037
Gd0.15Fe1Bi0.85O3,0.88,2.6952940563521626
Ho0.15Fe1Bi0.85O3,5.96,2.4967762892370993
La0.15Mn0.05Fe0.95Bi0.85O3,5.133333333333333,2.4047397928167937
La0.15Fe1Bi0.85O3,0.19,1.4582531789933522
La0.85Fe0.15O2,28.2812,14.033925464645437
Sm0.15Cr0.05Fe0.95Bi0.85O3,0.289,5.609851871395273
Sm0.15Fe1Bi0.85O3,0.209,2.1233890102468878
Ba0.2Fe1Bi0.8O3,0.137,13.017913766346705
Ho0.1Fe1Bi0.9O3,4.453333333333333,3.0781896655529004
Cd0.06Fe0.94Ni0.06Bi0.94O3,2.42,4.550658075108671
Ce0.06Fe0.94Ni0.06Bi0.94O3,1.573,7.886261849485821
Ca0.05Ti0.05Fe0.95Bi0.95O3,5.23,2.866780742340462
Ca0.05Fe1Bi0.95O3,2.84,4.938934715175148
Ho0.05Fe1Bi0.95O3,3.893333333333333,2.368257449764134
Gd0.03Mn0.05Fe0.95Bi0.97O3,1.65,1.1991357336651405
Y0.03Mn0.05Fe0.95Bi0.97O3,0.94,1.462770941571728
Gd0.02Mn0.05Fe0.95Bi0.98O3,0.66,0.9272709256159279
Sr0.02Fe0.97Co0.07Bi0.98O3,2.3,3.571596491910386
Y0.02Mn0.05Fe0.95Bi0.98O3,0.24,0.8140353256617429
Gd0.01Mn0.05Fe0.95Bi0.99O3,0.16,1.1163892455692503
Y0.01Mn0.05Fe0.95Bi0.99O3,0.12,0.44334216522786835
Y0.01Fe0.98Ni0.02Bi0.99O3,0.027,3.569439942619846
Ba0.1Fe1Bi0.9O3,0.334,4.014739750063424
Ca0.1Ti0.1Fe0.9Bi0.9O3,10.43,11.271271351578552
Ca0.1Fe1Bi0.9O3,7.82,4.959221315151872
Ca0.1Mn1Bi0.9O3,0.1333333333333333,16.533468923227733
Gd0.1Mn0.05Fe0.9Co0.05Bi0.9O3,10.666666666666668,8.021433697106502
Gd0.1Mn0.05Cr0.05Fe0.9Bi0.9O3,10.666666666666668,5.3946566773772116
La0.1Fe1Bi0.9O3,0.2,2.977969082159469
Sm0.1Fe0.85Co0.15Bi0.9O3,3.2,3.2754635812975925
Sm0.1Fe0.95Co0.05Bi0.9O3,2.13,5.208474508656508
Sm0.1Fe0.9Co0.1Bi0.9O3,2.94,3.640525479288428
Y1.2Fe5Bi1.8O12,25.72,17.765521246022995
Mn0.1Bi1.9Te3,4.4,7.663292095015686
Cu5Bi2(B2O7)2,3.25,7.128317527261822
Fe4Bi2O9,0.7968,35.38633227140487
FeO3,4.86154,54.9390214948953
FeO3,3.12696,54.9390214948953
MnRe(BiO3)2,2.0,6.722475628126581
MnNi(BiO3)2,4.1,6.839083978419906
ReNi(BiO3)2,1.0,12.739060494619956
O2,2.0,40.8980283475977
YbBi2ClO4,1.45,10.489203117083042
FeBi3(MoO6)2,5.0,6.947867904125556
Ti3Fe1.2Co0.4Ni0.4Bi6O18,2.4872,11.50859348492333
Bi,18.037560217070663,27.676448814598835
CoBiPO5,3.2,10.999142353338861
Mn4.6Cu2.4Bi1O12,12.1,16.549418933681967
Cr4Cu3BiO12,5.65,14.542982442506462
Mn4Cu3BiO12,10.5,9.1224961616476
Mn0.4Al0.4Fe0.2Bi1O3,0.056,2.9324497890567596
Mn0.3Al0.3Fe0.4Bi1O3,0.055,8.922225378989525
Mn0.2Al0.2Fe0.6Bi1O3,0.0075,10.335177831619946
Mn0.1Al0.1Fe0.8Bi1O3,0.0314,8.915056013130247
Fe0.8Bi1O3,0.216,16.31769248280723
Fe0.93Co0.07Bi1O3,3.05,3.9112747626056983
Mn0.07Fe0.93Bi1O3,0.956,1.5804402900430565
Ti0.02Fe0.96Co0.02Bi1O3,0.83,2.3098195113651876
Ti0.02Fe0.96Ni0.02Bi1O3,0.249,1.6633954922796956
Cr0.1Fe0.9Bi1O3,13.0,2.5838544814542694
FeBiO3,0.493,8.860008051769293
Fe1.2Bi1O3,0.567,14.451058886604812
BaMgTiFe3BiO10,5.14,12.97924491308704
MnBiO3,0.48,6.247074026688819
Y2Fe5BiO12,23.54,16.126377650578483
GYBiI,15.333333333333334,28.09208762397464
YbGeBiO5,1.7,7.782017555680144
Mn0.5Bi0.5C1,65.9,36.43238243771821
C,119.0,50.628903185921054
C,124.0,50.628903185921054
CrC2,4.0,15.799517575720767
CrC3,4.0,13.925701596817202
CrC4,4.0,8.092627287056363
CrC5,4.0,10.305498185564591
CoC20,5.226666666666667,63.97925353107034
FeC60,1.2533333333333334,52.20194902537443
C,34.68,50.628903185921054
CrC6,4.0,16.189553814985555
C,43.59,50.628903185921054
CrC7,4.0,18.916959554290674
C,49.18,50.628903185921054
C,48.72,50.628903185921054
C,68.51,50.628903185921054
C,0.00017,50.628903185921054
A0.7Fe1C1F1,28.0,30.624214486105803
A1.3Fe1C1F1,25.0,32.37205919135548
A2FeCF,21.0,35.151302404500335
A2.2Fe1C1F1,30.0,31.347087215164663
A2.7Fe1C1F1,36.0,30.559983768155917
C2O10F,28.55,56.488285978912536
C2O5F,27.38,58.54563123266512
ZC2,13.0,48.87049070229196
CrC,2.0,21.31389065226719
CF,69.5,60.36463226799016
CF3,74.0,48.13155857024516
CF5,67.5,45.53544983282634
P2CNF,63.3,51.776001863925515
P3CNF,55.8,47.40974943285738
P4CNF,36.2,63.5611116147453
COF,71.1,45.972967650306074
Ag35COF,37.0,22.454092520090015
Ag60COF,20.0,24.584131326704636
Ag75COF,10.0,26.849515470683084
CO80F,49.333333333333336,64.64678245327256
CF,35.2,60.36463226799016
Fe20900C,7.21,14.081456122259523
Fe20980C,5.9,14.002745773430908
Fe50900C,19.68,10.630540997200761
Fe50980C,15.5,11.352386574973842
CIO2,0.72,17.830702455088407
CIO2,0.31,17.830702455088407
HCIO,0.81,24.89816864489791
WCIO,0.95,35.67301652998111
WCIO,0.35,35.67301652998111
AFe3P2CI2NO4,137.9,48.24765972484526
ALFe3PCO4,31.56,44.529956970615586
MC2,50.05,51.134393283190846
M(CF)2,42.79,30.384084386384718
MC2F5,34.87,33.787840184080984
CN,35.95,83.18087574696925
ACN,66.7,52.87501199838576
A2CN,36.9,52.52491786063413
A3CN,42.5,42.496275773683585
PrCN,13.76,17.656164558777192
PrYCN,36.43,35.51632421109805
PrDyYCN,41.66,56.51541245612879
ZCN2F,82.69,52.858904549133484
ZCN2O25F,79.5,71.70046123008576
ZCN2O50F,76.02,75.38566104951055
ZCN2O75F,73.21,74.51522292986624
ZCN2O100F,66.8,73.89442739392473
Z4BHCSF,75.6,67.28839184059356
Z6BHCSF,70.8,67.26262788962063
Z8BHCSF,70.3,66.96837765857944
Z11BHCSF,68.3,63.826974909133966
NdFeBHCS,160.0,67.32413741162783
H80C,61.51,68.04170604047725
MHC2,35.84,48.55568476493609
MHC3,33.49,48.041120108986384
MHC4,30.81,52.5327625637627
ZC,75.22,29.834946109050193
Z2C,81.07,48.87049070229196
Z3C,82.89,44.18855688813923
Ca1Mn5.25Cu1.75O12,15.7,14.394320116826012
CaMn5(CuO6)2,17.1,13.388839972560653
Ca0.1Zn0.5Fe2Ni0.4O4,65.27,46.16662770435177
Ca0.2Zn0.4Fe2Ni0.4O4,53.15,48.34160402535936
Ca0.3Zn0.3Fe2Ni0.4O4,53.64,45.01692325092149
Ca0.4Zn0.2Fe2Ni0.4O4,55.0,44.7666164887739
Ba0.44Ca0.5Pr0.06Fe11.4Ni0.6O19,35.8,51.24121732477893
Ba0.48Ca0.5Pr0.02Fe11.8Ni0.2O19,37.08,58.063705333137705
Ba0.4Ca0.5Pr0.1Fe11Ni1O19,37.8,50.70275928852299
Ca0.5Fe1Bi0.5O3,4.29,5.550660645715717
Ca0.5Fe1Bi0.5O3,3.02,5.550660645715717
Ca0.5Cr0.1Fe1.9Co0.5O4,37.0,43.02095358820972
Ca0.5Cr0.2Fe1.8Co0.5O4,39.4,40.69845033106867
Ca0.5Cr0.3Fe1.7Co0.5O4,23.1,43.71201076275138
Ca0.5Cr0.4Fe1.6Co0.5O4,61.9,36.5483981388759
Ca0.5Cr0.5Fe1.5Co0.5O4,41.7,35.086874853881454
Ca0.5Fe2Co0.5O4,27.4,45.72495010705451
Ca0.5Dy0.2Fe11.8Cu0.5O19,33.329,46.85370620009057
Ca0.5Dy0.15Fe11.85Cu0.5O19,33.355,42.80333095378751
Ca0.5Dy0.1Fe11.9Cu0.5O19,30.44,44.02840412560889
Ca0.5Dy0.05Fe11.95Cu0.5O19,27.245,41.47919784667882
Ca0.5Fe12Cu0.5O19,25.124,47.41025857244941
Ca0.5Zn0.1Fe2Ni0.4O4,55.41,39.67469949539797
Ca0.6Fe2Ni0.4O4,25.62,38.39086658502782
Ca0.7La0.3Zn0.25Fe11.75O19,64.3,55.4797414467254
Ca0.8Dy0.2Fe11.8Cu0.2O19,35.735,45.57733339381632
Ca0.85Dy0.15Fe11.85Cu0.15O19,35.738,42.09170710533975
Ca0.9Dy0.1Fe11.9Cu0.1O19,31.607,44.855343032479716
Ca0.95Dy0.05Fe11.95Cu0.05O19,28.975,43.2903475991576
Ca1.5La0.5Mn1Ru1O6,2.8,7.173962902681679
Ca2CoH2(SeO3)4,2.76,26.967802775967826
Ca2CoIrO6,0.12,4.335316842658142
Ca2CoOsO6,1.77,2.87640491002152
Ca2CoSi2O7,2.7,8.516516897984479
Ca2FeReO6,3.13,5.705148684937459
Ca2MnOsO6,1.4,3.332458204289427
Ca2MnReO6,0.9,3.601826137877614
Ca3Cr0.34Ru1.66O7,3.0,4.693131163179578
Ca3Mn0.96Co1.04O6,3.0,10.34440142021953
Ca3Fe0.2Co1.8O6,5.3,10.982023857935776
Ca3Mn(CoO3)2,7.7,12.092617140280314
Ca3(CoO3)2,4.8,4.811001708957426
Ca3FeRhO6,4.58,9.067773744864983
Ca3Ru2O7,1.8,3.0969517497549743
CaAlFe11O19,67.9,43.84229776032825
CaAs,1.0,11.246082470971581
Ba1Li0.1Ca1Fe3.9O7,2.11,13.579560701792776
BaCaFe4O7,5.5,11.549248895698668
Ba1Ca1Fe4O7.14,2.5,13.66863476303238
Ca1Co1.86As2,0.3,6.5306614105369425
Ca(CoAs)2,0.37,7.28168827420921
Ca(CoP)2,0.4,8.073789803580546
CaCo2TeO6,2.0,6.581353963129233
CaCoO3,1.0,2.3647839949081533
CaCrFe11O19,14.8,50.09721393902328
CaCrO3,1.2,7.218065117777677
CaFe2Cu3(SbO6)2,5.7,29.652220102628803
CaFe4(CuO4)3,9.7,19.64679182599793
CaCu3(GeO3)4,0.94,6.951303419714087
CaMn4(CuO4)3,10.0,9.586113660987454
CaCu3(SnO3)4,0.98,7.382469230420589
Ca1Al0.6Fe11.4O19,47.085,53.370030891151046
CaFe12O19,27.334,49.38566866193882
Ca(FeAs)2,0.8,10.327545700923254
Ca(FeO2)2,1.16,38.555037008710855
CaTi2FeO6,2.6,7.031359027331978
Ca1Mn0.5Ru0.5O3,0.15,5.95795534532589
CaMnCrSbO6,1.77,7.283230220916067
CaMnFeSbO6,0.94,8.29475847142969
CaN,1.0,6.5887181915718624
Gl4O7,3.43,53.11349146930472
Ca1Cr0.15Ru0.85O3,0.4,2.2753476509855823
Ca1Fe0.15Ru0.85O3,0.2,2.6361792624375995
CaRuO3,1.0,4.047515136567535
CaSb,1.0,18.10803566308739
Mg0.25Zn1Fe1.75O4,1.98,24.817851551860898
Fe2Co0.5Ni0.5O4,44.394,51.9457706788991
Zr0.05Cd0.15Fe1.95Co0.85O4,66.55,59.732259713636935
Zr0.05Cd0.1Fe1.95Co0.9O4,67.71,60.8427350433268
Cd0.1Fe2Co0.5Ni0.4O4,44.671,55.93821213740557
Zn0.4Cd0.1Fe2Ni0.5O4,82.0,59.17362211632266
Gd0.3Cd0.2Fe1.7Cu0.8O4,31.31,31.041984132422122
Gd0.1Cd0.2Fe1.9Cu0.8O4,39.88,34.59688464153179
Cd0.2Fe2Cu0.8O4,44.32,31.570236964619056
Zr0.05Cd0.25Fe1.95Co0.75O4,59.02,56.68672239691682
Mg0.25Zn0.75Cd0.25Fe1.75O4,4.69,18.661772125370067
Zr0.05Cd0.2Fe1.95Co0.8O4,62.72,61.37515107527137
Cd0.2Fe2Co0.5Ni0.3O4,51.311,58.81204373949297
Zn0.3Cd0.2Fe2Co0.5O4,106.41,62.83917409533685
Zn0.3Cd0.2Fe2Ni0.5O4,76.0,59.712347779129885
Zr0.05Cd0.3Fe1.95Co0.7O4,57.33,59.65715790903578
Cd0.3Fe2Co0.5Ni0.2O4,46.076,56.61399289429867
Zn0.2Cd0.3Fe2Co0.5O4,79.69,65.93760672154058
Zn0.2Cd0.3Fe2Ni0.5O4,74.0,60.70891538686028
Gd0.3Cd0.4Fe1.7Cu0.6O4,24.9,34.744724102929
Gd0.1Cd0.4Fe1.9Cu0.6O4,41.15,37.17266419413553
Cd0.4Fe2Cu0.6O4,44.98,70.40164867486313
Mn0.6Zn1Cd0.4O2,3.063,21.07424556773447
Zn1Cd0.4Ni0.6O2,1.877,13.466730474995899
Ce0.03Dy0.03Cd0.4Fe1.94Co0.6O4,11.305,43.657360996750526
Ce0.05Dy0.05Cd0.4Fe1.9Co0.6O4,11.329,35.38414641335237
Ce0.07Dy0.07Cd0.4Fe1.86Co0.6O4,12.243,25.44304431535841
Ce0.09Dy0.09Cd0.4Fe1.82Co0.6O4,6.561,27.36293860656155
Ce0.11Dy0.11Cd0.4Fe1.78Co0.6O4,7.882,26.43677082959894
Sm0.1Cd0.4Fe1.9Co0.6O4,62.6116,44.251745028865884
Cd0.4Fe2Co0.6O4,10.576,58.04336157948367
Cd0.4Fe2Co0.5Ni0.1O4,47.221,56.12863721384902
Zn0.1Cd0.4Fe2Co0.5O4,89.79,61.19552813395587
Zn0.1Cd0.4Fe2Ni0.5O4,71.0,60.49032749137352
Sm0.1Zn0.2Cd0.4Fe1.9Co0.4O4,56.7902,40.23660744047984
Sm0.1Zn0.4Cd0.4Fe1.9Co0.2O4,50.5307,40.39037441189001
Sm0.1Zn0.6Cd0.4Fe1.9O4,43.8922,28.0098205762815
Mg0.25Zn0.5Cd0.5Fe1.75O4,9.13,22.65905362448435
Cd0.5Fe2Co0.5O4,58.92,59.300110743347666
Cd0.5Fe2Co0.5O4,33.785,59.300110743347666
Cd0.5Fe2Ni0.5O4,74.0,48.83596711739044
Mg0.25Zn0.25Cd0.75Fe1.75O4,5.82,22.381240628606662
Mn0.17Zn0.002Cd0.828Sn1As2,6.2,3.4226419262532497
Mn0.076Zn0.011Cd0.913Sn1As2,1.4,6.277682553691833
Mg0.25Cd1Fe1.75O4,2.86,23.137449759392457
Cr2CdS4,3.0,10.16466159303631
Cd(FeO2)2,5.4273,41.29298581318938
Mg0.3Cd1Fe1.8O4,23.6159,24.870787384333067
Mg0.6Cd1Fe1.4O4,39.7011,34.125454927383274
Mg1.05Cd1Fe1.3O4,45.0,29.434873265394522
CdS,0.004,7.78815051708708
CdFe3SO4,9.7,51.35203674239595
Ce1Fe1.86Co0.14,1.2,55.017663849744906
CeP,1.93,13.863725644257423
CaCeGa,8.94,21.700059363361827
CeGa,8.77,27.328181780077085
La0.03Ce0.15Y2.67Fe5Bi0.15O12,38.82,33.19775325165534
La0.05Ce0.15Y2.65Fe5Bi0.15O12,38.32,34.18902841599228
La0.07Ce0.15Y2.63Fe5Bi0.15O12,42.19,32.52072525128917
La0.1Ce0.15Y2.6Fe5Bi0.15O12,31.03,30.876899384845657
La0.2Ce0.15Y2.5Fe5Bi0.15O12,28.06,29.300373550881368
Ce0.15Y2.7Fe5Bi0.15O12,32.83,29.218324000493904
Ce0.25Pr0.25Y2.35Fe5Bi0.15O12,29.31,30.056425909525277
Ce0.25Pr0.25Y2.25Fe5Bi0.25O12,37.79,33.13848717565868
Ce0.25Pr0.25Y2.3Fe5Bi0.2O12,35.26,33.14088769477812
Ce0.25Pr0.5Y2.1Fe5Bi0.15O12,33.16,28.156646030739022
Ce0.8Zr0.2Ti0.5Fe9.2Co2.3,13.6,122.68155162115741
Ce0.95Fe0.05O2,0.437,21.001296849415098
Ce0.96Co0.04O2,0.0986,21.662366914319286
Ce0.97Fe0.03O2,55.0,8.197002964300859
Ce0.98Gd0.02O2,5.9,13.618665346518625
Ce0.99Fe0.01O2,20.2,20.736307479128076
Ce0.9Gd0.1O2,0.1357,14.851437466370282
Magnet1Ce13.5H2,115.65259198004134,61.517975120648195
Ce13Fe79B8,124.140855611604,93.56367126423692
MagnetCe17H2,77.45540563800932,68.98645550489465
Ce17Ga2(Fe38B3)2,128.38498742738534,71.89301936614403
Ce17HfFe77B6,71.08920791433734,87.14487858142395
Ce29.8Fe68.7Ge0.5B1,107.5887415300568,61.94432222397401
Ce2CdAu2,162.338041953636,33.6029163172078
Ce2Bi,0.935,31.90812435501892
Ce2Co17,26.1,84.72560924446152
Ce2Fe12.98Co1.02Ni0.17B1,129.02666666666667,115.78710218420962
Ce2Fe12.98Co1.02Cu0.136B1,134.68,124.40934231358057
Ce2Fe14B,11.7,125.27097901393458
Ce2Fe14Si3,25.6,66.86569053786187
Ce2Fe17,1.8,42.71755892182885
Ce2Fe17.31,29.6,48.34805563248756
Ce2Fe17N3,150.1,140.11857741859546
Ce2Ge3Pd,0.4,16.57290524953313
Ce2Sb,1.05,15.953615781593847
Ce2Te5,0.5,13.409449905905166
Ce35Fe63.5Ge0.5B1,84.77653302023214,70.99067148254814
Ce3Co4Sn13,0.96,11.957551500826774
Ce3Fe5O12,1.21,11.684584398818174
Ce3In,0.095,29.762256952361884
Ce3Ge13Os4,0.92,3.1361986087824385
Ce3Si11Pt23,1.05,13.592586996702906
Ce3Sn13Rh4,0.98,9.083632179610873
Ce5CoGe2,1.07,72.2691064627521
Ce7Co6Ge19,0.785,21.785900671178133
Ce,8.0,49.02454121042918
Ce,28.6,49.02454121042918
Ce(AgGe)2,1.6,5.0316847842595145
CeAgAs2,1.2,3.6611847306972454
CeAgBi2,1.9,8.830516728812366
CeAgSb2,0.47,3.9096120834701917
CeAlGe,0.8,3.474463186499693
CeBiAu2,1.3,13.550419094730215
Ce(GeAu)2,1.7,9.917751228603114
Ce(SiAu)2,1.34,14.111738882480282
Ce1Cd0.7Sb2,1.44,9.124849028961034
CeCl3,2.17,11.620129701847137
CeTiCo11,10.9,56.54150429353697
Ce(Co2B)6,5.4,14.211273921297522
Ce1Co4.5Cu0.5,5.84,28.811074828820665
Ce1Co4.75Cu0.25,6.15,29.443030852086704
CeCo5,6.3,15.733713682538767
CeCoAsO,0.24,10.835512410190203
CeTiFe10Co,20.41,84.78824006356348
CeCrSb3,3.28,7.997635932943261
CeCuBi2,1.7,11.73827124053491
CeGa3Cu,0.9,4.942446190650589
CeCuSi,1.25,8.315884804459271
Ce(Fe5W)2,18.26,86.64060808621922
CeAlFe11,179.31456921676133,131.20477979930345
CeFe11Si,181.436635124652,146.9387979192797
CeTiFe11,169.76527263125334,73.31003269780268
CeTiFe11B,167.64320672336268,126.13762265535921
CeTiFe11C,169.76527263125334,129.8741681484644
CeTiFe11N,179.31456921676133,176.70674599896103
CeFe11W,22.09,79.04975458399257
CeFe12N,226.6578596218021,186.57774603477856
CeFe2,2.3,40.35386668280345
Ce1Ti0.5Fe6Co4Cu1.5N1,153.84977832207332,127.38181681425283
CeFe7Co2Ni4N,157.0328771839093,130.33566210888387
CeFeO3,30.933333333333334,4.8027836960049815
CeGaGe,1.55,2.29642895793412
CeGaSi,0.9,6.357439345039416
CeMg3,0.5,26.52812432382989
Ce(MnGe)2,3.85,2.2179349739184278
CeMnNi4,4.95,4.903635375260988
CeMnSbO,3.92,3.782464746944007
CeNiC2,0.27,13.690207625142008
CeTiFe10Ni,19.71,75.69482624164856
CeNiGe3,1.65,15.704355935657023
CeNiSb3,164.46010786152667,2.312740469957581
CeO2,0.5,14.798854810949575
CeFeO2,45.1,20.526375953787237
Ce(Al5Os)2,0.95,15.055169027688292
CeAl3Pd2,0.38,5.471100676999601
Ce(Al4Pd)2,1.43,4.640091137714765
Ce(PPd)2,1.93,6.770936766437988
Ce(SiPd)2,0.89,2.2333280008133807
CeAlPd,1.6,2.4811725133416265
CeGa6Pd,1.1,3.8468799249656036
Ce(SiRh)2,1.63,3.958735582683472
CeB2Rh3,0.45,4.392165687050539
CeSi2Rh3,1.16,2.754191064555266
Ce(Al5Ru)2,1.3,4.930626860505544
CeAl2BRu2,1.24,7.817068253060668
CeGa2BRu2,1.25,24.083221526984566
Ce(GeRu)2,1.15,6.424888419001705
CePRuO,1.2,5.434127950739241
CeSnRu,0.49,7.8347252238826774
CeSb,2.2,17.52888594476296
CeSi,1.7,14.56901132619774
CeSiI,1.1,5.843883559621876
CeTa7O19,0.8,13.264868007704033
CeTiGe,2.14,15.814481172302482
CrO2,65.33333333333333,64.24426382826717
CoO2,79.2,32.21451888509963
Co2H2O,3.8,76.97971213003875
GCoCS,2.0,47.81262794419016
Co2O,186.66666666666663,52.827292125238735
CoCu,115.6,96.80280895011627
CoCu,100.13333333333333,96.80280895011627
CoCu,84.26666666666667,96.80280895011627
CoCu,66.8,96.80280895011627
ErCoB,103.0,72.51450671599112
FeCo,207.9624589732853,207.84673253418592
FeCo,32.0,208.1131368239968
FeCoB,83.5,136.58084320611118
TaNbFeCoB,115.56,68.97257589024042
FeCoNi,222.81692032852,121.35761736500413
FeCoW,8.0,121.71998431359967
HfTaCo,13.6,35.90508400036156
CoIr,218.57278851273867,118.37814532531253
GMCo,114.591559026096,99.56071846914602
GgMCoPS35,103.98122948664266,67.50648796072682
MCoOF,2.05,71.86957207197389
NdFeCoB,1.8836,88.91904630792706
CoNi,80.0,139.79662617837403
CoNiO,61.333333333333336,66.35144078596599
CoO,58.66666666666666,24.292524009970847
CoPt,102.66666666666669,74.91513637484015
CoSiO,118.93333333333334,76.16918705205545
CoSiO2,11.3,78.78800714627657
MSrCo,18.86,49.354230015549355
CoW,120.0,125.83313960492136
Sr0.37Ti0.63Co0.98O0.02,0.6,63.648459756301705
Ti2O3,1.061,16.541411921619595
Co0.02Cu0.98S1,0.092,1.7227039692350126
Co0.04Cu0.96S1,0.096,3.751204260658753
Y0.95Ti0.05Fe0.95Co0.05O3,2.5,10.56094241944113
Mg(FeO2)2,24.2,41.2410527946083
Mn0.5Fe2Ni0.5O4,36.3,39.93826266369409
Zn0.5Fe2Ni0.5O4,38.79,50.84169753097265
Co0.18Ni0.82,89.86666666666667,58.98310815112437
Mg0.9Fe2Co0.1O4,25.4,53.37286295160658
Mn0.4Zn0.5Fe2Co0.1O4,2.92e-05,43.06234824120578
Mn0.5Fe2Co0.1Ni0.4O4,47.0,41.610734355988704
Zn0.5Fe2Co0.1Ni0.4O4,44.47,57.1036604151639
Zn0.9Fe2Co0.1O4,43.2,40.21594774371552
Ce0.09Fe1.91Co0.25Cu0.75O4,50.46,47.998121328231214
Mg0.75Fe2Co0.25O4,51.1,39.46459328370116
Fe2Co0.25Ni0.75O4,8.0,48.987440799946356
Co0.25Pd0.75,53.05164769726667,27.771522308116324
Al2Zn0.75Co0.25O4,18.82,24.712056185044354
Zn0.75Fe2Co0.25O4,18.45,43.28136128818629
Y0.02Zn0.75Fe1.98Co0.25O4,10.63,36.57012769633964
Y0.04Zn0.75Fe1.96Co0.25O4,10.46,34.09383178764691
Y0.06Zn0.75Fe1.94Co0.25O4,9.65,34.32922131429894
Y0.08Zn0.75Fe1.92Co0.25O4,11.23,33.236069589016616
Mg0.8Fe2Co0.2O4,37.9,48.44556658281441
Mn0.3Zn0.5Fe2Co0.2O4,3.013333333333333e-05,36.11885053159511
Mn0.8Fe2Co0.2O4,22.2,43.27983709714458
Mn0.5Fe2Co0.2Ni0.3O4,47.1,47.05194133317598
Zn0.5Fe2Co0.2Ni0.3O4,47.62,57.394195017776845
Zn0.3Fe2Co0.2Ni0.5O4,43.95,57.48393681392147
Eu0.02Zn0.3Fe1.98Co0.2Ni0.5O4,43.18,54.83366387130968
Eu0.04Zn0.3Fe1.96Co0.2Ni0.5O4,42.48,50.02023731124207
Eu0.08Zn0.3Fe1.92Co0.2Ni0.5O4,31.39,49.65823874158955
Zn0.1Fe2Co0.2Si1Ni0.7O6,3.5,23.13478266163343
Fe2Co0.2Ni0.8O4,56.6,44.9044240037402
Eu0.06Zn0.3Fe1.94Co0.2Ni0.5O4,40.1,51.44072707193474
Eu0.1Zn0.3Fe1.9Co0.2Ni0.5O4,37.5,48.16793522482486
Zn0.3Fe2Co0.2Ni0.5O4,43.94,57.48393681392147
Al0.8Zn0.8Fe1.2Co0.2O4,53.157,24.11220105466943
Zn0.8Fe2Co0.2O4,57.1,40.44923274350808
Tb0.08Co0.32Ni0.6,29.466666666666665,52.714798851692336
Sm0.1Fe2.57Co0.33O4,92.3,63.681997915675325
Co0.35Si0.65O1.3,189.6,58.295867516780916
Fe0.65Co0.35,189.0,148.2614569395806
Fe0.65Co0.35N1,200.0,207.41130802177457
Fe2.7Co0.3O4,64.66666666666667,58.243166401660304
Mn0.2Zn0.5Fe2Co0.3O4,3.706666666666667e-05,43.15010815891418
Mn0.7Fe2Co0.3O4,15.65,44.9043975522737
Mn0.5Fe2Co0.3Ni0.2O4,54.6,46.13798816449886
Zn0.5Fe2Co0.3Ni0.2O4,49.97,58.45716039705604
Zn0.7Fe2Co0.3O4,62.2,47.18802386965811
Tb0.14Co0.41Ni0.45,11.6,54.38653489865154
Zn0.56Fe2Co0.44O4,22.3,57.30120272695295
Mg0.6Fe2Co0.4O4,37.13,44.76473951154183
Mn0.1Zn0.5Fe2Co0.4O4,3.84e-05,50.63319202131364
Mn0.6Fe2Co0.4O4,38.5,44.546861226693906
Mn0.5Fe2Co0.4Ni0.1O4,46.4,49.48571483236712
Zn0.5Fe2Co0.4Ni0.1O4,57.83,57.93924762945379
Zn0.1Fe2Co0.4Si1Ni0.5O6,4.5,26.640608180752167
Fe2Co0.4Ni0.6O4,62.1,50.68291323114629
Al0.6Zn0.6Fe1.4Co0.4O4,88.614,31.315789781822737
Zn0.6Fe2Co0.4O4,68.4,50.318598995485665
Sr0.5Fe2Co0.5Ni0.5O4,27.0,38.556807839300724
Zn0.48Fe2Co0.52O4,52.0,59.205119983341845
Cr0.15Co0.55C0.3,17.333333333333332,93.64797677254501
Zn0.4Fe2Co0.56O4,24.4,58.13190531724193
Co0.57Ni0.43,138.0,119.60396990020399
Zn0.4Fe2Co0.5Cu0.1O4,69.51,60.28733851458994
Y0.06Zn0.25Fe1.94Co0.5Cu0.25O4,63.45,53.833268414222374
Y0.1Zn0.25Fe1.9Co0.5Cu0.25O4,64.64,54.39334380243365
Zn0.3Fe2Co0.5Cu0.2O4,71.2,58.964387046607854
Zn0.2Fe2Co0.5Cu0.3O4,76.93,60.56783081618663
Zn0.1Fe2Co0.5Cu0.4O4,86.35,60.87030478831132
Ce0.06Fe1.94Co0.5Cu0.5O4,58.35,53.320678441842595
Fe2Co0.5Cu0.5O4,60.97,57.29059315308261
La0.09Fe1.91Co0.5Cu0.5O4,50.57,54.009534579555
La0.15Fe1.85Co0.5Cu0.5O4,42.75,49.10778956398639
Fe2.5Co0.5O4,78.48,73.54195256932833
La0.04Fe2.46Co0.5O4,67.13,65.30720699181906
La0.08Fe2.42Co0.5O4,68.43,65.05075761474532
La0.12Fe2.38Co0.5O4,67.85,64.40986948473785
Mg0.5Cr0.2Fe1.8Co0.5O4,39.77,41.02483309883524
Mg0.5Cr0.4Fe1.6Co0.5O4,31.36,35.71263639532531
Mg0.5Cr0.6Fe1.4Co0.5O4,26.96,28.916274511844406
Mg0.5Cr0.8Fe1.2Co0.5O4,20.25,27.18515334245393
Mg0.5Cr1Fe1Co0.5O4,13.69,24.134916117563446
Mg0.5Fe2Co0.5O4,53.8,45.92747696962181
La0.03Mg0.5Fe1.97Co0.5O4,47.78,46.45013355473305
La0.15Mg0.5Fe1.85Co0.5O4,35.34,43.7054497642245
Mn0.5Fe2Co0.5O4,41.0,45.74057466874477
Mn0.5Fe2Co0.5O4,63.1,45.74057466874477
Zn0.5Fe2Co0.5O4,60.97,55.33953014501413
Fe2Co0.5Cu0.4Ni0.1O4,60.0,54.11982852460317
Dy0.16Zn0.25Fe1.84Co0.5Ni0.25O4,69.0,49.22652034348887
Zn0.25Fe2Co0.5Ni0.25O4,79.5,56.410520235714976
Fe2Co0.5Cu0.3Ni0.2O4,50.0,54.20915707641352
Fe2Co0.5Cu0.2Ni0.3O4,49.5,54.739235581300804
Fe2Co0.5Cu0.1Ni0.4O4,46.0,54.50438210737079
Fe1.96Co0.5Ni0.5Bi0.04O4,62.8,46.71955441785389
Fe1.95Co0.5Ni0.5Bi0.05O4,29.33,56.0006347888837
Fe1.92Co0.5Ni0.5Bi0.08O4,50.0,47.2744408110613
Fe1.9Co0.5Ni0.5Bi0.1O4,43.7,44.52663094310368
Fe1.85Co0.5Ni0.5Bi0.15O4,32.82,43.29689823473254
Fe1.9Co0.5Ni0.5Bi0.1O4,25.5,44.52663094310368
Fe1.8Co0.5Ni0.5Bi0.2O4,22.46,36.08361217620122
Fe2Co0.5Ni0.5O4,65.1,51.9457706788991
Cr1Fe1Co0.5Ni0.5O4,40.6,20.832758885826912
Dy0.05Fe1.95Co0.5Ni0.5O4,54.03,54.15310193911023
Fe2Co0.5Ni0.5O4,40.0,51.9457706788991
Co0.5Pt0.5,40.23,106.99228121372889
Sr0.5Fe2Co0.5O4,50.246,40.97591668050728
Ce0.1Mn0.25Zn0.25Fe1.9Co0.5O4,75.06,44.31343038330947
Zn0.45Fe2Co0.5Cu0.05O4,68.98,58.47051449265113
Zn0.46Fe2Co0.5Cu0.04O4,61.67,58.74132828648945
Zn0.47Fe2Co0.5Cu0.03O4,54.05,57.94517431260194
Zn0.48Fe2Co0.5Cu0.02O4,49.4,58.442229931082
Zn0.49Fe2Co0.5Cu0.01O4,47.45,58.61247437474694
Al0.05Zn0.5Fe1.95Co0.5O4,62.1,55.07415410799867
Al0.1Zn0.5Fe1.9Co0.5O4,60.3,50.64423748657057
Al0.2Zn0.5Fe1.8Co0.5O4,53.83,48.56647836530562
Al0.6Zn0.5Fe1.4Co0.5O4,26.34,44.533532503083116
Al0.8Zn0.5Fe1.2Co0.5O4,19.28,34.97669885859251
Al2Zn0.5Co0.5O4,26.96,34.46296952005345
Al1Zn0.5Fe1Co0.5O4,11.23,28.023154848437212
Zn0.5Cd0.2Fe1.8Co0.5O4,73.5,53.24412967567481
Zn0.5Cd0.4Fe1.6Co0.5O4,78.4,44.22414110024182
Zn0.5Cd0.6Fe1.4Co0.5O4,74.98,38.10960735288912
Zn0.5Cd0.8Fe1.2Co0.5O4,73.49,47.793054581750766
Zn0.5Cd1Fe1Co0.5O4,72.97,45.43317614378976
Dy0.05Zn0.5Fe1.95Co0.5O4,35.0,56.07072841490549
Zn0.5Fe2Co0.5O4,83.7,55.33953014501413
Zn0.5Fe0.5O2,61.38,22.94513242808285
Zn0.6Fe1.9Co0.5O4,45.6,54.889336568425065
Zn0.7Fe1.8Co0.5O4,37.7,50.215594125129854
Zn0.8Fe1.7Co0.5O4,31.8,40.464107232814875
Zn0.9Fe1.6Co0.5O4,20.2,35.43613813847338
Mn0.4Zn0.4Fe2Co0.6O4,50.66666666666666,47.704326489088736
Tb0.11Co0.63Ni0.26,25.866666666666667,50.60295485045883
Co0.64Ni0.36,146.8,116.37439181934536
Tb0.35Co0.65,66.93333333333334,38.22440344163612
Zn0.32Fe2Co0.68O4,33.6,57.424011564104006
Fe2.4Co0.6O4,58.44,75.66310581589077
Mn0.4Fe2Co0.6O4,57.86666666666667,54.239887310678434
Zn0.1Fe2Co0.6Si1Ni0.3O6,5.9,37.73521404628484
Fe2Co0.6Ni0.4O4,71.9,54.04148295753318
Sr0.4Ce0.025Fe1.975Co0.6O4,69.0,51.084862554233524
Sr0.4Ce0.05Fe1.95Co0.6O4,58.0,48.78724402806932
Sr0.4Ce0.075Fe1.925Co0.6O4,48.0,46.717365300156324
Sr0.4Fe2Co0.6O4,79.0,48.444224592553795
Sr0.4Ce0.1Fe1.9Co0.6O4,36.0,44.68740780522868
Zn0.4Cr0.2Fe1.8Co0.6O4,57.26,48.97532573516316
Zn0.4Cr0.4Fe1.6Co0.6O4,45.7,42.716565929779804
Zn0.4Cr0.6Fe1.4Co0.6O4,30.95,31.8865065148794
Zn0.4Cr0.8Fe1.2Co0.6O4,7.92,27.310017016007162
Zn0.4Cr1Fe1Co0.6O4,2.53,22.802219763924306
Al0.4Zn0.4Fe1.6Co0.6O4,94.996,41.990209864779914
Zn0.4Fe2Co0.6O4,92.6,52.31724372805191
Mn0.3Zn0.3Fe2Co0.7O4,52.66666666666666,52.32638889810886
Co0.7C0.3,65.2,81.43624647908067
Mn0.3Co0.7,226.000019190356,138.58116677917707
Cr0.25Fe2Co0.75O4,56.99,58.59975551894831
Ce0.03Fe1.97Co0.75Cu0.25O4,63.99,55.683682355342405
Ce0.1Mg0.25Fe1.9Co0.75O4,12.826,50.663007635264115
Ce0.25Mg0.25Fe1.75Co0.75O4,20.057,45.201454160356015
Mg0.25Fe2Co0.75O4,16.963,57.48715397650915
Fe2Co0.75Ni0.25O4,30.0,60.63185488988705
Al2Zn0.25Co0.75O4,68.08,24.438227525078126
Zn0.24Fe2Co0.76O4,41.8,62.693073114501665
Co0.78Ni0.22,164.0,147.35410274655626
Al0.1Zn0.1Fe1.9Co0.7Cu0.2O4,53.401,56.75348561331738
Al0.08Zn0.1Fe1.92Co0.7Cu0.2O4,59.415,55.825173438308276
Al0.06Zn0.1Fe1.94Co0.7Cu0.2O4,59.387,58.06327926521224
Al0.04Zn0.1Fe1.96Co0.7Cu0.2O4,59.456,56.58643073843881
Al0.02Zn0.1Fe1.98Co0.7Cu0.2O4,61.431,59.468562525108695
Mg0.3Al1Fe1Co0.7O4,17.3,24.97667896298717
Mn0.3Cr0.2Fe1.8Co0.7O4,29.92,49.35739500762854
Mn0.3Cr0.4Fe1.6Co0.7O4,26.15,38.94392796574914
Mn0.3Cr0.6Fe1.4Co0.7O4,20.19,33.004936908936216
Mn0.3Cr0.8Fe1.2Co0.7O4,27.44,24.466800386577134
Mn0.3Cr1Fe1Co0.7O4,15.55,24.540507784751533
Mn0.3Fe2Co0.7O4,16.17,56.81529670401143
Fe2Co0.7Ni0.3O4,64.0,55.363424747032596
Zn0.3Fe2Co0.7O4,75.0,54.23592443641609
La0.025Zn0.3Fe1.975Co0.7O4,93.0,56.08823321040793
La0.05Zn0.3Fe1.95Co0.7O4,69.0,57.47342510446306
La0.075Zn0.3Fe1.925Co0.7O4,58.0,56.92851162520883
La0.1Zn0.3Fe1.9Co0.7O4,51.0,53.35444517038422
Mn0.2Zn0.2Fe2Co0.8O4,50.4,55.30403226614693
Cr0.2Fe2Co0.8O4,62.43,60.904624984271464
Mn0.2Co0.8,215.38968965090265,191.276212352529
Co0.8Ni0.2,166.66666666666669,146.72147561091344
Cr2Co0.8Ni0.2O4,0.1896,6.327545311945825
Zn0.16Fe2Co0.84O4,27.6,60.544901512629735
Cr0.15Fe2Co0.85O4,72.79,61.700048456826224
Mn0.15Co0.85,207.9624589732853,162.57051911192508
Cr2Co0.85Ni0.15O4,0.2732,7.794799088348465
Zn0.15Fe2Co0.85O4,32.636,58.86789657561741
Y0.02Zn0.15Fe1.98Co0.85O4,31.742,55.39668103107009
Y0.04Zn0.15Fe1.96Co0.85O4,25.003,54.20238419970621
Y0.06Zn0.15Fe1.94Co0.85O4,21.482,51.88034700771104
Y0.08Zn0.15Fe1.92Co0.85O4,18.537,53.21827818249285
Cd0.105Fe2Co0.895O4,99.0,59.72631823596354
Sr0.01Zn0.1Fe2Co0.89O4,72.9,55.25884744702326
Al0.2Fe2Co0.8O4,63.52,54.34158732716284
Nd0.04Al0.2Fe1.96Co0.8O4,57.79,54.67355525140235
Nd0.08Al0.2Fe1.92Co0.8O4,55.05,52.90622883508193
Nd0.12Al0.2Fe1.88Co0.8O4,50.48,51.69142887793843
Fe2.2Co0.8O4,121.6,60.758846311326366
Gd0.2Fe2Co0.8O4,63.52,53.63353968883728
Li0.2Fe2Co0.8O4,77.3,57.574622188960134
Mg0.2Fe2Co0.8O4,76.5,54.82852343918127
Mn0.2Fe2Co0.8O4,56.93333333333333,61.30738316632224
Zn0.1Fe2Co0.8Si1Ni0.1O6,7.5,39.84779655480111
Fe2Co0.8Ni0.2O4,92.7,60.37983101718138
Al0.2Zn0.2Fe1.8Co0.8O4,33.478,53.212163514992675
Zn0.2Fe2Co0.8O4,92.13,55.1421516613454
Mn0.1Zn0.1Fe2Co0.9O4,49.6,59.17656048126151
Cr0.1Fe2Co0.9O4,69.74,64.40917581402071
Mn0.1Co0.9,200.535228295668,144.66230228555992
Ce0.075Fe2Co0.925O4,74.58,56.605282902194645
Zn0.08Fe2Co0.92O4,21.8,68.4962367244457
Cd0.07Fe2Co0.93O4,93.2,66.70979745625336
Cr0.05Fe2Co0.95O4,70.23,64.94365199427875
Co0.95Ru0.05,149.86666666666667,116.12675953127132
Cd0.035Fe2Co0.965O4,87.4,62.34291845169409
Co0.97O1,2.96,68.72062506861235
Fe2Co0.98Ag0.02O4,36.34,64.8392075691034
Ti0.02Fe2Co0.98O4,66.68,62.15025411259193
Fe0.1Co0.9,186.66666666666663,184.39442486487056
Fe0.1Co0.9S2,1.04,31.337610853151205
Mg0.1Fe2Co0.9O4,71.9,60.0064016672377
Mn0.1Fe2Co0.9O4,78.0,63.61190685820635
Co0.9Ni0.1,119.5,136.05107924548054
Fe2Co0.9Ni0.1O4,80.0,60.258954400301775
Co0.9Ru0.1,142.13333333333333,140.43027338521068
Sr0.05Zn0.05Fe2Co0.9O4,62.3,54.64955060151221
CrGaFeCo,2.1,11.040134605646342
Fe2CoO4,11.4,68.71848311084202
Fe2CoO4,102.0,71.2219488133355
Cr1Ga1Fe0.9Co1.1,2.125,8.979911156413195
Fe1.9Co1.1O4,80.0,73.2391966574432
Ti0.1Fe1.8Co1.1O4,76.389,59.52067470268888
Cr0.75Fe1Co1.25Ge1,3.78,21.328439104229027
Cr1Ga1Fe0.8Co1.2,2.33,5.5792076333110945
Ti0.2Fe1.6Co1.2O4,57.033,53.58578690889321
Cr1Ga1Fe0.7Co1.3,2.375,3.89094939204518
Ti0.3Fe1.4Co1.3O4,64.586,53.55464633913725
Cr1Ga1Fe0.6Co1.4,2.47,4.323787950999136
Ti0.4Fe1.2Co1.4O4,77.372,47.25069781210844
Cr0.5Fe1Co1.5Ge1,4.53,9.763677029528647
Cr0.5Fe1Co1.5Si1,4.46,74.17723652583052
Al1Cr1Fe0.5Co1.5,2.2,34.848558330507416
Cr1Ga1Fe0.5Co1.5,2.54,4.047652411589354
Fe1.5Co1.5Ge1,0.0012266666666666,22.77480133832516
Fe1.5Co1.5O4,80.2,59.429288508618605
Mn0.5Fe1Co1.5Si1,5.06,101.93306090087982
Ti0.5Fe1Co1.5O4,47.984,45.49946622039742
Cr0.25Fe1Co1.75Ge1,5.29,19.144095308213327
Ga1.25Co1.75Ni1,2.11,18.32066917866873
Co1.7Sn1,10.266666666666666,18.851017604223173
Co1.8Sn1,17.066666666666666,17.151865480865254
Co10Ge3O16,1.0,29.34714848396907
ZnCo,54.0,69.59541103732803
Fe2CoO4,75.7,67.0573970957041
GaCo2,3.01,27.144057216208374
TiMnAlFeCo2CuNi,80.9,65.21962605703594
Mn0.6Fe0.4Co2Si1,108.26666666666668,88.87626301660258
Mn0.5V0.5Ga1Co2,2.96,26.24800448892251
Co,32.5,131.7491594757184
Fe(CoO2)2,148.0,46.00440329454631
Fe0.75Co2.25O4,2.027,77.71869014817723
Cr0.5Co2.5B1O5,3.4,26.269303681024176
Fe0.5Co2.5O4,186.0,37.37560299676114
Fe3CoB,164.0,174.85578279171366
CoNi4,75.2,70.84223726179306
Zn39Co11,52.0,72.87604843118996
NbFe28Co28CuSi13Ni19(B4Mo)2,83.3,63.33203750549786
MnCo29(Cu9Ni5)5,3.6,65.24339722355592
Al(CoB)2,0.2,77.69574070076841
Co2C,27.1,81.86568408870771
Al1Cr0.2Fe0.8Co2,4.37,43.05443830718408
Al1Cr0.4Fe0.6Co2,4.2,55.60280080406017
Al1Cr0.55Fe0.45Co2,66.53333333333333,40.57462062471555
Al1Cr0.5Fe0.5Co2,69.73333333333333,41.458735655655026
Al1Cr0.65Fe0.35Co2,59.333333333333336,35.15868522270544
Al1Cr0.6Fe0.4Co2,3.46,51.90575062233466
Al1Cr0.7Fe0.3Co2,59.2,28.45742347254457
Al1Cr0.8Fe0.2Co2,2.53,40.574508881534086
AlCrCo2,1.68,28.918469871843293
CrGaCo2,3.01,6.536242522971544
CrCo2Si,4.023,46.29350193299873
Al0.5Fe1Co2Si0.5,133.690152197112,77.21244138310688
Ti0.5Al0.5Fe1Co2,113.86666666666666,109.92220805622264
Mn0.75Fe0.25Co2Si1,108.93333333333334,100.8909504508436
Mn0.6Fe0.4Co2Si1,113.33333333333331,88.87626301660258
Mn0.5Fe0.5Co2Si1,113.6,94.28311133352659
Mn0.4Fe0.6Co2Si1,127.2,92.41432807281784
Mn0.25Fe0.75Co2Si1,128.8,105.74345965365166
MnCo2Si,99.6,39.43098310836207
AlFeCo2,4.86,99.81993687875975
Fe1.25Co2Ge0.75,6.7,46.922386357871524
FeCo2Si,116.26666666666668,142.07649131007983
AlFeCo2,5.24,99.81993687875975
Al0.5Fe1Co2Si0.5,120.0,77.21244138310688
FeCo2Ge,132.96,17.625368173789422
FeCo2Si,6.013,142.07649131007983
HfCo2Sn,1.993,18.908993588944814
MgCo2,2.8,57.35478346431727
Mn0.6Fe0.4Co2Si1,133.73333333333332,88.87626301660258
MnCo2As,5.96,24.992410644651663
Mn1Ga0.2Co2As0.8,5.61,23.12724578047979
MnCo2Si,106.66666666666669,39.43098310836207
Mn2Co2C,2.0,60.14638887894414
MnAlCo2,95.33333333333331,51.55059038982185
MnGaCo2,77.33333333333333,26.659739178947536
MnCo2Sb,10.8,27.66496408545876
MnCo2Si,5.038,39.43098310836207
MnCo2Sn,74.38,15.785715953003088
NbAlCo2,1.56,18.575817087318843
Ga1.25Co2Ni0.75,2.15,14.633412321642616
Co2Si,33.06666666666666,60.614023904575234
Co2Sn,26.0,22.72627034472435
SrFe6CoO11,64.88,49.364477209124246
TiAlCo2,0.37,23.974496950458764
TiCo2Ge,1.94,14.596401833318783
TiCo2Si,2.0,20.584159743128346
TiCo2Sn,0.99,19.691951633806514
V2Co2O7,2.05,7.774078818274998
AlVCo2,1.86,9.633464148443089
VGaCo2,2.0,16.476390538470543
VCo2Si,3.0,28.44719428765691
ZypehexagonalferriteCo2,43.3,48.15502351916469
Co,61.0,131.7491594757184
MnAlFeCo3CuNi,97.4,72.2980207973911
Al8Fe45Co30Si12Ni25,131.56808628922133,102.45564884530751
Co3Ni7,89.33333333333334,76.13732211725187
Fe67Co32B,14.0,182.5916896812798
FeCoNi,111.6,121.35761736500413
Fe33Co33Si7Ni7B20,124.0,102.96521115719818
Ti4CrFe2Co7Ni6,78.01,75.10934762280297
Ti4CrFe3Co7Ni5,74.77,85.80426299863865
AETi20Cr5Fe20Co35Ni20H,46.0,89.2966774515161
AAnnealedETi20Cr5Fe20Co35Ni20H,81.0,64.86436305603732
Ti4CrFe(CoNi)7,81.33,55.72221757237993
Er13Co7,240.0,66.31812054309779
Fe6(CoNi)7,157.2,112.82991428024596
Fe7Co7Ni6,80.0,121.69206847654412
Co37.6Pt62.4,30.0,44.521718740386014
Al2Co3(SiO4)3,3.0,75.67995805482737
Co3C,44.0,89.85847024559818
Fe0.35C3,125.0,60.710863082029555
Fe7Co3,232.0,193.9415088388922
Mn2AlCo3,187.802832848324,100.89486057245347
Mn2GaCo3,185.68076694043333,67.9141705633741
Mn2Co3Ge,91.24883403929869,62.70291582369434
Co3N,217.5117555587933,79.58004021600229
Co3Ni2,138.9953169668387,134.714038773191
Co3O4,3.866666666666666,64.52355265213882
Co3Pb3S2,0.42,28.214478718354474
Co3Pb3Se2,0.43,23.133933794295036
Co3Si,92.309866993244,87.85450633468301
Co3(SnS)2,0.3,39.061504899925794
Co3Sn3Se2,0.39,11.636382339173721
Co3SnC,1.317,48.7327425389425
V2Co3H2O723,2.1,46.38322543781585
V2Co3O8,3.45,15.309153670335748
Co111Cl,12.0,70.92663490345907
ZrFe(CoB)4,57.0,79.35462812455597
Ta4Fe11(Co4B3)5,86.0,81.33194922251195
Fe2Co2B,225.46666666666667,159.88659892396004
Dy(FeCo)2,71.06666666666666,52.574892466967746
Fe2Co2Ni,138.1,170.5356207610863
Co2Ni3,98.26666666666668,85.72642225113881
Co41.7Pt58.3,26.0,51.5452341164395
Al27Co41Ni32,34.0,38.55827363338321
Er11Co9,213.0,68.00840473825549
Al1.6Fe28.5Co47.5Si3.4Ni19,156.92677388851482,121.7122293060335
Ti8Nb4Fe21Co49B18,140.0,108.52687730568542
Ti10Co49Ni21B20,78.4,86.81340113125276
Co49Pt51,104.0,58.155943898697416
Mn1.5Al1.5Fe2Co4,161.3,139.64772532243816
Mn1.5Al1.5Cr0.25Fe2Co4,162.338041953636,116.48128873666181
Co4N,160.0,148.24100027902261
FeCo2Ni,131.8,127.11740741630817
FeCo,277.9906339336774,208.1131368239968
CoNi,105.3,139.79662617837403
V17Ga8Co25,6.0,53.95356452364962
ZnCo,66.0,69.59541103732803
Co14Ni11,128.4,126.74144257998046
Fe6.1Co57Si11Ni10B15.9,57.295779513048,76.06041459971782
Fe26Co59Ni15,212.20659078906667,159.39580366971677
Co59Ni41,138.13333333333333,116.87016448871601
Co5Cu7,106.66666666666669,72.13911389529909
Co5B2P,37.33333333333334,90.73553848207771
Zr60Al140Co3,20.0,32.494235657858624
FeCo3B,140.05634992078402,155.53974846129375
FeCo3Ni,135.4,133.77017157582898
Fe2Co3,222.66666666666663,157.47770442911803
Co3Ni2,121.33333333333334,134.714038773191
Tb24Dy15Co61,2.6666666666666665,51.14376830731521
Co63Ni37,140.53333333333333,115.67675685075498
Al2Cr3Fe4Co64Si8Ni2B17,55.56629579811711,80.86680373725076
Zn9Co16,71.0,71.4994596334898
Zr7Co13,25.464790894688,74.21919113177525
Cr7Co33B10,300.0,86.7189727546255
Fe4Co66Si16.5B12Mo1.5,58.35681246699334,86.8148655653965
Fe2Co33Si8B6Mo,76.92488916103667,81.55155591137844
Fe6Co66Si13B15,72.0,72.65210424178089
Fe4Co66Si15NiB14,58.35681246699334,81.67419363482045
Fe4Co67.5Si12Ni1.5B14Mo1,90.18780108535331,71.76768516075612
Fe4Co67Si17B11Mo2,127.32395447344,71.62518269580683
Fe4.35Co68.15Si12.5B15,65.78404314461066,80.61583420379395
Mn6.75Co68.25Si10B15,74.27230677617332,75.7707484908951
Zr2Fe6Co17,120.0,131.20313288088312
Fe5.2Co69.1Si9.9Ni1B14.8,76.394372684064,94.0984296159042
Fe3.9Co69.5Si10.8Ni1B12.8Mo2,49.868548835430666,90.06711117563363
Fe4Co69Si12Ni(B6Mo)2,74.27230677617332,88.74637564211734
Co69Pd31,25.25258430389893,101.6286275144312
CoCu,160.0,96.80280895011627
Fe2Co3,213.3333333333333,157.47770442911803
Tb29.5Co70.5,17.333333333333332,34.87489992528968
Fe2Co7Ni,179.0,175.33310047323553
Fe5Co14Ni,204.0,153.95449725607577
Fe3Co7,257.83100780871604,150.74226589824883
Co7Ni3,124.63,125.6959733051335
YCo14B5,67.90610905250134,69.60017647487442
La3.5Co71.5B25,78.51643859195467,72.57395688175299
Y3.5Co71.5B25,77.45540563800932,85.58068567967894
Fe4Co36(SiB)5,120.19,91.77981844781576
Mn0.5Nb1Fe4.5Co73Si4.2B16.8,125.0,86.7618651749777
Co73Si27,42.66666666666666,80.63083108368275
Ti8.3Al8.4Co75Si8.3,132.13,95.4555536632019
Co3B,103.98122948664266,106.20211594552565
FeCo3,25.0,195.91236212980695
Co3Ni,133.5,134.88960351046453
Co3Pt,147.33333333333334,117.8397021089898
TbCo3,25.333333333333336,28.22655005163061
Zr9Fe3Co38,82.760570407736,80.85401418899139
Ta5Cr17Co78,61.333333333333336,100.26928812433947
Zr9Fe2Co39,85.94366926957201,81.48637194332429
Co79Pt21,162.0,151.06926810979212
Co7Cu5,160.0,110.709717068499
Mn6(ZnCo)7,33.5,40.34001841662534
Co4Ni,144.53333333333333,142.83669443721368
Co4Pt,77.73333333333333,153.32896264875632
Zr9FeCo40,82.760570407736,85.86842311133205
Co81Pt19,168.0,140.64698297506172
Cr9Co41,160.0,61.71534116927157
Co41Pt9,166.0,134.55944200697328
Cr15.7Co84.3,9.4,132.859904190188
Dy3Co17,85.33333333333333,38.79006878730787
Co17Ru3,103.20000000000002,141.58943935699114
Co43Ni7,169.73333333333332,130.45798622294146
Co2Cu,146.66666666666669,116.26523780951632
MnZn5Co4,70.0,50.1634956335227
Mn3Zn9Co8,58.8,50.36867144664127
Mn1.8Zn9.18Co9.02,15.14,52.27449846538759
Mn1.51Zn9.25Co9.24,14.93,46.36023354350489
Cr9.2Co90.8,13.6,142.87067891468382
FeCo9,200.0,154.37360728157935
Co9Ni,131.79,134.00466056464933
Co9Ru,142.66666666666669,141.76861443090968
Zr9Co91,125.6,101.73149338931997
Co23Pd2,153.31926184510067,117.54990416950375
Mn2(ZnCo)9,67.9,33.54617810961987
Co,100.0,131.7491594757184
Co,0.01,131.7491594757184
Fe9Co2H2CNO2,130.6,108.31881170842371
FeCoPt,151.72771241418266,85.36000435493614
MZCoS,2.35,55.59702828546294
Fe2CoO4,67.94,71.2219488133355
Al0.1Cr0.1Fe1.8Co1O4,31.4,60.14968410478406
Al0.2Cr0.2Fe1.6Co1O4,30.4,47.792567883379654
Al0.2Fe1.8Co1O4,1.75,58.95430515435949
Al0.3Cr0.3Fe1.4Co1O4,16.6,43.13332090294144
Al0.4Cr0.4Fe1.2Co1O4,13.7,33.114364390219656
Al0.4Fe1.6Co1O4,1.52,48.428996394076734
Al0.5Cr0.5Fe1Co1O4,8.6,26.492620382329175
Al0.6Cr0.6Fe0.8Co1O4,4.7,21.880026608729743
Al0.6Fe1.4Co1O4,46.66,40.237897359118165
Al0.8Fe1.2Co1O4,1.34,35.56483188932683
Fe2CoO4,56.0,68.71748341553183
AlFeCoO4,16.02,28.80968321290647
AlFeCoO4,16.0,28.80968321290647
Al2CoO4,29.333333333333336,25.65080261705637
Al2CoO4,0.472,24.688442429527278
AlCoO,148.54461355234665,58.06243833773908
CoB,166.66666666666669,113.97852517612532
Mn0.1Cd0.4Fe1.5Co1O4,70.1,58.613083150736614
Mn0.2Cd0.4Fe1.4Co1O4,67.9,56.74944623414817
Mn0.3Cd0.4Fe1.3Co1O4,65.2,53.93811956796543
Mn0.4Cd0.4Fe1.2Co1O4,59.0,47.300685746606376
Mn0.5Cd0.4Fe1.1Co1O4,58.8,43.19117116494397
Mn0.6Cd0.4Fe1Co1O4,45.9,40.69235569126811
Ce0.01Dy0.01Fe1.98Co1O4,83.0,62.851759859148196
Ce0.02Dy0.02Fe1.96Co1O4,65.8,62.231480580348546
Ce0.03Dy0.03Fe1.94Co1O4,66.2,62.094693753761824
Ce0.04Dy0.04Fe1.92Co1O4,52.0,61.552345867486025
Ce0.05Dy0.05Fe1.9Co1O4,61.0,67.28621516849496
Fe0.05O1.95,39.4,42.48965000721269
CoH4CS(NCl)2,3.5,33.83272895753958
CrCo,98.0,88.74065092861721
Fe2CoO4,63.0,68.71848311084202
Cr0.25Fe1.75Co1O4,38.5,51.13246651738202
Cr0.2Fe1.8Co1O4,118.0,53.79349937780489
Cr0.4Fe1.6Co1O4,75.0,46.38173620782624
Cr0.5Fe1.5Co1O4,10.8,46.78569568607445
Cr0.6Fe1.4Co1O4,39.0,37.30102284121557
Cr0.8Fe1.2Co1O4,11.0,34.480958059507316
CrFeCoO4,2.6,28.882893207630783
Cr16FeCoNi,49.0,50.9709708099678
AlCrCo,1.43,30.976427752417116
CrFeCoGe,3.05,21.37919690243326
MnCrFeCoNi,0.334,86.98243369634841
CrFeCoNi,0.641,96.61917932658318
AEMnCrFeCoNiH,2.7,68.16349397424236
CrFeCoO4,4.5,28.882893207630783
CrGaCo,1.57,22.399374956283364
MnAlCrCo,5.822,32.246896644717424
MnCrGaCo,5.84,13.555856563877736
MnCrCoGe,5.803,13.86846632575389
MnCrCoSi,5.672,30.289515066214598
CrCoPt,45.333333333333336,46.50392877360171
CrCoSiPtO2,88.0,43.859231306359504
CrCoPt,117.33333333333334,46.50392877360171
CrCoPt,77.06666666666666,46.50392877360171
XCrCoPt,39.25821929597733,71.64035852783296
Eu0.02Fe1.98Co1O4,72.3,58.666831159266295
CoF2,3.0,39.31218126169484
FeCo,134.0,208.1131368239968
FeCo,255.6,207.84673253418592
Ti0.2Mn0.2Al0.2Cr0.2Fe1.2Co1O4,34.8,34.56487156498897
Mg0.2Ti0.2Mn0.2Al0.2Cr0.2Fe1Co1O4,24.79,27.373125524681647
Ti0.2Mn0.2Al0.2Cr0.2Fe1Co1Ni0.2O4,28.1,30.37929810529105
Ti0.2Mn0.2Al0.2Zn0.2Cr0.2Fe1Co1O4,23.9,28.45488348680268
Al2FeCoO3,46.66666666666666,70.66198656290533
HfFeCoO2,60.0,56.13146883241538
FeCoSiO2,14.5,60.004730050596706
Al1.5Fe0.5Co1O4,3.222,20.00927781957912
Al0.75Fe1.25Co1O4,42.34,26.776119098419226
Al0.5Fe1.5Co1O4,51.29,41.53903458588199
Zr0.25Zn0.25Fe1.5Co1O4,75.0,44.77979480171268
Cr0.4Fe1.6Co1O4,20.0,46.38173620782624
Al0.25Fe1.75Co1O4,57.81,45.62370913437879
Al0.3Fe1.7Co1O4,67.84,46.35752474987643
Cr0.3Fe1.7Co1O4,29.0,54.9164517095972
Gd0.3Fe1.7Co1O4,48.15,43.34414951202927
Fe1.7Co1Mo0.3O4,20.5,61.65355623104804
Fe1.7Co1Ni0.3O4,53.4,52.64792099271098
Ho0.2Fe1.8Co1O4,49.748,54.02688966860094
Nd0.1Gd0.1Fe1.8Co1O4,120.0,63.447214036894685
Nd0.08Gd0.1Fe1.82Co1O4,116.0,72.74720911901069
Fe1.84Co1Mo0.16O4,41.9,63.48362856087524
Nd0.06Gd0.1Fe1.84Co1O4,114.0,72.65106369285684
Fe1.85Co1Cu0.15O4,69.5,60.233633866015026
Gd0.15Fe1.85Co1O4,35.8,59.7251174076397
Ho0.15Fe1.85Co1O4,53.312,57.98022073462104
In0.15Fe1.85Co1O4,69.8,59.14550922491442
Sm0.15Fe1.85Co1O4,29.7,54.77244174233258
Nd0.04Gd0.1Fe1.86Co1O4,110.0,76.46826343852416
Dy0.12Fe1.88Co1O4,65.9,56.4055206976697
Gd0.12Fe1.88Co1O4,36.4,60.02869853917881
Fe1.88Co1Mo0.12O4,46.0,61.90312880079257
Nd0.02Gd0.1Fe1.88Co1O4,106.0,68.02829025131837
Cr0.2Fe1.8Co1O4,53.0,53.79349937780489
Gd0.2Fe1.8Co1O4,43.29,52.15555016378288
Fe1.8Co1Mo0.2O4,106.0,53.15790705119735
Nd0.2Fe1.8Co1O4,35.21,50.889509533594435
Sm0.2Fe1.8Co1O4,20.2,52.298561039094714
Zr0.1Zn0.1Fe1.8Co1O4,72.0,54.393899734459566
Ho0.1Fe1.9Co1O4,55.805,56.30752669100409
V0.1Fe1.9Co1O4,69.85,60.333720070022174
Gd0.09Fe1.91Co1O4,41.7,55.02952236956351
Gd0.075Fe1.925Co1O4,42.92,56.64025010872793
La0.075Fe1.925Co1O4,8.67,54.17110634040324
Yb0.075Fe1.925Co1O4,62.0,60.38257193670084
Fe1.92Co1Mo0.08O4,55.6,56.39934305353431
Al0.05Fe1.95Co1O4,87.4,59.73362424083048
Dy0.05Fe1.95Co1O4,75.89,60.112703514966086
Er0.05Fe1.95Co1O4,23.09,63.18818028579055
Ho0.05Fe1.95Co1O4,61.961,58.53595926860031
La0.05Fe1.95Co1O4,10.29,54.94718866880544
Sm0.05Fe1.95Co1O4,35.4,56.055044779392524
Yb0.05Fe1.95Co1O4,74.0,59.17997605370912
Fe1.96Co1Mo0.04O4,60.6,58.48417993053882
Gd0.025Fe1.975Co1O4,52.55,59.07474827759651
La0.025Fe1.975Co1O4,29.09,57.26131440693868
Yb0.025Fe1.975Co1O4,78.0,61.648695763587966
Er0.03Fe1.97Co1O4,47.37,60.81315548516257
Gd0.03Fe1.97Co1O4,77.5,58.89000280264007
Er0.01Fe1.99Co1O4,117.99,60.69438157840481
Fe1.9Co1Bi0.1O4,76.2,56.26999842035022
Cr0.1Fe1.9Co1O4,48.0,61.38730168785086
Gd0.1Fe1.9Co1O4,61.64,53.998296687399176
Gd0.1Fe1.9Co1O4,37.24,53.998296687399176
La0.1Fe1.9Co1O4,3.8,54.77314820486547
Nd0.1Fe1.9Co1O4,48.75,52.204810703343945
Fe1.9Co1Ni0.1O4,86.75,62.77743845864917
Sm0.1Fe1.9Co1O4,32.9,55.23553171003704
Y0.1Fe1.9Co1O4,69.5,54.89209110499999
Yb0.1Fe1.9Co1O4,62.0,57.08533480636262
Fe2Co,4.6,222.4912953337814
Fe2Co,223.0,222.4912953337814
Fe257Co,65.8,82.63579219068082
Fe259Co,72.8,81.69312165121335
Fe2CoO4,15.0,71.2219488133355
Fe2CoO4,33.6,67.0573970957041
Fe2CoO4,39.6,67.0573970957041
Fe2CoO4,56.7,67.0573970957041
Fe3(CoO2)2,100.0,97.65153493982585
O2,74.5,40.8980283475977
O2,78.6,40.8980283475977
Fe2CoO4,54.65,67.0573970957041
BaTiFe2CoO7,0.5,19.50364344690947
AGMFe2CoBHC3O4,70.16,54.12256095467218
Fe5CoO8,102.92019653269732,61.00878139524683
Fe2CoMo(SO2)2,15.78,48.254796300501155
AFe2CoBPO4,62.4,38.37337335003486
AVFe2CoPO4,16.26,52.090345469853645
Fe2CoSiO6,12.7,30.627836770999096
O2,41.2,40.8980283475977
Fe3311Co,72.5,82.20015255489687
Fe3313Co,76.2,80.7455513708403
Fe3321Co,76.1,82.22597484886977
Fe339Co,67.8,82.62510585620156
TaFe6Co,193.10799761805063,116.3758976390235
AlFeCo,3.26,66.83634882335865
AlFeCoN,17.6,92.14033268205529
AlFeCoO,18.0,65.26788016739003
AlFeCoO4,26.38,28.80968321290647
AlFeCoSi,84.66666666666667,62.43708147177459
FeCoB,186.66666666666663,136.58084320611118
Al2FeCoBO3,136.66666666666666,73.31255516837518
LiNbFeCoBO3,110.66666666666669,46.536561103688115
MgFe2Co2B2O,153.33333333333334,70.77130957987818
AlCrFeCo,50.66666666666666,21.22280614004434
CrFeCoB,92.309866993244,112.51271645006958
CrFeCoGe,3.0,21.37919690243326
GaFeCo,3.41,52.86810452580795
MnAlFeCo,3.1,61.17481742753132
MnGaFeCo,3.2,26.3631605585462
MnFeCoGe,4.2,28.605312270030897
Mn1Al0.25Fe1Co1Ni1,27.52,84.39203042321778
Mn1Al0.5Fe1Co1Ni1,64.14,80.70260006648054
MnAlFeCoNi,113.4,74.72532555763348
MnFeCoSi,13.2,69.22728548497354
NbFeCoSiB,76.394372684064,81.58012889926214
FeCoNi,160.0,121.35761736500413
FeCoCuNi,212.20659078906667,94.25455437739276
FeCoP,82.0,107.67847527952546
FeCoPt2,125.94461163331108,87.21175787367892
FeCoRhO4,177.19250330887067,41.232906181475734
FeCoSiB,29.390612824285736,115.49435383280637
ZrTaFeCo,0.19098593171016,71.38666251897911
AlVFeCo,0.56,13.561045212914571
NbAlVFeCoO,19.8,57.92331041296459
VFeCoSb,2.2,15.426864463631457
VFeCoSi,2.1,29.90233444108782
Zr0.5Zn0.5Fe1Co1O4,81.0,31.21715329684289
ZrFeCoB,92.309866993244,63.39202598693227
ZrFeCoO,16.8,56.900615658570736
Fe4CoO4,158.0,79.84707658284263
GdCo,109.33333333333331,86.61227522347143
Gd0.03Fe1.97Co1O4,72.0,58.89000280264007
Gd0.05Fe1.95Co1O4,71.0,58.586919140106176
Gd0.07Fe1.93Co1O4,65.0,58.51469654179289
Gd0.1Fe1.9Co1O4,60.0,53.998296687399176
Gd0.15Fe1.85Co1O4,54.0,59.7251174076397
CoGeO3,3.0,22.806434766787653
Hf0.04Fe1.96Co1O4,72.22,64.50722371896202
Hf0.08Fe1.92Co1O4,70.94,68.28618306434613
Hf0.12Fe1.88Co1O4,112.77,61.8692875799029
Ho0.025Fe1.975Co1O4,61.95,62.175649847527225
Ho0.05Fe1.95Co1O4,65.41,58.53595926860031
Ho0.075Fe1.925Co1O4,69.77,59.07168565113748
Ho0.1Fe1.9Co1O4,75.81,56.30752669100409
H2O2,5.9,32.16412350529785
La0.08Fe1.92Co1O4,48.8,49.46189357031124
La0.2Fe1.8Co1O4,40.0,49.194142315477606
La0.3Fe1.7Co1Si1O6,9.3,26.05268425806166
La0.5Fe1.5Co1O4,20.0,39.086324895308735
La0.6Fe1.4Co1Si1O6,6.9,18.96392872372192
La0.9Fe1.1Co1Si1O6,5.4,17.90536279651066
La1.2Fe0.8Co1Si1O6,3.8,10.908144880590783
La1.5Fe0.5Co1Si1O6,1.9,15.627869257801564
Mn0.3Fe1.7Co1O4,96.0,53.55156586275725
MnAlCo,3.32,34.806510888748676
MnAlCrCo,0.9,32.246896644717424
MnFeCoSi,4.0,69.22728548497354
MnGaCo,4.12,34.54680829417682
MnCoSb,3.0,25.969484883301284
MnCoSi,120.0,29.11979632276207
Nb0.02Fe1.98Co1O4,46.5,59.62432503754677
Nb0.04Fe1.96Co1O4,45.3,58.40788390264133
Nb0.06Fe1.94Co1O4,46.12,56.865395810900644
Nb0.08Fe1.92Co1O4,44.45,57.58914695825426
Nb0.1Fe1.9Co1O4,45.78,60.91481744807191
CoNi,135.49390821881906,139.79662617837403
CoNi,90.3,143.94912776138653
MultilayerCoNi,78.51643859195467,117.65673697113046
CoNi3,106.66666666666669,79.49929447517262
CoNi,131.4619829938268,139.79662617837403
CoNi,195.760580002914,139.79662617837403
FeCoNi,79.0,121.35761736500413
FeCoNiB,228.12208509824663,99.82757025361923
FeCoNiBP,210.084524881176,94.33149557829897
CoNiO,60.0,66.35144078596599
CoNiP,97.02,58.11865262534717
CoNiPt2,78.19812870577107,44.14375599150945
CoReNiP,106.66666666666669,55.566230042030305
CoPd,1.814,91.0054530368727
CoPd,0.2533333333333333,91.0054530368727
CaCoPdF2,61.53991132882933,31.258677539281514
CoPt,45.333333333333336,74.91513637484015
MultilayersCoPt,42.66666666666667,50.51686107705101
Co1Pt0.5,28.5,99.45642709491956
CoPt2,16.74,62.038227706316434
Co1Pt2.3,11.27,41.9937981079754
CoPt,98.676064716916,74.91513637484015
CoPt,202.65729420355865,74.91513637484015
CoPt,180.37560217070663,74.91513637484015
CoPtC,93.33333333333331,104.54903283588538
CrCoPt,40.0,46.50392877360171
TiCoPtO2,4.5,50.19224773330311
Co(RhO2)2,51.0,28.60013304271952
MnCoGeRh,4.9,11.564739884952651
CoRu,146.26666666666665,103.70968053642278
CoS2,0.8,32.50649128648085
CoSe2O5,3.2,6.05277625358893
CoSeO3,3.0,17.77255125738094
ZrTaCo,13.0,32.16927560374301
Tb0.1Fe1.9Co1O4,9.1,57.94211436345135
CoTeO3,3.0,10.170004780614459
Tb0.01Tm0.01Fe1.98Co1O4,51.9,69.22217337238983
V0.1Fe1.9Co1O4,68.3,60.333720070022174
V0.3Fe1.7Co1O4,68.26,52.31751357628665
V0.5Fe1.5Co1O4,66.25,45.48238691538122
V0.7Fe1.3Co1O4,44.8,38.35840070698258
V0.9Fe1.1Co1O4,37.76,24.64080044211531
Y0.02Fe1.98Co1O4,83.55,59.32629131325546
Y0.04Fe1.96Co1O4,80.71,59.10813186264728
Y0.06Fe1.94Co1O4,64.76,57.91590326817373
Fe2CoO4,80.0,67.0573970957041
ZrCo,106.66666666666669,76.88207066198476
Zr0.05Fe1.95Co1O4,67.89,62.35990411636766
Zr0.15Fe1.85Co1O4,63.51,59.594391291008435
Zr0.1Fe1.9Co1O4,66.9,59.3033845771461
Zr0.25Fe1.75Co1O4,58.48,55.031700953698966
Zr0.2Fe1.8Co1O4,59.89,58.3916855281414
Zr0.3Fe1.7Co1O4,57.77,53.30968563376601
Fe2CoO4,56.0,68.71748341553183
Fe2CoO4,33.49,71.2219488133355
Co49O,17.0,61.349195686166496
NbCoSe2,2.0,17.70281930628138
MultilayerCoNi,100.93333333333334,117.65673697113046
FeCo2Ru,161.33333333333334,123.65267336444016
CoMoC,176.0,78.12579813847778
CoNiP,128.38498742738534,58.11865262534717
CoO,88.0,24.292524009970847
CoPt,103.33333333333331,74.91513637484015
Ta2CoPtO5,74.66666666666667,24.308807061922085
Fe2CoO3,34.8,76.7015045672706
SbTe,4.666666666666667,31.427476720103755
Fe2NiO4,35.7,43.486387138947784
Cr0.02Cu0.98S1,0.16,2.800764056952402
Cr0.04Cu0.96S1,0.113,1.5174186066770414
Cr0.05Fe2Ni0.95O4,42.44,40.503302666981135
Fe2CoO4,77.8,67.0573970957041
Cr0.1Fe2Ni0.9O4,37.32,34.15409073330211
Cr0.1Fe2Co0.9O4,63.27,64.40917581402071
Cr0.2Fe2Ni0.8O4,28.84,34.692500697637996
Cr0.2Fe2Co0.8O4,44.02,60.904624984271464
Ti0.5Cr0.5N1,0.62,51.982181226851964
Cr0.62Te1,1.814,11.926503614321192
Mn0.4Cr0.6O2,55.17371360515734,91.40360006429347
Mn0.3Cr0.7O2,102.92019653269732,87.05265250311193
Cr0.83Te1,2.95,5.806018433827306
Mn0.2Cr0.8O2,130.507053335276,99.47567008485464
Mn0.1Cr0.9O2,151.72771241418266,102.98289226501483
Cr1.21Te2,2.14,12.598113475572005
Cr1.33Te2,3.08,3.833074981556364
Mn0.5Cr1.5Ge1C1,38.197186342032,37.8380257024811
Cr1.5P1Pt4.5,2.1,18.91003257863973
Cr11Ge19,0.49,25.08539966116648
Cr,88.0,46.39387124638111
Cr2.76Te4,2.586,6.022581971469538
Cr,87.0,46.39387124638111
Cr2C,3.92,10.643195778189252
Cr2Cu,3.0,36.85024333144055
Cr2Ge2Te1.5Se1.5,3.643,8.88821197281586
CrGeTe3,3.0,6.659641866012457
Cr2O,9.0,48.292398433844134
CrSiTe3,2.86,5.548309622422434
Cr2Te3,1.8,10.03466025565038
Cr,2.5,46.39387124638111
Cr3Te4,7.98,11.890470993599298
Cr4Ga17Pt,1.0,33.44992967533247
Cr4Te5,2.64,7.342521088989687
Cr,80.0,46.39387124638111
Cr6InNi,2.1,35.01976034584786
Cr8Te9,2.4,5.758007108998724
Cr9.35Te16,23.2,7.965385083132783
Cr,3.0,46.39387124638111
Al35CrN35,4.0,12.985768183677717
Al35CrN36,3.0,12.301413187270931
AlCrGe,0.42,30.284239863901213
CrAs,318.3098861836,127.09162558981879
Cr(FeO2)2,0.528,34.01206667221431
TiMnCrFeNi,13.39,50.90990009679619
Gd0.025Er0.05Cr1Fe1.925O4,8.389,31.34402567493176
CrGeSe3,3.531,5.857876317529957
CrGeTe3,2.7,6.659641866012457
Mn0.06Cr1I3,44.0,8.215300715094132
Nb3CrS6,17.2,12.731028582614746
CrO2,198.41316238777733,57.560363655785935
CrP,318.3098861836,74.37119487224086
CrPt,2.24,46.64057931331027
CrCoGeRu,1.15,12.346646119281221
MnCrGeRu,0.98,13.402242502910227
CrSBr,27.58685680257867,6.693610352918504
CrSb,318.3098861836,30.136052979147884
CrSbSe3,3.0,4.782159313303832
CrSe,4.0,32.38789481923159
CrSe2,3.02,17.820966089645072
CrSi,0.63,56.433712607926495
CrSiTe3,2.7,5.51799343227274
CrTe,4.0,7.2762269024908885
TiAlVCr,10.0,28.471395026809795
Cs2AgF4,0.9,67.16569052824016
Cs2Cu2(MoO4)3,0.84,6.213126589824295
Cs2KV3F12,1.47,10.075072465930173
Cs2LiRuCl6,1.14,15.718999946013513
Cs2NaV3F12,1.65,3.7391310049551842
Cs3Fe2Br9,10.0,16.25600459710234
Cs3Fe2Cl9,4.9,10.072092326638002
Cs2O3,0.37,6.434216091166324
CsCrCl3,8.0,17.866822254844895
CsFeCl3,1.3,17.309885065509945
A2E2MCuP,1.03,77.33472634947573
CuBr2,1.03,10.876429525633524
Cu,0.98,26.718844793437512
FeCu,76.8216,90.13616845937796
MnFeCu,51.0,83.62724354663607
Cr2CoO4,8.5,9.743352186826659
Fe2CoO4,76.85,67.0573970957041
Fe2Co0.85Cu0.15O4,47.33,63.599980994662026
Fe2.85Cu0.15O4,89.4,60.53951556375421
Zn0.8Co0.1Cu0.1O1,2.07,6.150033409245411
Cr2Co0.9Cu0.1O4,1.5,7.982447445946697
Fe2Co0.9Cu0.1O4,77.87,63.527953415538036
Gd0.05Fe1.95Co0.9Cu0.1O4,67.99,61.55133042134461
Ho0.05Fe1.95Co0.9Cu0.1O4,75.86,59.57333457094167
Sm0.05Fe1.95Co0.9Cu0.1O4,67.2,57.617868024580474
Mg0.4Zn0.5Fe2Cu0.1O4,27.0,42.53989015448214
Zn0.4Fe2Cu0.1Ni0.5O4,17.56,54.1001527448709
Sr0.75Fe2Cu0.25O4,20.8,31.606894933055898
Cr2Co0.8Cu0.2O4,2.4,8.23596960624985
Fe2Co0.8Cu0.2O4,68.31,59.02965512433323
Mg0.3Zn0.5Fe2Cu0.2O4,29.0,42.44592353565046
Fe2Cu0.2Ni0.8O4,34.61,43.04037635073328
Mg0.6Zn0.2Fe2Cu0.2O4,15.596,42.141925702860235
Mg0.45Zn0.2Fe2Cu0.2Ni0.15O4,15.646,40.11087931636982
Mg0.3Zn0.2Fe2Cu0.2Ni0.3O4,15.662,41.04190783979746
Mg0.15Zn0.2Fe2Cu0.2Ni0.45O4,15.732,47.285827095835515
Zn0.2Fe2Cu0.2Ni0.6O4,15.748,51.029388076460144
Zn0.3Fe2Cu0.2Ni0.5O4,35.72,53.12025157754032
Zn0.8Fe2Cu0.2O4,12.33,37.636014893678
Fe2Co0.69Cu0.31O4,64.41,57.197446693273434
Fe2.69Cu0.31O4,87.4,74.41421979607901
Cr2Co0.7Cu0.3O4,12.4,6.864284967483025
Fe2.7Cu0.3O4,105.0,70.9260378013057
Mg0.2Zn0.5Fe2Cu0.3O4,33.0,40.38090140827772
Zn0.2Fe2Cu0.3Ni0.5O4,56.19,48.59049496826654
Fe2Co0.53Cu0.47O4,49.72,56.81361941585145
Fe2.53Cu0.47O4,69.6,66.78760313892938
Zn0.42Cr2.12Cu0.49Se4,4.6,5.800842748479283
Fe2Co0.6Cu0.4O4,59.31,56.16885451318894
Mg0.1Zn0.5Fe2Cu0.4O4,35.0,41.05383173175514
Mg0.4Cr1Fe1Co0.2Cu0.4O4,18.44,23.551833041259723
Fe2Cu0.4Ni0.6O4,28.85,52.28406600659699
Zn0.1Fe2Cu0.4Ni0.5O4,81.75,47.7550189946491
Zn0.6Fe2Cu0.4O4,32.0,44.11489308715922
Zn0.33Cr2.08Cu0.58Se4,4.4,6.021233402925649
Cd0.125Fe2Co0.375Cu0.5O4,128.49,56.240077421599516
Fe2.5Cu0.5O4,105.0,54.43013780626832
Zn0.5Fe2Cu0.5O4,38.0,39.443117896194316
Mg0.5Fe2Cu0.5O4,22.771,40.364354397394024
Mn0.5Fe2Cu0.5O4,28.7,37.54748553119737
Fe2Cu0.5Ni0.5O4,102.18,42.84579092445627
Sr0.5Fe2Cu0.5O4,27.9,39.32407645961106
Zn0.4Fe2Cu0.5Ni0.1O4,55.4,42.49156807464017
Tb0.05Zn0.5Fe1.95Cu0.5O4,45.0,36.6261861979089
Zn0.5Fe2Cu0.5O4,61.68,39.443117896194316
Fe2Co0.4Cu0.6O4,43.62,55.79205609551585
Mg0.4Fe2Cu0.6O4,42.44,40.7430549588637
Al1Fe1Co0.2Cu0.6Ni0.2O4,91.0,28.694629977425343
Fe2Cu0.6Ni0.4O4,28.15,51.02304206359446
Zn0.4Fe2Cu0.6O4,6.37,44.24260863322799
Zn0.31Cr2.37Cu0.72Se4,5.33,7.0276852939558
Mn0.25Fe2Cu0.75O4,24.8,39.46259156791429
Sr0.25Fe2Cu0.75O4,35.2,43.69251300477754
Zn0.25Fe2Cu0.75O4,19.931,46.96552834230339
Sm0.1Zn0.25Fe1.9Cu0.75O4,10.661,33.75951865399393
Sm0.25Zn0.25Fe1.75Cu0.75O4,25.033,27.02046985203353
Cd0.3Fe2Cu0.7O4,201.6,37.57233545245018
Cr0.25Fe1.75Co0.3Cu0.7O4,49.25,42.83177486470469
Cr0.2Fe1.8Co0.3Cu0.7O4,60.66,46.89868473309917
Cr0.05Fe1.95Co0.3Cu0.7O4,25.23,53.06008953214577
Cr0.1Fe1.9Co0.3Cu0.7O4,61.29,46.01837697829946
Fe2Co0.3Cu0.7O4,55.91,53.76093799977166
Mg0.3Fe2Cu0.7O4,43.3,42.74646038660795
Zn0.17Cr2.16Cu0.81Se4,5.15,5.492678053955231
Zn0.19Cr2.2Cu0.82Se4,4.69,5.504615254077611
Fe2Cu0.8Ni0.2O4,24.58,36.36291920079189
Zn0.2Cr0.02Fe1.98Cu0.8O4,30.82,39.558679418233424
Zn0.2Cr0.04Fe1.96Cu0.8O4,31.68,37.20477046630813
Zn0.2Cr0.06Fe1.94Cu0.8O4,33.69,36.58590076594015
Zn0.2Cr0.08Fe1.92Cu0.8O4,34.19,36.09596966465374
Zn0.2Cr0.1Fe1.9Cu0.8O4,30.31,35.04160046013875
Zn0.2Fe2Cu0.8O4,55.3,31.33168022565694
Gd0.08Fe1.92Co0.08Cu0.92O4,27.264,29.844246401359584
Zn0.08Fe2Cu0.92O4,7.15,32.62658501767346
Gd0.06Fe1.94Co0.06Cu0.94O4,26.169,31.59876583276541
Mn0.02Fe0.02Co0.02Cu0.94O1,1.5,3.723352676738857
Zn0.07Cr2.19Cu0.95Se4,5.13,5.393971342800944
Gd0.04Fe1.96Co0.04Cu0.96O4,25.676,29.822786385847106
Zn0.04Fe2Cu0.96O4,4.13,29.17590331578358
Mn0.01Fe0.01Co0.01Cu0.97O1,1.0025,3.186540925057817
Mn0.01Fe0.01Cu0.97Ni0.01O1,1.15,5.065731048013799
Mn0.005Fe0.005Co0.005Cu0.985O1,0.484,3.0739989706916924
Mn0.0125Cu0.9875O1,1.11,4.694212456711041
Gd0.02Fe1.98Co0.02Cu0.98O4,25.371,28.414154597003346
Zn0.02Fe2Cu0.98O4,3.87,30.238184121961062
Mn0.0075Cu0.9925O1,0.86,3.3907982708282853
Gd0.1Fe1.9Co0.1Cu0.9O4,28.278,32.44730426910887
Fe2Co0.1Cu0.9O4,36.8,39.664258091112295
Nd0.05Fe1.95Cu0.9Ni0.1O4,18.51,27.441010262259926
Nd0.04Fe1.96Cu0.9Ni0.1O4,23.02,26.37438553727828
Nd0.03Fe1.97Cu0.9Ni0.1O4,22.6,28.650554621363558
Nd0.02Fe1.98Cu0.9Ni0.1O4,24.22,29.690392297716905
Nd0.01Fe1.99Cu0.9Ni0.1O4,24.01,30.060255429826064
Fe2Cu0.9Ni0.1O4,26.05,34.20518558808892
Cu1.5Mo83H2O1,2.2,21.525406997816354
Cu2H3ClO3,0.9,5.48241925710776
MnAlCu2,93.76,47.52566498875734
Mn1Al0.9Ga0.1Cu2,92.18,61.33718622241301
Cu2SO5,0.23,11.676728324219447
Cu2Te2Br2O5,0.4,2.3739297593954385
Cu2Te2Cl2O5,0.88,5.154810320821503
Cu2Mo87.6H2O1,1.65,20.61856974055368
Cu3232ClO4,3.0,36.60146613645039
Cu3BiSe2BrO8,0.9,13.855225616173954
SmCu3Se2ClO8,2.7,92.95500993850756
YCu3Se2ClO8,335.816929923698,6.943557573685698
Cu4H6ClO6F,0.2,7.548227088428522
CoCu,71.72,96.80280895011627
FeCu,66.0,90.13616845937796
Mn5Al3(GaCu5)2,20.0,58.84625574520369
Mn25Al17(Ga4Cu25)2,83.0,53.743418039067684
Mn25Al21(Ga2Cu25)2,88.0,73.03513707158906
MnAlCu2,95.0,47.52566498875734
CuPt,82.57600000000001,37.87459059707538
FeCu16Ni3,16.4,25.28994834931514
Al0.2Fe1.8Cu1O4,57.04,48.5012577114058
Al0.4Fe1.6Cu1O4,39.34,45.103275054830185
Al0.6Cr0.2Fe1.2Cu1O4,189.92489875621467,26.405768693255492
Al0.6Fe1.4Cu1O4,29.13,49.95773321644192
Cu(AsO2)2,1.0,9.354117369207717
MnGaCoCu,2.32,21.241003548760222
Cr1.8Cu1Sn0.2Se2S2,3.8,8.629826490255894
Cr2CuS3Cl,6.0,9.078308429613317
Cr2CuS4,5.02,5.086103350684774
Cr2Cu1Se3.22Br0.78,5.62,5.759804633879937
Cr2Cu1Se3.6Cl0.4,5.28,5.894385163582429
Cr2CuSe3Br,6.0,5.631661194583185
Cr2CuTe3I,5.99,16.87691036858783
Cr2CuTe4,5.31,8.883096360641307
TiCrFeCuNi,64.38,43.0912760463873
CrCu(PS3)2,3.0,7.081525766968996
Eu2Cu(GeO4)2,1.22,8.879750624242686
Ti0.1Fe0.9Cu1O2,17.43,35.839004119104025
Cr0.5Fe1.5Cu1O4,17.22,31.92421904426493
Cr0.35Fe1.65Cu1O4,22.09,29.63332894553768
Cr0.15Fe1.85Cu1O4,25.32,31.631804881777356
Ga0.15Fe1.85Cu1O4,186.74179989437863,61.540098728007806
Cr0.2Fe1.8Cu1O4,29.28,34.95131853858055
Ga0.2Fe1.8Cu1O4,183.55870103254267,65.47109002619572
Cr0.05Fe1.95Cu1O4,34.48,30.421239865479077
Cr0.1Fe1.9Cu1O4,31.48,31.05238848690195
Fe2CuO4,11.0,30.51718583374369
FeCuAs,0.4,37.989086661034634
FeCuO2,28.29,29.490489697062365
FeCuSb,1.7,25.58611502115501
Cr4InCuS8,3.06,7.592423989682034
MnCuSb,3.93,16.123278834250968
Nd2Cu(GeO4)2,3.3,5.375289692420148
CuNi54,15.91549430918,31.463490909433474
CuNi58,19.098593171016,47.58390790270493
Fe2CuNiO4,73.5,49.94190533297086
CuO,39.88,6.132006601103122
Cu(PO3)2,0.53,25.115363827791597
CuPOF,106.10329539453332,25.930035529955838
Cu(RhO2)2,14.97,24.905977649760867
Sm2Cu(GeO4)2,1.2,4.382914939678772
Tb0.025Fe1.975Cu1O4,28.99,27.72357777688786
Tb0.05Fe1.95Cu1O4,16.89,28.32495860678437
Tb0.075Fe1.925Cu1O4,18.51,27.518722142122662
Tb0.125Fe1.875Cu1O4,16.98,30.282991933231663
Tb0.15Fe1.85Cu1O4,17.4,26.63185965444662
Tb0.1Fe1.9Cu1O4,22.74,26.33334714378735
MicrowireCoCuNi,3.6,89.32824514099265
Mn3.2Ga1H22,20.4,44.42557429475173
Fe3H3Rh,286.6666666666667,135.24001899461342
H2,7.416,60.447559689417616
EMBHC,11.19,47.61794752610368
MMagnetCePH,147.3,51.70296724364699
Mn3GaHO22,24.726666666666667,44.43575742037753
DyFe,100.0,48.48918008209323
Dy0.2Y0.8Co5,81.0,56.219267478913196
Dy0.4Y0.6Co5,77.0,60.939967567190216
Dy0.6Y0.4Co5,51.0,61.70980466135416
Dy0.8Y0.2Co5,43.0,54.43395133421153
Dy11In9Co4,107.7,111.58085719498187
Dy21.3Fe6296Co1574,20.0,39.40473902309575
Dy27.3Fe5816Co1454,10.0,53.59063836348015
BaDy2CuO5,10.1,7.417329264943238
Dy2Ga6Fe11,2.3,33.06481639782222
Dy2Ga5Fe12,3.0,32.35469114568919
Dy2Fe14B,7.1,78.53066195930825
Dy2Fe14Si3,8.0,34.5713363390887
Dy2Fe17,15.13,75.1388755355493
Dy2TaFeO7,11.0,10.054913991062085
GdDy2C80N,17.0,42.56265578976187
Dy2Si0.125Ge1.875O7,4.8,7.571747117234558
Dy2Ge2O7,4.8,12.43067091245398
Dy2TeO2,6.9,9.396062697433422
Dy2Ti2O7,15.5,12.528892696894413
Dy2Zr2O7,5.0,10.228687815943701
Dy3Fe14.5Mo14.5,73.0,74.31089495879934
Dy3Co11B4,19.1,23.681682660259447
Dy,76.0,17.208924081802643
Dy5BO,4.0,54.92409295715615
Dy5(SiGe)2,8.06,57.32141324947369
Dy6Al0.8Co2.2,38.0,73.28356940183187
DyBi,9.9,13.135113132661626
Dy(Co2B)6,5.9,13.831469845402278
DyCo2,6.78,16.206962262607984
Dy1Mn0.2Co2,6.36,46.816200424818035
Dy1Mn0.4Co2,5.41,27.473905017579064
Dy1Mn0.6Co2,5.27,40.749214583730975
DyMnCo2,4.08,48.74099172505102
DyCo5,30.0,47.46397671150653
DyCuGe,7.3,8.065691743352959
EuDyMnZn,28.8,37.04732399553329
DyFe11Mo,85.42,32.69266794854713
DyTiFe11,9.28,28.712699326268684
DyFe2,101.33333333333331,30.396521093143853
DyAl7Fe3Co2,3.0,15.257878967647384
Dy1Al7Fe4.5Co0.5,2.3,5.511937269278423
Dy(Al2Fe)4,6.0,23.59817549770745
DyAl7Fe4Co,2.5,1.817648250512225
DyAl7Fe5,2.1,24.285125710713675
GDyI,4.246666666666667,14.922277308053685
DyMnO3,8.8,42.374734442206226
DyN,31.83098861836,5.95717110117665
DyNi2,8.7,13.893003416951604
DyMnNi2,6.7,11.07472854496253
DyNi4B,8.2,11.22586796128568
DyAlNi,8.5,13.660162827260148
DyBrO,9.2,18.6824372580184
DyClO,9.2,7.1146553363656855
DyOF,6.6,12.886538190077893
Dy(SiRh)2,9.1,3.2255652813890885
DySb,10.0,11.761878608442688
DySbTe,8.6,8.402721677153881
DyScO3,10.0,62.138436809512854
Dy(VSn)6,9.52,8.10563081688414
EF,160.21597604574532,52.85838402300878
E2R98UOF,192.04696466410533,111.38148254575673
Endorem,88.0,76.2980036969739
EquiatomicFeCoNi,160.0,92.75649190297544
Er1Fe0.25Co1.75,116.19,30.054834961192476
Dy0.5Er0.5Fe1O3,8.4,39.48372890177275
Y0.5Er0.5Mn1O3,3.08,21.33393900163925
Tb0.25Er0.75Al2,7.9,13.42712910491938
ErFe9,1.2,53.68636250634104
Er11In9Co4,112.6,82.53075470418051
Er16.5Fe83.5,0.8,43.013609222640504
Er21.5Fe78.5,0.5,59.036769920057154
Er7Fe18,0.7,56.958661103164005
BaEr2CuO5,9.0,5.5550507029143885
Er2Fe14Si3,9.6,27.3480224168628
Er2Al2Fe15,12.7,60.231285046852506
Er2Ga2Fe15,17.1,65.14583175430083
Er2Fe15Ni2,18.0,62.05090945360395
Er2Fe15Si2,16.5,40.427540764434674
Er2Fe17,73.0,68.98747183528457
Er2Mn2O7,18.9,23.535563497117703
Er2Si3Rh,6.5,16.588063879837602
Er2Ti2O7,10.4,15.194479750255047
Er2Zr2O7,9.0,10.778089585758615
Er3Al2,27.0,58.87011887572814
Er3Co11B4,14.2,29.410706541147153
Er3Ga5O12,5.61,15.1869245376116
Er3Al19Ni5,7.0,11.725597610151995
Er3(Al3Ru)4,27.0,8.430342907069656
Er5Si4,185.0,13.562202575468408
Er8.5Fe91.5,1.4,73.36561617926628
ErAl2,7.06,14.694365721340406
ErB4,227.06105214430136,94.9691367445337
ErCo,33.0,151.15456517673
Er1Ti0.03Co1.97,7.15,65.0202069622438
ErCo2,6.3,12.952330843477796
ErCo3,1.2,29.746248835279054
Er1Co6.2Cu0.8,64.0,59.722303727260396
Er1Co6.5Cu0.5,66.0,64.42527850086469
Er1Co6.7Cu0.3,79.0,53.272004425671625
ErCo6Cu,63.0,58.543970816197685
Er1Fe10.5Mo1.5,7.95,32.6700515849103
ErFe11Mo,12.3,26.325245185267974
ErTiFe11,26.5,27.442521604051926
ErTiFe11H,26.5,65.0734991645533
ErFeO3,7.6,29.032993874476432
ErGa2,9.5,18.796096321645805
ErMn4Fe8C,6.37,95.30414339499367
Er1Mn6Ga0.91Ge5.09,20.0,13.85151809255553
ErN,6.0,31.54629471636511
ErNi,6.9,20.575904457889
ErMnNi2,4.5,14.339918962658087
Er(Al3Ni)3,8.84,11.55786418832731
ErNi4B,6.4,9.60676923485379
Er(SiPd)2,8.2,8.943921907005684
Er(VSn)6,7.41,11.996208120044706
Eu,1.64,14.722932121864272
Eu,1.61,14.722932121864272
Eu,1.02,14.722932121864272
Eu,1.89,14.722932121864272
Sr0.42Eu0.58Mn1O3,3.1,10.425086530658126
Ba0.5Eu0.5Ti1O3,6.72,11.2983480773477
Yb0.5Eu0.5Ga4,3.47,11.92503238927052
Sr0.1La0.3Eu0.6Mn1O3,2.0,19.07135076566132
Ca0.27Eu0.73Fe1.74Co0.26As2,7.05,13.735212164582594
La0.1Eu0.9Ti1O3,7.0,12.548462258334823
EuO,1.5,9.526929397289074
Eu2TaFeO7,2.9,6.90263973446971
Eu2In,14.4,40.58295076366317
Eu2MnSi2O7,8.1,4.839764292718256
Eu2Mo2O7,1.7,8.665006183717953
Eu3InAs3,22.2,8.389621150005535
Sr2Eu2Ga8Ge15,6.7,9.60961886663687
Eu5(InAs3)2,7.2,12.106997951155693
SrEu3Ga8Ge15,7.0,8.150862691447243
Eu4Ga8Ge15,7.0,8.740544449680732
Eu(Ag2Sb)2,6.3,14.941781240199754
Eu(AlGe)2,7.0,6.293096733838636
EuAsAu,7.6,5.893863262609612
EuSbAu,6.84,7.730367586509975
EuB6,7.0,51.335218841442156
Ba1Eu1Co2O5.5,0.8,7.962335382263945
EuBiTe3,7.0,8.564352853472501
Eu(CdAs)2,7.7,7.013929554733244
Eu(CdSb)2,6.95,8.71294244730753
Eu(CoP)2,7.0,16.848675791343737
Eu(CrAs)2,6.8,4.375502831947842
Eu1Cu1.82Sb2,6.77,6.458474222022874
Eu(CuAs)2,6.95,5.4768519987795266
EuCuP,7.82,7.180793118310298
EuCuSb,6.2,5.91074939091775
Eu(FeP)2,6.7,28.006316419759997
Eu(FeAs3)4,4.5,14.44712166761527
Eu(FeSb3)4,5.0,13.083049669952855
GEuI,9.6,35.76313566572997
G2EuI,16.53333333333333,49.92034878400086
Eu(PIr)2,6.9,13.227574891920971
EuMnBi2,6.4,10.969142431584931
EuNiGe3,7.0,7.141193704068492
EuO,7.0,9.179235799033371
EuSi3Pt,6.43,12.112099659617108
EuSe,7.0,10.742662699618695
Eu(SnP)2,6.01,9.60470582281371
EuTe2,5.89,8.76899955944409
EuTiO3,7.0,6.796522623596983
EuVO3,2.0,4.54832323560477
Eu(ZnAs)2,6.93,5.675682839769866
Eu(ZnP)2,7.0,3.5642255131599017
EuZrO3,6.2,10.165768337388535
GHF3,1.27,44.741205477370876
CN10F,171.5,97.48765071212115
CN20F,166.9,120.09534098241744
CN40F,135.0,111.18945779817896
CN50F,97.4,128.41448383583037
E2MHINF,116.71362493398668,89.0102953578538
MEuZn2P2F,7.0,48.66644323028123
M2F,213.3333333333333,59.41865241023655
MCF,0.44,44.919969442424986
MC2F,0.28,39.02286400285786
PF,15.351,45.10350518178803
P100F,63.6,67.42053637266277
P2F,26.13,36.812573499577866
P20F,60.9,74.94913749730522
P3F,32.51,46.532415855864784
P4F,55.23,42.95674525200089
P60F,66.3,64.84841440304483
SF,50.0,48.50364434179625
S2F,80.0,74.82746134356239
S3F,90.0,65.38754127377844
Z15F,18.9,55.36014324848551
Z30F,39.3,44.48231022649648
Z50F,56.1,46.24165057521596
FeC,200.0,146.50507599439146
FeCo,110.0,207.84673253418592
FeN,248.66666666666663,184.6143275056574
Fe1Sb1.4Te0.6,10.5,9.831749822019884
Fe1Sb1.6Te0.4,6.0,10.66024099991214
Fe1Sb1.8Te0.2,5.8,9.023696315364473
MCsFeSiSO2F,175.1,60.19777993793892
Fe0.4P1,226.000019190356,66.51750963293719
Ni,227.0,39.23522045279564
Ni,180.0,39.23522045279564
Si,185.6,85.07054153129224
CrFe3,189.3333333333333,117.55142975079661
Tb1Ga0.15Fe9,173.73333333333332,110.99036117311425
Tb1Ga0.37Fe9,174.66666666666666,119.92204285151834
Ni,219.0,39.23522045279564
Ni,180.0,39.23522045279564
Si,106.5,85.07054153129224
Mn0.5Cr1Fe1Ni1,152.0,58.72095593909352
CrFe3Co,171.0,149.47101333232575
Cr0.9Fe1.89Cu1Ni0.79,108.225361302424,68.24998155033461
Mn1Cr0.45Fe2Cu0.5Si1Ni0.7,54.112680651212,53.29737382469326
Fe5Co,228.33429168903567,159.14470452786915
Fe5Co,254.64790894688,159.14470452786915
FeSi,209.8723182903869,87.94241399113234
Cr,134.66666666666666,46.39387124638111
VFe9Co,236.6103487298093,170.34345992463682
Nb1V0.1Fe9Co1,236.6103487298093,154.98007950873478
Fe9Ni,127.32395447344,197.0145496617049
Ni,157.0328771839093,39.23522045279564
Co,254.64790894688,131.7491594757184
FeSi,209.0,87.94241399113234
Fe0.5Si1,186.74179989437863,54.24176414108534
Fe0.5Si1,188.0,54.24176414108534
Ti1Fe0.5Si0.5,183.7,55.33468707283452
Fe0.5Co1,188.31,158.53364512024126
Ti1Fe0.5,181.8,102.52364266534528
Ti1Fe0.5Si0.5,179.8,55.33468707283452
Ti1Fe0.5,174.6,102.52364266534528
Fe0.5Co1,190.63,158.53364512024126
Fe0.5Co1,188.68,158.53364512024126
Fe0.5Co1,189.5,158.53364512024126
Cr,32.0,46.39387124638111
NiMo,63.66197723672,40.090235961947435
AlFeN,1.7,120.81437254385422
TiAlFe,201.5962612496133,45.70343990325089
FeAu,345.89674298617865,95.63682367354194
FeB,144.0,138.062482580779
FeBP,123.0,110.39421162698311
BaTiFeO3,14.666666666666666,15.27685004471655
FeCo,2.76,207.84673253418592
FeCo,207.0,207.84673253418592
MicroclustersFeCo,197.0,128.660638151966
AlFeCo,173.33333333333334,66.83634882335865
FeCoB,127.0,136.58084320611118
FeCoC,222.81692032852,112.78209393891598
TiMnFeCoB,138.0,78.57593754931095
FeCoN,246.66666666666663,86.7241406021557
FeCoNi,146.66666666666666,121.35761736500413
FeCoNi,59.73,121.35761736500413
FeCoCuSiNiBMo,165.5,84.58480793208076
FeCoSiBC,171.906,118.97254159743784
CrFeB,114.0,89.90567606734948
CrFeN,40.0,87.10270062365024
CrFeNi,95.49296585508,69.09343879692057
FeCu4,11.9,39.522290340170585
FeCu4,16.3,39.522290340170585
NbFeCuSiB,140.0,62.49489451708092
Fe3P2HCO3,130.9,68.70275900629116
ZFe3Ni2PSO3,103.0,54.8897398625933
FeO,26.0,86.52288109615581
FeF,165.33333333333334,73.81332679561808
GaFe,169.76527263125334,57.01053972028924
HfFeCN,17.0,92.79886385777813
HfFeN,17.0,135.16014113559132
FeIr,329.98124867699863,128.8698685453794
MnFe,218.0,113.06132574098454
FeMo,204.5,95.47603692538898
CrFeNiMo,130.1,72.24605471796012
FeN,22.933333333333334,184.6143275056574
FeBN,249.3427441771533,96.72772468348764
TbNbFeB,38.0,91.69763193286435
NdAlFe,51.17,52.487016810306386
FeNi,0.3586666666666666,123.55279987310773
MartensiteFeNi,212.20659078906667,83.23653159372282
FeNiB,96.0,132.03863247491677
TiFeNiO2,0.2186666666666666,41.74943672709682
FePd,162.338041953636,119.19784741730845
FePt,134.75118515105734,103.43710508449271
FeSi,190.98593171016,87.94241399113234
AM2FeSiHS,178.253536262816,64.20135006333145
FeSiB,120.0,114.8819932639806
GlassMetallicFeSiB,152.788745368128,59.54534998410175
FeSiBC,163.552,122.35960844521074
FeSiBPC,174.00940444703463,131.2271331620512
NbFeCuSiB,134.0,62.49489451708092
FeSiNi,254.4,68.69117386227583
FeCoSiBPC,165.521140815472,121.63280972205625
FeSiBMoPC,116.71362493398668,115.08397976477163
SmFe,194.13333333333333,72.3958574522477
SmFeO,190.66666666666669,55.83191292194426
TiFe,210.0,93.97442678067021
TiFeN,19.0,124.70001182660047
VFe,0.25,158.66161614142442
Fe2O3,190.3,55.66373769115185
Sr0.5Ti0.5,0.00085,54.92854096902154
Ti2O3,0.98,16.541411921619595
Fe0.02Cu0.98S1,0.084,2.939012932023736
Fe0.04Cu0.96S1,0.136,3.4833833699175853
Al0.1Cr0.15Fe0.18Co0.36Ni0.21,32.93333333333333,84.10125838307505
Zn0.8Fe0.1Co0.1O1,0.04,19.215296088621937
Fe0.2Ni0.8,6.666666666666667,64.90279634117992
Fe0.24Ni0.76,18.666666666666668,68.95512599234439
Ta1Fe0.25S2,4.0,8.83652764283485
Ta1Fe0.26S2,3.96,6.910009797181599
Fe0.3Ni0.7,38.66666666666666,87.4945332975704
Fe0.3Pd0.7,76.0,66.36912311816938
Fe0.32Ni0.68,41.333333333333336,92.13555792204278
Fe0.4Ni0.6,73.33333333333333,107.38155918396961
Fe0.45Ni0.55,100.0,103.68546474221073
Er0.03Fe0.47Co0.5,0.182,127.28812002871513
Fe0.4Co0.6,230.0,156.00269111950357
Fe0.4Ge0.6,1.22,33.6419787299268
Fe0.56Ni0.44,169.73333333333332,99.82479210420652
Fe0.5Co0.5,217.0,153.50644525351544
Fe0.5Co0.5Si1,28.0,132.99385927318235
Fe0.5Ge0.5,1.7,51.75798976712646
Mn1.5Al1Fe0.5Ni1,157.0328771839093,50.3998935674744
Fe0.6Ni0.32P1Pd0.083,72.0,86.33217312293229
Zr0.08Ga0.36Fe0.64,54.0,65.80582432358389
Fe0.64Ni0.36,120.0,88.7997418262482
Fe0.675Co0.3Re0.025B1,122.2,165.27498453354806
Fe0.6Co0.4,214.0,179.34195915909606
Fe0.6Pt0.4,10.37,105.44283465558942
Zn0.4Fe2.6O4,96.0,64.31998652321433
Zn0.4Fe0.6Mo3O8,3.5,17.00103685030692
Zr0.08Ga0.26Fe0.74,110.0,56.95447153738059
Fe0.75Co0.25B13,211.1455578351213,209.9766776344636
Fe0.76Si0.24,113.33333333333334,81.65279689670558
Mn0.1Al0.1Fe0.77Co0.2Si0.03,186.5,132.61687560629883
Fe0.78Pd0.22,165.33333333333334,141.09015046677223
Fe0.79Si0.21,14.16,140.9589407715045
Fe0.7Co0.3,231.0,179.85864331508543
Fe0.7Co0.3B1,231.30518396008267,124.31860475035829
Fe0.7Co0.3Si1B16,193.10799761805063,200.37798819420578
Al1Fe0.7Co0.3B19,210.0,179.80514610039725
Fe0.7Co0.3Cu1B19,257.0,188.54499381656336
Fe0.7Co0.3Si1B19,228.0,208.41785383665257
Fe0.7Co0.3B20,239.0,201.39365509114776
Fe0.7Co0.3C1,229.183118052192,156.33175985929293
Fe0.7Co0.3N1,232.366216914028,165.64791153413523
Fe0.7Co0.3Si1,0.25,139.91374176225636
Ga0.3Fe0.7,149.73333333333332,77.57069278643894
Fe0.8,134.0,52.035689620273686
Al0.2Fe0.8,191.0,134.21229456428972
Fe0.82Si0.04B0.13C0.01,174.00940444703463,183.80562197526586
Fe0.82Co0.05Si0.04B0.13C0.01,183.55870103254267,182.93723931259154
Fe0.82Co0.1Si0.04B0.13C0.01,186.74179989437863,184.68864228568452
Fe0.82Co0.15Si0.04B0.13C0.01,188.8638658022693,186.52949187621917
Fe0.84Si0.16,173.33333333333334,136.9465760965562
Fe0.85Co0.15Si1B16,194.169030571996,196.77551498455722
Zr0.08Ga0.15Fe0.85,126.0,82.43427879939584
Ga0.11Fe0.89,129.33333333333334,119.31547078785158
Al0.2Fe0.8,182.0,134.21229456428972
Al0.2Fe0.8,168.0,134.21229456428972
Al0.2Fe0.8Si0.05,168.0,129.40046409298247
Al0.2Fe0.8Si0.1,136.0,118.50552803422882
Al0.2Fe0.8Si0.15,117.0,93.1156462483342
Al0.2Fe0.8Si0.2,75.0,97.18673279882084
Fe0.8Co0.2B13,213.267623743012,209.0896933170725
Fe0.8Co0.2Cu1B13,212.20659078906667,165.81784967130392
Fe0.8Co0.2Si1B14,203.718327157504,201.08282854139918
Fe0.8Co0.2Si1B15,199.47419534172263,198.57806665541835
Fe0.8Co0.2Si1B16,197.352129433832,196.8055445911543
Fe0.94Ni0.06,123.6,170.18907824475895
Mn1V0.05Fe0.95Si0.5P0.5,3.6,51.01713381693095
Fe0.9Co0.1,225.0,133.51886631487432
Fe0.9Co0.1Si1B16,193.10799761805063,197.56152361411935
Ga1Fe1.25Co1.75,4.61,18.051897233983276
Fe1.35Si1,61.53991132882933,104.21953433949488
Ti0.65Fe1.35O3,1.33,29.054467535624774
Ga1Fe1.5Co1.5,4.86,9.275879455674321
Fe1.5Co1.5Si1,228.12208509824663,86.79890944969019
Ga1Fe1.75Co1.25,4.62,17.44484529638814
Fe1.75Si0.2Ni0.2P0.8,2.9,91.6724360169762
Al2Fe1.82Si0.18O3,125.14,56.472513048202906
Sm0.2Fe1.8Co1O4,50.5,52.298561039094714
V0.09Fe1.91B1O4,0.1,48.8373499809757
Sm0.1Fe1.9Co1O4,70.0,55.23553171003704
Fe1.9Ni0.9P1Pd0.2,55.6,74.08098110937897
Fe,0.253,150.1988131017964
Nb2.6Fe13.8Co65Cu0.6Si9B9,1.08,104.99429120440743
Nb3Fe14.7Co58.8Cu1Si13.5B9,0.86,80.69045428473481
Nd2Fe14B,120.0,141.79587133683148
Fe3Ni17,95.49296585508,55.5384058947714
Fe16C,1.87,78.97556411263633
Fe8N,293.3333333333333,183.91885313214465
Fe9Ni41,85.0,71.38912357788743
Fe19(Co19Ni8)3,102.1,136.68933655651543
Fe1Co0.6Ni1,97.1,97.27714764517502
Fe1Co0.8Ni1,126.8,112.20238697746414
Fe1Co0.8Si0.5Ni1,113.92,96.09381043506235
Fe1Co0.8Si0.6Ni1,93.49,91.84599687606496
Fe1Co0.8Si0.7Ni1,71.3,92.78584826269545
Fe1Co1.2Ni1,98.7,121.34988590865926
Fe1Co1.4Ni1,129.5,119.40469491597584
FeCoNi,106.4,121.35761736500413
Al1V0.9Fe2.1,0.37,14.043358972983409
Al1V0.8Fe2.2,0.74,14.218153463409635
Fe2.59Co0.41O4,67.0,71.66167873291084
Fe2.5Sn0.5O4,37.2,52.669468760062145
Fe2.64Ge0.87Te2,1.0,6.194054704042996
Gd0.25Fe2.75O4,46.1,62.58119468233581
Zn0.3Fe2.7O4,72.0,68.80195682327772
Zn0.2Fe2.8O4,84.0,69.30937119038035
Zn0.1Fe2.9O4,92.0,60.902976846621115
Fe,3.764,150.1988131017964
Ca5Fe4,1.522,70.76882905510348
FeCo4,180.0,186.69638190338515
FeCu4,11.0,39.522290340170585
FeCoNi3,54.3,87.7347246118981
Mn7Fe11Co11Ni11B10,81.69953745379067,101.44041976313036
Mn6Fe11Co11(NiB)11,87.00470222351733,116.90515640146972
Fe23Co38.5Ni38.5,130.5,111.51234784487443
Fe23B6,180.37560217070663,159.70623272265516
Fe24C,1.98,67.06582220313737
FeNi3,127.32395447344,76.17425903601769
Fe13Co19Ni18,85.2,122.58095987222391
Al(FeB)2,1.19,30.65119957960396
Fe2C,2.27,85.14750074049428
GaFe2Co,5.56,32.04261685550477
Zn0.75Ga0.25Fe2Co1,6.51,83.34826369538767
Zn0.25Ga0.75Fe2Co1,6.22,33.59935028598041
Fe2CoGe,5.4,68.74610544730436
Fe2CoS,158.09391013785466,82.85806325727835
Fe2CoSi,189.92489875621467,85.63873929696655
ZnFe2Co,6.64,101.12632215297026
AlFe2Cu,3.3,44.799886656099794
Fe2CuB,7.77,113.1941484141698
GaFe2Cu,3.6,34.584635242652126
Hf0.6Ti0.4Fe2,59.6,33.467019873941965
Mn2Fe2N,52.13333333333333,85.73582382001513
MnFe2Ge,5.5,34.96734115282618
MnFe2Si,2.5,49.32856067197193
MnFe2Sn,6.45,26.068414371642568
Fe2Mo3O8,7.5,26.956331800779818
Al0.75Fe2Ni1.25,132.1,128.1506135496874
Al0.5Fe2Ni1.5,147.13,114.3298471076964
Al0.25Fe2Ni1.75,152.65,112.68360945682781
AlFe2Ni,133.18,41.39123676912864
Al(FeNi)2,158.39,89.6330505260683
GaFe2Ni,4.2,21.20815421116781
Fe2NiGe,13.333333333333334,35.5197796693296
Fe2P,112.0,88.26727587329547
Fe2B0.04P0.96,116.0,95.25509520951793
Fe2P0.96C0.04,113.0,98.24794428378962
Fe2Pd,6.48,138.67378225247873
Fe2GeRh,5.19,12.017763894095866
Fe2SiRh,5.0,46.50882607988723
Fe2GeRu,4.92,16.634497756527622
ScFe2,0.0653,54.16731973265191
Fe2Si,68.96714200644666,95.76718905749918
FeSiO4,232.366216914028,70.19376790093415
Fe2Si2HO8,271.62443621000534,158.22563949421112
FeSiHO4,314.06575436781867,111.44505463213278
TiFe2Sb,27.0,23.789373855645163
Al0.95V1Fe2,0.12,15.664071796913987
Al0.9V1Fe2Si0.1,2.5,28.202028616476344
Fe2W,45.624417019649336,71.53738888931323
ZnFe2B,6.47,72.70533113948936
Fe3GeTe2,1.03,14.352274966015742
Fe3.2Si0.8,154.0,89.80710783371484
Fe3.34Si0.66,146.66666666666666,135.34752480806833
Fe3.3Sn1,7.85,92.68525921080655
Fe3.8Co65.4Si13Ni1B13.8Mo1.35C1.65,84.88263631562667,77.34481277676404
Fe,17.328,150.1988131017964
Fe3Co7,200.6,150.74226589824883
E1A1Mn5.5Fe30Co29Cu5.5Ni30H1,127.9,76.43194310471814
Fe15Co11Ni24,75.5,82.92981603775439
Fe3Co2Ni5,43.7,91.49729268172314
Fe32.5Co32.5Mo35,133.0,98.9918635111452
Nb35Fe32.5Co32.5,14.0,93.31978522267403
Hf3Fe8Co11N3,148.54461355234665,132.4003360603986
Ta5Al6Fe33(CoNi)28,113.53052607215068,85.31593643321146
Ta10Fe33Co40N17,132.62911924316666,124.26449076817124
Fe33Co67,213.6,165.77237549214357
Fe33Co12Ni55,64.8,84.35333709301624
Nb8Fe34.5Co34.5Si4.6B18.4,75.1,88.6683261735279
Nb7Fe34.88Co34.88Si4.65B18.6,82.1,90.09579276903018
Hf12Fe34Co43N11,137.93428401289333,131.25830767437515
Nb6Fe35.25Co35.25Si4.7B18.8,96.0,93.4931594194191
Nb5Fe35.63Co35.63Si4.75B19,99.3,95.67846752673223
Mn12Al18(FeCo)35,149.35,132.952549779748
Mn3Al3(FeCo)7,162.77,126.45991381879332
Fe7Co13,0.0026666666666666,198.36261460835087
Fe7P6Pt7,56.0,62.07341463862288
Hf9Fe36(Co8N3)5,137.93428401289333,125.36788394045446
Hf9Fe36(Co4N)11,137.93428401289333,144.35134762276192
Fe37.5Co37.5Mo25,150.0,105.2413335459053
Fe37Co63,190.3,123.79435393775111
Fe38Co38CuB15Mo8,125.0,132.44425518658204
Fe38Co38CuB15Mo8,94.96244937810734,132.44425518658204
Fe19Ni31,159.1549430918,79.89666300116187
Fe39.5Co39.5Cu1B12Mo8,133.0,123.79407775346807
Nb6Fe39Co39CuB15,145.0,125.54474123532742
Nb6Fe39Co39B16,140.0,134.52382938084705
AlFe3,150.0,121.72473380673017
Fe3B,169.76527263125334,148.24213607031072
Fe3C,145.33333333333334,83.03533369624222
Fe3C2,150.0,92.84592210956671
Fe3CoP2,84.88263631562667,97.50573785049063
Ga4Fe3,1.5,82.15028997181543
Fe3Ge,165.521140815472,50.333646008694735
Fe3Si0.06Ge0.94,5.75,60.23129972012352
MnFe3C2,159.1549430918,99.87201409416394
MnFe3N,95.2,112.21198203878916
Fe3N,135.0,132.84295223815403
Fe3O4,1.4533333333333334,92.27544985043997
Cr4O3,30.94,30.64511647006567
Qu4O3,19.31,59.15509144623299
LRFe3NO400,67.0,66.41363686185318
LRFe3NO400,81.0,66.41363686185318
Fe3AgO4,37.0,48.3045953112007
O2,42.266666666666666,40.8980283475977
Fe3O4,46.6,92.27544985043997
Fe3AgO4,12.64,48.3045953112007
Fe3AuO4,28.0,47.29340499575447
Fe3BO4,62.3,65.09444723140668
Fe3(BO2)2,54.9,59.574163060554774
Fe3(BO)4,65.2,69.98745500021114
Fe3B5O4,63.7,89.85421524824739
MFe3BPO5,35.8,45.405607671601274
Fe3CO4,69.8,77.54127835090145
Fe3PCO4,60.629,69.71246289335343
Fe5CoO8,138.9953169668387,61.00878139524683
Gd2Fe3O7,1.33,19.392201298065917
AFe3AgHO4,59.11,50.16935215036343
LaFe4BiO7,17.53,47.25736920655191
VFe3BPHO4,39.7,62.23250493281897
Fe3PSO4,49.6,58.351580533712294
AVFe3PO4,39.62,34.4645920795402
A5Fe3BSO4,5.1,55.07077393246986
AbisoximepalladacycleFe3BSO4,2.1,41.89807741973485
Fe3SiO6,62.3,46.43344701669862
Fe3SiNiCO6,28.59,55.274027473799904
Fe3SiH2NO6,52.4,95.44195230038079
MFe3SiPHNO6,21.4,45.54883476842439
Ti(FeO2)3,26.6,34.654976504212186
Nd0.1Ti1Fe3O6,16.9,33.94344242053165
Nd0.5Ti1Fe3O6,33.5,35.10220714936539
NdTi(FeO2)3,27.3,27.34621090291377
Y2Fe3SO6,0.468,27.771658629865257
AFe3O4,88.0,65.34540358032018
Fe3BO4,90.0,65.09444723140668
Fe3CO4,90.0,77.54127835090145
Fe3HO4,94.0,70.09487953003139
EFe3O4,85.0,67.82006150836973
Fe3O4F,88.0,62.44444273662429
Fe3HC2NO6Ts,61.26,45.08530302009645
MgFe3O5,72.29,48.9386645557896
AAmFe3PO4,0.5,38.86722110305197
ALFe3PO4,52.1,50.00795108516709
Fe3P,180.37560217070663,94.2475197803944
Fe3Se4,22.66666666666667,19.381409062504293
Fe3Si,4.79,104.9172588690312
Fe3Sn0.75Sb0.25,161.27700899969068,56.28475034731496
Fe3Sn2,82.0,25.971606738591042
VFe3,134.75118515105734,132.087867302416
Fe4.7Ge1Te2,2.0,17.029720721377657
Nb7Fe40.5Co40.5B12,137.93428401289333,135.29971391397726
Zr7Fe40.5Co40.5Cu1B9Mo2,160.54,126.95674463587545
Zr11Fe40Co37N12,159.1549430918,129.7631419249228
Fe2Co2B,202.66666666666669,159.88659892396004
Fe2Co3,224.0,157.47770442911803
Ga3Fe2,65.33333333333333,34.16585834181207
Fe20Ni19B9Mo2,85.36,105.74945257933004
Fe2CoNi2,44.3,93.50743536941265
Fe,116.71362493398668,150.1988131017964
Fe42Co42CuB15,143.0,149.6863782267289
Fe42Co42CuB15,256.7699748547707,149.6863782267289
Mn7Ga7Fe11,71.0,37.721079485349755
Cr7Fe9Co4,1.0,118.39659857496717
Fe47.2Co11.8Pt41,73.67866666666667,103.18519743406728
Ti10Fe47Ni23B20,124.0,88.48476075902423
Fe24Co16B3P7,150.13616298326468,132.82336050787796
Zr6Ti7Fe48Co35B4,162.338041953636,149.79181552514598
V(FeCo)12,190.0,189.33845953579066
Fe12Pd13,121.0,71.8524639500551
Fe24Ag3B9Pt14,108.225361302424,85.9157666434667
V2(FeCo)49,221.75588737457463,163.64719193010131
V2(FeCo)49,211.0,163.64719193010131
Fe49Rh51,147.0,110.94523106941092
Fe4CoSi,152.788745368128,165.85166892012325
Fe4GeTe2,2.12,28.054383790450565
Fe4N,176.9,151.5511621872816
Nb2Fe4O9,1.08,27.325562510748906
Fe5GeTe2,94.4,21.954102304819898
Fe5.9Co53.1Pt41,159.49733333333333,66.70139970741307
Al3Fe5Ni2,0.49,71.31926736113394
FeB,150.0,138.062482580779
Zr6Ti7Fe50Co35B2,168.704239677308,159.08238602706223
FeCu,33.0,90.13616845937796
Fe5Co2Ni3,41.2,139.34850470148706
FeNi,133.0,123.55279987310773
FePd,133.06666666666666,119.77720728874982
Fe50Pt,4.4,54.054717947086395
FePt,146.66666666666666,117.67598211811432
Fe51Co49,224.3,146.94886772604863
Fe13Pt12,152.0,78.03373562456741
Fe53.1Co5.9Pt41,104.65733333333333,85.67065996734752
Zr6Ti7Fe53(Co15B2)2,164.46010786152667,149.34610839538553
Fe53Ni47,178.253536262816,128.75060858914276
Zr10Fe53Co10Ni7B20,45.624417019649336,73.8920392600877
Fe53Pt47,150.66666666666666,67.7572194896733
Fe54.6Co25.4N20,21.5,158.78073589880586
Cr14(Fe3Co)9,150.0,119.33600170912068
Nb7Fe54(Co9B4)3,132.62911924316666,137.34008708303304
Fe54Pt,29.6,45.94804370276503
Fe27Pt23,0.594,129.58801712265677
Fe11(Co2Ni)3,206.5,156.72066309678138
Zr6Ti7Fe55(Co15B)2,154.91081127601865,153.85765603980332
Fe11Co9,92.44,217.57522336917077
Cr5Fe11Co4,2.5,127.91387411818691
Fe56.25B25Pt18.75,142.17841582867467,86.84226806087884
Ti8.8Fe56.6B34,31.83098861836,96.28525502223053
Zr6Ti7Fe56(Co5B3)4,113.62,118.0880266706339
Zr6Ti7Fe57(Co2B)10,108.61,116.26575916386932
Al13Fe57(Co7Si3)3,93.33333333333331,133.95964754581485
Fe57Ni43,14.9,127.09088414470223
Fe57Rh43,160.0,132.33445052667776
Zr6Ti7Fe58Co25B4,147.48358059840132,150.1970155110133
Er6Al15Fe59B20,77.6,70.37107434295774
Zr6Ti7Fe59(Co5B2)4,152.38,124.52779706884066
Fe59Co41,210.8,181.94263162400466
Fe59Ni41,176.93333333333334,117.52380131337743
Fe59Pt41,56.51466666666667,93.62423820363051
Fe5CoN2,183.55870103254267,108.60360805326387
Fe5Ge3,70.0,57.110289767838225
Fe5B2P,142.66666666666669,88.51075789205652
Fe5Si11B2,122.66666666666669,114.20334118802961
Fe5SiB2,136.0,97.53039730836282
Al2Fe3,75.0,72.2515559879311
Zr90Fe12Co2(Ni70B)3,98.0,32.30827896370327
Nb6Fe60Co18CuB15,116.71362493398668,136.0080617604015
Nb3Fe30Co9B8,127.32395447344,132.09041263126096
Zr6Ti7Fe60Co25B2,177.19250330887067,150.64675825427395
Fe60Co35CuSi6Ni578(B4Mo)3,179.0,53.4996567480062
Ga2Fe3,106.66666666666669,75.39007406676978
Fe3Pt2,146.66666666666666,58.4241804183956
Fe61.9Co22.8Ni15.3,213.267623743012,191.1347442718001
Y8NbFe61(CoB2)10,145.3615146905107,99.94342811898417
Pr3.5Dy1Zr1Fe61Co13.5B20,148.54461355234665,131.4785094389682
Pr4.5Zr1Fe61Co13.5B20,153.84977832207332,127.38657240799867
Nb7Fe61(Co5B3)4,120.957756749768,140.1098938347301
Zr6Ti7Fe61(Co10B3)2,133.0,140.41296447883852
Y3Zr3Nb5Fe61Co8(NiB3)5,93.37089994718932,112.9879690669069
Y2Zr4Nb5Fe61Co8(NiB3)5,111.40846016426,106.82901076281578
Cr14Fe31Co5,175.0,93.87886585377822
Fe31Co19,160.0,169.86595628434057
Fe,140.05634992078402,150.1988131017964
Al2Cr2.3Fe63.7Co5Si3.3B5.5Mo2.5P8.7C7,90.18780108535331,108.3544097770033
Zr6Ti7Fe63(Co5B)4,137.5,146.13096095378904
Fe63Co21CuB15,173.0,185.32150750948762
Zr10Fe63Ni7B20,33.95305452625067,87.7032643261214
Nd9.6Nb4Fe64.32B22.08,51.99061474332133,68.97965193424719
Er3Al5(Fe16B5)2,78.0,72.40416284688867
Fe64(Co7B5)3,127.32395447344,180.58946276525774
Fe64Co21CuB15,198.41316238777733,168.92020795479425
Fe16Co9,59.5,194.06570650775444
Fe16Ni9,1.66,132.11412787301614
Fe16Pd9,164.74666666666664,73.30771215156759
Cr4Ga4Fe65.5B5.5Mo4P12C5,81.69953745379067,97.95820811414559
Zr6Ti7Fe65(Co5B6)2,109.78,116.72473639463945
Fe65Co15P13C7,158.3,150.06493583406925
Fe65Co20B11(PC)2,188.8638658022693,186.78925159723417
Fe13Co4B3,179.31456921676133,178.0013320632856
Zr6Ti7Fe65(Co10B)2,141.7,160.13269280460412
Fe13Co7,253.3333333333333,183.817266923185
Zn0.5Fe67Co35Ni0.5O4,3.733333333333333,114.91293411261162
Cr3Fe13Co4,172.0,151.91369028762472
Fe65Cu1.8Ni33.2,123.0,104.16971267986136
Fe65Cu1.4Ni33.6,115.0,115.09240860642635
Fe65Cu0.6Ni34.4,105.0,105.00149161632933
Fe65Cu0.2Ni34.8,103.0,108.33754926279727
Fe65CuNi34,109.0,107.3491642541304
Fe13Ni7,160.0,89.3316447187115
Fe13Pd7,175.86666666666667,76.26124767357685
Fe13Pt7,146.66666666666666,82.56554811845496
Tm3Fe13B4,37.0,44.89948484581764
Fe66.65Co16Si2Cu1.35B14,197.352129433832,175.97481648800675
Zr7Ga6Fe66.6Co8Cu1Ni7.4B4,158.5,132.2670153165742
Fe66.8Co28Ni5.2,252.5258430389893,185.2676170820926
Fe66Co17Si3B10PC3,185.68076694043333,182.42092303198226
Fe66Co17Si3Sn0.5B9.5P1C3,185.68076694043333,170.95647859995216
Fe33Co10B7,181.436635124652,181.97366163906833
Fe33Co17,232.5,195.14808633428828
Fe33Pd15Rh2,149.77,81.06408519824824
Fe67.2Co16Si2.5Cu0.8B9.5P4,196.29109647988668,183.67553409943474
Nb2Fe67.5Co5Cu1Si14B9Mo1.5,127.32395447344,126.15123269755648
Ho16.2Fe67.6B16.3,34.6,35.576154717784846
Zr6Ti7Fe67(CoB)10,107.0,123.74201504549086
Fe67Co20B13,186.74179989437863,184.18412080818098
Zr6Ti7Fe67Co20,190.0,146.5637382407836
Fe67Co33,249.3427441771533,177.65893238359251
Fe67Si33,63.66197723672,86.99527456950992
Ho13.7Fe68.3B18,12.8,52.891860353524635
Zr7Ga4Fe68.4Co8Cu1Ni7.6B4,140.9,153.4031988762779
Er3Al3(Fe17B5)2,91.3,82.1106524728479
Tm3Fe17B5,58.0,45.51734043510933
Zr6Ti7Fe69(Co5B4)2,112.22,124.6281316058827
Fe3SiNi4,129.44602038133067,97.38606456106027
Fe3SiNi4B,106.10329539453332,94.26321266757475
Fe,130.507053335276,150.1988131017964
Zr7Ga2Fe70.2Co8Cu1Ni7.8B4,170.4,150.58486492550117
Er3Al2(Fe7B2)5,91.6,92.93401032762232
Fe70Co15B11(PC)2,189.92489875621467,186.5192020526825
Fe7Co3Si,199.0,170.1328520005069
Fe14(Co2Si)3,185.0,162.17301583058352
Fe7Co3Si2,162.0,165.56335186460706
Fe14Co6Si,213.0,159.5599012189335
Fe70B2.5Mo10P10C7.5,63.66197723672,102.27958814038189
Fe70Ni5B2.5Mo5P12.5C5,111.6,119.81021485023494
CrFe7Ni2,14.25,148.8811917711474
Fe70Cu7Pd23,126.26292151949464,101.56635284013547
Fe70(CuPd9)3,126.26292151949464,101.29607934678256
Fe7Pt3,146.66666666666666,74.29928472893775
Fe35(Co2Si3)3,170.82630558519867,135.6448577860583
TaFe14Si2C3,93.0,100.61821585502277
Nb4Fe71.4Cu0.6Si4B20,132.098602766194,135.9240980272807
Cr20Fe71N9,50.266666666666666,148.79527438204823
Ga29Fe71,110.0,91.3067664320482
Fe71Si2.5Cu0.6Ni9B4.9P12,172.94837149308933,137.13152332560935
Fe71Pd29,127.2,108.23386286546791
Ti5.4Fe72.4B19.2O3,212.20659078906667,98.83166368426808
Y1Nb3Fe72.5Cu1Si13.5B9,125.27297777346368,123.00645352050199
Al7Fe18,102.18,113.53611262030167
Y1.5Nb3Fe72Cu1Si13.5B9,114.76875152940488,122.09519373089596
Er7Fe18,62.66666666666666,56.958661103164005
Fe72B2.5Mo8P10C7.5,95.49296585508,101.93388688217063
Zr7Fe72Co8Cu(Ni2B)4,163.3,151.475183001232
Fe18Pt7,2.02,137.10344631990316
Tm2Fe18B5,99.0,77.9469909722781
Ho10Fe73.4B16.6,39.5,75.24698811553681
Ho7.6Fe73.4B19,67.0,92.79000254024922
Nb3Fe73.5Cu1Si13.5B9,127.32395447344,136.5811267650246
Nb3Fe73.5Cu1Si15.5B7,132.62911924316666,131.72601059477984
Ta3Fe73.5Cu1Si13.5B9,127.32395447344,129.4059608838519
Nb3Fe73.5Cu1Si13.5B9,127.32395447344,136.5811267650246
Nb5Fe73.5Si13.5Cu1B5,119.89672379582264,122.64661287316218
Nb3Fe73.5Si13.5Cu1B7,116.71362493398668,129.7945256131128
Nb2Al1Fe73.5Si13.5Cu1B9,137.93428401289333,134.02023497213256
Nb2Fe73.5Si13.5Cu1Ni1B9,159.1549430918,129.49702385350886
Nb3Fe73.5Si13.5Cu1B9,131.56808628922133,130.72876562969626
Nb3Fe73.5Si15.5Cu1B7,131.56808628922133,131.72601059477984
Nb2.5Fe73.5Si15.5Cu1B9Mo0.5,127.6,127.57106091109401
Nb2V1Fe73.5Si15.5Cu1B9,129.0,128.080988787787
Nb3Ga6Fe73.5Si7.5Cu1B9,145.3615146905107,142.31958953473057
Nb3Fe73.6Cu1Si15.5B6.9,128.38498742738534,122.94625943514598
Nb3Fe73.9Cu1Si15.5B6.6,71.19531120973187,131.85752889415173
Al5Ga2Fe73SiB4(P2C)5,119.89672379582264,117.99710783640681
Al5Ga2Fe73Si3B4P8C5,122.01878970371332,121.02883808913936
Fe73Co10Sn3(B6P)2,189.92489875621467,185.51796977188005
Fe73Co10Sn5B12,189.92489875621467,178.22767582867078
Y0.5Nb3Fe73Cu1Si13.5B9,135.06949503724093,123.92997701609637
Nb1.5Fe74.5Co5Si6Cu1B12,174.00940444703463,164.34209244725525
Er3Fe37B10,95.0,107.47946449753194
Mn2Nb2Fe74CuSi13B8,140.05634992078402,132.81211334355334
Fe74Si2B2.5Mo4P10C7.5,126.26292151949464,121.10035205445665
Fe74Si1B2.5Mo5P10C7.5,116.71362493398668,119.63758090935474
Fe37Pd13,174.0,123.27958350817212
Fe15Si2B3,169.76527263125334,133.85616965107295
Fe75Co10B11(PC)2,188.8638658022693,185.6883693282873
Fe3Co,204.7,178.90864064879656
Fe75Co5P13C7,163.8,161.4374472892975
Cr5Fe75B4P9C7,115.16,135.20503004093285
GaFe3,51.0,77.15694671467989
Nb3Ga6Fe75CuB15,167.0,144.7493011761477
Fe75B2.5Mo5P10C7.5,116.71362493398668,123.16783233868932
Fe3Ni,186.6,153.18739529998385
Al10Cr2Fe75Si13,151.0,112.80711203712677
Fe3Si,150.0,110.84650867052002
Zr3Fe75Si13B9,135.81221810500267,132.81346046876283
Fe76.5Co8Cu0.5B12P2C1,204.7793601114493,189.6904404870236
Y1.5Fe76.5Si9B13,187.0,129.6763657413619
Fe19Co6,239.6,172.32875058540307
Ga6Fe19,121.33333333333331,67.57977860715351
GaFe38SiB2MoP5C2,140.05634992078402,141.7625688453557
Fe76Si2B2.5Mo2P10C7.5,142.17841582867467,137.2316289415242
Nb1.5Fe76Si13Cu1B8Mo0.5,146.422547644456,140.31902088443002
Fe76Si9.6B8.4P6,152.788745368128,148.22652585055957
Fe76Si9(B2P)5,160.21597604574532,151.13464409481483
TmFe19B5,140.0,113.67988221020562
Fe77.2Co6Cu0.8B10C6,197.352129433832,179.42943996040674
Fe77.5Si7.5B15,166.58217376941735,159.9053969170221
Ga6Fe77.5Si7.5B9,159.1549430918,147.92890683737897
Tb1.85Ga20.37Fe77.78,1.964,45.65447566982321
Fe77.7Si7.5B15,64.72301019066533,159.59122850653938
Zn1Fe78.7Si7.5B150,74.27230677617332,115.47646696607487
Al3Fe77B2(PC)9,144.30048173656533,146.89464566259994
Nb2AlFe77CuSi10B9,155.971844229964,145.97387308118013
Nb2AlFe77CuSi11B8,154.91081127601865,152.6967765311346
Nb2AlFe77CuSi12B7,158.09391013785466,148.37982373737265
Ti13.2Fe78.3B7.3,84.88263631562667,129.9901679243107
Fe78Si9B13,165.521140815472,147.79060709890217
Fe78Co5Sn3(B6P)2,190.98593171016,182.5657121378842
Fe78Co5Sn5B12,184.619733986488,180.99712295123027
Zr6Fe78Co5CuB10,137.0,151.34679015133094
Zr6Fe78Co5Cu(GeB)5,152.0,150.73284008596553
Ho2(Fe13B3)3,128.7,124.91701855340565
Fe78Si2B3.5Mo1P9C6.5,153.84977832207332,153.02591781099244
Tb0.12Nb8Fe78B14,40.54,66.88651145971141
Fe39Ni11,188.0,170.44142824129477
Fe78Co4(Si5Ni)3,177.3,161.77610553421133
Fe78Si9B13,150.0,147.79060709890217
Nb10Fe78Si9B13,119.0,109.98199233110779
Nb7Fe78Si9B13,120.0,128.5607703165509
Fe78SiSn2B2P9C8,154.91081127601865,150.071489142267
Fe79.3B14.3C6.4,177.0,164.79973543417637
Fe79.3Co2Cu0.5Si4B14Mo0.2,167.64320672336268,177.3805305538774
Fe79.4Ag0.6P13C7,169.76527263125334,162.2745864089221
Nb1.5Fe79.5Si6Cu1B12,159.1549430918,164.9205769162353
Tb0.78Ga19.53Fe79.69,1.894,82.33149510641442
Fe79.6Ag0.4P13C7,166.58217376941735,163.11526338702794
Fe79Cu(BMo)10,139.0,138.0350749250213
Fe79SiSnB2P9C8,160.21597604574532,154.85023079719804
Zr11Fe79(CoB)10,127.32395447344,128.7050268320476
Fe7CoP4,109.28639425636932,89.39153990763691
Fe7Se8,14.0,12.306277181935247
Fe,20.0,150.1988131017964
Fe80.5Co4Cu0.5B12P2C1,192.04696466410533,189.40504221798489
Nb0.5Fe80.5Cu1.5B9.5P8,192.04696466410533,170.99983410598043
Al1Fe80.5Cu1.5Si4B13,195.2300635259413,178.9509303732372
Fe80.5Cu1.5Si4B14,190.98593171016,173.888731428949
Fe80.7Si4Cu2.3B13,178.2,179.76892044821966
NbFe80Cu(Si4B5)2,164.46010786152667,160.0598828430368
Nb3Fe80Si2.5Cu1B12.5C1,171.88733853914405,163.15160291271775
CeFe4,319.55999999999995,69.50867319396208
Fe80CuSi2B14P3,175.07043740097998,171.06354813231675
Fe4Co,232.0,202.00548763154788
Fe80Co2CuSi2(B4P)3,174.00940444703463,179.8085650616637
Fe80Co4CuSi2B10P3,178.253536262816,189.16476326851114
Fe80Co5B11(PC)2,182.4976680785973,185.03446558083715
Nb2Fe80CuSi6B6P5,150.66667946023733,170.3549894829054
GaFe4,80.0,120.89418872088228
Fe80Si3B2Mo(P4C3)2,165.521140815472,160.0319738829801
Tb0.12Nb6Fe80B14,36.53,71.38285572862159
Fe4Ni,120.0,150.28013741355136
Fe40BP5C4,153.84977832207332,158.41458053834532
Fe80BP11C8,148.54461355234665,157.81074098873214
Fe80P11C9,158.0,151.39628556701683
Fe20P3C2,143.23944878262,161.75963208443335
Fe80P13C7,165.8,156.8231294177707
Fe20PC4,180.7,151.62143931238262
Fe20B(PC)2,166.58217376941735,158.60528257325012
Fe80B3P9C8,159.1549430918,160.77840772639047
Fe40Si3B7,111.7,173.06992815814806
Fe81.3Co5Si0.5Cu0.7B8.5P4,199.47419534172263,184.16392798543754
Ga18.52Fe81.48,1.865,146.88022941354455
Nb0.5Fe81.5Cu0.5B10P7.5,178.253536262816,173.74805241672885
Fe81.5Si0.5Cu0.5B4.5P11C2,162.338041953636,170.0531569408371
V2Fe81CuB10(P2C)2,143.2,165.1451476130215
Fe81Cu(B5P4)2,182.17935819241373,175.77299840052578
Fe81Si5.5B10P3.5,175.07043740097998,176.84033357758835
NbFe81CuSi2B11P4,150.66667946023733,173.54070430264835
Mn11Al2(Fe27B2)3,139.0,141.81788888435514
Fe81Si3B2Mo1P7.5C5.5,174.00940444703463,163.60247316327303
Nb7(Fe27B4)3,58.35681246699334,143.35911000327678
Zr7Fe81CuB9Mo2,111.2,134.45138960935188
Fe82.3Si4Cu0.7Ge2B9P2,187.802832848324,185.0833172951181
Fe82.3Si4Cu0.7Ge1B9P3,185.68076694043333,182.64672967308144
Fe82.3Si4Cu0.7B9P4,182.4976680785973,181.99388605856916
Fe82.5,186.0,109.03525009825567
V0.5Fe82.5Cu1B10P4C2,162.5,172.78836700203163
Fe82.5Si2B15C0.5,183.55870103254267,176.43063984332582
Fe82.5P11.5C6,176.1314703549253,171.90770515504948
VFe82CuB10(P2C)2,158.5,168.08586697060463
NbFe82CuSi2(B5P2)2,172.94837149308933,170.8738251397512
Fe82Si5B10P3,178.253536262816,176.89678038105697
Fe82Si2B15C,181.436635124652,173.79802079968846
Fe41B9,205.0,156.66302906819334
Fe41BPC7,177.19250330887067,170.97436414603726
Cr2Fe82Si3B8P4C,158.09391013785466,170.31831083991617
Tb0.12Nb4Fe82B14,38.93,63.03954002146958
NbFe82Si3B9P4C,166.58217376941735,165.4432100955035
Fe82P11.7C6.3,167.64320672336268,170.70382712131914
Fe82Si3.6Cu1Ni1B8.4Mo0.4P3.6,192.0,178.0469128195021
Fe83.2Cu0.8B10C6,185.68076694043333,178.02955417099122
Cr2.5Fe83.2B14.3,114.591559026096,139.8945643771225
Fe83.3Si1Cu0.7B15,176.1314703549253,179.9035028656657
Er16.5Fe83.5,55.17333333333333,43.013609222640504
Fe83.5P10.5C6,176.1314703549253,173.32618504775354
Nb3Fe83.5Si13.5,160.92,114.36935463355675
V0.6Fe83.5Si1Cu0.2B9.2P5C0.5,183.55870103254267,176.36864586595837
Fe83.5Si1Cu0.8B9.2P5C0.5,193.10799761805063,179.4231204096814
Fe83.5Si1Cu0.8B9.2P5C0.5,193.10799761805063,179.4231204096814
V0.8Fe83.5Si1B9.2P5C0.5,184.619733986488,168.92530239611708
Fe83Si3B10PC3,181.436635124652,183.29041323587018
Fe83CuB10(P2C)2,165.0,186.8010171965739
Nb3Fe83CuSi2B10C,180.37560217070663,168.29291909261966
Fe83Si4B13,200.26,184.60887071500017
Fe83Cu(B7P)2,188.8638658022693,185.17485018205417
Fe83B17,199.63335028481447,166.394505669479
Fe83Si3Cu1.5B8.5P1C3,190.98593171016,191.28293107892702
Fe83Si3Cu1.25B8.75P1C3,193.10799761805063,190.54093491496909
Fe83Si3Cu0.75B9.25P1C3,193.10799761805063,187.50235761707725
Fe83Si3Sn0.75B9.25P1C3,182.4976680785973,166.2443790676694
Fe83Si3Cu0.5B9.5P1C3,187.802832848324,188.11086173738846
Fe83Si3Cu0.25B9.75P1C3,187.802832848324,184.74602063033575
Fe83CuSi3B9PC3,195.2300635259413,189.10880560614515
NbFe83CuSi2B9P4,177.19250330887067,172.76214009580286
Fe83Si5(B3P)3,178.253536262816,179.42054149964363
Cr2Fe83Si2B8P4C,153.84977832207332,167.126470400201
Nb3Fe83CuSi4B9,181.436635124652,164.39205837783715
Ga17Fe83,186.66666666666663,92.06796374856326
Fe83Si2B8Mo2P4C,160.21597604574532,169.6464047611429
Fe83P11C6,178.253536262816,173.30413628734365
Fe83CuSi3B11P2,194.169030571996,186.8680460058703
Fe83CuSi4(B5P)2,193.10799761805063,188.81716385949076
Fe83Sn3(B6P)2,180.37560217070663,186.16917554802217
Fe83Sn5B12,186.74179989437863,172.26674365642737
Al5.4Fe84.2Si9.6Sn0.8,119.2,125.77323188374388
Fe84.3Si1B9.2P5C0.5,180.37560217070663,178.73408305152432
Fe84Cu(SiB7)2,190.98593171016,182.05084178469986
Fe84Si4.5B8.5P3,180.37560217070663,179.42677421551582
Fe84Si1.5Cu1B8Mo2P3.5,148.54461355234665,173.4507861132651
CrFe42Si(B2P)2,159.1549430918,171.8153464794721
Fe84CuB15,152.0,169.4001093604308
Fe42SiB4MoP2,162.338041953636,170.31673348167192
Tb0.12Nb2Fe84B14,42.12,102.56653435529454
Nb3Fe42B5,169.76527263125334,123.18224059015259
Fe84P10.7C5.3,169.76527263125334,172.90289258338285
Fe84CuSi2B8MoP4,185.68076694043333,169.9701140636733
Fe85.25Cu1.5B11.25P2,196.29109647988668,184.36941185757144
Fe85.5Si2B10P2C0.5,198.41316238777733,182.17586196866748
Fe85.5Cu1.5B13,197.352129433832,196.65995399003776
Ti4.9Fe85.7B9.1,169.76527263125334,153.09029626969343
In0.2Fe85.8B1P11C2,175.07043740097998,163.71811744821835
Fe85.8Sn0.2B1P11C2,171.88733853914405,166.37458393049116
Fe85B11(PC)2,165.521140815472,174.44279659613915
Fe85Cu1.5B13.5,208.0,184.8034022985463
Fe85SiB14,198.41316238777733,167.26954760729595
Fe17B3,14.0,176.36194786601754
Fe85CuSiB8PC4,201.5962612496133,188.22286633082928
Fe85Si1.5Cu1B8Mo1P3.5,169.76527263125334,164.49516128781195
Fe85Si4B8P3,175.07043740097998,178.42022585310582
Fe85B9(P2C)2,165.0,171.82455003188304
Fe85B2P11C2,165.521140815472,166.5972575516983
Fe85B2P11C2,174.00940444703463,166.5972575516983
Fe17Pd3,202.38666666666668,124.83764407711854
Fe85Si1.4Cu0.5B9P4C0.1,166.8,179.97539007649647
Fe85Si1.5Cu0.5B9P4,168.0,181.5332697043782
Fe85CuSi2(B2P)4,195.2300635259413,178.21571450540011
Al5.4Fe85Si9.6,125.8,140.7930978137781
Fe86.5Si13.5,176.55,107.97351124746689
Ti5Fe86.6B7.5,169.76527263125334,142.3065982425348
Zr3.3Fe86.7Ag6B4,180.37560217070663,133.63134404605756
Hf0.6Fe86Si0.75Cu0.4B12.25,207.7,202.30062575462648
Hf0.6Fe86Si0.5Cu0.4B12.5,208.5,202.75056040128442
Hf0.6Fe86Si0.25Cu0.4B12.75,207.3,199.68821040590257
Hf0.6Fe86Si1Cu0.4B12,208.3,200.52300547888012
Fe86CuB13,204.0,197.66476861550296
Fe43B7,200.535228295668,147.7202983369258
Fe43N7,245.0,173.7074527557693
Zr5.5Nb5.5Fe86B3,120.0,137.1455796180968
Al4.2Fe87.3O8.5,19.6,121.21631848631817
Fe87B13,203.718327157504,157.55401715454792
Fe87B9(PC)2,164.46010786152667,174.49004860032613
Mn11Al2Fe87,199.0,134.8752785218051
Pr10(Fe29B)3,159.4,126.23559774160974
Pr11Fe87B2,152.0,122.67390495314862
Zr10(Fe29B)3,111.3,132.62894976812336
Zr11.6Fe88.4,142.823,129.18686928885535
Zr11.6Fe88.4H16,163.527,98.52354072121537
Zr11.6Fe88.4H4,147.843,126.36339813221898
Zr11.6Fe88.4H8,152.165,136.06226489842663
Fe22Co3,91.9,208.1382738631178
Sm9Fe88Mo3,130.66666666666666,114.26842217705749
Sm9Fe88Mo3C,92.0,108.04205128299456
Zr3Fe22,136.5,116.65075412176546
CePrNd2Zr2Ti2(Fe22B)4,138.7,139.68950930145908
CeNd3Zr2Ti2(Fe22B)4,139.3,140.7778115981678
PrNd3Zr2Ti2(Fe22B)4,148.3,140.54408148314405
Nd2ZrTi(Fe22B)2,149.2,131.7932902263859
Pr3NdZr4(Fe22B)4,144.9,134.23719790393642
Zr7Fe89CuB3,133.690152197112,163.42317036039736
Fe8C,1.88,125.07334836929002
Mn0.9V0.9Fe9.4Co6.7Ni6.6,118.0,115.36740248607515
Mn0.9V0.9Fe9.4Co6.7Cu2.4Ni6.6,143.7,109.56983884851564
ErFe9,110.4,53.68636250634104
ZrFe9,1.3,125.01414179184496
Zr7(Fe30B)3,172.94837149308933,129.76910365541556
Er8.5Fe91.5,129.6,73.36561617926628
Zr9Fe91,138.3,131.68981879637028
Zr7Fe93,125.5,126.17904688325251
Fe19B,28.0,122.70703044715243
Fe19Ni,135.0,154.2840449652182
Fe99.2,222.81692032852,146.74408409885325
Fe,0.0747,150.1988131017964
FeH2WCN,126.26292151949464,75.59038976815646
FeO,130.1,86.52288109615581
Fe2Pt,46.7,99.167336241834
AlFe,53.0,93.57122945992967
FeB,141.11738287472934,138.062482580779
FeB2,0.0937,93.08175920511326
FeB4,0.0693,122.02603825786716
FeBr2,65.33333333333334,37.74418426168788
FeCl2,81.33333333333334,57.48466739655009
FeCo,163.0,208.1131368239968
Nb0.4V0.5Fe1Co0.5W1,253.5868759929347,69.82705896883026
VFeCo,254.64790894688,109.7945008645607
FeCo13C,2.29,83.867057597649
FeCo22C,12.87,40.9022818900371
GaFeCo2,3.95,26.737778666594473
Fe(CoO2)2,2.0,46.00440329454631
FeCo2Si,35.0,142.07649131007983
FeCo31C,7.83,34.44989609013199
FeCo85,199.47419534172263,102.88469326977025
YFeCo85,181.436635124652,176.59996989364086
YFeCo86,185.68076694043333,172.47226121501942
YFeCo87,190.98593171016,168.41291163830707
AlFeCoNi,199.47419534172263,48.97058594796762
FeCoC,40.0,112.78209393891598
FeCoSiO2,138.5,60.004730050596706
AlFeCoN,118.83569084187737,92.14033268205529
AlFeCoCuNi,21.6,47.274191798903715
Ti0.1Al1Fe1Co1Cu1Ni1,17.11,43.60586250928988
Ti0.3Al1Fe1Co1Cu1Ni1,10.66,35.66860406668944
Ti0.5Al1Fe1Co1Cu1Ni1,10.93,39.63711880286803
MnFeCoCuNi,40.64,58.62200555944578
GaFeCoO4,50.0,36.81098410202862
GdFeCo,22.0,39.7606568064324
FeCoN,213.3333333333333,86.7241406021557
FeCoNi,155.7,121.35761736500413
Al0.8Fe1Co1Cu0.8Ni1,78.6,75.52247152411331
Nd0.05Al0.8Fe1Co1Cu0.8Ni1,81.3,69.97086074936703
Y0.05Al0.8Fe1Co1Cu0.8Ni1,81.7,62.454364159421736
AlFeCoNi,97.61503176297067,48.97058594796762
Mn0.25Al0.25Fe1Co1Ni1,112.4,90.86365156649421
Al0.2Fe1Co1Si0.2Ni1,80.0,112.74963054653745
Al0.375Fe1Co1Si0.375Ni1,90.8,108.98786235026633
Al1Cr0.1Fe1Co1Ni1,89.88,48.90451610074403
Fe1Co1Cu0.2Ni1Pt0.2,106.93333333333334,98.62690522227342
Fe1Co1Cu0.4Ni1,93.6,100.82727589619941
Fe1Co1Cu0.5Ni1,97.86666666666666,112.55793343668876
Fe1Co1Cu0.5Si0.2Ni1,134.8,96.59323989492192
TiFeCoCuNi,34.376,59.37918843524906
ZnFeCoCuNi,65.92,69.35870634446245
Gd0.03Fe1Co1Ni1,149.58,84.51205205785055
Mn0.25Al0.25Fe1Co1Ni1,101.0,90.86365156649421
Mn0.5Al0.5Fe1Co1Ni1,51.9,105.15388303325051
Mn0.75Al0.75Fe1Co1Ni1,129.6,81.6767298933332
MnAlFeCoNi,132.2,74.72532555763348
AEMnAlFeCoNiH,84.7,49.01772467495001
MnFeCoSiNi,117.77,60.98694552323923
MnVFeCoNi,100.0,59.24141041032237
FeCoNiN,0.3333333333333333,133.76889924874774
Fe1Co1Ni1Pt0.4,108.8,108.13478253536914
SmFeCo,85.94366926957201,38.99090250734386
TaFeCoN,127.32395447344,89.70951790249177
VFeCo,240.0,109.7945008645607
FeCoW,65.0,121.71998431359967
Cr22FeCo15,118.83569084187737,76.88670559412257
Cr2FeO4,2.0,11.506971869818248
Cr2FeS4,13.2,22.39999741270696
CrGaFeBMoPC,91.3,87.56550825998302
CrFeN,180.0,87.10270062365024
CrFeNi,171.08533333333335,69.09343879692057
CrFeGeRh,2.9,14.133381629434847
CrFeSiRh,2.0,35.05838971177532
FeCuB,244.03757940742665,111.81693801540558
FeF,57.0,73.81332679561808
FeF2,74.66666666666667,68.79099063866117
GaFe,180.37560217070663,57.01053972028924
GaFeSiB,101.859163578752,95.02510825104432
FeGe,51.2,29.872416730265847
Mn0.95V0.05Fe1Si0.5P0.5,3.7,46.845230097559934
Mn2FeO4,4.0,12.895005158274959
Mn3FeN,18.0,44.43979651987192
MnAlFeNi,135.81221810500267,55.47122565647958
Mn1Fe1Si0.5P0.5,4.04,71.74874919436962
Mn1Fe1Si0.25P0.75,1.26,47.756793327065104
MnAlVFe,0.84,22.68271659888125
MnVGaFe,0.92,22.99368265209882
FeN,260.02666666666664,184.6143275056574
FeN,298.15026005863865,184.6143275056574
FeNi,182.4976680785973,123.55279987310773
ElectrodepositedFeNi,13.1,136.33893118980927
FeNi,0.9,123.55279987310773
FeNi,103.24,123.55279987310773
FeNiMo,169.76527263125334,83.3771630551669
Fe1Co0.5Ni0.5,196.29109647988668,113.2844573965394
FeNi13C,4.48,43.640058067763434
FeNi22C,8.32,20.40568683450673
Fe(NiO2)2,1.39,13.65638310057708
FeNi3,4.953,76.17425903601769
FeNi31C,3.32,22.85691841556629
FeNi,137.93428401289333,122.41019714382765
FeNi,144.30048173656533,122.41019714382765
FeNiC,147.0,106.52121630678977
FeCuNiB,180.37560217070663,108.09738170914221
TiNbAlFeCoNi,140.0,34.89758061441267
TiFeCoNi,165.0,70.04957169221666
FeNiPt,63.73333333333333,70.74319032175023
NbFeCuSiNiBP,85.4,120.17845787535686
FePd,0.0001373333333333,119.77720728874982
FePd,0.0001373333333333,119.77720728874982
Fe1Mo3Pd0.25Pt0.75N1,2.07,8.728643046310781
Fe1Mo3Pd0.5Pt0.5N1,2.14,7.294989823818108
Fe1Mo3Pd0.75Pt0.25N1,2.21,9.09720576414036
FePd3,86.66666666666667,46.153388186488165
FeCuPd,80.63850449984534,77.6622821356996
FeMo3PdN,2.39,11.370038817926776
FePdPt,146.66666666666666,109.34739849205272
FePt,151.72771241418266,103.43710508449271
Fe1Ag0.5Pt1C0.5,100.26666666666668,96.18598214828506
L10FePt,146.66666666666666,60.35906151550512
FePt,148.54461355234665,103.43710508449271
Fe1Ag0.5Pt1C0.5,113.33333333333331,96.18598214828506
VFeBPtN2,86.66666666666667,62.03899519208252
FePt,153.33333333333334,103.43710508449271
FePt,166.3699671786283,103.43710508449271
FePt,165.8394507016556,103.43710508449271
FeAgPt,152.0,72.2818333523337
FeBPt,13.8,125.56536966534851
RibbonFeBPt,13.8,79.55177138958933
FePtC,153.33333333333334,102.97365085174401
FeCoPt,217.7333333333333,85.36000435493614
FePtI,34.9,47.329796452303924
FePtI2,30.8,32.42863552970221
FePtI3,32.45,20.252216223396996
FeMo3PtN,2.02,19.20175165876064
FePtAu,113.33333333333331,87.16628687915832
FePtC,120.0,102.97365085174401
FeRh,143.86666666666667,121.05503958926306
CrFeGeRh,2.9,14.133381629434847
CrFeSiRh,2.0,35.05838971177532
MnGaFeRu,0.8,18.025784997567257
Fe1Se1.14,2.32,21.02199137337178
Cr10FeSi10,151.0,42.4303774585735
Fe(SiO)2,147.0,108.3388937565837
AlFeSi,118.8,86.3377975631686
AlFe3CoSiO4,55.5,56.9524306771648
MnAlFe3SiO4,50.7,53.41010553214248
AlFe3SiNiO4,49.8,57.71050800249197
AlZnFe3SiO4,69.6,52.06075219728949
AlFeSiNiB,52.3,77.53737876374804
NbAlFeSiNiB,30.5,85.2609118996597
FeSiBC,169.57,122.35960844521074
CrFeSiBC,144.93,108.4831531707475
CrFeSiBC,162.0,108.4831531707475
NbFeCuSiB,133.8,62.49489451708092
NbFeCuSiBP,153.84977832207332,68.8516197451676
FeSiBP,150.8788860510264,116.33737746542845
NbFeCuSiBP,184.619733986488,68.8516197451676
CrFeSi,93.0,88.12698773749602
MgCrFeSiO,196.8,64.0834332143893
CrFeSi2SNO3,176.5,47.50064075405129
CrFeSiB,136.5,72.85279488305586
FeSn,1.89,59.89228023874
Ta3FeS6,4.03,17.05669450583221
TaFeCN,12.0,101.30077880894241
TaFeN,127.32395447344,69.00292166809346
TiFeB,31.83098861836,105.27592479068632
VFe,180.37560217070663,158.66161614142442
V2FeO4,2.15,12.900464165297667
ZrFeB,98.7,77.56397533318727
AZrFeBC,98.9,62.64042402123393
LNaZrFeBO,60.3,43.016059632897054
ZrFeN,150.66667946023733,57.21147293324913
Fe10Ni,227.0,132.94954210417154
MnCr7Fe13(SiNi)6,65.8,61.96157084501813
Ti1Cr15Fe28Co3.5Mo0.89,15.6,90.55566780206658
Cr15Fe28Co3.5Si1Mo0.91,16.1,77.19207702687913
V1Cr15Fe28Co3.5Mo0.93,16.1,65.28120886770728
Ti1Cr15Fe28Co3.5Mo1.83,142.17841582867467,99.03504441080884
Ti1Cr15Fe28Co3.5Mo1.8,142.17841582867467,101.26203166036726
Fe49Sn,95.0,93.97427971475328
VFe49Co2,242.0,118.1633875014418
Fe50Ni,169.76527263125334,100.89647898794423
Fe55Pd,159.1549430918,105.05256118885869
Fe79Ni4Mo,84.88263631562667,124.89048762735976
Al2FeO3,40.0,60.47549956692068
VFeCo2,243.0,117.51210558803773
AlFeCo,0.0003866666666666,66.83634882335865
AlFeCoO,23.5,65.26788016739003
ZrFeCo,107.16432834847866,51.26169166246894
CrFeCo,139.2,109.22510118283567
NbFeCuSiB,10.610329539453334,62.49489451708092
FeN,296.4,184.6143275056574
FePd,146.66666666666666,119.19784741730845
ZrFeN,222.81692032852,57.21147293324913
G15PN,21.5,59.496398466251065
G15MP10N,26.5,48.03630955593773
G15MP15N,30.8,43.47104445438467
G15MP5N,23.09,60.81380830046411
GC,0.682,42.81516131872216
GSr10C,0.762,40.78064777331977
GSr20C,0.786,20.08983181794961
GSr30C,0.852,34.65156471634377
GFe2NiO5,40.0,41.687799212242254
GMO,3.5,26.947870818819975
GM2O,3.5,28.136562547545168
GM3O,3.5,30.46657631358282
GM4O,3.5,55.567544194342446
EGYHN,13.67,69.3058809071858
GYPHN,16.05,53.39999556957368
GYHSN,16.32,33.11968683934941
Mn0.2Ga0.8As1,9.466666666666669,6.231506108905725
Mn0.104Ga0.896As0.93P0.07,7.133333333333333,8.31532656222328
Mn0.092Ga0.908As1,3.0666666666666664,6.017828911332176
Mn0.1Ga0.9As1,14.0,5.471024011537385
Mn0.081Ga0.919As1,3.6,6.146952474112241
Mn0.09Ga0.91As1,1.2,5.239921251221633
Mn0.076Ga0.924As1,2.2666666666666666,4.38101203263529
Mn0.08Ga0.92As1,11.333333333333334,4.196110102679305
Mn0.07Ga0.93As1,5.066666666666666,4.736066960454976
Mn0.046Ga0.954As0.984P0.016,4.2,7.576955283071895
Mn0.042Ga0.958P1,4.933333333333334,20.766556499810168
Mn0.05Ga0.95As1,2.6666666666666665,7.914680799395667
Cr0.02Ga0.98N1,0.25,2.0449688828416255
Cr0.02Ga0.98N1,0.25,2.0449688828416255
MnGa2Co,1.12,20.958261789493953
MnGa2Ni,1.0,37.55299335347655
CrGaN,2.0,16.629845773507963
CrGaSiN,1.3333333333333333,20.773579119468245
GaFeO3,0.77,27.09785399284801
Ga(MoSe2)4,106.10329539453332,16.058165106811558
GaN,0.0012,9.53714624408946
GaN,2.0,12.535885310621467
GaN,1.62e-05,13.251198421958831
GaN,0.00089,13.251198421958831
GaP,24.666666666666668,25.127012421805862
V4GaS8,4.4093333333333335,13.423129293928945
V4GaSe8,0.7,16.53620282949628
Gd,2.4,51.35982926245018
Gd,2.6,51.35982926245018
Gd,2.1,51.35982926245018
Gd0.17Fe0.83,29.466666666666665,51.18966565734655
Gd0.19Fe0.81,20.0,69.71003311639086
Tb0.2Gd0.2Dy0.2Ho0.2Er0.2Ni1,7.7,24.797286700481855
Sr0.45Gd0.55Mn1O3,1.51,13.190930580901783
Ca0.5Gd0.5Cr1O3,3.17,7.117368918559246
Ce2.5Gd0.5Fe5O12,1.24,5.9623267337292445
Sr0.5Gd0.5Cr1O3,3.05,6.584171790843298
Ce1.5Gd1.5Fe5O12,2.44,6.381535977364609
Gd3Co22,68.0,41.38840456018105
Ce2GdFe5O12,1.19,6.2397509726374665
Gd2(MoO4)3,13.9,13.917585093113065
Ce0.5Gd2.5Fe5O12,7.3,7.098954386018104
Gd6Co19,11.866666666666667,37.9698021103273
Gd2C,15.94,45.82559151449458
CeGd2Fe5O12,4.29,7.238464365677714
Gd2MnCoO6,16.6,11.554186382426165
Gd2Fe14B,88.9,78.61542762747135
Gd2Fe17,21.2,38.58046237405613
Gd2TaFeO7,13.9,10.691211532615197
Gd2Mo2O7,15.33,9.341398442068291
Gd2Sn2O7,6.7,8.88476284019435
Gd2Ti2O7,10.8,11.79981593417439
Gd3Ga2.03Fe2.97O12,2.95,13.933792180898418
Gd3Ti3Fe26,83.0,47.33439930588653
Gd3Ga1.56Fe3.44O12,9.66,13.835923281537703
Gd3Ga1.06Fe3.94O12,11.3,15.44327117924367
Gd3Ga1.04Fe3.96O12,9.9,15.43107127148399
Gd3Ti3Fe32,88.0,35.929630168686515
Gd3Al0.5Fe4.5O12,18.1,13.669879731535023
Gd3Al0.25Fe4.75O12,17.6,10.478785333530208
Gd3Al(FeO3)4,21.1,12.596852156394485
Gd3Fe5O12,0.1,17.634916278920898
Gd4Sb3,97.0,36.28452789379358
Gd4ScGe4,177.0,61.89935812217276
Gd57Fe36Co7,7.333333333333333,76.0148819580962
Gd5Si0.5Ge3.5,198.7,140.21215650591165
Gd5(SiGe)2,197.0,110.49042309190762
Gd6Al0.8Co2.2,42.6,61.106669200452856
Gd4B,78.0,73.3600892335144
GdAlO3,0.62,22.940200152067842
GdB4,7.14,44.132484975114366
GdBC,7.0,18.458145165016177
BaGdMn2O5,5.85,15.088202827721917
GdBe13,7.2,40.13548485582391
GdBi,7.0,24.848741679501718
GdCo,134.66666666666666,86.61227522347143
Gd(Co2B)6,2.1,11.680519772261066
Gd(Zn10Co)2,7.3,10.866529901464979
GdCo4Si,2.76,16.303641383933876
GdCo5,1.72,39.03133162203097
Gd1Mn0.4Co6.6,55.1,44.57223183162069
Gd1Mn0.2Co6.8,51.0,57.41110663827156
GdCoC,7.18,49.43431793501109
GdFe,66.66666666666667,80.80963760121455
Gd1Ti0.15Fe0.85Si1,7.3,17.630739983247246
Gd1Ti0.05Fe0.95Si1,7.1,14.741071086453214
Gd1Ti0.1Fe0.9Si1,6.9,11.785922460176057
GdFe11Mo,14.0,57.96168078829602
GdTiFe11,13.5,55.680222665790325
GdTiFe11H,14.7,90.40783983712592
Gd(Zn10Fe)2,6.5,17.034834126900655
GdAl7Fe5,0.58,14.570375772276234
GdFeCo,16.0,39.7606568064324
GdFeSi,7.0,31.42696704071853
GdHCO,7.0,32.17358760890643
GGdI,1.0616,18.80790880255369
GdInO3,7.0,16.597315217956577
Gd(MnSn)6,6.0,17.35383794756756
GdNi,7.1,28.140875318133237
GdNi4B,6.4,12.272530083257355
GdNiSn,7.0,15.954207718678749
Gd(Zn10Os)2,6.9,12.279187744944442
GdBPt2,7.0,22.190642914168954
GdBiPt,6.5,10.121917605656456
Gd(Al5Re)2,7.0,19.74528168214039
GdBRh3,6.92,4.77431457218063
GdRh3C,7.01,7.777595170787362
Gd1B0.75Rh3C0.25,7.23,7.945322017096075
Gd1B0.5Rh3C0.5,7.08,8.732359534635396
Gd1B0.25Rh3C0.75,7.53,9.089154889092647
Gd(SiRu)2,7.0,3.889219687518568
Gd(Zn10Ru)2,7.25,18.14546635854745
GdSi,7.3,34.59414331742033
GdSi2,7.94,5.435005336145956
Gd(VSn)6,7.0,10.147040795441688
GdVO3,6.7,8.32768447598303
GdVO4,7.21,8.934106217855652
GdZnAsO,14.0,9.492575794812055
Mn0.118Ge0.882,13.333333333333334,19.55947544211564
Mn0.08Ge0.92,8.0,82.78214250292734
Mn0.1Ge0.9,4.0,64.8632812902363
Ge,157.0328771839093,129.46451079043976
Ge13.5,159.1549430918,140.87246881672553
Ge15.5,157.0328771839093,143.38262306643637
Ge,146.422547644456,129.46451079043976
Ge,153.84977832207332,129.46451079043976
Ge,154.91081127601865,129.46451079043976
Ge,100.0,129.46451079043976
Co2GeO4,3.01,13.523532329156106
CuGeO3,0.76,13.661373855404982
Fe3GeN,0.45,84.47496334202523
MnGeN2,0.34,18.305319773294865
Ni2GeO4,2.29,14.20138194713606
Goethite,2.7,69.50225996765121
Goodfellow,58.35681246699334,69.50225996765121
Gossexturesteelsheets,212.20659078906667,63.17312023041748
Granular,53.32,69.308898089496
GranularMagnetite,56.0,76.2980036969739
Greigite,67.2,73.74897523056062
NbSi2HN4,1.0,19.649111370488633
TaSi2HN4,1.0,14.040617221300687
VSi2HN4,1.0,32.54023828925554
Co2Ni(HO2)2,0.1,37.90535559539675
ApferritehybridH,32.5,66.85313850110508
CrCoSiPHPtCO2,34.0,37.703194988082835
FeNiPHC,58.0,93.22223239862969
AFe3PHINClO4,11.0,54.28862029310763
RNdFeBH3,170.66666666666666,47.15375491085294
A50EH,120.0,84.28277629470355
A2EH,93.41,60.93573026059395
A3EH,37.19,79.37968509050052
E1M1A1X31.1H1C2.95,1.709,65.39397740458918
AEMX3SiHC3,0.163,81.17269665401692
ELHNO,13.0,54.137046124688126
HF,46.03,34.48590659931311
HF2,48.66,47.27794705795618
HF3,48.23,46.25679638074976
GHO,182.4976680785973,30.95787343502019
HS,93.33333333333331,41.163194500647904
HS2,66.66666666666667,48.13211923585429
NbFe(TeH)2,0.95,59.29883348853498
H2,165.06666666666666,60.447559689417616
Fe2O3,57.1,55.66373769115185
Hf0.82Ta0.18Fe2,1.4,21.416013391067942
Hf0.86Ta0.14Fe2,2.84,15.319450844572874
Hf2Co11,146.26666666666665,80.90575339160513
HfGa2Fe,0.7,35.57970569530446
HfI3,1.0,6.625672682175058
HfMnGa2,0.35,14.011900188098547
Cr2HgSe4,5.5,11.133700584246817
Tb0.75Ho0.25Fe1.95,62.0,61.61327627181646
Tb0.5Ho0.5Fe1.95,60.0,59.192089402870764
Tb0.25Ho0.75Fe1.95,60.0,55.36874531175987
Tb0.15Ho0.85Fe1.95,59.0,52.97019854773697
Ho0.9Er0.1Al1Cu1,10.1,13.579672547101545
Ho11In9Co4,152.2,90.22777737415683
BaHo2CuO5,11.8,6.964353004765802
Ho2Mn4Co13,9.57,43.67064074274221
Ho2Mn3Co14,9.96,29.724511370470694
Ho2Mn2Co15,9.96,30.148635380353685
Ho2MnCo16,9.61,32.04970317808138
Ho2Co17,8.0,37.427276251486404
Ho2Fe14B,74.27230677617332,39.05096406711098
Ho2Ge2O7,5.0,16.167986550672758
Ho2Re3Si5,9.2,13.067251196486346
Ho2Ti2O7,10.0,10.697368730637683
Ho3Cr5.5Fe4.7Co18.8,38.8,46.57076252801601
Ho3Cr4.5Fe9.8Co14.7,58.2,50.33722892243236
Ho9(AlCo3)4,172.15,40.43661558479639
Ho3Co,6.1,46.21082578634974
Ho3Al19Ni5,8.39,8.849708922538705
Ho3ScO6,7.03,10.386691493641743
Ho5Si3.2Ge0.8,7.6,59.853018214567484
Ho5(CoSn3)6,7.73,20.743103166992295
Ho(AlGe)2,6.32,6.923779907718191
HoBi,10.3,15.172631680958117
Ho1Co0.25Ni1.75,9.2,22.38257001393642
Ho(TiCo5)2,21.2,42.2113880511179
HoAlCu,8.9,6.087080898579244
Ho1Fe1.95,57.0,42.28284384961485
HoTiMnFe10,62.6,46.82085511983775
Ho1Nb0.65Fe11.35,12.2,40.64130153364513
Ho1Ta0.6Fe11.4,13.7,34.33168826428298
Dy1Ho1Ta0.6Fe11.4,15.5,49.849293321129956
HoFe11Mo,10.1,31.21410128818954
HoTiFe11,9.58,20.501980472523385
HoFe2,6.54,56.179264601052196
HoAl7Fe5,2.9,6.938003403633683
HoTiMn5Fe6,49.1,49.47472822249505
HoTiMn4Fe7,26.6,38.83222589926181
HoTiMn3Fe8,26.2,46.841739764201506
HoTiMn2Fe9,27.1,53.664052377421314
GHoI,7.430666666666666,18.46028329105198
HoN,6.0,27.91423017047656
HoNi,9.2,21.067324643366177
HoNi2,10.8,12.473724864329464
HoMnNi2,7.4,13.106374768851266
HoNi4B,7.8,6.791869266365646
HoNiGe3,8.42,7.664172407327277
HoAl4Ge2Pd,8.78,9.373886577711477
HoSnPt,7.1,7.344295961759879
HoSb,9.8,17.393404645626475
Ho(VSn)6,8.81,8.988619858349825
I,73.4,20.321301352957086
I,91.9,20.321301352957086
IN50,84.9,80.89265156270702
EC2IO,83.5,38.51608983556944
In0.2Fe2Cu0.8O4,0.12,56.82811381863757
Mn0.035In0.965Sb1,2.933333333333333,5.297046046311356
Mn0.02In0.98Sb1,0.6,6.461087665951096
Mn0.06In1.92Co0.02O3,0.015,4.716322797641558
Mn0.04In1.94Co0.02O3,0.017,4.41114022741454
Mn0.02In1.96Co0.02O3,0.019,2.8270377816833263
Mn2In2O7,3.0,36.807094308646796
CrInO3,2.5,21.09799111218542
MnInO3,6.366197723671999,18.46943544364478
MnInP,1.2,15.76940111605793
MnInSb,0.6,14.681498201393008
QIr,1.0,27.61656495555775
Mn0.95Sn1.15Ir0.9,0.8,16.252155017752663
CoIrPt,0.1274666666666666,43.87656390869298
MultilayerCoIrPt,134.66666666666669,76.92246355467334
Jacobsite,7.22,76.2980036969739
JanusVTeSe,0.0007142666666666,46.29849168739098
Ba0.25Bi0.75,10.51,14.347532131499234
K0.85Fe1.54Se2,2.8,23.633531086522865
K2Co2(SeO3)3,1.2,10.226529689487279
KCr4O8,18.0,6.492916067968447
K2TiCr(PO4)3,3.04,6.4034069458149485
K2CuF4,106.10329539453332,19.75549203171881
K2IrCl6,1.0,8.729581055735723
K2Mn3V2CO11,5.0,12.126797071684079
K2MnO3,12.0,8.901397783919379
K2Ni(MoO4)2,2.0,3.8788392310767663
K2Ni2(MoO4)3,2.0,3.1743773472511765
K2V3.5Fe3.5Ni1O16,15.0,12.604271839510645
K2VO3,3.99,14.49872726562523
K3Fe5F15,2.6,14.200495831142778
K3YbV2O8,1.3,8.581206746202737
K6BaCo9P9H3(ClO18)2,2.2,11.917203277974966
KBaGd(BO3)2,6.98,9.075843309375244
KBaYb(BO3)2,1.2,5.839213392643182
K1Ho0.15Fe2Bi0.85O5,0.4008,2.0542635868990105
K1Ho0.05Fe2Bi0.95O5,0.1027,1.58430643689476
K1Ho0.1Fe2Bi0.9O5,0.1634,1.0641361235427942
KFe2BiO5,0.0918,3.1298796399364184
KCeO2,0.7,21.993139055145825
KCoO2,4.0,6.988656732835479
KCoPH2O5,2.14,9.028011579661802
KCrF3,3.85,9.92847629478566
KCrS2,3.04,4.51705876384942
KCuF3,0.54,47.476934561811156
KEr(MoO4)2,8.6,6.12649934216509
KFe2Se3,2.1,17.66195639338174
K(FeSb3)4,63.66197723672,7.393398789127078
KNbO3,18.1,2.7761150584512477
KYbO2,1.47,10.418758998020207
Llaninecadmiumchloride,0.00014002,73.74897523056062
L5Mn11Fe14Pt25,0.75,88.0677450023843
L10FeCo,233.42724986797336,93.95926728373753
L10Mn53Ga47,46.66666666666666,64.49797831990223
L10FeNi,58.0,91.97811194272967
L10Fe1Ni1Pt12.5,172.00000000000003,97.86117751880332
L10Fe1Ni1Pt8.3,174.66666666666669,76.90193020844428
L10FeNi,162.338041953636,91.97811194272967
L10FeCuPt,137.33333333333334,72.81226916102099
L10Mn1.8Ga1,116.0,71.734121612393
L2Mn11Ga9,59.5,62.22741157429974
L5(Mn4Ga3)7,89.33333333333333,73.09214363967989
L10MnGa,54.76933333333333,82.32634805678052
L11CoPt,0.92,115.5037150774078
L12CoPt3,40.0,73.81421952955213
L12CoPt3,52.0,73.81421952955213
L10FePt,130.66666666666666,60.35906151550512
L10FePt,153.33333333333334,60.35906151550512
L11CoPt,106.66666666666669,115.5037150774078
LBF,19.53,43.5041670535545
LBF2,19.53,32.11397756441157
LBF3,19.02,27.672392002191295
LMC2O,6.8,55.22043623772439
LMCO,6.3,33.76459686248244
ALMCO,95.28,27.776751452788055
ALMCoCO,88.6,69.63290180512222
ALMFeCO,87.92,71.81842695911035
ALMNiCO,90.73,73.29219558883345
LPCO,2.91,45.965911162802755
Ti2.5Fe65Si10,49.5,146.36645164836122
Fe13Si2,29.0,162.6603068725732
LMNO,0.14,37.60304096670872
LMNO,5.733333333333333,37.60304096670872
LMPCO,77.33333333333333,49.64503240587904
LMCSO,6.5,54.85413222848785
LMnBiPH,84.0,42.95911032703667
La1Fe11.57Si1.43,212.20659078906667,162.4784684851356
LLaC2F,87.0,47.76896665474534
Ca0.375La0.25Pr0.375Mn1O3,3.0,8.899237978186125
Sr0.75La0.25Fe11.75Co0.25O19,70.76,60.45808344984075
Sr0.75La0.25Fe11.8Co0.2O19,71.4,61.37506721887054
Ca0.375La0.275Pr0.35Mn1O3,3.9,8.108693045846264
Ca0.8La0.2Mn1O3,0.026,8.266954608385744
Sr0.8La0.2Ru1O3,6.3,5.132137249458763
Sr0.67La0.33Co1O2.85,25.3,16.27255269671481
Sr0.67La0.33Co1O3,43.37,10.53544388468218
Sr0.3La0.3Dy0.4Mn1O3,100.0,7.982490659453211
Sr0.3La0.4Eu0.3Mn1O3,0.46,17.7661531424603
Sr1.8La0.4Pr0.6Mn2O7,3.5,9.9169555198039
Sr0.6La0.4Mn1O3,14.8,13.674555999762411
Ca0.5La0.5Mn1O3,0.5,10.55209100647593
Ca0.45La0.55Mn1O3,3.48,10.425767937689233
Ca0.3La0.55Y0.15Mn1O3,3.3,29.660247002770145
Sr0.44La0.56Mn1O3,2.2,16.972086628986368
Sr0.44La0.57Co1O3.01,2.0,14.991466558060656
Ba0.2La0.5Mn0.1Fe1Bi0.2O3,3.83,15.296710839235832
Ca0.3La0.5Pr0.2Mn1O3,3.75,14.475184059562203
Sr0.5La0.5Co1O2.89,22.85,9.562183805298115
Sr0.5La0.5Mn0.98Cr0.02O3,3.3,12.061947259144109
Sr0.5La0.5Mn1O3,15.9,10.175092988706034
Sr1.5La0.5Co1Ir1O6,0.015,6.044236896429747
Sr1.5La0.5Co1O4,1.5,7.48242459804937
Sr0.375La0.625Mn1O3,3.6,30.682930045746932
Sr0.34La0.66Mn1O3,64.0,41.68924022937456
Ba0.33La0.67Mn1O3,85.0,37.83999620086564
Ca0.33La0.67Mn1O3,77.33333333333334,38.61859823035402
La0.67Mn1Sn0.33O3,38.0,12.412794453791985
Sr0.33La0.67Co1O2.925,15.06,6.539496976822116
Sr0.33La0.67Co1O3,1.8,10.42281609052051
Sr0.33La0.67Co1O3,0.76,10.42281609052051
Sr0.33La0.67Mn1O3,82.81,30.49535937577269
Sr0.05Ca0.35La0.6Mn1O3,3.412,15.282640136146808
Ca0.4La0.6Mn1O3,2.82,14.056956484847873
La0.6Mn1Pb0.4O3,75.8,10.421465951998336
Ca0.3La0.6Pr0.4Mn1O3,3.7,12.069336572472842
Sr0.4La0.6Co1O3,27.0,7.473966218041806
Sr0.4La0.6Fe1O3,2.2862,6.67167972440095
Sr0.4La0.6Mn1O3,3.0,16.66616283909289
Sr1.4La0.6Co1O4,0.7,12.127783948843275
Ca0.3La0.7Mn0.3Cr0.7O3,0.029,8.262479329084254
Ca0.3La0.7Mn0.5Cr0.5O3,0.7,10.761568218982621
Ca0.3La0.7Mn0.85Cr0.15O3,2.72,20.29754165119447
Ca0.3La0.7Mn1O3,3.6,23.105076400390285
Sr0.3La0.7Mn1O3,14.0,25.43179189519344
Ca0.28La0.72Mn1O3,3.72,33.68518294185747
Ba0.27La0.73Mn1O3,86.25,27.57578054541186
Sr0.27La0.73Mn1O3,13.39,42.28187141139254
La0.75Mg0.25Fe1O3,3.35,7.124501774586173
La0.75Sm0.25Mn2Si2,1.6,16.191651773987285
Sr0.25La0.75Mn1O3,78.0,27.025844005483016
Ba0.3La0.7Mn1O3,1.92,40.99102832556301
Ca0.3La0.7Fe1O3,1.9,7.956981071690185
Ca0.3La0.7Mn0.95Al0.05O3,88.9,41.6201757866975
Ca0.3La0.7Mn0.95Fe0.05O3,83.6,17.926044714001772
Ca0.3La0.7Mn0.95Ga0.05O3,87.3,52.31711988418498
Ca0.3La0.7Mn0.95In0.05O3,80.6,40.70369891941304
Ca0.3La0.7Mn1O3,93.0,23.105076400390285
La0.7Ce0.3Co1O3,0.21,11.574850831308558
K0.3La0.7Fe1O3,1.7226,7.194387047157386
Na0.3La0.7Mn1O3,3.27,22.7891315260363
La0.7Pb0.3O3,2.9,22.91400618686719
La0.7Mn0.85Fe0.15Pb0.3O3,2.4,6.955804048531358
La0.7Mn0.8Fe0.2Pb0.3O3,1.0,9.880784303378622
La0.7Mn0.9Fe0.1Pb0.3O3,2.9,6.474246091622838
La0.7Mn1Pb0.3O3,1.05,22.10755495492983
La0.7Sm0.3Cr1O3,0.279,11.160184004892242
Sr0.3La0.7Co0.9Ni0.1O2.83,1.59,13.720414113629026
Sr0.3La0.7Mn0.95Co0.05O3,0.0237,40.793229632973095
Sr0.3La0.7Mn1O3,86.3,25.43179189519344
L1M1Sr0.3La0.7Mn1S1O4,3.7,71.7652161871248
La0.7Zn0.3Fe1O3,0.718,11.51349628933025
Sr0.19La0.81Mn1O3,3.8,26.50253209275834
La0.825Ce0.175Fe12B6,17.5,26.362443477246845
Sr0.175La0.825Mn1O3,3.7,26.64322903913492
Ca0.18La0.82Mn1O3,3.78,19.295297634972464
La0.85Ce0.15Fe12B6,17.9,20.87719891937637
La0.85Mg0.15Fe1O3,2.44,4.518717042872785
Sr0.15La0.85Mn1O3,31.33333333333333,18.30503905618143
Sr0.125La0.875Mn1O3,3.12,32.78118530924053
K0.2La0.8Fe1O3,0.932,6.810245624212468
La0.8Mg0.2Fe1O3,3.06,5.21291204767437
La0.8Mn1O3,0.76,16.54567935707995
La0.8Mn1O3,3.66,16.54567935707995
Sr0.2La0.8Co0.95Rh0.05O3,1.1,3.997328265218746
Sr0.2La0.8Co1O3,1.55,6.144946792313812
Sr0.2La0.8Ti0.05Mn0.95O3,16.7,21.512978059833813
Sr0.2La0.8Mn1O3,31.7,20.233098165983243
Sr0.2La0.8Mn1O3,26.1,20.233098165983243
Ca0.06La0.94Mn1O3,1.2,18.382134161984222
La0.95Ce0.05Fe12B6,7.7,26.15977746978036
La0.95Mg0.05Fe1O3,1.79,5.002541141080229
La0.95Fe1Sb0.05O3,0.26,6.163015494262959
Sr0.05La0.95Mn1O3,92.14,19.18622065557743
La0.9Ce0.1Fe12B6,18.22,20.165511422725864
K0.1La0.9Fe1O3,0.7357,6.199181013155858
La0.9Mg0.1Fe1O3,1.98,5.946016995879145
Sr0.1La0.9Co0.95Ni0.05O2.85,0.53,14.566431524247653
Sr0.1La0.9Mn1O3,52.57,28.88560294877117
La0.9Zn0.1Fe1O3,0.659,5.796893852554199
Ca0.8La1.2Co1Ir1O6,0.21,5.363962072162154
Sr1.8La1.2Mn1Ru1O7,22.0,18.92687931454342
Sr1.8La1.2Mn1.5Ru0.5O7,47.0,20.075657255527002
Sr1.8La1.2Mn1.9Ru0.1O7,50.0,20.00198140219828
Sr1.8La1.2Mn2O7,32.0,18.375068881629268
Sr1.6La1.4Mn2O7,7.4,21.76009829660504
Ca0.5La1.5Co1Ir1O6,0.44,6.14990040916066
La1.5Sm0.5Mn1Ni1O6,3.83,14.150536950935262
Sr0.5La1.5Co1Ir1O6,0.15,3.7284104954049586
La1.8Ho0.2Mn1Ni1O6,5.04,11.569101174533014
Sr0.2La1.8Mn1Ni1O6,1.2,23.04067291736041
Sr0.01La1.99Cu1O4,0.35,27.219389899590208
La1.9Ho0.1Mn1Ni1O6,4.85,12.525099991254425
La2Mn1Fe0.4Co0.6O6,52.53,28.479092963339145
La2Mn1.23Co0.77O6,6.0,20.86599598452133
La2Mn1Fe0.3Co0.7O6,52.85,33.788414913756505
La2Mn1Fe0.2Co0.8O6,57.05,35.0568635092611
La2Mn1Fe0.1Co0.9O6,53.84,33.70949776468007
La2CoIrO6,0.66,7.214473249723898
La2MnCoO6,65.4,8.256957479193591
La2CrFeO6,2.0,10.330681522592519
La2MnCrO6,1.1,5.024907673402635
La2CuO4,0.42,8.574411836513505
La2CuRuO6,0.6,18.142131757758523
La2Co14B,85.34,66.08880407098756
La2Fe2Co12B,99.74,84.18564754543013
La2Fe4Co10B,110.6,103.69099238805754
La2Fe6Co8B,122.33,100.17550325608431
La2Fe8Co6B,127.11,106.06310129432791
La2MnFeO6,9.21,14.685015671771353
La2MnCoO6,5.78,8.256957479193591
La2MnFeO6,1.3,14.685015671771353
La2MnNiO6,5.0,12.91209156176037
La2Mn1Fe0.8Ni0.2O6,13.44,24.482408658848893
La2Mn1Fe0.5Ni0.5O6,18.45,21.283847101277203
La2Mn1Fe0.2Ni0.8O6,26.99,19.161414360444645
La2Ni7,0.12,4.8486132870169
La2MnNiO6,3.72,13.436911774211463
La2MnNiO6,1.2,13.436911774211463
La2MnNiO6,3.2,13.436911774211463
La2MnVO6,1.9,9.05020332175187
La3VCu2O9,71.08920791433734,6.9326952724435555
La3MnAs5,1.8,10.62827950553873
La5Co2Ge3,0.1,45.363315949591005
La6Co13Bi,17.1,38.97821078661681
BaLa(CoO3)2,5.300000000000001e-05,7.486980975091695
BaLaNbCoO6,1.85,8.236494861497697
BaLaCoO,4.2441318157813335,44.04945395572692
BaLaCoO,265.2582384863333,44.04945395572692
LaBr2,14.933333333333334,6.373982215439453
CaLaNbCoO6,2.97,9.010322561049906
La1Mn0.8Co0.2O3,2.0,13.48602311911531
La1Co0.3,103.4,58.54705954899269
LaFe3(CoN)2,7.9,87.49718675559645
La(CoP)2,0.46,13.30702731082716
LaCo5,8.12,33.79380833287959
LaCoAsO,0.28,2.9745951328299842
LaCoO3,0.23,1.7057777380781614
LaCoO3,1.0,3.6592781743530858
LaCoO3,0.3,1.7057777380781614
LaCoAsO,0.39,6.400554639665817
LaCoPO,0.33,16.74532023865896
LaCoPO,0.3,11.101385543786868
LaCrFeO,2.0,47.660128195794556
LaCrGe3,1.1,1.7106760630113642
LaCrO3,0.193,3.8720789862873874
LaCrSb3,1.69,6.77184591086124
La1Mn0.5Fe0.5O3,7.7,9.106838149036886
La1Fe11.31Si1.69,157.8,161.50627464350822
La1Fe11.44Si1.56,165.5,170.33267572474986
La1Fe11.7Si1.3,169.0,185.69768173388047
La(Fe2B)6,18.55,30.037767857171815
LaFe12O19,95.0,56.81702743835433
LaFeAsO,0.87,12.663047845490958
LaMnFeNiO6,5.0,17.592491443512465
LaFeO3,1.03,9.431928883453747
La1Mn0.78Sb2,3.28,2.744315957197916
La1Mn0.86Sb2,0.6,1.961334935143158
La1Mg0.2Mn0.8O3,2.1,15.129704136739388
La1Mn0.91Sb2,1.1,2.1031353108112727
La1Mn0.96Mo0.04O3,2.2,10.369693036221594
La1Mg0.1Mn0.9O3,3.05,15.240108382999214
La(MnGe)2,3.12,3.3338637712446006
LaMnAsO,3.34,17.590562956464186
LaMnO3,0.00076,12.695154261549504
LaMnSbO,3.45,3.3894888125065785
La1Mn0.5Ni0.5O3,3.7,10.245067377011434
La1Ni2Ge1.5P0.5,0.1834,5.31518478853854
LaNi2GeP,0.4128,3.199857005433999
La1Ni2Ge0.5P1.5,0.1175,9.937718653737143
La(NiGe)2,0.07,2.897425004734948
La(NiP)2,0.0478,4.019100218417236
La1Mn0.4Al0.3Fe0.35Co0.4Ni3.55,2.0,7.930438435016788
La1Mn0.4Al0.3Co0.75Ni3.55,0.3,10.224752633635926
LaNi5,0.2,11.501467045065253
SrLaFeCoO6,2.9,13.256187333532107
SrLaCoIrO6,0.03,5.852838822883879
SrLaMnCoO6,5.0,12.2693609010105
SrLaNbCoO6,2.52,9.318694443661983
Li1Mn0.5Zn0.5P1,1.0,14.72720177623437
LiFe2NiO4,1.15,37.18607976129544
Li0.05Mn0.4Zn0.55Fe2.025O4,79.5,46.445621011539735
Li0.05Zn0.45Fe2.05Cu0.45O4,35.104,49.63900158561773
Mn0.4Zn0.6Fe2O4,57.5,40.03916939111497
Mg0.8Fe2Ni0.2O4,37.68,45.82543410330476
Li0.1Zn0.4Fe2.1Ni0.4O4,72.84,50.734482296037015
Li0.15Zn0.35Fe2.15Ni0.35O4,71.36,50.47135081467686
Li0.15Mn0.4Zn0.45Fe2.075O4,81.3,53.46119887588687
Li0.15Zn0.4Fe2.15Cu0.1Ni0.2O4,77.49,47.60189901691276
Li0.15Zn0.35Fe2.15Cu0.35O4,41.379,45.97156863457174
Li0.1Fe2.1Co0.8O4,68.29,62.426527941442906
Li0.1Mg0.3Fe2Cu0.6O4,31.19,43.918945167455945
Li0.1Mn0.4Fe2.1Ni0.4O4,57.94,45.30163606755955
Li0.1Mn0.4Zn0.5Fe2.05O4,78.9,50.87557290857151
Li0.1Mg0.6Fe2.1Ni0.2O4,48.0,41.57266261680625
Li0.1Fe2Ni0.9O4,0.010439,47.26974500294725
Li0.25Fe2.25Co0.5O4,83.32,61.77863365436672
Li0.25Er0.1Fe2.15Ni0.5O4,40.3,44.736804292587735
Li0.25Er0.08Fe2.17Ni0.5O4,41.5,46.6571702088124
Li0.25Er0.06Fe2.19Ni0.5O4,43.2,47.13310933749456
Li0.25Er0.02Fe2.23Ni0.5O4,45.6,51.24734806074252
Li0.25Fe2.25Ni0.5O4,55.8,46.368867093633085
Li0.25Zn0.5Fe2.25O4,6.87,49.272782339667856
Sr0.1Li0.25Zn0.4Fe2.25O4,12.64,45.331089509041256
Sr0.2Li0.25Zn0.3Fe2.25O4,19.72,42.686065674074484
Sr0.3Li0.25Zn0.2Fe2.25O4,30.1,34.918063472995364
Sr0.4Li0.25Zn0.1Fe2.25O4,25.63,33.073586293647466
Sr0.5Li0.25Fe2.25O4,22.57,32.41254402902431
Li0.25Zn0.25Fe2.25Cu0.25O4,45.571,40.648354326991075
Li0.25Zn0.3Fe2.3Co0.15O4,40.8,54.21712590079471
Li0.2Fe2.2Co0.6O4,62.39,60.490322913325635
Li0.2Mg0.2Fe2Cu0.6O4,40.04,41.42367208126822
Li0.2Mn0.4Zn0.4Fe2.1O4,82.9,48.54642616272696
Li0.2Mg0.4Fe2.2Ni0.2O4,50.0,42.34236811385781
Li0.2Fe2Ni0.8O4,54.0,38.80026785857204
Li0.2Tb0.02Dy0.02Fe1.96Ni0.8O4,47.0,41.5405746085342
Li0.2Tb0.04Dy0.04Fe1.92Ni0.8O4,41.0,41.54908523404846
Li0.2Tb0.06Dy0.06Fe1.88Ni0.8O4,35.0,40.18736312017402
Li0.2Tb0.08Dy0.08Fe1.84Ni0.8O4,27.0,37.93267622287037
Li0.35Fe2.35Co0.3O4,140.1,57.99533651162935
Li0.35Zn0.15Fe2.35Cu0.15O4,52.307,48.096292460052204
Li0.3Fe2.3Co0.4O4,60.68,71.06965969936999
Li0.3Fe1.7Co1O4,47.71,52.08017072311389
Li0.3Mg0.1Fe2Cu0.6O4,34.81,39.89615706471234
Li0.3Mg0.2Fe2.3Ni0.2O4,53.7,48.19254531158772
Li0.4,32.0,31.02898734182959
Li0.425Fe2.5Ag0.075O4,69.0,54.772172146235036
Li0.45Fe2.5Ag0.05O4,61.0,57.28072605772884
Li0.45Fe2.45Co0.1O4,83.58,56.5825982620577
Li0.45Zn0.05Fe2.45Cu0.05O4,43.882,53.22316801615175
Li0.475Fe2.5Ag0.025O4,62.0,55.65242589186202
Li0.4Fe2.5Ag0.1O4,52.0,58.683126210377424
Li0.4Fe2.4Co0.2O4,58.3,65.23731137956747
Li0.4Fe2.4Ni0.2O4,56.6,52.53163984614903
Li0.5Ti0.2Fe2.1Co0.2O4,39.92,40.77339989695876
Li0.5Fe2Co0.5O4,33.37,49.497247493546084
Li0.5Nd0.035Fe1.965Co0.5O4,53.52,43.229653576866085
Li0.5Nd0.07Fe1.93Co0.5O4,38.62,44.46643444415775
Li0.5Nd0.105Fe1.895Co0.5O4,46.29,39.45075287812033
Li0.5Nd0.14Fe1.86Co0.5O4,26.76,38.4967806216711
Li0.5Nd0.175Fe1.825Co0.5O4,30.07,36.79831622631612
Li0.5Fe2.5O4,88.55,49.29153192054787
Li0.5Cr2.5O4,3.29,10.502168641706293
Li0.5Cr2Fe0.5O4,6.39,6.8062187809765184
Li0.5Cr1.5Fe1O4,6.63,11.458463443776601
Li0.5Al1Fe1.5O4,8.53,19.250413768904217
Li0.5Cr1Fe1.5O4,27.45,15.723745793617521
Li0.5Al0.8Fe1.7O4,9.51,18.769990313644016
Li0.5Al0.5Fe2O4,19.01,37.01783968240351
Li0.5Cr0.5Fe2O4,34.45,36.34884131533912
Li0.5In0.32Fe2.18O4,43.03,41.59776491371847
Li0.5In0.24Fe2.26O4,43.14,38.740169216163615
Li0.5In0.16Fe2.34O4,43.26,43.31150834117373
Li0.5Al0.2Fe2.3O4,39.23,40.32290300705364
Li0.5In0.08Fe2.42O4,48.18,45.55712206481334
Li0.5Fe2.5O4,55.93,49.29153192054787
Li0.5Fe2.5O4,31.074,49.29153192054787
Li0.5Fe2.5O4,9.52,49.29153192054787
Li0.5Zr0.1Fe2.3Ni0.1O4,11.82,46.756180341254144
Li0.5Zr0.2Fe2.1Ni0.2O4,13.71,39.5002817230625
Li0.5Zr0.3Fe1.9Ni0.3O4,16.51,35.945275407511346
Li0.5Zr0.4Fe1.7Ni0.4O4,19.31,27.324427524128527
Li0.6,45.0,31.536633034180426
Li0.8,60.0,27.710158405603906
Fe2CoO4,69.59,67.0573970957041
Li,58.0,50.0703616249848
Li1.2,56.0,29.20639282775101
Li2.7Fe0.3N1,4.3,27.868992917199606
Li2N,5.0,15.878088925777087
Li2MgMn3O8,3.0,9.697433539055895
Li2Mn0.5Co1.5Ni6O10,0.1876,8.311275683107283
Li2MnCo(Ni3O5)2,0.1296,6.4785273147928795
Li2Mn1.5Co0.5Ni6O10,0.0805,6.0249757745783485
LiMnNi3O5,0.0308,12.39815585948139
Li2Zn0.5Co1.5Ni6O10,15.01,9.076137486484411
LiCoNi3O5,1.84,10.628014768538293
Li2Zn1.5Co0.5Ni6O10,8.18,10.39973906134415
Li2ZnCo(Ni3O5)2,13.1,12.838719239613706
LiZnNi3O5,7.1,18.78721868114346
Li3Co2SbO6,3.87,11.469444507794254
Li3Ni2SbO6,4.3,9.962830799173705
Li9Fe3P8O29,5.0,10.004973503021889
Li,7.349333333333333,50.0703616249848
Li,7.497333333333333,50.0703616249848
Li,6.968,50.0703616249848
Li,7.752,50.0703616249848
Li1Fe4.975Co0.025O8,57.07,51.454228751710716
Li1Fe4.95Co0.05O8,56.32,53.02108755125349
Li1Fe4.925Co0.075O8,55.05,53.92668278709277
Li1Fe4.9Co0.1O8,54.1,53.89558299661637
Li1Fe1.9Co0.5Bi0.1O4,4.91,19.37346804512287
Li1Fe1.8Co0.5Bi0.2O4,7.04,17.286255755169364
Li1Fe1.7Co0.5Bi0.3O4,11.0,15.189246783670725
Li1Fe1.6Co0.5Bi0.4O4,14.95,19.076681065162617
Li1Fe2Co0.5O4,2.79,32.07513726322632
Li1Co0.85Ni0.15O2,0.0334,5.885266833293397
Li1Co0.92Ni0.08O2,0.0278,3.8693761535261326
Li1Co0.96Ni0.04O2,0.037,4.287708208243989
Li1Co0.98Ni0.02O2,0.0273,3.0049365969798982
LiCoO2,0.0331,12.578258546574178
LiCoPO4,3.6,8.624582682544188
LiCrS2,2.26,4.7100293545961085
LiCrSe2,3.0,6.959108349523309
Li1Dy0.1Fe4.9O8,33.333333333333336,48.32473126643602
Li1Mn0.5Fe0.5S1,3.5,37.59685997131294
Li1Mn0.9Fe4.1O8,55.85,44.06393341010353
Li1Mn0.6Fe4.4O8,56.11,40.65896129936664
Li1Mn0.3Fe4.7O8,56.14,47.38886330621217
LiFe5O8,14.4,47.692418497379585
LiFeSe,3.0,35.27018933612128
LiCr4InO8,2.964,8.401104679540357
Li(MnSn)6,2.45,18.729807638636768
Li1Mn1.5Ni0.5O4,3.2,10.632098462547965
LiNiPO4,2.2,8.157185657289718
Sr0.025Li1Fe4.975O8,60.17,47.924336672833604
LiTiZn,31.4,32.841147730094654
LiSm2TiZnO3,29.6,14.47878688839603
LowemperaturephaseMnBi,86.66666666666667,36.89626238140634
Lu2Co17,1.6,52.558614401870074
Lu2Fe13.6Si3.4,23.0,29.625365194354217
Lu2Fe14Si3,25.0,30.711298679868538
Lu2MnNiO6,2.2,17.667393031205716
Lu2Ni17,0.27,33.65419438807011
Lu2V2O7,1.0,21.365562471804132
Lu2V2O7,106.10329539453332,16.31234564301073
Lu3Mn2Sb3O14,4.93,15.929323720512164
LuCo3,1.77,21.027694020540082
Lu1Nb0.65Fe11.35,17.3,51.133708665898794
LuFe2,2.86,24.207947680620865
Lu(FeO2)2,180.37560217070663,68.88019028845976
LuInCo4,3.43,24.675848894297445
LuTiO3,0.9,27.666688295623885
LuV4O8,0.0033,18.304093306772756
SrFe12O19,76.0,61.04681917492125
Mypebariumhexaferrite,69.02,73.74897523056062
G,29.37,76.2980036969739
M,32.84,69.308898089496
M,35.88,69.308898089496
M,35.7,69.308898089496
GM3,19.75,63.17312023041748
M,29.6,69.308898089496
M,34.06,69.308898089496
GM5,19.45,63.17312023041748
M,37.09,69.308898089496
AM,146.422547644456,73.74897523056062
AMP,93.0,57.754531623801896
AMP2,71.0,70.37362836720251
AMP2Rh,65.0,56.78123032307446
MBH1610S,2.9,59.01550631174982
MC6OF,40.6,44.85575170444481
MC2OF,15.3,39.27259785704108
MNiC,3.9,52.45766422566938
MC2OF,27.1,39.27259785704108
MNiC,8.6,52.45766422566938
AMC,122.01878970371332,43.05591529700742
M1A1B1.2C1,116.71362493398668,45.72767925163474
AMC2,9.55,42.93005692828113
AMC2,5.11,42.93005692828113
AMC2,16.46,42.93005692828113
AMC2,22.48,42.93005692828113
MC2,12.0,51.134393283190846
MAcHC,42.45,56.00689430439895
MHCCl,75.29,45.43723689641189
M1P0.4C1,46.21,45.643864637801165
LMCuF9,47.51,42.775468307080956
LMCuF18,41.92,39.26070868939014
LMCuF27,36.33,34.33155931666582
LMCuF36,30.74,34.50303709557222
EMC15,116.0,95.83003604942277
M1E1C7.5,143.0,63.281275561797884
A2715EGLMH,58.35681246699334,93.88481651146031
AEGLMHCS2606,170.82630558519867,79.57109771933524
MCF,66.0,44.919969442424986
MCNF,58.55,45.341655301855496
GMAu,4.3,31.075850706683283
GMAu2,5.2,15.143338695619798
GMAu3,7.5,18.108195727924365
GM,1.32,73.74897523056062
GMC2,3.34,22.625997097090426
MXseriesI,22.08,30.091191194176766
LM,80.0,63.17312023041748
L2M,290.0,69.50225996765121
M13Fe80(CoB3)2,128.25,114.69825640048538
M14Fe79B8,133.690152197112,115.35043750226575
M14Fe80B7,133.690152197112,115.43764437212448
M14(Fe27B2)3,133.690152197112,109.67945799090593
M15(Fe39B4)2,133.690152197112,116.30228306356759
M15(Fe40B3)2,133.690152197112,108.68921448042109
M17Fe76(CoB3)2,115.23,115.84180140841784
M17(Fe13B)6,133.690152197112,120.20106205886051
M21Fe72(CoB3)2,96.69,111.07175232200373
M3Fe14B,141.11738287472934,105.7568490070194
M,132.62911924316666,69.308898089496
M2P,170.82630558519867,63.287148870428524
M2Dy3P,75.33333973011867,38.70171203519756
EMCN,32.57,45.346506595153784
E2MCN,25.62,45.29274260474941
E3MCN,27.76,47.182459959129986
E4MCN,30.61,45.012697657775114
MNF,37.45,55.27716924005154
LMNF,19.07,30.780127083663555
L2MNF,21.94,35.701160926357446
L3MNF,23.79,32.219979838900784
L4MNF,20.08,30.854537539134526
AMPCN,33.0,53.743987380242636
AM2PHSN,38.0,56.06600345378699
AMPNO,54.0,55.415815727706516
GMPCN,52.46,46.10386962085586
MP2CN,8.6,54.53720448227597
MQBP,89.33333333333333,57.36889125750545
MQNdFeBPS,123.0,46.099794884859875
MZ4BHSF,78.0,82.21585032863459
MZ6BHSF,104.9,75.65222999083733
MZ8BHSF,86.0,75.0633580446739
MZP,60.524,64.39809275480468
Fe2O3,320.0,55.66373769115185
MaghemiteMesocrystals,40.0,73.74897523056062
Magnesioferrite,3.74,69.50225996765121
EExpandedGGraphiteMMagnetic,55.05,73.74897523056062
GMagneticOgAPC,78.0,72.49924821895596
MagneticZeoliteNaY,9.964,67.95235596972623
Fe3O4,64.0,92.27544985043997
MagnetiteMicro,60.0,76.2980036969739
E2M2MagnetiteRHI(NO)2,90.0,87.25046606512129
AGM2MagnetiteINOF2,90.0,47.030361793415054
MagnetiteMesocrystals,87.0,69.308898089496
MagnetiteMulticore,46.66666666666666,73.74897523056062
Magnetite,18.666666666666668,76.2980036969739
Magnetite,46.66666666666666,76.2980036969739
Magnetite,50.0,76.2980036969739
Magnetite,52.93333333333333,76.2980036969739
Magnetite,60.0,76.2980036969739
Magnetite,8.3952,76.2980036969739
Magnetiteike,64.0,69.308898089496
Magnetiteikemetal,53.333333333333336,76.2980036969739
Magnetoferritin,6.5,73.74897523056062
Mn(FeO2)2,50.0,31.391356905577933
Manganesefluoride,80.0,69.50225996765121
MagnetiteManganesedoped,66.7,63.17312023041748
Manganesezincferrite,88.0,73.74897523056062
Manganesezincferrite,71.0,73.74897523056062
GlassMetallic,141.63,63.17312023041748
AMetglas2714,58.35681246699334,73.74897523056062
Fe2CoO4,67.3,68.71748341553183
Mg0.15Mn0.85Fe2O4,2.062,42.23059582263777
Mg0.17Zn0.63Fe2Cu0.2O4,57.011,39.60707032897771
Mg0.1Mn0.4Zn0.5Fe2O4,59.74,42.47054375588161
Sr0.1Mg0.1Mn0.1Fe2Co0.7O4,68.1,51.90556609181835
Mg0.1Zn0.9Fe2O4,23.5,38.89667794892813
Mg0.2Zn0.6Fe2Cu0.2O4,53.637,39.715448300991014
Mg0.25Fe2Co0.75O4,54.84,57.48715397650915
Mg0.25Zn0.55Fe2Cu0.2O4,45.257,41.260895266623635
Sr0.15Mg0.25Mn0.25Zn0.35Fe2O4,34.666,39.22086949551184
Sr0.2Mg0.25Mn0.25Zn0.3Fe2O4,41.136,41.31179935786342
Sr0.1Mg0.25Mn0.25Zn0.4Fe2O4,36.884,38.39047888872812
Mg0.25Mn0.25Zn0.5Fe2O4,48.222,42.05760866729224
Mg0.25Mn0.75Fe2O4,1.647,41.477888517727116
Mg0.25Zn0.75Fe2O4,16.0,41.514508601790446
Ca0.8Mg0.2Fe2O4,30.6,24.524391368783316
Mg0.2Zn0.6Fe2Co0.2O4,36.33,40.01620706448576
Mg0.2Zn0.4Fe2Co0.4O4,71.99,48.36219112811186
Mg0.2Zn0.2Fe2Co0.6O4,77.09,53.11012293835291
Mg0.2Fe2Co0.8O4,66.4,54.82852343918127
Mg0.2Mn0.1Fe2Co0.7O4,49.9,55.0480668220636
Mg0.2Mn0.3Zn0.5Fe2O4,58.27,41.65083010765352
Mg0.2Mn0.5Al0.1Fe1.9Ni0.3O4,220.0,34.27094114016682
Mg0.2Mn0.5Fe2Ni0.3O4,56.389,45.43223625789888
Mg0.2Mn0.5In0.05Fe1.95Ni0.3O4,59.83,46.248502356852455
Mg0.2Mn0.5Fe2Ni0.3O4,56.389,45.43223625789888
Mg0.2Mn0.5In0.1Fe1.9Ni0.3O4,26.067,49.07777613866431
Mg0.2Mn0.5In0.1Fe1.9Ni0.3O4,26.067,49.07777613866431
Mg0.2Mn0.5In0.2Fe1.8Ni0.3O4,18.641,35.1172099625785
Mg0.2Mn0.5In0.3Fe1.7Ni0.3O4,16.657,33.39877252018369
Sr0.2Mg0.2Mn0.2Fe2Co0.4O4,75.0,45.24633895867394
Mg0.2Zn0.8Fe2O4,4.56,39.20927400196659
Mg0.3Zn0.5Fe2Cu0.2O4,40.228,42.44592353565046
Sr0.33Mg0.33Mn0.33Fe2Co0.01O4,56.2,42.563456229753506
Mg0.3Zn0.5Fe3Cu0.2O4,11.21,44.703811712039425
Mg0.3Mn0.2Zn0.5Fe2O4,55.14,41.353635331681176
Mg0.3Cr0.7Fe1.3Ni0.7O4,37.86,24.01669566073068
Sr0.3Mg0.3Mn0.3Fe2Co0.1O4,61.3,46.04571861060773
Mg0.3Mn0.2Zn0.5Fe2O4,15.907,41.353635331681176
Mg0.3Zn0.7Cr0.7Fe1.3O4,38.775,27.71867902425835
Mg0.3Zn0.7Fe2O4,67.0,38.40805879276855
Mg0.4Mn0.1Zn0.5Fe2O4,53.98,40.43035365997112
Mg0.4Fe2Ni0.6O4,41.7,42.598983995536805
Mg0.4Zn0.6Fe2O4,20.0,43.32764898495607
Ca0.5Mg0.5Fe2O4,22.0,35.696941794131384
Mg0.5Zn0.4Fe2Co0.1O4,16.67,40.921966373962405
Mg0.5Zn0.3Fe2Co0.2O4,15.49,37.78244367874551
Mg0.5Zn0.2Fe2Co0.3O4,16.09,41.955129144990394
Mg0.5Zn0.1Fe2Co0.4O4,21.33,47.81790172960635
Mg0.5Fe2Co0.5O4,68.96,45.92747696962181
Mg0.5Cd0.3Fe2Cu0.2O4,45.23,42.6267899665183
Mg0.5Fe1.9Cu0.5Bi0.1O4,31.31,20.45499366504052
Mg0.5Fe2Cu0.5O4,30.361,40.364354397394024
Gd0.1Mg0.5Mn0.5Fe1.9O4,63.9,37.898951263789336
Mg0.5Cr0.5Fe1.5Ni0.5O4,38.55,29.217206627039683
Mg0.5Zn0.1Fe2Cu0.4O4,44.398,40.72160950082074
Mg0.5Zn0.2Fe2Cu0.3O4,48.867,39.96696666430334
Mg0.5Zn0.3Fe2Cu0.2O4,55.722,40.08420938615202
Mg0.5Zn0.4Fe2Cu0.1O4,52.589,42.304760571885865
Mg0.5Zn0.5Cr0.5Fe1.5O4,24.58,34.09552557288793
Gd0.075Mg0.5Zn0.5Fe1.925O4,11.76,32.21743898070227
Gd0.05Mg0.5Zn0.5Fe1.95O4,16.1,32.05201579002264
Gd0.025Mg0.5Zn0.5Fe1.975O4,25.69,34.966902050944064
Gd0.1Mg0.5Zn0.5Fe1.9O4,18.46,32.314494049678544
Mg0.5Zn0.5Fe2O4,38.46,40.12071256444036
Mg0.6Cr2Cu0.4O4,0.058,8.528663227678452
Mg0.6Cr2Ni0.4O4,0.061,7.4492638011884456
Mg0.6Zn0.4Fe2O4,43.38,41.36139769948863
Mg0.75Fe2Co0.25O4,46.63,39.46459328370116
Mg0.75Mn0.21Fe2Co0.04O4,225.0,41.84624759863617
Mg0.75Zn0.25Fe2O4,89.2,45.55546180794225
Mg0.7Al0.3Fe2O4,20.5,46.147191173167684
Mg0.7Cd0.3Fe2O4,48.0,44.94474273653453
Mg0.7Fe2Co0.3O4,43.65,42.844977896382176
Yb0.02Mg0.7Fe1.98Co0.3O4,39.8,37.954247435839136
Yb0.04Mg0.7Fe1.96Co0.3O4,36.08,39.44405866131147
Yb0.06Mg0.7Fe1.94Co0.3O4,23.2,35.37099705175508
Yb0.08Mg0.7Fe1.92Co0.3O4,17.81,41.04918443431009
Mg0.7Cr0.3Fe2O4,20.08,40.72760103807411
Mg0.7Cr0.3Fe1.7Ni0.3O4,62.04,34.89789013158482
Mg0.7Zn0.3Cr0.3Fe1.7O4,52.88,33.838276029284835
Mg0.7Zn0.3Fe2O4,44.03,46.538833704829514
Pr0.04Mg0.96Fe2O4,66.8,35.00550963772963
Mg0.9Mn0.1In0.1Fe1.8Cu0.1O4,26.27,36.26921351495082
Mg0.9Mn0.1In0.2Fe1.7Cu0.1O4,40.22,32.32622171348176
Mg0.9Mn0.1In0.3Fe1.6Cu0.1O4,29.18,33.35265285331612
Mg0.9Mn0.1In0.4Fe1.5Cu0.1O4,21.46,32.776799981902066
Mg0.9Cr0.1Fe1.9Ni0.1O4,37.2,45.88090042580204
Mg0.9Zn0.1Cr0.1Fe1.9O4,58.718,39.37631736191207
Mg0.9Zn0.1Fe2O4,38.45,41.94241199376801
Mn(FeO2)2,3.698,31.391356905577933
Mg2Nb1Fe0.95Ni0.05O6,8.0,14.71038018390838
Mg2NbFeO6,5.0,15.153609119276814
Ce0.1Mg2Ti0.9Fe1O6,6.8,9.573194960723214
Ce0.08Mg2Ti0.92Fe1O6,6.38,9.883212355337427
Ce0.06Mg2Ti0.94Fe1O6,8.09,10.470926717185794
Ce0.04Mg2Ti0.96Fe1O6,7.81,10.068397763482505
Ce0.02Mg2Ti0.98Fe1O6,7.05,8.533324783308327
AM2Mg3AlH,9.8,56.44109385057616
MgCu3H6(ClO3)2,1.0,5.814673895237498
Mg(FeO2)2,52.7,41.2410527946083
O2,60.0,40.8980283475977
CeMg(FeO3)2,3.58,10.261412236161034
MgFe3H6(ClO3)2,4.0,46.70951991145585
JMMgFeHO,215.38968965090265,71.10684067347589
Gd0.05Mg1Fe1.95O4,23.5,38.55971571565568
Mg(FeO2)2,30.0,41.102128067972416
Gd0.1Mg1Fe1.9O4,26.0,35.141528720033804
Gd0.15Mg1Fe1.85O4,59.9,25.44595025213464
Gd0.2Mg1Fe1.8O4,15.5,29.931151478548493
Gd0.25Mg1Fe1.75O4,5.8,21.107501855716443
Gd0.3Mg1Fe1.7O4,4.8,16.802809863390827
Mg1Mn0.1Fe1.9O4,22.46,35.137578977999034
MgN,1.0,27.937365353662322
MgO,0.026,28.71334913898995
JMMgHO,209.02349192723065,102.97294452850534
Microdiorite,0.128,76.2980036969739
Mix,66.2,76.2980036969739
MnH3ClO3,3.0,15.856111541286776
Mn,4.0,20.691488231081145
MnAl,100.0,84.3316071121714
MnAlC,50.929581789376,29.73015975000981
MnAlC,51.99061474332133,29.73015975000981
MnFe2CoO4,28.6,48.972722315968184
MnFe2CuO4,19.4,33.34593189490514
MnFe3O4,72.0,42.92605017958533
MnFe2NiO4,44.61,35.074668966977505
MnSnPt,59.333333333333336,11.312415543595606
MnSnN,8.265446711234148,15.763432407781282
Mn0.05Ge0.95,106.10329539453332,37.148536108838115
Mn0.05Ge0.95,159.1549430918,37.148536108838115
Mg0.25Mn0.05Zn0.5Fe3Cu0.2O4,14.54,37.89919379985561
Mn0.06Ge0.94Te1,3.57e-06,10.198260948228729
FeCoO3,34.0,49.322714702961136
Mg0.5Fe2Ni0.5O4,34.26,42.02008489885614
Fe2NiO4,48.3,42.505577971836715
Zn(FeO2)2,12.04,27.0253756112856
Mn0.1,19.61,37.730890666867055
Mg0.15Mn0.15Zn0.5Fe3Cu0.2O4,18.22,20.677288221897776
Mn0.18Zn0.25Fe2.57O4,9.733333333333333,39.69945377909765
Mn0.1Zn0.8Co0.1O1,0.21,11.23886756709719
Mn0.1Fe2Co0.9O4,79.612,63.61190685820635
Mg0.2Mn0.1Fe2Co0.7O4,31.32,55.0480668220636
Mg0.2Mn0.1Zn0.5Fe3Cu0.2O4,15.58,34.502806698296816
Mg0.2Mn0.1Fe2Ni0.7O4,56.83,45.03104674531295
Mg0.2Mn0.1Zn0.7Fe2O4,61.3,40.38061273613983
Ce0.5Mn0.1Zn0.2Fe1.5Ni0.7O4,41.2,30.570606041182796
Dy0.5Mn0.1Zn0.2Fe1.5Ni0.7O4,40.8,30.993923186937558
Er0.5Mn0.1Zn0.2Fe1.5Ni0.7O4,34.9,34.194290850045974
Sm0.5Mn0.1Zn0.2Fe1.5Ni0.7O4,30.6,33.6638246999861
Mn0.1Fe2Ni0.9O4,26.74,42.350895839392834
Mn0.2Zn0.17Fe2.63O4,12.0,45.00202777581359
Mn0.2Zn0.25Fe2.55O4,12.533333333333331,35.44720259516039
Mn0.24Zn0.21Fe2.55O4,12.666666666666666,35.231370474858565
Mn0.25,16.66,20.691488231081145
Mg0.5Mn0.25Fe1.75Ni0.5O4,42.23,37.35819734911114
Mg0.05Mn0.25Zn0.5Fe3Cu0.2O4,5.18,23.203820034563496
Mg0.25Mn0.25Fe2Co0.5O4,38.9,52.147209729199304
Mn0.25Zn0.75Fe2O4,40.0,39.0182094441727
Mn0.2Zn0.5Fe2Co0.3O4,18.5,43.15010815891418
Mn0.2Fe2Co0.8O4,77.23,61.30738316632224
Gd0.15Mn0.2Fe1.85Cu0.8O4,18.25,36.537129442827585
Mg0.1Mn0.2Zn0.5Fe3Cu0.2O4,15.98,26.984972045869707
Mn0.2Fe2Ni0.8O4,68.3,38.1704297694471
Mn0.35Zn0.35Fe2Sb0.3O4,0.54,16.539996142736477
Mn0.375Zn0.375Fe2Sb0.25O4,0.73,10.10601904859336
Mn0.38Fe1.62Co1O4,3.5,52.36270524226651
Mn0.3Fe2Co0.7O4,74.61,56.81529670401143
Mn0.3Zn0.5Fe3Cu0.2O4,8.1,27.51337030064341
Mn0.3Fe2.7O4,70.0,61.65164493783391
Mn0.3Fe2Ni0.7O4,25.32,39.30774866556571
Mn0.3Zn0.7Fe2O4,26.28,41.95434111821535
Mn0.4Zn0.4Fe2Sb0.2O4,0.85,13.428447649250183
Mn0.425Zn0.425Fe2Sb0.15O4,0.81,12.866257349041437
Mn0.45Zn0.45Fe2Sb0.1O4,1.26,15.425619979046996
Mn0.475Zn0.475Fe2Sb0.05O4,1.29,15.660778879602038
Mn0.47Fe2Co0.53O4,5.0,51.71796031666681
Mn0.4Fe2Co0.6O4,72.29,54.239887310678434
Gd0.15Mn0.4Fe1.85Cu0.6O4,25.22,32.930305609731064
Mn0.4Ga0.3Fe0.3,81.4,51.874926645102775
Mn0.4Zn0.4Fe2Co0.2O4,22.31,44.368124688202805
Mn0.4Zn0.6Fe2O4,18.51,40.03916939111497
Mn0.5,9.88,37.730890666867055
Ce0.5Mn0.5Fe2O4,10.4,35.9204038168605
Mn0.5Zn0.5Fe2O4,1.06,41.086386158428255
Mn0.54Al0.46,87.0,88.95322921523648
Mn0.54Ga0.46,80.0,92.1299770270402
Mn0.55Al0.45B0.02,114.0,73.37907551833821
Mn0.55Al0.45C0.02,114.0,72.8723335291131
Mn0.55Al0.45Co0.02,36.0,73.02707685247934
Mn0.55Al0.45Co0.03,66.66666666666667,48.986867658319525
Mn0.55Al0.45Co0.04,46.66666666666667,54.77654197665037
Mn0.55Bi0.45,71.6,61.21195931671903
Mn0.55Bi0.45Mo1,64.5,40.598417874803715
Mn0.55Bi0.45Mo2,62.4,44.52654035549853
Mn0.55Bi0.45Mo3,60.8,46.57435668516883
Mn0.55Bi0.45Mo4,56.5,47.40012208445049
Mg0.5Mn0.5Fe1.5Ni0.5O4,34.44,28.856458385883442
Mn0.5Fe2.5O4,1.42,57.173232413970496
Mn0.5Ga0.5,110.33866666666664,73.53562434065955
Mn0.5Fe2Ni0.5O4,23.096,39.93826266369409
Dy0.005Ho0.005Mn0.5Zn0.5Fe1.99O4,6.362,21.17748182491324
Dy0.015Ho0.015Mn0.5Zn0.5Fe1.97O4,2.386,17.68475439592141
Dy0.01Ho0.01Mn0.5Zn0.5Fe1.98O4,5.945,18.3205246617866
Dy0.025Ho0.025Mn0.5Zn0.5Fe1.95O4,0.652,18.48046953749493
Dy0.02Ho0.02Mn0.5Zn0.5Fe1.96O4,0.797,17.311694810953036
Dy0.03Ho0.03Mn0.5Zn0.5Fe1.94O4,0.507,21.145799705969075
Dy0.04Er0.04Mn0.5Zn0.5Fe1.92O4,25.1,15.345345947935822
Mn0.5Zn0.5Fe2O4,12.0,41.086386158428255
Gd0.1Mn0.5Zn0.5Fe1.9O4,29.94,41.02473196853721
Gd0.2Mn0.5Zn0.5Fe1.8O4,31.7,39.189414532268216
Gd0.3Mn0.5Zn0.5Fe1.7O4,37.77,37.32778994903005
Gd0.4Mn0.5Zn0.5Fe1.6O4,46.01,32.873434026859215
Mn0.5Zn0.5Fe1.975Ni0.025O4,23.8,34.420512851181165
Mn0.5Zn0.5Fe1.95Ni0.05O4,20.16,39.287092262444794
Sm0.01Mn0.5Zn0.5Fe1.99O4,18.7,39.006688301952906
Mn0.5Zn0.5Fe2O4,42.0,41.086386158428255
Sm0.1Mn0.5Zn0.5Fe1.9O4,40.0,35.28227614599048
Sm0.2Mn0.5Zn0.5Fe1.8O4,51.0,35.47871673803685
Sm0.3Mn0.5Zn0.5Fe1.7O4,39.0,34.33604136413964
Mn0.625Ga0.375,73.196,67.55563292492923
Ca0.4Mn0.6Fe2O4,23.0,33.844406024951304
Ca0.4Mn0.6Fe2O4,27.0,33.844406024951304
Mn0.6Fe2Co0.4O4,48.0,44.546861226693906
Gd0.15Mn0.6Fe1.85Cu0.4O4,28.05,40.13130534978866
Mn0.6Fe2Ni0.4O4,25.09,39.98042760040896
Mn0.6Al0.2Zn0.4Fe1.8O4,44.3,32.18907103560324
Mn0.6Zn0.4Fe1.99Bi0.01O4,13.55,20.437153931550032
Mn0.6Zn0.4Fe1.98Bi0.02O4,13.39,18.912634819587396
Mn0.6Zn0.4Fe1.97Bi0.03O4,10.51,17.31540495762532
Mn0.6Zn0.4Fe1.96Bi0.04O4,10.13,16.210184506604293
Mn0.6Zn0.4Fe1.95Bi0.05O4,9.09,16.583137593808974
Mn0.6Zn0.4Fe2O4,21.0,41.65442749832243
Mn0.6Zn0.4Fe2O4,103.7,41.65442749832243
Gd0.02Mn0.6Zn0.4Fe1.98O4,85.1,44.87961415549001
Gd0.04Mn0.6Zn0.4Fe1.96O4,90.1,42.57509446537818
Gd0.06Mn0.6Zn0.4Fe1.94O4,83.0,48.20237714539096
Gd0.08Mn0.6Zn0.4Fe1.92O4,79.9,42.14773691117181
Gd0.1Mn0.6Zn0.4Fe1.9O4,76.9,44.8748490932799
Mn0.74Al0.69Co0.57,28.0,40.854730571885455
Mg0.5Mn0.75Fe1.25Ni0.5O4,24.98,27.41803014581501
Mn0.75Ga0.25,40.23733333333333,29.087784707730606
Mn0.75Zn0.25Fe2O4,80.0,41.09834058313706
Mn0.76Zn0.24Fe2O4,34.6,43.52608442931826
Mn0.7Cd0.3Fe2O4,34.46,43.919405397617766
Mn0.7Fe0.6Co0.7Ge1,2.79,40.96412704892055
Mn0.7Fe2.3O4,59.0,40.301613105734035
Mn0.7Fe2Ni0.3O4,37.69,40.25202689895811
Dy0.1Mn0.7Zn0.3Fe1.9O4,50.1,37.413016813334096
Mn0.7Zn0.3Fe2O4,25.0,42.441776001779395
Ce0.2Mn0.8Fe2O4,15.41,30.837190139056986
Mn0.87Fe0.13Si1,0.19,8.87654141992093
Mn0.8Fe2Co0.2O4,38.0,43.27983709714458
Mn0.8Co0.2W1O4,4.44,25.62178295656303
Gd0.15Mn0.8Fe1.85Cu0.2O4,29.38,31.195546519859537
Mg0.2Mn0.8Fe2O4,47.96,41.50877275212132
Mn0.8Fe2Ni0.2O4,41.48,42.548482100603835
Ce0.05Mn0.8Zn0.2Fe1.95O4,22.88,38.67014347812374
Dy0.05Mn0.8Zn0.2Fe1.95O4,68.43,34.053226500951084
Ce0.03Mn0.8Zn0.2Fe1.97O4,24.66,36.87003182065998
Ce0.015Mn0.8Zn0.2Fe1.985O4,23.93,40.12472240377713
Ce0.1Mn0.8Zn0.2Fe1.9O4,21.52,34.17870961859643
Mn0.8Zn0.2Fe2O4,26.31,41.69119662118447
Ce0.1Mn0.9Fe2O4,19.85,29.333939858579825
Mn0.91Fe0.09Si1,0.22,7.82701949407533
Ce0.075Mn0.925Fe2O4,13.6,29.400337284638468
Mn0.945Si1Ir0.055,0.23,4.4067794335130035
Mn0.94Fe0.06Si1,0.31,7.244965340622104
Ce0.05Mn0.95Fe2O4,20.47,30.926155210710082
Ce0.025Mn0.95Fe1.975Bi0.05O4,12.13,18.106433570805827
Ce0.03Mn0.95Fe1.97Bi0.05O4,8.75,19.621772319117998
Ce0.015Mn0.95Fe1.985Bi0.05O4,15.49,18.691886636267714
Ce0.02Mn0.95Fe1.98Bi0.05O4,14.32,18.635338247347015
Ce0.005Mn0.95Fe1.995Bi0.05O4,23.42,22.318282098088574
Ce0.01Mn0.95Fe1.99Bi0.05O4,19.7,19.923414779485526
Mn0.965Si1Ir0.035,0.33,6.1362176880548605
Ce0.025Mn0.975Fe2O4,19.96,33.30511325100016
Mn0.979Si1Ir0.021,0.37,1.7859937825120904
Mn0.985Si1Ir0.015,0.39,6.476703477513881
Mn0.9Cd0.1Fe2O4,33.88,41.944870495971465
Mn0.9Fe2Ni0.1O4,60.9,38.660960087729734
Mn0.9Zn0.1Fe2O4,53.6,42.03149997826343
Mn,55.0,20.691488231081145
Mn1.05Bi1,3.0,62.077595900292735
Mn1.08Sb1.92Te4,2.0,4.51001144405187
Nd0.1Mn1Fe0.9O3,70.0,18.383874755145815
Mg0.5Mn1Fe1Ni0.5O4,16.85,24.077999145700815
Mn(FeO2)2,59.36,31.391356905577933
Mn1.13Sb1,3.2,62.44552991141002
Mn1.14Al0.86,92.0,70.8740476185161
Mn1.15Co1.85O4,1.07,19.7558931089303
Mn1.17Co1.6Cu0.23O4,1.22,22.147241786055957
Mn1.1Ga1.4Fe1.5,90.66666666666669,50.935899849588196
Mn1.2Ga0.8,88.00000000000001,69.68017151238281
Mn1.2Ga1Ni1,66.64,41.45952424481881
Mn1.2Ga1Ni0.8Pt0.2,80.91,33.26446171286919
Mn1.4Ga1.4Fe1.2,70.66666666666667,64.09551593551373
Mn1.4Sn1Pt1,4.7,17.584181395965278
Mn1.5Al1V1Co0.5,11.32,19.180884401432476
Mn1.5Al1V0.5Fe1,0.1,26.628739950177454
Mn1.6Ga1.4Fe1,60.0,48.560215904241325
Mn,60.8,20.691488231081145
AcMn12,0.01058,44.538059499292444
Mn12.1Fe34.2Co33.5Cu7.9Ni12.3,83.9,117.22107116092256
Mn,67.6,20.691488231081145
Mn2.2Ga1Ru0.5,10.0,20.18415130231133
Mn2.2Ga1Ru0.9,10.933333333333334,12.917258367870364
Mn2.2Al1.2V0.6,2.0,12.734508202949218
Mn2.2Al1V0.8,1.6,11.389091102216048
Mn2.37Ga1Co0.63,58.66666666666666,30.1182121600311
Mn2.43Ga1Co0.57,41.333333333333336,35.16398106657214
Mn2.63Ga1Co0.37,20.666666666666668,27.392140707412366
Mn2.6Ga1.4,40.0,59.09338033852886
Mn2.6Ga1,29.70892271046933,51.336108016026486
Mn2.85Ga1Co0.15,5.333333333333333,21.718327015840845
Mn2.97Ga1Co0.03,10.0,24.465809686833104
Mn2AlB2,0.71,19.770824543266208
Mn2AlNi,154.91081127601865,37.903692971780444
Mn2Au,3.74,76.156952721903
Mn2AlCo,42.0,28.784526301335
Mn2GaCo,1.1,29.710184901506196
Mn2CoSn,2.59,17.145218593612007
Mn2Ga1.4Fe0.6,45.333333333333336,42.26531861535119
Mn2Ga1Fe0.73,42.66666666666666,32.12498580049555
Mn2FeReO6,5.0,23.728967277027824
Mn2Ga,62.66666666666666,54.199902376654684
Mn2GaC,20.666666666666668,38.53549207513675
Mn2Co0.32Ni1.32Sn0.36,118.2,36.333476027037904
Mn2Co0.24Ni1.4Sn0.36,61.9,47.25464176318575
Mn2Co0.16Ni1.48Sn0.36,12.0,41.479799158683925
Mn2Co0.08Ni1.56Sn0.36,12.0,30.53009274357869
Mn2CoNi,9.04,41.896812884033274
Mn2GaNi,1.29,23.612101618329604
Mn2NiSn,2.76,15.365633093799529
Mn2GaPt,0.8,22.621435160972723
Mn2GaRu,1.027,14.259945477444042
Mn2Sn,2.4,55.86542789141407
Mn2Al1.2V0.8,2.4,21.253092226818314
Mn2AlV,2.0,18.01451875545684
Mn2VGa,0.9,20.651036005067187
Mn2Nb(CN)8,9.51,43.978263343608546
Mn,55.0,20.691488231081145
Mn3P2(H2I)2,2.0,31.406346303959907
Mn3Ga,66.66666666666667,29.762619633464276
Mn3.2Ge1,9.733333333333333,35.44168228970146
Mn3.7Ga0.3N1,8.133333333333333,15.949761067127
Mn3.9Ga0.1N1,5.333333333333333,19.388057573075752
Mn3Al2(GeO4)3,6.0,17.81723905549698
Mn3Cr2(GeO4)3,20.2,16.157134872444445
Mn3CuN,0.35,32.79821078351848
Mn3Ga0.14Sn0.86N1,2.43,8.364933294438918
Mn3Ga0.33Sn0.67N1,2.41,8.200614272649794
Mn3Ga0.9Sn0.1N1,2.31,19.172216751513723
Mn3Ge,0.0075,32.70400392378322
Mn3O4,29.3,27.16295128261632
Mn3Pt,148.54461355234665,52.91755120093713
Mn3PtN,167.64320672336268,18.09119376427121
Mn3Si,2.08,21.212585746852582
Mn3(SiTe3)2,1.6,10.833970931777946
Mn9Bi11,34.0,60.1338361915696
Mn48.835Al48.835C2.33,130.0,74.75637778481027
Mn12Bi13,49.98,37.03457768692432
Mn4C,8.4,24.606353904704235
Mn,60.0,20.691488231081145
Mn50.5Bi45Pt4.5,41.46666666666667,43.49095731862082
Mg3Mn50In0.5Bi45Sb1.5,6.15,34.899489507406514
Mg3Mn50In0.5Bi46Sb0.5,6.54,31.883277590304886
Mn50Bi47Sb3,45.0,62.03576121190116
Mn50Ni39.06Sn10.94,1.643,21.89716008408972
Mn50Ni41.41Sn8.59,1.108,19.10748492901529
Mn51Al47C2,75.3,79.39073901704332
Mn52.2Al45.8C2,66.8,76.76042549534034
Mn52.3Al45Cr1C1.7,66.0,72.12125525657024
Ti0.5Mn52.8Al45C1.7,79.5774715459,72.33932084010448
Mn53.3Al45C1.7,52.94,81.55493997249627
Mn54.2Al43.8C2,76.0,75.36411767778006
Mn54.45Al44.55B1,127.0,68.44684321769334
Mn54Al43.6Bi0.4C2,65.7,62.68095690888427
Mn27Al22C,66.7,81.65545035823193
Mn27Al23,94.5,84.83536853083204
Mn27SnBi22,70.4,49.974218798133364
Mn55.2Ga19Cu25.8,15.0,38.78662481756135
Mn55(Al4Ga)9,80.0,76.38848440744044
Mn55Al38.57Ga6.43,89.97559449456426,65.35064352900186
Mn55Al42Cu3C2,49.56,61.09006958443103
Mn55Al43(CuC)2,65.89,62.456197908761354
Mn55Al44C,59.2,85.69534564502351
Mn55Al44CuC2,62.66,68.26602034517634
Mn11Al9,69.73333333333333,89.08606730138835
Mn55Al45C2,51.3,75.91538781842608
Mg4Mn55Bi41,61.2,54.10214962803025
Mg3Mn55Bi42,64.4,55.410039970786286
Mg2Mn55Bi43,67.5,58.157239975382524
Mg(Mn5Bi4)11,68.2,61.063359381355966
Zr(Mn5Bi4)11,40.0,53.03519752089204
Mn11Bi9,71.7,55.818270039696344
Mn11Ga9,87.97,76.99792141433588
Mn5Ge3,214.66666666666663,15.628100722775002
Mn5Ge3C0.8,89.33333333333334,26.982310540673065
Mn5B2P,0.1119,24.13318077035641
Mn5Si2,22.0,23.35181768866694
Mn5Si3C0.8,80.0,23.75927631581942
Mn3Ga2,75.0,69.68017151238281
Mn13Ga7,58.1,53.773095957165594
Mn72.5Ga27.5,26.666666666666668,51.40111726602656
Mn,18.64,20.691488231081145
Mn,0.002,20.691488231081145
MnAlC,84.88263631562667,29.73015975000981
MnAlNiC,75.33333973011867,55.82237388669809
MnAlC,116.0,29.73015975000981
MnAlV,120.5,25.894235500678295
MnAs,0.68,80.42470623287409
MnAlAu2,3.2,27.90027608919315
MnB,31.4,31.625528476682383
MnB2,33.6,29.135539035179114
MnB3,23.5,40.94308843226665
MnBi,77.33333333333333,63.0584183834016
GMnBi2BP,7.2,62.663188538250495
MnBiSb,60.6,27.657302217538735
Mn1Bi0.875Sb0.125,78.3,57.27301335456052
Mn1Bi0.9375Sb0.0625,76.9,54.08271527521747
Mn1Bi0.98Sb0.02,61.0,55.82578546687567
Mn1In0.5Bi43Sb1.5,35.7,19.90358455136721
MnBi4Te7,3.0,6.52023248398519
Mn(Bi3Te5)2,4.75,7.281598342763971
MnBi8Te13,3.58,6.717991355490865
MnBiC,66.5,45.69738240675997
Dy0.1Mn1Bi1,46.0,27.551750789771155
MnGeBi,51.2,24.655890789487234
Sm0.1Mn1Bi1,46.0,25.17505167146022
MnBr3,4.18,9.408396247654515
MnCl3,4.08,24.872350770596306
MnCoSn,79.5,16.85419383432671
MnCr2O4,1.1,19.385777301788337
Mn(CrS2)2,6.0,15.037765709473376
Mn1Cu1.65Si0.35,3.8,34.32039979691051
Mn5(CuO4)3,6.0,15.477952640415824
MnF2,80.0,32.082746770094175
MnF3,3.92,52.868832836346584
Mn1Fe0.95Si0.5P0.5,160.0,51.21538307065196
Mn(FeO2)2,46.0,33.75436832628021
GMnFe2O5,35.5,35.555143585051745
MnFe2CSO4,44.3,40.95321221868457
GMn(FeO2)2,34.335,42.41073426017548
GMn(FeO2)2,30.953,42.41073426017548
GMn(FeO2)2,24.098,42.41073426017548
GMn(FeO2)2,25.644,42.41073426017548
O2,22.3,40.8980283475977
MnFe4Si3,159.1549430918,69.81561785875355
MnFeGe,111.4,34.006310317534
Mn1Fe1As0.55P0.45,125.0,30.02330910193023
Mn1Fe1Si0.55P0.45,175.0,44.41315679900764
Mn1Fe1Si0.34P0.66,4.1,51.64907905331452
MnFeSn,3.22,41.54109782439585
Gd0.125Mn1Fe1.875O4,47.3,28.995931733599804
Gd0.25Mn1Fe1.75O4,43.6,30.57639817330952
Gd0.5Mn1Fe1.5O4,35.4,21.5717928404031
MnGe,2.3,66.00707791497581
MnGe2(BiSe3)2,4.55,7.780596331553992
MnGe2(BiTe3)2,4.53,3.5147011305862037
MnGe2(SbSe3)2,4.55,7.811896095031394
MnGe2(SbTe3)2,4.52,5.058717637297389
MnI3,4.27,18.061348838666053
MnNbV825H2I4O,9.1,56.27374761182175
H2O,9.0,30.530743749902285
Mn(NbS2)3,10.610329539453334,10.212869880204035
MnNiSb,3.93,6.740014665929562
Mn1Ni1.25Sb1,4.0,11.66807667142024
Mn1Ni1.5Sb1,4.12,8.59412319752579
Mn1Ni1.75Sb1,3.99,5.320601932254398
MnNi2Sb,3.7,8.84068891826376
MnGaNi,98.0,20.091738165058075
MnBi2(Te3Pb)2,4.56,5.4495998102911685
MnPPd5,4.6,21.697767128175283
MnPt,4.04,54.28409361792779
Mn1Sn1Ir0.5Pt0.5,2.78,16.640358800210446
MnPt3,90.66666666666669,79.71091322462843
MnPPt5,4.6,14.219923413669061
MnGaPt,3.3,14.629771387117655
MnSiPt,3.0,27.109327218221285
MnSnPt,4.17,10.607831519239962
Mn(RhO2)2,172.0,26.192136482275714
Mn1Bi0.2Sb1.8Te4,1.8,4.239971646142576
Mn(SbO3)2,4.9,6.90374439853742
Mn(SbSe2)2,5.0,9.2609938999383
LiMnSe2,4.0,5.92452699790882
MnSi,42.441318157813335,17.416115628704794
MnSiB2,0.33,55.6204075698233
Mn1Si1.7,1.2732395447344,41.17940157321823
MnSiTe3,3.95,6.369296456244408
MnSn2(BiTe3)2,4.55,4.654396780179425
MnSn2(SbTe3)2,4.54,6.358468050914386
TiMnSn,1.08,24.602406825858868
MnV2O4,3.2,9.767124160935255
Mn(FeO2)2,51.84,31.36809311005762
Yb0.025Mn1Fe1.975O4,48.56,34.464940178897415
Yb0.05Mn1Fe1.95O4,42.15,32.2690351249236
Yb0.075Mn1Fe1.925O4,31.69,33.29114466427967
Yb0.1Mn1Fe1.9O4,20.03,35.12079792508649
AMnZnPIN,82.8,47.128124297113246
UMnZnP,68.6,10.932103054587177
MnNbSe2,4.4,10.22695971046533
CeMnFeO,32.32,26.583632580436756
MnFe,54.66666666666666,113.06132574098454
MnZn,27.33333333333333,44.09644958672615
GdMnZn,40.0,32.581662995645196
QMo,4.0,20.397539345355987
MoS2,0.055,47.812526516769424
Te2Mo,84.88263631562667,18.677959869490195
Mumetal,35.333333333333336,76.2980036969739
MagneticMulticore,49.333333333333336,69.308898089496
MagnetiteMultidomain,27.9,69.50225996765121
Mumetal,85.0,76.2980036969739
AEMRPN2O,174.00940444703463,49.87551019429651
CNOF,60.0,62.8256495676799
GCNOF,57.0,63.85302163015642
G2CNOF,54.0,55.134040612086025
G3CNOF,63.0,51.32518462128191
G4CNOF,48.0,44.33752652570247
CSNOF,56.0,51.967251803476
CS2NOF,60.0,51.69084054061655
CS3NOF,52.0,48.548682822067676
CS4NOF,50.0,49.55848561771138
ZCN,61.59,43.91725159816639
ZCN,67.23,43.91725159816639
ZCN,74.36,43.91725159816639
CuN,0.1329,21.841222652539983
CuN,0.1082,21.841222652539983
CuN,0.137,21.841222652539983
CuN,0.1151,21.841222652539983
FeP2H6NO8,1.5,39.31451864084197
NF,0.31,31.8394184814125
NF2,0.29,30.00366793222748
MWNF,16.74,50.42873335573857
GNO50,175.07043740097998,108.22358326438922
GNO54,175.07043740097998,128.62952552139475
Dy3H4NF10,4.06,6.900280583615632
Er3H4NF10,3.46,8.321116145902701
Ho3H4NF10,3.18,6.011567348068281
Tb3H4NF10,2.94,5.592394464831231
MC442N,43.0,46.01195352735777
MC532N,43.0,54.48066968251942
G3MN,87.0,60.22011216172865
G4MN,82.0,73.79037878245894
M1G4.25N1,82.0,79.90992436661213
G5MN,79.0,83.32296994089708
Z1M1C0.2N1,74.1,43.478879610407475
Z1M1C0.5N1,77.0,54.92650374919788
ZCNF,105.65,51.536878498382926
ZNF,67.5,36.636335940166454
ZPN,57.163,55.915996812172125
Na0.25Co1O2,0.75,18.555768989585548
Na0.5Co1O2,0.002,13.223356856773403
Na0.5Yb0.5W1O4,1.7,17.71932811729097
Na2Fe2P3NO9,3.722,33.242622817271275
Na2MnTeO6,2.9,4.367765433736265
Na2Ti3O7,0.37,11.77928535578426
Na3Fe(PO4)2,5.25,9.653642705342456
Na3Ni2SbO6,4.3,4.69300301981976
Na3TiP3NO9,0.734,16.540959501509185
Na5Co15.5Te6O36,1.6,16.964905359526618
NaCr(GeO3)2,2.9,8.53062240040001
NaCrS2,2.92,8.334760505790527
NaCrSe2,2.98,10.248411984642486
NaCr(SiO3)2,2.56,8.38155608930614
NaCrTe2,3.09,8.834272777546943
Na(FeSb3)4,0.6,29.11231923431343
NaGdP2O7,7.0,7.873189428437328
NaNiO2,106.10329539453332,6.225603534219678
Na1Yb0.02Lu0.98O2,0.029,21.922412498323922
NaYbGeO4,1.92,9.013404612989468
NaYbO2,1.75,7.788223572625623
NaYbS2,1.6,15.412504143054184
Co0.333333Ni0.333333,180.37560217070663,110.46212514952418
Nb,165.0,37.67899875411159
E2NbH2(CN)2,0.0006,45.459454697566535
Nb0.985Fe2.015,0.27,84.6690471477914
Nb(H2C3)3,2.0,29.471081746399875
Nb3I8,5.25,10.745369803505529
MnNbP,1.2,36.7632966467844
ZrNb,165.0,81.90544742704847
NdFe6Mo6N,106.10329539453332,107.65354540381566
Nd,13.1,27.44661153118544
CeNdFeB,169.76527263125334,141.5998833118813
CeNdFeB,170.82630558519867,141.5998833118813
NdFeB,84.88263631562667,142.06478176129875
NdFeB,152.788745368128,142.06478176129875
NdSmFe2BN,163.39907490758134,67.06619548048268
NdFeB,132.01,142.06478176129875
NdGaFeB,172.94837149308933,46.73203149734644
LaCeNdFeB,155.971844229964,123.50859259149463
LaNdFeB,145.3615146905107,149.89943988887535
NdMn6Fe,64.43,50.00950585325567
Ca0.85Nd0.15Mn1O3,0.4,7.540899785022855
Pr0.8Nd0.2Fe0.7Co1.1B0.2,83.45,87.79695299678997
Tb0.8Nd0.2Fe10.5Mo1.5,71.4,92.78705029426594
Sr0.55Nd0.45Mn1O3,4.3,13.879743565410944
Pr0.6Nd0.4Fe0.7Co1.1B0.2,90.09,89.10200673361994
Tb0.6Nd0.4Fe10.5Mo1.5,90.8,90.17110310343443
Sr0.49Nd0.51Mn1O3,67.33333333333333,4.264460848100902
Sr0.2475Ca0.2025Nd0.55Mn1O3,3.36,11.407087482121105
Ba0.108Ca0.342Nd0.55Mn1O3,2.62,11.969516962364885
Pr0.5Nd0.5Zr0.25Fe10.25Mo1.5,81.69,91.14253930087935
Pr0.5Nd0.5Fe10.5Mo1.5,93.63,91.0242463575688
Pr0.5Nd0.5Zr1Fe9.5Mo1.5,51.43,73.85940456869713
Pr0.5Nd0.5Zr0.75Fe9.75Mo1.5,57.38,73.85770274034701
Sr0.5Nd0.5Mn1O3,1.46,20.482671556547892
Nd0.65Y0.35Mn1O3,1.86,5.701611759218409
Nd0.6Dy0.4Co2,20.26,22.250416040993805
Nd0.6Gd0.4Co2,5.25,35.77167863050334
Pr0.4Nd0.6Fe0.7Co1.1B0.2,95.28,87.82607450340856
Tb0.4Nd0.6Fe10.5Mo1.5,101.2,87.46665218664498
Nd0.6Y0.4Mn1O3,1.74,7.679612018217152
Nd0.7Y0.3Mn1O3,1.96,8.877605174773308
Ba0.15Nd0.85Fe1O3,0.4906,4.268041220855322
Ce0.15Nd0.85Fe0.78B0.07,170.82630558519867,67.1041652567626
Ce0.2Nd0.8Zr1Cr0.1Fe12Co1.9B0.5C1,16.9,30.275420607162253
Ce0.2Nd0.8Zr1Mn0.1Fe12Co1.9B0.5C1,16.1,25.34697035284367
Ce0.2Nd0.8Zr1Fe12Co1.9Ni0.1B0.5C1,15.3,25.604847677566866
Ce0.2Nd0.8Zr1V0.1Fe12Co1.9B0.5C1,14.9,33.286169455459785
Ce0.2Nd0.8Zr1Fe12Co2B0.5C1,16.4,40.95891656711001
Pr0.2Nd0.8Fe0.7Co1.1B0.2,98.37,87.33828041598007
Tb0.2Nd0.8Fe10.5Mo1.5,115.8,89.18557503072253
Nd0.8Y0.2Mn1O3,2.15,9.48920985781569
Ba0.1Nd0.9Fe1O3,0.5008,2.7231413849017914
Nd0.9Fe1Co0.1O3,3.82,7.696882000780226
Nd0.9Fe1Ni0.1O3,3.06,8.104331426135612
Ba0.05Nd0.95Fe1O3,0.5186,4.678750800870619
Nd0.9Dy0.12Fe14B1,154.91081127601865,121.41733517134654
Nd0.9Y0.1Mn1O3,2.37,9.303717105781779
Nd1.2Fe6Mo6,101.0,84.8939867152412
Nd1.2Fe6Mo6N0.85,109.0,98.14243086787474
Nd1.9Zr0.1Fe12Co2B1,32.1,158.1493782057808
Nd10Fe82BC7,152.6,141.22448097826702
Nd5Fe41BC3,150.0,141.45389462989468
Nd10Fe82B3C5,154.6,134.42796822767775
Nd5Fe41(BC)2,156.4,136.12208459415254
Nd5Fe41B3C,161.2,139.81931743205843
Nd5Fe41B4,170.4,105.69038173574339
Nd10Ti3.5Fe1Co5B11,145.0,145.50578905942865
Nd2Fe14B,132.0,141.79587133683148
Nd13.53Al89.5Fe75.69Co5.54Cu9.7B6.04,107.4,31.560618162502372
Nd13.53Al89.5Fe75.69Co5.54Cu9.7B6.04,91.1,31.560618162502372
Nd13.53Al89.5Fe75.69Co5.54Cu9.7B6.04,85.9,31.560618162502372
Nd13.5Ta0.6Fe79.9B6,131.67418958461587,135.2757781551814
Nd13.5Fe80.5B6,128.4910907227799,134.8629104513034
Nd13.65Ga0.8Fe73.35Co6.6B5.6,170.82630558519867,156.83339288418227
Nd13.65Ga0.6Fe73.55Co6.6B5.6,170.82630558519867,157.5274000186722
Nd13.65Ga0.43Fe73.72Co6.6B5.6,170.82630558519867,158.46888127299633
Nd13.65Fe74.15Co6.6B5.6,170.82630558519867,146.9585035050863
Nd14Fe79C7,116.7,112.54993946825934
Nd7Fe40B3,121.2,131.60068906355184
Nd15Co78B7,93.0,64.53647188950256
Nd3Al2Fe10Co4B,90.0,78.06029239673141
Nd15Fe78B7,165.0,118.08230625533636
Nd15Fe78C7,126.5,114.99533617990805
Nd15Fe79C6,108.6,114.3202758859342
Nd16Fe62.4Co15.6B6,137.93428401289333,122.17811555359171
Nd4Co21,100.0,104.70850622078461
Nd16Al1Cr2Fe63.4Co11.6B6,119.89672379582264,113.45250088005977
Nd16Zr0.5Fe65.9Co11.6B6,143.23944878262,120.12124462526236
Nd16Cr0.25Fe66.15Co11.6B6,129.44602038133067,131.3813377693971
Nd2Fe9B,73.0,100.8749351299613
Nd8(Fe13C)3,116.4,107.03426987104542
Nd17Co83,93.33333333333334,36.658428445213445
M7Nd2Fe7B,90.4,69.78319875906934
Nd214B,170.82630558519867,99.57394843362992
Nd2Fe14Co14B,168.704239677308,160.6006112028159
Nd2.5Dy0.5Ti14.5Fe14.5,78.6,109.47924139150103
La2Pr2Nd2AlFe2Co,14.0,47.91066200537223
Nd5Al2Fe6Co6B,60.0,73.63188545932272
Nd5Al2Fe12B,78.0,67.16322359862335
M0.6Nd28.5Dy3Fe1Co12B155.9,158.2000134332492,108.24489600384858
M0.6Nd28.5Dy3Fe1Co6B161.9,160.746492522718,98.58230746678132
Nd29.89Ga0.64Fe1Co5.93B0.89,141.11738287472934,104.61878591462309
Nd29.9Fe65.8Cu1.2B3.1,58.66666666666666,77.10113527326821
Nd2Be2GeO7,2.7,6.356019370150404
Nd2Co0.85Si2.88,4.17,25.15120429897445
Nd2Co17,115.8,77.9844366244474
Nd2MnCoO6,6.93,14.395358095998606
Nd2CuO4,1.38,7.1198705336526755
NdFe7,206.90142601934,85.42300220762141
Nd2Fe14B,26.86,141.7243529195139
Nd2Fe14B,41.61,141.7243529195139
FeB7,236.6103487298093,181.79887703644
FeB7,48.6,181.79887703644
Nd2Fe14B,159.1549430918,141.79587133683148
Nd2Fe14C,2.0,126.41522671289488
Nd2Cr2Fe15,22.0,61.748752350318256
Nd2Cr0.5Fe16.5,35.0,47.0829052236097
Nd2Fe16.5Si0.5,26.74,60.70390335745023
Nd2Fe16.75Si0.25,25.34,68.18976909840761
Nd2CrFe16,32.0,50.97212758521992
Nd2Fe17,39.6,59.47430964610103
Nd2Fe23B3,139.0,102.54926708958484
NdFe41B3,149.605646506292,99.51319429780402
Nd2GaSbO7,1.2,5.287353169478387
Nd2Mo2O7,1.3,4.1388815641847625
Nd2MnNiO6,46.66666666666667,5.633308947984867
Nd2Zr2O7,1.33,5.7255639024333975
Nd3Fe14.5Re14.5,140.05634992078402,74.387705177937
Nd3Ti14.5Fe14.5,151.72771241418266,132.92067121416744
Nd3Fe27.724Mo1.276,151.0,68.1073678730819
Nd3Al(FeCo)3,59.0,61.08654393770917
Nd32.5Dy1Nb1Al0.2Fe62.2Co2B1.1,71.11,69.68340179822738
Nd3BWO9,1.71,4.251715526185023
Nd3Ti1.5Fe27.5,139.6,103.27391299078923
Nd3Ga5O12,1.42,5.245516746419273
Nd3Ga5SiO14,1.5,6.914426456467789
Pr3Nd3TiNb3Fe67Co3B20,162.338041953636,103.5860398663454
Nd3(Al3Ru)4,6.2,7.393490687439548
Nd3Mg2Sb3O14,1.33,5.817338683270442
Nd4Ni3O8,2.41,4.21716109376911
Nd5.9Ti5Fe1Co6B7.7,174.0,124.38178014710188
Nd5Fe17,152.0,88.56355562812257
Nd5Fe17H16,169.0,99.39640467250697
Nd6AlFe2Co,22.281692032852,57.63313561010512
Fe6Cu13,7.7,72.7868234055222
Nd6NbFe86CuB6,17.1,117.3761731436824
Nd3Fe44B3,17.9,110.77990004259806
Nd7.5Y2.7Nb3.1Fe62Cu2.4B22.3,88.66,68.86624747646584
Nd14(GaCu)3,170.82630558519867,64.83893184607732
Nd7Cu3,170.82630558519867,62.596235802590314
Nd7Ti4Fe75B14,147.2,107.93853151227023
Nd7Fe77(B7Mo)2,190.13333333333333,105.66996957002587
Nd7Rh3,1.7,58.456332358123205
Nd8.2Ti5Fe1Co6B11.2,171.0,141.71938655028575
Nd4Nb2Fe37B7,81.73333333333333,119.26987897519905
Nd4Ti2Fe37B7,105.86666666666666,85.38296422537412
Nd8Ti4FeCo5B8,171.0,150.50080905959783
Nd9Fe85B5.9P0.1,13.8,115.48127858217141
Nd9Fe85B6,13.7,91.07563285995404
Nd9(Ti2B3)2,11.77,94.67488718276668
Ti9B4,10.84,45.47419961075707
Ti9B4,8.49,45.47419961075707
NdAl2,2.6,3.369585939585754
NdAlGe,2.8,4.130374663579407
BaNdMn2O6,4.3,5.892994969360245
Nd1Cd0.7Sb2,2.2,5.029697297058076
Nd(Co2B)6,8.8,11.676265216696208
NdCo3,4.1,59.648711918060705
NdCo4Si,5.32,23.616019667699547
NdCo5,10.5,26.345768335456363
Nd1V2.5Co9.5,7.58,55.29598764639354
NdCoAsO,0.18,2.3606249659695764
NdCoPO,32.8,29.045372485231766
NdAl3Cu,2.17,7.190634931341684
NdDyFeCoB,100.0,97.22849435603385
Nd1Zr0.25Fe10.5Mo1.25,100.2,100.85625715310144
Nd1Fe10.5Mo1.5,100.9,90.84325793382837
Nd1Fe10.5Mo1.5C1.4,109.28639425636932,98.5626306139338
Nd1Fe10.5Mo1.5C2.2,116.71362493398668,102.11321887771379
Nd1Zr0.5Fe10.5Mo1,104.8,90.70581840785789
Nd1V1.25Fe10.75C1.5,131.56808628922133,119.88868649041792
Nd1V1.25Fe10.75C2.3,136.873251058948,112.18798050686814
NdFe11N,214.32865669695727,179.16369445175394
NdTiFe11,178.253536262816,145.8030063715632
NdTiFe11B,176.1314703549253,119.65375529901706
NdTiFe11C,178.253536262816,129.96065473611526
Nd1Ti1Fe11C1.4,118.83569084187737,135.46545709447665
Nd1Ti1Fe11C2.1,128.38498742738534,118.08491990769897
NdTiFe11N,187.802832848324,159.2232404543005
NdFe12N,176.1314703549253,192.966972810881
Nd(FeSi)2,3.02,29.981290139579954
Nd1Ti0.5Fe6.5Co3.5P1.5C1,150.66667946023733,78.50838790401266
Nd1Fe9.25Si1.75C0.5,8.86,58.645167531387095
Nd1Fe9.25Si1.75C0.8,11.07,31.519716144111953
Nd1Fe9.25Si1.75C1,12.58,26.157102356085627
Nd1Fe9.25Si1.75C1.3,13.49,24.52484017060169
Nd1Fe9.25Si1.75C1.5,14.03,32.475745743801916
MicroarrayNdFeNiBP,3.4,51.62404143973526
ANdVFeBP,109.6,49.96533064196076
NdHfFeB,142.17841582867467,101.80254707971689
NdFeO3,0.7474,10.878363811837698
NdGaGe,2.72,4.662328639966024
NdIr3,1.7,13.351546821010446
Nd1Mn0.88Sb2,1.63,4.182579795316307
Nd(MnSn)6,15.0,7.5063862838411595
NdMnAsO,3.54,4.127086183062436
NdMnO3,0.7629,11.248700191893855
NdN,1.0,5.882986867500799
NdNi4B,1.7,11.881083489482371
NdNi5,2.1,9.610598447145739
NdNiC2,1.6,8.04910939725126
Nd(Sb3Os)4,1.73,10.210221193501383
NdBPt2,2.2,11.20466299224136
NdBRh3,2.3,4.450565536412554
NdSnRh,1.82,4.763512895280362
Nd(SiRu)2,2.8,5.457593954113175
NdYFeB,166.58217376941735,133.12756409203195
NdZnAsO,6.0,3.7905417718327237
NdZnPO,1.68,7.18701763296896
Ni,2.06,39.23522045279564
GNiCS,1.5,35.42033731027611
CoNi,116.0,139.79662617837403
CuNi,0.84,32.99462084425084
CuNiHCN,1.89,33.013298902415244
FeNi,100.0,123.55279987310773
FeNi,16.0,123.55279987310773
FeNiMo,82.0,83.3771630551669
VFeNi,72.0,78.51713679638655
MnGaNi,64.72301019066533,23.002724443888702
MnGaNiB,70.0,42.585729070796035
MnGaCoCuNi,19.23,36.400082378049625
MicrowiresMnGaFeNi,46.4,64.65667965351172
MnInNi,6.0,29.42186913956161
MnNiSb,6.0,12.381167337922635
NiW,56.0,47.1722923832238
Zn0.4Fe2Co0.528Ni0.072O4,83.72,54.953471749622835
Zn0.24Co0.64Ni0.12,153.2,76.11584871552
Zn0.24Co0.64Ni0.12,201.3,76.11584871552
Mg0.1Zn0.45Fe2Cu0.3Ni0.15O4,59.37,43.45252979540271
Zn0.64Fe1.98Cu0.2Ni0.16O4,74.11,41.2698222184646
Mn0.8Fe2Co0.1Ni0.1O4,58.16,42.70047347463536
Zn0.8Co0.1Ni0.1O1,3.82,9.43663296140193
Zn0.4Fe2Co0.5Ni0.1O4,53.19,58.12008960581724
Co0.9Ni0.1,139.4,137.41981598203623
Fe2Co0.9Ni0.1O4,90.0,60.258954400301775
Zn0.7Fe2Cu0.2Ni0.1O4,9.77,44.052159695843756
Mg0.15Zn0.55Fe2Cu0.2Ni0.1O4,32.22,39.16673805424498
Mg0.25Zn0.45Fe2Cu0.2Ni0.1O4,28.5,38.755605647860975
Mg0.35Zn0.35Fe2Cu0.2Ni0.1O4,26.28,40.41028638729887
Mg0.45Zn0.25Fe2Cu0.2Ni0.1O4,24.9,38.23674781613436
Mg0.55Zn0.15Fe2Cu0.2Ni0.1O4,23.86,37.353979071535825
Mg0.7Fe2Cu0.2Ni0.1O4,13.62,46.655056122341655
Zn0.4Fe2Cu0.5Ni0.1O4,48.0,42.49156807464017
Fe2Cu0.9Ni0.1O4,30.84,34.20518558808892
Er0.015Fe1.985Cu0.9Ni0.1O4,26.72,31.910716301474945
Er0.01Fe1.99Cu0.9Ni0.1O4,29.48,31.49973833850326
Er0.02Fe1.98Cu0.9Ni0.1O4,28.27,30.925811209633366
Er0.025Fe1.975Cu0.9Ni0.1O4,29.52,31.202382338584925
Er0.03Fe1.97Cu0.9Ni0.1O4,31.18,30.02904894173609
Fe2Cu0.9Ni0.1O4,24.01,34.20518558808892
Fe2.9Ni0.1O4,1.37,60.77486269508274
Mg0.4Cd0.3Fe2Cu0.2Ni0.1O4,47.09,40.2899714616768
Mg0.4Zn0.5Fe2Ni0.1O4,47.0,40.73672060510286
Zn0.9Fe2Ni0.1O4,23.95,37.32432698304865
Mg0.54Mn0.21Fe2Co0.03Ni0.22O4,34.0,46.358170325239335
Zn0.66Fe2Cu0.11Ni0.23O4,82.0,46.18630348509986
Zn0.5Fe2Cu0.25Ni0.25O4,75.0,47.24200842933597
Zn0.45Fe2Cu0.3Ni0.25O4,43.6,51.799638636575544
Zn0.2Fe2Cu0.55Ni0.25O4,29.99,42.5603208542493
Zn0.75Fe2Ni0.25O4,40.0,43.3238908013935
Zn0.54Fe1.98Cu0.2Ni0.26O4,71.92,47.052740051029794
Mg0.4Cd0.4Fe2Ni0.2O4,51.36,41.72329495645672
Mn0.6Fe2Co0.2Ni0.2O4,50.22,45.48770686827695
Zn0.4Fe2Co0.4Ni0.2O4,53.65,58.78212886048328
Zn0.4Fe2Cu0.4Ni0.2O4,42.0,48.717832060496875
Fe2Cu0.8Ni0.2O4,25.49,36.36291920079189
Fe2.8Ni0.2O4,45.0,49.45939626964684
Mg0.3Cd0.3Fe2Cu0.2Ni0.2O4,51.66,42.54911992760247
Mg0.3Zn0.5Fe2Ni0.2O4,54.0,42.931488948480876
Zn0.4Fe2Co0.264Ni0.336O4,84.42,57.420321545098794
Zn0.33Fe2Cu0.33Ni0.33O4,62.642,50.251875861540235
La0.02Zn0.5Fe2Co0.15Ni0.35O4,72.35,54.573279630753184
La0.04Zn0.5Fe2Co0.15Ni0.35O4,66.25,52.52528526122619
La0.06Zn0.5Fe2Co0.15Ni0.35O4,62.04,50.92618951023074
Zn0.5Fe2Co0.15Ni0.35O4,82.39,56.37360071675449
Zn0.45Fe1.98Cu0.2Ni0.35O4,69.28,50.37614649791877
Zn0.45Fe2Cu0.2Ni0.35O4,36.208,51.58915023963773
Zn0.5Cr0.075Fe1.925Co0.2Ni0.3O4,42.0,60.09164948384609
Mn0.4Fe2Co0.3Ni0.3O4,70.2,45.54068314972058
Zn0.4Fe2Co0.3Ni0.3O4,44.25,57.889338620202935
Fe2Co0.7Ni0.3O4,50.75,55.363424747032596
Pr0.05Fe1.95Co0.7Ni0.3O4,29.98,57.22180393639457
Pr0.2Fe1.8Co0.7Ni0.3O4,19.77,52.435354514362274
Zn0.5Fe2Cu0.2Ni0.3O4,41.73,50.563076483880096
Zn0.4Fe2Cu0.3Ni0.3O4,38.0,49.36485845369026
Fe2Cu0.7Ni0.3O4,27.78,42.543675575126166
Fe2.7Ni0.3O4,1.11,59.59295980983182
Mg0.2Cd0.3Fe2Cu0.2Ni0.3O4,55.46,44.139231061563876
Zn0.35Fe2Co0.35Ni0.3O4,46.2,58.67604213566443
Zn0.45Fe2Co0.25Ni0.3O4,48.5,59.59095844437093
Zn0.4Fe2Co0.3Ni0.3O4,84.0,57.889338620202935
Zn0.55Fe2Co0.15Ni0.3O4,48.3,58.163499043666604
Zn0.5Cr0.15Fe1.85Co0.2Ni0.3O4,73.07,53.25267365086832
Zn0.5Cr0.2Fe1.8Co0.2Ni0.3O4,70.28,48.915171727557826
Zn0.5Cr0.05Fe1.95Co0.2Ni0.3O4,82.36,54.100380049098035
Zn0.5Cr0.1Fe1.9Co0.2Ni0.3O4,81.04,56.16594338726437
Zn0.5Fe2Co0.2Ni0.3O4,110.87,57.394195017776845
Mg0.2Zn0.5Fe2Ni0.3O4,52.0,43.0090199773453
Zn0.65Fe2Co0.05Ni0.3O4,41.7,51.07975883960545
Zn0.7Fe2Ni0.3O4,31.72,44.519373961330345
Zn0.37Fe1.98Cu0.2Ni0.43O4,63.62,52.11776288479812
Mn0.05Zn0.5Fe2Ni0.45O4,46.0,51.916188997683655
Zn0.4Fe2Co0.132Ni0.468O4,75.07,58.44088272258746
Mg0.4Cd0.2Fe2Ni0.4O4,42.78,41.80984357951505
Zn0.4Fe2Co0.2Ni0.4O4,45.6,59.57545445346183
Mn0.2Fe2Co0.4Ni0.4O4,62.96,50.454109865853496
Fe2Co0.6Ni0.4O4,37.69,54.04148295753318
Zn0.5Fe2Cu0.1Ni0.4O4,87.16,51.952200527396926
Eu0.05Zn0.4Fe1.95Cu0.2Ni0.4O4,40.97,45.873923127473276
Gd0.05Zn0.4Fe1.95Cu0.2Ni0.4O4,49.42,49.43471972004494
Pr0.05Zn0.4Fe1.95Cu0.2Ni0.4O4,66.5,46.87663336502124
Sm0.05Zn0.4Fe1.95Cu0.2Ni0.4O4,55.33,46.13701372503785
Zn0.4Fe2Cu0.2Ni0.4O4,55.72,51.77515943057435
Fe2Cu0.6Ni0.4O4,64.35,51.02304206359446
Ho0.02Fe1.98Cu0.6Ni0.4O4,45.49,40.86018338615254
Ho0.04Fe1.96Cu0.6Ni0.4O4,41.37,40.97717002560337
Ho0.06Fe1.94Cu0.6Ni0.4O4,23.04,38.54342652852561
Ho0.08Fe1.92Cu0.6Ni0.4O4,16.22,37.54469118035904
Fe2.6Ni0.4O4,65.0,59.26224565264749
Mg0.1Cd0.3Fe2Cu0.2Ni0.4O4,57.14,48.44859888351827
Sm0.08Zn0.35Fe1.92Co0.25Ni0.4O4,63.29,50.856509091142726
Sm0.06Zn0.35Fe1.94Co0.25Ni0.4O4,66.15,54.20182585198879
Sm0.04Zn0.35Fe1.96Co0.25Ni0.4O4,71.54,54.4517034170568
Sm0.02Zn0.35Fe1.98Co0.25Ni0.4O4,76.63,56.13361241656203
Sm0.1Zn0.35Fe1.9Co0.25Ni0.4O4,60.75,50.00569505583544
Zn0.35Fe2Co0.25Ni0.4O4,68.12,59.85053727990592
Mn0.25Zn0.35Fe2Ni0.4O4,61.76,45.198946591554396
Zn0.4Fe2Co0.2Ni0.4O4,60.34,59.57545445346183
Li0.1Ti0.025Zn0.425Fe2.05Ni0.4O4,52.56,50.27181567572998
Li0.1Ti0.05Zn0.45Fe2Ni0.4O4,53.93333333333333,50.8767282472854
Zn0.45Fe2Co0.15Ni0.4O4,54.9,57.352266277692046
Mn0.15Zn0.45Fe2Ni0.4O4,62.81,49.62822688619613
Zn0.4Fe2Co0.2Ni0.4O4,72.7,59.57545445346183
Zn0.4Fe2Cu0.2Ni0.4O4,50.0,51.77515943057435
Li0.1Al0.05Zn0.4Fe2.05Ni0.4O4,50.14666666666667,51.21704040691374
Mn0.2Zn0.4Fe2Ni0.4O4,53.63,48.20513581057957
Zn0.5Fe2Co0.1Ni0.4O4,64.44,57.1036604151639
Zn0.55Fe2Co0.05Ni0.4O4,50.32,58.04274587072444
Mn0.05Zn0.55Fe2Ni0.4O4,37.18,53.98331341032141
Mg0.1Zn0.5Fe2Ni0.4O4,36.0,45.515140322815896
Mn0.1Zn0.5Fe2Ni0.4O4,68.4,49.484500430827325
Ce0.1Zn0.6Fe1.9Ni0.4O4,56.06,41.4879082567385
Zn0.6Fe2Ni0.4O4,56.92,48.63020559230323
Zn0.3Fe1.98Cu0.2Ni0.5O4,50.32,53.50518650099367
Zn0.5Fe2Ni0.5O4,58.0,50.84169753097265
Zn0.4Fe2Co0.066Ni0.534O4,73.94,57.16764699108528
Zn0.3Fe2Co0.15Ni0.55O4,76.1,58.83394940332732
La0.15Zn0.3Fe1.85Co0.15Ni0.55O4,58.4,45.279674808047915
Zn0.4Fe2Co0.033Ni0.567O4,77.85,55.052628633369295
Al0.45Zn0.51Fe1.48Ni0.56O4,44.2,41.78277053097221
Zn0.52Fe1.92Ni0.56O4,72.6,51.694976796244326
Al0.66Zn0.53Fe1.25Ni0.56O4,31.2,34.908865859690245
Al0.15Zn0.53Fe1.75Ni0.57O4,65.1,43.95890759844859
Al0.3Zn0.53Fe1.6Ni0.57O4,55.1,37.17810515655745
Al0.8Zn0.53Fe1.1Ni0.57O4,19.1,29.556574533499884
Al0.98Zn0.53Fe0.92Ni0.57O4,12.9,30.195874260469502
Li0.2Fe2.2Co0.1Ni0.5O4,57.16,48.192262615895814
Zn0.4Fe2Co0.1Ni0.5O4,55.8,58.4693315795693
Li0.15Fe2.15Co0.2Ni0.5O4,57.22,48.985888216322124
Zn0.3Fe2Co0.2Ni0.5O4,77.78,57.48393681392147
Zn0.3Fe1.975Co0.2Ni0.5Bi0.025O4,63.78,54.359382800322464
Zn0.3Fe1.95Co0.2Ni0.5Bi0.05O4,78.38,52.398465294341555
Zn0.3Fe1.925Co0.2Ni0.5Bi0.075O4,58.35,52.47842100434802
Zn0.3Fe1.9Co0.2Ni0.5Bi0.1O4,51.58,51.016904830185965
Li0.1Fe2.1Co0.3Ni0.5O4,64.03,51.88706796583249
Li0.05Fe2.05Co0.4Ni0.5O4,56.62,53.701534893077095
Co0.5Ni0.5,75.99,149.70104184340227
Dy0.02Fe1.98Co0.5Ni0.5O4,64.2,53.841751467855936
Gd0.02Fe1.98Co0.5Ni0.5O4,64.34,53.19721682001908
La0.02Fe1.98Co0.5Ni0.5O4,58.76,53.40126374526292
Nd0.02Fe1.98Co0.5Ni0.5O4,61.48,54.795429738368014
Sm0.02Fe1.98Co0.5Ni0.5O4,60.19,53.847399952345846
Gd0.015Ga0.015Fe1.97Co0.5Ni0.5O4,33.7,48.550539620393636
Gd0.01Ga0.01Fe1.98Co0.5Ni0.5O4,37.6,51.182338675970165
Gd0.025Ga0.025Fe1.95Co0.5Ni0.5O4,23.1,49.70945729741514
Gd0.02Ga0.02Fe1.96Co0.5Ni0.5O4,26.9,48.23409538036556
Fe2Co0.5Ni0.5O4,42.8,51.9457706788991
Mg0.4Fe2Cu0.1Ni0.5O4,31.2,39.735211863806896
Zn0.4Fe2Cu0.1Ni0.5O4,23.87,54.1001527448709
Mg0.3Fe2Cu0.2Ni0.5O4,34.9,41.88912547194631
Mg0.2Fe2Cu0.3Ni0.5O4,36.3,41.48131337323758
Mg0.1Fe2Cu0.4Ni0.5O4,33.9,45.76743608402973
Fe1.9Cu0.5Ni0.5Bi0.1O4,23.03,34.84924974998491
Fe1.8Cu0.5Ni0.5Bi0.2O4,21.29,30.63934429815538
Fe1.7Cu0.5Ni0.5Bi0.3O4,19.3,36.60618530931857
Fe1.6Cu0.5Ni0.5Bi0.4O4,19.12,34.47573369335412
Fe2Cu0.5Ni0.5O4,39.0,42.84579092445627
Fe2.5Ni0.5O4,2.6,55.84687884154834
Mg0.5Fe2Ni0.5O4,26.4,42.02008489885614
Li0.25Fe2.25Ni0.5O4,57.39,46.368867093633085
Li0.2Mg0.4Fe2Ni0.5O4,27.8,41.0726133816063
Li0.4Mg0.3Fe2Ni0.5O4,34.6,40.44973299406839
Li0.6Mg0.2Fe2Ni0.5O4,34.8,35.2589712643985
Li0.8Mg0.1Fe2Ni0.5O4,30.6,29.434856089555403
Mg0.1Zn0.4Fe2Ni0.5O4,23.74,48.911632757518106
Mg0.2Zn0.3Fe2Ni0.5O4,37.28,43.95462909577619
Mg0.3Zn0.2Fe2Ni0.5O4,43.84,42.71667450013824
Mg0.4Zn0.1Fe2Ni0.5O4,51.09,40.95499356231063
Mg0.5Fe2Ni0.5O4,26.9,42.02008489885614
Mg0.5Fe2Ni0.5O4,58.45,42.02008489885614
Zn0.5Fe2Ni0.5O4,14.59,50.84169753097265
Ce0.04Mn0.25Fe1.96Co0.25Ni0.5O4,52.23,53.840195700265646
Ce0.1Mn0.25Fe1.9Co0.25Ni0.5O4,42.815,50.69902611662648
Zn0.2Fe2Co0.3Ni0.5O4,77.0,56.14577733545307
Zn0.2Fe2Cu0.3Ni0.5O4,54.08,48.59049496826654
Zn0.3Fe2Co0.2Ni0.5O4,86.8,57.48393681392147
Zn0.3Fe2Cu0.2Ni0.5O4,58.28,53.12025157754032
Zn0.4Fe2Cu0.1Ni0.5O4,64.62,54.1001527448709
Ce0.1Zn0.5Fe1.9Ni0.5O4,59.67,44.16108422712446
Zn0.5Cr0.3Fe1.7Ni0.5O4,14.0,37.833032566447045
Nd0.15Zn0.5Fe1.85Ni0.5O4,16.97,35.79104559511011
Nd0.2Zn0.5Fe1.8Ni0.5O4,14.86,30.780584367951036
Zn0.5Fe1.95Co0.05Ni0.5O4,135.5,52.828564801837004
Dy0.05Zn0.5Fe1.95Ni0.5O4,72.99,46.0226988894473
Eu0.05Zn0.5Fe1.95Ni0.5O4,29.0,50.33177176917888
La0.05Zn0.5Fe1.95Ni0.5O4,75.76,50.25419231167418
Nd0.05Zn0.5Fe1.95Ni0.5O4,30.78,50.20264179666195
Pr0.05Zn0.5Fe1.95Ni0.5O4,73.29,50.52138142271512
Sm0.05Zn0.5Fe1.95Ni0.5O4,70.1,44.79867809042504
Zn0.5Cr0.1Fe1.9Ni0.5O4,40.56,49.179504917198294
Nd0.1Zn0.5Fe1.9Ni0.5O4,22.34,42.770541231234645
Zn0.5Fe2Ni0.5O4,101.3,50.84169753097265
Zn0.5Fe2Ni0.5Sb2O9.1,75.0,57.979289744270076
Zn0.5Fe2Ni0.5Sb2O9.2,58.0,61.67976492450248
Zn0.5Fe2Ni0.5Sb2O9.3,67.0,54.657059869258646
Zn0.5Fe2Ni0.5Sb2O9.4,52.0,51.21005745165536
Zn0.5Fe2Ni0.5Sb2O9.5,38.0,51.90417713580126
Ba1Zn0.5Fe14Ni0.5O23,70.7,53.72840828700264
Zn0.5Fe2Ni0.5Sb2O9,61.0,57.62773921009371
Zn0.5Fe0.5O2,28.82,22.94513242808285
La0.1Zn0.5Fe1.9Ni0.5O4,41.9,46.995379397715965
Zn0.5Fe2Ni0.5O4,53.05164769726667,50.84169753097265
Sm0.05Zn0.5Fe1.95Ni0.5O4,29.70892271046933,44.79867809042504
Sm0.075Zn0.5Fe1.925Ni0.5O4,38.197186342032,47.323479876552454
Sm0.1Zn0.5Fe1.9Ni0.5O4,46.685449973594665,42.35498528745262
Zn0.35Fe1.99Co0.01Ni0.65O4,52.4,57.2466403306188
Zn0.35Fe1.98Co0.02Ni0.65O4,85.86,56.1776717901992
Zn0.35Fe1.97Co0.03Ni0.65O4,55.78,56.646954207540304
Zn0.35Fe1.96Co0.04Ni0.65O4,31.51,59.86949216496046
Zn0.35Fe1.95Co0.05Ni0.65O4,85.69,53.207620125670005
Zn0.35Fe2Ni0.65O4,104.11,52.69414491184801
Cd0.4Fe2Ni0.6O4,46.78,56.99255821229422
Fe2Co0.4Ni0.6O4,34.91,50.68291323114629
Zn0.4Fe2Ni0.6O4,25.0,54.29391148946345
Zn0.3Fe2Cu0.1Ni0.6O4,38.36,53.192048531948686
Fe2Cu0.4Ni0.6O4,36.28,52.28406600659699
Fe2.4Ni0.6O4,47.4,47.79789395937206
Mg0.4Fe2Ni0.6O4,14.035,42.598983995536805
Ce0.1Zn0.4Fe1.9Ni0.6O4,50.92,45.82303395184812
V0.06Zn0.4Fe1.94Ni0.6O4,72.8,51.71789150464994
Zn0.4Fe2Ni0.6O4,55.21,54.29391148946345
Fe2Cu0.25Ni0.75O4,44.0,42.03681022116739
Zn0.25Fe2Ni0.75O4,74.58,53.764364628480514
Zr0.05Zn0.25Fe1.9Cu0.05Ni0.75O4,61.46,53.28296294269852
Zr0.15Zn0.25Fe1.7Cu0.15Ni0.75O4,59.18,44.432926033856184
Zr0.1Zn0.25Fe1.8Cu0.1Ni0.75O4,60.25,49.44821636499035
Zr0.2Zn0.25Fe1.6Cu0.2Ni0.75O4,57.37,36.45156848834871
Al0.05Cr0.05Fe1.9Co0.2Cu0.1Ni0.7O4,30.07,44.9945169406261
Al0.1Cr0.1Fe1.8Co0.2Cu0.1Ni0.7O4,28.11,40.89877515003789
Fe2Co0.2Cu0.1Ni0.7O4,52.49,46.741931492844344
Co0.3Ni0.7,72.03,79.63204373753749
Fe1.92Co0.3Ni0.7Bi0.02O4,54.2,48.235272868988424
Fe1.94Co0.3Ni0.7Bi0.06O4,53.7,46.92242556938916
Sm0.02Fe1.94Co0.3Ni0.7O4,44.7,50.08978391016359
Fe1.96Co0.3Ni0.7Bi0.04O4,52.3,49.14377893504513
Sm0.04Fe1.96Co0.3Ni0.7O4,40.8,54.31983163924741
Sm0.06Fe1.98Co0.3Ni0.7O4,56.0,51.37203474367897
Fe2Co0.3Ni0.7O4,51.2,47.81767193617357
Zn0.2Fe2Cu0.1Ni0.7O4,36.67,51.15398169825587
Cu0.3Ni0.7,13.2,36.28930124686774
Fe2Cu0.3Ni0.7O4,39.29,42.049991692153796
Fe0.3Ni0.7,113.0,87.4945332975704
Fe2.3Ni0.7O4,0.53,46.989131214657704
Mg0.3Fe2Ni0.7O4,16.778,41.62827567791278
Mn0.15Fe2Cu0.15Ni0.7O4,10.09,34.60679995952108
Mn0.1Fe2Cu0.2Ni0.7O4,6.98,40.969738410325064
Mn0.25Fe2Cu0.05Ni0.7O4,12.87,33.56772164127679
Mn0.2Fe2Cu0.1Ni0.7O4,11.12,37.838963944278944
V0.1Zn0.2Fe1.8Cu0.2Ni0.7O4,73.74,40.93469565365205
Ce0.02Zn0.3Cr0.5Fe1.48Ni0.7O4,12.508,24.222372967322816
Gd0.02Zn0.3Cr0.5Fe1.48Ni0.7O4,13.958,24.224697214550233
Sm0.02Zn0.3Cr0.5Fe1.48Ni0.7O4,19.845,24.755019640585978
Zn0.3Fe2Ni0.7O4,50.01,54.044761087518914
Ni0.86Ge0.14,43.06666666666666,40.48826654487144
Fe0.11Ni0.89,41.7,65.40384365973443
Fe2Co0.2Ni0.8O4,29.3,44.9044240037402
Mn0.05Fe1.95Co0.2Ni0.8O4,60.3,40.31953033880764
Mn0.1Fe1.9Co0.2Ni0.8O4,56.2,40.12997525514504
Fe2Cu0.2Ni0.8O4,36.53,43.04037635073328
Fe2.2Ni0.8O4,11.0,41.938149710756086
Cs0.2La0.2Fe1.8Ni0.8O4,72.937,39.871547176450186
Mn0.2Cr0.2Fe1.8Ni0.8O4,21.6,31.876820887009863
Zn0.2Fe2Ni0.8O4,53.0,50.47549425490882
La0.02Zn0.2Fe1.98Ni0.8O4,62.64,50.3553008701298
La0.06Zn0.2Fe1.94Ni0.8O4,51.19,49.44327603672198
La0.1Zn0.2Fe1.9Ni0.8O4,46.75,49.13410178212459
Cr0.09Ni0.91P1S3,0.24,12.191614787798455
Ni0.91Ge0.09,38.4,47.8482143145446
Ca0.08Fe2Ni0.92O4,44.39,46.31896682351679
Ni0.95Ge0.05,58.53333333333333,51.50635414448923
Ca0.1Fe2Ni0.9O4,43.48,41.86256874912963
Co0.1Ni0.9,40.31,71.93377047744491
Cs0.1La0.1Fe1.9Ni0.9O4,77.691,49.94330554189928
Mn0.1Cr0.1Fe1.9Ni0.9O4,16.5,37.26158284566469
Fe2CuO4,21.34,30.854209150160223
Fe2CuO4,16.97,30.51718583374369
Fe3O4,72.0,87.88131141675731
Mn1.25Ga1Ni1.75,3.5,23.705731365781183
Mn1Ga1Ni1.7Pt0.3,3.96,20.332003520528005
Ni,32.266666666666666,39.23522045279564
Al46Ni15,30.0,60.22993248334772
Al83Ni15,34.13333333333333,60.16787973835542
Mn12ZnNi16Sn3,6.5,32.9448125903678
Fe2NiO4,38.16,42.505577971836715
Ni,21.0,39.23522045279564
Mn0.9Ga1Ni2.1,3.62,11.617098897067772
Mn0.75Ga1Ni2.25,3.38,12.952208257455336
Mn0.8Ga1Ni2.2,3.29,15.47417350325197
Mn0.66Ga0.98Ni2.35,1.4,13.59197239185491
Co4Ni,126.0,142.83669443721368
Fe4Ni,224.93898623641067,150.28013741355136
Cu73Ni27,4.29,29.81583770732127
AlCoNi2,1.611,39.69319686439203
AlCrNi2,3.212,22.96202279434231
AlFeNi2,3.127,57.11060975139952
Mn1Al0.5Ga0.5Ni2,83.5,19.952067887171825
Mn1Al0.2Ga0.8Ni2,3.95,24.510239722568564
Mn1Al0.1Ga0.9Ni2,3.95,17.843895021626857
Mn0.8In1.2Ni2,72.0,10.008338696148407
Mn1.25Co0.25Ni2Sb0.5,1.04,11.431498337873922
Mn1.25Fe0.25Ni2Sb0.5,1.51,15.682440437531197
Mn1.25Ni2Sb0.75,2.86,9.504266181396453
Mn1.5Ni2Sb0.5,1.71,9.262403346790611
Mn1.75Ni2Sb0.25,0.69,23.77587108129798
MnAlNi2,4.046,40.157536685839915
MnInNi2,4.208,32.13451753069096
MnNi2Sb,3.95,11.953751343165909
MnNi2Sn,4.3,10.54990110048353
NbNi2BO6,2.4,9.958898762651083
Si(NiO2)2,0.42,20.812143801130293
V2Ni2O7,4.4,22.164012392608164
Co7Ni3,180.0,125.6959733051335
Al27Co37Ni36,31.24,42.036454102208474
AlNi3,50.0,24.10489529267101
AlNi4O,0.21,28.936731010033874
Al0.67Ga0.33Ni3,0.02,27.2877790475375
Al0.7Ga0.3Ni3,0.028,26.455161773313254
Al0.9Ga0.1Ni3,0.063,18.931571989992282
FeNi3,12.9,76.17425903601769
FeNi3N,82.66666666666667,80.17213068003855
Ni3Pt,49.333333333333336,40.10304813558564
V2Ni3O8,2.39,8.671589829645367
Ni2P2H4CO7,5.86,33.87442675431341
Co3Ni2,13.466,134.714038773191
Fe3Co3Ni4,130.8,101.58516369570052
Mn31.5Ga18.5Co9Ni41,49.7,53.785042231014735
Mn19Co4(Ni7Sb2)3,4.1,19.609958725013684
Mn15Ga10Co3Ni22,71.9,47.21241424081749
Mn20Co3Ni22Sn5,120.0,28.30256425727269
Fe11Ni9,169.76527263125334,116.40229795084952
Mn23Ga22Co5(CuNi9)5,58.0,48.65406535229822
Mn37(In2Ni5)9,5.31,71.52287786277516
Mn22.5Ga23Co5Cu3.5Ni46,64.0,47.669204918568774
Mn23Ga22Co5(Cu2Ni23)2,47.2,55.22085910522593
Mn12Ga11Co2Cu2Ni23,63.0,50.21615149342563
Mn32.2In17.8Fe2.4Ni47.6,131.0,56.18788356379582
Mn31.2In17.1Cu3.8Ni47.8,117.0,69.94077279266811
Mn34.7In17.2Ni48.1,125.0,44.093783179079864
Mn31(Ga7Ni16)3,64.0,36.48649259914116
Mn34.2Al0.8In15.6Ni49.4,78.9,35.98547963316976
Mn4Ga26Fe14.5Co6Ni49.5,50.0,53.5615511974182
Mn33.5Al1.6In15.2Ni49.7,7.0,34.915453534940696
Mn33.9Al1.9In14.3Ni49.9,3.5,43.004085907773266
Ga27Fe18Co6Ni49,43.0,48.744411154199256
Nb3Fe34.25Co34.25Si13.5Cu1Ni5B9,90.0,76.01814759358442
Mn33.7In16.2Ni50.1,41.0,41.939927368618854
CoNi,121.2,139.79662617837403
CuNi,21.0,32.99462084425084
FeNi,156.0,123.55279987310773
MnInNi2,3.9,32.13451753069096
Mn29Ga21Ni50,0.0092,32.49824351204304
Mn15Ga8Cu2Ni25,38.1,47.176123487699435
Mn15Ga9CuNi25,41.8,46.7676242903695
Mn30Ga19.5Cu0.5Ni50,50.6,46.1701738855221
Mn30Ga19.8Cu0.2Ni50,52.3,47.04175534081796
Mn30Ga19CuNi50,46.2,46.136158634274054
Mn3Ga2Ni5,60.2,32.60534919086194
Mn17In8Ni25,3.74,38.67588002451397
Mn37Ni50Sn13,33.1,17.103939335181757
Mn19Ni25Sn6,21.9,25.637185371667016
Mn39Ni50Sn11,16.6,21.015200166046355
Mn4Ni5Sn,12.4,18.288950879801632
Mn32.9Ni51.6Sn15.5,1.05,26.17413402702645
Mn28(Ga7Ni17)3,1.2,40.71651167795579
Mn27.3Ga20.6Ni52.1,60.0,31.634888145026594
Mn4Ga6Fe2Ni13,100.0,43.67536078207931
Ti0.5Mn23.5Ga23Ni53,65.0,37.57545827824497
Ti5Mn23.5Ga23Ni53,4.78,47.08141545830422
Mn19Ga27Fe19Ni54,53.97,57.40142483718138
Ga27Fe19Ni54,56.0,42.068835248164675
Hf5Zr5Fe6Ni29B5,30.0,39.73577843307498
AnnealedHf10Zr10Fe12(Ni29B5)2,40.0,78.80780319582351
Zr10Fe6Ni29B5,20.0,35.37009681782747
Co3Ni7,68.0,76.13732211725187
Mn12Ni37Pt,3.75,33.373442190072296
CoNi3,9.35,78.83409320780108
FeNi3,89.0,75.96157264230436
Mn11Ni39,22.4,46.300126139829786
Fe16Ni79Mo5,85.0,84.52902815270865
Co17Ni80Mo3,36.82,72.41366018915582
CoNi4,53.333333333333336,70.84223726179306
Fe3Ni16Mo,106.66666666666669,71.11006634204813
FeNi4,106.10329539453332,40.10355801908391
Fe19Ni81,86.66666666666667,47.785587467518475
Cu3Ni17,45.624417019649336,29.966670929169958
Mn3Ni4Sn,6.47,18.70337241940796
Al0.1Fe1.9Ni1O4,41.37,37.22146005291214
Al0.2Fe1.8Ni1O4,30.56,39.285327221253894
Al0.8Fe1.2Ni1O4,14.17,17.107266669242126
Al2NiO4,0.16,22.5157099337575
Fe1.95Ni1Bi0.05O4,36.49,50.647611738796414
Fe1.9Ni1Bi0.1O4,35.58,27.3700420130731
Ce0.01Fe1.99Ni1O4,40.2,49.20552122321544
Ce0.03Fe1.97Ni1O4,32.9,47.439775842211695
Ce0.05Fe1.95Ni1O4,26.8,45.67969266717374
NiCl22,1.99,56.65886940664075
ACoNiBHC,104.5,52.25631701310479
JeffamineCoNi,108.6,92.47281643102771
A2CoNiP,89.6,66.36667160375232
Ce0.08Co1.92Ni1O4,4.18,14.52070222296376
Ce0.06Co1.94Ni1O4,4.62,13.211800376326774
Ce0.04Co1.96Ni1O4,5.07,10.831470441580967
Ce0.02Co1.98Ni1O4,5.48,12.294978432748803
Co2NiO4,5.73,20.26888067637232
AlFeCoNi,123.27,48.97058594796762
Fe2CoNiO4,34.3,47.98814805712581
MnAlCoNi,4.89,43.78545587879015
MnGaCoNi,4.47,13.867412163589728
CoNiP,201.43,58.11865262534717
CrNi,4.6,36.943935168651485
Cr0.2Fe1.8Ni1O4,48.08,33.580448631664574
Cr0.4Fe1.6Ni1O4,41.09,26.858073724854034
Cr0.6Fe1.4Ni1O4,35.13,21.70253580581742
Cr0.8Fe1.2Ni1O4,30.84,20.44741250650413
Cr2NiO4,0.3,5.675920228415564
CrFeNiO4,26.25,17.35429640244361
CrNiO4,1.8,20.743506724707565
CrNi(PS3)2,3.0,13.078032396587323
CuNi,53.333333333333336,32.99462084425084
ZnFe2CuNiO4,31.7,39.98140184252612
NiF2,2.0,19.51972319089373
FeNi,105.06666666666666,123.55279987310773
FeNi,133.33333333333334,123.55279987310773
NdFeNi,72.0,44.20170058417308
TbFeNi,68.66666666666667,46.38289893746706
Al1.6Fe0.4Ni1O4,0.2,25.669164163644194
Y0.08Cr1.42Fe0.5Ni1O4,0.065,13.83473907347588
Y0.06Cr1.44Fe0.5Ni1O4,0.059,13.909632556706656
Y0.04Cr1.46Fe0.5Ni1O4,0.054,14.388828437142944
Cr1.5Fe0.5Ni1O4,0.05,13.891992041812896
Mn1.5Fe0.5Ni1O4,9.56,16.40609506786597
Al1.2Fe0.8Ni1O4,0.17,18.507606104204324
Al0.8Fe1.2Ni1O4,0.09,17.107266669242126
Cr0.8Fe1.2Ni1O4,2.9,20.44741250650413
Al0.6Fe1.4Ni1O4,12.4,24.115240463965144
Cr0.6Fe1.4Ni1O4,3.9,21.70253580581742
Mn0.5Fe1.5Ni1O4,17.43,28.879857302110814
Al0.4Fe1.6Ni1O4,0.77,31.75044580472575
Cr0.4Fe1.6Ni1O4,5.7,26.858073724854034
Sm0.15Fe1.85Ni1O4,33.0,41.8677595241149
Al0.2Fe1.8Ni1O4,25.0,39.285327221253894
Cr0.2Fe1.8Ni1O4,8.6,33.580448631664574
Sm0.075Fe1.925Ni1O4,42.5,48.81002160671164
Dy0.05Fe1.95Ni1O4,41.51,57.92374408507639
Sm0.05Fe1.95Ni1O4,44.0,51.19068615240061
La0.03Fe1.97Ni1O4,38.0,43.87493365631562
Sm0.03Fe1.97Ni1O4,40.0,51.87512429544691
Nd0.02Fe1.98Ni1O4,37.65333333333333,46.79283764274375
Sm0.1Fe1.9Ni1O4,42.0,42.875168504631276
MnFeNiO4,15.76,16.662212346639546
Fe2NiO4,65.81,42.98273539148285
Fe2CuNiO4,23.86,49.94190533297086
Fe2CuNiO4,17.68,49.94190533297086
Fe2NiSe4,5.17,40.081782770194266
Fe3NiN,166.66666666666666,94.20223417594627
AlFeNiO4,4.58,17.19251138066005
FeCoNi,113.33333333333331,121.35761736500413
CrFeCoNi,25.464790894688,96.61917932658318
MnCrFeCoNi,1.0610329539453334,86.98243369634841
CrFeCoNiPd,55.17371360515734,68.9079865496424
CrFeNi,15.989766615956173,69.09343879692057
MnGaFeNi,3.45,34.18948365937905
FeNiMo,84.93333333333334,83.3771630551669
FeCuNiMo,75.21662610518467,63.80943865891329
FeNiP,1.7,108.72367521720292
Ga0.25Fe1.75Ni1O4,54.0,48.000003683052626
Ga0.5Fe1.5Ni1O4,36.0,35.16059248046347
Ga2NiS4,2.15,13.09266244908743
Gd0.01Fe1.99Ni1O4,107.66,57.20667550893776
Gd0.03Fe1.97Ni1O4,117.35,59.230536325845975
Gd0.05Fe1.95Ni1O4,124.39,62.792490393530116
Gd0.07Fe1.93Ni1O4,132.85,62.53902065142319
Gd0.09Fe1.91Ni1O4,142.15,49.74192574929084
Gd0.1Fe1.9Ni1O4,4.9,71.30562120596696
In0.2Fe1.8Ni1O4,42.111,49.69459947178062
MgZnFeCoCuNiBiO,44.84,40.471672627057394
MgMnFe2CoNiO4,53.2,43.756804059227065
MgMnFe2NiO4,42.09,37.92954207122969
MnNi,24.8,33.48874724366115
MnNi,25.5,33.48874724366115
Mn2Ni,24.3,43.91124925655162
Mn2NiO4,5.43,8.166396168380402
Mn4Ni,24.1,33.56773843055738
MnInCoNi,0.016,29.956440127692346
MnGaNi,66.66666666666667,23.002724443888702
MnInNi,5.1,29.42186913956161
MnNiSb,85.33333333333333,10.172698777807254
MnZnNi,13.24,37.5869526138555
GdMnZnNi,48.76,27.137805136627662
PrMnZnNi,33.5,34.4483046155087
MnZnNi,22.12,37.5869526138555
Nb1.34V0.66Ni1O6,1.87,22.921340622795697
Nd0.06Fe1.94Ni1O4,41.79,43.3314640581922
NiO,0.1,25.20396725934132
NiO,0.1,25.20396725934132
NiO,1.2,25.20396725934132
NiO,1.2,25.20396725934132
Pr0.04Fe1.96Ni1O4,27.2,44.89745453376687
Pr0.08Fe1.92Ni1O4,20.8,46.72099065681007
Pr0.12Fe1.88Ni1O4,13.7,39.657165431069494
MnGaNiPt,2.2,21.606416064744256
Ni(RhO2)2,34.0,31.452732985039273
MnNiSnRu,2.17,11.84730818768726
NiSeO3,2.0,8.027954859582945
Ta4NiSe8,0.69,16.195364660207698
NiTeO3,2.0,8.6305896750241
TiNiO3,2.23,7.1620187279786816
V0.1Fe1.9Ni1O4,20.4,37.256839955076025
V2NiO6,1.7,10.344433145184356
YbZnFeCoNiO,72.32,39.32087818420222
ZnFe2NiO4,50.0,39.966783383152624
Zr0.2Fe1.6Co0.2Ni1O4,41.92,47.83400867970765
Zr0.4Fe1.2Co0.4Ni1O4,15.75,28.877841554937604
Zr0.6Fe0.8Co0.6Ni1O4,16.44,26.142310214704196
Zr0.8Fe0.4Co0.8Ni1O4,13.09,24.66945555210587
Fe2NiO4,14.0,42.63092597620028
NiPd,0.6,35.67657920761133
BaFe12CoNiPO19,47.26,55.79265813095259
FeNiP,116.71362493398668,108.72367521720292
MnGaNi,61.2,23.002724443888702
Np2Co17,30.0,75.29291358959176
Np2Ga3Pd,0.78,8.899365273873446
Np2Ga3Pt,0.9,8.501975676626945
NpCo2,0.6,35.99946196905034
NpAlCo,0.814,10.344084430204406
NpGa5Co,0.7,8.872911010777901
Np(FeP3)4,1.35,61.175536289095966
NpAlIr,1.201,11.817430893724714
NpNi5,2.2,38.217068884466755
NpAlNi,1.037,7.459997572081232
NpGaNi,1.063,9.749542381736749
NpAlPt,1.325,6.6093145653412115
NpGa5Rh,0.43,15.157114879078403
OsBr2,4.0,10.454577851927151
OsCl2,4.0,21.334455508437543
OsI2,4.0,10.112471945121394
OsI3,1.0,6.083871539723501
FeCoBP,146.66666666666666,115.13336295340832
P,42.66666666666666,79.56828177859457
Si8P3,176.1314703549253,144.50977822915206
SiP,184.619733986488,128.7497152172737
Si2P,169.76527263125334,153.1221878607284
AP,149.605646506292,70.41954501885209
A2Fe3NiP,130.1,63.23833968219684
AFe3PINO4,92.0,36.92206533522342
AFe2PINO3,60.0,43.11305632584079
Zn0.5Fe0.5O2,0.94,22.94513242808285
MBPINO,1.0,45.49529400075828
PHN,9.68,24.788486695362145
PH2N,7.87,30.892533907915684
PN2F,84.16,52.53961902929561
P(NF)2,62.86,53.99359085125348
PN2F3,53.72,44.84535816488692
P(NF2)2,48.91,46.491259180254254
PN2F5,41.8,50.03095306162752
M4O3,64.2,59.80685964540934
Co4O3,12.0,74.83939612546345
VFe3PCO4,32.87,61.21327579783631
VFe3(PO2)2,97.979,41.82451061047949
ZPHCNF261100,13.3,43.575347303228625
ZPHCNF321100,17.3,30.529447365610682
ZPHCNF581100,35.8,37.303018833251656
ZPHCNF811100,59.4,30.529447365610682
Fe12O19,49.0,93.47458348476297
Cr0.3Fe12Pb0.3O19,64.0,56.19959700561469
Cr0.5Fe12Pb0.5O19,39.0,54.23451920686139
Ba0.92Fe2Pb1.08O5,3.91,14.557078201432322
AlFe11PbO19,37.05,50.013870690208805
V2Co2PbO8,2.75,19.503673019947506
Fe12PbO19,58.3,50.73550737413191
CoPd,31.83098861836,91.0054530368727
FePd,31.83098861836,119.77720728874982
Ni0.6Pd0.4,38.66666666666666,21.927984909203797
Fe0.07Pd0.93,28.8,23.20243313000002
Fe0.06Pd0.94,28.133333333333333,24.066217140049368
Fe0.036Pd0.964,15.866666666666667,20.009272631901684
Fe0.019Pd0.981,11.333333333333334,15.212989557711774
Fe0.017Pd0.983,11.066666666666666,15.390877164362838
Fe0.014Pd0.986,8.4,15.382039651672223
Fe0.01Pd0.99,8.8,16.437163898676932
CoPd4,18.037560217070663,39.6321331817374
FePd,8.4,119.77720728874982
FeIrPd,0.1466666666666666,101.53109770615825
NiPd,15.466666666666669,35.67657920761133
Ni14Pd,22.281692032852,57.19324448687301
Pr1Fe0.7Co1.1B0.2,74.33,79.10690129747462
Pr1Fe1.8335Si0.0965,75.0,70.28880063860649
Pr1Fe1.88175Si0.04825,85.0,64.84016351685365
Pr1Fe1.737Si0.193,71.0,70.67508763513884
Pr,11.49,19.57404155614622
Pr,11.48,19.57404155614622
Pr,11.68,19.57404155614622
CePrNdAl,11.7,41.95734482013096
Pr0.075Fe1.925Co1O4,64.2,53.41795207838357
Fe2CoO4,54.7,68.71848311084202
Sr0.5Pr0.5Co1O3,1.96,7.9308141200098206
Ca0.5Pr0.5Mn0.97Ga0.03O3,3.6,11.743229140440672
Ca0.5Pr0.5Mn1O3,0.2,9.86393801662786
Ce0.25Pr0.5Y2.25Fe5O12,37.07,23.723794245091305
Ce0.5Pr0.5Y2Fe5O12,34.21,25.601477686121203
Ce0.75Pr0.5Y1.75Fe5O12,25.39,27.387460964882656
Pr0.5Nd0.5Fe1.71Co0.19,103.0,57.84551028522107
Pr0.5Sm0.5Co5,96.0,53.54956236661697
Ca0.375Pr0.625Mn1O3,3.45,14.110818586528499
Sr0.0875Ca0.2625Pr0.65Mn1O3,2.6,7.771746558706919
Ca0.35Pr0.65Mn0.97Cr0.03O3,3.62,9.4662032580304
Pr0.6Gd0.4Ni1,4.22,39.7427802983905
Sr0.4Pr0.6Mn1O3,2.54,12.610789896987683
Ca0.3Pr0.7Co1O3,0.58,4.955652245519891
Ca0.3Pr0.7Mn1O3,63.66197723672,7.23872659378552
Pr0.7Gd0.3Ni1,3.87,41.36023351803267
Sr0.3Pr0.7Mn0.85Co0.15O3,3.84,7.026280460053002
Sr0.3Pr0.7Mn0.9Co0.1O3,3.7,7.392581936683654
Sr0.3Pr0.7Mn0.95Co0.05O3,3.62,10.761804251722106
Sr0.3Pr0.7Mn1O3,3.67,15.422348282581003
Pr0.87Fe4Sb12,0.6,12.463491464018231
Pr0.8Gd0.2Ni1,3.46,34.35195090519593
Sr0.2Pr0.8Mn1O3,2.46,15.40586488568564
Pr0.9Gd0.1Ni1,3.08,24.720222647370917
Pr1.6Sm0.4Fe17,35.1,104.80957072612634
Pr5(Fe14B)3,157.0328771839093,117.77518967998871
Pr6Fe41B3,154.91081127601865,128.81079962852246
Pr13Co87,140.05634992078402,83.72126504933101
Pr16Dy17Fe42Co24B,119.89672379582264,50.558092940587834
Pr17.5Co82.5,131.56808628922133,67.5090958029878
Pr27.5Co72.5,53.05164769726667,68.47422147269207
Pr2Be2GeO7,2.3,4.967339601349854
Pr2Co14B,80.0,77.25559934321879
Pr2Co17,137.0,71.91451442260477
Pr2Co7,71.0,49.669288493429065
Pr2Co7,55.0,50.894466041080435
Pr2Co7H0.25,65.0,58.707757903384234
Pr2Co7H,72.0,56.51221057038354
Pr2Co7H2.5,77.0,77.74778673992623
Pr2Co7H3.75,74.0,102.3174688703425
Pr2Fe14B,149.6,100.79888608427206
Pr2Fe17,36.0,50.480413395644206
Pr2Fe17N3,147.0,145.6487589541629
Pr2Hf2O7,1.15,13.390954160717243
Pr2In,1.61,25.539993133565556
Pr2Ge5Pd3,1.65,11.71391704289678
Pr2Al7Ge4Pd,2.54,10.165520100098158
Pr2Re3Si5,2.92,5.403082478082375
Pr3Ti14.5Fe14.5,169.1,123.72890331060835
Pr3(Al3Ru)4,5.5,7.6359738460521145
Pr3RuO7,4.8,0.8188486614374977
Pr29(Al3Fe4)3,20.75380457917072,81.29874095218325
Pr5Co19,60.24,48.37607760288012
Pr5Co19C1.5,38.29,61.00968351008563
Pr5Cr5(Fe4B)18,112.46949311820534,132.743455760335
Pr5Cr4Fe73B18,136.873251058948,124.38467159949222
Pr5Cr3(Fe37B9)2,144.30048173656533,123.61578408751402
Pr5Ge3,9.3,40.952276825296295
Pr6Fe13Si,0.3,59.351297746756075
Pr6Si3Ni2,8.5,54.615611705421074
Pr8.5Al1Fe76.05Co8.45B6,172.94837149308933,151.37484043688445
Pr8.5Hf1Fe76.05Co8.45B6,161.27700899969068,128.9135865984131
Pr8.5Ti1Fe76.05Co8.45B6,168.704239677308,149.22050012455878
Pr8.5Fe76.95Co8.55B6,178.253536262816,137.43387099879192
Pr4Cr(Fe14B)3,14.9,51.89325227740998
Pr4Nb(Fe14B)3,15.4,57.94358945765221
Pr4Ti(Fe14B)3,16.6,76.10210524284128
Pr4Zr(Fe14B)3,15.1,79.11752414339985
Pr8VFe85B5C,15.3,78.42721913098141
Pr8Mn0.6Fe86.4B5,175.07043740097998,78.81057104634277
Pr4Fe43B3,16.8,107.31883373898451
Pr9.5Fe84B6.4P0.1,101.859163578752,145.39381603885246
Pr9.5Fe84B6.5,96.55399880902532,115.26042105717272
Pr9Ti2.5Fe73.5B15,15.3,108.09559529934327
Pr9Ti2.5Fe81.5B7,16.1,123.37859851708257
Pr9Fe85B6,167.64320672336268,71.77576262395148
PrAl2,2.49,4.970872222741126
PrAlSi,3.4,9.096676375875303
PrB4,2.1,36.11832540838948
Ba1Pr1Mn1Fe1O5.5,18.0,6.988352199381906
Pr1Co11.5Si1.5,104.6,88.1184601101122
Pr(Co2B)6,8.4,11.66776057129513
Pr1Fe0.75Co2.25,89.0,68.1286308087837
Pr1Fe0.5Co2.5,85.0,67.75246444807237
Pr1Fe0.25Co2.75,79.0,64.06124976785591
PrCo3,69.0,33.16752586245614
PrAlCo4,6.2,22.463231574244357
PrCo5,12.9,56.79502017144554
PrCo9Si4,19.2,37.20125663866239
PrCoAsO,0.24,23.782643460613656
PrCoPO,37.1,18.772310464635467
PrCrGe3,2.94,2.249541664844619
PrCrSb3,3.75,5.565611933583208
PrAl3Cu,2.05,6.68936866096691
PrCuSb2,1.4,7.573959648571871
Pr1Fe1.93,92.0,70.95436049103105
PrTiFe10CoC,157.0,147.4866836592958
PrTiFe11,190.98593171016,144.70698195886038
PrTiFe11C,157.0,142.30260877936774
Pr(FeAs3)4,2.3,15.591632708037244
PrTiFe8Co3C,170.0,137.86090568672392
PrTiFe9Co2C,168.0,144.8749880660264
PrFeB,142.17841582867467,128.07789659306036
GLaPrGaBPH,14.9,60.07723289557788
PrGaGe,2.95,4.130809056017608
PrIr3,1.65,15.949678607152974
Pr(MnGe)2,5.9,3.808478988791283
Pr1Cu0.9Ni0.1,143.23944878262,133.70516920538978
Pr1Cu0.6Ni0.4,196.29109647988668,126.3883903838295
Pr1Cu0.2Ni0.8,169.76527263125334,81.0264271869003
PrNiC2,1.5,4.146166703552477
PrO,1.4,6.963047279071467
PrBrO,4.0,4.484210898572222
PrPd,1.5,29.13648523594196
PrAlPt,2.0,5.016894578673795
PrSnRh,3.6,3.6704201385518695
Pr(SiRu)2,2.7,4.006125947711013
PrSi3Ru,0.9,9.183624887578523
PrSi,2.88,5.400033635650042
PrZnAsO,4.0,17.277754885857835
Cu3Pt,0.41,46.678308662894764
Ni18Pt7,8.46,40.60600191706617
GaCoPt2,1.86,18.748960154918436
CoNiPt2,88.06573517746266,46.65555379464164
CrGaPt2,3.78,8.253377565530865
FeCoPt2,131.56808628922133,94.93075048640549
FeCuPt2,92.309866993244,69.16575273013065
GaFePt2,3.33,30.850726748904286
FeNiPt2,110.34742721031468,84.58667909085972
MnGaPt2,4.29,17.430348707204445
CoPt,83.82160336168134,74.91513637484015
Co2Pt,105.042262440588,55.85401812389227
Co2NiPt,0.08,96.94437622468506
CoPt2,0.0773333333333333,59.09446127151142
FePt,161.27700899969068,103.43710508449271
Fe2Pt,206.90142601934,99.167336241834
PtI3,1.0,11.896433511748246
MnSbPt,4.0,20.75208474583082
RuPt,63.66197723672,35.53850779399811
PuSb,0.68,17.257472916544337
Q8La6Fe3SiNi8(Mo32O3)2,20.02,62.163152920968685
R1E11.8,5.36,69.50225996765121
R1E12Zr2Fe68.4Co7.6B10,138.9953169668387,101.60247338229112
E12RZr2(Fe38B5)2,146.422547644456,114.72169070085423
E12R(Fe39B5)2,147.48358059840132,120.01600324759718
E12R(Fe41B3)2,155.971844229964,116.18892996920884
E2RFe14B,13.31,125.92506541845492
E30RB,160.21597604574532,120.31338486210018
R1E32B0.92,160.21597604574532,123.4186416999147
R1E33B0.9,160.21597604574532,127.25355531704281
R,16.0,73.74897523056062
Rb0.8Fe1.5S2,2.8,42.67453370551808
Rb2Co(SeO3)2,1.5,8.79292091994407
Rb2Cu2(MoO4)3,0.99,3.1332432362552907
Rb2CuCl4,106.10329539453332,16.372448494588163
Rb2NaV3F12,1.62,10.4777304408724
Rb2O3,0.25,3.412919483788067
RbEu(FeAs)4,6.5,12.47098256766851
QRe,3.0,46.811625512243886
ReBr3,2.0,10.387386172987783
ReI3,2.0,8.780592313640508
QRh,1.0,19.894465924877515
CoSbRh2,42.441318157813335,13.853787251527834
Fe0.5Co0.5Sb1Rh2,2.81,22.439912127584854
FeSbRh2,3.4,25.42697900144187
Sn2Rh3S2,37.13615338808666,15.390528186937443
Rotor,136.873251058948,69.308898089496
QRu,2.0,28.959819493078474
Sr2Ce0.5Eu1.5Cu2Ru1O10,3.0,3.9986147415665796
MnGaRu,0.24,13.540602454486956
Sr2CeEuCu2RuO10,1.07,7.418275865226821
Sr2Ce0.5Y1.5Cu2Ru1O10,0.4,10.492530336965046
S,11.34,68.89658190945383
S,11.48,68.89658190945383
BS,8.142,51.783065291009436
BS,2.9326,51.783065291009436
BS,6.8708,51.783065291009436
BSO25F,67.8,62.22104946895232
BSO50F,65.1,52.33639034940878
BSO75F,58.6,54.84349333365394
SF,162.338041953636,48.50364434179625
MSF,165.33333333333334,53.69740552762191
M2SF,164.0,68.62499877532309
M3SF,157.33333333333334,73.8082962981055
A10HS,35.86666666666667,55.11108976804972
A20HS,33.86666666666667,60.25673758777165
L2BSN10,0.28,50.845117207828906
L2BSN20,3.79,59.59768317878561
L2BSN30,37.0,44.39580040009769
APCSINOF,44.11,56.84013495229556
LS305N,2.0,79.18826941032782
CoHPtSO,200.0,36.61931576205495
Y2.8Fe5Sb0.2O12,18.727,22.590685077608367
Cr0.06Sb1.94Te3,2.2,7.63023478905399
V0.03Sb1.97Te3,1.1,8.321146159777415
Sc2C,0.49,29.994809982673395
Sc3.1In1,0.2,45.09175131069775
ScCrO3,2.7,8.84170974298184
ScFe2,1.2,56.04893228751228
ScFeO3,0.6799999999999999,14.196191440708237
ScInFe2CoNiO4,52.7,48.329584011789805
CuSeO3,0.7,8.01139545383094
E1A1Si0.24H1,110.0,60.64693245462304
E1A1Si0.76H1,108.0,67.8701802015273
Si,22.281692032852,85.07054153129224
SiC,0.3,70.65155894242073
Fe2CoSiO6,25.0,30.627836770999096
Fe2CuSiO6,9.8,29.26725337661787
MnFe2SiO6,28.0,20.346164518308527
Fe2SiNiO6,15.7,35.10322427230008
SmZr10Fe10(CoCu)10,10.8,51.134936860505135
SmZr103Fe2Co2Cu,13.1,100.32607536926442
Sm(Fe52Co)2,14.5,108.46473390298068
Sm1Co2.5Cu2.5,66.66666666666667,43.09052872881465
Sm1Mn2.5Co2.5,104.48,69.33119782279209
Sm1Co2.5Cu2.5,57.333333333333336,43.09052872881465
SmFe2Co2B,33.2,52.05357342441134
Sm1Zr0.25Fe0.25Co0.25Cu0.25,70.1,61.855925166972355
M3.5Sm1Co3.5,59.1,54.618144339941246
Sm1Fe0.55Co2.7Cu1.75,6.14,52.28752707397681
Sm1Zr0.6Fe3.72Co6.72Cu0.48B0.48,70.2,81.33220774836799
Sm1Zr0.4Fe2.48Co4.48Cu0.32B0.32,62.6,77.19934900439924
Sm1Fe0.4Co2.85Cu1.75,56.128643263708135,28.382441777230447
Sm1Fe0.5Co3.25Cu1.25,75.54554632090773,43.518675476157966
Sm1Zr1.2Fe1.5Co4.5B0.3,56.6,55.00487276623113
Sm1Zr0.2Fe1.7Co5.1C0.06,11.7,105.42492925669703
Sm1Zr0.20132Fe0.719Co5.63696Cu0.63272,129.44602038133067,70.18683026885145
Sm1Co4.5Cu0.5,87.00470222351733,56.95100116836959
Sm1Co0.4Cu0.65,15.91549430918,104.57432089517486
SmV2(Fe2Co3)2,75.33333973011867,87.95673463323985
SmV2(Fe3Co2)2,81.69953745379067,96.17912513164735
Sm1Ti1Fe6.6Co4.4,154.91081127601865,131.18358719322285
SmFe7Co3,150.0,126.76400080442696
Sm1Ti1Fe7.7Co3.3,161.27700899969068,132.78738560325547
Sm1Ti1Fe8.4Co2.1Cu0.5,124.0,126.44621154031361
Sm1Ti1Ga0.5Fe8.4Co2.1,121.0,125.40683645233605
Sm1Ti0.6V0.6Fe8.64Co2.16,121.3,124.32795881279282
Ti10.8V0.6Co0.8,94.5,68.68971187428548
SmV2(Fe4Co)2,100.79813062480666,104.73041503180552
Sm1Ti0.6Fe9.12Co2.28,158.09391013785466,151.17006401419783
Sm11TiSi,115.0,87.5260201704839
Sm11Ti1Si0.5,119.0,96.19837947363762
Sm1Ti1Fe8.8Co2.2B0.25,109.0,135.21041919096672
Sm1Fe9.6Co2.4,188.8638658022693,187.96893712986162
Sm1Fe9.6Co2.4B0.5,188.8638658022693,155.87697770686154
Sm1Fe11.16Co0.84,218.57278851273867,157.28642621232393
Sm1Ti1Fe9.9Co1.1,143.23944878262,130.687399549963
Sm,4.2,31.31359602634869
Sm0.01Fe1.99Co1O4,33.48,59.679039361816265
Sm0.02Fe1.98Co1O4,50.76,58.91119445487395
Sm0.03Fe1.97Co1O4,77.36,54.37188860544899
Sm0.04Fe1.96Co1O4,34.56,59.15391043242207
Nd0.85Sm0.15Ti1Fe11,127.0,123.64001481734068
Sm0.167Al0.2Co0.633,0.51,44.921466031216696
Sm0.167Co0.833,1.47,74.15796862277317
Nd0.7Sm0.3Ti1Fe11,128.0,123.45400627651102
Pr0.6Sm0.4Fe0.9Co3.04Cu0.06B1,37.7,54.536177916626826
Pr0.1Nd0.36Sm0.54Fe1.93,77.0,67.53740087526114
Sr0.36Ca0.09Sm0.55Mn1O3,2.82,7.618611591480105
Ba0.18Ca0.27Sm0.55Mn1O3,1.01,4.148498253154469
Pr0.1Nd0.32Sm0.58Fe1.93,75.0,68.6445791929265
Sm0.5Er0.5Fe1O3,75.0,13.415354114873221
Nd0.5Sm0.5Ti1Fe11,125.0,125.58380395776227
Pr0.5Sm0.5Fe0.9Co3.04Cu0.06B1,61.2,45.35613425297031
Sm0.5Y0.5Mn0.42Fe0.58O3,1.336,9.214141956245165
Pr0.1Nd0.24Sm0.66Fe1.93,68.0,68.33677781022506
Pr0.4Sm0.6Fe0.9Co3.04Cu0.06B1,51.0,52.39316247386509
Pr0.4Sm0.6Co5,10.03,78.28656190327423
Nd0.25Sm0.75Ti1Fe11,124.0,129.24281455277338
Sm0.75Zr0.25Ti1.4Fe9.2Co2.3,114.591559026096,113.87259667058649
Sm0.75Zr0.25Ti1Fe8.8Co2.2,165.521140815472,125.66885115438986
Sm0.75Zr0.25Ti1Fe8.8Co2.2,137.93428401289333,125.66885115438986
Sm0.75Zr0.25Ti1.2Fe8.8Co2.2,110.34742721031468,118.26368667627817
Sm0.75Zr0.25Ti1.4Fe8.8Co2.2,84.88263631562667,118.80256897369063
Sm0.75Zr0.25Ti1.4Fe9.6Co2.4,130.507053335276,118.55851470798015
Sm0.75Zr0.25Ti1.4Fe10Co2.3,122.01878970371332,124.36934186130388
Sm0.75Zr0.25Ti1.4Fe9.6Co2.3,116.71362493398668,121.30629132599721
Pr0.1Nd0.12Sm0.78Fe1.93,65.0,64.45157227694216
Pr0.1Nd0.2Sm0.7Fe1.93,67.0,65.14438094702075
Pr0.3Sm0.7Fe0.9Co3.04Cu0.06B1,37.2,49.91308458639236
Sm0.8Gd0.2Ti0.75Fe9Co2.25,154.91081127601865,147.6215724237114
Pr0.2Sm0.8Fe0.9Co3.04Cu0.06B1,35.7,43.38846156666279
Sm0.8Zr0.2Ti0.5Fe9.2Co2.3,162.338041953636,164.88710165147737
Sm0.99Ti1Fe11,174.00940444703463,130.2527697251135
Pr0.1Sm0.9Fe1.93,61.0,57.68981609609922
Fe2CoO4,76.68,68.71848311084202
Sm1.06Ti1V1Fe10,174.00940444703463,88.87617226473589
Sm1.2Ho0.8Fe17,90.0,98.54309860151037
Sm1.2Ho0.8Fe17H4.4,125.0,71.34084939733424
Sm1.2Ho0.8Fe17N2.4,147.0,130.7255488561396
Sm11Mn29.6667Fe29.6667Co29.6667,6.9,77.51476373311722
Sm11Mn6.675Fe6.675Co75.65,7.2,44.921273081638475
Sm11Fe17.8Co71.2,7.4,40.787006824759835
Sm11.6Zr7Fe15.7Co60.7Cu1B4,57.7,60.707869086973915
Sm11Mn20Co69,133.690152197112,94.1788958427855
Sm11Mn30Co59,132.62911924316666,97.70258055840338
Sm11Zr2Fe17.4Co69.6,7.5,54.200996493034715
Sm12.5Fe8Co66.5Cu13,59.41784542093868,68.01092322619044
Sm12.5Zr2Co85.5,11.34,53.351688605744116
Sm12.5Zr1Co86.5,11.16,50.46772277602636
MasterSm12Zr3Fe20Co59Cu6,107.8,69.5013842017132
Sm12Zr3Fe20Co59Cu6,103.6,79.59281934329825
Sm12Zr7Fe4Co71CuB5,29.0,55.24375926976063
Sm12V15Fe73,62.60094428277466,95.17912362770764
Sm13Mn10Co77,135.81221810500267,80.8056362567145
Sm13(Mn5Co24)3,134.75118515105734,105.12809339382721
Sm13Mn20Co67,133.690152197112,102.26834344374446
Sm13Mn25Co62,132.62911924316666,108.53851613415559
Sm17.24Fe8.28Co66.2Cu8.28,55.3,61.860980517419165
Sm2Fe8.5Co8.5,150.66666666666666,86.28100587734357
Sm2Fe3.57Co13.09Cu0.34,148.22630366616306,35.766814257281474
Sm2Fe3.23Co13.77,13.9,71.82862318104004
Sm2Al3Fe11.9Co2.1,107.16432834847866,74.65726894992706
Sm2Ga2(Fe4Co)3,30.2,93.99246211284458
Sm2Ti0.68Fe16.32,139.0,114.47522745245536
Sm2Fe15.3Co1.7N2.9,15.9,144.0745758083499
Sm25Zr3Fe23.5Co42.9Cu5.6,12.37,60.42755373247244
Sm2Ti1.13Co15.87,22.3,46.30217535457497
Sm2Ti0.85Co16.15,22.9,40.92126007962845
Sm2Ti0.7Co16.3,23.2,39.491128956984
Sm2Ti0.55Co16.45,23.5,39.91293171390839
Sm2TiCo16,22.7,45.99447066960474
Sm2Cr2Fe11(Co2C)2,89.4,89.59358987608454
Sm2TiFe11,128.38498742738534,103.23287545722432
Sm2Cr2Fe12Co3C2,91.0,91.04528627978291
Sm2Cr2Fe13(CoC)2,91.6,91.77520084973997
Sm2Al1.5Fe14.9Mo0.6C1.5,90.2,83.40880909284407
Sm2Fe14B,161.27700899969068,108.25267272534722
Sm2Cr2Fe14CoC2,90.5,94.88706895319231
Sm2Fe16Si1C2.7,92.0,78.87784858409627
Sm2Fe17,120.0,89.91319041421858
SmFe6O,114.3,90.67339623363989
Sm2Fe17N2.8,169.33333333333334,124.96485138093064
Sm2Fe17N2.85,114.5,155.55055617235269
Sm2Fe17N2.94,160.21597604574532,143.49546382234752
Sm2Fe17N3,163.39907490758134,132.4725201186978
Sm2Gd10.5Zr2.5Fe8Co64Cu13,43.50235111175866,58.90012841750165
Sm2Mo2O7,1.4,8.992952821502382
Sm2MnNiO6,5.56,13.396820355901403
Sm2Ti2O7,0.69,9.069099317028012
Sm3Fe0.5Co10.5B4,57.626666666666665,57.708172500912156
Sm3Fe(Co5B2)2,70.58666666666666,53.4968450430296
Sm3Co11B4,48.13333333333333,26.969690625515288
Sm3V2.3Fe26.7N4,135.7,122.81482982725706
Sm5Fe0.5Co18.5,51.7,48.98495574848946
Sm5Nb0.5Co18.5,40.3,46.668269041385734
Sm5Co18.5Ni0.5,44.4,51.765022511666245
Sm5Co19,55.75,47.5553982160673
Sm6.2Nb2.7Fe66.4Co16.4B8.3,138.0,124.82728953494046
Sm6Fe23,64.4,98.79563779006382
Sm7.5Y2.5Fe87.5Si2.5,135.5,122.98488103669455
Sm7.7V20Fe72.3,72.15024086828267,92.63927954549094
Sm8.5Zr1.2Nb1.2Fe84.6Co4.5,180.37560217070663,139.3161554173589
Sm8.5Zr1.2Fe85.8Co4.5,180.37560217070663,145.79810288737792
Sm2V5Fe18,81.69953745379067,79.2226611348419
Sm8Ti5Al2V8Ga0.5Fe73.5,102.92019653269732,107.91152073603357
SmAl2,0.44,6.786166392263165
SmCo10,12.1,89.54199370820876
SmFeCo104,13.5,128.02690987205972
Sm1V1.5Co10.5,65.1,74.76432960289918
Sm(VCo5)2,47.96,49.634524477926206
Sm1V0.5Co11.5,121.81,94.37829141008942
SmVCo11,92.98,81.22327367473265
SmCo12,127.34,79.92179491979257
Sm(Co2B)6,6.8,11.992367829287744
Sm1Fe1Co2.94Cu0.06B1,31.5126787321764,44.722640713915446
Sm1Ga0.04Co4.5Cu0.3Sn0.16,61.6,53.51312666398059
Sm1Co4.7Sn0.08,75.33333333333333,49.72951321476549
SmCo4B,40.0,24.175559869918413
SmCo4Ni,7.918,59.01563653707974
SmCo4Si,2.34,29.01246774259657
SmFeCo55Ni,110.0,80.26443448339886
SmFeCo5Ni,131.0,80.43062218852845
SmCo5Cu,61.0,67.68696027548529
SmCo5Sn,52.52,40.97835612472171
Sm1Mn0.5Fe0.5Co5.7Cu0.3,105.0,88.71672921373494
SmFeCo5,218.8,66.3297991937427
Sm1Co6.25B0.5,78.029,65.45315947698118
Sm1Hf0.125Co6.25B0.375,70.066,65.48738130703431
Sm1Hf0.375Co6.25B0.125,63.816,56.31158905669415
Sm1Hf0.5Co6.25,55.03,58.92137982930664
Sm1Co6.2Cu0.8,7.04,76.63664692943037
Sm1Mn0.3Fe0.5Co6.2,100.62,76.8154244973149
Sm1Mn0.5Co6.2Cu0.3,85.72,82.69122846668168
Sm1Hf0.125Co6.375B0.25,64.647,64.02901948467559
Sm1Hf0.25Co6.375B0.125,63.942,61.57287578628904
Sm1Co6.6Mo0.4,71.0,73.51593349756247
Sm1Mn0.3Co6.7,117.0,93.47378753448723
Sm1Co6.7Mo0.3,76.0,79.29211775593214
Sm1Nb0.3Co6.7,79.6,74.41823475324067
Sm1Mn0.2Co6.8,121.3,86.36137012385015
Sm1Co6.8Mo0.2,84.0,77.82178249490923
Sm1Co6.9Mo0.1,87.0,66.74562705232196
Sm1Co6.9Si0.1,6.58,78.08536340289585
SmGaCo6,6.22,57.58592789567172
SmCoAsO,0.2,11.645868647538933
SmFe3CoNi,143.33333333333334,87.4473719518551
SmCoPO,31.0,23.395766842169877
SmTiCrO5,0.22,8.295127806021076
Sm1Mn0.1Fe0.9O3,0.035,12.166470136148279
Sm(Fe5Co)2,188.8638658022693,138.44003243557668
SmVFe10Co,157.0328771839093,134.8399864061158
Sm(VFe5)2,85.94366926957201,106.09714532600992
SmVFe11,115.0,112.95080128304068
SmFe12,209.02349192723065,124.95241032609287
SmFe2,59.8,57.28177943814054
Sm(Zn10Fe)2,1.05,12.29433888417676
SmFe3,80.7,89.29518317126336
Sm(FeSb3)4,0.7,8.393428498646335
SmFe7,90.18780108535331,116.76629241355101
Sm1Fe9.6Co2.4,17.8,187.96893712986162
SmFeAsO,0.06,13.904924035198754
SmFeN,163.39907490758134,106.24806966749355
SmFeO3,0.045,10.985708581742406
GSmI,18.666666666666668,20.946795117932723
Sm(MnGe)2,2.0,4.508991852085633
Sm(MnSn)6,13.0,6.346928679294256
SmN,0.035,11.668914320794354
Sm(Cd10Ni)2,0.52,16.727302375024866
SmNi4B,0.32,7.784594189739696
Sm(Sb3Os)4,0.122,7.077716793923626
Sm(Zn10Ru)2,0.47,18.70050204002769
Sm(P3Ru)4,0.08,25.33106472217463
SmTiFe11,120.0,151.77652589145822
Sm(VSn)6,0.37,7.80388893785037
SmTiCoCu,93.37089994718932,37.430494392794664
Fe0.4Sn0.6O2,0.71,22.508219131409554
Cr0.05Fe0.05Sn0.9O2,6.0,2.9836129521774533
Fe0.067Sn0.933O2,0.113,0.9033790298708413
Mg0.02Fe0.05Sn0.93O2,0.142,2.790567952255244
Fe0.05Sn0.93Sb0.02O2,0.01,1.2234416393994216
Fe0.059Sn0.941O2,0.561,1.854191444569879
Co0.06Sn0.94O2,3.5,1.6996859720856565
Fe0.048Sn0.952O2,0.442,2.0570340874148854
Cr0.05Sn0.95O2,5.0,1.2895560376834436
Fe0.05Sn0.95O2,4.0,0.7533429109348462
Fe0.05Sn0.95O2,0.081,0.7533429109348462
Fe0.03Sn0.97O2,1.0504,1.9753470581466956
Mn0.03Sn0.97O2,1.5151,2.8416940955754475
Ni0.03Sn0.97O2,3.1015,2.7395586607870754
Co0.02Sn0.98O2,0.34,3.047770815433122
Co0.1Sn0.9O2,0.54,1.6784603978793113
Sn,0.816,52.523303255137634
Sn,5.68,52.523303255137634
Sn,1.65,52.523303255137634
MnSn13,1.57,23.947694994943205
NiSn13,1.565,21.370182105383307
Sn,5.21,52.523303255137634
Sn,2.21,52.523303255137634
Sn,4.92,52.523303255137634
Co3(SnS)2,0.93,36.306391158021604
Sn,5.99,52.523303255137634
Sn,5.95,52.523303255137634
Sr1Co1.7Ni0.3As2,0.165,6.689557552103597
Sr1Co1.88Ni0.12As2,0.117,2.9255649910215245
Sr1Ti0.5Mn0.5Fe11O19,59.0,48.12031640529145
SrTiMnFe10O19,57.69,45.04470716264312
Sr1Ti1.5Mn1.5Fe9O19,24.26,35.75207570830793
SrTi2Mn2Fe8O19,3.82,28.676547328166798
Sr1Nd0.05Zn0.05Fe11.9O19,72.65,62.53199601078415
Sr1Ti0.64Fe0.36O3,0.5,9.453330951606437
Sr1Zr0.5Zn0.5Fe11O19,53.1,57.44126173258529
SrZrZnFe10O19,40.3,45.87414421690041
S4O3,18.5,64.63501957292858
Sr0.2Ca0.35La0.45Fe11.65Co0.35O19,73.1,59.99570061927475
Sr0.2Ca0.5La0.3Zn0.25Fe11.75O19,67.3,55.89301054129393
Sr0.25La0.75Fe12O19,96.5,52.92348130643532
Sr0.2Ca0.4La0.4Al0.4Fe9.35Co0.25O19,61.0,49.33123916330038
Sr0.2Ca0.4La0.4Al0.2Fe9.55Co0.25O19,72.4,53.070078400400064
Sr0.2Ca0.4La0.4Fe9.75Co0.25O19,70.4,53.7795010849593
Sr0.2Mn0.1Fe2Co0.7O4,40.9,53.08930106023827
Sr0.3Ca0.25La0.45Fe11.65Co0.35O19,73.3,60.84851466474582
Sr0.34Ca0.25La0.41Fe11.4Co0.19O19,4.2,59.885522477981
Sr0.34Ca0.2La0.46Fe10.74Co0.3O19,4.56,52.14492674696096
Sr0.4Ca0.15La0.45Fe11.65Co0.35O19,73.4,60.38607035803783
Sr0.4La0.6Fe12O19,27.13,64.95216162441628
Sr0.5Ca0.05La0.45Fe11.65Co0.35O19,72.8,60.49547650394549
Sr0.5Ca0.2La0.3Fe11.15Co0.25O19,73.2,48.024766613276675
Sr0.5Ca0.2La0.3Zn0.25Fe11.75O19,69.2,56.93907318621778
Sr0.5La0.5Zn0.45Fe11.55O19,116.2,58.34035000079059
Sr0.54Ca0.46Al5.5Fe6.2Ni0.3O19,5.8,7.326033192675302
Sr0.54Ca0.46Al5.5Fe6.3Ni0.2O19,3.47,6.380759339432163
Sr0.54Ca0.46Al5.5Fe6.4Ni0.1O19,3.05,6.877305960944001
Sr0.54Ca0.46Al5.5Fe6.5O19,2.6,6.203501729866296
Sr0.55La0.45Fe11.65Co0.35O19,72.3,62.170268685458495
Sr0.55La0.4Y0.05Fe11.75Co0.25O19,63.745,61.53147968803646
Sr0.58La0.42Zn0.33Fe11.67O19,112.5,60.696739268410354
Sr0.5Ca0.2La0.3Mg0.5Fe11Sn0.5O19,63.803,52.118470795649486
Sr0.5Ca0.2La0.3Mg0.4Fe11.2Sn0.4O19,66.485,53.79633838140175
Sr0.5Ca0.2La0.3Mg0.3Fe11.4Sn0.3O19,66.727,55.4520003502182
Sr0.5Ca0.2La0.3Mg0.2Fe11.6Sn0.2O19,66.769,59.55993200178003
Sr0.5Ca0.2La0.3Mg0.1Fe11.8Sn0.1O19,67.05,58.628743730169724
Sr0.5Ca0.2La0.3Fe12O19,66.753,59.77491122146125
Sr0.5Ca0.5Fe12O19,18.42,52.24424730360295
Sr0.5Ce0.5Bi1S2F1,0.95,11.94765033364029
Sr0.5Fe2Co0.5O4,28.81,40.97591668050728
Sr0.5La0.05Fe11.95Co0.5O19,44.69,49.44468334467743
Sr0.5Fe12Co0.5O19,20.45,49.73564455273875
Sr0.5La0.15Fe11.85Co0.5O19,30.15,51.64541541636164
Sr0.5La0.2Fe11.8Co0.5O19,32.3,53.35278441468348
Sr0.5La0.5Fe12O19,98.2,53.87831413686854
Sr0.65Pr0.35Mn1O3,0.6,10.533738852289936
Sr0.65La0.3Y0.05Fe11.75Co0.25O19,65.376,60.80925846163345
Sr0.6667Ca0.3333Al5.5Fe6.5O19,3.6,5.984465441872991
Sr0.6667Ca0.3333Al5Fe7O19,5.4,10.059108958103083
Sr0.67Ca0.33Al2.5Cr0.5Fe9O19,25.0,26.217990247223362
Sr0.67Ca0.33Al3Fe9O19,22.0,29.322370713321096
Sr0.67La0.33Zn0.1Fe11.7Co0.2O19,84.81,60.24948220139519
Ba0.4Sr0.6Mn1O3,0.79,8.806744368266479
Sr0.6Ca0.4Fe12O19,28.61,52.13307584145139
Sr0.6Ca0.4Ru1O3,0.75,2.988469381738074
Sr0.6Zn0.8Fe16Co0.4Ni1.2O27,64.0,56.87959503683662
Sr0.7La0.3Zn0.25Fe11.75O19,68.4,61.92182795249097
Sr0.75La0.25Fe11.75Cu0.25O19,67.5,56.95692783708144
Sr0.75La0.25Fe12O19,98.9,59.562490060387276
Sr0.75La0.2Y0.05Fe11.75Co0.25O19,66.867,60.41290885451276
Sr0.775Y0.225Co1O3,2.0,12.682609791482506
Sr0.7Ca0.3Fe12O19,30.91,54.45310708237342
Sr0.7Ca0.3Ru1O3,1.0,3.4327366489890463
Sr0.7Ce0.3Zn0.3Fe11.7O19,58.24,59.29640967889058
Ce0.7Zn11.7Fe0.3O0.3,56.4,57.53347582483746
Sr0.7Zn0.6Fe16Co0.3Ni1.4O27,65.6,57.380652914906044
La0.7Ce0.1Zn11.7Fe0.2O0.3,67.2,66.33160464440546
La0.7Ce0.2Zn11.7Fe0.1O0.3,74.0,64.50158416712644
Sr0.7La0.2Fe12O19,47.1,57.45516285818048
La0.7Ce0.3Zn11.7O0.3,73.7,60.466846954741285
Sr0.7La0.3Al0.12Fe11.63Co0.25O19,44.56,60.084878247676045
Sr0.7La0.3Al0.08Fe11.67Co0.25O19,54.59,58.576108929311005
Sr0.7La0.3Al0.04Fe11.71Co0.25O19,55.38,59.98939259357862
Sr0.7La0.3Fe12O19,35.2,59.47190186523255
Sr0.7Nd0.3Fe12O19,37.145,58.18285369279467
Sr0.7Nd0.3Fe8.4Co0.3O14.1,74.0,54.967792612851724
Sr0.8Dy0.2Fe11.2Ni0.8O19,7.2,49.83277040154945
Sr0.8La0.2Nb0.2Fe11.8O19,76.802,61.81014052977599
Sr0.8Pr0.2Al2Fe10O19,24.01,37.3214818197313
Sr0.84La0.16Nb0.16Fe11.84O19,77.422,64.37082953024178
Sr0.85Ca0.15Zn0.75Fe11.25O19,21.02,52.75472357389956
Sr0.85Fe12Co0.15O19,36.91,54.84546708872226
Sr0.85Dy0.15Fe11.4Ni0.6O19,7.786666666666666,47.6383818139871
Sr0.85Sm0.15Fe12O19,59.77,59.50324131609212
Sr0.85La0.1Y0.05Fe11.75Co0.25O19,68.442,59.39198648132971
Sr0.85Y0.15Fe12O19,65.43,60.27560689145619
Sr0.88La0.12Nb0.12Fe11.88O19,76.264,64.19654710348753
Ba0.2Sr0.8Al2Fe10O19,42.47,39.81488969704188
Sr0.8Ca0.2Al2Fe10O19,40.46,37.902162146245495
Sr0.8Ca0.2Fe12O19,36.42,55.94702611100227
Sr0.8Zn0.4Fe16Co0.2Ni1.6O27,67.1,56.69862805879993
Sr0.8Cu0.2Ru1O3,0.84,2.1770661822004485
Pr11.8Fe0.8O0.4,81.2,96.11990094124869
Sr0.8Ho0.2Co1O3,1.14,6.342875285956333
Sr0.8La0.133Fe12O19,53.6,57.51566183600047
Sr0.8Nd0.2Fe10.8Co0.2O19,91.0,51.55702321627614
Sr0.8Nd0.2Fe11.9Co0.1O19,76.4,57.51470338052229
Sr0.8Nd0.2Fe9.6Co0.2O15.7,76.0,57.61047354032607
Sr0.9Pr0.1Al2Fe10O19,25.59,37.841314029258065
Sr0.9Sm0.1Fe12O19,54.96,59.56260721532233
Sr0.925Ce0.075Mn0.75Fe11.25O19,40.54,55.15562106212983
Sr0.925Ce0.075Zn0.75Fe11.25O19,35.35,54.71792526675722
Sr0.92Ca0.04Mg0.04Fe12O19,68.8,58.15092319324933
Sr0.92La0.08Nb0.08Fe11.92O19,77.662,63.029594447994214
Sr0.93Sm0.07Fe11.93Co0.07O19,58.84,59.3345138451811
Sr0.94Sm0.06Fe8Sn1O15,37.574,39.18505280069324
Sr0.95Fe12Bi0.05O19,19.81,49.375156306550224
Sr0.95Ca0.05Zn0.25Fe11.75O19,28.25,58.97300311646878
Sr0.95Ce0.05Mn0.5Fe11.5O19,55.34,54.70160925818467
Sr0.95Ce0.05Zn0.5Fe11.5O19,38.78,55.2050211076281
Sr0.95Dy0.05Fe11.8Ni0.2O19,6.933333333333334,56.491978059303904
Sr0.95Gd0.05Fe11.5Sn0.5O19,3.2,57.026104289281335
Sr0.95Nd0.05Fe15.5Co2Ni0.5O27,36.92,57.82747258203918
Sr0.95Pr0.05Al2Fe10O19,40.85,37.89140338802755
Sr0.95Sm0.05Fe11.95Co0.05O19,68.16,59.46593034766736
Sr0.95Sm0.05Fe12O19,62.28,60.11604051788228
Sr0.95Y0.05Fe11.68Co0.32O19,68.787,58.00381308373376
Sr0.95Y0.05Fe11.6Co0.4O19,69.875,57.125424643058466
Sr0.95Y0.05Fe11.76Co0.24O19,66.812,60.44161249544481
Sr0.95Y0.05Fe11.84Co0.16O19,64.753,59.45758381879412
Sr0.95Y0.05Fe11.92Co0.08O19,62.465,60.18401009398711
Sr0.95Y0.05Fe12O19,57.651,61.36369261034756
Sr0.96La0.04Nb0.04Fe11.96O19,74.665,62.61657399941555
Sr0.96Zr0.04Ti0.9Ni0.1O3,1.27,8.8153485330763
Sr0.975Ce0.025Mn0.25Fe11.75O19,59.8,62.189650680042156
Sr0.975Ce0.025Zn0.25Fe11.75O19,64.36,59.273730451247474
Sr0.975Nd0.025Fe15.75Co2Ni0.25O27,47.87,54.1719834661779
Sr0.97Sm0.03Fe11.97Co0.03O19,55.01,59.576946267976346
Sr0.98Fe2.7Ru3.3O11,2.9,22.60596392187775
Sr0.98Sm0.02Fe8Sn1O15,35.965,40.62716798942588
Ba0.1Sr0.9Al2Fe10O19,41.48,37.65548782183661
Sr0.9Fe12Bi0.1O19,19.24,49.180550962835895
Sr0.9Ca0.1Al2Fe10O19,36.64,38.17127541534879
Sr0.9Ca0.1Zn0.5Fe11.5O19,24.13,55.86289329243187
Sr0.9Ca0.1Fe12O19,33.95,58.87671149057411
Sr0.9Ce0.1Zn1Fe11O19,45.12,49.96217776777377
Sr0.9Zn0.2Fe16Co0.1Ni1.8O27,63.3,56.86325078943527
Sr0.9Cu0.1Ru1O3,0.91,2.4033016868396118
Sr0.9Dy0.1Fe11.6Ni0.4O19,7.68,49.570027440982045
Sr0.9Dy0.1Fe12O19,70.4,58.39676192626347
Sr0.9La0.067Fe12O19,62.8,59.11379821057281
Sr0.9La0.1Fe12O19,43.1,61.00782766712263
Sr0.9Nd0.1Fe10.8Co0.1O11.4,73.0,67.0516745965703
Sr0.9Sm0.1Fe8Sn1O15,29.636,43.05500464506562
Sr0.9Y0.1Fe12O19,69.12,60.950160615307695
SrMnSb2,0.45,5.194298402000573
Sr1.15La0.05Fe16Co1.7O27,75.59,58.571575220236575
Sr1.1Fe12O19,60.07,61.533793088828645
Sr1.1La0.1Fe16Co1.7O27,75.41,58.19599699419568
Sr1.2Fe15.8Co0.4Ni1.5O27,68.19,59.14182062799663
Sr1.2Fe15.8Co0.95Ni0.95O27,71.88,57.87156480855953
Sr1.2Fe15.8Co1.4Ni0.5O27,74.15,58.22969946534722
Sr1.2Fe15.8Co1.9O27,74.31,58.82148055472277
Sr1.2Fe15.8Ni1.9O27,61.31,56.88571161980968
Sr1.4Ca0.6Fe1Mo1O6,4.0,10.741299657777706
Sr1.5La0.5Co1O4,5.0,7.48242459804937
Sr1.5Y0.5Co1O4,79.5774715459,6.997275628712962
Sr1.6Ca0.4Fe1Mo1O6,4.05,11.330136303425029
Sr1.6La0.4Fe1Mo1O6,12.6,10.006211853589665
Sr1.7La0.3Fe1Mo1O6,15.9,12.513880710849197
Sr1.8Ca0.2Fe1Mo1O6,3.95,9.296849693786907
Sr1.8La0.2Fe1Mo1O6,23.7,13.326352996863735
Sr1.96Ce0.04Mn0.2Fe27.8Co2O46,61.55,56.69688013298446
Sr1.96Gd0.04Mn0.2Fe27.8Co2O46,59.8214,56.38825944024079
Sr1.96La0.04Mn0.2Fe27.8Co2O46,57.03,56.32258595600205
Sr1.96Nd0.04Mn0.2Fe27.8Co2O46,57.97,55.86211635463998
Sr1.96Sm0.04Mn0.2Fe27.8Co2O46,60.15,56.37097352312922
Sr1.9La0.1Fe1Mo1O6,26.7,12.734128988111973
Sr2.55La0.45Fe24Co2O41,59.48,57.25458936464075
Sr2.6Pr0.4Fe24Co2O41,71.31,55.385385851242894
Sr2.7La0.3Fe24Co2O41,59.17,57.10340811745648
Sr2.85La0.15Fe24Co2O41,59.22,56.558589542149804
Sr2Mg0.375Fe12Co1.25Ni0.375O22,40.78,46.58728593796241
Sr2Tb0.08Mn0.8Fe11.92Co1.2O22,23.28,46.93136572473121
Sr2Eu0.08Fe11.92Co1.2Ni0.8O22,32.3,47.92195769975788
Sr2Mg0.3Fe12Co1.4Ni0.3O22,41.6,47.23664953141325
Sr2Tb0.06Mn0.6Fe11.94Co1.4O22,32.42,46.46604769779994
Sr2Eu0.06Fe11.94Co1.4Ni0.6O22,36.61,50.655984914575754
Sr2Mg0.225Fe12Co1.55Ni0.225O22,42.33,49.26569851238355
Sr2Tb0.04Mn0.4Fe11.96Co1.6O22,45.54,51.05109272041236
Sr2Eu0.04Fe11.96Co1.6Ni0.4O22,59.58,49.81448154554233
Sr2Mg0.15Fe12Co1.7Ni0.15O22,44.49,50.12413763882858
Sr2Mg0.075Fe12Co1.85Ni0.075O22,46.65,50.87548362438414
Sr2Tb0.02Mn0.2Fe11.98Co1.8O22,60.82,51.55542235603293
Sr2Eu0.02Fe11.98Co1.8Ni0.2O22,54.21,51.67891646696424
Sr2Tb0.1Mn1Fe11.9Co1O22,16.95,47.83274275991379
Sr2Eu0.1Fe11.9Co1Ni1O22,30.69,48.125823890828656
SrFe6CoO11,64.43,49.364477209124246
Sr2Mn0.1Fe11.8Co2Ge0.1O22,60.71,51.55339737951599
Sr2Mn0.2Fe11.6Co2Ge0.2O22,56.67,49.18726234485443
Sr2Mn0.3Fe11.4Co2Ge0.3O22,43.68,47.516610960659214
Sr2Mn0.4Fe11.2Co2Ge0.4O22,38.58,46.577274429478365
Sr2Mn0.5Fe11Co2Ge0.5O22,34.11,46.665992424201185
Sr2CoO4,2.0,7.428154652342322
Sr2CoTeO6,1.54,5.9807057932390135
Sr2Cr0.5Ni0.5Os1O6,1.2,3.300091687528897
Sr2Cr3(AsO)2,0.11,15.114609338358932
Sr2CrMoO6,2.0,3.631701591940269
Sr2CrOsO6,0.124,1.989565160696769
Sr2CrReO6,0.52,4.154875059368875
Sr2CrWO6,1.2,4.479595282207033
SrFe14NiO23,55.57,55.001720054440824
Sr2Cr0.1Fe27.9Cu0.1Ni1.9O46,56.05,55.22986482622341
Sr2Cr0.2Fe27.8Cu0.2Ni1.8O46,56.29,55.225350373555145
Sr2Cr0.3Fe27.7Cu0.3Ni1.7O46,56.54,54.524576289915984
Sr2Cr0.4Fe27.6Cu0.4Ni1.6O46,55.57,55.91695618631631
Sr2Cr0.5Fe27.5Cu0.5Ni1.5O46,54.61,55.24666356543594
Sr2FeMoO6,2.69,7.395848087495066
Sr2FeMoO6,2.71,7.395848087495066
Sr2Cr0.07Fe0.93Mo1O6,38.98,16.563539998594283
Sr2Cr0.03Fe0.97Mo1O6,38.22,16.166505552405745
Sr2Cr0.1Fe0.9Mo1O6,21.45,18.568539113729344
Sr2Fe1Mo1O5.704,2.29,10.6239626483336
Sr2Fe1Mo1O5.868,3.26,10.187015877151357
Sr2FeMoO6,38.9,7.395848087495066
Sr2Mn0.1Ir0.9O4,0.11,6.753952915374548
Sr2LuRuO6,2.1,5.146714123863964
SrFe6CoO11,54.85,49.364477209124246
Sr2Mn0.5Fe12Co1.5O22,51.97,49.31779680892263
Sr2MnFe12CoO22,51.22,43.75913548442438
Sr2Mn2Cu(AsO)2,2.2,7.91928178214699
Sr2Ni(SeO3)3,2.0,10.969818255404988
SrFe6NiO11,52.0,43.09666566920359
Sr2Fe28CoNiO46,43.36,53.53078096374079
Sr2Yb0.03Fe27.97Co1Ni1O46,39.49,49.15754724428242
Sr2Yb0.06Fe27.94Co1Ni1O46,33.45,48.48646852598355
Sr2Yb0.09Fe27.91Co1Ni1O46,31.82,50.53582083457709
Sr2Yb0.12Fe27.88Co1Ni1O46,29.22,52.206835969377536
Sr2Yb0.15Fe27.85Co1Ni1O46,24.85,49.55399281255938
Sr2ScCoAsO3,0.202,23.711067487695868
Sr2YRuO6,1.96,4.492421141758504
SrZnFe14O23,82.5,54.38389429943015
Sr3.12Er0.88Co4O10.5,0.5,9.857695260823634
Sr3Zn1.5Fe24Co0.5O41,62.1,53.94178773992378
Sr3Zn0.5Fe24Co1.5O41,53.1,53.907110399488474
Sr3ZnFe24CoO41,57.8,53.26100831472274
Sr3Fe24Co2O41,51.76,55.61676670676526
Sr3(CoO3)2,4.5,3.429753119661744
Sr3Co2O6.6,0.8,9.447948509739254
Sr3Ta2CoO9,2.08,7.896507341570749
Sr3Cr2WO9,0.9,6.933343200485013
Sr3Ir2O7,0.04,3.857098678384675
Sr3Ru2O7,2.0,2.1311301618355625
Sr4Mn2CoO9,1.8,7.366849938045692
Sr4Ru3O10,1.1,4.080999002270266
Sr5(RhO3)4,5.3,6.436294057601082
Sr1Al0.5Fe11.5O19,47.68,49.24925076498263
SrAlFe11O19,42.56,45.88656995581103
Sr1Al1.5Fe10.5O19,44.86,41.25391258343141
SrAl2Fe10O19,40.75,34.59855086549646
SrAl2Fe10O19,44.0,34.59855086549646
Sr1Al4Fe7.2Co0.8O19,17.432,18.856058244488825
Sr1Al4Fe7.4Co0.6O19,17.102,17.852314336477694
Sr1Al4Fe7.6Co0.4O19,15.564,16.97778490677337
Sr1Al4Fe7.8Co0.2O19,12.681,16.662142377102185
SrAl4Fe7CoO19,18.776,17.961273075660003
SrAl4Fe8O19,12.255,15.038908012946122
SrAlFe11O19,23.82,45.88656995581103
Ba1Sr1Mn0.75Zn1.25Fe10.5Si0.75Ni0.75O22,47.7,37.545178886791085
Ba1Sr1Mn0.5Zn1.5Fe11Ni0.5Sn0.5O22,48.0,39.763318084488766
SrFe12O19,44.5,61.04681917492125
Sr1Fe11.8Bi0.2O19,53.2,53.47422602708689
Sr1Fe11.6Bi0.4O19,42.6,51.64379408420132
Sr1Fe11.4Bi0.6O19,48.2,45.341755727368195
Sr1Fe11.2Bi0.8O19,35.1,48.64841458675949
SrFe11BiO19,40.6,44.18847673017181
Sr1Zr0.02Fe11.96Co0.02O19,75.9,60.60887043177574
Sr1Ca0.5Mn0.5Zn0.5Fe16Co1.3O27,72.3,58.71955138678767
Sr1Ca0.4Mn0.4Zn0.4Fe16Co1.4O27,70.8,59.243799873782635
Sr1Ca0.3Mn0.3Zn0.3Fe16Co1.5O27,71.2,59.853862247146914
Sr1Ti1.5Fe9Co1.5O19,54.1,46.56421926154343
Sr1Ca0.2Mn0.2Zn0.2Fe16Co1.6O27,77.9,58.93253061050768
Sr1Ca0.1Mn0.1Zn0.1Fe16Co1.7O27,78.3,58.60838458848534
SrAlFe15Co2O27,65.59,56.23631835592584
Sr(CoP)2,0.2,6.353733779015653
SrV2(CoO4)2,3.0,7.711694103103911
Sr1Co1O2.88,27.57,5.06669015335918
SrCoO3,2.5,5.1136275974053
SrCoO3,0.5,6.165713200662454
Sr1Cr0.5Fe11.5O19,43.0,56.18292291567654
Sr1Cr1.5Fe10.5O19,34.7,45.27059910080577
Sr1Cr2.5Fe9.5O19,17.4,39.95438475045644
SrCr2Fe10O19,29.4,41.14155068117913
SrCrFe11O19,37.8,46.99749827256741
SrCrO3,1.55,5.093429067014118
SrCuH3ClO3,1.0,13.64307211279751
Sr1Er0.04Fe1.96O4,51.78241,18.87847511342413
Sr1Al1.7Fe10.3O19,36.1,37.360320661912205
Sr1Al1.5Fe10.5O19,25.464790894688,41.25391258343141
Sr1Al1.3Fe10.7O19,51.3,43.27276653605064
SrAl2Fe10O19,27.3,34.59855086549646
Sr1Al0.5Fe11.5O19,62.56,49.24925076498263
Sr1Zn0.25Fe11.5Sn0.25O19,77.0,51.553203852029746
Sr1Cr0.2In0.2Fe11.6O19,50.048,55.86270593625879
Sr1Al0.3Fe11.7O19,67.9,55.78888173508124
Sr1Cr0.15In0.15Fe11.7O19,40.714,56.33519300877829
Sr1Pr0.1Dy0.1Fe11.8O19,71.85,63.220870111971095
Sr1Al0.2Fe11.8O19,69.4,60.50376961494303
Sr1Cr0.1In0.1Fe11.8O19,38.997,57.548046764707195
Sr1Mn0.1Zn0.1Fe11.8O19,75.6,61.4762304380158
Sr1Pr0.05Dy0.05Fe11.9O19,75.06,63.64364868693188
Sr1Er0.08Fe11.92O19,68.0,62.68227413419328
Sr1Tm0.08Fe11.92O19,66.6,63.25936375915257
Sr1Mn0.05Fe11.95O19,91.15,62.6212856925908
Sr1Mn0.03Fe11.97O19,101.9,62.66667818848953
Sr1Sm0.03Fe11.97O19,71.5,61.0524270574978
Sr1Sm0.02Fe11.98O19,69.89,62.02743493958225
Sr1Sm0.01Fe11.99O19,72.55,61.81686960046696
Sr1Al0.1Fe11.9O19,73.45,59.137503539953954
Sr1Cr0.05In0.05Fe11.9O19,41.662,61.53128686013314
Sr1Mn0.1Fe11.9O19,62.6,63.79889293446276
SrAlFe11O19,58.4,45.88656995581103
Sr1Cr0.25Fe11Co0.75O19,70.08,55.77197502579653
SrFe11CoO19,71.18,58.140550945440616
SrCrFe11O19,59.89,46.99749827256741
SrFe11O19,97.0,48.308709713177436
SrFe12CoO19,72.0,57.424164018653414
SrFe12O19,68.31,61.04681917492125
SrFe15O23,66.091,65.138326907547
SrZnFe14O23,55.0,54.38389429943015
SrFe2As2H,0.94,53.03464472064738
LSr(FeAs)2,0.94,43.39219308808464
Sr(FeO2)2,14.0,25.871581780747757
Sr1Al4Zn0.2Fe7.8O19,21.87,16.891593990970485
Sr1Al4Fe7.98Ni0.02O19,9.9,15.477320383703264
Sr1Al3Fe8.985Ni0.015O19,20.1,24.650446598945123
SrAl4Fe8O19,14.88,15.038908012946122
SrMgTi2Fe8CoO19,19.0,33.81834068969753
SrFe8SnO15,39.738,41.99045443636765
Sr1Mn1.5Fe9Sn1.5O19,3.7,35.29067008783257
Sr1La0.2Al2Fe9.8O19,18.0,35.95398393009918
SrFeO3,3.5,4.682962324141593
Sr1Gd0.03Fe11.97O19,65.8,61.63462907357596
Sr1La0.05Fe11.95O19,66.0,61.97696044389207
Sr1La1Mn0.5Co0.5O4,0.8,18.885720565210406
SrMn2Fe10O19,63.3,41.25092573659662
SrMn2Fe16O27,75.0,55.35421167922822
SrMn3Fe9O19,54.1,38.455891443949994
SrMn3(P2O7)2,4.95,29.483986137702864
SrMn4Fe8O19,44.0,28.2745919593479
SrMn5Fe7O19,34.8,22.57526784301014
SrMnFe11O19,71.4,50.790162933363106
SrMnO3,2.47,4.818413897872965
SrMnSO3,0.0151,5.739083416098497
SrMnS2O3,0.0198,3.2808352101976537
SrMn(SO)3,0.0352,6.7234788042329
SrN,1.0,2.003670884878522
SrWN,73.10517052683346,40.045385847682994
ZSrWN,73.84789359459519,40.444804008201714
SrNdFeO4,2.15,7.165115035127931
Sr1Zr0.02Fe11.96Ni0.02O19,68.8,61.58282538185353
SrFe16Ni2O27,59.5,58.76690861681253
Sr1Cr0.15Ru0.85O3,1.1,4.331712684861667
Sr1Cu0.2Ru0.8O3,0.49,2.6383142056302757
Sr1Ru0.93O3,1.32,2.5754731393132326
Sr1Cr0.1Ru0.9O3,1.1,3.8504561708325618
Sr1Cu0.1Ru0.9O3,0.56,3.451866885579037
Sr1Mn0.1Ru0.9O3,16.0,3.030280054291719
Sr1Sc0.02In0.02Fe11.96O19,71.2,61.227592929084025
Sr1Sc0.03In0.03Fe11.94O19,69.8,61.49799812127028
Sr1Sc0.04In0.04Fe11.92O19,77.2,62.6379326380132
Sr1Sc0.05In0.05Fe11.9O19,79.6,62.44123987812264
Sr1Sc0.06In0.06Fe11.88O19,53.4,61.576341728779795
Sr1Sm0.01Fe11.99O19,34.759,61.81686960046696
Sr1Sm0.02Fe11.98O19,48.517,62.02743493958225
Sr1Sm0.03Fe11.97O19,53.104,61.0524270574978
SrPHCO,1.15,8.59986949131478
Sr1Ti0.65Fe0.35O3,5.733333333333333,5.159064974079941
SrTiO3,2.0,8.483313285074633
SrW,69.17934859723573,44.89604627049829
SrYFe11O19,48.05,45.83670690541705
ZSrW,95.59906915047452,30.90455627785061
SrFe12O19,71.22,60.67431826508029
Sr1Zr0.01Zn0.01Fe11.98O19,73.25,63.797912936213365
Sr1Zr0.02Zn0.02Fe11.96O19,75.44,63.30909715794078
Sr1Zr0.05Zn0.05Fe11.9O19,75.74,64.71541167010813
Sr(Fe2O3)9,81.3,60.747227415507226
Sr1Zr0.1Zn0.1Fe11.8O19,79.71,63.96148137436404
Sr1Zr0.15Zn0.15Fe11.7O19,82.16,64.18243120127465
Sr1Zr0.1Zn0.1Fe11.8O19,91.41,63.96148137436404
Sr1Zr0.2Zn0.2Fe11.6O19,88.04,60.27873566868557
Sr1Zr0.3Zn0.3Fe11.4O19,87.9,57.931595457894765
Sr1Zr0.4Zn0.4Fe11.2O19,89.57,55.329216383742974
Sr1Zn0.5Fe17.5O27,85.2,58.29126350642706
SrZnFe17O27,80.4,59.501052520955106
Sr1Ca0.18Mn0.18Zn1.4Fe16O27,50.0,52.8125114099198
Sr1Ca0.08Mn0.08Zn1.6Fe16O27,54.0,53.138314441105486
SrZn2Fe16O27,80.4,48.41072270898448
SrZnFe16CoO27,72.8,58.56582767045761
Sr1Zr0.2Fe11.6Co0.2O19,8.693333333333333,58.48050016175649
Sr1Zr0.4Fe11.2Co0.4O19,11.28,55.72394992377165
Sr1Zr0.6Fe10.8Co0.6O19,6.973333333333333,51.129289534751294
Sr1Zr0.8Fe10.4Co0.8O19,5.6,52.78465215894568
SrZrFe,18.965,48.24428559985911
SrZrFe2,32.297,60.375102229228354
SrFe12O19,69.4,61.04681917492125
Fe2NiSO4,61.84,50.01396892808392
NbSi2HN4,0.05,19.649111370488633
H2,17.1,60.447559689417616
AE(HC30)2,1.0,70.28229179913912
AFe3H2CSNO4,41.1,45.17128530581333
Ta(H2C3)3,2.0,25.715709612793415
Ta3ZnFe8,99.73709767086132,74.61641849688047
TaAs,0.002,85.9533630306803
TaGaCo2,1.6,32.47306961736014
Ta1Fe1.21Te3,4.0,20.56248177756789
TaI3,2.0,9.605853346414486
Tb1Nb0.7Fe7.91Co3.39,90.8,91.64782240902879
Tb1Nb0.7Fe9.605Co1.695,87.6,94.0259534998329
Tb1Nb0.7Fe9.04Co2.26,88.2,90.51806993809274
Tb1Nb0.7Fe10.735Co0.565,85.7,78.59609077389794
Tb1Nb0.7Fe10.17Co1.13,86.8,90.54562169105458
TbFeCo,53.333333333333336,50.148488028702616
TbW,3.6,50.787449183994646
FeBiO3,0.4498,8.860008051769293
Tb0.02Fe1Bi0.98O3,0.6691,1.9844339713875798
Tb0.269Dy0.731Fe1.834,0.97529,20.741376742958032
Tb0.27Dy0.73Fe1.95,77.5,61.26199306856023
Tb0.294Dy0.706Fe1.817,0.96105,14.714314992531394
Tb0.2Y1.8Er1Fe5O12,7.066666666666666,17.33235894489541
Tb0.328Dy0.672Fe1.837,0.96092,14.446172944996169
Tb0.365Dy0.635Fe1.836,0.97631,13.840917675755733
Tb0.36Dy0.64Fe1.5725Co0.2775B0.15,74.9,63.47533794386945
Tb0.36Dy0.64Fe1.6065Co0.2835B0.11,76.3,65.38511454779835
Tb0.36Dy0.64Fe1.6575Co0.2925B0.05,76.8,73.15447513712564
Tb0.36Dy0.64Fe1.7Co0.3,77.5,65.80053657497156
Tb0.3Dy0.67Ho0.03Fe0.4Co1.6,59.5,58.85476878139255
Tb0.3Dy0.67Ho0.03Fe0.7Co1.3,67.9,60.78903443806813
Tb0.3Dy0.67Ho0.03Fe1.8Co0.2,78.8,69.62468402757175
Tb0.3Dy0.67Ho0.03Fe1Co1,74.4,62.65991347580291
Tb0.3Dy0.67Ho0.03Fe2,79.6,78.18949049235273
Tb0.3Dy0.7Be0.4Fe1.6,70.4,70.6520277055122
Tb0.3Dy0.7Be0.2Fe1.8,82.0,61.97130928268007
Tb0.3Dy0.7Fe2,106.10329539453332,62.40044860284997
Tb0.496Dy0.504Fe1.808,0.99244,19.948692149759093
Tb0.5Pr0.5Fe0.76Co1.14,29.0,32.50812242520583
Tb0.5Pr0.5Fe1.045Co0.855,5.37,35.82933198015685
Tb0.5Pr0.5Fe1.33Co0.57,4.56,31.139456802845046
Tb0.5Pr0.5Fe1.615Co0.285,2.93,30.838143676959312
Tb0.5Pr0.5Fe1.9,2.46,43.61362778102202
Tb0.8Ho0.2Mn1O3,152.0,9.65062398572161
Tb0.8Y2.2Fe5O12,7.6,16.211217448794194
Tb0.8Y2.2Al1Fe4O12,0.4,13.00085984261663
Tb0.91Yb1.38Fe5Bi0.71O12,6.4e-05,26.39233763055193
Tb0.9Ho0.1Mn1O3,90.0,9.57085959773513
G1Tb1.99Bi1.01I1,7.489333333333334,16.487776471310546
Tb11In9Co4,96.6,98.09970191538315
Tb3Co22,29.33333333333333,57.6680697722365
Tb2(MoO4)3,10.9,15.969721972803537
G1Tb2.09Bi0.91I1,6.876,17.67328401514706
G1Tb2.21Bi0.79I1,6.501333333333333,21.311952859048123
Tb2.8Fe5.2O12,4.933333333333334,27.43698996916676
Tb2.8Sc0.3Fe4.9O12,7.066666666666666,11.038111871738788
Tb2.8Sc0.8Fe4.4O12,7.866666666666666,10.136598502548107
Tb2.9Sc0.5Fe4.6O12,7.2,9.728240355319821
Tb25Fe61Co14,72.0,63.86140360315618
Tb14Fe29Co7,68.96714200644666,58.35006055912898
Tb29.6Co70.4,23.466666666666665,32.97740875357513
Tb2MnCoO6,5.5,10.379391836471065
Tb2Fe14B,74.27230677617332,68.92807327845901
Tb2Al0.75Fe16.25,92.8,87.50193333834815
Tb2Al0.5Fe16.5,101.2,96.68216014793201
Tb2Al0.25Fe16.75,111.2,88.5572313871158
Tb2AlFe16,81.5,83.94549754950339
Tb2Fe17,119.6,45.92633384305784
Tb2Fe17H3,20.5,68.61562420600958
Tb2(Ga3Ir)3,16.5,8.723665905015821
Tb2Sn2O7,5.9,5.7544444747879275
Tb3Fe14.5Mo14.5,77.5,80.28626455977684
Tb3Cr5.5Fe4.7Co18.8,35.0,50.480353942321884
Tb3Cr4.5Fe9.8Co14.7,48.0,59.06962354234735
Tb2V6(FeCo)147,38.66666666666666,132.89329976851008
Tb6Al0.8Co2.2,53.0,49.363449071439504
Tb6AlCo2,51.0,53.95562002149995
Tb14(AlCu)3,74.27230677617332,94.3050990001017
Tb1Fe0.1Co1.9,6.13,58.81251114769688
TbCo2,6.34,33.09415443086456
Tb1Mn0.1Co2,119.0,62.66889498714421
Tb1Mn0.2Co2,111.0,73.83200524691864
Tb1Mn0.3Co2,99.0,66.582854789024
TbCo3B2,6.2,26.477199653809464
TbGdErAlFeO,45.0,70.19809365581867
TbFe,30.0,86.33351900248763
Tb1Fe1.95,66.0,55.60653619436515
Tb1Fe10.5Mo1.5,58.6,46.53593381285647
Tb1Ti1.3Fe10.7,0.000832,36.56345011507865
Tb1Ti0.85Fe11.15,0.000884,34.418354062890224
Tb1Nb0.7Fe11.3,86.4,37.28831032099204
TbTiFe11,0.0008146666666666,21.450758510494474
Tb(FeSi)2,9.0,12.581885065641776
Tb1Mn4.8Fe7.2,16.0,76.741233377644
TbGdFeCo,23.066666666666663,40.06298925553415
TbMn2,151.0,37.82614563916552
Tb(MnGe)6,5.0,13.582873846178334
TbNi2,9.4,11.02763088542938
TbMnNi2,5.59,16.61436560373952
Tb1Cu1.5Ni3.5,6.3,11.776727075218595
TbCu2Ni3,6.2,6.751491041380967
Tb1Cu0.5Ni4.5,6.8,12.05164847618717
TbNi4B,6.3,6.254432729081188
TbCuNi4,6.2,7.42500235999808
TbNi5,7.7,10.820145090889973
TbBRh3,7.8,6.220123787979636
TbScO3,169.07,8.9192392839137
TbTi3Bi4,9.0,30.111171377839018
Tb(VSn)6,9.0,8.502465524150438
TbVO4,9.07,6.814277923790024
TcGeSe3,1.884,17.41213142853671
TcGeTe3,1.991,13.542450112347757
SiTcTe3,1.866,7.595094718867088
AEM,154.6,76.2980036969739
Ti0.2Fe1.6Co1.2O4,62.6,53.58578690889321
EMTi10C,133.8,70.48780418224987
Ti2C,1.29,26.345890336882913
Ti2CoSi,3.0,40.82080139408777
Ti2AlFe,0.37,76.81118701960679
Ti2MnIn,0.04,21.824504060085598
Ti3AlC2,2.39,33.24567047469844
Ti3C2,49.28,11.155657544646353
Zr2Ti2Ni,9.12,71.32313052357384
EMTi5C,153.1,88.84565067509347
Ti1Fe2.5,55.3,98.95475029599692
TiCrFeNi,13.82,73.75796391170037
TiCrFeCoNi,24.44,79.47362426824328
TiMnCrFeNi,2.28,50.90990009679619
Zn0.5Fe0.1Cu0.4O2,23.4,24.23208090060518
Mn2Tl2O7,307.69955664414664,11.6392152586049
Tl(CoS)2,89.126768131408,36.687222369714775
Tl(CoSe)2,87.00470222351733,34.507995205766605
TlCrO3,2.46,76.38361369212726
Tl(FeSb3)4,65.78404314461066,12.83363602606485
MnTlO3,3.71,85.83991446248382
Tm2Co17,13.4,26.687010734885092
Tm2Mn1.5Fe15.5,63.1,63.21836786512762
Tm2Mn0.5Fe16.5,83.9,73.08052004798314
Tm2Mn0.2Fe16.8,90.2,77.97424657026244
Tm2MnFe16,67.8,65.57022587830187
Tm2Fe17,95.9,65.34776652531554
Tm2Fe17H3.2,23.0,86.1019672895269
TmB4,165.521140815472,128.73202495242595
GYTmGaBiI,40.0,36.93484082294504
GTmI,13.333333333333334,19.176669856667438
Tm1Mn6Ga0.87Ge5.13,17.0,15.083681817071621
TmMnO3,108.96,8.420307325135521
Tm(Al3Ni)3,6.97,15.154530906024608
TmBRh3,5.8,10.169483023807082
U1Si2Ru1.84Rh0.16,2.1,35.47660868390343
UCo,123.87,77.66221714821509
U2Co15Si2,14.8,63.45044707135152
U2Fe13.6Si3.4,23.4,47.99920114115923
U2Fe3Ge,1.0,44.11755720482145
U2Si5Rh3,190.98593171016,4.639027041859012
U3(CuGe)4,5.0,14.505421248396129
U4Ge6Ru7,1.4,19.811763788151836
UAsSe,1.5,5.107123021115607
UBeGe,2.89,34.17402545167467
U1Co0.5Sb2,1.1,15.6419393025946
U1Co0.6Ge1Rh0.4,0.5,7.125376621008919
U1Co0.7Ge1Rh0.3,0.42,3.411139655329894
U1Co0.8Ge1Rh0.2,0.29,1.4877102790454788
U1Al1Fe0.05Co0.9Ni0.05,0.17,5.775901139428289
U1Co0.9Ge1Rh0.1,0.13,4.091351861263359
UGaCo,0.75,4.679748479506967
UCoGe,0.04,8.879541797627612
UAl7Fe3Cu2,5.0,24.46572827093297
UMn3Al7Cu2,3.1,22.8044590468982
U(CuSi)2,1.55,14.860646474362909
UCuP2,0.98,12.341845019132705
U1Fe10Si1.9Sn0.1,18.2,68.39977882287238
UFe10Si2C,15.0,78.57952876764826
UFe2,1.1,37.732602685380705
U1Al7.8Fe4.2,6.1,29.193877024140185
U1Al6.5Fe5.5,8.6,38.81377196694692
U1Cr0.1Fe9.9Si2,15.9,57.41457796220167
UGa2,3.07,15.12473344108935
UGe2,1.4,6.304072605428813
U1Mo0.18H3,1.15,35.71468371754219
U(Zn10Ir)2,42.441318157813335,16.821007722494723
UAlIr,0.96,8.521611601164025
UGeIr,0.87,14.870938997284824
USi3Ir,0.66,29.703967619224407
U(MnAl10)2,0.9,59.407365433557935
U(MnGe)2,6.15,14.972999079085298
UTeN,1.2,8.768844876465565
U1Co0.6Si2Ni0.4,0.9,22.874736280678803
U1Al1Fe0.5Ni0.5,0.62,5.857783686180665
UAl3Ni2,0.9,11.424799490895351
UNi4B,105.042262440588,32.06410762743422
UGaNi,1.35,2.7940374517691495
USi2Ni,1.2,7.075312946400381
U(SiPd)2,0.7,25.538770488235773
UPt3,106.10329539453332,26.213310584345656
UGaRh,1.17,5.363115646141296
UGe2Rh,0.78,8.185220116778892
M2UPCSIO,15.0,30.327745164353473
MUPS3IO,15.0,57.548629213058334
SrUTiVO3,5.1,33.808635201784135
E2VH2(CN)2,1.0,41.906250547996486
V2C,2.67,12.490548800899893
V2O3,1.93,23.91331440281131
V5S8,1.5,15.592567058823692
V5Se8,1.2,13.71527492448419
V,4.23,77.46124566449842
VAs,236.6103487298093,116.96681692306696
VAu4,0.4,31.094399257065508
VSBr,2.0,6.348518944323238
VI3,1.3,7.052825278819393
VSI,2.0,4.674047286335681
VSeI,2.0,6.063539114280933
EM800R2VPHIO,129.44602038133067,92.39898409286101
EM800R2VPHIOF,129.44602038133067,108.92629016368092
ARV2HC6025IO,58.35681246699334,65.02124419953729
ARV2HC6025IOF,58.35681246699334,59.35215810039184
VI2O,1.0,12.983297395748005
V(SeO3)2,0.47,24.102688577441413
VP,230.2441510061373,63.920083112761844
VS2,1.0,18.80741213586192
TaNbAlV,10.0,39.72842606361952
VTe,3.0,8.724458872975344
VTe2,1.83,14.287786908806506
E2VH2(CN)2,22.0,41.906250547996486
Fe(BW)2,42.441318157813335,45.10395320770774
CoNiW,16.68319,84.19726034401027
CoNiW,41.97074,84.19726034401027
CoNiW,50.65738,84.19726034401027
CoNiW,50.88634,84.19726034401027
EMBWC,18.1,46.07910493495088
WF,176.1314703549253,35.48414588386141
WI3,3.0,17.733753189177428
WO3,2.893333333333333,43.86884210254229
X,12.1,63.17312023041748
Y1Fe0.45Co2.55,1.24,18.299077329897905
Y1Fe0.201Co2.799,0.71,8.999643612383018
Y1Fe0.102Co2.898,0.58,7.517718160636759
Y1Fe0.3Co2.7,0.86,4.017047390038851
Y1V4.83Fe4.83,156.4,75.84698508897857
YCo,112.6,63.667933121067584
YCo,115.0,63.667933121067584
Magnet,136.873251058948,63.17312023041748
Gd2.6Y0.2Fe5Bi0.2O12,4.93,10.227401007119699
La0.2Gd2.4Y0.2Fe5Bi0.2O12,4.94,16.037518295632154
La0.4Gd2.2Y0.2Fe5Bi0.2O12,2.53,16.619745056347682
Y0.2Dy0.8Fe11Mo1,95.2,88.86682965749685
Gd2.5Y0.5Fe5O12,4.3,10.172736573545334
Pr0.5Y0.5Co5,105.0,61.1853597234103
Y0.6Dy0.4Fe11Mo1,109.75,83.68797863387638
La0.25Y0.75Ti1O3,36.07512043414133,35.425080368813916
La0.3Y0.7Ti1O3,30.769955664414663,39.05458462165363
Y0.7Zr0.3Ti0.4Fe8.7Co2.9,167.7,141.31505377560342
Y0.7Zr0.3Ti0.3Fe8.775Co2.925,163.4,154.01113748526774
La0.15Y0.85Ti1O3,58.35681246699334,36.275797282517544
Y0.8Dy0.2Fe11Mo1,126.91,73.70216290866851
La0.2Y0.8Ti1O3,42.441318157813335,35.99503393011535
La0.1Y0.9Ti1O3,66.845076098556,37.32043970778465
Y,30.0,97.45366975447035
MagnetY,138.9953169668387,96.77922021200379
Gd1.5Y1.5Fe5O12,10.5,13.60291744697195
Y1.8Lu0.56Al0.83Fe4.06Bi0.63O12,5.84,13.980608382075637
Y1.8Lu0.56Al0.83Fe4.18Bi0.63O12,5.84,12.585254357292046
Gd2YFe5O12,7.1,10.934072343307733
MagnetY2,140.05634992078402,110.03900709538425
Y217N3,196.93333333333337,85.75933062148667
La0.75Y2.25Fe5O12,3.6,13.877620507120223
Yb0.15Eu0.5Y2.35Ga1.2Fe3.8O12,101.0,11.107792806201921
Gd0.5Y2.5Fe5O12,19.6,18.25539635192643
La0.5Y2.5Fe5O12,4.533333333333333,17.25928768026266
Y2Cr2.34Co14.66,0.0117774657887932,15.90042122895073
Y2Cr3Co14,0.0082760570407736,19.801590849576794
Y2Cr1.76Co15.24,0.0138995316966838,17.31075752483857
Y2Cr1.17Co15.83,0.0141117382874729,37.20129274720327
Y2Co17,132.84132583395572,51.19268269930609
Y2Co7,80.53333333333333,28.69890907266176
Y2CrSbO7,2.59,9.656306961847545
Y2Fe12Co4Si,148.0,96.25721634528237
Y2Fe14B,146.66666666666669,84.44062108585007
Y2Fe14Si3,26.1,67.7813941075733
Y2Cr2Fe15,115.4,46.95450553668111
Y2Fe16Si,101.28,90.26872109168932
Y2Fe17,34.0,61.28492731104456
Y2Fe17N3,40.0,134.4170990603567
Y2TaFeO7,2.2,11.595014131202241
GdY2Fe5O12,14.5,15.176237202419745
Y2Mn2O7,3.0,9.381904935931376
Y2Ni7,0.18,3.2233923256911226
Y2MnNiO6,4.3,8.144025385301603
MagnetY3,144.30048173656533,101.61050619865077
Y3Fe14.5Mo14.5,34.0,82.59699377676684
Y3V2.03Fe26.97,48.3,79.6339330869922
Y,74.5,97.45366975447035
Y3Al(FeO3)4,0.43,10.584951103768578
Y3Fe5O12,25.0,20.0926206884932
K0.5Na0.5Y3Nb1Fe5O15,10.0,13.523271497181785
Y3Co3(Ni5B)2,2.39,8.45679015142465
Y3Co2Ni11B2,1.72,11.926685301364602
Y3Co5(Ni4B)2,3.63,21.504116229571622
Y3Co4Ni9B2,2.75,13.117458304906616
Y,39.0,97.45366975447035
Y1Co0.838Cu0.1625,6.42,30.116397586419282
Y1Fe0.081Co0.838Cu0.0815,7.63,44.36557700807748
YTiCo11,14.2,58.31468673722447
YCo12,148.12020037076852,111.94131023785347
Y(Co2B)6,6.5,18.933951579861485
YCo16,156.39625741154214,126.95715853716266
YCo20,163.2929716121868,134.4760346740205
YCo3,0.61,32.47157446542203
YCo3Ni2,68.96714200644666,20.731832651189205
YAlCo4,4.2,21.75871466605421
YCo4Cu,5.8,40.91495436569749
YFeCo4,8.85,80.7522205045106
YCo4Ge,3.95,20.311188257405757
YCo4Si,3.0,18.5949039080512
YCrO4,0.8,7.748731123304283
YCo2Cu3,28.647889756524,27.74134322704587
Y1Mn0.4Fe0.6O3,1.12,5.172249658587096
Y1Mn0.3Fe0.7O3,1.46,6.514491324778822
Y1Mn0.1Fe0.9O3,2.19,6.167832526893284
Y1Ti1Fe10.5Co0.5,153.0,62.5770791740803
Y1Nb0.85Fe11.15,18.25,21.32146939250462
Y1Nb0.9Fe11.1,18.17,24.79095759616194
Y1Nb0.75Fe11.25,19.1,21.082054753630445
Y1Nb0.8Fe11.2,18.64,26.595152373448414
Y1Nb0.7Fe11.3,19.76,36.334384526926634
YFe11Mo,19.0,68.56251119742751
YTiFe11,19.0,57.1975805947951
YTiFe11H,138.0,83.693721684949
YFe2,50.0,19.00282976716423
YFe2H3,3.9,94.64281827585265
Y(FeH2)2,3.35,56.0781665704519
YFe2H5,0.4,32.32545267107122
Y(FeO2)2,180.37560217070663,29.479847902822776
YFe3Co2,118.83569084187737,61.79410415247015
YFe3Ni2,82.760570407736,46.252090395314966
Y1Ti1Fe9.5Co1.5,154.5,77.2129994215563
YTiFe9Co2,154.9,88.67784870566824
TbGdDyYHo,6.19,66.302096947134
Y3Fe5O12,27.29,23.41198010646881
G1Y1Al0.1I1,21.62,28.71545992326125
G1Y1Al0.2I1,21.09,28.042255694145492
GYCI,28.41,47.21722904184188
G2YI,65.38,20.378224914870515
GYUI,38.65,33.46708267484712
G10YI,0.15,38.782700902354954
G30YI,0.6,45.4376396902945
G50YI,1.2,49.06791072382989
AGYI,17.719250330887068,26.89894773757353
GYLuAlBiI,5.84,43.0560902452009
GYCI,18.886386580226933,47.21722904184188
MYC,35.36,37.92554867200316
MYC2,23.0,36.502272238116625
MYC3,22.59,37.35836017591628
MYC4,11.79,42.343825656063025
Y1Mn0.9Al0.1O3,3.04,15.008036819493046
Y1Mn0.9Ru0.1O3,3.06,6.171163564806051
Y1Mn0.9Zn0.1O3,2.53,8.86371641109099
Y(MnSn)6,2.11,6.564236403333776
YMnO3,8.04,7.360896027389424
YTiFe10Co,19.316,127.87359850535725
YTiFe11,18.565,57.1975805947951
YTiFe6Co5,18.534,49.80815892331401
YTiFe7Co4,19.143,42.93110129424973
YTiFe8Co3,19.883,63.936728524979884
YTiFe9Co2,19.667,88.67784870566824
YTiO3,0.8,21.488425622959706
YV4O8,0.000936,10.564937991437263
Ba3Yb(BO3)3,1.6,5.309189916411203
Yb1Co0.54Si2Rh1.46,0.11,19.05544270968779
Yb14MnSb11,3.96,50.276875538330806
Yb2Be2GeO7,2.44,6.805603110982598
Yb2Pt2Pb,3.8,21.164723923941267
Yb2Sn2O7,1.1,5.19706901905928
Yb2Ti2O7,7.8,9.116239423611201
Yb2TiO5,1.6,5.022344902960483
Yb3(Al3Ru)4,2.3,15.472784678497792
Yb5Pt9,2.5,24.508892018342628
Yb,3.57,20.196864167854656
YbAlO3,3.8,13.563978224556312
YbBi2ClO4,1.8,10.489203117083042
YbBi2IO4,1.8,4.534363459954314
YbCrO3,2.65,13.489851086575909
Yb(FeO2)2,180.37560217070663,54.2743617220846
YbI3,1.5,13.125823726205741
GYbI,108.8,29.115042614250374
YbGe7Ir3,0.41,14.138980356201705
YbMgGaO4,1.86,8.194796363726542
Yb1Mn6Ga0.63Ge5.37,9.2,13.686592098267795
YbMnBi2,4.34,15.746320352595943
YbMnO3,3.25,23.427947857959794
YbNbO4,1.48,5.929285688572424
YbMgNi4,1.7,19.812899661995534
YbZnPt,0.93,13.190799063482231
YbSi7Rh3,2.8,12.505113976171868
YbTa7O19,1.91,24.98138923141334
YbTaO4,1.54,10.523702179067127
Y3Fe5O12,28.0,20.0926206884932
Z1C0.1,57.0,68.18093173426895
Z1C0.2,69.0,64.90727442862197
Z1C0.3,64.0,66.09921837221917
Z1C0.4,62.0,42.97449589809209
LZCF27,27.95,43.22135891255037
LZCF36,33.67,45.83725739537807
ZPC,73.941,49.46423617034764
ZHC,17.5,33.32082610305822
LZCuF9,8.38,42.775468307080956
LZCuF18,13.97,39.26070868939014
LZCuF27,19.56,34.33155931666582
LZCuF36,25.15,34.50303709557222
ZOF,11.1,30.195305399098405
ZO200F,126.0,85.41801171864343
ZF,29.4,119.43473081953923
GZincdopedYI,26.97,32.87576214821055
GZincdopedYI,25.87,32.87576214821055
GZincdopedYI,25.81,32.87576214821055
MagnetiteZincsubstituted,1.0,63.17312023041748
Zn0.05Fe1,0.58,91.80767840977585
Zn0.1Fe1,2.0,108.78459046797381
Zn0.2Fe1,7.43,149.36540806459476
ZnFe3O4,66.0,38.727281145277146
MnFe2SiO6,12.9,20.346164518308527
Zn0.18Fe2.82O4,59.0,71.07234597426552
Zn0.1Fe2Co0.7Si1Ni0.2O6,70.5,18.461238359311793
Zn0.1Fe2.9O4,86.92,60.902976846621115
Zn0.25Fe2Co0.375Ni0.375O4,75.1,57.01796974544003
Zr0.05Zn0.25Fe1.9Co0.75Ni0.05O4,81.5471,57.868444785734816
Zr0.1Zn0.25Fe1.8Co0.75Ni0.1O4,64.196,56.64152751655364
Zr0.15Zn0.25Fe1.7Co0.75Ni0.15O4,66.1578,55.019575607943466
Zr0.2Zn0.25Fe1.6Co0.75Ni0.2O4,57.3148,50.86451912470517
Zr0.25Zn0.25Fe1.5Co0.75Ni0.25O4,54.4259,46.22836314189212
Zn0.25Fe2Co0.75O4,97.374,54.67247970614096
Zn0.25Fe2.75O4,75.1,69.48740548829504
Mn0.75Zn0.25Fe2Si1O6,8.7,17.86426132868741
Zn0.2Fe2Co0.8O4,60.0,55.1421516613454
Zn0.2Fe2.8O4,98.72,69.30937119038035
Mg0.8Zn0.2Fe2O4,85.566,46.30075694423107
Mn0.2Zn0.2Fe2.2Co0.2Ni0.2O4,89.0,59.94029599116028
Zn0.2Fe2Ni0.8O4,59.78,50.47549425490882
Mg0.35Mn0.14Zn0.35Fe2Co0.02Ni0.14O4,65.9,42.557962721431494
Zn0.37Fe2.63O4,82.5,63.42959992888432
Zn0.3Fe2Co0.5Si1Ni0.2O6,55.8,27.628889820543094
Zn0.3Fe2.7O4,91.54,68.80195682327772
Mn0.25Zn0.3Fe2.45O4,47.1,43.86778192281619
Mn0.3Zn0.3Fe2.2Ni0.2O4,90.0,47.671707581212594
Mn0.5Zn0.3Fe2.2O4,54.0,41.58247612574532
Mn0.75Zn0.3Fe1.95O4,37.0,41.37958886420752
Mn1Zn0.3Fe1.7O4,37.0,34.567710524220146
Nd0.1Mg0.6Zn0.4Fe1.9O4,44.09,34.9022690677626
Nd0.05Mg0.6Zn0.4Fe1.95O4,48.68,33.62627526584473
Mg0.6Zn0.4Fe2O4,45.46,41.36139769948863
Zn0.45Fe2.55O4,46.0,61.410882513508426
Mg0.28Mn0.11Zn0.47Fe2Co0.02Ni0.12O4,57.8,42.73503462288989
La0.1Mg0.45Zn0.4Fe1.9Co0.15O4,27.78,39.45737819823857
La0.1Mg0.3Zn0.4Fe1.9Co0.3O4,30.31,41.308218801967215
Zn0.4Fe2Co0.3Ni0.3O4,81.2,57.889338620202935
La0.1Mg0.15Zn0.4Fe1.9Co0.45O4,44.51,44.02937575683789
La0.1Zn0.4Fe1.9Co0.6O4,60.82,49.471528187363276
Zn0.4Fe2Co0.6O4,1.98,52.31724372805191
Ba1Zn0.4Fe16Co1.6O27,40.0,56.24150908294533
Zn0.4Fe2Cu0.6O4,51.0,44.24260863322799
Zn0.4Fe2.6O4,57.52,64.31998652321433
La0.1Mg0.6Zn0.4Fe1.9O4,25.94,33.16551126194325
Mn0.4Zn0.4Fe2.2O4,90.0,41.791322085491785
Mn0.6Zn0.4Fe2O4,64.0,41.65442749832243
Mn0.4Fe0.6O2,34.543,16.771027577426988
Zn0.4Fe2Ni0.6O4,57.0,54.29391148946345
Mn0.5Zn0.5Fe2Si1O6,5.9,19.956488943396987
Zn0.55Fe2Co0.225Ni0.225O4,52.2,52.796863381310374
Mg0.23Mn0.09Zn0.58Fe2Co0.01Ni0.09O4,50.7,41.78865958643405
Ca0.5Zn0.5Fe2O4,42.0,58.306415815517425
Zn0.5Fe2Co0.3Si1Ni0.2O6,50.1,27.275957015527304
Zn0.5Fe2Co0.5O4,80.9,55.33953014501413
Zn0.5Fe2.5O4,55.87,59.4372333400604
Mg0.5Zn0.5Fe2O4,44.0,40.12071256444036
Ce0.08Mn0.5Zn0.5Fe1.92O4,36.938,40.71376986566449
Mn0.5Zn0.5Fe2O4,47.0,41.086386158428255
Mn0.5Zn0.5Fe5O8,56.0,52.84995865660152
Sm0.05Mn0.5Zn0.5Fe1.95O4,42.7,36.67811710363186
Zn0.5Fe2Ni0.5O4,85.0,50.84169753097265
Ca0.2Mg0.2Zn0.6Fe2O4,51.68,64.70105784207027
Ca0.4Zn0.6Fe2O4,196.0,41.51535433984043
Zn0.6Fe2Co0.4O4,44.18,50.318598995485665
Zn0.6Fe2Ni0.4O4,59.93,48.63020559230323
Zn0.75Fe2Co0.25O4,107.3455,43.28136128818629
Zn0.75Co0.25O1,53.05164769726667,7.173264375632938
Mn0.25Zn0.75Fe2Si1O6,4.8,20.776984448092865
Zn0.7Fe2Co0.15Ni0.15O4,26.1,47.501409191674
Zn0.7Fe2Co0.1Si1Ni0.2O6,44.0,26.562388402342304
Zn0.7Fe2Co0.3O4,24.28,47.18802386965811
Zn0.7Co0.3O1,16.8,25.652529144694313
Mg0.5Zn0.7Fe2Cu0.3O4,29.73,38.371989049151864
Zn0.7Fe2Ni0.3O4,63.71,44.519373961330345
Zn0.8Cr0.2O1,1.96,7.80669315814242
Zn0.85Fe2Co0.075Ni0.075O4,4.52,39.51071506681875
Zn0.85Cr0.15O1,1.99,6.214836721668285
Tb0.15Zn0.85Fe2O4,46.46,44.03457845070674
Tb0.12Zn0.88Fe2O4,53.61,41.5809232438759
Ca0.2Zn0.8Fe2O4,105.0,45.3458221734867
Zn0.8Fe2Co0.2O4,18.3,40.44923274350808
Ba1Zn0.8Fe16Co1.2O27,43.5,55.45632293559626
Mg0.5Zn0.8Fe2Cu0.2O4,38.77,34.4592985047267
Zn0.8Fe2Ni0.2O4,36.77,42.25724372297623
Zn0.9Cr0.1O1,2.41,6.057145062623849
Zn0.9Fe0.05B0.05O1,0.098,5.891872875138583
Tb0.09Zn0.91Fe2O4,58.08,41.80167385070435
Zn0.93Cu0.07O1,0.00585,3.184478724246962
Zn0.93Ni0.07O1,0.066,1.4064036790281624
Tb0.06Zn0.94Fe2O4,60.61,41.71416065370924
Zn0.95Cr0.05O1,4.24,6.8578759722644005
Zn0.95Cu0.05O1,0.0029,3.0190591516891025
Zn0.95Fe0.05O1,0.058,6.9830057441372695
Zn0.95Fe0.05O1,1.4,6.9830057441372695
Mn0.05Zn0.95O1,48.62,4.942291201024172
Zn0.95Ni0.05O1,0.052,2.9678892070040765
V0.05Zn0.95O1,0.05,7.7989412078746
Zr0.05Zn0.95O1,25.4,2.877673728424209
Zn0.97Cu0.03O1,0.0255,2.90547584568802
Gd0.01Mn0.02Zn0.97O1,0.717,7.462810426926837
Na0.02Gd0.01Zn0.97O1,0.34,14.092327188209385
Mn0.03Zn0.97O1,51.49,5.428995528923281
Tb0.03Zn0.97Fe2O4,66.38,40.48479314084431
Zr0.03Zn0.97O1,23.41,3.011406749263399
Zn0.98Co0.02O1,0.45,3.3335622506105484
Mn0.02Zn0.98O1,0.1,27.177179247271177
Zn0.98Ni0.02O1,0.123,2.236477704163587
Ti0.02Zn0.98O1,0.06,14.67801653908666
Mn0.01Zn0.99O1,38.06,9.461298092019174
Zn0.9Fe2Co0.1O4,2.974,40.21594774371552
Zn0.9Co0.1O1,1.2,6.960385210133308
Zn0.9Cu0.1O1,0.00841,1.604223295295816
Mg0.5Zn0.9Fe2Cu0.1O4,34.45,35.12923801681724
Zn0.9Fe0.15Co1.85Ni0.1O4,1.356,14.002464745052666
Zn0.9Fe0.05Co1.95Ni0.1O4,0.361,15.487157973340882
Zn0.9Fe0.1Co1.9Ni0.1O4,1.567,11.510709793725105
Zn0.9Co2Ni0.1O4,0.158,19.042764119921234
Zn0.9Fe2Ni0.1O4,54.61,37.32432698304865
Fe3O4,59.18,92.27544985043997
ZnFe2SiO6,2.7,25.49497276952461
Ba1Zn1.2Fe16Co0.8O27,45.0,54.09787115025753
Ba1Zn1.4Fe16Co0.6O27,46.0,52.34032355852438
Ba1Zn1.6Fe16Co0.4O27,46.0,50.6093733728442
BaZnFe16CoO27,45.0,54.514863924019096
Al2ZnO4,6.804,12.20019203167335
Zn(CoO2)2,0.0004,10.37399904030292
ZnFe2CoO4,55.75,44.621279307784334
ZnCoO,4.8,45.02877473316117
Zn(CrSe2)2,3.0,6.634087105672993
ErZnO,11.866666666666667,19.320351291624966
Zn1Fe1.7Mo0.3O4,1.72,26.52705089940706
Zn1In0.15Fe1.85O4,2.6,27.840571634796625
La0.2Zn1Fe1.8O4,3.1,25.43827525044641
Zn1Fe1.8Mo0.2O4,2.01,24.59132363391342
Zn1In0.05Fe1.95O4,4.5,26.390897986409914
La0.05Zn1Fe1.95O4,7.6,30.37951869092181
Eu0.03Zn1Fe1.97O4,10.0,33.17784462292162
Nd0.03Zn1Fe1.97O4,15.0,30.527779144446285
Zn1In0.1Fe1.9O4,3.2,22.481712682208876
Zn1Fe1.9Mo0.1O4,2.37,23.710306745795833
ZnFeO,0.00361,49.817786899002755
Zn(FeO2)2,102.09,25.020988773287343
ZnFe3O,0.00508,77.35485024624971
ZnFe5O,0.1398,97.03769065395142
AlZnFeO4,0.67445,29.821126070645015
ZnO,0.0013,12.406525149514946
ZnO,2.0,12.128815080795937
ZnCoO,22.133333333333333,45.02877473316117
ZnO,3.0,10.055834705302663
ZnO,2.0,12.22912653767385
Zr,174.0,42.29790495099016
Zn0.5Fe0.5O2,58.8108,22.94513242808285
Zn0.5Fe0.5O2,39.95,22.94513242808285
Zn0.5Fe0.5O2,65.4921,22.94513242808285
Zn0.5Fe2Ni0.5O4,28.95,50.84169753097265
Zr0.05Zn0.45Fe2Ni0.5O4,18.79,50.63474793546996
Zr0.15Zn0.35Fe2Ni0.5O4,18.68,44.91579092197003
Zr0.25Zn0.25Fe2Ni0.5O4,16.94,44.44547653842831
Ce0.6Zr0.4Fe10Si2,120.0,80.11076102197391
Zr0.4Mn0.6Co2,100.0,79.38665679434531
Ce0.3Zr0.7Fe10Si2,120.0,53.502936658253475
Pr0.3Zr0.7Fe10Si2,11.5,73.18177235113572
Sm0.3Zr0.7Fe10Si2,11.8,41.71651380249746
Y0.3Zr0.7Fe10Si2,11.7,77.03898346801672
Sr0.2Zr0.8Fe2O4,23.84,30.962293257036258
Sr0.15Zr0.85Fe2O4,22.58,29.82734527852245
Sr0.1Zr0.9Fe2O4,18.71,26.74559345503433
Sr0.05Zr0.95Fe2O4,16.35,29.356510462463113
Zr16Nb3Co75(SiB)3,42.0,55.959571770101356
Zr16Nb2Co76(SiB)3,50.0,58.85373506563714
Zr16NbCo77(SiB)3,58.0,60.87527828275376
Zr16Co78(SiB)3,61.0,60.89421601032943
Zr18Co79Cu3,101.0,68.27218398098954
Zr9Co41,56.0,89.27527727927588
Zr2Co11,65.0,97.74396307326923
Zr2Fe1.5Co9.5B1,89.3,89.15476668749716
Zr6Co23,115.0,58.81631151145599
ZrCo5,106.10329539453332,91.4878771485953
Zr1Co5.25,111.40846016426,82.61046777240605
Zr(Fe5Si)2,120.0,58.67131840930362
Zr(FeO2)2,12.02,48.23969243690017
ZrO2,67.90133333333333,21.89561083553818
La0.51Ce1.19Pr15.3Fe78B6,9.5,44.12417278361782
La1.53Ce3.57Pr11.9Fe78B6,11.9,28.27983399178529
La2.55Ce5.95Pr8.5Fe78B6,10.9,25.922382096232287
La3.57Ce8.33Pr5.1Fe78B6,10.6,60.54537853502885
La1.5Ce1.5Nd7Fe84B6,150.0,109.3813746439861
L4CoCl2,3.2,50.545136013853906
Et2ErO,9.9,79.09930763450753
FeCoIrPt,0.1933333333333333,85.06685906804675
Cu13B85.5,197.352129433832,126.76722384871368
Ni13B85,201.5962612496133,164.9029898183077
Nb85Cu13B,193.10799761805063,49.4821769968884
Fe3N,92.37,135.48174588742464
Ni4N,0.247,45.062148530102334
Ti0.95N16,228.0,37.20329786583477
Fe8N,181.9,185.35637932934432
Fe8N,256.0,185.35637932934432
Fe8N,217.3333333333333,185.35637932934432
V2CoO6,4.6,16.757112926283675
Cr,11.9,46.39387124638111
VO,0.035,24.062939716911067
MgBr2,0.95,13.075725341913557
ErAl3,6.7,20.703230987916708
Cr0.4Se0.6,4.76,11.473682013211588
Fe2O3,1.76,55.66373769115185
FeCo,247.0,208.1131368239968
FeSi2,21.220659078906667,151.08758186517403
LiFeO2,50.02,22.164599475904495
LiMnN,5.0,14.923151046639836
LiMnP,5.0,11.370374133874037
MnBi,33.92,60.99482575607442
Ni4N,0.396,46.67465537714549
Fe8N,275.86856802578666,185.35637932934432
Fe8N,160.0,185.35637932934432
Fe8N,228.26666666666665,185.35637932934432
FeC,210.0,146.50507599439146
CoN,275.86856802578666,135.20296644386437
Fe8N,162.0,183.66806299573904
Fe8N,2.9,183.91885313214465
Fe8N,240.0,185.35637932934432
Fe,3.0,150.1988131017964
CoMoO4,1.6,13.203183757751843
MnCuSb,4.5,19.878016442565595
ErAl3,4.65,20.68905060542505
FeB,79.54,127.0112319653197
Li2IrO3,0.35,32.467791401019404
LiMnSi,4.0,20.922532004232288
MnZn,1.04,43.895490822623735
UH3,0.87,22.02246496316147
V2PO5,265.2582384863333,28.203074057029532
V2PO5,0.3,22.8561563485065
Fe4N,186.0,139.0918182658021
Fe4N,190.98593171016,139.0918182658021
V2CoO6,2.9,16.754164901924938
Fe2O3,55.333333333333336,55.66373769115185
Fe2CoO3,66.73,76.7015045672706
GdFe2O3,39.35,72.25751165661228
GTi(FeO3)2,55.0,41.3358513018719
Fe2SiO5,100.0,51.41642618047345
FeO,53.79,86.30599010666296
FeSiH2NO3,30.94,102.26989385345449
Mn2O3,27.0,27.468510981169352
Fe2O3,43.24,55.66373769115185
Fe4N,188.0,151.5511621872816
Fe4N,199.6,151.5511621872816
Fe4HN,204.0,129.69566665476722
Fe4H2N,187.0,159.26992630697305
Fe4H3N,177.0,165.03407998431268
Fe4N,2.98,151.5511621872816
Fe4N,190.98593171016,139.0918182658021
Zn10Fe,250.0,40.16427000809224
Fe0.2N2.8,8.0,87.403362210922
Fe0.3N2.7,24.0,74.17163631021938
Fe0.4N2.6,39.0,64.44972365440358
Fe2.13N1,20.0,86.43618824024355
Fe2.26N1,106.0,63.798687784068775
Fe2.93N1,141.33333333333334,120.93991490106602
Fe23N,81.4,102.08729520519161
Fe3N,126.1,132.84295223815403
Fe3N,52.8,135.48174588742464
Fe3N,129.0,135.48174588742464
Mn4N,16.0,19.671616572540636
Fe2N,0.05,107.07261643502682
Fe2C,1.6,81.45467975546289
Fe3C,1.86,72.15500086903168
Mn5Ge2,0.45,65.64911975367309
MnAl,88.74666666666667,79.5076496661655
MnAl,79.5774715459,84.3316071121714
MnAlC,82.760570407736,29.73015975000981
MnAlC,58.35681246699334,29.73015975000981
Fe5C2,1.72,60.227360909385595
Fe16N2,220.0,210.1153013067356
Fe14Co2N2,210.0,212.42643575608284
Fe13Co3N2,208.0,207.87906258633208
Fe12Co4N2,205.0,206.84443494146385
Fe10Co6N2,200.0,201.985938592933
Fe8Co8N2,195.0,195.8628922743211
Fe6Co10N2,190.0,188.7620603330035
Fe4Co12N2,185.0,184.6685620097698
Co16N2,175.0,152.77490421202174
Fe3Co3Ti2,105.0,97.63821792739176
Fe3Co3Nb2,98.0,91.01543266322997
Fe3Co3Ta2,92.0,80.30334501432323
Fe3Co3Mo2,88.0,129.7220474355823
Fe3Co3V2,102.0,166.93089771941092
Fe4Co2Ti2,112.0,98.90576022355665
Fe2Co4Ti2,99.0,113.3281355674703
Fe4Co2Nb2,104.0,84.7431699731707
Fe2Co4Nb2,93.0,97.12369126151708
Mn9Bi10,78.0,77.2918173047823
Mn19Al19C2,92.0,78.63016236346314
Fe19Pt21,82.0,87.96226155109125
Fe10Pt9Rh,80.0,95.37806593961096
Co19Pt21,65.0,58.98221557699257
Fe19Pd21,91.0,99.98581031404728
Co5Zr,92.0,100.30489612205699
Co24FeZr5,96.0,88.75519222063954
Co9FeZr2,102.0,88.66984248650174
Co11Zr2,98.0,82.58385709207596
Co10FeZr2,104.0,87.90699570834082
Co7Hf,88.0,97.01659595865992
Co6FeHf,94.0,94.65987298655435
Fe2CoC,145.0,124.63123442180793
FeCo2C,138.0,105.32185038232808
Fe3CoB2,165.0,154.67582647835698
Fe5PB2,142.0,94.86790206991758
Fe9CoSi2B4,140.0,120.82540325090889
Fe15.5Co0.5N2,218.6,213.07299463120233
Fe15Co1N2,217.2,214.46685553764416
Fe14.5Co1.5N2,215.8,210.2786939572161
Fe13.5Co2.5N2,213.0,207.33548936267943
Fe12.5Co3.5N2,210.2,206.50378521125663
Fe11.5Co4.5N2,207.4,203.9365686390087
Fe11Co5N2,206.0,204.66902439940276
Fe10.5Co5.5N2,204.6,202.0875546912678
Fe9.5Co6.5N2,201.8,199.05076693372257
Fe9Co7N2,200.4,199.3722288415073
Fe8.5Co7.5N2,199.0,198.99671330112497
Fe7.5Co8.5N2,196.2,195.8019820438579
Fe7Co9N2,194.8,190.9307951261099
Fe6.5Co9.5N2,193.4,190.50599097790916
Fe5.5Co10.5N2,190.6,186.63834698484993
Fe5Co11N2,189.2,185.72731230935472
Fe4.5Co11.5N2,187.8,185.5569214461838
Fe3.5Co12.5N2,185.0,182.89152673561085
Fe3Co13N2,183.6,183.14992781132946
Fe2.5Co13.5N2,182.2,182.08930901820753
Fe2Co14N2,180.8,180.6842885706693
Fe1.5Co14.5N2,179.4,180.04951007482055
Fe1Co15N2,178.0,170.43079395360945
Fe0.5Co15.5N2,176.6,170.31875641996254
Mn0.85Bi1.15,73.0,72.91569681244951
Mn0.875Bi1.125,74.5,72.44880646826257
Mn0.925Bi1.075,77.5,76.08452044699156
Mn0.95Bi1.05,79.0,76.21780257095409
Mn0.975Bi1.025,80.5,76.39401536919965
Mn1.025Bi0.975,80.5,77.59770453117169
Mn1.05Bi0.95,79.0,77.73308607422481
Mn1.075Bi0.925,77.5,79.05217458226595
Mn1.125Bi0.875,74.5,75.29388545436336
Mn1.15Bi0.85,73.0,72.6958233458112
Mn0.85Al1.15,84.0,81.23069571759238
Mn0.875Al1.125,86.0,83.64265068654994
Mn0.9Al1.1,88.0,88.94847103829119
Mn0.925Al1.075,90.0,88.874164846604
Mn0.95Al1.05,92.0,90.576081765438
Mn0.975Al1.025,94.0,91.6742394889602
Mn1.025Al0.975,94.0,90.02119349155342
Mn1.05Al0.95,92.0,89.95544116627417
Mn1.075Al0.925,90.0,89.36958260914002
Mn1.1Al0.9,88.0,83.6390392121863
Mn1.125Al0.875,86.0,80.71378364132349
Mn1.15Al0.85,84.0,81.80798116344485
Fe0.85Pt1.15,82.0,86.01635132181576
Fe0.875Pt1.125,82.5,84.83625940620908
Fe0.9Pt1.1,83.0,84.0729419392188
Fe0.925Pt1.075,83.5,84.8943994393251
Fe0.975Pt1.025,84.5,92.07164006437841
Fe1.025Pt0.975,85.5,96.14825718870652
Fe1.05Pt0.95,86.0,102.33160094391683
Fe1.075Pt0.925,86.5,81.7597155258066
Fe1.1Pt0.9,87.0,81.20495572760974
Fe1.125Pt0.875,87.5,80.15062081518221
Fe1.15Pt0.85,88.0,77.18573876888647
