reduced_formula,True_TN,Predicted_TN
Ce1Al3Cu0.9Ag0.1,4.0,5.605697193951804
Gd1In0.9Ag0.1,155.0,79.9134059159301
Mn3Ga0.8Ag0.2N1,276.0,241.5398143276314
Gd1In0.8Ag0.2,77.0,123.59777423678999
Ce1Si1.69Ag0.31,5.7,6.883298145348148
Pr0.85Al2Ag0.3,12.0,8.786496269410716
Gd1Zn0.575Ag0.425,72.0,103.50539275613103
Mn3Ga0.6Ag0.4N1,261.0,237.46116515915483
Al0.5Cr2Ag0.5S4,7.0,33.22150220942096
Gd1Ag0.5Au0.5,138.0,75.99185110830143
Cr2Ga0.5Ag0.5S4,10.0,34.802296726878794
Cr2Ga0.5Ag0.5Se4,40.0,25.823836465225593
Cr2In0.5Ag0.5S4,14.0,36.268616460622866
Mn3Ga0.5Ag0.5N1,253.0,247.0603278670116
Ce1Si1.32Ag0.68,3.3,6.340150813587731
Mn3Ga0.4Ag0.6N1,254.0,243.95973141474005
Pr1Cu0.25Ag0.75,10.0,20.208249861046827
Ce2Ga9.1Ag0.7,3.0,8.315416159137312
Mn3Ga0.2Ag0.8N1,263.0,214.10149410358736
Mn0.053Ag0.947,11.4,33.33542645832473
Mn0.0175Ag0.9825,1.55,26.514669117283933
CeAgAs2,6.1,6.37353688644118
NdAgAs2,2.7,7.881740372774345
PrAgAs2,4.6,7.1525823034916005
SmAgAs2,17.0,11.005347226276076
CeAgBi2,6.1,8.133668763209567
NdAgBi2,3.9,7.617055035423298
SmAgBi2,8.0,11.208333019155592
Ca2V3Co2AgO12,6.39,20.593726302032838
Ca2Mn2V3AgO12,23.8,42.755613982423654
Ca2V3Ni2AgO12,7.21,19.714606685378083
CeAgSb2,9.5,6.076059231044788
CeAgSn,6.35,6.098545648032669
Ce2AgGe3,6.4,6.552537254697495
FeAgCl4,13.05,50.67365787683103
CsCoAgS2,82.0,50.62339506987403
V3Co2AgO10,14.0,41.170334248845315
CrAgO2,21.0,46.004973594593224
CrAgS2,41.33333333333329,53.34296012693694
CrAgSe2,52.5,62.28589590904157
TbCu4Ag,14.0,16.47850441307848
Dy0.8Y0.2Ag1,50.5,44.29581419337293
DyAg,58.1428571428571,50.79081247870763
DyAgGe,14.45,12.973477498377914
DyAgS2,2.0,12.108754136994765
DyAgSb2,9.85,11.99384399115945
DyAgSn,9.25,13.209102454922492
ErAg,18.26,14.090029305972541
ErGaAg,3.0,6.921252320247659
ErAgGe,3.35,7.227752111974136
ErAgSb2,4.655,6.618362756945196
ErAgSn,5.85,7.16750636356611
AgF2,163.0,68.43242276212882
KFeAgSe2,26.0,142.15818559936739
FeAgO2,9.5,159.77349451168007
Fe2AgO3,261.0,217.0220682184639
GdGaAg,27.0,23.059759257701494
HoGaAg,4.7,10.133267179468339
TbGaAg,18.0,22.744285829859887
Gd0.8Y0.2Ag1,122.0,74.31252396325227
GdAg,136.642857142857,73.9755686663379
GdAgGe,15.6,23.732160607666902
GdAgS2,5.4,15.052337119602646
GdAgSb2,11.0,16.483560458294
GdAgSn,32.5,27.704684704083945
HoAgGe,10.65,9.931989469698314
TbAgGe,26.7,18.52132639211546
TmAgGe,4.2,5.9067326623705405
Nd2AgGe3,7.65,10.545123305488756
NiAg(HO)2,22.0,47.86030387787198
HoAg,33.5,25.41376654583122
HoAgS2,3.1,9.779737888348745
HoAgSb2,5.855,8.932353089408752
HoAgSn,12.8,9.673955815851436
Tb2InAg,58.0,70.53968440570935
Tb2In3Ag,42.0,24.66439532532786
MnVAgO4,12.3,50.38428930491199
Mn3AgN,281.0,228.28996964115896
NdAg,23.3333333333333,31.948762071595944
NdAgPb,18.9,9.864972663640023
NdAgSb2,3.335,8.172512634688541
NdAgSn,10.25,9.950057415858291
PrAg,12.5,21.57798453114128
PrAgSb2,4.25,6.960067386258454
PrAgSn,4.65,7.661269668814793
YbAgS2,6.55,8.858850351975054
SmAgSb2,9.6,11.739434825619263
TbAgSb2,12.0666666666667,15.189453201393867
TmAgSb2,2.0,6.61622572703272
TmSiAg,3.3,6.765799683058346
SmAgSn,28.0,16.722109821414726
TbAgSn,32.55,18.80371015431616
TmAgSn,4.16666666666667,5.60893418534171
Tb0.8Y0.2Ag1,95.5,45.95026077766493
TbAg,105.666666666667,68.70937313923102
TmAg,10.4583333333333,8.865752638763071
Er1Ga1.9Ag1.1,2.2,7.8613111952163655
Dy1Ga1.8Ag1.2,15.0,13.41140236618485
Ho1Ga1.8Ag1.2,9.2,8.352955385771132
Tb1Ga1.8Ag1.2,21.0,18.86478831355707
Gd1Ga1.7Ag1.3,21.0,18.615350133173585
Tm1Ga1.7Ag1.3,1.8,6.072531494151517
Sr2Mn1Ag1.5Se2O2,63.0,115.39945577492045
Ba2CoAg2(SeO)2,180.0,71.66170267618911
Ba2NiAg2(SeO)2,130.0,70.28725795313638
Ce(AgGe)2,5.5,6.719640444840361
CeInAg2,2.6,6.021362082227373
Ce(AgSb)2,9.0,6.151814112028272
Ce(SiAg)2,9.42,6.253557493508353
Sr2CoAg2(SeO)2,190.0,159.52350911679167
Cu2Ag2O3,70.0,92.40024669741715
DyAg2,12.1666666666667,22.652584051078467
DyInAg2,3.5,11.50674087835317
Dy(SiAg)2,10.3,10.423433569762123
ErAg2,5.275,9.502813840752669
EuAg2,12.0,23.970842665651574
Eu(AgGe)2,8.3,12.82522242303552
FeAg2GeSe4,240.0,61.84802732078791
GdAg2,23.4333333333333,45.64444927000114
GdInAg2,10.0,17.830448642369763
Gd(SiAg)2,9.5,15.757286467290312
Nd(AgGe)2,1.9,6.927548727020192
Pr(AgGe)2,12.0,7.219864506431399
Sm(AgGe)2,9.2,10.462685904059354
HoAg2,6.85,12.867717389328064
NdInAg2,2.5,8.067589922236458
SmInAg2,4.5,12.217648604157699
TbInAg2,8.56666666666667,16.27492591557803
Mn37In13(Ni24Ag)2,152.0,386.8822760095177
Mn(AgO)2,30.8,93.95202315113647
Tb(SiAg)2,18.0,14.419944794301287
TbAg2,34.85,28.21907186635447
TmAg2,1.7,9.532806094471061
Mg2Ag3RuO6,24.0,65.07717267999065
Eu(Ag2As)2,14.9,9.76009182261038
Ce3(AgSn)4,9.0,6.151721836597552
Fe2CoAg4(PO4)4,10.0,49.884661752159175
Eu(In2Ag)4,5.4,11.749082452399664
Eu(Ag2Sb)2,11.0,10.965281494747625
Gd3(AgSn)4,8.0,19.56897014310136
Sm3(AgSn)4,9.0,12.61779098620398
DyAg,56.0,48.92025099773628
Al0.003Cr0.997,300.0,254.37558894280485
Ba0.042Na0.329Y0.291Ti0.7Al0.009Fe0.3Bi0.329O3,589.0,188.15667950170433
Al0.012Cr0.988,202.0,276.0714518944128
Ba0.03Na0.47Y0.485Ti0.5Al0.015Fe0.5Bi0.47O3,611.0,366.55313563509674
Mn0.18Al0.015Fe0.795C0.006,276.575,268.6666947026528
Al0.019Cr0.981,310.0,205.96301253954002
Al0.022Cr0.978,85.0,310.64636705965165
Mn0.18Al0.025Fe0.788C0.006,266.0,270.6305277477379
Y1Al0.025Cr0.975O3,129.0,129.1063098643396
Gd1Mn0.98Al0.02O3,26.3333333333333,40.10508900430008
Al0.037Cr0.963,338.0,285.3313988049518
Ca0.35La0.2Pr0.45Mn0.97Al0.03O3,75.0,145.43572295045564
Y0.97Al0.03Fe1O3,640.0,557.184437426799
Al0.04Ga3.82Fe3,390.0,385.2104719388083
Ca0.5Pr0.5Mn0.95Al0.05O3,95.0,137.48854475467786
Ca3Mn0.95Al0.05Co1O6,13.0,19.42856922949886
Y1Al0.05Cr0.95O3,115.0,121.57146738734048
La1Al0.05Fe0.95O3,814.0,775.8467134384168
La0.95Al0.05Fe1O3,800.0,796.680649342699
Gd1Mn0.95Al0.05O3,26.3333333333333,34.80707426669449
Sr1.7La1.3Mn1.95Al0.05O7,42.0,67.09094682672192
Sr0.5Pr0.5Mn0.95Al0.05O3,185.0,128.36861408265227
Al0.062Cr0.938,440.0,313.27471541537784
Al0.08Ga3.78Fe3,390.0,387.1279530702419
Ba0.1Ti0.1Al0.09Fe0.81Bi0.9O3,568.95,542.8400057656389
LaFeO3,824.0,623.2935475891765
Al0.125Fe1.875O3,100.0,207.7535179049833
Al0.12Ga3.74Fe3,390.0,391.01293490602865
Al0.13Zn0.99Cr1.87Se4,22.6,28.180714817072282
Al0.13Zn1Cr1.87Se4,23.0,27.661191728441636
Ca3Mn0.85Al0.15Co1O6,13.0,22.291443670770388
La1Al0.15Fe0.85O3,793.0,732.2246458858409
La0.85Al0.15Fe1O3,808.0,671.6097229556008
Gd1Mn0.85Al0.15O3,26.3333333333333,36.89675286171237
Al0.167Fe1.833O3,35.0,204.08919515407828
Al0.19Ga3.63Fe3,390.0,387.76049600804333
Al0.1In0.9As1,65.0,73.37691314778671
Ce1Al0.1Fe1.9,100.0,146.0191268403606
Ce8Al0.1Sn0.9Pd24,6.6,6.288336613893837
Y1Al0.1Cr0.9O3,100.0,105.63064630055443
La1Al0.1Fe0.9O3,834.0,735.1344230161264
Y1Al0.1Fe0.9O3,602.0,555.2989214007173
La0.9Al0.1Fe1O3,840.0,724.7855851079795
Gd1Mn0.9Al0.1O3,26.3333333333333,34.7609466388916
Gd1Al0.1Si0.9Ni1,10.0,82.41545437660257
Sr1.7La1.3Mn1.9Al0.1O7,27.0,76.54050548596051
Mn0.9Al0.1Ni1,26.0,270.4127716793386
Al0.22Zn1Cr1.78Se4,23.0,26.96400026096352
Al0.22Zn1.03Cr1.78Se4,23.4,28.78246666745445
Al0.25Ga0.75Fe1O3,590.0,312.44707730607007
Y3Al0.25Fe4.75O12,555.0,513.7066721288297
Gd1Al0.25Ga1.75,24.0,29.729156166593164
Gd0.75Mn1Al0.25O3,40.0,52.82282429398012
Gd1Mn0.75Al0.25O3,26.3333333333333,37.33947163384264
Al0.2Fe3.8Bi2O9,216.0,209.2167003281889
Ca3Mn0.8Al0.2Co1O6,13.0,24.22461142554937
Ce1Mn1.8Al0.2H4.4,70.0,222.3590398610846
Ce1Mn1.8Al0.2,75.0,110.66413140390856
Ce8Al0.2Sn0.8Pd24,6.4,6.526356386161051
Al0.2Fe1.8Co1O4,765.0,584.2462987397596
Y1Al0.2Cr0.8O3,65.0,93.69713579230519
Dy1Mn0.6Al0.2Fe1.2,231.0,215.19491967926598
Dy1Al0.2Ge2,23.0,17.343906612452383
Er1Al0.2Ge2,6.5,7.796030487193259
La1Al0.2Fe0.8O3,795.0,609.8851386367076
La0.8Al0.2Fe1O3,800.0,635.4697608136427
Gd1Mn0.8Al0.2O3,26.3333333333333,36.014514382043
Gd2Al0.2In0.8,68.0,71.22400374793651
Ho1Al0.2Ge2,9.0,10.68602693733014
Tb1Al0.2Ge2,38.0,20.705142772870794
Mn0.3Al0.2Ni0.5,292.0,240.97681847203003
Mn0.8Al0.2Ni1,80.0,176.1925926486743
Nd1Mn1.8Al0.2Si2,374.0,348.4811979817859
Al0.33Zn1.08Cr1.63Se4,23.1,30.6448255095465
Al0.33Zn1Cr1.67Se4,23.0,27.70599006450724
Al0.35Fe0.65,43.0,154.4459814342868
Al0.38Ga3.45Fe3,390.0,381.6959411582015
Ce8Al0.3Sn0.7Pd24,5.9,6.005168148781749
Al0.3Cr0.7,800.0,483.01094049580536
Gd1Mn0.7Al0.3O3,26.3333333333333,46.94305918423472
Nd1Mn1.7Al0.3Si2,375.0,367.5066740541542
Al0.45Fe0.55,11.0,220.87908465970992
Be1Al0.4Cr1.6O4,20.0,79.95361470354997
Al0.4Fe3.6Bi2O9,180.0,188.39927899934779
Ce1Al0.4Ga1.6Pd2,2.3,6.543134289612076
Al0.4Zn1.02Cr1.58Se4,22.9,32.17341683447788
Al0.4Zn1Cr1.6Se4,23.0,28.736621228324942
Dy1Mn0.4Al0.4Fe1.2,178.0,233.27854407112184
Al0.4Fe0.6,27.0,131.1566143965333
Mn0.6Al0.4Ni1,181.0,289.2294725876287
Nd1Mn1.6Al0.4Si2,376.0,264.19364993474363
Ca1Ti3.5Mn0.5Al0.5Cu2.5O12,23.5,27.261895730046014
Ca2Al0.5Fe1.5O5,568.0,466.419927386868
Ce8Al0.5Sn0.5Pd24,5.5,6.691529200858722
Al0.5Cr2Cu0.5S4,14.0,29.18129001449556
Al0.5Cr2Cu0.5Se4,6.0,32.92509026992061
La0.67Ti3.5Mn0.5Al0.5Cu2.5O12,18.0,29.595049722358443
Gd1Al0.5Cu4.5,15.0,21.35886948229056
Al0.5Ga0.5Fe1O3,363.333333333333,449.31458277737937
Mn1Al0.5Ga0.5Ni2,300.0,256.5946502078355
Mn0.5Al0.5Ni1,313.0,287.48260864478
Mn0.5Al0.5O2,25.5,55.364743628624105
Mn1.4Al0.6Au2,415.0,316.85096776938695
Al0.6Fe3.4Bi2O9,144.0,180.70883863141813
Dy1Mn0.2Al0.6Fe1.2,187.0,197.5358654210584
Al0.6Ga0.2Fe1.2O3,325.0,326.3880203867444
Ca2Al0.72Fe1.28O5,473.0,278.17715441298395
Na1Al0.75Fe0.25O2,1.65,176.16682112251735
Gd0.25Mn1Al0.75O3,95.0,67.98786040109434
Ce8Al0.7Sn0.3Pd24,5.0,6.282394730732579
Dy1Mn0.1Al0.7Fe1.2,195.0,153.15454177374738
Al0.8Fe3.2Bi2O9,110.0,116.41495187193905
Ce1Al0.8Ga1.2Pd2,2.4,6.821150740956668
Ce8Al0.8Sn0.2Pd24,4.7,6.253980022228058
Ce8Al0.96Pd24,4.5,6.433863541175453
Gd1Al0.98Si1.02,32.0,27.682938864513186
Ce8Al0.9Sn0.1Pd24,4.6,5.924882506421368
Gd1Al0.9Si1.1,30.5,27.20725694006103
Mn1.91Al1.06Fe1.03,37.0,64.07644930015908
Sm1Al1.07Si0.93,9.0,20.639801570414615
Mn1.89Al1.09Fe1.02,36.0,78.11918605921265
MnAlAu2,65.0,228.3502223126309
Ce3AlB,2.7,9.514665177951763
AlCu2BO5,2.25,25.34862411716346
Mn2AlB2,300.0,266.9593425787355
TmAlB4,5.5,9.54448391916587
BaAlFeO4,230.0,279.1120530096739
AlFe3Bi2O9,35.0,126.68309998802646
Nd3Al1C0.6,13.3,21.614413707033965
Nd3Al1C0.8,14.5,16.408993826330743
Pr3Al1C0.8,4.4,15.082588377080194
Ce3AlC,10.0,10.267565126048314
Er3AlC,2.0,20.997181109533013
Nd3AlC,21.4,17.863183364564314
Pr3AlC,1.4,17.137862641326663
CaTi3MnAl(CuO6)2,18.0,31.15939381997563
Ca2AlFeO5,333.0,319.62199374649697
CeAl,9.475,10.946896892480051
CeAlCu,5.1,10.397652443988498
CeAlGa2Cu,1.9,7.190255112725157
CeAlGa,6.0,7.452126028560021
CeAlPd,2.83333333333333,5.859458076431068
CeAlPt,5.9,6.153735280994563
Ce3Al,2.5,10.276026056463508
Ce8AlPd24,4.53333333333333,6.1682926372774585
U1Al1Co0.15Ni0.85H2.1,90.0,82.85961594217434
AlCoRhO4,24.0,35.676047125037556
Al(CoO2)2,30.0,38.164956453790765
Al1Cr1.85Fe0.15,310.0,312.746199850067
Al1Cr1.91Fe0.09,413.0,371.1071911867243
Al1Cr1.925Fe0.0752,344.0,419.05655571451666
Al1Cr1.95Fe0.05,603.0,458.40767779589714
Al1Cr1.95Fe0.052,466.0,524.3147802080127
Al1Cr1.975Fe0.0252,565.0,562.1687620588409
Al1Cr1.9Fe0.102,170.0,360.6830834238738
AlCr2,634.0,521.6166681304359
AlCr2,663.0,521.6166681304359
AlCr3,578.0,538.4301399762116
Ho1Al1Cu0.1Ni0.9,5.7,16.18783301713126
DyAlCu,12.0,23.052432088192052
GdAlCu,37.0,35.78390895115278
NdAlCu,18.0,10.716449282596656
PrAlCu,7.9,9.064671936806317
TmAlCu,1.2,7.745549484122735
Sr2LuAlCu2O,22.0,36.85900667410711
Sr2YAlCu2O,16.0,63.92173235253628
LaTi3Al(CuO4)3,11.5,30.787780679685884
Mn2AlCu3,800.0,256.01900377990415
YTi3Al(CuO4)3,24.0,26.90413703858533
GdAlCu4,40.0,16.28706334892939
La0.3U0.7Al1Cu5,1.7,13.135016157334425
Y0.2U0.8Al1Cu5,1.7,19.168903122434667
UAlCu5,18.0,26.75437009756742
DyAl,12.1,53.59323201044707
DyAlGe,30.0,19.08010284751053
DyAlNi,11.6666666666667,21.83802472256439
DyAlO3,3.48125,8.549771417423358
DyAlPd,25.0,16.671846938546512
Dy4AlRh,18.0,49.981263135606994
ErAl,10.6666666666667,12.254549889529496
ErAlFe,38.0,60.317123296263574
ErMnAl,15.0,145.38081332356973
ErAlNi,5.6,12.807225001508513
Er4AlRh,4.0,20.430700843098418
U1Al1Fe0.15Ni0.85H2.4,70.0,91.80456314584039
Gd2AlFeO6,2.0,131.99286641114747
HoAlFe,28.0,74.62155164790325
Mg0.25Al1Zn0.75Fe1O4,13.0,46.287631128783026
Mg0.5Al1Zn0.5Fe1O4,20.0,36.5429980966206
Mg0.75Al1Zn0.25Fe1O4,45.0,47.112176627059135
Mn2AlFe,41.33333333333329,126.61858386379079
NdAlFe,240.0,82.4143813410136
AlFeO3,250.0,131.22537568907944
Mn1.1Al1Fe1.9,205.0,291.3269519813526
MnAlFe2,370.0,275.45703266061753
Mn0.9Al1Fe2.1,350.0,205.70223028141487
AlFe3,750.0,134.509738898044
HoAlGa,31.0,12.447071569750046
GdAl,42.0,73.65231797529407
GdAlGe,34.0,27.18519767016062
GdMnAl,298.0,114.80596902816741
GdAlNi,50.0,52.10768794731117
GdAlO3,3.9333333333333296,11.516413055342056
GdAlPd,48.0,36.40966403821833
GdAlRh,30.0,33.91353985953224
Gd2Al,50.0,69.72838474235047
Gd2Al1N0.5,50.0,78.1509368242271
Gd2AlNi2,25.0,74.16830713537603
Gd4AlPt,64.0,95.88511690237537
HoAlGe,11.0,12.600867920588659
NdAlGe,7.5,12.93352361613163
Sm1Al1Ni1H1.17,62.0,47.56295167186222
U1Al1Ni1H2.2,95.0,87.38414080027702
U1Al1Ni1H2.3,99.0,78.71125071046069
HoAlPd,16.0,12.468078226241639
Ho4AlRh,8.8,26.75604723515293
MnAlNi2,300.0,296.0170466787347
MnAlO3,165.0,37.405035557222725
MnAlPd2,240.0,174.75986451772326
MnAlPt,300.0,300.4076571425841
MnAlPt2,190.0,202.2921719655707
TbMnAl,34.0,212.13743938331356
Mn3Al,217.0,246.1917879655584
NdAl,27.0,25.084277812151193
NdAlNi,2.4,20.48984893087151
NdAlPd,4.4,11.58932397111651
NdAlPt,18.5,11.07956150883433
Tb1Al1Ni0.5Pd0.5,40.0,34.7165913317263
PrAlNi,6.5,16.619324512165882
SmAlNi,58.0,31.936928527207805
TbAlNi,35.5,31.71504669866568
TmAlNi,4.2,11.780218142389305
UAlNi,40.05,58.43194876402542
SmAlO3,15.0,13.781810246986645
TbAlO3,4.14,8.677098176891747
PrAlPd,3.4,7.724324850691707
TbAlPd,35.5,22.221484738429623
PrAl,19.5,21.55101488720524
PrAlPt,8.0,11.023322702715642
Pr2Al,18.0,19.770077661904672
Pr3Al,10.0,20.92321715761407
TmAlSi,5.5,6.741933845634683
TbAl,72.0,74.13823428158796
TmAl,10.0,8.825810693312313
Nd1Al1.11Si0.89,4.8,13.32486738550059
La1Al1.13Fe11.44Si0.43,190.0,199.2346136119112
Ba1Al1.2Fe0.8O4,455.0,239.38787362342657
Ce1Al1.2Ga0.8Pd2,2.5,5.6260197975640525
Ce8Al1.3Pd24,4.5,6.455719831168182
La1Al1.43Fe11.57,212.0,207.10933791673736
La1Al1.56Fe11.35Co0.09,196.0,186.75580336134612
La1Al1.56Fe11.44,204.0,195.67550374749675
Ba1Al1.5Fe0.5O4,640.0,51.61027059795427
Ce1Al1.5Ga1.5Pd2,1.88,6.244214660699882
Ce8Al1.5Pd24,2.5,6.190647255519282
Al1.5Ga0.5Fe1,41.0,62.83980496222378
La0.9Nd0.1Al1.5Fe11.5,187.0,187.22756689772285
La1Al1.6Fe11.4C0.02,60.0,207.2024975820613
Ce1Al1.6Ga0.4Pd2,2.6,5.992022447744517
La1Al1.6Fe10.94Co0.46,200.0,180.75959813691213
Al1.6Ga0.4Fe1,40.0,48.695048748158996
Tb1Al1.7Co0.3,26.0,34.70523652454065
Al1.7Ga0.3Fe1,38.0,41.86644503855484
Al1.8Ga0.2Fe1,36.0,45.00725986808928
Al1.9Ga0.1Fe1,34.0,45.63287928614193
Ce1Al10Fe1.7Ir0.3,3.1,29.55729405630926
Ce(Al5Rh)2,3.9,12.73638210474168
Ce(Al5Ru)2,27.0,9.225907719997078
Nd60Al10Fe7.5Co22.5,481.0,76.95109844944915
Dy(Al5Fe)2,7.5,20.23142858852184
Er(Al5Fe)2,1.7,18.37655573484045
Er(Al5Ru)2,1.15,11.899363487661306
Tb(Al5Fe)2,16.5,17.477645869296566
Nd3Y3AlFe3,12.0,156.4413146314369
Nd5YAlFe3,185.0,109.41278447330603
Nd6AlFe3,150.0,131.8422262381145
Nd5AlFe4,10.0,176.3901982864282
Tb(Al5Ru)2,9.0,13.669607984543902
Ce3Al11,2.0,8.004774540830311
Dy3(Al3Ru)4,7.0,15.739371284888458
Tb3(Al3Ru)4,22.0,17.316353873152764
Nd3Al7(FeCo)7,320.0,140.96473095596545
Tb2Al15.05Ru3,16.6,13.651064903386223
Gd2Al15.09Ru3,17.5,15.443085748428322
Ce2(Al5Ru)3,3.7,12.305974103086765
Ce2Al16Pt9,3.0,9.028531476292725
GdAl16Ni3,23.0,18.241670521771987
Nd33Al17Fe50,260.0,213.71834864566935
U2Al19Co6,12.5,41.120462516340666
Mn27Al19Ni54,300.0,286.35986281701287
Mn31Al19Ni50,300.0,293.64229706527243
U3Al19Ni5,23.0,35.772159393042
CeAl2BRu2,14.2,17.155311804837535
Ca0.75Mg0.75Mn0.75Al2Fe0.75Si3O12,8.0,29.53466977531049
CeAl2,3.7875,8.261396488663166
CeAl2GaCu,1.9,8.112328206216521
Ce(AlGa)2,9.0,6.666391398543789
Ce(AlPd)2,2.75,6.76519453929261
CeAl2Pd5,3.5,6.792225253408903
Ce4AlPd12,2.2,5.740769812444842
MnAl2CoO7,31.0,38.974531525514095
Al2CoO4,7.9,40.727643560496674
PrAlCo,6.5,25.34852863753704
DyAl2Cu3,5.0,14.522414312040071
TbAl2Cu3,6.0,14.419257817923906
Dy(AlGe)2,8.0,11.945854235809396
Dy3(AlNi3)2,10.0,61.76282018703779
Er3Al2,9.0,18.0063986383628
La0.2Eu0.8Al2,14.0,20.81744873128055
EuAl2,24.0,22.66209926998691
Pr0.85Al2Fe0.3,13.0,17.79147078229968
Al2Fe,32.0,92.50912756504695
Al2FeO4,8.0,75.79186089734469
Nd3AlFe6,285.0,300.30122367377805
Pr3AlFe6,320.0,260.8123239753084
GdAl2Pd5,6.0,15.034943656961048
MnAl2O4,42.0,39.86041089813842
Mn2Al2Si3,71.0,89.41639595697032
Mn3Al2(SiO4)3,6.2,40.74184572624225
NdAl2Pd5,1.25,7.448506312379021
Pr0.85Al2Ni0.3,14.5,13.892111647519984
YbAl2Ni,4.8,10.541396298446935
TiAl2O3,3.0,44.67685671565679
SmAl2Pd5,1.7,8.833465263892672
Tm3Al2,3.0,9.849928319853435
Nd6Al2.26Co5Ge1.74,30.0,35.03678734936157
Pr6Al2.2Co5Ge1.8,25.0,23.264680467802776
U1Al2.4Ga0.6Pd2,14.1,37.71493630372242
Ce1Al2.55Ga0.45Pd2,1.61,6.496475253620257
Ce1Al2.5Ga0.5Cu1,2.2,5.4733917966664825
Pr6Al2.5Fe11.5,300.0,257.01900361303007
Eu2Al2.68Zn14.32,15.0,10.227862852313537
Ce1Al2.7Ga0.3Pd2,2.23,6.111860986528981
Er10Al2.7Co1.3,12.7,20.212508692299814
U1Al2.7Ga0.3Pd2,14.2,33.44410794646529
Tb1Al2.7Ge0.3,18.8,20.92800754883649
Gd14Al2.8Co3.2,36.0,64.30173288526254
Ho1Al2.8Ge0.2,5.93,9.950050541493118
Ce1Al2.9Cu1.1,2.5,6.876694730888746
Gd1Al2.9Ge0.1,24.0,27.859803690027938
Gd11Al4Co4Ni,105.0,116.58540877520059
Eu(Al10Cr)2,4.8,10.965521514822385
Gd(Al10Cr)2,3.9,12.344187645766663
Sm(Al10Cr)2,1.8,10.170015072977746
Eu(Al10V)2,4.8,8.606094323510511
Gd(Al10V)2,2.35,11.488800355172987
Mn3Al2Ni5,294.0,267.98283941704227
Pr(TiAl10)2,2.0,10.589162880143972
Sm(TiAl10)2,6.4,9.177612497210829
Sm(Al10V)2,2.9,8.421987693084473
Mn27Al23Ni50,292.0,283.0609733596834
Gd53Zr3(Al6Co5)4,96.0,92.23840652036029
MnAlNi2,295.0,279.6503376172097
Ce1Al3Cu0.8Au0.2,2.0,6.854975622523387
Ce1Al3Cu0.6Au0.4,1.6,6.047639952626168
Ce1Al3Cu0.4Au0.6,1.4,6.0595633168090375
Ce1Al3Cu0.2Au0.8,1.5,5.969087463037148
CeAl3Au,1.28,6.0138444414762935
Dy(AlC)3,49.0,15.723866258735875
Nd(AlC)3,55.0,15.631292068268534
Ce0.23Gd0.77Al3,20.0,21.872030271693884
Ce0.365Gd0.635Al3,20.0,21.175690907269324
Ce0.4U0.6Al3Pd2,5.0,13.139623754151359
CeAl3Cu,2.6,6.943549466961513
Ce1Al3Ni0.26Pd1.74,1.8,8.100312773208056
Ce1Al3Ni0.2Pd1.8,1.8,6.7887191529549495
CeAl3Pd,6.0,6.501957630592149
CeAl3Pd2,2.76,6.691582282683178
Er10Al3Co,13.3,22.27150175635753
Ho10Al3Co,23.8,33.358277381096315
Tm10Al3Co,7.4,15.469650193915502
Dy14(AlCo)3,38.0,41.46598549228999
Tb14(AlCo)3,63.0,47.349722652772044
NdAl3Cu,2.45,7.870498685841547
DyY5Al3Si,2.0,19.121893089121766
Dy14(AlNi)3,23.0,47.847479820480906
Dy2Al3Si2,8.4,16.6438807499469
Dy3Y3Al3Si,2.0,31.348314261281942
Dy6Al3Si,32.25,55.309273572799874
ErAl3,5.0,9.50538412770927
Er2Al3Si2,4.2,8.094755308711074
La6Al3Fe11,230.0,158.1962105864396
Nd6Al3Fe11,271.0,256.7197980227208
GdAl3,18.0,27.20228138484542
GdAl3Pd2,16.8,16.239467874474293
Gd14(AlNi)3,62.0,61.26680678256438
HoAl3,12.4,10.8716914530079
Ho2Al3Si2,7.8,10.728830037965684
NdAl3Pd2,7.1,7.770736183324564
UAl3Ni2,5.2,77.12885973591604
Tb14(AlNi)3,43.0,61.488093717722585
PrAl3Pd2,1.5,6.605408200561039
SmAl3Pd2,12.0,9.465307117192035
UAl3Pd2,14.2363636363636,39.75389953148801
Tb2Al3Si2,15.8,20.41868710819639
Tm2Al3Si2,8.6,6.584859679320582
Ce1Al3.1Cu0.9,2.5,6.191036541022175
Ce1Al3.25Cu0.75,3.5,7.280523116898312
Ce1Al3.2Cu0.8,2.5,5.570630325488022
Eu1Al3.35Si0.65,13.0,15.590718091506465
La6Al3.5Fe10.5,115.0,190.30158620605832
Nd6Al3.5Fe10.5,253.5,254.21959172588328
Eu1Al3.68Ge0.32,11.0,15.475007059631713
Eu1Al3.82Cu0.18,16.0,16.731069933951307
Al3Fe7,80.0,131.0373950566203
DyAl4Ge2Au,11.0,8.799339275505686
GdAl4Ge2Au,17.8,14.120493047433962
TbAl4Ge2Au,13.9,10.525042597751941
Eu1Al4Ge1.2Au1.8,4.0,10.772014501797827
Ce1Al4Co0.95Cu0.05,13.5,11.660464555040392
Ce1Al4Co0.9Cu0.1,13.5,12.448367764219256
CeAl4Co,13.5,13.185133776695308
Gd2Al4CoGe2,22.6,22.545308060076902
NdAl4Co,2.8,14.113854651568412
PrAl4Co,24.6666666666667,10.283960537502667
DyAl4Ni,17.4,15.591588308387609
EuAl4,11.6,17.642123844213625
EuAl4Si2Rh,11.7,13.898240460410104
Gd2Al4FeGe2,15.3,42.01260014859378
La3Al2Fe5,145.0,156.96652865512755
Nd3Al2Fe5,225.0,212.05629386272625
Pr3Al2Fe5,175.0,185.72915162281228
GdAl4Ni,22.35,20.824604156708904
NdAl4Ni,9.5,9.9042791791487
PrAl4Ni,8.4,10.370235494029439
TbAl4Ni,31.0,18.788323103432006
PrAl4,12.0,8.344937177765066
Eu3Al4.32Zn17.68,10.0,10.913087389949306
Pr6Al4.5Fe9.5,135.0,172.04718576698866
Gd6Al41.69Fe1.3W4,13.0,22.29622783627547
Gd6Mn0.69Al42.31W4,14.0,18.943367445165748
Gd6Al43Cr4,15.95,20.747395619322262
Gd6Al43Mo4,15.0,15.37088788986265
Gd6Al43W4,15.0,17.26279707285986
Mn27Al22C,97.0,117.52457894184778
Mn27Al23C,90.0,133.9069477158243
CeAl5Ni2,2.6,16.889131758305535
Dy3Al5O12,2.515,10.321719872550563
YAl5Fe7,330.0,234.1282508658657
La6Al5Fe9,100.0,160.407708900352
Nd6Al5Fe9,150.0,186.22425529542957
Pr6Al5Fe9,115.0,150.6076705430141
Tb3Al5O12,1.425,10.468745076312242
CeAl,10.0,16.307982556437107
Gd30Al3Co13Ge4,74.0,124.84218848747133
Gd(AlCu)6,10.0,17.94098372966908
Y(AlFe)6,340.0,333.11813220034696
Gd(MnAl)6,36.0,179.0157145879668
K4Al3(SiO4)3,75.0,42.93698940973554
La(MnAl)6,4.0,180.7656182066443
Na4Al3(SiO4)3,49.0,50.03911609369802
Gd3Al6.3Zn4.7,26.3,17.99029959908097
U1Al6.8Ga1.1Fe4.1,195.0,143.26765220000036
Mn18.1Al69.8Pd12.1,11.0,94.80742477002329
LuAl7Fe5,80.0,193.5774180571243
UAl7Fe5,262.0,193.7595907217445
U1Al7.15Fe4.85,252.0,201.72505655262998
U1Al7.1Ga0.9Fe4,147.5,181.3578525314867
Nd1Mg0.8Al7.2Fe2,7.8,14.801394381273424
Pr1Mg0.8Al7.2Fe2,2.8,19.31926272801765
Sm1Mg0.8Al7.2Fe2,12.0,15.13297085352527
U1Al7.3Fe4.7,172.5,218.27654089868625
Ce1Al7.45Cu4.55,2.7,8.097755044640927
Ce1Al7.5Cu4.5,4.0,7.244903720183383
Lu1Al7.5Fe4.5,120.0,126.67809111045085
U1Al7.5Fe4.5,177.5,178.45007809598968
U1Al7.9Cu4.1,36.0,44.12870685181802
Ce0.3Sc0.7Al8Fe4,120.0,133.1644451061849
Ce0.5Sc0.5Al8Fe4,120.0,128.6312274309222
Ce0.7Sc0.3Al8Fe4,130.0,122.13657081085994
Ce0.9Sc0.1Al8Fe4,120.0,131.14621859732245
Ce(Al2Cu)4,6.0,9.312812824442279
Ce(Al2Fe)4,147.5,133.39054675873874
Ce1.33Al8Pd3,2.3,7.461606672360019
Ce25Y25(Al4Cu21)2,17.5,24.484916657318763
Pr(Al4Co)2,5.0,12.636083712587604
GdAl8CrFe3,5.0,119.28259600272052
Gd(Al2Cr)4,6.875,49.901325724594216
Gd(Al2Cu)4,35.0,10.931722428910028
Ho(Al2Cu)4,5.5,11.098566540702352
Dy(MnAl2)4,3.5,10.725653821149008
Er(Al2Fe)4,157.5,120.46729213104464
Sc1.1Al8Fe3.9,230.0,148.35117369816805
La(Al2Fe)4,135.0,146.6794103617298
Lu(Al2Fe)4,120.0,145.9659712040475
Sc(Al2Fe)4,198.333333333333,161.7126195797495
U(Al2Fe)4,156.0,171.9954893579928
Y(Al2Fe)4,180.0,143.1742345492609
Yb(Al2Fe)4,145.0,117.75767447149343
Gd(MnAl2)4,2.0,38.94935025822966
Ho(MnAl2)4,2.0,16.621576498468986
La(MnAl2)4,5.0,40.88064548529576
Sm(MnAl2)4,9.2,33.56619062433793
Tb(MnAl2)4,6.6,7.278883843218148
Gd1Al8.5Cr3.5,6.5,28.810287843437717
Tb1Al8.5Fe3.5,105.0,92.71446597453529
Ce2Al9CoRh2,11.0,13.551239550233735
Gd2(Al3Co)3,43.55,28.17080475933501
Nd2(Al3Co)3,3.0,13.92726830993611
Pr2(Al3Co)3,37.0,11.123250733580452
Sm2(Al3Co)3,6.0,14.649680287993261
Tb2(Al3Co)3,57.5,23.31031403641675
Yb2(Al3Co)3,1.16,13.429579009049553
Er(Al3Ni)3,8.5,14.859782765939507
Gd2(Al3Rh)3,8.85,19.189822062180916
Yb(Al3Ni)3,3.4,13.447739136874942
Co2As0.1P0.9H1O5,64.1,37.43780258623244
Co2As0.25P0.75H1O5,56.2,34.25527358733352
Fe1As0.2P0.8H4N1O3.2F1,70.0,60.45996459470326
U1As0.35P0.65,120.0,115.21174286897904
U1As0.3P0.7,116.0,113.95584475477077
Fe1As0.4P0.6H4N1O4F1,70.0,63.155674012327296
Co2As0.5P0.5H1O5,44.1,35.1760864051561
Mn1.3Fe0.7As0.5P0.5,90.0,203.5870533203698
U1As0.69Se0.31,135.0,117.53014133756268
Cr1Sb0.4As0.6,300.0,379.58500565998406
Co2As0.75P0.25H1O5,20.2,32.41703591657549
U1As0.75Se0.25,126.0,121.66863438178872
Fe1As0.7P0.3H4N1O4F1,70.0,59.597556877126024
Fe1As0.7P0.3O4,50.0,92.09760199849111
Ce1Fe1As0.85P0.15O0.95F0.05,2.8,101.13398684418841
U1As0.85Se0.15,120.0,122.58291459338132
Cr1As0.95P0.05,253.0,170.42643527784514
Mn1As0.95P0.05,240.0,194.31712995872292
U1As0.95Se0.05,121.5,121.10605361462731
Cr1As0.97P0.03,110.0,280.12000190908884
Mn1As0.97P0.03,205.0,197.21012454515264
Mn0.99Cu1.02As0.99,507.0,349.0796078661168
Co2As0.9P0.1H1O5,18.6,32.66479539444122
BaMnAsF,338.0,116.16093385414523
CaFeAsF,118.0,136.81868807374173
CaFeAs,113.0,149.47372514398117
CaFeAsH,113.0,111.18170495157072
CeAs,7.7,9.688920224407818
Ce1Fe1As1O0.95F0.05,2.8,113.61074262638552
CeFeAsO,140.0,90.62493789910006
Co1.7Cu0.3As1H1O5,20.0,35.16308238063587
Co2AsHO5,21.0,31.798989501680136
Mn0.7Cr0.3As1,190.0,246.7553500379998
Mn0.3Cr0.7As1,263.0,257.1936626068913
CrAs,361.5,187.55037461231765
MnCrAs,405.0,308.468969596999
CrAsRh,165.0,199.59363565858925
Cr2As,423.5,344.3740999280951
Mn1Cu0.95As1,360.0,402.96637980116657
Mn0.96Cu0.98As1,320.0,332.2908403925362
EuCuAs,14.0,17.83848103985734
MnCuAs,400.0,382.1218425184335
DyAs,8.5,22.746276293703588
DyAsO4,2.47,23.997883853580433
ErAs,3.265,11.338357074208764
EuFeAsF,153.0,212.33926631078955
EuMnAsF,3.0,82.82506300926048
Gd1Fe1As1O0.91F0.09,3.5,188.90983668900475
La1Fe1As1O0.9F0.1,140.0,56.49819380387055
Sm1Fe1As1O0.8F0.2,140.0,129.79906761769797
SrFeAsF,173.0,179.1006729238203
Fe2AsO4F,22.6,257.1097224812646
Mn0.825Fe0.175As1,140.0,227.21301199571553
FeAs,77.0,289.7404275486753
Fe1As1H2O5.2,16.0,41.04752348785844
LaFeAsO,138.5,114.4728964305464
MnFeAs,460.666666666667,245.2565661735578
NdFeAsO,141.0,159.11981942641304
PrFeAsO,131.5,138.58161760103297
SmFeAsO,150.0,159.69627067825792
Fe2As,356.285714285714,154.45641363199604
Fe3AsH6PbSO14,45.0,44.06097106301529
GdAs,20.9,58.35775562337424
GdAsRuO,5.0,23.084352953811642
HoAs,5.03333333333333,19.248694310698294
InAs,65.0,76.37985058840002
LaMnAsO,360.0,247.02410799812472
MnAs,2.0,269.57705817731903
NaMnAsO4,36.0,37.2675978926112
MnNiAs,175.0,322.5655321143496
Mn1As1Ru0.9Rh0.1,230.0,224.7455537749214
Mn1As1Ru0.8Rh0.2,220.0,226.26405805356055
Mn1As1Ru0.7Rh0.3,213.0,228.71951816500106
Mn1As1Ru0.6Rh0.4,227.0,229.1463772117616
Mn1As1Ru0.5Rh0.5,232.0,231.38204716753074
Mn1As1Ru0.4Rh0.6,237.0,231.77091332924823
Mn1As1Ru0.2Rh0.8,250.0,235.4910025205423
Mn1As1Ru0.1Rh0.9,240.0,241.70879439816872
MnAsRh,226.5,223.8778807323152
Mn2As,573.0,257.6522756170329
NdAs,12.5,18.976515388736395
NdAsRuO,2.0,16.936466359626426
NpAs,175.0,118.4334582213134
SmAsRuO,4.5,18.725207800808807
U0.6As1Se0.4,134.0,92.47136514269458
UAsSe,132.0,107.92383395116691
TbAs,9.83333333333333,30.808896139252766
UAs,125.738,158.83216735236073
Gd6(Ni3As2)5,24.0,43.982615465856846
Sm6(Ni3As2)5,15.0,29.142927939534175
Pr(As3Os)4,2.29,17.52605845509273
CeAs2Au,4.0,6.325073792607424
NdAs2Au,3.4,8.422262179115572
SmAs2Au,12.4,11.543106567261695
Ba(FeAs)2,138.75,201.65631557930618
BaNi2(AsO4)2,18.65,30.664016596365208
Ca0.27Eu0.73Fe1.74Co0.26As2,11.0,49.66404740775579
Ca0.43Eu0.57Fe2As2,12.0,75.52378869182282
Ca1Co1.8As2,18.0,81.50191325851176
Ca(CoAs)2,80.0,61.83017674143589
Ca(FeAs)2,170.4,150.60069142527905
Ce(NiAs)2,5.2,41.25988595945235
Ce(AsRu)2,4.3,21.287903816871733
Eu1Fe0.95Co0.05As2,40.0,54.4387020296216
Eu1Fe0.87Co0.13As2,40.0,43.91230963651031
Eu1Fe0.9Co0.1As2,40.0,46.301089592179245
Mn3CuAs2,550.0,267.91474770897946
La0.15Eu0.85Fe2As2,16.0,74.86990483021326
Eu1Fe0.97Ni0.03As2,56.6,49.539758638942196
EuFeAs2,106.2,102.6724386669864
Eu(FeAs)2,103.25,70.34814416669953
Eu(NiAs)2,14.0,26.609096730723348
Eu(SnAs)2,24.0,14.1408785211916
Sr(FeAs)2,209.5,156.87496751158676
Mn2As2O5,14.3,54.61375211560886
Mn2ZnAs2,156.5,233.71248666444671
Mn2.23Zn0.77As2,225.0,230.8657507852913
Mn2.33Zn0.67As2,235.0,229.09456612117455
Mn3As2,225.0,347.7130158313117
Ni(AsO2)2,53.5,27.715499769286108
Pr(NiAs)2,11.0,18.11625890228258
NpAs2,116.0,159.37644556406562
UAs2,279.666666666667,135.0612005307625
TbCo5As3,57.5,54.42511850685185
Mn4Cu2As3,315.0,368.29135820688396
EuAs3,11.0,17.514100151691064
Li3Fe2(AsO4)3,36.0,27.682887757510997
KFe4As3H20O13,6.0,51.551770417843045
Eu20Ni42As31,5.0,52.20990229719107
U2Cu4As5,190.0,58.74736933678747
Sm3Ni7As5,18.0,22.765502884455476
Eu5(InAs3)2,17.8,17.18487248402465
Yb4As6Ru7,2.5,17.10482666068791
Er1In1Ni0.8Au0.2,5.0,10.521050644418606
Er1In1Ni0.7Au0.3,5.8,9.844245714928368
Er1In1Ni0.6Au0.4,6.8,9.221348859782829
Er1In1Ni0.5Au0.5,7.0,10.898870016043638
Nd1B2Pt1.5Au0.6C1,1.5,10.457046856797833
Er1In1Ni0.4Au0.6,6.8,10.55559250834724
Cr0.235Au0.765,300.0,274.82719866101525
Er1In1Ni0.3Au0.7,6.9,8.722668861003513
Cr0.184Au0.816,230.0,272.92460505883963
Cr0.157Au0.843,183.0,201.0321651598623
Cr0.2Au0.8,335.0,293.5424360113836
Er1In1Ni0.2Au0.8,5.7,7.879517212256506
Fe0.08Au0.92,28.0,107.68970140729097
Fe0.02Au0.98,14.0,82.02587127970502
Cr0.1Au0.9,102.0,91.57082241088635
Er1In1Ni0.1Au0.9,4.6,9.22963492250771
CeBi2Au,13.6,7.564377019050274
NdBi2Au,2.6,8.09158454966674
PrBi2Au,7.4,7.901160052486181
SmBi2Au,7.8,11.06733984444026
GdCdAu,66.5,39.17077230282436
CeInAu,5.85,6.244331565397453
CeSbAu,4.2,6.327665917588572
CeSb2Au,5.0,6.298408991609188
CeSnAu,4.0,6.05768569322679
CrTe4Au,255.0,101.13519975803379
GdCu4Au,10.9,23.010225457723188
NdCu4Au,3.9,16.186056523069634
DyAu,24.0,40.865262761424084
DyGeAu,5.25,14.258572210523912
DyInAu,11.0,13.585153203859273
DySnAu,7.65,13.119171161804513
ErAu,16.0,16.861712267554978
ErGeAu,4.2,7.079169987262206
ErInAu,3.0,7.103833435390627
ErSnAu,1.3,7.057781785058012
EuInAu,21.0,15.711285476003962
NdGaAu,8.9,9.398264034623862
GdAu,37.75,66.35392458038723
GdGeAu,17.0,26.698590091878756
GdMgAu,81.1,38.82161008955944
GdSnAu,29.5,26.892177752917
HoGeAu,6.0,9.93207287115489
NdGeAu,8.8,10.64238799913378
TbGeAu,6.8,21.567978769956664
YbGeAu,2.35,8.0943742712986
HoAu,11.5,24.00803473292218
HoInAu,4.65,9.678703462890656
HoSnAu,9.0,8.947954526265471
NdInAu,2.4,9.54744992515807
TbInAu,35.0,23.681733269044116
MnAu,502.0,622.6163604718612
Mn2Au,1000.0,468.39361805775013
NdPbAu,12.6,11.034840556394807
NdSnAu,10.5,9.392402312184416
TbSnAu,15.0,21.724965732519884
USnAu,35.0,31.553676472505924
TbAu,45.25,58.63983069120642
TmAu,13.5,14.054617802544659
Ce(GeAu)2,14.8333333333333,6.116004732143012
Ce(SiAu)2,8.51428571428571,6.57177970450046
DyAu2,30.5666666666667,18.32776513312539
DyInAu2,6.0,11.225910204682993
Dy(SiAu)2,7.5,9.222727365202749
ErAu2,6.65,15.831046382160224
EuAu2,8.5,29.720790489763562
Mn0.95Fe0.05Au2,150.0,365.7835330488664
GdAu2,49.4,38.233819772160864
GdInAu2,11.5,18.952187732252256
Gd(SiAu)2,12.425,16.507649199035093
Nd(GeAu)2,4.5,7.112581035349256
Pr(GeAu)2,9.0,6.952039247814564
HoAu2,9.1,16.531108006157808
HoInAu2,2.6,9.126116716412165
Mn1.75In0.25Au2,403.0,491.96643431839317
Mn1.25In0.75Au2,233.0,234.5948862436904
MnInAu2,233.0,162.42883257766593
TbInAu2,8.2,13.413033052901364
MnAu2,363.4,379.1455664035319
Sm(SiAu)2,15.9,11.5089587729733
Tb(SiAu)2,22.575,13.00157772590822
USnAu2,13.0,25.63246623895813
TbAu2,50.0,26.772113848032955
TmAu2,3.275,21.12334910843415
YbAu2,1.7,39.14698505959307
Eu2In4Au3,9.5,13.728973709127407
MnAu3,140.0,293.76898184492927
Mn0.15Cr0.85Au4,340.0,268.09229809821335
Mn0.2Cr0.8Au4,250.0,330.5034090747175
CrAu4,380.0,308.5876823781134
U3(SnAu2)2,16.0,30.0762107915778
Mn51.9Au48.1,500.0,603.1557457541466
EuAu5,14.0,38.571434964291505
Mn2Au5,351.333333333333,205.31711463641838
U14Au51,22.0,40.4895968850561
Eu1Ti0.9375B0.0625O3,4.5,21.43337692600404
Eu1Ti0.875B0.125O3,5.0,20.928309158764744
Eu1Ti0.8125B0.1875O3,5.0,19.788576986843406
Gd1B0.25Pd3C0.75,15.0,15.824571330270784
Eu1Ti0.75B0.25O3,5.0,25.85824761457419
Gd1B0.25Pd3,10.0,18.128353877350445
Gd1B0.5Pd3C0.5,12.0,15.608737477011916
Gd1B0.5Pd3,5.0,15.64415253631723
Gd5Si3B0.6,67.0,82.53481256819316
Tb5Si3B0.6,67.0,70.52605072663954
Gd1B0.75Pd3C0.25,7.0,15.206430464090845
Gd1B0.75Pd3,8.0,14.090964792131714
BHCO2F,283.0,61.543770148034184
GdNiBC,14.0,26.417815400542338
CeBPt4,2.4,7.2095256419165255
Ce35Fe56.5B1,165.0,181.8186276279113
UCoNi3B,5.0,85.29529303606034
Nb0.33Co1.67B1O4,27.0,43.85032134632488
Mn1.3Co1.7B1O5,41.0,74.483324435512
Cr0.5Co2.5B1O5,76.0,77.77232254002824
Co2.88Cu0.12B1O5,43.0,63.03471024531722
Co3B(OF)3,9.5,44.08247275423785
Co3BO5,42.0,97.81287957716336
CrNi2BO5,140.0,69.36585898456772
CrBO3,15.0,66.49920127155949
CrBPbO4,8.0,33.533349548074035
FeCu2BO5,32.0,66.15062779341004
Mn0.83Ga0.17Cu2B1O5,19.75,38.41868788784466
Mn0.75Ga0.25Cu2B1O5,18.85,33.12658751913465
GaCu2BO5,4.45,24.349947849828023
MnCu2BO5,92.0,31.532982999532344
Dy5Si3B,69.0,40.69852368573017
Er2Fe14B,320.0,170.9692323330709
Er5Si3B,25.0,13.029423873586442
Fe1B1H1.66O0.33F3,105.0,67.78779255593875
Ni3B(OF)3,21.0,53.38744495024745
Mn1.7Fe0.3B1O4,11.3,31.464321357820477
Mn1.5Fe0.5B1O4,14.6,33.479203445051596
Ga0.26Fe0.74B1O3,250.0,104.11102534091157
Mn1.3Fe0.7B1O4,16.9,62.704090548513584
Ga0.05Fe0.95B1O3,340.0,228.8323037204673
Mg2FeBO5,8.0,59.56530523800104
FeNi2BO5,51.0,148.93945598528168
FeBO3,348.058333333333,114.92502668666849
FeBPbO4,114.666666666667,77.26286163206264
Ho2Fe14B,58.0,289.65617442313066
Nd2Fe14B,142.0,345.94107668154606
Tm2Fe14B,312.0,208.88803972141858
Yb2Fe14B,115.0,234.9861089618585
MnFe2BO5,59.5,197.62259661839514
Fe2B(PO4)3,30.45,43.402350605993426
Fe2BO4,155.0,198.55584391319928
Fe3BO5,101.5,340.3427665095963
GdBPd3,8.0,15.880595315709288
Mg0.5Mn1.5B1O4,16.0,43.458304701512574
Mg0.6Mn1.4B1O4,14.0,37.92008812976192
Mg0.7Mn1.3B1O4,13.0,42.82689500489567
Mn0.86Ni2.14B1O5,100.0,76.44586058252595
MnNi2BO5,85.0,75.65236048257461
Mn1.2Ni1.8B1O5,92.0,72.8205307515982
Mn2B,43.0,330.7325126913816
Mn2BO4,26.0,45.84302477058097
Mn2.5Ni0.5B1O5,81.0,54.14895159951963
NdBPt3,7.0,13.483657371386622
UNi4B,20.3333333333333,87.04197007705415
PrBPt3,15.0,11.170919572728817
UBRh3,9.5,29.5829292574564
Ho1Si0.6B1.4,12.0,14.122611890213262
Gd1Ni2.1B1.9C1,20.0,20.25536567522074
Gd1Ni2B1.9C1.1,20.0,18.685510419755797
Fe7Co69(Si7B5)2,440.15,160.28655853100184
DyB12,16.5,10.856249108355835
ErB12,6.675,7.973584987491439
HoB12,7.4,10.020072204935827
TmB12,3.275,10.400186627437444
HoB17CN,29.0,14.958528301325579
GdSi5B18,3.2,11.319641594982421
Gd1Ni2.1B2C0.9,20.0,20.88220183303689
Gd1Ni1.9B2C1.05,20.0,18.563366660983252
Tb1Co0.2Ni1.8B2C1,10.2,14.247916291094857
Tb1Co0.4Ni1.6B2C1,7.65,14.810242962089553
Tb1Co0.6Ni1.4B2C1,7.6,17.084528258763523
DyCo2B2C,7.8,19.654671603424045
Pr0.91Dy0.09Ni2B2C1,14.2,12.714340196997265
Dy0.1Ho0.9Ni2B2C1,5.6,10.801708667270459
Pr0.75Dy0.25Ni2B2C1,4.5,13.779054888658136
Dy0.2Ho0.8Ni2B2C1,6.2,10.36923137105475
Dy0.3Ho0.7Ni2B2C1,6.6,10.617640936641232
Dy0.4Ho0.6Ni2B2C1,7.3,10.792515700907563
Pr0.5Dy0.5Ni2B2C1,5.0,13.780490973405113
Dy0.6Ho0.4Ni2B2C1,8.2,11.143067443771804
Dy0.9Tm0.1Ni2B2C1,9.2,13.53603243434893
DyNi2B2C,12.2,13.321995655633692
DyB2Rh2C,5.0,14.275920153080847
Tb0.3Er0.7Ni2B2C1,6.5,10.490660897019366
ErB2C,16.0,10.005829777735208
Er1Fe0.04Ni1.96B2C1,5.9,9.773678176640285
Er1Fe0.1Ni1.9B2C1,4.0,11.177142181383326
ErNi2B2C,6.06,9.734047937947599
GdNi2B2C,20.0,20.227091060618246
GdB2Rh2C,14.0,18.835846055704934
HoNi2B2C,5.13,10.952244114428893
HoB2Rh2C,4.5,12.460972138477075
NdB2Rh2C,2.2,13.23142918959369
PrNi2B2C,9.5,15.318325982580832
SmNi2B2C,10.2,17.53808909997645
Tb0.3Y0.7Ni2B2C1,3.6,26.12974136052413
Tb0.47Y0.53Ni2B2C1,6.1,14.660655612807124
Tb0.4Y0.6Ni2B2C1,5.5,17.476056596654008
TbNi2B2C,15.04,14.824168437725554
TmNi2B2C,1.5,12.030046956132855
UNi2B2C,218.0,59.61934425175125
SmB2Rh2C,2.6,14.549671722664407
TmB2C,11.5,9.116088731254088
Ce(BC)2,7.2,21.921635868220246
Dy0.4Y0.6B2C2,4.5,11.66970676517123
Gd0.2Dy0.8B2C2,19.5,16.64591077304848
Gd0.1Dy0.9B2C2,17.5,16.939989142774714
Dy(BC)2,15.3,16.205994692201955
Er(BC)2,15.2,9.57527247398963
Tb0.9Gd0.1B2C2,21.7,19.83919222105131
Tb0.8Gd0.2B2C2,24.1,19.06523569977796
Ho(BC)2,5.9,13.493462754366966
Sm(BC)2,44.0,13.744763641905191
Tb(BC)2,21.7,18.354295643584084
La0.6Gd0.4B2C6,7.0,14.699884349702582
La0.4Gd0.6B2C6,13.0,14.788853573522392
Gd5(BC3)2,26.0,38.46991517101081
CdCu2(BO3)2,9.8,28.34684736943145
Y3Co(Ni6B)2,94.0,103.50629957202646
Sr2Co(BO3)2,30.0,37.90584078544771
Tb1Co1.8B2,19.0,26.55391106619691
Tb1Co1.92B2,13.0,22.056846025868634
Ho1Co1.96B2,8.5,21.29853503736685
Dy(CoB)2,9.3,18.76733351635533
Er(CoB)2,3.3,22.0073451951217
Gd(CoB)2,25.0,36.04796046823667
Tb(CoB)2,15.0,21.751232214605672
DyCo3B2,28.0,47.49911264032731
GdCo3B2,50.5,51.34691526221863
Co3(BO3)2,33.5,45.18098584833484
SmCo3B2,47.0,56.47503694695331
TbCo3B2,54.0,35.928009554931904
HfCo5(BO5)2,72.0,66.68298759068847
Co5Sn(BO5)2,82.0,43.43643446028684
ZrCo5(BO5)2,71.0,59.307306501897074
V0.25Cr0.75B2,10.0,44.06717771691617
V0.2Cr0.8B2,15.0,39.61376993552753
V0.1Cr0.9B2,48.0,52.25021082021775
CrB2,86.3333333333333,112.25544303388826
Cu(BO2)2,20.0,41.37638524883056
Cu2Ni(BO3)2,15.0,36.2419521169635
Cu3(BO3)2,10.0,36.0225486487324
DyB2P2H5(NO3)3,4.0,9.195463698375757
ErB2P2H5(NO3)3,4.0,11.239636131299417
Fe2B2O5,70.0,244.86583865528675
UFe3B2,268.0,190.27270003676836
Na2Gd2B2O7,2.45,18.25029899409769
Ni5Ge(BO5)2,87.0,45.52400669694734
Y3Ni13B2,68.0,105.19541459333857
Ni3(BO3)2,49.0,48.68613655479601
Ta0.67Ni5.33B2O10,165.0,53.837170620356105
YbB2,5.5,11.73462112326578
Gd1Ni2B2.1C0.9,20.0,19.252761838733477
Gd1Ni1.9B2.1C1,20.0,19.9138159284946
Nd1B2.4Pt2.1C1.2,1.5,8.561796265662785
LaNiB3O7,19.0,31.667434220810527
SmFe3Bi(BO3)4,32.0,68.34279755705762
Cu5Bi2(B2O7)2,24.5,28.964393257582184
CeFe3(BO3)4,28.0,28.773391790894014
CoB4O7,5.0,41.79878828906162
Nd0.9Dy0.1Fe3B4O12,31.0,31.555126484625077
Nd0.75Dy0.25Fe3B4O12,31.0,31.97519855673986
DyB4,16.75,15.720191259126095
DyFe3(BO3)4,30.0,42.805625914976495
Dy(BRu)4,2.65,10.470789816280373
ErB4,15.45,9.571438132417066
ErFe3(BO3)4,38.5,35.15404502400372
Er(BRu)4,2.16,11.154280605357728
EuFe3(BO3)4,32.0,34.09791516063154
Gd1Ga0.3Fe2.7B4O12,15.0,46.31441151698552
Nd0.5Gd0.5Fe3B4O12,32.0,32.896684454662314
Gd0.5Y0.5Fe3B4O12,37.0,42.80346018938716
GdFe3(BO3)4,28.0,38.853176555534354
Nd0.25Ho0.75Fe3B4O12,32.0,35.96549487477332
Nd0.22Ho0.78Fe3B4O12,38.0,34.19651412195871
HoFe3(BO3)4,31.8,38.71778621530123
LaFe3(BO3)4,22.0,38.923077049894864
NdFe3(BO3)4,31.6666666666667,32.816270879964144
Pr0.25Y0.75Fe3B4O12,33.7,36.040613813791644
Pr0.45Y0.55Fe3B4O12,33.7,34.41084917287993
Pr0.67Y0.33Fe3B4O12,30.4,33.29783129726801
PrFe3(BO3)4,32.25,29.50615556661093
SmFe3(BO3)4,32.0,32.60267953083893
TbFe3(BO3)4,38.33333333333329,30.21981645834332
TmFe3(BO3)4,24.0,40.30599279306315
YFe3(BO3)4,38.473333333333294,37.23122633108365
GdB4,42.0,23.74208895596921
Gd(BRu)4,4.55,20.644933814348462
HoB4,6.35,11.682216427065006
Ho(BRh)4,1.62,11.185446339354682
Ho(BRu)4,2.58,10.535183741887874
Mn2.94Ni0.06B4,370.0,292.80633164215703
Mn3B4,343.666666666667,281.9607959156772
Nd(BRh)4,1.31,12.804800337188128
Nd(BRu)4,1.62,14.043819029814095
NpB4,52.5,74.54002320713886
YbB4Rh,3.5,9.689142159439784
Tb(BRu)4,4.3,12.17537094093572
TbB4,34.0,17.88412109628695
TmB4,10.675,7.563941352529503
Dy1Si0.08B4.2Rh3.9,2.7,13.487829722192618
Gd1Si1.2B41,4.0,13.715447393311608
Tb1Si1.2B41,14.5,14.139911447198816
Tb11(SiB22)2,16.4,19.71625510825028
DyB50,6.15,15.300586986912009
TbB50,17.5,14.238925958369787
Pr15(B3C10)2,8.0,25.871462626180858
Ca0.4Eu0.6B6,4.6,13.29902070848671
Ce0.7Pr0.3B6,4.1,8.797434722330827
CeB6,3.2,10.017106186767482
DyB6,26.2666666666667,11.83377182894497
Sr6LaFe(BO3)6,3.0,17.311453163662524
Sr6LuFe(BO3)6,3.0,12.02089050758745
Sr6NdFe(BO3)6,3.0,7.927418471516071
Sr6PrFe(BO3)6,3.0,8.665596719103142
Sr6SmFe(BO3)6,3.0,7.915234827254312
Sr6YbFe(BO3)6,3.0,7.584473501184337
La(Fe2B)6,35.6666666666667,217.75270432047154
GdB6,16.3333333333333,19.71715793057195
HoB6,5.5,10.712186664708806
Mn3(Ni10B3)2,285.0,190.5512783952979
NdB6,8.48333333333333,9.251131467080775
PrB6,6.94,10.036402184435206
SmB6,5.21666666666667,11.812699416029677
TbB6,20.8333333333333,14.408265418510286
Co3B7BrO13,20.0,23.145355519363054
Cr3B7BrO13,50.0,48.15712168236398
Cu3B7BrO13,24.0,41.756035225217225
Fe3B7BrO13,15.0,37.88418513014247
Ni3B7BrO13,21.0,24.701739489505123
Co3B7ClO13,15.0,29.632661674638015
Cr3B7ClO13,25.0,50.660994068659456
Cu3B7ClO13,20.0,25.212303918366633
Fe3B7ClO13,11.5,27.31519508552168
Mn3B7ClO13,10.0,26.49097558626021
Ni3B7ClO13,15.0,19.997650340014815
Co3B7IO13,38.0,46.35233405800194
Cr3B7IO13,92.5,35.56706909876011
Fe3B7IO13,30.0,20.120983319609067
Nd15Fe78B7,473.0,310.74100821845025
Ni3B7IO13,120.0,27.800635152423958
Dy5(SiB4)2,28.0,22.601521098056924
Gd5(SiB4)2,44.0,27.69798439501985
Tb5(SiB4)2,45.0,23.828572933926335
Nb6Fe65Ni20B9,25.0,169.84071739997526
Ba0.03Fe1Cu0.97O2,13.55,95.77592103291391
Ba0.05Pr0.075Fe1Bi0.875O3,623.15,637.0609148948004
Ba0.05Sr0.45Pr0.5Mn1O3,150.0,148.2578081165009
Ba0.07Ca0.13Fe1Bi0.8O3,699.0,661.1725129929193
Ba0.125La1.875Cu1O4,34.0,74.90149792330232
Ba0.13Ca0.07Fe1Bi0.8O3,704.0,683.341014991777
Ba0.14La0.7Mn1Pb0.56O3.03,45.0,74.3439233814267
Ba0.15Ti0.15Fe0.85Bi0.85O3,640.0,580.7704359205477
Ba0.15Fe1Bi0.85O3,646.45,649.6000008453154
Ba0.15Gd0.85Mn1O3,42.0,56.00316050413001
Ba0.16Ca0.04Fe1Bi0.8O3,707.0,682.465252826949
Ba0.18Gd0.82Mn1O3,42.0,66.8453990312164
Ba0.19Ca0.01Fe1Bi0.8O3,713.0,686.4251763717191
Ba0.1Pr0.15Fe1Bi0.75O3,623.15,671.7277390292827
Ba0.1Ca0.1Fe1Bi0.8O3,702.0,670.1041200073572
Ba0.1Ti0.1Fe0.81Co0.09Bi0.9O3,597.45,592.6910297625672
Ba0.1Fe0.9Co0.1Bi0.9O3,643.15,627.4610702579172
Ba0.1Ti0.1Mn0.09Fe0.81Bi0.9O3,608.85,569.4495800423393
Ba0.1Sc0.09Ti0.1Fe0.81Bi0.9O3,567.05,573.7190865181173
Ba0.1Mn0.1Fe0.9Bi0.9O3,598.15,594.1787110469727
Ba0.1Yb0.0025Ti0.0475Nb0.0025Fe1Bi0.9O3,298.15,616.7197526943615
Ba0.1Fe1Bi0.9O3,644.45,634.9652669328581
Ba0.1Gd0.9Co1O3,240.0,126.11397336480158
Ba0.1La0.7Mn1Pb0.9O3.03,45.0,56.453310898035085
Ba0.25Fe1Bi0.75O3,746.675,638.9793233366711
Ba0.25Sr1.75Er1Mo1O6,2.5,38.24923400127079
Ba0.25Nd0.75Mn0.5Fe0.5O2.97,241.0,222.21066111857274
Ba0.25Gd0.75Mn1O3,42.0,78.12248163326679
Ba0.25Sr0.25Sm0.5Ti1O3,48.64,65.77487303010332
Ba0.28La0.7Mn1Pb0.42O3.03,45.0,71.75716854914515
Ba0.2Yb0.005Ti0.19Nb0.005Fe0.8Bi0.8O3,298.15,539.4628665712196
Ba0.2Fe1Bi0.8O3,684.175,691.2589231269429
Ba0.2Ho0.8Cr1O3,142.0,152.60791946481734
Ba0.2Sr0.3Pr0.5Mn1O3,140.0,145.60713293344344
Ba0.3Yb0.0075Ti0.285Nb0.0075Fe0.7Bi0.7O3,298.15,382.57002130936564
Ba0.3Ho0.7Cr1O3,143.0,156.5322855444928
Ba0.3La0.7Mn1Pb0.7O3.03,45.0,57.022587464032185
Ba0.45Gd0.55Mn1O2.65,160.0,132.1327907209718
Ba0.45Gd0.55Mn1O3,160.0,102.7112967227906
Ba0.45Nd0.55Mn1O2.65,136.0,161.23319480171108
Ba0.49La0.7Mn1Pb0.21O3.03,45.0,94.79272098863822
Ba0.4Ti0.4Fe0.6Bi0.6O3,420.0,346.15357028971795
Ba0.4Ca0.03La0.57Co1O3,120.0,147.90627386904794
Ba0.4Ca0.04La0.56Co1O3,167.0,130.05891260329528
Ba0.4Ca0.05La0.55Co1O3,158.0,132.21594979719646
Ba0.4Ca0.075La0.525Co1O3,112.0,135.64927449118468
Ba0.4Ca0.15La0.45Co1O3,163.0,118.37926046913934
Ba0.4Ca0.1La0.5Co1O3,110.0,138.40884334305485
Ba0.4Sr0.4Ca0.4La0.4Y0.4Mn1Co1O6,150.0,85.07917117625534
Ba0.4Sr1.6Zn2Fe12O22,380.0,352.64900748337647
Ba0.4Sr0.6Mn1O3,256.333333333333,241.7535027912923
Ba0.5Ti2Fe6Cu1.5Bi0.333O15.5,165.0,464.21387560939735
Ba0.5La0.5Co0.9Cu0.1O3,95.0,121.29546898339444
Ba0.5La0.5Co0.9Ru0.1O3,170.0,114.02923518192017
Ba0.5La0.5Ti0.1Co0.9O3,110.0,117.85572936542522
Ba0.5La0.5Zn0.1Co0.9O3,97.0,117.34681588305422
Ba0.5Gd0.5Co1O2.9,230.0,202.27928215839512
Ba0.5Sr0.5Pr1Co2O5.243,52.0,172.24391044641592
Ba0.5Cr5S8,60.0,44.106947345039465
Ba0.5Sr1.5Zn2Fe12O22,323.25,394.5297370872486
Ba0.5La0.7Mn1Pb0.5O3.03,45.0,58.71315886538721
Ba0.5Sr0.5Mn1O3,264.0,242.5935806059994
Ba0.5Sm0.5Ti1O3,46.29,75.24439534611176
Ba0.6La0.7Mn1Pb0.4O3.03,45.0,63.15488087134918
Ba0.6Sr0.4Mn1O3,263.0,244.82414353945742
Ba0.7Sr0.3Mn1O3,264.0,252.75418500825964
Ba0.85Sr0.15Mn1O3,263.0,247.76427651524392
Ba0.875Sr0.125Mn1O3,263.0,249.74536649398883
Ba0.8Sr0.2Mn1O3,264.0,245.42842029445018
Ba0.94La0.06Nd1Co2O5.5,175.0,158.82728177182716
Ba0.95Sr0.05Gd0.1Ti1Fe0.9Bi1O6,643.0,223.75325657001085
Ba0.95Ca0.05Y1Co2O5.5,190.0,188.38075322932352
Ba0.95Sr0.05Mn1O3,231.0,243.6922187908417
Ba0.9Sr0.1Mn0.1Co0.9O2.97,42.0,102.63103918666536
Ba0.9Sr0.1Mn1O3,262.0,236.77050105856057
Ba(MnBi)2,400.0,129.31489893843369
BaCaFe2Co2O7,159.0,334.2387260460929
BaCaFeCo3O7,139.0,153.0393129565152
Ba1Ca1Fe0.2Co3.8O7,100.0,101.52368483814813
Ba1Ca1Co3.92Ni0.08O7,82.0,82.52473378824217
Ba1Ca1Co3.93Ni0.07O7,82.0,81.56165438742991
Ba1Ca1Fe0.05Co3.95O7,88.0,90.36162981852084
Ba1Ca1Co3.95Ni0.05O7,82.0,80.80859609050226
Ba1Ca1Co3.97Ni0.03O7,82.0,82.8376601183008
Ba1Ca1Co3.98Ni0.02O7,82.0,81.89309055924697
BaSr12Ca12(FeO2)4,475.0,156.67920759364446
BaCa4(CoN2)2,42.0,72.79032271002231
BaVCd(PO4)2,3.7,18.761120029387477
BaCe2MnS5,62.0,42.89591166016169
Ba1Ti0.91Co0.09O3,48.0,212.02734944079026
Ba1Y1Fe0.85Co0.15Cu1O5,200.0,218.3938597132585
Ba1Co0.5Ni0.5F4,118.0,113.1337243645779
Ba1Co0.5Ni1.5P2O8,13.0,21.353188928839913
Ba1Co0.5W0.5O3,17.0,38.078812185200086
Ba1Mn0.1Co0.9O3,15.0,144.202146638101
BaDy2CoO5,8.0,21.02402840697168
BaEr2CoO5,3.2,26.576725550473828
BaCoPO4F,11.0,49.94851390850454
BaCoF4,95.0,100.43567235028546
BaHo2CoO5,42.2,19.16812673509868
BaLu2CoO5,3.0,31.3219988464232
BaNd2CoO5,25.0,35.62333279782078
BaCoNi(PO4)2,14.0,25.75566336694293
BaCoO3,15.0,183.12887429085146
BaTb2CoO5,91.0,36.47867757866639
BaTm2CoO5,1.95,23.13967554217401
BaY2CoO5,1.6,46.4884646221724
BaYb2CoO5,9.4,29.965846097753595
Ba1Tb1Fe0.09Co1.91O5.5,300.0,172.52428111170224
Ba1Tb0.9Dy0.1Co2O5.5,100.0,259.049917852369
Ba1Dy1Co2O5.5,280.0,249.67196876812943
BaEuCo2O5,360.0,268.2481359460214
Ba1Eu1Co2O5.13,288.0,279.35368837402115
Ba1Eu1Co2O5.41,228.0,241.61638807642044
Ba1Eu1Co2O5.47,240.0,236.048910404889
Ba1Eu1Co2O5.5,258.5,228.89295297411053
Ba1Eu1Co2O5.58,226.0,226.1241319168538
Ba1Eu1Co2O5.67,218.0,215.3587129281271
Ba1Gd1Co2O5.45,220.0,226.02606377844455
Ba1Gd1Co2O5.5,228.333333333333,227.18567957282784
Ba1Ho1Co2O5.5,280.0,235.9393728656802
BaNdCo2O5,400.0,187.5800416894758
Ba1Nd1Co2O5.38,150.0,185.08104478298313
Ba1Nd1Co2O5.69,125.0,168.27798756926964
Ba1Y1Co2O5.37,160.0,198.02353768113846
Ba1Y1Co2O5.4,190.0,189.71628713510924
Ba1Tb1Co2O5.53,245.0,245.38164391656932
Ba1Sm1Co2O5.5,221.0,186.64356145699074
Ba1Tb1Co2O5.5,260.0,242.44694093480285
Ba1Y1Co2O5.5,268.0,177.40590274375205
Ba1Pr1Co2O5.74,120.0,166.35370219193152
Ba1Pr1Co2O5.75,175.0,131.02826305922426
BaV2(CoO4)2,6.0,47.68925477694966
BaErCo4O7,98.0,112.35238199374506
BaLuCo4O7,48.5,91.64781634675973
BaTmCo4O7,101.5,74.03427635347978
BaYCo4O7,82.0,82.3895272739595
BaYbCo4O7,75.0,100.91253503252068
BaCr2O4,39.05,123.68893997403025
CsBaFe3F12,55.0,77.40765200648518
BaDy2CuO5,11.5,18.12669511086472
BaEr2CuO5,7.8,12.221484136825133
BaEuFeCuO5,120.0,339.03609603152125
BaEu2CuO5,2.0,31.735464422828073
Ba1Y1Ga0.15Fe0.85Cu1O5,110.0,241.17673031056245
Ba1Y1Fe0.85Cu1Ni0.15O5,190.0,210.19507304417698
Ba1Y1Mn0.05Fe0.95Cu1O5,331.0,252.7281560975172
BaLuFeCuO5,485.0,221.03783691227014
BaYFeCuO5,306.5,300.95880129806585
BaGd2CuO5,11.95,33.64566499656591
BaHo2CuO5,2.0,16.615958037108665
BaLaCuOsO6,25.0,42.82746707016661
BaNd2CuO5,7.5,25.29302142980496
BaCuO,11.97,117.29325301512863
BaCuO2,15.0,175.62248212098106
BaPr2CuO5,20.0,20.131286526238274
BaSm2CuO5,2.0,31.379128286850808
BaTm2CuO5,10.5,13.66540907651196
BaY2CuO5,11.0,51.959340322186264
BaYb2CuO5,6.0,21.575303774087708
BaCu2(PO4)2,69.0,27.311108196994176
BaSrDyCu3O7,1.2,31.750403543555272
BaSrPrCu3O7,16.2,28.94292280251028
BaTiCu4P4O17,9.5,31.965641722358676
BaDy2PdO5,5.0,9.34223769364977
BaEr2NiO5,33.5,20.07758410880274
BaEr2ZnO5,2.7,11.555817447109234
BaEuFe2O5,420.0,472.7674694863454
BaFeO2F,645.0,297.37171784696426
BaFeF4,60.0,80.66087789705873
BaMnF4,26.0,71.3758074480892
BaNiF4,150.0,85.12705553086695
BaHo2F8,1.035,15.392370488914302
Ba1Ti0.98Fe0.02O3,640.0,71.35153146074572
Ba1Nb0.5Fe0.5O3,32.0,174.28574642155561
BaFeO3,160.0,466.41631041893464
BaFeO4,10.0,337.10718102802474
BaFe12O19,623.266666666667,581.3799651057434
Ba(FeO2)2,890.075,377.64856844254643
BaGd2NiO5,28.0,38.783710313537306
BaGd2PdO5,3.0,12.792406019839143
BaGd2ZnO5,2.7,13.307368276634083
Ba1Tb0.6In0.4H0.4O2.8,16.0,22.279858882502154
BaMnH2O3,2.4,70.98962599114917
BaHo2NiO5,49.0,31.679942966437785
BaHo2PdO5,4.7,12.476282548937274
BaLaMn2O6,200.0,211.73965654327912
BaLa2MnS5,58.5,42.75661949027451
Ba1Ti0.1Mn0.9O3,200.0,180.0448742701895
BaMnO3,204.5,224.73670070397048
BaPr2MnS5,64.5,31.38218366827597
BaNdMn2O6,257.5,186.52552164437105
BaPrMn2O6,262.0,197.1475918324367
BaSmMn2O6,175.0,139.8842800735811
BaTbMn2O6,111.0,129.0381350496458
BaYMn2O6,197.5,147.097863587864
Ba1Nd0.3Y1.7Ni1O5,13.0,37.106015741954444
BaNd2NiO5,47.66666666666671,32.17454390909451
BaNd2PdO5,2.4,19.89597135504305
Ba1Ni0.5W0.5O3,55.0,34.76513678176432
BaSm2NiO5,55.0,37.123290012296195
BaNi2(PO4)2,24.0,24.009937787846667
BaV2(NiO4)2,47.8,32.47675084769281
BaPrO3,11.6,25.465702168707207
BaTbO3,33.5,18.134992144649424
BaSm2PdO5,2.6,16.11392172439856
Ba1.2Sr0.8Pr1Cu3O7,18.8,28.32561120896806
Ba1.3La0.7Pr1Cu3O7.24,2.8,37.3641794581403
Ba1.4Sr0.6Pr1Cu3O7,20.6,23.097933823682254
Ba1.5La0.5Pr1Cu3O7.14,8.0,22.68522544936741
Ba1.6Sr0.4Pr1Cu3O7,19.8,24.75883216271119
Ba1.8La0.2Pr1Cu3O6.96,15.0,22.996915317414953
Ba1.8Sr0.2Pr1Cu3O7,18.8,22.451968911578337
Ba14MnBi11,15.0,38.86525671134333
Ba2.06Pr0.77Y0.23Cu2.94,11.0,19.68418791953986
Ba2FeBiS5,35.0,25.70678225898559
Ba2ScFe4BiPb2O13,350.0,422.96419301359623
Ba2CoC2(O3F)2,6.0,33.1731442765311
BaCoH4C3ClO6,15.4,28.65172407484065
Ba2Ca0.02Pr0.98Cu4O8,17.0,26.43669454426806
Ba2Ca0.05Pr0.95Cu4O8,17.0,26.048600702945592
Ba2CaOsO6,51.0,46.322019731875635
Ba2CaReO6,15.4,48.12084409900425
Ba2Ca4Cu5HgO8,60.0,106.26826887627932
Ba2Y1Co0.06Cu2.94O1,3.0,20.754948012659224
Ba2Y1Co0.2Cu2.8O1,3.0,14.425689834946768
Ba2Y1Co0.3Cu2.7O1,3.0,24.147285761180914
Ba2CoF6,250.0,113.61664587202023
Ba2CoReO6,40.5,38.2572560992338
Ba2CoTeO6,12.0,28.445287939223864
Ba2CoWO6,17.0,36.40067743386661
Ba2CrO4,3.5,120.38342322074887
Ba2GdCuO7,2.24,32.28143487721706
Ba2CuGe2O7,3.2,26.054122063013562
Ba2Lu2CuPtO8,5.2,36.78937336860912
Ba2Tl2CuO6,20.0,27.1642126854456
Ba2YCu2IrO,14.0,29.326901955321432
Ba2YCu2RhO,14.0,25.453138532346674
Ba2Y1Fe0.45Cu2.55O6,415.0,408.5174855646341
Ba2Y1Fe0.45Cu2.55O6.67,470.0,379.4882856834863
Ba2Y1Fe0.27Cu2.73O6,415.0,411.3812909668189
Ba2Y1Fe0.3Cu2.7O6.36,460.0,395.12180835441586
Ba2Li0.08Y1Cu2.89O6.18,150.0,251.33587288170625
Ba2Li0.09Y1Cu2.89O6.06,245.0,205.69921334698145
Ba2Y1Fe0.09Cu2.91O6,415.0,305.28874773687994
Ba2GdCu3O,2.24,43.620134803135244
Ba2Gd1Cu3O6.03,2.3,92.23349805984776
Ba2GdCu3O7,2.13333333333333,33.8607090194112
Ba2Y1Cu3H2.4O7.6,395.0,79.29014720605865
Ba2Pr(CuO2)3,10.0,54.34591952086548
Ba2Y1Cu3O6.18,368.0,313.4752616536871
Ba2Y1Cu3O6.1,410.0,290.79901396376573
Ba2Pr1Cu3O6.44,9.0,28.060358259934354
Ba2Pr1Cu3O6.4,9.5,25.050475329987876
Ba2Y1Cu3O6.5,310.0,225.85165166010236
Ba2Pr1Cu3O6.88,18.0,26.079518875147603
Ba2Pr1Cu3O6.9,14.5,22.203561698255516
Ba2Pr0.5Y0.5Cu3O7,13.7,85.81689262463583
Ba2PrCu3O7,17.0,26.483026370793027
Ba2Pr(CuO2)4,17.0,40.32799468162573
Ba2DyRuO6,47.0,43.01745422602414
Ba2EuMoO6,112.0,39.91433018032782
Ba2Mn2Se2OF2,101.0,111.73842468660783
Ba2NiF6,200.0,167.8867598386856
Ba2FeMoO6,351.0,184.66200590062286
Ba2FeSbO6,12.0,160.02502224987384
Ba2FeWO6,23.1333333333333,158.89254948157438
Ba2FeSbS5,13.0,29.222039412943655
Ba2Fe2MoWO6,24.7,327.60394361104653
Ba2Y1Fe3O7.76,660.0,648.8267496993589
Ba2Y1Fe3O7.86,660.0,655.8884399705225
Ba2Y1Fe3O7.94,660.0,655.6908142091889
Ba2Y1Fe3O8.08,660.0,655.5397893299254
Ba2Y1Fe3O8.11,660.0,652.416648600372
Ba2Y1Fe3O8.12,660.0,647.9635049761214
Ba2GdRuO6,48.0,48.51971391917361
Ba2InOsO6,28.0,41.786743936988074
Ba2Pr1Ir0.1Ru0.9O6,130.0,43.166493698422514
Ba2PrIrO6,71.0,57.50506407180522
Ba2MnMoO6,10.0,50.79477797924748
Ba2Mn3(SeO3)6,5.0,24.657736876068775
Ba2SmMoO6,130.0,41.93324992953195
Ba2NdOsO6,65.0,52.543482025646085
Ba2Ni(PO4)2,4.83333333333333,21.130894158443237
Ba2ScOsO6,93.0,38.47736325788744
Ba2YOsO6,69.0,43.670374078887924
Ba2SmRuO6,54.0,64.30144191623417
Ba2YRuO6,39.0,52.02662235655002
Ba2.15Fe4Sn1Pb2.85O13,368.0,355.55707129509653
Ba2.1Ti1Fe4Pb2.9O13,407.0,369.0412843208172
Ba3Nb2CoO9,1.36,27.04710051089726
Ba3Co3Te(PO7)2,21.0,36.23037119303187
Ba3Mn1.99Cr0.01O8,13.1,28.287047387844655
Ba3Mn1.96Cr0.04O8,16.6,24.26950096989598
Ba3Mn1.94Cr0.06O8,16.5,25.31944531051374
Ba3InIr2O9,1.6,63.67629667263557
Ba3ScIr2O9,10.0,42.33951051982939
Ba3MnMo2O9,9.0,30.516063546148015
Ba3MnNb2O9,3.2,37.70508751001901
Ba3MnSb2O9,10.2,19.960017664114332
Ba3Mn2O8,18.0,50.74521278269258
Ba3NaRu2O9,210.0,45.222295099818
Ba3Nb2NiO9,4.9,27.507592870555175
Ba4Dy2Cu7O15,1.25,115.86334227649016
Ba4Pr2Cu7O15,285.0,18.983456523264586
Ba4Mn3O10,78.0,132.19542591278955
Ba5Fe2CuF18,4.2,70.98928824398503
Ba5Fe3F18.8,4.2,52.44971512681654
Ba5Na2Ru3O14,29.0,70.94397719953898
Ba6MgMn4O15,7.0,59.46674700489902
Ba9(FeSe4)4,13.0,80.30414458572504
BeCr2O4,28.0,42.22803045775829
PuBe13,11.5,27.26283817516468
UBe13,8.8,32.7456552045725
Nd3Be2CrGe3O14,2.0,32.85711802377479
Tb2Be2Si0.75Ge0.25O7,2.88,7.644211439497429
Tb2Be2Si0.5Ge0.5O7,2.77,6.282079673007974
Tb2Be2Si0.25Ge0.75O7,2.64,7.128661447000333
Tb2Be2GeO7,2.5,7.812778056149123
Tb2Be2SiO7,3.1,8.05874945194769
Zn1Fe2Bi0.01O4,37.5,55.97547827785031
Ca0.98Mn7Bi0.02O12,90.0,86.50679334724741
Er0.97Fe1Bi0.03O3,638.0,472.95455302084207
Zn1Fe2Bi0.03O4,37.5,46.7797126865902
Ca0.5La0.45Mn1Bi0.05O3,156.0,137.3081780213766
Ca0.5La0.5Mn0.95Bi0.05O3,168.0,123.4768663501095
Ca0.95Mn7Bi0.05O12,90.0,88.05142165655835
Zn1Fe2Bi0.05O4,37.5,73.94816716887519
Ho1Ge1.77Bi0.08,13.0,12.133683665727043
Sm0.901Fe1Bi0.099O3,672.0,552.6296410746687
Dy1Ge1.76Bi0.09,16.0,17.524765598260593
Ca0.7Gd0.3Mn1O3,237.0,110.72093754581458
Tm1Ge1.89Bi0.11,5.0,7.214690701439407
Tb1Ge1.74Bi0.14,13.0,22.776635706199976
Er1Ge1.84Bi0.16,6.0,8.380131286895223
Ca0.4Pr0.5Mn1Bi0.1O3,144.0,128.93988646861126
Ca0.5La0.4Mn1Bi0.1O3,137.0,143.66986043641052
Ca0.9Mn7Bi0.1O12,90.0,86.42414028065555
Mn1Co1.9Bi0.1O4,166.0,162.39107462037097
La1.9Cr1Fe1Bi0.1O6,265.0,219.07673771519987
Dy0.9Mn1Bi0.1O3,39.0,50.423290220987944
La0.9Mn0.5Fe0.5Bi0.1O3,245.0,272.84064106127073
Nd0.9Mn0.5Fe0.5Bi0.1O3,240.0,293.9748248926577
Sm0.9Mn0.1Fe0.9Bi0.1O3,620.0,557.5282384344808
Y0.9Mn1Bi0.1O3,44.0,67.49855444846128
Mn1Bi0.1Pb1.9O4,16.2,19.731752044489767
Gd1Ge1.69Bi0.21,23.0,23.606384289452727
La0.75Cr0.1Fe0.9Bi0.25O3,700.0,474.5431351394048
La0.75Cr0.25Fe0.75Bi0.25O3,500.0,426.3245546125679
La0.75Cr0.5Fe0.5Bi0.25O3,350.0,278.1439071859097
La0.75Cr0.75Fe0.25Bi0.25O3,300.0,150.4185737117062
Sr0.4Pr0.35Mn1Bi0.25O3,209.0,156.32105665654936
Sr0.75Mn1Bi0.25O3,120.0,160.607192267364
Sm1Ge1.64Bi0.26,14.0,20.53346788813171
Nd1Ge1.62Bi0.28,5.0,12.637633212280797
Ca0.4Pr0.4Mn1Bi0.2O3,134.0,132.7055501284819
Ca0.7La0.1Mn1Bi0.2O3,17.0,136.15895006682615
Mn1Co1.8Bi0.2O4,171.0,141.69513324602318
La0.8Fe1Bi0.2O3,810.0,649.2360758576809
Sr0.4Pr0.4Mn1Bi0.2O3,174.0,165.28957838295054
Y0.8Mn1Bi0.2O3,44.0,61.63493911376799
Mn1Bi0.2Pb1.8O4,12.2,23.33975204118864
Pr1Ge1.63Bi0.31,10.0,9.688413065954865
Sr0.67Mn1Bi0.33O3,200.0,123.3481888931517
Sr0.3La0.35Mn1Bi0.35O3,270.0,174.19671174177896
Ca0.4Pr0.3Mn1Bi0.3O3,82.0,131.8892137198318
Ca0.7Mn1Bi0.3O3,82.0,125.2765429298585
Ca1.7Mn1Bi0.3O4,104.0,98.40867994958914
La0.7Mn0.5Fe0.5Bi0.3O3,241.0,254.63286412153695
Nd0.7Mn0.5Fe0.5Bi0.3O3,254.0,245.57896004467298
Sr0.33La0.37Mn1Bi0.3O3,269.0,171.59607443645908
Y0.7Mn1Bi0.3O3,44.0,62.695455145547136
Mn1Bi0.3Pb1.7O4,14.2,20.949286919335016
Ca0.4Pr0.2Mn1Bi0.4O3,127.0,127.52004265902465
Sr0.33La0.27Mn1Bi0.4O3,185.0,184.86118024788053
Sr0.3La0.3Mn1Bi0.4O3,192.0,180.91912841080375
Y0.6Mn1Bi0.4O3,44.0,57.465098196021366
Sr0.47Mn1Bi0.53O3,150.0,149.66484813641057
Ca0.45Mn1Bi0.55O3,132.8,126.00615790127262
Sr0.45Mn1Bi0.55O3,168.7,148.40856679807416
Sr0.4Ce0.03Fe1Bi0.57O3,530.0,636.7574713177468
Sr0.4La0.03Fe1Bi0.57O3,620.0,569.7877352881051
Sr0.4Nd0.03Fe1Bi0.57O3,610.0,606.7923191995859
Sr0.4Y0.03Fe1Bi0.57O3,710.0,552.4685749067166
Ca0.4Pr0.1Mn1Bi0.5O3,129.0,123.8983214239872
Sr0.1Ca0.4Mn1Bi0.5O3,140.0,128.77279376038476
Ca0.5Mn1Bi0.5O3,143.333333333333,123.93411462908244
Ca4.5Bi0.5Ir3O12,5.0,34.872685181096145
Cr1Bi0.5Pb0.5O3,37.5,151.09993079064006
La0.5Mn0.5Fe0.5Bi0.5O3,243.0,254.36750243980126
Nd0.5Mn0.5Fe0.5Bi0.5O3,252.0,238.5485978694161
Sr0.33La0.17Mn1Bi0.5O3,170.0,148.46615361342862
Sr0.3La0.2Mn1Bi0.5O3,150.0,156.42631907215494
Sr0.5Mn1Bi0.5O3,150.0,149.11191177284798
Y0.5Mn1Bi0.5O3,44.0,62.80419581192572
La0.35Sc0.5Fe0.5Bi0.65O3,237.0,290.8597013124644
Ca0.4Mn1Bi0.6O3,136.0,125.2612423800107
La0.4Fe1Bi0.6O3,420.0,682.0963624862494
Sr0.3La0.1Mn1Bi0.6O3,120.0,149.39045435119243
Sr0.4Mn1Bi0.6O3,158.0,136.378239872516
Ca0.17La0.1Fe1Bi0.73O3,714.15,627.8885118862195
Sr0.25Mn1Bi0.75O3,132.5,137.87686531351147
Sr0.3Mn0.95Cr0.05Bi0.7O3,152.5,114.81908631186045
Mg0.1Nb0.2Fe0.7Bi0.7Pb0.3O3,633.15,354.28509276450916
Y0.3Mn1Bi0.7O3,46.0,70.73980804402258
Sm0.08Ti0.1Fe0.9Bi0.82O3,566.15,587.9733432620969
La0.16Ti0.04Fe0.96Bi0.84O3,625.0,611.3073952099863
Ca0.15Mn0.4Fe0.6Bi0.85O3,319.0,313.2687011764121
K1Ho0.15Fe1.7Co0.15Bi0.85O5,588.15,526.9532914791926
Eu0.15Fe1Bi0.85O3,638.075,631.2805267950582
Sr0.15Mn0.5Fe0.5Bi0.85O3,214.0,221.54680576427478
Sr0.15Mn0.35Fe0.65Bi0.85O3,375.0,362.21983282171055
Sr0.15Mn0.4Fe0.6Bi0.85O3,325.0,329.232921479354
K0.15Ti0.3Fe0.7Bi0.85O2.1,514.15,461.9395596517982
Gd0.15Ti0.15Fe0.85Bi0.85O3,623.15,588.8974761245817
Nd0.15Mn0.02Fe0.98Bi0.85O3,640.15,619.751989409109
La0.1Ho0.05Fe1Bi0.85O3,643.15,635.3390192961923
Nd0.15Fe1Bi0.85O3,643.15,633.6823512126138
Pr0.15Fe1Bi0.85O3,673.15,633.9200970213907
Sm0.15Fe1Bi0.85O3,643.15,632.9330845293409
Tb0.15Fe1Bi0.85O3,645.575,610.8571578010663
Tm0.15Fe1Bi0.85O3,457.15,635.9270643956371
Sm0.125Fe1Bi0.875O3,643.15,619.0257621168666
La0.05Lu0.07Fe1Bi0.88O3,653.15,645.0306623241369
Ti0.11Fe1Bi0.89O3,643.15,534.8578616694967
Ca0.2Fe1Bi0.8O3,666.5,628.2798403134891
Eu0.2Fe1Bi0.8O3,639.075,607.5265442978173
K0.2Ti0.4Fe0.6Bi0.8O1.8,501.15,409.3139047718635
Gd0.2Ti0.2Fe0.8Bi0.8O3,603.15,544.0622744203774
Mg0.066Nb0.133Fe0.8Bi0.8Pb0.2O3,593.15,493.237782914428
Tb0.2Mn0.2Fe0.8Bi0.8O3,533.0,567.5760345910052
La0.2Fe1Bi0.8O3,650.655,637.1231257428644
Pr0.2Fe1Bi0.8O3,641.5,640.784080761788
Tb0.2Fe1Bi0.8O3,640.575,592.6934237085578
Y0.2Mn1Bi0.8O3,58.0,67.11579022413687
La0.05Lu0.03Fe1Bi0.92O3,662.15,643.5570172727994
Sm0.08Fe1Bi0.92O3,560.575,592.8692889707951
Sm0.06Fe1Bi0.94O3,534.0,600.4439110935486
Ce0.05Mn1Bi0.95O3,175.5,89.44733407508598
Gd0.05Fe0.95Co0.05Bi0.95O3,655.0,637.6820273480693
Gd0.05Fe0.85Co0.15Bi0.95O3,655.0,648.476621777824
Gd0.05Fe0.9Co0.1Bi0.95O3,655.0,644.7257298665385
Gd0.05Fe0.8Co0.2Bi0.95O3,655.0,627.6837880134112
Eu0.05Fe1Bi0.95O3,445.5,629.6212958356047
Mn0.15Fe0.85Bi0.95Pb0.05O3,670.15,585.902131720375
Gd0.05Ti0.05Fe0.95Bi0.95O3,583.15,620.6935462003215
Gd0.05Fe1Bi0.95O3,643.0,622.2729610246029
Ho0.05Fe1Bi0.95O3,643.15,627.7864573092853
La0.05Fe1Bi0.95O3,659.4,634.5511267100485
Lu0.05Fe1Bi0.95O3,647.0,637.507293646384
Nd0.05Fe1Bi0.95O3,636.15,620.9840992706697
Sm0.05Fe1Bi0.95O3,625.65,576.9380072726723
Tb0.05Fe1Bi0.95O3,645.575,638.0259470418631
Eu0.04Fe1Bi0.96O3,643.0,575.6981301721213
Lu0.04Fe1Bi0.96O3,647.0,641.7755633094889
Sm0.04Fe1Bi0.96O3,563.0,623.0999558593942
Zn0.03Fe0.97Ni0.03Bi0.97O3,573.15,632.0396962110913
Sm0.03Fe1Bi0.97O3,644.15,618.4505078837129
Lu0.02Fe1Bi0.98O3,647.0,642.618452827626
Sm0.02Fe1Bi0.98O3,615.0,637.9228504493623
Sm0.01Fe1Bi0.99O3,653.15,628.2998647211039
Ca0.1Mn1Bi0.9O3,110.0,115.54002627888453
Eu0.1Fe1Bi0.9O3,634.0,605.7640123048105
K0.1Ti0.2Fe0.8Bi0.9O2.8,527.15,552.9304866107758
Y0.1Mn0.07Fe0.93Bi0.9O3,560.0,581.4214059264023
Y0.1Mn0.05Fe0.95Bi0.9O3,565.0,580.4941206586809
Y0.1Mn0.03Fe0.97Bi0.9O3,590.0,590.2626952353397
Gd0.1Ti0.1Fe0.9Bi0.9O3,623.15,602.7672423580498
Mg0.033Nb0.067Fe0.9Bi0.9Pb0.1O3,543.15,539.5435552147159
Tb0.1Mn0.1Fe0.9Bi0.9O3,493.0,605.3900465692004
Zn0.1Fe0.9Ni0.1Bi0.9O3,598.15,587.1362938382717
Ho0.1Fe1Bi0.9O3,638.0,625.320871705382
La0.05Lu0.05Fe1Bi0.9O3,656.15,644.0780664724899
La0.1Fe1Bi0.9O3,640.15,650.478323445815
Nd0.1Fe1Bi0.9O3,632.433333333333,631.3138714340272
Fe1Bi0.9Pb0.1O2.97,680.0,616.9092103078636
Sr0.1Fe1Bi0.9O3,618.85,618.0551614782228
Tb0.1Fe1Bi0.9O3,645.575,625.2800991495758
Y0.1Fe1Bi0.9O3,660.575,624.3854687443546
Y0.1Mn1Bi0.9O3,68.0,79.30051935201185
CeBi,25.3375,11.412601200459637
CeBiPt,1.1,8.416148393448273
Ce2BiO2,6.2,16.682972270803475
Cu3BiTe2ClO8,41.6,31.573807453096286
MnBiS2Cl,30.0,73.26921328122619
Mn0.09Fe0.9Co0.01Bi1O3,653.15,639.6027778008149
Mn0.01Fe0.9Co0.09Bi1O3,676.15,638.0247562567318
Fe0.85Co0.15Bi1Pb1O4,20.9,136.86155180028067
K1Fe1.9Co0.1Bi1O5,545.0,554.1866519190378
K1Fe1.8Co0.2Bi1O5,545.0,554.2163961976869
K1Fe1.7Co0.3Bi1O5,545.0,547.5008725821066
FeCoBiO3,630.0,528.0695455131579
CoBiO3,470.0,64.93019948824725
CoBiPO5,11.0,24.628454495964487
Mn0.8Cr0.2Fe2Bi1O6,182.0,178.48458399929547
Mn0.7Cr0.3Fe2Bi1O6,165.0,184.78016773682617
CrBiO3,116.0,65.22662438775156
LiCuBiO4,6.0,38.045717650298926
DyBi,12.5,29.198465636904846
DyBiPd,3.5,14.20850421357332
ErBi,3.9,14.465814247339484
ErBiPd,1.1,10.165820827690274
EuGdBiS4,6.5,15.943358372161764
EuBiSe3,5.0,13.147586536121457
Eu2BiS4,2.65,13.566529057316536
Mn1.9Nb1Fe0.1Bi1O6.97,89.0,59.08505189863747
Mn1.9Fe0.1Bi1Sb1O6.97,75.0,57.012520742002614
Ta1Mn1.9Fe0.1Bi1O6.97,82.0,65.59291135096787
Tb0.75Fe0.25Bi1O3,51.9,67.80819406895147
Mn1.5Fe0.5Bi1O5,20.0,57.54301509779065
Sc0.5Fe0.5Bi1O3,220.0,208.70035186797534
Fe0.75Ni0.25Bi1O3,661.15,585.1274261459964
Mn0.15Fe0.85Bi1Pb1O4,22.6,129.06247722333865
Fe0.85Ni0.15Bi1O3,668.15,652.0854116196463
Sc0.15Fe0.85Bi1O3,578.075,588.5957423727906
Fe0.8Ni0.2Bi1O3,663.15,651.4126830346006
Mn0.05Fe0.95Bi1O3,650.0,639.8150887562645
Sc0.05Fe0.95Bi1O3,620.575,609.6810155834452
Mn0.1Fe0.9Bi1O3,650.0,637.2260975801485
Sc0.1Fe0.9Bi1O3,592.075,600.2730714288027
MnFeBiO5,37.0,166.42741350719524
FeNiBiO3,640.0,531.3355911116374
FeBiO3,645.333333333333,579.1603656540217
Sr2FeBiPbO6,212.0,119.67570822158613
Nb0.5Fe1.5Bi1Pb1O6,643.0,363.45856276307995
Nd6Fe13Bi,450.0,419.05801701292876
Pr6Fe13Bi,450.0,392.4699114921137
KFe2BiO5,553.15,536.9949425046591
Fe2Bi1O4.5,180.0,308.3614273841094
GdBi,27.9,60.77845315423277
GdBiO3,2.0,21.80651895956738
GdBiPd,12.9,25.58137743703325
HoBiPd,1.9,11.677877694350633
MnBiO3,2.28,101.54710163934767
Sr1Ti0.75Mn1.25Bi1O6,21.0,71.8377178556798
Sr1Ti0.5Mn1.5Bi1O6,32.0,63.39282424691927
Sr1Ti0.25Mn1.75Bi1O6,40.0,94.19958076739968
Mn2BiO5,49.25,57.480895975132775
NdBi,17.1666666666667,19.380479115300382
NiBiO3,300.0,57.75479820937341
NiBiPO5,17.0,25.860003308964043
Sr5Ni2Bi1O9.6,20.0,146.09704301582104
TbBiPd,5.1,15.104216582526588
Tb4BiSb2,120.0,66.04160679399017
SmBi,4.0,38.44953803533966
TbBi,17.5,42.21682015544725
UBi,217.25,170.87426108728164
Dy1Ni0.74Bi1.76,5.4,26.250269653430745
Li2.7V8Bi1.7O16,6.0,40.192490491915976
V8Bi1.7O16,6.5,55.120096294783956
Gd1Ni0.72Bi1.91,9.8,38.748418507914046
Pr1Ni0.79Bi1.98,6.4,10.983373172262352
Tb1Ni0.74Bi1.9,10.2,26.567326793381515
Ti3Fe6Bi10O33,310.0,246.6000563207322
Ti3Fe7Bi10O33,310.0,362.21750309798165
Eu14InBi11,7.0,35.95238385368704
Eu14MnBi11,35.0,26.066800003221235
Ce1Ni0.8Bi2.03,4.8,12.946487404761744
Sm1Ni0.78Bi2.08,3.3,17.03703467364557
CeBi2,3.1,11.737623129036661
Ce5GeBi2,2.0,9.601765581264377
Ce5SiBi2,3.0,8.310110566937164
CrFe(BiO3)2,100.0,115.2324201151441
Cu(BiO2)2,45.0,57.096687165031085
Ho1.5Er4.5Mn1Bi2,78.0,39.99105427514096
Er6MnBi2,52.0,45.183586272673786
Eu3Bi2(SF)4,2.2,15.99703359640541
MnFe(BiO3)2,12.0,155.0305517623961
NbFeBi2O7,8.3,104.85866961837942
FeBi2SbO7,10.0,30.93814908944622
TaFeBi2O7,8.5,114.74412557753415
Sr3Fe2Bi2O9,355.0,233.48927621866008
GaFe3Bi2O9,77.0,184.94487485484498
In0.6Fe3.4Bi2O9,237.0,248.96625154364258
Fe4Bi2O9,207.4,201.38583364732753
Pr5GeBi2,20.5,18.135050436958863
NiBi2H4(Se2O7)2,2.5,13.626566153010515
Mn0.32Sn0.68Bi2Te4,6.0,25.700639664329543
Mn0.45Sn0.55Bi2Te4,10.0,21.462478156015507
Mn0.8Sn0.2Bi2Te4,21.0,27.79598851489122
Mn(BiSe2)2,14.0,37.96571141558994
Mn(BiTe2)2,24.0,34.63346673378525
Mn2BiO5,40.5,57.68877391159175
NdBi2,7.0,13.972531365234788
Nd1Bi2Pd0.77,4.0,7.927726603112734
PrBi2,5.0,10.943758514794926
Pr5SiBi2,8.0,20.623815347833048
SmBi2,16.1,21.455200287931206
UBi2,182.0,103.02648414890834
Nd1Ni0.72Bi2.14,3.8,16.173379383558437
Gd8Bi3O8,10.0,25.02248391364847
Sm4Bi3,120.0,29.038990726531722
CeTi3Bi4,3.4,76.80132844852687
V2Cu3(Bi2O7)2,6.0,61.72606372737379
Ti3NbFeBi4(PbO9)2,300.0,63.0029726227142
LaSmTi3Fe2(Bi2O9)2,10.2,186.74562200052387
Ce3TiBi5,5.0,17.0707256234111
DyTi3Fe2Bi5O18,230.0,178.42229925484128
Ti3Fe(BiO3)5,80.0,168.27925705995347
Ti3Fe2(BiO3)6,160.0,163.91640744513444
Ti3Fe3(BiO3)7,192.5,192.68679953072026
Ti3Fe4(BiO3)8,220.0,232.46533037430473
MnSn3(BiSe2)8,20.0,31.2995180189622
Mn1.34Sn6.66Bi8Se20,10.0,26.997853512724486
Ti3Fe5(BiO3)9,300.0,274.48850551470343
Co2H3BrO3,5.5,37.01060465963175
CrSBr,132.0,42.091065623036776
NdCu3Se2BrO8,35.2,31.32803445325114
Cr0.5H6Pb0.5C1Br2N1Cl1,38.0,30.411455482996
NiH16C4S4(BrN4)2,2.28,15.123269908035114
Cs2Cu(BrCl)2,11.0,48.09956010112941
CoBr2,19.0,78.10174201631884
CoH12(BrO3)2,3.055,8.53795045462256
CoH2Br2O,11.35,34.01868846826321
CoH4(BrO)2,9.5,17.14184736114259
CoBr2O,13.8,55.904594131289016
CoSb2Br2O3,9.0,24.7529348455602
Co2TeBr2O3,29.0,40.916089699169554
Co5Se4(BrO6)2,20.0,22.185910100865335
Co5Te4(BrO6)2,16.0,28.497149584683324
CuBr2,191.0,65.98747703315597
Cu2Te2Br2O5,11.6,36.23104148625474
Mg2Cu3H6(BrO3)2,5.4,18.935981359547185
FeBr2,11.0,115.5407918168277
NiH12(BrO3)2,6.5,10.009938346664786
NiH2Br2O,5.79,35.0358874568146
MnH8(BrO2)2,2.1275,18.26426418674503
MnBr2,2.159,28.41880491716892
NiBr2,53.0,90.4496793333781
Ni5Se4(BrO6)2,46.0,19.547286317194246
Ni5Te4(BrO6)2,15.0,33.66770411404706
CsCoBr3,28.3,42.46836288077646
CsNiBr3,30.0,32.36466881272239
Rb1Mn0.984Fe0.016Br3,8.5,74.77962823562912
GdBr3,2.0,21.12586967749593
RbMnBr3,8.5,75.87403097038037
MoBr3O,34.0,63.04596665188493
CuH12C5(BrN)2,2.5,13.706782772850794
FeH8C14(S2Br)4,5.8,49.38048187678401
CuH12Br4(NO)2,1.773,17.61359316120587
Ce2Br5,40.0,21.11149534993401
Pr2Br5,50.0,21.24303181922337
K2ReBr6,15.3,31.630574530410165
Mn0.18Fe0.816C0.006,280.075,270.05585074243913
Gd3Si2Ni6C0.5,28.0,37.12983077077079
Nd1Sc1Si1H0.2C0.5,10.0,39.902488588533885
U1C0.5N0.95,31.0,91.07505719734657
U0.5C0.5N1,45.0,87.81063249897878
Tm2Fe17C0.6,180.0,191.99345248030147
Np1C0.95,317.0,225.5739862204349
Mn3Ga1C0.9,155.0,204.98416705713373
Mn3Ga1C1.05,195.0,192.5227772658428
Ce3InC,3.9,9.169240261450364
Ce3PbC,8.1,12.263885492237936
Ce3SnC,7.5,9.818574965784432
FeH5CN(ClO)2,6.0,42.49895591983103
NiH5CN(ClO)2,8.5,18.32644849891063
NiH8CS4(N2Cl)2,1.2,15.4358643376567
DyCoC,6.8,32.651777452531675
ErCoC,7.0,27.005921410072023
HoCoC,7.5,25.18070806287846
CoCO3,17.7,39.00925904221009
Sr4Co2C1O8.86,167.5,154.2157664343052
Co6W6C,46.0,179.5813960232237
Cu2H4CO5,4.9,36.3009236322327
Dy2Re2Si2C,12.0,21.975239527606956
Dy3C,170.0,54.77446435445805
Er2Fe17C,100.0,209.6370113657069
Er3C,80.0,22.186187360340195
EuCO3,1.05,22.928044168406366
Mn0.95Fe0.05C1O3,35.0,63.13773423791315
Li1Mn0.833Fe0.167P1C1O4,44.0,36.84760454634436
Li1Mn0.67Fe0.33P1C1O4,40.0,50.50260332071382
Li1Mn0.5Fe0.5P1C1O4,47.0,57.90045568048221
FePH5CO4,25.0,33.28965062658782
FeCIO,68.0,204.2599985479921
FeCO3,35.05,263.2485758335084
Tb2Fe2Si2C,44.0,98.83666825629011
La1Ga6.5Fe6.5C1,90.0,335.1236195861266
Mn2GaC,507.0,195.80942993556786
Mn3GaC,158.0,211.89369458766996
SiH6C,50.0,52.5360000105744
K0.9Ni1P1H6.1C1O6,8.0,18.36517546064026
Li0.9Ni1P1H6.1C1O6,10.0,17.433435078559643
La0.6Mn1Pb0.4C1N1O3,160.0,65.31108689563865
La0.6Mn1P1Pb0.4C1O3,130.0,94.91968464814607
LiMnPCO4,35.0,39.46022255318491
MnCO3,32.0490909090909,44.72230098531698
Mn2C,720.0,268.60869706011306
Mn3Si0.2Sn0.8C1,217.0,249.95474003736544
Mn3Si0.3Sn0.7C1,257.0,252.80656649768682
Mn3Si0.4Sn0.6C1,290.0,238.13305469138578
Mn3Zn0.8Sn0.2C1,213.0,198.2749380231787
Mn3Zn0.6Sn0.4C1,179.0,202.10673371327732
Mn3Zn0.5Sn0.5C1,190.0,191.53077631560157
Mn3Zn0.4Sn0.6C1,170.0,209.63282785350256
Mn3SnC,287.0,237.45495797728444
Mn3ZnC,229.0,193.5959564118476
NiCO3,24.88,39.87685738873269
NpC,310.0,236.19836921305915
Tb2Re2Si2C,17.0,28.323031863903903
Sm3C,30.0,41.98640279698675
Tm2Fe17C1.6,220.0,203.62722144771044
CoH10C10(NCl)2,3.435,19.718997465660262
CuH10C10(NCl)2,1.3,17.639809997475947
CuH12C5(NCl)2,2.6,11.611207433901718
FeH26C10(NCl2)2,93.0,42.445044249356314
ReH10C10(NCl2)2,9.2,17.88157141905604
Mn(HC)10,134.0,25.263154138736688
MnH8C12N2Cl3,23.0,36.55878526777594
Mn3Cr2H24C12(NO)12,61.0,25.459296257332785
Ni5H22(C6O7)2,26.5,23.140792686233333
FeH22C14(NCl2)2,72.0,37.04342630952522
Ni2PH34C14N9(O2F3)2,40.0,17.75488839652589
NiH10C8N,2.39,29.017601559693517
Ni5H30(C8O7)2,19.3,28.86408018601749
CeC2,33.0,19.171628413301413
CeNiC2,19.8,30.680475169677152
CuH6C2SCl2O,5.0,50.05979053991513
FeH6C2(NCl2)2,96.0,27.43379755480025
Co0.09Ni0.91H8C2O2,5.84,15.325206905711584
Ho1Co0.25Ni0.75C2,2.4,17.83052380896167
Co0.33Ni0.67H8C2O2,6.5,15.274528409297218
Tb1Co0.3Ni0.7C2,45.0,18.59671951486518
Tb1Co0.5Ni0.5C2,13.0,28.029024508574434
GdCoC2,15.0,31.001321508117794
CoH4(CO3)2,5.1,15.261426699324195
CoH8(CO)2,6.89,21.187369185458767
Co2H2CO2,17.3,70.40210542152515
CuH10(CO3)2,17.0,77.14100960861151
Cu3H2(CO3)2,1.86,50.53968521171231
DyC2,59.0,26.163433118782947
DyNiC2,8.8,17.665178690547695
DyWC2,22.0,21.476716558850335
Dy2ReC2,58.0,39.72119265547305
ErC2,14.0,14.642063776394451
ErNiC2,8.0,13.132011131928191
ErWC2,5.0,13.443448799720057
Er2ReC2,18.0,23.197023139961807
EuH2C2O5,2.8,32.685539711466014
Eu(CO2)2,1.9,34.08944558522949
Fe1H2C2O5.2,23.5,53.665328798846566
FeH4(CO3)2,3.725,25.25731172371242
FeH6(CO3)2,3.68,45.9694904310311
GdNiC2,14.0,25.6377709877026
GdWC2,35.0,27.588837526416285
Mg0.15Mn0.85H2C2O6,3.1,22.70159662403371
MnH2C2O5,2.82,23.335583445616315
MnH4(CO2)2,3.71,24.836784208615516
MnH4(CO3)2,3.67866666666667,15.388518988399738
NiH4C2O5,15.5,16.203355599071187
NiH4(CO3)2,15.6,14.36805730215369
NiH8(CO)2,6.89,15.395762651194124
HoC2,26.0,17.994018086920693
HoNiC2,3.39,14.928022077531658
HoWC2,7.5,14.933723116961712
Ho2ReC2,30.0,35.08432963479293
TbCI,75.0,22.2023402132438
NdC2,29.0,17.404627712363876
NdNiC2,12.1,21.47747773054728
TbNiC2,25.0,26.099435097279883
TmNiC2,8.0,15.339649493159786
PrC2,15.0,24.146370964416676
Tb2ReC2,96.0,46.998981396183254
TbC2,66.0,30.374337517083248
TbWC2,30.0,22.933748996831945
TmC2,1.7,13.249795360427244
YbC2,2.0,16.064971230727096
MnH18C23N2(OF2)6,4.8,49.98776401679022
CuH46(C6O)4,230.0,61.67608870379398
DyH23C26N2(O4F9)2,4.3,41.890060196072916
CoH6C3O2,36.0,31.500925395435374
Dy2Cr2C3,24.0,45.75845304203418
Er2Cr2C3,5.9,35.673288247939304
Ho2Cr2C3,9.5,23.364326534624045
Tb2Cr2C3,25.0,58.123819508106436
Gd2Ni5C3,22.2,54.74387678064989
H5C3N2,1.5,117.856194641071
Nd2Ni5C3,3.4,29.935808214724602
Sm2Ni5C3,6.6,28.750796570244443
Pu2C3,120.0,74.44355017548529
Tb2C3,20.0,44.0414417153283
U2C3,54.5,137.6218105918374
CoPH13C15N2O5,3.0,34.74190991259527
CrH12C4NCl3,5.8,31.000175964505004
CuH16C4(NCl2)2,10.2,13.947382765411614
CuH6(CO)4,270.0,127.09852011440768
CuH6C4O5,265.0,146.5674742481735
Li3EuC4,44.0,28.687472722097517
NiH12(C2O)2,5.5,25.13484087804582
MnH8C4O9,3.2,21.7843226435304
V2NiH4C2NO7,38.0,33.690189372561214
Ho3C4,10.0,27.662408872422503
CuH14C6NCl3,2.18,15.383907465140316
FeH22C6(NCl2)2,90.0,31.367927177168532
Cr6Fe(CN)6,21.0,135.8812313640936
Dy12C6I17,29.0,22.638594628253323
EuC6,42.0,19.109517563776315
MnH13(C3O4)2,6.1,30.29880228474748
NiH24C6S6(IN6)2,1.77,14.966796868778054
Nd12C6I17,25.0,20.955048076439297
Sm14Ti7Fe72C7N0.03,400.0,388.24659678276794
Sm12Ti7Fe74C7N0.03,400.0,398.6181274451796
Sm10Ti7Fe76C7N0.03,425.0,360.80848053761144
Sm12Ti5Fe76C7N0.03,400.0,394.67324113229563
Sm14Ti3Fe76C7N0.03,400.0,396.3796009439131
Sm8Ti7Fe78C7N0.03,350.0,339.1165000482123
H3C7(SN)2,180.0,55.66185707591548
CuH12C8N4(ClO4)2,4.21,65.18534623832852
FeH20C8NCl4,2.9,56.57450393023274
NiH5C4N3,2.37,33.89326428030188
Mn3H12C8O13,8.5,31.111277205392337
NiH9(C4N)2,2.37,20.965413181044134
Dy5.64Fe2C9,16.0,60.579413074096394
Ca0.025Y0.975Cr1O3,140.0,135.8927995633994
Ca0.025Nd0.975Mn1O3,80.0,96.42574512570206
Ca0.02Sm0.98Cr1O3,190.3,183.0730653323888
Ca0.03Fe1Cu0.97O2,13.5,28.016321922562586
Ca0.04Sm0.96Cr1O3,186.5,179.53268339613288
Ca0.05Y0.95Cr1O3,140.0,134.84884552279752
Ca0.05Dy0.95V1O3,91.0,52.868595433105526
Sr0.25Ca0.05La0.7Mn1O2.85,113.0,136.49978865531483
Sr0.25Ca0.05La0.7Mn1O2.875,124.0,124.71737109600586
Ca0.05La0.95Mn1O3,141.0,125.05917150709581
Ca0.05Nd0.95Mn1O3,80.0,105.20557369197441
Ca0.05Y0.95Mn2O5,45.0,75.81777409520154
Ca0.06Sm0.94Cr1O3,183.4,177.03476138996064
Ca0.075Y0.925Cr1O3,140.0,134.95751872348035
Na0.93Ca0.07V2O4,120.0,79.87515427980826
Ca0.08Nd0.92Mn1O2.98,79.0,106.46368979617438
Ca0.08Nd0.92Mn1O3,150.0,83.80244079967656
Sr0.41Ca0.09Pr0.5Mn1O3,180.0,145.91349035387174
La2CoO6,26.0,60.32784373986103
Sr0.38Ca0.12La0.3Nd0.2Mn1O3,155.0,133.0194351370957
Ca0.12Nd0.88Mn1O2.94,85.0,98.60085162289322
Ca0.12Nd0.88Mn1O2.96,85.0,97.6923281994768
Ca0.15La0.7Ce0.15Mn1O2.99,45.0,128.3353258681483
Ca0.15Y0.85Cr1O3,140.0,135.50599154813017
Sr0.35Ca0.15Dy0.5Mn1O3,23.0,91.60763371350411
Sr0.34Ca0.16La0.35Pr0.15Mn1O3,160.0,137.1338718983954
Ca0.175La0.825Mn1O3,185.0,126.21283591799703
Ca0.1Sm0.9Cr1O3,175.7,173.31891609874597
Ca0.1Y0.9Cr1O3,140.0,135.4673945097806
Ca0.1Sm0.9Fe1O3,687.0,590.6503305975755
Ca0.1La0.9Mn1O3,94.5,128.68456496053824
Ca0.1Lu0.9Mn1O3,90.0,89.96791125493776
Sr0.4Ca0.1Nd0.5Mn1O3,200.0,142.64386704551785
Sr0.4Ca0.1Pr0.5Mn1O3,184.5,148.11253260283758
Sr0.1Ca0.24Pr0.65Mn1O3,210.0,140.19262195155528
Sr1.75Ca0.25Cr1Sb1O6,5.0,26.849267178920037
Ca0.25Eu0.75Ti1O3,5.2,28.108458438939763
Ca0.25Nd0.75Mn0.5Fe0.5O2.97,216.0,277.1308745173124
Ca0.25La0.75Fe1O3,693.0,609.4117110336537
Ca0.25Gd0.75Mn1O3,56.0,65.47444072039008
Sr0.1Ca0.25Pr0.65Mn1O3,175.0,147.10628260150435
Ca0.2Gd0.8Cr1O3,136.0,163.43214712609006
Ca0.2Sm0.8Cr1O3,150.8,171.68359605966901
Ca0.2Mg0.6Cu2.2O3,50.0,45.430287943484025
Ca0.2Sm0.8Fe1O3,652.0,631.114343512452
Ca0.2La0.8Mn2Ge2,440.0,463.5156998790254
Ca0.2La0.8Mn1O3,68.0,128.51421748030745
Sr0.3Ca0.2Pr0.5Mn1O3,174.0,147.06225185577696
Ca0.2Pr0.8Mn1O3,60.0,129.8444549328105
Ca0.3333Nd0.6Y0.0667Mn1O3,110.0,129.2032555775804
Ca0.33Nd0.67Mn1O3,127.5,121.2428153999915
Sr0.11Ca0.34Pr0.55Mn1O3,150.0,144.10753782244373
Ca0.35Eu0.65Ti1O3,5.0,27.538562415729608
Ca0.35La0.2Pr0.45Mn0.97Fe0.03O3,150.0,131.92837615636898
Ca0.35La0.2Pr0.45Mn0.99Ru0.01O3,160.0,133.25634349466287
Sr0.15Ca0.35Pr0.5Mn1O3,150.0,144.0797153034799
Ca0.35Pr0.65Mn1O3,175.0,141.33645554990034
Ca0.375La0.225Pr0.4Mn1O3,170.0,143.7729159737055
Ca0.3Gd0.7Cr1O3,168.0,144.85800026552502
Ca0.3Dy0.7Fe1O3,590.0,414.1577406522181
Ca0.3Er0.7Fe1O3,510.0,546.5562086751017
Ca0.3Gd0.7Fe1O3,290.0,586.3170813038689
Ca0.3La0.7Fe1O3,740.0,567.6366797800005
Ca0.3Sm0.7Fe1O3,652.0,594.3020921561736
Ca0.3Y0.7Fe1O3,520.0,573.1870432757142
Ca0.3La0.17Pr0.52Mn1O3,150.0,135.2944108172391
Ca0.3La0.21Pr0.49Mn1O3,145.0,141.58725445577565
Ca0.3Lu0.7Mn1O3,90.0,97.62708655052452
Ca0.3Pr0.7Mn1O3,155.0,128.78685448417176
Ca0.42La0.18Pr0.4Mn1O3,157.75,148.67413258435937
Ca0.45Eu0.55Ga4,8.8,10.346346976576694
Ca0.45Pr0.55Mn1O3,170.0,149.47134749177118
Ca0.4La0.15Pr0.45Mn1O3,173.0,143.63565651112964
Ca0.4La0.2Pr0.4Mn1O3,185.0,144.75881028657017
Ca0.4La0.6Mn1O3,140.0,143.9491794577719
Ca0.4Nd0.6Mn1O3,150.0,137.52064284889093
Ca0.4Pr0.6Mn1O3,170.0,147.12062827929665
Sr0.6Ca0.4Mn1O3,42.0,160.49929623073908
Ca0.55Eu0.45Ti1O3,3.1,27.12840873718089
Ca0.55La0.45Mn1O3,160.0,150.54231110674655
Ca0.55Pr0.45Mn0.95V0.05O3,131.0,137.28020891078745
Ca0.55Pr0.45Mn0.9V0.1O3,127.0,131.82958835659917
Ca0.55Pr0.45Mn1O3,170.0,147.81193584969876
Ca0.57Sm0.43Mn1O3,135.0,133.78369439059475
Ca0.5Co0.5Cu2O3,132.0,70.73197956505877
Ca0.5La1.5Co1O4,60.66666666666671,139.40591842329312
Sr1.5Ca0.5Cr1Sb1O6,2.0,23.31667016234057
Ca0.5Dy0.5Mn1O3,155.0,100.66262920027084
Ca0.5Er0.5Mn1O3,100.0,110.6703087819253
Ca0.5Eu0.5Ti1O3,3.8,24.03587916564848
Ca0.5Nd0.5Mn0.98Fe0.02O3,130.0,137.94714335106343
Ca0.5La0.5Mn2Ge2,510.0,504.5592222868919
Ca0.5Ho0.5Mn1O3,132.5,109.3123313100755
Ca0.5La0.1Nd0.4Mn1O3,125.0,134.11366364285036
Ca0.5La0.2Nd0.3Mn1O3,100.0,140.93450143283627
Ca0.5La0.3Nd0.2Mn1O3,100.0,144.3225814356179
Ca0.5La0.3Pr0.2Mn1O3,150.0,137.0364061975982
Ca0.5La0.45Mn1O3,100.0,142.0982722669927
Ca0.5La0.4Nd0.1Mn1O3,100.0,145.22001128744895
Ca0.5La0.5Mn1O3,147.857142857143,147.62901669371527
Ca0.5La0.5Ru1O3,19.0,52.42526195384544
Ca0.5Lu0.5Mn1O3,65.0,103.92821626865137
Ca0.5Nd0.5Mn0.95Zn0.05O3,149.0,132.53547662974552
Ca0.5Nd0.5Mn0.9Zn0.1O3,144.0,124.29693833729904
Ca0.5Pr0.5Mn0.9V0.1O3,143.0,123.56707783749107
Ca0.5Nd0.5Mn1O3,144.0,142.18838278303616
Ca0.5Pr0.5Mn1O2.97,173.0,147.7231244951315
Sr0.5Ca0.5Mn1O2.98,170.0,121.44951824986487
Ca0.5Pr0.5Mn1O3,171.875,152.9038417060022
Ca0.5Sm0.5Mn1O3,155.0,110.49318863270196
Sr0.5Ca0.5Mn1O3,174.5,111.67268339705797
Ca0.5Tm0.5Mn1O3,100.0,99.50856366017587
Ca0.5Y0.5Mn1O3,130.0,111.43635841519827
Ca0.5Yb0.5Mn1O3,90.0,108.81488312353675
Ca0.625La0.375Mn1O3,115.0,162.11156394002407
Ca0.62La0.38Mn1O3,270.0,143.62749199648232
Ca0.65Pr0.35Mn1O3,170.0,148.7593648997424
Ca0.65Y0.35Mn1O3,125.0,114.8358891511767
Ca0.67La0.33Mn1O3,130.0,152.7148537539266
Ca0.6La0.4Mn0.99Cr0.01O3,140.0,136.21460302458462
Ca0.6Mg0.2Cu2.2O3,24.0,42.340588994705804
Ca0.6Eu0.4Ti1O3,2.6,27.963865525796326
Ca0.6Pr0.4Mn1O3,160.0,148.85929060100398
Sr0.3Ca0.6Sm0.1Mn1O3,110.0,125.75080509424828
Sr0.4Ca0.6Mn1O3,42.0,137.96333668782268
Ca0.75Mg0.15Cu2.1O3,26.0,40.079574207678334
Ca0.75La0.25Mn1O3,162.5,153.07699262282964
Sr0.25Ca0.75Mn1O2.98,150.0,130.60421909889297
Ca0.75Pr0.25Mn1O3,170.0,146.96237404416374
Sr0.25Ca0.75Mn1O3,147.5,134.31022195509527
Ca0.7La0.3Mn2Ge2,570.0,518.4137485465761
Ca0.7La0.3Mn1O3,170.0,154.01228390570236
Sr0.3Ca0.7Mn0.96Mo0.04O3,100.0,119.37988933892163
Ca0.7Nd0.3Mn1O3,190.0,140.4788469391026
Ca0.7Pr0.3Mn1O3,170.0,150.59584857354835
Sr0.2Ca0.7Sm0.1Mn1O3,90.0,130.30872138774328
Ca0.7Sm0.3Mn1O3,130.0,136.60106858247562
Ca0.8125La0.1875Mn1O3,150.0,148.88413211428121
Ca0.836Cu1O1.97,12.0,89.36715113533812
Ca0.83La0.17Mn1O3,200.0,143.74060699137132
Ca0.84Cu2.16O3,26.0,39.17852835675492
Ca0.85Cu1O2,12.0,29.9084273366014
Ca0.85Dy0.15Mn1O3,112.0,123.83431810263625
Ca0.85Eu0.15Mn1O3,90.0,130.22901615991486
Ca0.85Gd0.15Mn1O3,113.0,118.82216878858452
Ca0.85Pr0.15Mn1O3,146.0,145.67126868497505
Ca0.85Sm0.15Mn1O3,122.5,133.285721132969
Sr0.15Ca0.85Mn1O3,139.0,127.40908491281914
Ca0.85Y0.15Mn1O3,111.0,125.72817581159475
Ca0.86Cu2.14O2.93,27.0,40.125043655190005
Ca0.88Ce0.12Mn1O3,153.0,137.87862955965178
Ca0.8Co0.2Cu2O3,97.0,58.7444967903623
Sr0.2Ca0.8Cr1O3,91.5,157.78520028747104
Ca0.8La0.2Mn1O3,172.5,154.5814878577199
Sr1Ca0.8La1.2Mn2O7,30.0,118.12275636560774
Ca0.8Sm0.2Mn0.9Ru0.1O3,110.0,124.72883514306781
Ca0.8Nd0.04Sm0.16Mn1O3,150.0,133.34909250946458
Ca0.8Nd0.2Mn1O3,155.0,140.96435224038063
Ca0.8Pr0.2Mn1O3,170.0,146.05151684246533
Ca0.8Sm0.2Mn1O3,150.0,139.39819326205088
Ca0.94Pr0.06Mn1O3,125.0,129.4686286709375
Ca0.95Co0.05Cu2O3,66.0,50.974912680541316
Ca0.95Y0.05Mn1O3,123.0,122.01866301756438
Ca0.97Pr0.03Mn1O3,97.0,137.62494927534036
Ca0.97Y0.03Mn1O3,123.0,122.22976890808455
Ca0.9Ce0.1Mn1O3,155.0,135.7285023331375
Ca0.9Co0.1Cu2O3,88.0,55.097559659191965
Ca0.9Cu2.1O3,27.0,38.86999738033857
Ca0.9La0.1Ru1O3,58.0,61.428329462243205
Ca0.9Pr0.1Mn1O3,125.0,133.71818453743512
Ca0.9Y0.1Mn1O3,123.0,122.75871504598686
CaCo4Te4(ClO6)2,11.5,28.173436464993618
Ca1Co0.5W0.5O3,26.0,37.76701942107076
CaCo(GeO3)2,18.3,19.74848218374893
CaCoSiO4,16.0,37.49721800727263
CaCo(SiO3)2,9.75,20.34219193884472
Ca(CoP)2,113.0,92.42490921210648
CaEuCrO4,160.0,126.1264996098173
CaNdCrO4,170.0,154.25447604480163
CaCrO3,149.125,105.29483253700361
CaPrCrO4,182.0,116.7633033823831
CaSmCrO4,150.0,141.89521665829452
CaYCrO4,130.0,110.84180573616169
CaCr2O4,61.225,81.57875478239846
Ca1Mn0.9Cu0.1O3,124.6,117.23006441867042
Ca1Mn0.8Cu0.2O3,125.0,106.11364937696521
CaCuO2,540.0,38.04392687042321
CaCuP2O7,1.85,14.009346580658683
CaCu2O3,27.0,45.70666125052068
Ca1Ti3.7Fe1.3Cu2.7O12,21.75,54.31720031057062
Ca1Ti3.9Fe1.1Cu2.9O12,23.7,44.765028386864174
CaTi4(CuO4)3,24.55,57.53964825765677
CaFeF5,23.0,74.77060674054422
CaTbF6,2.15,16.29921075377304
Ca1Mn0.9957Fe0.01O2.97,118.0,116.778374953501
CaFeO3,127.0,500.57681192552235
CaFeSiO4,8.0,198.83486903329722
CaFe(SiO3)2,35.4,28.728189805918127
Ca(FeO2)2,191.666666666667,666.8788559110868
CaMn4(FeO4)3,39.0,257.09073306086975
NaCaFe3(PO4)4,26.0,39.42341032876126
Na4CaFe4(PO4)6,35.0,28.632957817210904
Ca1Mn6.3175Ga0.6825O12,76.0,67.34243420296167
CaMn(GeO3)2,11.6,23.663831113809458
Ca(MnGe)2,670.0,444.1457419091184
CaNi(GeO3)2,18.1,22.307449972431378
CaIrO3,115.0,70.62832337927789
CaLaMnMoO6,92.0,43.27667857471904
SrCaLaMn2O7,170.0,93.11141053778128
SrCaLaRuO6,10.0,32.30452785778446
Ca1Mn0.75Sb0.25O3,113.0,97.3946120461002
Ca1Mn0.8Sb0.2O3,125.0,102.45502273964324
Ca1Mn0.92Ru0.08O3,120.0,112.49578978155907
Ca1Mn0.92V0.08O3,102.0,114.70625894739075
Ca1Mn0.94Re0.06O3,90.0,112.88482155232907
Ca1Mn0.94V0.06O3,99.0,112.48048697768056
Ca1Mn0.96Mo0.04O3,104.333333333333,113.53709293088194
Ca1Mn0.96V0.04O3,111.0,116.542391263686
Ca1Mn0.96W0.04O3,110.0,113.85673430371598
Ca1Mn0.98V0.02O3,118.0,114.97473771394613
Ca1Mn0.9Nb0.1O3,90.0,110.57214081772085
CaMnO2,38.0,144.70856174270293
Ca1Mn1O2.95,120.0,119.95645246987563
Ca1Mn1O2.98,121.5,118.38108251632175
CaMnO3,122.533333333333,116.96493766476496
CaMnO3,42.0,116.96493766476496
CaMnSiO4,9.0,49.23053311508174
CaMnO5,120.0,54.04788944760424
CaMn2O4,225.0,65.27662483238818
Ca(MnSb)2,85.0,224.21894819747803
CaMn7O12,80.0,76.61570554007454
SrCaNdRuO6,12.0,25.577053161925775
CaRuO3,110.0,62.877073929312566
CaV2O4,69.0,80.96653345565805
SrCaPrRuO6,12.0,20.35250870660859
CaV3O7,22.0,44.75477902086825
Ca1.2La0.8Co0.4Ru1.6O6,22.0,49.40768449241262
Ca1.37Eu1.63Zn3Ni2,30.0,47.05588767286227
Ca1.5Mn1Pb0.5O4,111.0,75.3681293015831
Ca1.8Y1.2Fe2.2Si1.8O12,303.5,178.78133522962955
Ca1.92Ho0.08Mn1O4,110.0,94.95146751418584
Ca1.92La0.08Mn1O4,110.0,95.77884303652597
Ca1.92Pr0.08Mn1O4,110.0,91.81714342828772
Ca1.92Y0.08Mn1O4,110.0,99.62926306041021
Sr0.06Ca1.94Ru1O4,150.0,57.19007793607711
Ca1.9La0.1Mn1O4,89.0,101.73726244039095
Ca10La4Cu24O41,2.5,14.952771283794302
Sr2.5Ca11.5Cu24O41,2.0,21.303076544078774
Sr2Ca12Cu24O41,2.8,16.770013142553935
Ca2CoSi2O7,5.6,27.4118070711114
NaCa2V3(CoO6)2,8.1,24.26705006075102
Ca2Cr0.125Ga1Fe0.875O5,582.0,160.64486579811387
Ca2Cr0.2Fe1.8O5,600.0,549.3468928724401
Ca2Cr0.4Fe1.6O5,550.0,493.91086952952594
Ca2PrNbCr2O9,110.0,98.91930231222273
Ca2PrTaCr2O9,130.0,88.37530833433145
SrCa2Fe2Cu2Se2O5,560.0,340.6346607223474
Ca2Nd2(CuO2)5,24.0,27.586774868491673
Ca2Y2(CuO2)5,28.5,32.63616964411622
Ca2Ga1.5Fe0.5O5,28.0,136.06603742743363
Ca2Mn0.962Fe1.039O5,407.0,198.31152919871292
Ca2GaFeO5,357.5,236.6793939454468
Ca2FeMoO6,398.0,138.1723939526922
Ca2FeSbO6,31.0,113.33762186991048
Ca2Ga0.5Fe1.5O5,560.0,525.95467423137
Ca2Zn0.05Fe1.95O5,703.15,619.9398317335575
Ca2Zn0.1Fe1.9O5,697.15,602.9547792782308
Ca2GaFe2O5,730.0,478.2789176072104
Ca2MgFe2(PO4)4,13.3,29.249004736695028
Ca2Fe2O5,722.23,376.98703071185184
Ca2Fe2O5.16,110.0,672.8792106445192
Ca2HoTaO6,45.0,26.202661883322502
Ca2La2MnO7,3.0,21.498194451982226
Ca2La2MnO8,2.5,24.663197259163407
LiCa2YRuO6,106.0,65.76520702434766
Ca2LuRuO6,14.0,28.32501965135423
Ca2Nd2MnNiO8,65.0,65.73316018215547
Ca2Pr2MnNiO8,80.0,56.21773951016278
Ca2Sm2MnNiO8,56.0,65.18747654724719
Ca2MnO4,114.5,92.80857979000689
Ca2TiMnO6,122.5,62.34695143197228
Ca2MnWO6,56.0,41.51785021449328
NaCa2V3(NiO6)2,8.9,26.940518644742117
Ca2NiWO6,51.25,35.529338351276174
Ca2RuO4,112.0,58.29825803047128
Ca2.1Y0.9Fe2.1Si2.1O12,233.5,164.00110670976596
Ca2.46Y0.54Fe0.9Si2.46O12,112.0,26.571663457845116
Ca2.46Y0.54Fe2.54Si2.46O11.64,130.0,220.35739539992701
Sr0.5Ca2.5Mn1.85Ga1Co0.15O8,155.0,79.55099370425273
Ca2.5Y1.5Cu5O10,25.0,38.24314328895594
Sr0.5Ca2.5Mn1.8Ga1.2O8,150.0,77.7977681228435
Li1Ca2.5Y0.5Ru1O6,108.0,73.74467697148013
Ca2.7Dy0.3Co2O6,4.5,28.639354503788475
Ca2.8Dy0.2Co2O6,5.3,19.882932914991507
Ca2.9Dy0.1Co2O6,7.8,18.051266521426342
Ca3Mn1Co0.85Ni0.15O6,13.0,19.08757020347716
Ca3Mn1Co0.8Ni0.2O6,9.0,19.294946850481868
Ca3Mn1Co0.95Ni0.05O6,13.0,21.28312121241082
Ca3Fe1.1Co0.9O6,7.0,249.90643891828205
Ca3Mn1Co0.9Ni0.1O6,13.0,18.915692427586837
Ca3CoIrO6,30.0,33.66769448229672
Ca3MnCoO6,16.7857142857143,31.32143650665033
Ca3Mn0.38Co1.62O6,17.0,22.767414663987108
Ca3Fe0.3Co1.7O6,17.25,41.41248523136892
Ca3Fe0.2Co1.8O6,19.38,27.17707213049528
Ca3Fe0.04Co1.96O6,10.0,20.13300853696388
Ca3Fe0.02Co1.98O6,10.0,19.621940829812154
Ca3Fe0.1Co1.9O6,16.175,21.557439353913477
NaCa3(CoO3)2,25.0,36.504564894741165
Ca3(CoO3)2,20.775,35.241960606134725
Ca3CuRuO6,40.0,41.51801242324509
Ca3Nd(CuO2)5,17.0,33.52073942160069
Ca3Y(CuO2)5,20.0,32.906039759272616
Ca3Fe0.1Ru1.9O7,79.7,60.47896740314916
Ca3FeRhO6,12.0,176.66758032386304
Ca3Fe2(GeO4)3,11.5,78.01433739314712
Ca3Mn2(GeO4)3,13.1666666666667,29.57546761299948
LiCa3OsO6,117.0,57.60469393452533
LiCa3RuO6,116.5,71.84364035256941
Ca3MnNiO6,17.0,27.680749058114596
Ca3Mn2O7,121.5,97.37555477175182
Ca3Ni3(PO4)4,17.0,20.41413565664405
Ca3OsO6,50.0,43.739331751849804
Ca3Ru2O7,56.0,64.55534802382725
Ca3.6Ni0.4Ir1O6,8.5,23.505924108761224
Ca3.7Ni0.3Ir1O6,5.0,23.504384257628598
Ca3.8Ni0.2Ir1O6,6.0,26.71093254967194
Ca3.9Ni0.1Ir1O6,11.0,36.27970923431886
Ca4Mn2CuO9,4.0,76.58512552322789
Ca4Mn3O10,119.666666666667,104.60301152435876
Ca4.5La0.5Ir3O12,7.8,31.803397970507355
Na0.5Ca4.5Ir3O12,4.0,30.229755117803027
Ca5(CoN2)2,44.0,45.726662781428644
Ca5V6(CoO6)4,6.0,17.290119367292654
Ca5(IrO4)3,7.8,46.09295796711352
Ca5V6(NiO6)4,7.0,20.753007698641518
Ca8La6Cu24O41,12.0,16.90986489585501
Ca8.4La5.6Cu24O41,12.2,16.5957649510966
Ca8.8La5.2Cu24O41,10.5,17.361852625838885
Ca9La5Cu24O41,9.7,16.72325561986381
Mn0.82Cd0.18P1S3,50.0,49.82028955622563
Zn0.9Cr2Cd0.1Se4,20.0,28.77843596028331
Ce1.6Cd0.2In6.4Rh0.8,4.8,6.823378261256772
Ce1Cd0.5In4.5Co1,3.0,10.85082405626695
Zn0.5Cr2Cd0.5Se4,12.0,46.630946418209966
Cd0.5Fe0.5P1S3,25.0,55.56771021138849
Zn0.3Cr2Cd0.7Se4,110.0,55.845882073974494
Gd1Cd0.85Ru0.15,108.0,112.66045777275866
Zn0.2Cr2Cd0.8Se4,120.0,67.49948193930364
Gd1Cd0.8Ru0.2,73.0,115.5710035370639
Zn0.1Cr2Cd0.9Se4,130.0,65.54886354593076
Gd1Cd0.9Ru0.1,149.0,97.65595543921344
Cr2CdO4,9.0,53.83859931610607
Cr2CdSe4,55.0,72.38669399255343
Dy2CdCu2,16.9,27.94388644779961
TbCdF6,2.7,18.651662553842304
Cd(FeO2)2,10.0,139.78894712434615
Mn2CdTeO6,11.0,40.91260591298435
Pr1.3Cd1,50.0,25.933172125268698
Mn1.5Cd1.5Te1O6,6.0,36.20450267102899
UCd11,5.25,30.02138171400911
Eu(CdSb)2,7.22,13.349926043162334
Cd2Os2O7,226.0,76.60411831392074
Gd(Cd10Ni)2,3.4,12.441992537982644
Nd(Cd10Ni)2,1.5,11.819253061323908
Tb(Cd10Ni)2,3.5,7.566453527876554
Sm(Cd10Pd)2,3.4,9.872410991693451
Eu21(Cd2Sb9)2,10.0,14.279986961887401
Eu11(CdSb2)6,7.5,15.835017665016524
La0.99Ce0.01Cr1O3,288.0,283.855866767518
Ce0.01Ni0.99O1,523.0,507.42287869647396
Ce0.01U0.99Si2Ru2,16.3,25.5939390529929
Ce0.025U0.975Si2Ru2,15.6,25.080012928203033
La0.98Ce0.02Cr1O3,288.0,283.8760039377185
Ce0.03Ni0.97O1,523.0,503.9914015691335
La0.95Ce0.05Fe1O3,775.0,726.701286223027
Ce0.05Ni0.95O1,523.0,450.46003423788403
Ce0.05U0.95Si2Ru2,11.0,25.909065366491824
La1Ce0.11Pr0.89Cu1O3.97,97.0,85.12312135298686
La1Ce0.11Pr0.89Cu1O4,200.0,44.13943191214831
Ce0.125Nd1.875Cu1O4,105.0,112.50532494777723
Ce0.125Pr1.875Cu1O4,105.0,107.08525933454285
La1Ce0.14Pr0.86Cu0.95Ni0.05O4,5.0,40.14989279837532
La1Ce0.14Pr0.86Zn0.05Cu0.95O4,5.0,35.54969247104884
La1Ce0.14Pr0.86Cu0.98Ni0.02O4,5.0,28.783783450699175
La1Ce0.14Pr0.86Zn0.02Cu0.98O4,5.0,23.900836627860333
La1Ce0.14Pr0.86Cu0.99Ni0.01O4,5.0,33.94873972085015
La1Ce0.14Pr0.86Zn0.01Cu0.99O4,5.0,36.0007421226862
La0.85Ce0.15Cr0.15Fe0.85O3,523.0,457.57425282815063
La0.85Ce0.15Fe1O3,723.0,746.8349032382513
Tb0.85Ce0.15Mn2Ge2,448.0,437.6065974007949
Sr0.85Ce0.15Mn1O3,230.0,220.7961400892387
Sr0.9Ce0.1Mn0.6Co0.4O2.85,225.0,129.9323499043281
La0.9Ce0.1Cr0.1Fe0.9O3,493.0,516.7818240004165
Ce0.1Nd1.9Cu1O4,125.0,104.72369499933667
Ce0.1Pr1.9Cu1O4,125.0,104.6776531872947
La0.9Ce0.1Fe1O3,708.0,756.0804912459773
Tb0.9Ce0.1Mn2Ge2,454.0,432.34891819000643
Sr0.9Ce0.1Mn1O3,290.0,216.27728511034687
Ce0.25Gd0.75Cu6,16.3,13.21165875194695
Sr0.75Ce0.25Mn1O3,170.0,168.5700107946888
Sr0.8Ce0.2Mn0.8Co0.2O2.96,138.0,130.47002715367745
La0.8Ce0.2Cr0.2Fe0.8O3,523.0,419.3723974212836
La0.8Ce0.2Cr1O3,288.0,269.94519051559485
Ce0.2Gd0.8Mn2Si2,465.0,419.60983171466455
Tb0.8Ce0.2Mn2Ge2,448.0,438.25292774458615
Sr0.8Ce0.2Mn1O3,180.0,208.09043156575686
La0.33Yb1Ce0.33Pr0.33O3,2.7,16.626011810590455
La0.65Ce0.35Mn2Si2,200.0,348.1106883101621
Ce0.3Gd0.7,110.0,117.6967437411428
Tb0.7Ce0.3Mn2Ge2,447.0,437.76992872836144
Sr0.7Ce0.3Mn1O3,130.0,174.70435048118384
La0.55Ce0.45Mn2Si2,254.0,346.0017088465508
Sr2Ce0.4Gd1.6Cu2Ru1O10,130.0,120.3958524596584
Ce0.4Lu1.6Fe17,247.0,203.7691532979073
Sr2Ce0.5Y1.5Co1Cu2O9.03,43.0,61.39577731680516
Sr2Ce0.5Eu1.5Cu2Ru1O10,180.0,92.65497089896408
Sr2Ce0.5Gd1.5Cu2Ru1O10.03,110.0,128.58923377314238
Ce0.5Gd0.5Cu6,15.8,12.009516525463049
Tb0.5Ce0.5Mn2Ge2,445.0,429.65450953123246
Sr2Ce0.6Y1.4Co1Cu2O9.03,48.0,65.3987446872276
Sr2Ce0.6Gd1.4Cu2Ru1O10,148.5,120.87560185441643
Ce0.75Y0.25,13.5,20.567804057046047
Sr2Ce0.7Y1.3Co1Cu2O9.03,67.0,64.68199313574355
La0.3Ce0.7Ga1Pt1,2.35,7.183084416653314
Tb0.3Ce0.7Mn2Ge2,451.0,425.2707644724499
Ce0.7Y0.3,7.0,19.66333329378524
La0.13Ce0.87Si2Ru2,4.4,15.119944522466847
Sr2Ce0.8Y1.2Co1Cu2O9.03,90.0,54.57618429954875
La0.2Ce0.8Ga1Pt1,2.5,6.840601446266438
Tb0.2Ce0.8Mn2Ge2,452.0,425.82746900491907
La0.2Ce0.8Si2Ru1.7Rh0.3,5.5,17.869915617246196
La0.09Ce0.91,10.0,43.66586194571778
La0.03Ce0.97Cu2.2Si2,7.0,6.049958941616363
La0.015Ce0.985Cu2.2Si2,3.0,6.903969291206357
Sr2Ce0.9Nd0.9Y0.2Cu2Ru1O10,56.0,95.94581641065183
La0.1Ce0.9Ga1Pt1,3.15,5.956674760740828
Tb0.1Ce0.9Mn2Ge2,453.0,416.6148656064953
La0.1Ce0.9In5Rh1,2.7,7.5729173746439296
Ce0.9Y0.1,10.0,29.941837513504638
Ce1.01Si1Pt3,2.2,8.89620050139481
Ce1In5Co0.6Rh0.4,4.0,9.780317199608422
CeGaCo,4.3,33.217616026465194
Ce1Co1Si2.7Ge0.3,4.0,9.759473169982424
Ce1Co1Si2.25Ge0.75,5.5,9.880823229368428
CeCoGe,4.86666666666667,15.250769225791325
Ce1Co1Si1.1Ge1.9,1.2,9.58639247836489
CeCoGe2,3.9,9.764902477314182
CeCoGe3,16.8888888888889,8.173050615818356
CeCoSi,8.8,18.480373070426193
Ce1Co1.5Cu0.5Ge4O12,4.6,24.75234724789808
Ce(CoGe)2,29.5,19.594291113412588
Ce(CoP)2,440.0,29.42084920848013
Ce1Cr0.05Fe1.95,40.0,107.3351788506896
Ce1Cr0.06Fe1.94,50.0,79.98983315423476
Ce1Cr0.91Fe0.09O3,245.0,242.2644869651996
Ce1Cr0.92Fe0.08O3,250.0,247.32745373193964
Ce1Cr0.93Fe0.07O3,251.0,249.92022043635063
Ce1Cr0.94Fe0.06O3,253.0,252.27559647702998
Ce1Cr0.95Fe0.05O3,253.0,248.84215840718213
Ce1Cr0.9Fe0.1O3,244.0,239.0667858525762
CeCrO3,258.5,249.97163405197963
Ce1Cu0.18Ni0.82Sn1,3.5,11.127108391058043
Ce1Zn0.8Cu0.2,26.0,18.996776104007335
Ce1Zn0.6Cu0.4,22.0,17.226095346764833
Ce1Mn1.5Cu0.5Ge2,325.0,302.782960824082
Ce1In1.5Cu0.5,2.1,7.344614656797241
Ce1Ga3.3Cu0.7,4.0,7.585968726856864
Ce1Cu0.86Ge2,16.5,7.946994520915535
CeCu,3.18333333333333,20.863098451715214
CeGa3Cu,2.63333333333333,7.872696473093108
CeCuGe,10.2,9.09248866608956
CeCuSb2,6.9,8.137179675590705
CeCuSi,14.9,9.503429417437252
CeCuSn,7.83333333333333,7.913497420008222
Ce1Cu1.3Sb2,7.7,8.135448197630055
Ce1Cu1.54Si1.46,7.0,7.567785418892656
CeCu2,3.5,22.375816636221188
Sr2Ce1Gd1Cu2Ru1O10.03,140.0,118.7130063813394
Ce1Cu2Si1.8Ge0.2,1.3,6.421604738080893
Ce1Cu2Si1.5Ge0.5,1.95,6.592053362535703
Ce1Cu2Si1.1Ge0.9,3.0,7.2433939612078975
CeCu2SiGe,3.1,5.970725094038103
Ce(CuGe)2,4.15,7.517669794193764
Ce(CuSb)2,6.0,7.147589730786274
Ce(CuSn)2,2.1,7.628342207483558
CeCu3Pd2,1.8,9.869279274095145
CeCu4Pd,1.8,6.792541570316071
CeCu5,3.8,8.600106593363995
Ce1Mg2Cu8.82Ni0.18,1.7,10.677084853358362
CeIn2Cu9,1.6,9.462601466670238
CeMg2Cu9,2.5,7.422469577151803
Ce1Mn1.5Fe0.5Ge2,353.0,298.5399843560382
Ce1Fe1.86Ru0.14,110.0,145.9101063998111
Ce1Ga0.15Pd3,4.0,5.734991684586166
Ce1Ga0.1Pd3,3.3,7.060366837992914
Ce1Zn0.92Ga0.1,26.3,18.060223271413033
Ce1Zn0.76Ga0.22,20.8,15.799369446200057
Ce1Ga0.2Pd3,2.3,6.085321148183395
Ce1Zn0.8Ga0.2,21.5,14.153276069983338
CeGa,6.0,14.561405630051519
CeMgGa,3.1,9.288798121361442
CeGaPd,1.95,6.450545078575687
CeGaPt,3.43333333333333,6.243692212364355
CeGa2Ni,4.0,16.015710967253042
Ce(GaPd)2,2.25,6.443504599762613
CeGa3Ni,6.0,14.799323222117964
CeGa3Pd,5.5,6.4266496051898905
Ce1Ga3.2Pd0.8,1.3,6.709227998177259
CeGa4Ni9,3.0,25.98529321655038
CeGa6Ni7,3.0,16.634094596373174
CeGa6Pd,7.75,8.316333772211193
Ce1Ga6.5Ni6.5,3.0,19.811653219062592
Ce1Ni1Sn0.9Ge0.1,16.9,9.449661523814296
Ce1Si1.58Ge0.42Ru2,8.5,14.116079673548638
Ce1Si1.48Ge0.52Ru1.8Rh0.2,6.9,16.806853136598203
Ce1Si0.4Ge0.6Pt1,1.5,6.84832332735902
Ce1Si0.4Ge0.6,8.3,8.830658994347987
Ce1Ni1Sn0.1Ge0.9,15.7,11.808380770381742
CeGe,10.4,9.029879518292605
CeMnGe,177.0,344.065384628825
CeGePd,3.4,5.904475336336799
CeGePt,3.4,6.6691993118697965
CeGePt3,3.0,6.082224334649567
CeGeRh,9.425,12.66025457147688
CeSiGeRu2,10.0,13.718172850816066
Ce1Sc0.65Ti0.35Ge1,20.0,27.057344026772395
CeScGe,46.5,34.67306406421265
Ce1Si0.6Ge1.4Ru2,10.4,14.010176075032877
Ce1Si0.5Ge1.5Ru2,9.2,12.905688923585418
Ce1Ge1.66,6.7,8.238138115814756
Ce1Si0.25Ge1.75Ru2,8.8,14.317770832466772
Ce1Si0.2Ni1Ge1.8,2.75,8.809305489655474
CeGe2Ir,4.0,7.44855560817902
Ce(MnGe)2,409.0,415.1622644330325
CeNiGe2,3.5,8.097721515083572
Ce1Ni1.3Ge2Pd0.7,3.1,12.286340832054341
Ce(GePd)2,5.08,6.361686930611338
Ce(GePt)2,2.1,6.167071440933753
Ce(GeRh)2,14.0,26.246048578936502
Ce(GeRu)2,8.25,12.875308096825043
CeNiGe3,5.5,9.554651587347426
CeGe3Pd5,1.9,6.662154233155954
CeGe3Pt5,1.1,6.317404825109385
Ce1Mn1.5Ni0.5Ge4O12,7.0,20.875434556669912
Ce1Sb1H0.2Rh1,3.6,25.297872346055446
Ce1Sb1H0.8Ir1,7.0,14.31092629633654
CeSbHIr,7.0,17.293760628893256
CeNiSnH,4.5,28.039504591587423
CeSnHPd,5.0,8.520701858551782
CeH2,4.3,11.422023191956713
Ce1H2.35,5.3,12.215230832785773
Ce1H2.6,4.3,11.338411430516269
Ce1In4.5Hg0.5Rh1,2.6,6.652847880047435
CeIn4HgRh,4.5,6.494737019498438
Ce1In3.75Hg1.25Ir1,8.0,10.937638844877771
CeInPd,1.75,5.928719914345382
CeInPd2,1.23,6.296372074801208
Ce1In2.75Sn0.25,6.4,7.538142816187079
CeIn3,10.28,7.5908258755179725
Ce(In2Pd)2,2.4,6.268545019517318
CeIn4Pt,1.65,5.823373834678327
Ce1In5Ir0.35Rh0.65,3.3,7.581862646045326
Ce1In5Ir0.3Rh0.7,4.0,6.98049936352563
CeIn5Rh,3.39722222222222,6.800018585028738
CeSi3Ir,4.19916666666667,6.879718705324496
Ce(SnIr)2,4.1,18.192414793262532
CeMg,19.5,15.782272170468273
CeMgPb,7.0,7.983540458275799
CeMgPd,2.1,6.696275020903662
CeMgSn,12.5,8.365272563903515
Ce(MgSi)2,4.5,8.837503372489554
Ce(MnSi)2,422.0,379.1478890742477
CeMn7O12,78.0,89.64762088969017
Ce(Mo3S4)2,2.3,19.52881350916028
Ce1Ni0.05Sb1,9.0,9.721281360190686
Ce1Ni0.08Sb1,8.5,9.214028679530013
Ce1Ni0.15Sb1,9.5,9.825999636550252
Ce1Si2Ni0.1Rh1.9,275.15,13.950064338637102
Ce1Si2Ni0.2Pd1.8,6.0,8.507485825102139
Ce1Si2Ni0.36Pd1.64,2.2,8.556602424479554
Ce1Si2Ni0.4Pd1.6,1.2,7.741488936642918
Ce1Ni0.78Sn2,4.0,8.24668355584223
Ce1Ni0.86Sn2,4.4,10.902966590965752
CeNiSn,4.0,9.556313105607899
Ce(NiSn)2,1.85,15.757634660289861
Ce(Ni2Sn)2,11.2,15.328813776416617
Ce(SiNi)6,2.0,15.997838109241203
CeSi6Ni7,2.0,14.580509783800188
Ce1Si4.2Ni8.8,50.0,16.170738017268846
Ce1Ti0.5V0.5O3,45.0,80.7957901177587
Ce1Ti0.9375V0.0625O3,90.0,77.42038888509526
CeTiO3,116.0,100.2997886452605
CeVO3,131.5,94.23748291962606
CeP,9.25,16.66766282685065
CeZnPb,3.2,6.5569821023329515
CePb2,3.6,9.127757457842911
Ce1Sn1Pd0.25Pt0.75,6.9,6.434991912205421
Ce1Sn2Pd0.427,1.5,6.44254127954152
CeSb3Pd,3.1,6.327703948780273
CeSi2Pd,4.75,6.232768557184786
CeSi3Pd,5.2,6.275239661512253
CeSnPd,7.125,6.026769173711987
Ce1Pd1.41Pt1.59S4,7.0,10.038958596213392
CeSiPd2,2.3,5.946959546655651
Ce(SiPd)2,11.3333333333333,6.574452986005914
Ce(Sn2Pd)2,2.1,6.070405336856514
CeZn3Pd2,1.9,5.809150548553072
Ce1Pd2.1Pt0.9S4,7.0,9.906204186359739
CeSi2Pt,1.8,6.268724384405396
CeSi3Pt,6.0,6.449563102150134
CeSnPt,7.58333333333333,5.961045681906432
CePt2,1.7,25.795807234003735
CeSiPt2,6.6,6.743434629663297
Ce1Si1Pt2.97,4.0,8.890761258084748
CeSiPt3,2.2,6.28247120020961
CeSi3Rh,1.73333333333333,7.439105280475299
Ce(SiRh)2,33.375,32.325843475132565
CeSi2Rh3,4.5,19.292740899734316
CeSiRu,5.3,16.54771891343626
Ce(SiRu)2,10.0,17.94675387781151
CeS,7.5,28.17428637237706
CeSb,16.1142857142857,10.533760702594206
CeSe,8.8,15.813054392211237
CeSi,5.86666666666667,11.077341415207528
CeTe,4.8,10.528640298030705
CeTe2,4.3,16.00553512232
CeTl3,3.9,10.646302037476794
CeY,37.0,24.718152564623043
CeZn,31.7,20.609994809581192
CeZn2,7.125,9.30573608401608
CeZn5,3.8,7.0751300209140116
Ce1.15Nb1S3.15,275.65,18.243108171952528
Sr2Ce1.5Eu0.5Fe1Cu2O9.7,25.0,157.37581518636634
Ce1.75Y0.25Ge5Ir3,3.5,10.939953804855792
Ce117Co54.5Sn115.2,9.0,56.245600433466244
Ce2Co0.2Si3Pd0.8,3.3,10.256026574843325
Ce2Co0.4Si3Pd0.6,3.3,7.589203634753576
Ce2Co0.6Si3Pd0.4,3.1,9.1682716380772
Ce2In8Co,1.6,9.122144625113846
Ce2CoSn2,6.0,9.832902721129228
Ce2Co2O7,34.0,67.3601622366688
Ce2Cu0.2Ni0.8Ge6,10.5,8.176080660316362
Ce2CuGe6,14.47,7.431142379828654
Ce2CuNiGe6,15.0,7.952329571416996
Ce2InCu2,5.5,10.475651675394387
Ce2Cu3Si5,4.4,7.651287906167502
Ce2Fe17F,210.0,234.38904808285184
Ce2Mn2Fe15,170.0,205.39540284761216
Ce2Mn1.7Fe15.3H1,177.0,198.83708022949935
Ce2Mn1.7Fe15.3,176.533333333333,185.089730481133
Ce2Mn1.3Fe15.7H1,187.5,190.56316368330891
Ce2Mn1.3Fe15.7,187.5,194.82686310749673
Ce2MnFe16H,196.0,190.18466919794707
Ce2MnFe16,199.0,200.62748016566962
Ce2Mn0.75Fe16.25,206.0,204.7773180687105
Ce2Mn0.5Fe16.5,206.0,210.05473765498934
Ce2Mn0.35Fe16.65,209.0,203.4361473569208
Ce2Fe17,211.333333333333,243.01478679230064
Ce2Fe17HS,215.0,212.33141816960807
Ce2Fe2S5,4.2,137.81930701967994
Ce2GaRh2,128.5,15.464599897076567
Ce2Ga12Pd,11.0,7.433401480021527
Ce2Ga12Rh,3.5,9.583733366015768
Ce2Si0.15Ni3Ge0.85,4.3,11.28773523699074
Ce2Si0.05Ni3Ge0.95,4.8,8.33876672636869
Ce2Si0.1Ni3Ge0.9,4.6,9.470563967465653
Ce2GeRu,12.0,11.797210608869271
Ce2NiGe3,3.2,8.437906884593952
Ce2Sc3Ge4,4.6,20.194918894351446
Ce2Ni3Ge5,4.875,9.864307871140298
Ce2Ge5Pd3,3.8,5.675668242013
Ce2Ge5Rh3,5.5,11.432153559738618
Ce2Ge6Pd,11.5,7.007680848489182
Ce2Ge6Pt,9.9,6.782886504729728
Ce2In1H1.48Pd2,4.6,7.151830148058671
Ce2In1H1.95Pd2,4.6,7.050933322323586
Ce2In(NiH)2,8.5,29.031438825601544
Ce2In1H2.49Pd2,4.6,8.790709139630225
Ce2In1Ni2H4.98,11.85,37.518295517400574
Ce2Mg3H48(NO3)12,1.02545,28.33127225231327
Ce2InPd2,4.4,6.410723516394871
Ce2In8Rh,2.85714285714286,7.678708013276733
Ce2MgSi2,12.0,7.244719007918097
Ce2Si3Ni,3.0,10.5830944546463
Ce2Ni2Sn,4.7,22.89315740750478
Ce2ZnO4,10.0,41.48353923604667
Ce2Si3Pd,3.0,6.253021037795759
Ce2Sn0.95Pd2.05,4.7,6.213369709541088
Ce2Sn0.9Pd2,4.5,7.395811743558943
Ce2SnPd2,4.8,6.012269897946629
Ce2Sn1.1Pd2,4.6,5.99048454459156
Ce2Si5Pd3,8.1,5.9493857361526965
Ce2Si3Pt,5.5,6.821618810651902
Ce2Si3Rh,5.5,8.626587174310131
Ce2Zn4Ru,2.0,9.832973921493613
Ce2ScSi2,2.6,22.97680683004666
Ce2Sc3Si4,5.6,21.6081283736487
Ce2YSi2,4.8,10.26817001528645
Ce2Sn5,2.9,8.886380994341934
Ce2Zn17,1.6,7.171867847129511
Ce3CoGe2,3.4,11.777534693657461
Ce3Co2Sn7,4.6,8.3598333900027
Ce3Cu,5.0,19.16764639710833
Ce3CuSnSe7,5.0,15.613928719856272
Ce3(CuGe)4,10.3,8.056540482234317
Ce3(CuSn)4,10.35,7.819576126581085
Ce3NiGe2,6.2,11.433191344096002
Ce3(GeRh)2,7.0,17.555304275021037
Ce3Ni2Ge7,7.35,8.48996249180681
Ce3InN,9.0,8.674938598987975
Ce3In11Pt,2.08,7.348860058219855
Ce3Si3Ni,6.0,17.138330861718284
Ce3Ni1.69Sn7,3.7,10.097344090623592
Ce3Ni2Sn7,3.85,8.16016062830863
Ce3(Sn5Pd3)2,4.4,6.178935753329961
Ce3Si2Rh3,6.5,24.905344147957084
Ce3Sn13Rh4,1.6,6.560429163728134
Ce3Sn7Rh4,2.31,8.431101879647098
Ce3Si2,8.5,9.141713648419612
Ce3Sn7,5.1,8.145121198012099
Ce4Co2Sn5,4.0,9.679527398766474
Ce4Ge3,9.0,11.026625440051212
Ce4Ni3Pb4,3.0,17.285297415840027
Ce4Sb3,2.0,11.834093911296883
Ce5CuSn3,3.5,8.225807949810617
Ce5GaNi2,6.0,20.577467748899693
Ce5(Sn5Ir2)2,6.0,10.259657134203257
Ce5Si3Ni1.85,4.8,12.95965009402088
Ce5Si3Ni2,7.0,10.820720952699645
Ce5Rh3,3.55,32.373099182917656
Ce5(Sn5Rh2)2,6.0,7.206974928723725
Ce5Si2.69,12.0,12.037379309767365
Ce5Si2.7,12.0,9.748396412574223
Ce5Si4,5.6,9.112654562625629
Ce5Sn3,18.0,8.477690532985541
Ce6In5Pd12,1.6,6.170166390032621
Ce6Si4Ni7,2.0,22.43514496905632
Ce7Ni3,2.27666666666667,39.153977695239824
Ce7Pd3,5.4,12.656412546165903
Ce8GaPd24,3.6,6.395282547001216
Ce8Ge0.25Pd24,6.0,6.219838629003421
Ce4GePd12,3.0,6.181303568840415
Ce8SnPd24,7.0,6.777607923808959
Ce9Ga5Ru4,3.7,19.921064176310065
CsCl,60.0,50.11532134817477
CsCu7TeS5ClO20,4.3,27.93735051104383
LaNb2CuClO,3.7,66.22317135515392
Cu2H3ClO3,18.0,22.04734481268541
La0.95Dy0.05Cu3Se2Cl1O8,32.0,33.689256078848004
La0.9Dy0.1Cu3Se2Cl1O8,32.0,32.56992852777256
DyCu3Se2ClO8,38.0,32.28753415470787
LaCu3Se2ClO8,32.0,33.24144335161296
NdCu3Se2ClO8,34.0,32.98394455005279
KCu7TeS5ClO20,3.2,15.18704439876126
NaCu7TeS5ClO24,3.8,17.978719249492627
RbCu7TeS5ClO24,4.8,17.95208490075629
DyClO,9.0,11.391048480362361
Nd2FeSe4ClO12,6.7,37.65832988056325
FeClO,200.0,273.864914259246
Fe2H3ClO3,12.0,131.7989336892254
TiFe3Pb5ClO11,450.0,292.18843788547554
Ni2H3ClO3,4.0,33.1454322640208
MnSbS2Cl,35.0,72.345845731172
NaCl,11.0666666666667,56.55900080298638
SmClO,8.0,19.430809386147907
TbClO,4.0,23.160766042140818
Sr4Ru6ClO18,48.0,68.79439172229971
Gd1Cl1.6,50.0,25.937831833874206
Co0.143Ni0.857H12Cl2O6,4.71,9.69284226988337
Mn0.848Co0.152H4Cl2O2,13.6,17.256796367550184
Co0.1Ni0.9H2Cl2O1,9.5,16.253064476518542
Co0.3Ni0.7H2Cl2O1,13.4,14.110608566680055
Co0.527Ni0.473H12Cl2O6,3.08,8.743686173616007
Mn0.465Co0.535H4Cl2O2,8.12,16.572389965432432
Co0.5Ni0.5H2Cl2O1,15.0,17.15584493932202
Co0.792Ni0.208H12Cl2O6,2.58,8.99271202814478
Co0.7Ni0.3H2Cl2O1,14.9,14.502541072074152
Co0.9Ni0.1H2Cl2O1,14.4,14.547770804968522
CoCl2,17.8,63.4091420417392
CoH12(ClO3)2,2.29,9.040435340802231
CoH2Cl2O,15.0,16.640647444330067
CoH4(ClO)2,17.6,13.744518172316923
Co2TeCl2O3,18.5,33.05265783629582
Co5Se4(ClO6)2,18.0,28.477999758749228
Co5Te4(ClO6)2,18.0,26.60204260362769
CrCl2,30.0,68.10833729742626
CuCl2,70.0,101.83708138923186
CuH2Cl2O,4.3,18.79456374442111
CuH4(ClO)2,4.33066666666667,21.04569639095044
Sr2Cu(ClO)2,256.0,94.64602168696106
Sr2Cu3(ClO2)2,209.8,90.08672406856046
EuCl2,1.1,17.92592363709447
FeCl2,23.51,87.75400031140408
FeH2Cl2O,10.75,72.75607612289176
FeH4(ClO)2,23.0,43.18722164901423
FeH8(ClO2)2,1.05,75.56771878037311
NiH12(ClO3)2,5.39925,9.049717459806088
NiH18(N3Cl)2,1.45,15.36845163016132
Mn0.1Ni0.9H2Cl2O1,5.26,15.688272667940444
Mn0.2Ni0.8H2Cl2O1,3.25,13.963124041702182
Mn0.3Ni0.7H2Cl2O1,2.23,16.207131419877584
Mn0.4Ni0.6H2Cl2O1,2.47,19.164646774436953
Mn0.5Ni0.5H2Cl2O1,2.18,19.177134623986117
Mn0.6Ni0.4H2Cl2O1,2.44,16.60298203879654
Mn0.7Ni0.3H2Cl2O1,2.44,15.074920854081135
Mn0.8Ni0.2H2Cl2O1,4.55,14.858760638798774
Mn0.95Ni0.05H2Cl2O1,2.13,15.983870687255724
Mn0.9Ni0.1H2Cl2O1,6.26,15.315615449292412
MnH2Cl2O,4.435,19.948315417505317
NiH2Cl2O,6.2025,19.497080566576876
NiH4(ClO)2,7.258,14.477173323265431
MnH8(ClO2)2,1.61,14.714680641246742
MnCl2,1.96,48.572596802899625
NiCl2,51.0,55.03765621649884
Ni5Se4(ClO6)2,4.5,30.620214495863014
Mn1H2Cl2.2O1,6.8,18.340871589174064
Mn1H2Cl2.4O1,1.62275,15.628438716378875
CsCoH4Cl3O2,3.4,15.500499666646554
CrCl3,15.4,63.963084363500904
CsCrCl3,16.0,70.21135931881054
CsCuCl3,10.4,32.7480562786216
CsMnH4Cl3O2,5.694,11.44041870625149
Cs1Mg0.033Ni0.967Cl3,3.0,30.462580087332743
Cs1Mg0.07Ni0.93Cl3,3.0,27.17035446953847
CsMnCl3,67.6666666666667,69.57552394081836
CsNiCl3,4.77,26.627135556422527
K1Mg0.027Cu0.973Cl3,1.8,26.950601618555588
Mg0.012Tl1Cu0.988Cl3,2.5,21.878570060924257
CuH4NCl3,4.2,26.57656524748285
KCuCl3,2.65,27.728248201496548
RbCuCl3,19.3,25.46780962982485
TlCuCl3,8.5,26.772022417888465
FeCl3,11.4583333333333,171.19411400874674
KMnH4Cl3O2,2.72,13.96758516313828
MnH4NCl3,107.5,26.030442263149418
HoCl3,2.15,13.703355524734496
KMnCl3,100.0,71.55537233533396
RbMnCl3,91.3,68.42853307037282
TiMnCl3,118.0,74.71431823320896
NdCl3,1.035,25.740837359802985
RbNiCl3,11.0,48.66042155853449
PuCl3,4.5,29.85871528424002
RuCl3,30.0,66.07572034419746
Tb2Cl3,48.0,17.75000275726066
TiCl3,199.75,58.047522420646374
UCl3,22.5,61.97166906179042
VCl3,30.0,109.99248991551067
Li1Cu1H2Cl3.2O1,5.9,29.292882401728697
Cs2MnH4(Cl2O)2,1.82333333333333,14.181932743604778
Cs2MnCl4,27.9675,56.845165816213026
CuCl4,3.4,73.31269114110977
FeCuCl4,21.3333333333333,51.14923725894346
TiFeCl4,11.2,77.14505523416715
K2MnH4(Cl2O)2,3.05,14.231018199138367
Rb2MnH4(Cl2O)2,2.24,13.918002864012355
Rb2NiH4(Cl2O)2,4.6,13.628856284269911
Rb2MnCl4,57.0,53.905434525085376
Na2TiCl4,13.0,53.789634764213886
Rb3CoCl5,1.14,55.944805476504314
Cs2In0.01Fe0.99H2Cl5O1,6.29,20.57851214169915
Cs2FeH2Cl5O,6.63,19.11802367850688
FeH10N2Cl5O,7.25,27.22257369537233
K2FeH2Cl5O,14.1,18.56566678517881
Rb2FeH2Cl5O,10.1,20.098571344267267
H8Ir(NCl3)2,2.16,15.14606653677375
K2IrCl6,3.05,26.21488044370511
K2ReCl6,12.1,38.107784651313885
K3MoCl6,5.43333333333333,38.346427608120514
Na2H2Ir1Cl6.6O1,4.1,21.32656821906216
H4Ir1Cl6.6O1,2.32,25.867085137626688
Cs3Cu2H4Cl7O2,1.6225,28.07277981889203
Y3Cu9H19Cl8O19,2.2,28.26217496404259
Cr0.9903Co0.0097,300.0,296.3371539452987
Cr0.981Co0.019,298.0,303.81222022495916
Cr0.99Co0.01,300.0,304.69895708698834
Fe1.05Co0.01Te1,65.0,64.74653961538131
Mn0.99Co0.01O1,118.0,126.08501691227455
Mn99.99Co0.01,95.0,104.62910931420029
Ho1Mn0.975Co0.025O3,86.0,73.73751063026278
Cr0.9721Co0.0279,311.0,296.7668420921366
Nb0.75Fe0.25Co0.033Pb1.5O3,160.0,117.84905401804899
Nb0.65Fe0.35Co0.033Pb1O3,146.0,143.4786443712658
Nb0.6Fe0.3Co0.033Pb1O3,150.0,121.8397006551005
Nb0.517Fe0.45Co0.033Pb1O3,141.0,113.06825055426427
Nb0.57Fe0.4Co0.033Pb1O3,142.0,125.04209335504086
Cr1.97Co0.03O3,301.0,296.68393006632033
V2Co0.04Ni1.96Pb1O8,4.3,28.907730983711264
Cr1.95Co0.05O3,301.0,296.4182748454596
Fe0.95Co0.05Sn2,348.0,357.2713330489229
Gd0.03Zn0.92Co0.05O1,42.0,68.35244882248232
Sm1Mn1.95Co0.05Ge2,175.0,269.1018104134607
Ho1Mn0.95Co0.05O3,118.0,76.60199106283514
La0.03Zn0.92Co0.05O1,61.0,62.59677873025657
Mn0.95Co0.05O1,125.0,134.6241803678682
Mn3.95Nb2Co0.05O9,69.0,71.10774602261807
Mn99.95Co0.05,110.0,103.41961375175039
Zn0.95Co0.05O1,260.0,64.54556783297535
Er1Ga3Co0.06,3.3,8.79472260913055
Hf0.8Ta0.2Fe1.94Co0.06,340.0,315.531385128183
Cr1.93Co0.07O3,301.0,295.6847443369052
Fe1.02Co0.07Te1,47.0,72.38283836411104
Cr0.907Co0.093,298.0,287.71949337038563
Cr1.01Sb1.01,713.0,634.9807338480207
Zn(FeO2)2,9.0,134.4792362268427
Hf0.8Ta0.2Fe1.88Co0.12,330.0,327.4630707813051
Sm1Mn1.85Co0.15Ge2,230.0,299.2883291296035
Ho1Mn5.85Co0.15Sn6,330.0,326.8943367100053
Mn1.85Co0.15Sb1,120.0,239.9194837277282
Ho1Ga3Co0.16,10.2,10.363606295934623
Hf0.8Ta0.2Fe1.82Co0.18,320.0,316.4203060105674
Cr1.9Co0.1O3,301.0,262.4139051496529
Cr2Fe0.9Co0.1S4,178.0,181.73738368575985
Mn2Ga1Fe0.9Co0.1,330.0,293.3765702110018
Hf0.8Ta0.2Fe0.9Co0.1,317.0,291.86686901265074
Sr0.3La0.7Fe0.9Co0.1O3,298.15,335.7682651135138
Nd1Fe0.9Co0.1O3,550.0,602.8238260881517
Tb1Fe0.9Co0.1O3,570.0,394.8965641126906
Fe2Co0.1Ni0.9O4,895.0,774.9452924352435
Ho1Mn0.9Co0.1O3,125.0,75.6492885893282
Ho1Mn5.9Co0.1Sn6,325.0,328.81629898337985
Li1Co0.1Ni0.9P1O4,21.2,24.60526530577562
Nd1.9Co0.1O3,312.0,18.51751246767407
V2Co0.1Ni2.9O8,8.5,35.985990420470365
Cr0.808Co0.226Sb1,660.0,596.323597162499
Ho1Co0.23Sn2,5.6,11.739150233233866
Er1Co0.24Sn2,4.6,7.854828270227312
Cr0.75Co0.25Sb1,700.0,518.1541763228989
Ho1Mn5.75Co0.25Sn6,330.0,322.74373409542227
Mn0.75Co0.25O1,165.0,154.1160705008454
Tb1Co0.25Sn2,18.8,18.684901683615205
Dy1Co0.26Sn2,7.0,14.972354044940088
Gd1Co0.27Sn2,16.5,23.399979025488737
Mg0.2Zn0.2Co0.2Cu0.2Ni0.2O1,106.0,80.63942326340316
Fe0.8Co0.2Cu2Sn1S4,8.0,28.226608576810186
Mn2Ga1Fe0.8Co0.2,320.0,285.8426496408169
Sr0.3La0.7Fe0.8Co0.2O3,298.15,336.85552871775445
Sr1La1Fe0.8Co0.2O4,230.0,273.6984453885431
Li1Fe0.8Co0.2O2,19.0,136.40321917287721
Nd1Fe0.8Co0.2O3,570.0,519.1373217547258
Tb1Fe0.8Co0.2O3,470.0,417.5523633901956
Pr1Mn1.8Co0.2Ge2,401.0,341.8656987813408
Ho1Mn5.8Co0.2Sn6,335.0,326.51111151378944
Mn0.8Co0.2P2,80.0,154.3170319575682
Mn1.8Co0.2Ni1O4,115.0,115.61642556841122
Mn1.8Co0.2Sb1,129.0,237.12077707384307
Co0.33Ni0.67O1,418.15,445.18617720192987
Mn0.66Co0.34P2,230.0,135.64524703729356
Sr1Ti0.65Co0.35O3,14.9,52.83447119283858
Mn2Ga1Fe0.7Co0.3,304.0,263.3161871544286
Nd1Fe0.7Co0.3O3,573.0,502.09244641219124
Fe0.7Co0.3Si1,50.8,156.80875751204516
Fe2Co0.3Ni0.7O4,839.0,804.5143203104079
U1Co0.3Ge1Pd0.7,29.0,46.912966304512494
Co0.3Ni0.7P1H6N1O5,7.4,11.077493151054245
Sr2Co0.3Ir0.7O4,34.0,114.19453307186463
Mn0.7Co0.3P2,175.0,185.44322951286745
Co0.41Ni0.59P1H6N1O5,6.5,10.651344547601356
Co0.41Si0.59O1.18,150.0,48.30267335293229
Cr0.606Co0.452Sb1.006,450.0,271.8021189304794
Co0.46Cu0.54O1,285.0,278.39113286518517
Co0.48Ni0.52O1,290.0,556.4724447214459
Mn0.49Fe0.02Co0.49,375.0,341.11895108169705
Mg0.6Cr1Fe1Co0.4O4,290.0,267.7526743560661
Cr2Co0.4Cu0.6O4,100.0,62.56252764994502
Mg0.6Cr2Co0.4O4,15.0,47.715839504853946
Fe0.6Co0.4Cu2Sn1S4,10.0,19.99772271404063
Dy1Co0.4Ge2,10.0,15.895571090433794
Sr1La1Fe0.6Co0.4O4,230.0,242.7785183609387
Li1Fe0.6Co0.4O2,8.0,72.04386259266668
Mn1Fe0.6Co0.4O1,120.0,149.17325188400298
Mn1Fe0.6Co0.4P1,310.0,197.93522230176364
Nd1Fe0.6Co0.4O3,576.0,427.80400986147487
Zn0.6Fe2Co0.4O4,322.0,388.7450077728116
Gd1Co0.4Ge2,10.0,24.82619473990828
U1Co0.4Ge1Pd0.6,31.0,43.31281470857438
Ho1Co0.4Ge2,8.0,12.794579240425099
Pr1Mn1.6Co0.4Ge2,258.0,323.50589021201705
Co0.52Ni0.48O1,590.0,375.41193051263963
Fe0.45Co0.55Si1,30.7,137.5753851963943
Zn0.5Fe2Co0.5O4,468.0,478.01063807804894
Zn0.5Cr0.1Fe1.9Co0.5O4,430.0,434.8901212751664
Zn0.5Cr0.2Fe1.8Co0.5O4,403.0,399.8774371185216
Zn0.5Cr0.3Fe1.7Co0.5O4,350.0,373.9796055164272
Zn0.5Cr0.4Fe1.6Co0.5O4,330.0,339.3945415025069
Zn0.5Cr0.5Fe1.5Co0.5O4,300.0,354.4029699879137
La0.8Gd0.2Cr0.5Co0.5O3,124.0,119.86617427764243
La0.8Pr0.2Cr0.5Co0.5O3,130.0,121.56917912961148
La0.8Sm0.2Cr0.5Co0.5O3,126.0,117.31496530249171
La1Cr0.5Co0.5O3,214.0,132.21980787622857
Mg0.5Cr1Fe1Co0.5O4,310.0,312.51638109872334
Dy1Fe0.5Co0.5O3,300.0,248.99362713807832
Sr0.75Eu0.25Mn0.5Co0.5O3,210.0,125.61224142044661
Eu1Fe0.5Co0.5O3,300.0,238.46029921331458
Sr1.2La0.8Fe0.5Co0.5O3.65,195.0,291.556327355197
La1Fe0.5Co0.5O3,370.0,185.67626311570382
Sr1La1Fe0.5Co0.5O3.75,300.0,228.69322115433718
Sr0.8La1.2Fe0.5Co0.5O3.85,300.0,244.3215199640994
Mn1Fe0.5Co0.5O1,120.0,137.19284066772562
Sr0.75Y0.25Fe0.5Co0.5O2.625,300.0,185.33339719902182
Sr1Fe0.5Co0.5O2.67,70.0,237.566699219182
Fe2Co0.5Ni0.5O4,800.0,805.1622521778869
U1Co0.5Ge1Pd0.5,27.0,40.96054548126317
Sm3Co0.5Ge1S7,14.0,15.015016737697207
Pr1Mn1.5Co0.5Ge2,258.0,285.94284805660453
Tb1Co0.5Ge2,18.0,22.116662904530433
La0.02Ta0.5Co0.5Pb1O3.03,153.0,44.40671605277882
Mn0.5Co0.5O1,210.0,189.96239036500933
Sr1Mn0.5Co0.5O3,34.0,161.1547521391213
Mn1.5Co0.5Ni1O4,170.0,156.64101065621304
Sr1Nb0.5Co0.5O3,19.5,70.91998394089848
V2Co0.5Ni2.5O8,8.5,31.791249158394727
Co0.5Pb1W0.5O3,9.0,67.44345618939518
Sr1Ti0.5Co0.5O3,26.1,72.75943581652803
Mn0.37Co0.63,60.0,75.57159199134564
Mn0.35Co0.65,13.0,184.11582734185447
Co0.66Ni0.34P1H6N1O5,6.3,10.09837772477299
Cr0.404Co0.678Sb1,150.0,281.8477451266302
Gd1Ga1.33Co0.67,204.0,58.455275615573925
Mg0.33Co0.67O1,155.0,165.83645618330277
Co0.67Ni0.33O1,358.0,399.260834150472
Co0.67Te1,115.0,54.10070417811032
Cr2Co0.6Cu0.4O4,100.0,74.5154366747124
Fe0.4Co0.6Cu2Sn1S4,14.0,27.215212619271938
Mn0.4Co0.6Cu2Sn1S4,7.7,36.382764600586434
Rb2Mg0.4Co0.6F4,20.0,53.832744613470034
Li1Fe0.4Co0.6O2,4.0,43.610119192439356
Mn0.6Fe0.4Co0.6,275.0,321.9022548911923
Mn1Fe0.4Co0.6O1,120.0,147.37087830657921
Zn0.4Fe2Co0.6O4,513.0,526.4324093805269
Fe2.4Co0.6O4,2.0,662.3837235152051
U1Co0.6Ge1Pd0.4,19.0,51.49319180443721
La1Mn1.4Co0.6Si2,144.0,211.92347267769864
Zn0.4Co0.6Te1Mo1O6,2.0,36.317985089122544
Co0.75Cu0.25Rh2S4,295.0,208.60121970739908
Mn0.25Co0.75O1,251.0,249.69757355219642
Zn0.24Co0.76O0.901,293.0,290.6809253214557
Mg0.3Cr1Fe1Co0.7O4,390.0,336.3950202926646
Pr1Mn1.3Co0.7Ge2,258.0,271.33503130693055
Sr0.5La0.5Co0.7Ru0.3O3,90.0,88.51920171664072
Tm1Mn0.3Co0.7O3,41.0,81.80433516217334
Co0.7Ni0.3,475.0,202.60479907067767
Co0.7Ni0.3O1,360.0,343.9330476892756
Nd1Co0.82Ge2,2.1,11.837105128945797
Zn0.18Co0.82O0.962,293.0,296.39767437356863
Pr1Co0.85Ge2,5.0,12.651824147451174
Fe0.13Co0.87O1,297.0,282.2452611354668
Mn0.11Co0.89Pd1O2,18.0,115.46079060218013
U1Co0.8Cu1.2Ge2,82.0,88.07618334522401
Fe0.2Co0.8Cu2Sn1S4,17.0,29.537566097218775
Li1Fe0.2Co0.8O2,4.0,41.921995929114246
Mn0.8Fe0.2Co0.8,345.0,358.95744990012616
Pr1Mn1.2Co0.8Ge2,306.0,235.7028810243307
Sr0.5La0.5Co0.8Ru0.2O3,80.0,97.5291560620318
La1Mn1.2Co0.8Si2,103.0,165.43135690968793
Mg0.2Co0.8O1,230.0,209.69095402173693
Co0.8Ni0.2,150.0,447.7402057110261
Zn0.2Co0.8O0.939,293.0,297.1874972010749
Fe0.09Co0.91O1,297.0,299.0326840254742
Fe0.07Co0.93O1,297.0,297.1711383756093
Li0.011Co0.989O1,284.5,339.448327466692
Mg0.1Cr1Fe1Co0.9O4,470.0,373.0599083882085
Co0.9Cu0.1Rh2S4,380.0,272.19337370470134
Fe0.1Co0.9O1,297.0,295.618945418705
Co0.9Ni0.1O1,311.0,328.2490032732993
Sr1.94La0.06Co1.016W0.984O6,24.0,33.677373762052035
Sr1.86La0.14Co1.036W0.964O6,24.0,33.08443890694217
Sr1.82La0.18Co1.044W0.956O6,24.0,36.47316558765823
Cr0.2Fe1.8Co1O4,665.0,417.1386480250305
Cr0.5Co1Rh1.5S4,360.0,126.14007786289652
Cr0.6Fe1.4Co1O4,555.0,380.2390537430752
CrFeCoO4,500.0,412.43035960775615
CrFeCoO4,402.5,412.43035960775615
CrCoPtO,293.0,298.99935363246146
CrCoO4,14.0,41.78505919169249
Cr2CoO3,307.0,189.6285968982764
Cr2CoPtO3,307.0,166.81136909369138
Cr2CoO4,93.0,136.6239992782555
Cr2CoS4,300.0,167.58758627057927
Cr2CoSe4,199.0,175.73568689333229
CsCoF3,8.0,61.18377834992242
UCoCuGe2,85.0,105.78423887376843
CoCuPHO5,60.0,33.85640320556909
MnCoCuIr,690.15,374.19005357180356
CoCu2GeS4,25.0,34.35911577177453
Sr2CoCu2(SO)2,200.0,169.8538866195523
Sr2CoCu2(SeO)2,220.0,158.09179042823783
CoCu2O3,215.0,192.5091873689181
Sr0.8Dy0.2Co1O2.71,283.0,297.9098634798645
DyGa5Co,25.0,15.750778306067303
NaDyCoWO6,10.0,17.0983308704225
DyCoO3,3.6,54.50818127783536
DyCoSi2,15.25,15.901259302819573
DyCoSn,10.0,18.268380344462365
Dy2In8Co,16.7,16.848064159292807
Dy2CoSi2,9.0,45.44860680379681
Dy3Co,43.0,52.84370705050625
Dy3GaCoS7,2.0,14.98215193866602
Dy6CoTe2,26.0,65.98560605348625
Sr0.8Er0.2Co1O2.74,318.0,293.3278394398069
Sr0.7Er0.3Co1O2.97,290.0,274.70213847539117
NaErCoWO6,4.0,19.204905338565258
ErCoSi2,5.7,10.68566912707445
ErCoSn,4.8,13.685198883634943
Er3GaCoS7,3.0,12.307160607032587
Er6CoTe2,14.0,26.434345729000896
EuCoGe3,15.4,16.857721756169305
NaEuCoWO6,10.0,22.32556973567155
Na0.44Co1O1.96F0.04,25.0,60.88278398302118
CoF2,40.1285714285714,82.68829698547076
CoF3,460.0,66.59697397701878
KFeCoF3,114.0,132.57462487269711
KCoF3,129.0,106.27980284981192
NaCoF3,65.25,91.93555991726085
RbCoF3,125.0,90.74386120293482
TiCoF3,125.0,113.65036999232038
K2CoF4,125.0,122.93916751781943
Rb2CoF4,130.0,124.83415869187489
Ti2CoF4,130.0,143.45199649375766
KFeCoF6,110.0,112.48047080243992
Fe0.2Co1Ni0.8O1,290.0,395.0664664331809
Mn0.5Fe0.5Co1,415.0,325.4710047371459
VGaFeCo,20.0,200.502938640095
La0.2Pr1.8Fe1Co1O6,271.0,236.3931889182955
NpFeCoSi2,15.0,94.40709110392116
FeCoO,291.0,372.1711920765035
FeCoRhO4,324.0,295.9238306015301
Sr0.6Pr1.4Fe1Co1O6,119.0,243.4233771697874
Sr0.4Pr1.6Fe1Co1O6,177.0,251.73337506152998
Sr0.2Pr1.8Fe1Co1O6,234.0,200.28396635467266
Pr2FeCoO6,269.0,222.9294078196385
In0.1Fe1.9Co1O4,765.0,635.4020079439476
Y0.1Fe1.9Co1O4,865.0,564.9164233161408
Fe2CoO4,795.0,266.50010817710097
Fe2CoSiO6,800.0,278.7511495615627
Ho6Fe22Co,405.0,380.4831881198269
V16Fe8Co,8.0,109.20442751525626
V4Fe8Co,8.0,132.63646046497902
V8Fe8Co,8.0,90.58110204334704
Mn1.2Ga0.8Co1O4,95.0,67.37521435714764
GdGaCo,148.0,58.20387909492356
Pr3GaCoS7,2.0,20.53940686694933
Tb3GaCoS7,3.0,14.349263786827109
HoGa5Co,9.5,14.719599372018234
NpGa5Co,47.0,63.315583070906236
TbGa5Co,36.0,21.123741052354134
Ho2Ga8Co,5.1,13.026711270519357
Sr0.8Gd0.2Co1O2.72,307.0,259.7421909630162
NaGdCoWO6,9.8,21.016088762983774
GdCoO3,33.95,97.84312989320428
GdCoSi,220.0,35.5038022628039
GdCoSi2,13.75,28.468085517772113
GdCoSn,27.0,98.60971663258542
Gd2CoGe6,20.0,19.558562485077804
Gd2Ti0.6Mn0.4Co1O6,28.0,43.522135393203996
Gd2Ti0.4Mn0.6Co1O6,34.0,40.00082328261834
Gd2Ti0.2Mn0.8Co1O6,40.0,52.367776189561646
Gd2MnCoO6,61.95,59.9090030359693
Gd3Co,130.375,85.87641377379121
Gd6CoTe2,180.0,92.02259235556737
Ti0.97Co1Ge0.03O3,38.0,83.45049892189968
Ti0.7Co1Ge0.3O3,31.0,67.82656254736989
Li2CoGeO4,13.5,21.436874453250674
Sm0.6Mn0.4Co1Ge1,30.0,143.04584759171044
Na2CoGeO4,3.5,24.884336233471842
CoGeO3,41.0,39.741144390503635
PrMnCoGe2,258.0,179.2262783848473
Nd3CoGe2,8.8,19.318953020095954
TbCoNiGe2,17.45,26.267694064389215
Sr2CoGe2O7,6.5,31.087967884744558
Tb2CoGe6,22.0,17.811983942072377
Sr1La1Co1H0.7O3,350.0,135.8428791614
Na0.334Co1H2O3,6.0,32.93071912559762
Co(HO)2,33.0,35.243680299797646
CoPH6NO5,5.5,11.420596474342101
Sr0.9Ho0.1Co1O2.51,370.0,338.1946334662125
Sr0.9Ho0.1Co1O2.58,310.0,302.7808209887694
Sr0.9Ho0.1Co1O2.69,253.0,195.59920684199074
Sr0.9Ho0.1Co1O2.73,93.0,278.71618841550423
Sr0.8Ho0.2Co1O2.75,298.0,302.9974916657562
Sr0.7Ho0.3Co1O2.91,300.0,282.04850985207673
NaHoCoWO6,9.1,17.441002875906808
HoCoO3,1.95,49.89043242864899
HoCoSi2,13.15,13.012140586337912
HoCoSn,7.7,14.267314528736001
Ho2MnCoO6,97.0,56.67764727955496
Ho6CoTe2,22.0,34.31319771095195
Ho7CoI12,30.0,16.995378540080086
InCoPO5,10.0,24.103221257518406
NdIn5Co,8.0,11.875836350782162
SmIn5Co,11.9,13.151638106845706
TmIn5Co,2.6,10.472574208829046
Nd2In8Co,9.6,9.475383502978548
Sr0.5La1.5Co1Ir1O6,88.0,47.16212886816682
MnCoIr,690.15,453.26154156879915
KCoPO4,25.0,48.46882873557574
Sr1.4La0.6Co1Ru1O6,70.0,62.47146164231467
Sr2LaMnCoO7,70.0,103.53393211530374
NaLaCoWO6,13.1,26.706033367088757
LaCoO3,85.0,119.7653146959251
LaCoSbPbO6,10.0,30.011303180604138
SrLaCoRuO6,83.5,48.699254002332594
Sr0.6La1.4Co1Ru1O6,60.0,40.823781445182064
La2Mg0.1Ti0.9Co1O6,15.0,36.08135175894204
La2Mg0.2Ti0.8Co1O6,8.0,37.04821684245953
La2MnCoO6,136.5,76.66243530075278
La2CoRuO6,25.0,41.62020814744427
La2TiCoO6,15.2666666666667,75.79695464157209
La2VCoO6,11.8,51.169389956210956
Na0.14Li0.21Co1O2,10.0,54.63751596288634
Li0.6Co1P1O4,76.0,33.23715738088435
LiCoNiO4,38.0,41.0400257634264
LiCoO2,30.0,42.37104302151306
LiCoPO4,23.0,27.951801255898094
Li2CoSiO4,14.0,23.603741109842726
MnCoSi,382.333333333333,226.80133855160653
Mn2CoO4,50.66666666666671,79.81591438058697
CoMoO4,24.0,36.07693480856256
Sr2CoMoO6,37.0,59.056326365555066
CoTeMoO6,24.4,25.27228278510512
CoMoP,11.0,115.213511130921
V2Co1N0.03O6,13.0,35.10549603470211
Na0.5Co1O2,87.0,48.504735255805656
Na0.75Co1O2,22.0,36.4383599616928
Na0.76Co1O2,23.5,37.70353674967652
Na0.77Co1O2,22.0,33.46129347476763
Na0.83Co1O2,20.0,30.888537559970946
Na0.85Co1O2,20.0,35.547731606769545
Na0.9Co1O2,18.0,36.0241587685648
NaNdCoWO6,10.8,21.248991081154138
NaCoO2,19.0,36.6560695621865
NaPrCoWO6,11.0,22.28300616298212
NaSmCoWO6,9.8,22.54284728286696
NaTbCoWO6,10.2,19.1002845525372
NaYCoWO6,7.6,32.104695287588974
NaYbCoWO6,6.8,22.846413472563643
Na2CoSiO4,4.0,24.776383918328367
Na5CoO4,10.0,30.687298240746184
Nb2CoO6,2.95,27.783230865263146
NdCoSi,7.5,21.329420568936907
NdCoSi2,11.25,11.00839860860852
NdCoSi3,4.0,12.697946238794675
Nd2TiCoO6,17.0,48.66036588279985
CoNiO,520.0,356.41167330070294
CoNiPtO,523.0,320.54490290414356
CoNiO2,590.0,406.50469787383423
CoNiP,11.0,104.29133848146827
TlCoNiSe2,95.0,127.00446004734319
UCoSi2Ni,115.0,87.28110402390196
Co1O0.8,230.0,313.39190149906216
Co1O0.982,293.0,270.70331115345306
Co1O0.998,291.0,269.9628107483118
CoO,279.97037037037,289.25557100798704
CoPtO,293.0,352.24903905296134
CoWO,200.0,225.85175890027824
ZnCoO,291.0,253.26521068758532
TiCoO2,38.0,170.01419477172385
Sr0.75Y0.25Co1O2.55,320.0,301.2079852965779
Sr1Co1O2.5,557.05,382.4374564754707
Sr0.67Y0.33Co1O2.66,290.0,254.16344775677547
Sr0.8Tm0.2Co1O2.73,307.0,286.026708768887
Sr0.7Tb0.3Co1O2.97,300.0,268.9562957549324
CoSiO3,50.0,41.354226198281275
SmCoO3,1.5,113.71879624358539
TbCoO3,3.315,50.355098865149564
TiCoO3,41.8,70.12896266675745
VCoO3,142.0,90.12136082174673
Co1Sb1.5Pb0.5O4,64.0,40.02342596326803
Co(RhO2)2,27.0,92.40677965179756
CoSO4,13.75,34.4359714939052
Co(SbO2)2,79.0,32.590239148131886
CoSeO4,30.0,31.72648278129016
UCoO4,12.0,74.31830027464876
CoWO4,47.75,54.503850181192064
CoSe2O5,8.5,25.234215380928678
Pr2TiCoO6,17.0,47.030827980226505
Sr2CoSbO6,35.0,47.658275927681466
Sr2UCoO6,7.0,28.43833335159313
Sr2CoWO6,23.0,39.0785870198017
Ta2CoO6,8.425,38.679125390187245
V2CoO6,13.8942857142857,34.98888954128604
V2ZnCoO7,4.5,21.390856054214055
Sr3TiCoSbO9,20.0,54.21790019974654
CoPRh,11.0,109.51400849102023
CoPS3,120.0,101.92697678576674
Co(RhS2)2,409.0,216.1597740054341
Co1Se1.2S0.8,90.0,88.9674765570368
CoS,358.0,235.47268638918842
CoSeS,73.0,90.65063251907641
Co1Se0.6S1.4,90.0,87.88951308941753
CoSb,40.0,170.64985415133978
CoSe2,93.0,106.35215627358154
SmCoSi2,12.0,19.341877452701922
TbCoSi2,17.25,20.437522392888958
Tb2CoSi2,13.0,52.24677497846844
TmCoSi2,3.95,9.42840713432696
SmCoSi3,8.0,14.134980974319358
Tb0.6Y2.4Co1,12.0,48.953768778153695
Tb1.2Y1.8Co1,26.0,44.0650295980089
Tb1.5Y1.5Co1,39.0,52.85185991597491
Tb1.8Y1.2Co1,48.0,57.08610009682918
Tb3Co,82.0,63.20619510874602
Tb6CoTe2,52.0,53.36175411015887
Tm3Co,4.5,36.56615851307569
Li1Co1.25Ni0.75O4,38.0,50.049977909293574
Mn1Co1.25Ni0.75O4,183.0,177.52960811379302
Sr2Ga0.8Co1.2O5,423.0,185.02572810215497
U1Co1.5Cu0.5Ge2,133.0,75.96269830365131
Np1Fe0.5Co1.5Si2,37.0,80.0035207208667
Fe1.5Co1.5O4,2.52,626.5809068689864
Sr2Fe1.5Co1.5O6.5,323.15,213.9759207492795
Sr2Ga0.5Co1.5O5,468.0,299.8174682293083
Sr0.5La1.5Co1.5Ru0.5O6,34.0,77.12276205313097
Li1Co1.5Ni0.5O4,25.0,34.470559395128596
Mn1Co1.5Ni0.5O4,195.0,190.3884111681114
Tl1Co1.5Ni0.5Se2,140.0,124.54194794729571
Na2Co1.67Ni0.33Se3O9,19.0,24.529499125412748
Tl1Co1.6Cu0.4Se2,55.0,119.88617463710429
U1Fe0.4Co1.6Si2,80.0,92.77965202420596
Mg1.4Co1.6Te1O6,21.5,30.328148623952803
Co1.72Ni1.28O4,290.0,358.4379721734439
Li1Co1.75Ni0.25O4,22.0,36.1580359771392
Mn1Co1.75Ni0.25O4,207.0,175.78988165938117
Tl1Co1.75Ni0.25Se2,140.0,152.9006177654889
Sr2Ga0.3Co1.7O5,505.0,272.8801925514537
La2Co1.7,145.0,105.65764693386996
Tl1Fe0.2Co1.8Se2,450.0,117.02508934684691
U1Fe0.2Co1.8Si2,83.0,73.8051236715209
HoTiCo11,276.0,135.96278509055531
SrCo12O19,80.0,99.2763137691059
K1.33Na2.67Co15.33Te6Pb0.67O36,49.0,64.15486991632962
Na5Co15.5Te6O36,52.0,40.50069869198955
Cs(CoSe)2,80.0,172.98962323064848
Co2CuS4,23.0,123.04923783567838
Dy(CoGe)2,17.675,18.23487969829459
Dy(CoSi)2,21.4833333333333,18.481032253735556
Er(CoGe)2,4.2,12.231639837116044
Er(CoSi)2,8.5,12.412628721633407
Er3Co2Ge3,8.5,13.718897468212818
Er3(CoGe2)2,10.0,11.475733208565075
Eu(CoGe)2,23.0,32.14463724778914
Eu(CoP)2,66.75,64.21253573740523
Co2PO4F,14.0,42.24174160505653
KCo2F3,114.0,129.15251736266637
Fe(CoO2)2,49.8,306.391568130888
Ho6Fe21Co2,448.0,421.7600964797045
Tm2GaCo2,11.5,30.85319691261565
Pr(Ga4Co)2,1.28,15.032429757460994
Gd(CoGe)2,38.75,27.640635256318447
Gd(CoSi)2,44.9142857142857,30.945167881251717
Gd4Mg3Co2,75.0,84.5404954022628
Co2GeO4,22.0,44.12165061698941
Ho(CoGe)2,9.3,16.33222118332241
Nd(CoGe)2,30.0,19.715424433266787
Pr(CoGe)2,28.0,16.571564707635883
Sm(CoGe)2,14.0,21.002139912421562
Tb(CoGe)2,31.2,21.221879249823143
Tm(CoGe)2,2.4,10.236809928378909
U(CoGe)2,175.0,65.8335871177085
Ho3Co2Ge3,10.0,18.35154372632509
Sm3Co2Ge3,43.0,33.42766936584404
Tb3Co2Ge3,29.875,30.678229221892636
Co2PHO4,70.0,36.86398798878251
Co2H2SeO5,65.0,29.779342092403134
LiCo2P4H3O14,2.6,13.78209012242393
Ho(CoSi)2,12.2,14.738030027126634
Mn0.9Co2Ir0.1O4,133.0,169.26129823618965
Mn0.7Co2Ir0.3O4,147.0,144.35968003041884
Li(CoO2)2,35.0,50.70320045441107
Li3Co2RuO6,10.0,28.577826593678083
NdMg(CoNi)2,50.0,78.41483889042776
Mn0.5Co2Ru0.5O4,160.0,112.61364578373855
Mn0.7Co2Ru0.3O4,160.0,139.58096211392325
Mn(CoO2)2,174.0,152.27635625980486
Mn1Co2O4.28,167.5,125.75682245992803
Mn1Co2O4.62,67.5,149.051113564485
Co2Mo3O8,40.0,47.763040314835976
Na2Co2TeO6,26.0,28.28728744387908
Na2Co2(SeO3)3,14.0,23.454308157193932
Na3Co2SbO6,6.35,29.56362378622367
Na3CoO3,30.0,47.85136517775287
Nd(CoSi)2,25.7458333333333,20.177638445708823
Co2NiO,462.5,376.4859901543844
Co2NiO4,500.0,203.47017036098697
NpCo2,15.0,148.28675680225817
Np(CoSi)2,43.0,78.94915143440143
Co2O,291.5,353.73869835143796
Co2Te3SeO10,11.0,21.651156738591997
Co2SiO3,293.0,80.47192079409862
Co2RuO4,20.0,79.26917258333754
Co2SiO4,49.66666666666671,41.6013244524038
Co2SnO4,41.0,45.1182790953881
Ti(CoO2)2,46.0,115.45041979502146
Sr2Co2O5,570.0,354.2577869815991
Sr3Co2O5.38,185.0,199.08660318649075
Sr3Co2O5.64,188.0,212.24459368844032
Sr3Co2O5.91,225.0,188.44417080296896
V2Co2O7,9.6,36.16561394809565
Yb2Co2O7,2.94,50.30852216561765
SrCo2(PO4)2,23.0,32.42531867236538
V2Co2PbO8,4.0,34.750222149706566
SrV2(CoO4)2,5.0,37.588860037309715
Co2P,11.0,111.20826272452062
Pr(CoSi)2,32.9571428571429,15.632453288646996
Tl1Co2Se1.5S0.5,95.0,142.99300450082467
TlCo2SeS,105.0,160.476241694571
Tl(CoSe)2,87.125,183.76450274566855
Sm(CoSi)2,17.0,19.81045711151941
Tb(CoSi)2,38.875,21.884100081815166
Tm(CoSi)2,3.0,10.370048046962825
U(CoSi)2,83.5,83.2804098426232
Yb(CoSi)2,1.7,13.032212736003721
U2Co2Sn,27.0,52.86249592533488
Co2Te3,8.0,124.42207473174608
TiCo2,43.0,190.77641915672984
Fe0.75Co2.25O4,8.0,105.49851931263643
Gd6In0.8Co2.2,34.0,100.62623547745062
Tb6Co2.35Sn0.65,42.0,65.28322007133701
Fe0.6Co2.4O4,49.3,84.28258778885727
Mg0.6Co2.4Te1O6,36.5,31.41581536863976
Dy6Co2.5Sn0.5,42.0,58.38211301857025
Zn0.4Co2.6Te1O6,21.0,37.53195292246722
Zn0.2Co2.8Te1O6,23.0,31.429470431740818
CoCu4,291.0,182.0621326188316
Cs4Co3F10,33.0,36.434204402020576
Dy1Co3H4.3,192.0,195.89995675655527
Dy2Co3Si5,21.9,14.862198372880552
Er1Co3H4.2,206.0,172.7218314396274
FeCo3O4,40.0,228.29822132859093
Ho6Fe20Co3,506.0,363.316269197829
Tb4Ga16Co3,28.0,26.45745569589338
Gd1Co3H4.4,237.0,187.33876569783678
Gd14In2.7Co3,37.0,72.21955439648708
Gd2Zn14Co3,31.5,31.067104893621917
Pr4Co3Ge10,16.0,11.486314418445907
Co3Ge2H4O9,5.2,21.916124327556755
Tb2Co3Ge5,20.6333333333333,18.334569314241367
YCo3H,273.0,192.1706154973353
Y1Co3H1.3,273.0,251.3157659685341
Y1Co3H1.5,273.0,211.4614575923088
Y1Co3H3.4,222.0,196.93134463319782
Y1Co3H3.5,200.0,214.29237156250946
Co3Te2P2(H2O7)2,12.0,17.771956622873184
YCo3H4,209.0,191.1109493582067
Nd1Co3H4.1,214.0,156.74759426128472
Ho1Co3H4.3,199.0,189.25576659233556
Tb1Co3H4.4,192.0,186.33356360899643
Y1Co3H4.6,200.0,175.07101831264157
La4Co3O10.1,13.0,94.73957449526996
Li8Nd18Ti1Co3O38.06,2.2,49.86222066284436
Co3TeMo2O11,16.3,31.66138791877866
Co3N,11.0,268.65675152308796
Co3TeP2Pb3O14,13.0,18.84822424564833
V2Co3TePb3O14,8.0,46.11880039259415
Co3O3.875,40.0,124.93609810799789
Co3O4,32.0421875,130.87522581084704
ZnCo3O5,36.5,180.21310009383316
Co3TeO6,26.0,44.298300659731645
Co3(PO4)2,30.0,40.38152550047242
V2Co3O8,11.4,50.55432622868186
Tb2Co3Si5,22.6,18.430668921962297
Mn0.8Nb2Co3.2O9,53.1,64.71168518634161
Nb2Fe0.2Co3.8O9,33.0,46.552649570471324
Nb2Fe0.12Co3.9028O9,30.0,38.28173987722311
Er(Co2Ge)2,2.6,43.33248274756731
Yb(Co2Ge)2,2.4,33.11366528371975
Co4H6Se4O15,9.0,19.423002340501096
La4Co4Pb,30.0,113.94282550453423
La4Co4Sb,170.0,51.172984658423324
Nb2Co4O9,28.25,43.38743878845649
CoO,40.0,248.42332763455505
Ta(CoO)4,290.0,214.41316678908166
Ta2Co4O9,20.0,71.36517635307882
Gd2Zn12.8Co4.2,28.0,44.514853072601234
Co5P4(HO2)10,17.0,18.858886538738886
Sr6(CoO3)5,32.0,191.00182280909894
Ti19CoO38,38.0,79.03897633278446
Gd(CoGe)6,3.0,97.20479540064429
Co6Te4H6O17,75.5,25.270854462818924
Mn5Co3,3.2,185.7792804094967
Mn25Co6,3.2,313.9459959470914
Mn5Co6,3.2,457.25900691312677
SrCo6O11,20.0,96.51658892480071
V4Co7H4O19,71.0,39.60771366743627
Co7P6(HO6)4,11.8,27.38874727602802
Ho3(Co2Sn)4,55.0,33.23557900373966
Co9S8,300.0,199.2684534851159
MnCo24,150.0,215.789345027661
Sr0.5Nd0.5Mn0.999Cr0.001O3,156.0,148.52378006366627
Sr0.5Nd0.5Mn0.995Cr0.005O3,165.0,144.0498080687203
V0.1Cr0.01Ga0.99N0.69O0.31,285.0,39.28898016303649
Sr0.5Nd0.5Mn0.99Cr0.01O3,165.0,142.5306646701646
Mn1.99Cr0.01O3,55.5,72.87300531389222
V0.99Cr0.01O3,186.0,112.60743645068338
Mn0.98Cr0.02,73.2,366.8148530311745
Mn1.97Cr0.03Sb1,104.0,236.37003708117493
Mn0.96Cr0.04Ni1Ge1,357.0,316.1395252893425
Mn1.94Cr0.04Sb1,164.0,223.37592820091308
Mn0.052Cr0.05Fe0.742Si0.085Ni0.071,160.0,181.391815266474
La1Mn0.95Cr0.05O3,140.0,120.22368751952614
Sr0.5Nd0.5Mn0.95Cr0.05O3,140.0,138.6242793784055
Sr0.5Pr0.5Mn0.95Cr0.05O3,100.0,142.7615674723879
Y1Mn0.95Cr0.05O3,77.8,82.89253249159817
Cr0.06Fe1.94O3,478.0,469.2924513748699
Mn1.94Cr0.06Sb1,260.0,186.9570507667443
Mn1.925Cr0.075O3,64.5,63.482326661890646
Zn0.92Cr0.08O1,11.0,119.1746769049908
V1.92Cr0.08O3,170.0,92.28909889038367
In2FeS4,170.0,69.07505161934796
Mn0.89Cr0.11Ni1Ge1,353.0,296.4474221423422
Mn1.88Cr0.12Sb1,318.0,236.90212632520533
Cr0.15Fe0.7Ni0.15,21.0,153.75222251313167
Cr0.15Fe1.85O3,456.333333333333,431.75967713952497
La1Mn0.85Cr0.15O3,120.0,139.15879190366525
Sr0.5Nd0.5Mn0.85Cr0.15O3,140.0,142.38629589620982
V1Cr0.17Fe0.82O4,20.3633333333333,30.409204408432135
Li1Mn1.82Cr0.18O4,42.0,67.00455123166843
Cr0.1Fe1.9Cu0.3Ni0.7O4,539.0,589.8802762680067
Sm1Cr0.1Fe0.9O3,625.5,519.8670203705012
V1Cr0.1Fe0.9O4,19.765,65.88913587762752
Gd1V0.9Cr0.1O4,4.0,37.873420272507246
Mn1.9Cr0.1In0.05Sb0.95,225.0,241.09751837669776
Sr0.5Nd0.5Mn0.9Cr0.1O3,140.0,139.8222786337711
Y1Mn0.9Cr0.1O3,86.1,77.38061638156977
Mn1.9Cr0.1Sb1,288.25,255.5119963419743
Mn2.9Zn1Cr0.1N1,172.0,152.56618593314658
Dy1Cr0.25Ge2,6.95,17.47661996599148
Ho1Cr0.25Fe0.75O3,495.0,404.8533845236416
Cr0.2Fe1.8Cu0.3Ni0.7O4,518.0,534.9619924612821
Sr0.6La0.4Cr0.2Fe0.8O2.5,170.0,280.1876226034311
Sr1La1Cr0.2Fe0.8O4,189.0,235.10002827354634
Sm1Cr0.2Fe0.8O3,583.0,529.2130082773265
V1Cr0.2Fe0.8O4,22.55,26.656139535044097
Cr0.2In1.8Fe1S4,159.0,79.60278168599574
Cr0.2Fe1.9O3,400.0,447.72462193365567
Sr3La1Cr0.2Fe2.8O9.17,168.0,214.2024417358367
Cr0.2Ir1,378.0,389.6129929647822
Sr2La1Mn1.8Cr0.2O7,140.0,136.76360950873345
Sr0.5Nd0.5Mn0.8Cr0.2O3,150.0,134.29030272708007
Sr0.33Pr0.22Sm0.44Mn0.8Cr0.2O3,50.0,90.8405962331461
Mn2.8Zn1Cr0.2N1,146.0,158.18874821315902
Sr4Mn2.8Cr0.2O10,176.0,151.63590239794266
Cr0.31Re0.69O2,5.5,29.50432719337484
Gd1Cr0.33Ge2,10.2,28.58627851235683
Cr0.34Fe0.66P2H6N1O8,3.1,21.966893495740955
Cr0.34Re0.66O2,15.0,24.68632230398614
Cr0.3Fe1.7Cu0.3Ni0.7O4,488.0,509.6015068007932
Dy1Cr0.3Ge2,11.8,15.130507477793289
Er1Cr0.3Ge2,2.95,11.717135153299603
La1Cr0.3Fe0.7O3,117.0,456.8241995337399
Li1Cr0.3Fe0.7O2,40.0,101.50019920643226
Sm1Cr0.3Fe0.7O3,480.5,414.6062758132459
V1Cr0.3Fe0.7O4,21.03,41.26865666904978
Ti1Cr0.3Fe1.7,120.0,175.11661516346686
Gd1V0.7Cr0.3O4,14.5,20.57779354576296
Ho1Cr0.3Ge2,5.65,13.004148312575223
Tb1Cr0.3Ge2,14.35,20.85115335588131
Mn2.7Zn1Cr0.3N1,127.0,155.13079339087128
V0.7Cr0.3O3,75.0,136.79534652315226
Cr0.4Fe1.6Cu0.3Ni0.7O4,479.0,462.74425503950505
Sr1La1Cr0.4Fe0.6O4,105.0,163.8198791652897
Li1Cr0.4Fe0.6O2,45.0,90.39260558723161
Nb1Cr0.4Fe0.6O4,15.4,68.22103645878262
Sm1Cr0.4Fe0.6O3,329.0,403.4271754892853
Tm1Cr0.4Fe0.6O3,343.0,333.5673979842355
Cr0.4Fe1.6O3,400.0,351.02053401110777
Mn0.3V0.3Cr0.4Te1,200.0,213.3599170082278
Mn2.6Zn1Cr0.4N1,147.0,181.36190390288988
Cr0.54Re0.46O2,22.0,51.642081593622365
La1Cr0.5Cu0.5O3,190.0,153.65145972060355
Dy0.8Er0.2Cr0.5Fe0.5O3,66.0,110.11840454844776
Gd0.2Dy0.8Cr0.5Fe0.5O3,65.0,107.34378635433288
La0.2Dy0.8Cr0.5Fe0.5O3,69.5,185.22138121083793
Dy1Cr0.5Fe0.5O3,98.5,281.94875765208974
Dy1Mn0.5Cr0.5O3,74.0,90.73957121474996
Er1Cr0.5Fe0.5O3,259.5,241.09831177316588
Y0.95Ho0.05Cr0.5Fe0.5O3,260.0,275.1456761999567
Y0.9Ho0.1Cr0.5Fe0.5O3,260.0,274.51192095909283
Y0.7Ho0.3Cr0.5Fe0.5O3,260.0,270.6638935368663
Y0.5Ho0.5Cr0.5Fe0.5O3,260.0,253.88768344180963
Ho1Cr0.5Fe0.5O3,273.0,253.81905533721914
La0.85Nd0.15Cr0.5Fe0.5O3,450.0,417.45103603491293
La0.8Nd0.2Cr0.5Fe0.5O3,450.0,406.5249668637531
La0.9Nd0.1Cr0.5Fe0.5O3,450.0,394.58956124431427
La1Cr0.5Fe0.5O3,200.666666666667,269.9477605723213
Li1Cr0.5Fe0.5O2,55.0,71.9244720828545
Nd1Cr0.5Fe0.5O3,310.0,290.1644432296797
Nd1Ti1Cr0.5Fe0.5O5,10.0,140.73058379349487
Pr1Cr0.5Fe0.5O3,270.0,279.68135821995435
Y1Cr0.5Fe0.5O3,269.75,268.3384080814219
Yb1Cr0.5Fe0.5O3,270.0,195.44328477176478
Ti1Cr0.5Fe1.5,40.0,204.95380567331014
Sr3La1Cr0.5Fe2.5O9.17,71.0,218.82274808274042
Ho1Cr0.5Ga0.5O3,132.1,51.14668721713166
Gd1Mn0.5Cr0.5O3,91.0,87.35772448495227
Gd1V0.5Cr0.5O4,17.3,24.658225115405696
Nd1Mn0.5Cr0.5O3,90.0,132.25503686254368
Y1Mn0.5Cr0.5O3,73.0,104.32972640382947
Mn2.5Zn1Cr0.5N1,234.0,153.3270861358639
Nb1Cr0.5Se2,53.0,86.319261837405
Cr0.5Re0.5O2,20.0,35.379469312369466
V0.5Cr0.5O3,163.0,141.06307413877857
Y1Mn0.39Cr0.61O3,105.8,114.74806867098303
Cr0.66Pd0.34,65.0,83.27620482119083
Mn0.33Cr0.67S1,240.0,169.78923571645328
Cr0.68Pd0.32,57.0,190.84090541155658
Ho1Cr0.6Fe0.4O3,360.0,193.46606156291688
Sr1La1Cr0.6Fe0.4O4,83.0,139.11726428939295
Li1Cr0.6Fe0.4O2,50.0,59.30538032885099
Nb1Cr0.6Fe0.4O4,6.8,37.49550065645324
Cr0.6In1.4Fe1S4,150.0,115.77088722149877
Sr1La2Cr0.6Fe1.4O7,218.0,198.3305116269423
Ho1Cr0.6Ga0.4O3,136.1,78.66975755135083
Mn0.2V0.2Cr0.6Te1,185.0,235.45980549478517
Sm1Mn0.4Cr0.6O3,75.0,132.5850081014877
Y1Mn0.4Cr0.6O3,130.0,113.17921341833419
V0.4Cr0.6O3,170.0,168.67359748266642
Ho1Cr0.75Fe0.25O3,157.0,145.11876104922504
Y1Cr0.75Fe0.25O3,160.0,148.3285633922539
Cr0.75Fe0.25Sb1,680.0,544.74483992193
Mn0.25Cr0.75Sb1,570.0,536.1993141921809
Ho1Cr0.7Fe0.3O3,148.0,173.3266149040582
Li1Cr0.7Fe0.3O2,35.0,55.1297905985593
Tm1Cr0.7Fe0.3O3,168.0,165.59623961414133
Ho1Cr0.7Ga0.3O3,138.1,92.1571508345273
Gd1V0.3Cr0.7O4,18.1,30.9713430607652
La1Mn0.3Cr0.7O3,290.0,222.03147101707614
Sm1Mn0.3Cr0.7O3,143.0,127.10720425469464
Y1Mn0.3Cr0.7O3,130.0,123.72789488016804
Mn0.3Cr0.7Sb1,500.0,517.8120635900586
Cr0.7Pd0.3,44.0,213.93807798103478
Cr0.832Re0.168,428.0,477.61642012753384
Cr0.84Mo0.16,101.0,282.50994543583533
Yb1Cr0.85Fe0.15O3,135.0,132.94719548954004
Sm1Mn0.15Cr0.85O3,170.0,166.27818039994764
Y1Mn0.15Cr0.85O3,132.0,132.95737349797787
Y1Cr0.85Ni0.15O3,125.0,121.3345192482924
Cr0.85Re0.15,559.0,469.0177531568139
Cr0.85Ru0.15,228.0,381.6176160363793
Cr0.875Re0.125,523.0,451.4616788996741
Cr0.87Se1,147.0,147.39918862583946
V0.2Cr0.8Cu1O2,12.0,44.986886380287004
Li1Cr0.8Fe0.2O2,40.0,54.36680478671141
Nb1Cr0.8Fe0.2O4,6.9,35.534214456215075
Cr0.8Fe0.2Se4,230.0,80.82286584718523
Cr0.8In1.2Fe1S4,145.0,105.6083025192881
Sr1La2Cr0.8Fe1.2O7,146.0,208.38134640213093
Ho1Cr0.8Ga0.2O3,140.4,100.11767808693723
La1Mn0.2Cr0.8O3,290.0,251.36779012283128
Mn0.1V0.1Cr0.8Te1,180.0,252.19877191571214
Sm1Mn0.2Cr0.8O3,163.0,153.45635387120765
Y1Mn0.2Cr0.8O3,135.5,126.21905200014845
Mn0.2Cr0.8Sb1,588.0,574.9347805246679
Cr0.8O1.2,50.0,324.2978092722326
Ti0.2Cr0.8O3,260.0,176.3149640223209
V0.2Cr0.8O3,273.0,176.068088751424
Cr0.8Sb2Ru0.2,128.0,188.7352091943499
Cr0.9065Fe0.0935,181.0,295.7880147988385
Cr0.9065Mo0.0935,197.0,244.9230418936653
Cr0.909Fe0.122Sb1,625.0,599.6679575855463
Cr0.914Mo0.086,207.0,216.06673012776557
Cr0.91Se1,198.0,211.1704335213227
Cr0.92Mo0.08,175.0,242.75596197222026
Cr0.949Mo0.051,245.0,256.8100702554023
Mn0.06Cr0.94,670.0,503.9442152247543
Cr0.953Fe0.047,260.0,275.0796797542546
Cr0.95Cu1Sn0.05O2,26.0,29.947363116802073
Ti0.05Cr0.95Cu1O2,22.0,37.40216785795275
Nd1Cr0.95Fe0.05O3,219.0,186.19062775202406
Yb1Cr0.95Fe0.05O3,125.0,125.79766915868544
Gd1Mn0.05Cr0.95O3,165.0,119.36031960536948
La1Mn0.05Cr0.95O3,260.0,275.9400993818694
Tb1Mn0.05Cr0.95O3,142.0,130.46970741169093
Mn0.05Cr0.95Sb2,286.0,270.4750647807351
Cr0.95Mo0.05,248.0,256.8428421301775
Y1Cr0.95Ni0.05O3,132.0,128.58835575011355
Cr0.95Re0.05,573.0,437.1037916993142
Cr0.95Ru0.05,514.0,409.8005528259898
Cr0.95Sb2Ru0.05,230.0,223.67351497279094
Cr0.95Se1,257.0,242.73315531987475
V0.037Cr0.963,275.0,120.73441423550484
V0.035Cr0.965,38.5,224.18151113491638
Cr0.967Fe0.033,251.5,273.04651424204167
Cr0.96Cu1Sn0.04O2,26.0,30.7039996801967
Cr0.96Mo0.04,250.0,262.942872515017
Cr0.96S1,450.0,213.30731852395706
Cr0.973Fe0.027,312.0,273.60980787813196
V0.0239Cr0.9761,135.0,127.46004648467428
Cr0.977Fe0.023,260.0,288.88437771144277
Mn0.021Cr0.979,520.0,479.6372750618406
Mg0.03Cr0.97Cu1O2,25.0,36.282155437506674
Cr0.97Cu1Sn0.03O2,26.0,29.865592490652027
Mn0.03Cr0.97Sb2,281.0,275.03260870907184
Cr0.97Mo0.03,273.0,270.9743199828646
Cr0.97Os0.03,568.0,497.61885527050345
Cr0.97Rh0.03,560.0,506.3376745389494
V0.0188Cr0.9812,168.8,144.01616419359812
Cr0.981Fe0.019,275.0,285.0141581272818
Mn0.018Cr0.982,523.0,472.33572402308306
V0.018Cr0.982,108.0,182.8275820996224
Cr0.984Si0.016,249.0,273.54752010066994
Cr0.985Ru0.015,480.0,455.61947083261464
V0.015Cr0.985,180.5,183.9045943004241
V0.0124Cr0.9876,199.0,204.5870761097206
Mn0.0103Cr0.9897,510.0,443.25306022660834
V0.011Cr0.989,229.9,224.49605283520597
Cr0.98Cu1Sn0.02O2,26.0,28.958785742027203
Mn0.02Cr0.98,500.0,493.35007562496287
Cr0.98Mo0.02,287.0,293.3068667847301
Ti0.02Cr0.98O1.47,60.0,300.8147864820891
Cr0.98Os0.02,566.0,487.3162929237949
Cr0.98Pt0.02,563.0,418.2854036609067
V0.02Cr0.98,140.0,142.66276348015342
Cr0.9902Fe0.0098,300.0,296.94814935339224
Cr0.991Si0.009,241.0,267.69744510932156
Cr0.992Fe0.008,303.0,291.6409924165053
Mn0.007Cr0.993,448.0,441.70811993864766
Cr0.994Mo0.006,305.0,284.5711877362529
Cr0.994Ru0.006,477.0,368.7193079899176
Mn0.0044Cr0.9956,450.0,406.24523485350045
Cr0.995Fe0.005,288.0,298.75747658816294
Mn0.005Cr0.995,375.0,442.6747764806926
Cr0.995Pt0.005,340.0,373.5151479510975
Cr0.995Re0.005,396.0,357.5776083637568
V0.005Cr0.995,261.5,215.71702146882362
Mn0.0035Cr0.9965,460.0,398.2861290797253
Cr0.9965Ru0.0035,235.0,396.70648183448725
Cr0.996Si0.004,277.0,275.3725971920257
Cr0.997Os0.003,391.0,360.2967685511031
Cr0.997Ru0.003,387.333333333333,329.98818580889855
Cr0.997W0.003,305.0,359.1949731436483
Cr0.9984Fe0.005Ni0.0016,300.0,277.77811413426235
Cr0.9984Pt0.0016,321.0,375.29284571194444
Mn0.0012Cr0.9988,320.0,443.0984544782837
Ti0.002Cr0.998,276.0,259.61246027024526
Cr0.999Re0.001,333.0,340.4119616466182
Cr0.99Cu1Sn0.01O2,26.0,29.696544556116482
Cr0.99Fe0.01,300.0,297.9091854348086
Mn0.01Cr0.99,451.0,473.32032468359216
Mn0.01Cr0.99Sb2,276.0,274.6623820216834
Cr0.99Ni0.01,207.5,293.65828284242
Cr0.99Re0.01,473.0,392.57888299760225
Cr0.99Rh0.01,548.0,435.7175907220078
Cr0.99Ru0.01,519.0,422.7175680369288
V0.01Cr0.99,161.5,229.41605876526773
Li1Cr0.9Fe0.1O2,56.0,45.88399706865855
Tm1Cr0.9Fe0.1O3,135.0,136.30608867742168
Yb1Cr0.9Fe0.1O3,130.0,125.3330288268717
Ho1Cr0.9Ga0.1O3,141.1,113.4694204814326
Gd1V0.1Cr0.9O4,20.0,28.058290402549343
Sr0.25La0.75Cr0.9O2.97,271.8,220.64205160820856
La1Mn0.1Cr0.9O3,258.0,271.96012328560187
La1Cr0.9Ru0.1O3,292.0,208.88136471051553
Sm1Mn0.1Cr0.9O3,179.0,163.9702431136682
Tb1Mn0.1Cr0.9O3,142.0,128.09043866749795
Y1Mn0.1Cr0.9O3,141.0,130.01566385960234
Mn0.1Cr0.9Sb1,673.0,622.0216296324245
V0.1Cr0.9N1,225.0,235.58157508113598
Y1Cr0.9Ni0.1O3,130.0,125.06592259618473
Cr0.9Sb2Ru0.1,195.0,190.53114526584946
CrCuO2,25.8333333333333,75.00199968639123
Cr1Cu1Se1.8S0.2,41.0,39.52355068214756
Cr1Cu1Se1.6S0.4,28.0,48.255012884862985
CrCuSeS,22.0,46.69733779374615
Cr1Cu1Se0.2S1.8,32.0,45.677792466922
CrCuS2,39.0,61.98210012982084
CrCuSe2,55.0,58.64082249360301
Nd0.95Dy0.05Cr1O3,219.0,208.06282186222307
Nd0.9Dy0.1Ti1Cr1O5,20.6,29.188920050405184
Nd0.8Dy0.2Cr1O3,206.0,181.5969407796267
DyCrO3,57.748,115.6468500379676
DyCrO4,20.5,29.078160649986906
DyTiCrO5,147.0,87.3226235807514
Y0.99Er0.01Cr1Te1O6,10.2,22.88446512610292
Y0.95Er0.05Cr1Te1O6,10.0,20.57725894349283
Nd0.9Er0.1Ti1Cr1O5,21.3,30.712615561200447
ErCrO3,113.12,109.41950384283626
ErCrO4,17.4,26.882291165905755
ErCrTeO6,10.0,21.561275756550113
Eu0.9Cr1Fe0.1O3,175.7,164.14799751219005
Pr0.1Eu0.9Cr1O3,183.0,169.1393789073001
EuCrO3,180.6,148.5850003594614
EuCrO4,15.9,50.723758903546376
CrF2,51.0,82.0007790342663
CrF3,80.0,116.07248646549291
KCrF3,77.0,73.29906189354878
RbCrF3,50.0,85.62702232909673
LiCrO2,15.0,80.75224138407809
CrFe,439.333333333333,360.43449351246556
CrFeNiO4,560.0,441.21914753153055
CrFeO3,400.0,153.8103167051337
ZnCrFeO4,14.0,182.23369916997953
CrFeP,265.0,219.87837395700657
CrFe2,311.0,266.6252187850847
Cr(FeSe2)2,300.0,233.23917295661408
LiCr(FeO2)4,820.0,599.6242891944906
Ho4CrGa12,7.5,18.17623500784594
Nd0.9Gd0.1Ti1Cr1O5,20.8,31.190150126962738
Gd0.3Y0.7Cr1O4,15.5,38.12039480705195
La0.5Gd0.5Cr1O3,225.0,188.36465956454705
Gd0.5Y0.5Cr1O4,17.7,34.67873654808166
Gd0.7Y0.3Cr1O4,20.3,34.39280495727512
La0.1Gd0.9Cr1O3,177.0,155.54415393200497
Gd0.9Y0.1Cr1O4,21.8,31.18224294198808
GdCrO3,115.188888888889,140.71158999600286
GdCrO4,20.0,28.992336816030836
CrGe,62.0,359.2278758681594
NdCrGeO5,2.6,44.55085604251157
HoMn5CrGe6,278.0,320.93250249317015
Cr1H0.84,66.0,268.0093015512665
Cr1H0.91,300.0,162.18523734592327
Cr1H0.94,218.0,224.50767686291815
Y0.8Ho0.2Cr1O3,141.0,138.47149532741363
Y0.6Ho0.4Cr1O3,141.0,137.9520871672609
Y0.4Ho0.6Cr1O3,141.0,136.41883135240255
Y0.2Ho0.8Cr1O3,141.0,138.11771079824848
HoCrO3,122.042857142857,99.08287630166193
HoCrO4,24.8,24.371876519456432
HoCrWO6,24.5,34.14686856323083
Ho2CrSbO7,13.0,35.55866671197688
MnCrInS4,13.0,47.820596879564555
La0.75Nd0.25Cr1O3,271.0,264.55596900450604
Sr0.25La0.75Cr1O3,275.0,255.73062268290803
La0.7Cr1Te0.3O3,282.0,177.33799661643508
La0.8Nd0.2Cr1O3,271.0,264.89211003345457
La0.95Nd0.05Cr1O3,271.0,276.2390703411506
Sr0.02La0.98Cr1O3,296.0,284.60569742099256
Sr0.008La0.992Cr1O3,296.0,289.69564785308825
Sr0.004La0.996Cr1O3,296.0,291.4384458914654
Sr0.002La0.998Cr1O3,296.0,287.9430670601987
Sr0.01La0.99Cr1O3,296.0,287.79227463840147
La0.9Nd0.1Cr1O3,271.0,267.5357449311404
LaCrO3,297.25,237.65124574103015
LaCrO3,290.0,237.65124574103015
Sr2LaCrO6,285.0,42.905485360016506
LaCrTeO6,8.5,29.586133635236678
La2CrNiO6,20.0,101.77359149819773
LiCrO2,132.0,80.75224138407809
LiCr(SiO3)2,11.0,31.448383794401717
LiCrS2,46.0,54.62788359703103
LuCrO3,147.0,112.37667919232929
LuCrO4,9.9,47.62845079267254
MgCrO4,14.0,31.78250361808686
Mg2V3CrO11,10.0,26.78102411138392
CrTe,160.0,224.68785128348128
MnVCr,433.0,274.4588230213375
Mn2CrSbO6,55.0,39.69122094404594
Cr1N0.997,286.0,289.46310012174257
CrN,278.15,322.91546445925866
NaCrO2,41.0,80.99557006675282
NaCr(SiO3)2,3.4,29.3210788487514
NaCr(WO4)2,10.0,29.922865064371024
NaCrS2,18.5,53.69990239304976
NaCrSe2,40.0,56.4848051560714
NbCrO4,8.2,35.39460010206054
Nd0.5Sm0.5Ti1Cr1O5,17.0,44.27635392973623
Pr0.3Nd0.7Cr1O3,227.5,198.45150534924457
Sr0.15Nd0.85Cr1O3,220.0,208.11272342945975
Sr0.05Nd0.95Cr1O3,220.0,199.30597496535538
Sr0.1Nd0.9Cr1O3,220.0,201.23381758037425
Pr0.1Nd0.9Ti1Cr1O5,20.75,39.07591649409257
Nd0.9Tm0.1Ti1Cr1O5,21.5,29.751227054870668
Yb0.1Nd0.9Ti1Cr1O5,21.7,31.781651316388754
NdCrO3,153.0,203.93775138188045
NdCrO4,13.5,57.178708599315065
NdTiCrO5,20.25,50.12062045289627
NdCrSb3,10.0,39.328773700615066
CrNiO3,250.0,110.2442024053748
CrNiO4,23.0,47.50467156331233
V3Zn2CrO11,11.0,26.017294242070676
CrPdO2,37.5,53.0186023257939
Cr1Pb0.91O2.91,240.0,79.6396595963427
CrPbO3,245.0,84.20895526553323
PrCrO3,235.35,181.34682111246372
SmCrO3,195.16,156.1586729276878
TbCrO3,137.3,103.42474798737308
TmCrO3,94.425,112.57995690742334
YCrO3,141.06,115.6484691156255
YbCrO3,99.2625,132.20697045786017
CrPO4,22.0,36.38977815946799
PrCrO4,9.0,46.62855336766099
SmCrO4,14.9,53.02580808496988
TbCrO4,25.0,30.32367901323122
VCrO4,51.0,50.21556156610841
YCrO4,21.0,47.850282857331166
SmTiCrO5,180.0,70.63372094467485
Sr2CrSbO6,10.5,31.293335695527404
TbCrTeO6,10.0,18.32669687547415
YCrTeO6,10.0,22.885663886490633
Sm2TaCrO7,42.0,41.47528976525637
PrCrSb3,12.0,25.56691349572816
CrRh14,438.0,243.64909307563224
CrRh4,553.0,366.9971844986637
CrRh6,560.0,383.1551257465315
CrSiRu2,13.0,248.8081391955038
CrS,457.5,215.13254522325386
Cr1S1.17,152.0,208.32081855582945
Cr1Sb0.25Te0.75,100.0,275.1299524032089
Cr1Sb0.5Te0.5,260.0,337.4575426349394
Cr1Sb0.75Te0.25,510.0,511.58504985672073
Cr1Sb0.9Te0.1,700.0,553.9401226827503
CrSb,709.715,630.3893964930228
CrSb2,273.0,261.7921672705202
SmCrSb3,30.0,56.927512898033484
CrSe,241.142857142857,268.8082723259977
Cr1Se1.04,271.0,247.97041667270292
Cr1Se1.07,232.0,233.5995359550022
Cr1Se1.1,205.0,200.52366402753032
Cr1Se1.2,83.0,153.5439814058008
CrSi,300.0,166.23882436523687
CrTe,150.0,224.68785128348128
TlCrTe2,145.0,125.53111256925114
Cr1.25Fe0.75Ni1O4,490.0,295.27015709233154
Mn1Cr1.2In0.8S4,16.0,42.8682824441921
Cr1.2O3,188.0,124.49902742198144
Cr1.3Cu1Sn0.7Se4,35.2,53.70827152388376
Mn1Cr1.4In0.6S4,17.0,39.76750805237718
Cr1.5Cu1Sb0.5S4,23.6,38.254480240110766
Mn1.5Cr1.5Ga1N1,158.0,255.14964807902487
Ho1Mn4.5Cr1.5Ge6,205.0,265.72135432443224
Cr1.6Fe0.4O3,230.0,179.53685618948492
Mn1Cr1.6In0.4S4,18.0,60.41893946205485
Cr1.7Cu1Sb0.3S4,28.0,38.196606846190996
Cr1.7Cu1Sb0.3Se4,54.0,33.82742847380106
Cr1.7Ga0.3Fe1S4,188.0,160.6566531621771
Cr1.7In0.3Fe1S4,160.0,171.52494778050905
Cr1.85Ga0.15O3,288.0,176.96795378088987
Cr1.8O3,275.0,247.73352441505344
Ho0.084Zn1Cr1.91Se4,22.0,28.29659052563908
Zn0.8Cr1.92Sb0.2Se4,12.4,26.15485927384675
Mn0.07Cr1.93O3,298.0,296.0180718722589
Ho0.055Zn1Cr1.94Se4,22.0,27.310665277053687
Mn0.05Cr1.95O3,300.0,288.754811032917
Zn0.84Cr1.95Sb0.16Se4,11.85,25.062244378960727
Zn1Cr1.96Fe0.04O4,12.5,27.21179776155706
Gd0.16Zn0.96Cr1.96Se4,22.0,30.115553723110846
Ho0.032Zn0.99Cr1.97Se4,22.0,25.8881646274341
Mn0.03Cr1.97O3,290.0,294.61210106123355
Zn0.89Cr1.97Sb0.11Se4,13.0,26.046993393116367
Dy0.1Cr1.9Ni1O4,33.0,80.4846846996477
Zn1Cr1.9Fe0.1O4,16.0,30.644111511659123
Cr1.9Ga0.1Fe1S4,180.0,177.33309242309846
Cr1.9In0.1Fe1S4,173.0,169.55441061420998
Gd0.21Zn0.92Cr1.9Se4,22.0,34.06484117822347
Mn0.1Cr1.9O3,303.0,270.57569046646097
Dy0.19Zn0.84Cr2.08Se4,22.0,30.266255826646876
Gd0.07Zn1.09Cr2.09Se4,23.0,31.88247606166461
Zn0.9Cr2Cu0.1Se4,22.0,25.801530010434927
Cr2Ga0.5Cu0.5S4,31.0,25.809270267059983
Cr2Ga0.5Cu0.5Se4,7.0,26.617537643893638
Cr2In0.5Cu0.5S4,26.0,27.619687479903014
Cr2In0.5Cu0.5Se4,14.0,33.36229916163752
Zn0.2Cr2Cu0.8Se4,20.0,27.391694696537623
Zn0.095Cr2Cu0.905Se4,20.0,25.523293192392412
Zn0.09Cr2Cu0.91Se4,20.0,26.421659752078323
Zn0.08Cr2Cu0.92Se4,20.0,28.875304215178197
Zn0.1Cr2Cu0.9Se4,20.0,26.927370494893317
Cr2CuO4,155.0,68.1267139004889
Cr2Cu1.1Te4,323.0,249.45497656772432
Cr2Cu1.2Te4,289.0,272.450654362874
Cr2Cu1.4Te4,207.0,290.4489961569797
Cr2Cu1.5Te4,308.0,236.78840350813957
Cr2Cu1.6Te4,253.0,258.82740105863695
Cr2Cu1.7Te4,257.0,254.4917753654506
Cr2Cu1.8Te4,267.0,226.32852757295439
Dy0.01Zn1Cr2Se4,21.2,27.11722774092079
Dy0.03Zn1Cr2Se4,20.6,25.484178611270433
Dy0.04Zn1Cr2Se4,20.7,25.867184614168853
Dy0.05Zn0.95Cr2Se4,28.0,25.494705688547924
Dy0.1Zn0.9Cr2Se4,28.0,26.35471157939563
Dy(CrGe)2,16.0,176.46244694336767
Cr2Fe0.007O3,289.0,271.83857768440834
Cr2O3,500.0,159.34758428921347
Zn0.75Cr2Fe0.25S4,20.0,50.91137239546417
Cr2Fe0.2O3.3,247.0,238.67129831661518
Zn0.8Cr2Fe0.2S4,20.0,45.91859105064541
Cr2Fe0.44O3,146.0,204.9855770864176
Cr2Fe0.52O3,210.0,184.06768785786522
Cr2Fe0.56O3,216.0,192.14724052410685
Cr2Fe0.6O4,222.0,170.70294922761252
Cr2FeO4,80.0,203.21554857147476
Cr2FeS4,178.8,176.66036492787796
Cr2FeSe4,113.6,186.04782703955829
LiCr2Fe3O8,683.0,540.4706121252757
Li0.5Cr2Ga0.5S4,14.0,33.21198401627327
MnCr2GaN,118.0,257.5094040105907
Gd(CrSi)2,4.5,181.90872930235312
HoMn4(CrGe3)2,130.0,264.2023913399961
Cr2HgS4,40.33333333333329,41.373630307372295
Li0.5Cr2In0.5S4,27.0,27.75676483783047
Mg0.05Cr2Ni0.95O4,27.0,60.27112032380721
Mg0.1Cr2Ni0.9O4,22.0,40.01893870684288
Mg0.2Cr2Ni0.8O4,19.0,41.05408255552848
Mg0.3Cr2Ni0.7O4,20.0,38.50371015446207
Mg0.5Cr2Ni0.5O4,17.0,45.53754905319307
NaMgCr2(PO4)3,4.5,20.21738384051991
MgCr2O4,13.6666666666667,39.80148887869412
Mn0.12Zn0.88Cr2Se4,28.0,30.412465736865986
Mn0.13Zn0.87Cr2Se4,33.0,28.67020837099206
Mn0.18Zn0.82Cr2Se4,28.0,30.703267052563884
Mn0.24Zn0.76Cr2Se4,28.0,42.31869647533908
Mn0.5Zn0.5Cr2O4,19.0,94.28669887691987
MnCr2O4,31.5,152.56275469752737
Mn(CrS2)2,70.0,106.5156936411852
Mn49Cr2Ni38Sn11,221.0,242.8259607603492
NaZnCr2(PO4)3,4.7,19.117123811928415
NaCr2O4,124.0,56.48511410600313
Nd0.05Zn0.96Cr2Se4,21.5,26.25962869808051
Nd0.08Zn0.93Cr2Se4,21.5,28.00345663862087
Nd0.1Zn0.9Cr2Se4,21.5,28.77179616366288
Cr2NiO4,39.0,130.92897957005232
Cr2NiS4,200.0,199.70528610464274
V4Cr2O13,10.0,53.606849129630035
Cr2O3,297.742857142857,159.34758428921347
SrCr2O4,42.55,90.07084858545322
ZnCr2O4,14.2857142857143,36.91499147630519
Cr2O5,90.0,150.24294025002138
Cr2TeO6,105.0,67.37133213189374
Cr2WO6,69.0,107.20907349713612
Cr2S3,85.6666666666667,195.18643697135604
Zn(CrS2)2,17.8333333333333,34.173886895905156
Cr2Se3,43.0,100.14856545181075
Zn(CrSe2)2,28.2727272727273,37.33972748436578
Tb(CrSi)2,2.4,141.62681298781422
Th(CrSi)2,830.0,190.00086447987536
Dy0.13Zn0.85Cr2.16Se4,22.0,28.146056824400105
Dy0.05Zn0.89Cr2.18Se4,22.0,28.53826369037894
Cr2.2Cu1.9Te4,170.0,260.27075602962384
Cr20FeNi79,18.0,93.09230012128162
Cr20Fe68Ni9,41.45,141.41133111289244
Cr11FeNi38,22.0,110.21184187194052
Cr3Pb5F19,11.0,39.028370376055506
LiCr3(FeO4)2,430.0,298.46526122964315
Cr3Ga4,298.15,186.17219084747515
Mn3Cr3Si7Ni16,165.0,217.84845414688837
Sr4Cr3O10,280.0,152.05234727408686
Cr3S4,260.625,118.9029248959066
Cr3Se4,80.0,133.4038825230575
Cr3Te4,85.0,129.96337213322573
Li1Mn0.5Cr3.5In1O8,9.4,20.149168368096138
Ti1.5Cr3.5S6,56.3,112.38038208402385
Ti1.5Cr3.5Te8,29.0,148.8221034334384
Li1Mn0.4Cr3.6In1O8,7.8,17.87332368866611
Li1Mn0.2Cr3.8In1O8,4.9,19.61111547534475
LiCr4InO8,15.9,28.28086705350867
U(CrS2)4,120.0,47.09448859925307
Ti0.5Cr4.5S6,130.1,144.1031190849301
CsCr5S8,10.0,53.094524056525565
KCr5S8,55.0,38.587447749160624
CrSi4Pd15,10.0,76.02627345660348
RbCr5S8,42.0,39.23306201207457
Cr5S6,159.8,160.5468482937231
Sr0.5Cr5S8,30.0,67.7915873890517
Cr5Te6,102.0,158.8697060824916
Cr5Te8,70.0,139.33970517601216
MnCr3Fe,290.0,340.7425453782469
Cr7S8,125.0,163.6348060009613
Mn13Cr71Fe12,500.0,354.26101645206575
Mn11Cr73Fe14,380.0,326.23660401333007
Mn9Cr75Fe16,200.0,279.02421487319776
Mn7(Cr25Fe6)3,150.0,275.7334325624294
Mn9(Cr6Fe)13,270.0,340.69597162596824
Mn20Cr8Fe62(SiNi)5,130.0,252.82795614646415
Mn9Cr81Fe10,430.0,311.5449019289522
Cr21Re4,311.0,468.8949676913437
Cr21Re4,500.0,468.8949676913437
V1.3Cr84Re16,490.0,417.1190853321657
V10.4Cr84Re16,24.0,271.08411704714314
V2.4Cr84Re16,484.0,414.21287423362315
V4.4Cr84Re16,387.0,366.40206591182726
V5.7Cr84Re16,337.0,310.56383049654437
V6.9Cr84Re16,268.0,298.3169541417808
V8.5Cr84Re16,214.0,211.40721861045873
Cr43Ru7,297.0,361.031850922577
MnCr9,600.0,523.2447864682023
Cr99.5Ir0.5,280.0,383.3182969547994
Cs0.8Fe2Se2,475.0,412.8406873159871
CsMnF3,58.75,70.60307013488736
CsNiF3,2.63,107.0961586888147
CsFe2F6,13.7,109.57024177614063
Cs2NaMn3F12,2.5,61.12835190749357
Cs2Mn2V2O7F2,3.0,92.4713759264322
Cs2FeGe3S8,8.64,42.87684277934866
Cs4Fe3F10,22.0,72.39926746368516
Cs4Ni3F10,15.0,53.33946488275297
Mn3Cu0.023Ni0.977N1,166.0,151.6347787711602
Mn3Cu0.055Ni0.945N1,154.0,162.3424228743163
Zn0.5Fe2Cu0.05Ni0.45O4,526.15,512.2091965803021
Sr2La1Mn1.95Cu0.05O7,185.0,151.78573270248103
Mn0.95Cu0.05,578.0,262.5478201394245
Y1Mn0.95Cu0.05O3,69.0,73.20239361323874
Mn3Cu0.156Ni0.844N1,136.0,154.8344108304883
Fe1.7Cu0.15P1S3,109.0,134.98721955375092
Zn0.5Fe2Cu0.15Ni0.35O4,499.15,508.93557102529786
Sr2La1Mn1.85Cu0.15O7,162.0,136.1688778734945
Mn0.85Cu0.15,368.0,369.1634888912638
Y1Mn0.85Cu0.15O3,49.0,84.41373254407327
Mn0.84Cu0.16,340.0,354.178403999187
Ti0.5Nb0.3Cu0.18Ni0.8Sn1.18Sb0.06,20.0,73.75210276754271
Mn3Cu0.192Ni0.808N1,133.0,152.04974911063925
Fe1.8Cu0.1Ni1Sn0.1O4,803.15,727.2710091026512
Zn0.5Fe2Cu0.1Ni0.4O4,514.15,506.83119126930393
U1Ga1Cu0.1Ni0.9,39.0,52.82142428188578
Y2Cu0.1Ir1.9O7,150.0,93.78442517777611
Sr2La1Mn1.9Cu0.1O7,175.0,147.60675784649945
Mn0.9Cu0.1,439.5,420.6712640145688
Y1Mn0.9Cu0.1O3,66.0,65.81756404653505
Mn0.78Cu0.22,220.0,337.71717198775076
Er1Cu0.25Ge2,4.2,7.603814043696594
Zn0.5Fe2Cu0.25Ni0.25O4,463.15,554.08920734678
Mn0.73Cu0.27,140.0,336.7816073210499
Dy1Ga1.8Cu0.2,113.0,44.93411352284308
Sr2Eu1Cu0.2Ru0.8O6,31.0,38.58383286491689
Fe1.6Cu0.2Ni1Sn0.2O4,783.15,665.7962221511592
Zn0.5Fe2Cu0.2Ni0.3O4,483.15,514.0528883136672
Nd1Mn1.8Cu0.2Ge2,405.0,376.358115989884
Y2Cu0.2Ir1.8O7,85.0,101.33456415202154
Sr2La1Mn1.8Cu0.2O7,135.0,147.56228090286055
Ti0.71Nb0.13Cu0.2Ni0.8Sn1.09Sb0.06,20.0,70.17167099348796
Sr1Cu0.2Ru0.8O3,32.0,86.99363599036097
Sr2Y1Cu0.2Ru0.8O6,30.5,43.08929946744252
Ho1Cu0.33Ge2,8.5,9.649135820304355
Cu0.34Ni0.66O1,473.0,409.62810355225815
Mn3Cu0.351Ni0.649N1,163.0,148.41311425713738
Dy0.025Zn0.45Fe1.975Cu0.3Ni0.25O4,737.0,704.512839612692
Dy0.05Zn0.45Fe1.95Cu0.3Ni0.25O4,742.0,734.9799746887596
Dy0.075Zn0.45Fe1.925Cu0.3Ni0.25O4,748.0,738.8774005674189
Zn0.45Fe2Cu0.3Ni0.25O4,731.0,477.4682123205314
Dy0.125Zn0.45Fe1.875Cu0.3Ni0.25O4,763.0,713.3334897768259
Dy0.1Zn0.45Fe1.9Cu0.3Ni0.25O4,758.0,742.3580988204744
Dy1Ga1.7Cu0.3,113.0,60.572663549103005
Fe1.4Cu0.3Ni1Sn0.3O4,683.15,587.2864305254623
Fe2Cu0.3Ni0.7O4,598.0,780.0222320339614
Ho1In1Cu0.3Ni0.7,9.0,13.606101720882286
Y2Cu0.3Ir1.7O7,85.0,83.20199856234515
La1Mn0.7Cu0.3O3,464.0,99.90809452040638
Cu0.3Ni0.7O1,523.0,428.9334906936494
Dy1Ga1.6Cu0.4,113.0,50.51537696752868
Nd1Mn1.6Cu0.4Ge2,380.0,322.18910439868426
Tb1Cu0.4Ge2,39.0,18.68955401136997
Ho1In1Cu0.4Ni0.6,9.0,13.757572670140233
Y2Cu0.4Ir1.6O7,85.0,77.11466876411907
Dy1Mn1.5Cu0.5Ge2,290.0,306.43778428151955
Fe0.5Cu0.5Rh2S4,140.0,189.33922092121907
Fe2Cu0.5Ni0.5O4,820.0,593.6849094912775
Ho1Mn1.5Cu0.5Ge2,342.0,274.4461816325252
La1Mn1.5Cu0.5Ge2,310.0,308.15934178601674
Nd1Mn1.5Cu0.5Ge2,320.0,342.87223364301565
Pr1Mn1.5Cu0.5Ge2,300.0,312.5108984526702
Tb1Mn1.5Cu0.5Ge2,250.0,324.01915495662104
Y1Mn1.5Cu0.5Ge2,261.0,298.71210115085785
Mn0.5Cu0.5O1,37.7,113.98017190884018
Mn3Cu0.5Si0.5N1,77.0,150.53987719190755
V0.33In1Cu0.67O3,38.0,44.45623282572088
Dy1Ga1.4Cu0.6,113.0,42.162226207651436
Dy1Zn0.4Cu0.6,45.0,41.8391590611296
Gd1Cu0.6Ni0.4,63.0,106.69423541501955
Nd1Mn1.4Cu0.6Ge2,355.0,299.46892054888747
Mn3Cu0.6Si0.4N1,107.0,128.48179498640928
Sm2Ga12Cu0.77,7.6,9.046332776422632
Nd2Ga12Cu0.78,2.9,8.476266925582019
Sr1.26La0.74Cu0.7Ru0.3O4,117.0,51.981751331177044
Mn0.3Cu0.7,152.5,304.0666624598623
Mn3Cu0.7Si0.3N1,143.0,126.78162622554242
Pr1Zn0.3Cu0.7O3,72.0,65.96797414010155
Mn1Cu0.85Ni0.15Sb1,45.0,199.85192931900852
Nd1Mn1.2Cu0.8Ge2,320.0,274.90533009927316
Nd2Cu0.8Ge3,10.6,12.598329636781816
Mn0.2Cu0.8,310.4,174.48004224551704
Mn3Cu0.8Si0.2N1,127.0,155.95096903578542
Pr1Zn0.2Cu0.8O3,72.0,64.16635864062164
Ho0.08Fe1Cu0.92O2,7.0,25.697324321740723
U1Cu0.92Si1.08,43.0,56.49723401404052
Mn0.055Cu0.945,48.0,34.46055100236524
Fe0.06Cu0.94O1,70.0,171.7614060927288
Cu0.94Ni0.06O1,213.0,199.0155632448751
Mn0.0482Cu0.9518,11.5,41.33854366761727
Mn0.043Cu0.957,60.0,21.497310415693363
Ho0.05Fe1Cu0.95O2,6.5,8.765336148212192
U1Cu0.95Ge1,48.0,41.992441936559224
Mn0.05Cu0.95,25.0,36.34988463431042
U1Cu0.96Si1.04,40.0,58.15071401974393
Ho0.03Fe1Cu0.97O2,6.0,14.67229183974546
Sr0.03Fe1Cu0.97O2,13.1,67.60224116102312
Mn0.014Cu0.986,4.0,35.8995379484525
Zn0.012Cu0.988O1,230.0,154.79696681240574
Mn0.02Cu0.98,20.0,12.870091172181281
Sr0.125La1.875Zn0.01Cu0.99O4,7.0,74.64103528030103
Mn0.01Cu0.99,8.5,37.70558057163673
La2Fe0.1Cu0.9Ir1O6,74.0,79.6169296392766
Pr2Ga12Cu0.9,8.7,8.522955753803716
Pr1Zn0.1Cu0.9O3,72.0,68.71411096929286
Dy0.8Y0.2Cu1,55.0,38.397710214967454
DyCu,62.6,57.65088180324466
DyCuGe,5.2,15.474762423808153
DyCuSb2,6.4,12.27109341384715
DyCuSi,11.0,16.0699103739459
DyCuSn,5.9,13.993387551806865
Dy2CuGe6,22.0,12.645798595220906
Dy2In3Cu,20.75,26.869588370793497
Dy5CuPb3,6.5,58.96241169512101
ErCu,15.1666666666667,17.61314223861896
EuErCuS3,4.8,25.02794454991488
ErFeCu(GeO3)4,20.0,28.07454658955491
ErCuGe,4.1,7.960990367063284
ErCuSi,6.8,9.093749042508183
Er2CuGe6,5.6,7.968432426173483
Er2In3Cu,9.0,8.69765028575932
Sr0.15La1.75Eu0.1Cu1O4,8.0,58.17939915657283
Sr0.12La1.78Eu0.1Cu1O4,27.0,38.58502703619613
Eu0.5Gd1.5Cu1O4,272.0,120.06050729991628
EuGaCu,10.0,25.417103418432312
EuGa3Cu,25.0,16.98750970123551
Eu2CuO4,268.5,166.48972475684624
CuF2,68.7,99.09593932731676
CuH4(OF)2,15.9333333333333,47.35968841756584
KCuF3,129.5,118.56230116210021
TiCuF3,235.0,83.02567934044468
Ti1.7Fe0.3Cu1S4,6.7,41.26676307476902
Ti1.5Fe0.5Cu1S4,8.7,28.599674143345485
Fe0.85Cu1Rh0.15O2,5.9,48.65393889729227
Ga0.122Fe0.878Cu1O2,13.0,54.39228252550868
Ga0.08Fe0.92Cu1O2,13.0,16.937599722056945
Fe0.92Cu1Rh0.08O2,8.1,13.976521089469685
Ti0.08Fe0.92Cu1O2,14.0,18.4806084257654
Ti0.06Fe0.94Cu1O2,14.0,17.039292728916553
Ga0.05Fe0.95Cu1O2,13.8,13.10463440074524
Fe0.95Cu1Rh0.05O2,9.0,20.417257580970723
Ga0.035Fe0.965Cu1O2,13.0,14.048611613575101
Ti0.04Fe0.96Cu1O2,14.0,16.259330071935295
Ga0.03Fe0.97Cu1O2,14.0,13.470339984219637
Ti0.02Fe0.98Cu1O2,14.0,14.11311154574485
Ti0.01Fe0.99Cu1O2,14.0,15.53535941660965
FeCu(HO)2,17.3666666666667,160.66738488307652
KFeCu(PO4)2,36.0,64.65415719106069
LuFeCuO4,50.0,228.02425084674428
FeCuO,240.0,180.63725761358808
FeCuO2,14.95,47.23889044070227
FeCuS2,692.2875,137.6860514103225
Nd6Fe13Cu,421.0,407.0441551568612
Pr6Fe13Cu,420.5,380.8871322006566
Fe2CuGe2,175.0,240.60951068586812
LiV3Fe2CuO12,9.0,79.27098480434826
Fe2CuO4,780.0,291.1290525594794
Fe3CuS4,285.0,299.21502150216065
GdGa3Cu,9.65,23.707983974421104
NdGa3Cu,3.1,7.8108807710153405
SmGa3Cu,17.0,11.316338518150733
GdCu,102.941666666667,86.40969859685231
GdCuGe,15.0,24.15525778049126
GdInCu,20.0,30.348211715356854
GdCuSi,14.2,28.94131647583766
GdCuSn,23.875,21.237574119453964
Gd2CuGe6,20.6,21.985909387504503
Gd2In3Cu,19.6,32.99629229089894
Gd2MgCuNi,55.2,62.96205191724791
Gd2CuO4,278.5,232.79653988898542
U1Cu1Ge0.95,31.0,47.74394581903652
Cu1Si0.02Ge0.98O3,5.0,38.1583671693924
U1Cu1Ge0.9,32.0,49.37803678325157
HoCuGe,4.7,11.042632998286809
CuGeO3,14.0,28.99339500416602
TbCuGe,11.8,22.387882238610253
U1Cu1Ge1.75,133.0,65.71119397110424
NdMnCuGe2,275.0,190.58617860311026
UCuNiGe2,140.0,94.0132702405218
Tb2CuGe3,19.5,20.570795526746174
Nd2CuGe6,9.4,8.656501780653247
Tb2CuGe6,33.1,19.744157883845432
LiCu(HO)2,85.0,32.791287915268725
Cu(HO)2,38.0,31.923386035839947
CuSi(HO2)2,21.0,28.059270397765122
HoCu,27.125,34.119016811983485
HoCuSb2,4.5,9.6407026081916
HoCuSi,9.0,11.692613796793847
HoCuSn,8.5,10.956036701963198
Ho2In3Cu,8.5,14.334681886655936
NdInCu,4.9,10.531612724765058
Nd2In3Cu,8.35,10.914889439866068
Pr2In3Cu,4.7,11.080195503125667
Sm2In3Cu,15.0,18.977546506618953
Tb2In3Cu,32.25,28.710336681753517
Sr2CuIrO6,15.0,49.51820233261136
Sr0.18La0.82Cu1O2.5,12.5,72.32746805291728
Sr0.15La0.85Cu1O2.5,125.0,62.218748229525744
Sr0.2La0.8Cu1O2.5,12.5,66.04494478365069
Sr0.05La0.95Cu1O2.5,125.0,92.36378746380889
Sr0.025La0.975Cu1O2.5,125.0,106.4508655966596
Sr0.1La0.9Cu1O2.5,125.0,85.61787656989743
La1Cu1O2.5,120.833333333333,111.81279497876332
SrLaCuOsO6,50.0,54.28071026889724
Sr0.17La1.83Cu1O4,140.0,77.17066973415068
Sr0.125La1.875Cu1O4,34.0,110.1713338445563
Sr0.11La1.89Cu1O4,220.0,57.08715118474756
Sr0.02La1.98Cu1O4,4.5,65.48839659593004
La2CuO4,214.25,96.37052670034478
La2Cu1O4.02,15.0,109.08435429539459
La2Cu1O4.04,127.5,53.11794238512837
La2Cu1O4.12,42.0,112.57309593945062
LiCuO,216.0,68.71560308541291
LiVCuO4,2.63333333333333,53.01947160228027
Li2CuO2,9.16666666666667,66.32974091811776
MnCu,300.0,462.73691341294193
MnCuSb,52.28571428571431,160.79325276097123
Sr4Mn2CuO9,7.5,107.14860010015627
Mn3CuN,225.0,199.13413544759416
Na4CuTeO6,2.5,30.951183898390102
NdCu,10.0,25.656278456543795
Nd1Cu1O2.5,1.8,84.49241026609413
NdCuPb,13.9,16.005148689325818
NdCuSb2,3.78,8.672896434191152
NdCuSi,3.1,11.642018165400676
Nd2CuO4,261.666666666667,197.83756066087216
UCuSi2Ni,156.0,93.14311836195165
CuNi17,600.0,193.77820941366582
CuO,216.4625,151.31366869887904
Pr1Cu1O2.5,17.0,88.98345191148715
PrCuO3,72.0,99.62899254913276
CuSeO3,7.0,34.22657095812413
Pr2CuO4,265.0,202.14682922865666
Cu(RhO2)2,23.45,61.09360156044721
CuSO4,35.1666666666667,28.23634523442336
Sm1.16Y0.84Cu1O4,11.0,91.52678070880471
Tb2CuO4,295.0,156.6843400189943
CuWO4,90.0,47.77225778724052
CuSe2O5,17.0,21.454697336846348
Sr2CuOsO6,18.0,57.94348240797077
Cu(SbO3)2,8.64,24.34866016419912
V2CuO6,33.65,30.801241412794926
CuP2PbO7,1.15,23.45551378801954
SrCuP2O7,1.64,17.992468960520977
V2ZnCuO7,5.3,28.992583787521855
PrCu,13.0,16.874463149874675
SmCuS2,2.92,24.244959228875054
TbCuSb2,9.0,15.352630688996284
TmCuSi,6.5,7.764978534632238
SmCu,40.0,57.25331337797137
TbCuSn,15.4,19.577310010468945
UCuSn,60.0,45.282558565382786
TbCu,107.7,70.44398577508152
TmCu,11.35,14.960766652651438
U1Ga2.5Cu1.25,50.0,48.83633284211376
Na0.5Fe2Cu1.33P3O12,40.0,67.26941284491814
U1Ga2.5Cu1.33,50.0,49.25323590284965
U1Ga2.66Cu1.33,50.0,51.53451364571852
U1Ga2.55Cu1.45,50.0,50.70797451695622
U1Ga2.6Cu1.4,50.0,48.54702865843538
U1Ga2.5Cu1.5,50.0,48.502903206827426
Gd2Mg1Cu1.5Ni0.5,57.0,63.470651680592425
Sr2Mn1Cu1.5Se2O2,53.0,74.0409071283282
U1Ga2.66Cu1.66,50.0,45.969880365453676
Sr2Mn1Cu1.6Se2O2,41.2,96.9479477184039
Li1Cu1.92Ni0.08O2,17.0,46.66687029616777
Li1Zn0.07Cu1.93O2,19.0,41.65785947590602
Mn9Cu,465.0,388.2339469804192
V10Fe4Cu13O44,2.7,47.65320833783967
Mn49.5Ga34Cu16.5,208.0,236.19915526219634
DyCu2,27.9625,27.658056007109643
Dy(CuGe)2,7.73333333333333,9.892442619973496
DyInCu2,3.0,13.295561458967988
Dy(CuSi)2,10.64,9.921672273222809
Dy2Cu2O5,10.3,43.87843038748884
ErCu2,11.325,13.97920490262237
Er(CuGe)2,3.05,6.566249243807213
Er(CuSi)2,1.56666666666667,7.449210536502285
Er2Cu2O5,25.0,44.02438079336735
EuCu2,14.0,27.73737815572291
Eu1Cu2Si0.6Ge1.4,19.0,15.731780995386881
Eu(CuGe)2,13.0,12.774967440581289
Sr2EuCu2RuO8,132.0,71.4843211606474
FeCu2GeS4,12.0,40.95657199831335
FeCu2GeSe4,20.0,60.849559536431975
Ti1.5Fe1Cu2Sn1.5S8,4.5,45.61484477308871
Ti3Fe(CuS4)2,4.5,44.43876380515512
FeCu2SnSe4,19.0,57.59755867089014
Sr3Fe2Cu2S2O5,498.5,375.17851442148793
GdCu2,40.214285714285694,44.30433279796721
Gd(CuGe)2,13.1666666666667,15.174410041811294
GdInCu2,11.3333333333333,18.739848273343163
Sr2GdCu2RuO8,135.666666666667,85.05234019642161
Gd(CuSi)2,12.0888888888889,16.447824785610695
Gd(CuSn)2,11.0,14.709682987033686
MnCu2GeS4,10.0,34.03583918829103
Cu2NiGeS4,36.0,45.53062907722449
Ho(CuGe)2,6.11666666666667,8.078784741615497
Nd(CuGe)2,4.7,7.769403056613246
Pr(CuGe)2,15.2833333333333,8.248102931710385
Sm(CuGe)2,14.5,10.234533119799227
Tb(CuGe)2,12.825,13.050037781780157
Tm(CuGe)2,3.53333333333333,6.973841706638902
Cu2PHO4,100.0,30.564764658840186
HoCu2,9.66666666666667,15.274941062823464
Ho(CuSi)2,8.2,8.517812408052745
Ho2Cu2O5,13.5,28.11918156393553
NdInCu2,2.0,11.337648961236395
SmInCu2,3.55,14.540904446009412
TbInCu2,6.75,20.473885328109468
La2Cu2O5,140.0,98.41530972011921
Li(CuO)2,24.05,72.91770150812505
Sr2LuTlCu2O7,18.5,50.931586881964876
MnCu2SnS4,20.0,27.996453900545728
MnCu2Sb,38.0,169.91730504665406
Na(CuO)2,12.25,86.94786278794113
Na3(CuO2)2,13.0,60.351212469711655
NdCu2,6.5,17.275495998136144
Nd(CuSi)2,7.0,8.017589683501734
Nd(CuSn)2,3.0,7.607750398098934
SrCu2O3,10.0,98.30329889381291
Sc2Cu2O5,15.0,61.78666513355819
Y2Cu2O5,12.5,65.01808782949458
Sr2YTlCu2O7,18.5,60.22281728352467
Cu2P2PbO8,55.0,24.625429453647957
SrCu2(PO4)2,48.0,36.68632197899956
Pr(CuSi)2,19.05,7.397110188227779
Pr(CuSn)2,3.0,7.528950635378558
Cu2Sb,373.0,76.64206909381049
Tl(CuSe)2,11.0,65.76991447216422
Sm(CuSi)2,9.0,10.721061775502003
Tb(CuSi)2,12.2333333333333,13.28795498572997
Tm(CuSi)2,4.45,7.231734060031387
U(CuSi)2,106.0,87.79224158987346
SmCu2,22.0,25.149222732090095
UCu2Sn,16.6,46.90805416841674
TbCu2,52.5,35.15350336398353
TmCu2,6.15,14.9498474067703
Mg0.8Cu2.2O3,80.0,59.34024572769622
Sr2Tb1Cu2.69Mo0.31O6.97,5.4,66.9674271516929
Mn84Fe316Cu,350.0,256.1237067569956
Sr11La3Cu24O41,2.0,38.449400214343044
Sr9La5Cu24O41,11.6,21.405735894397175
Sr8La6Cu24O41,16.0,23.404414925809782
Sr2DyCu3(PbO4)2,1.3,36.10497558485762
LiFeCu3SbO6,8.0,20.28781459143253
NaFeCu3SbO6,7.0,58.54111872522645
Nb2Cu3O8,26.2,36.566015495549756
Cu3TeO6,60.0,53.62913906362368
Sr2Pr1Cu3Pb2O8.03,6.0,25.251245147942033
Cu3(PO4)2,22.0,30.854806555166558
Sr2PrCu3(PbO4)2,10.0,22.679300881148386
Sr2TbCu3(PbO4)2,5.3,36.33790420959185
Cu3Se2,50.0,115.7778972762241
U3Cu3Sn4,12.5,50.15216040595091
Dy2Cu3.5Sn5.5,4.0,9.804680277486197
Tb2Cu3.5Sn5.5,12.0,11.528225375229022
Na0.3Fe1Cu3.7Sb1O6,7.0,59.056690612785495
V6Fe3.4Cu3.9O24,4.235,45.49240339219697
Dy3(CuGe)4,16.2,14.74179714440497
Dy3(CuSi)4,29.0,14.404459284795397
Dy3(CuSn)4,14.3,11.866943820710514
Er3(CuGe)4,7.575,7.864925799261867
Er3(CuSi)4,14.0,7.9607928600499065
Er3(CuSn)4,5.76666666666667,7.343512669556712
GdGaCu4,36.0,14.926482106051852
Gd0.95Y0.05In1Cu4,5.0,10.435115622752887
Gd0.99Y0.01In1Cu4,5.4,12.125158938339819
Gd0.9Y0.1In1Cu4,3.5,10.164825046468476
GdInCu4,5.9,15.904423503025827
Gd3(CuGe)4,14.0,19.835042014538907
Gd3(CuSn)4,13.6666666666667,19.002974153076764
Ho3(CuGe)4,9.5,10.246664374979783
Tb3(CuGe)4,22.875,18.796070939503636
Tb2.5Ho0.5Cu4Sn4,15.9,14.648842084800284
Tb2Ho(CuSn)4,12.5,14.764874194995507
Tb1.75Ho1.25Cu4Sn4,11.9,13.495737037544984
Tb1.5Ho1.5Cu4Sn4,10.5,13.644622167758573
TbHo2(CuSn)4,5.8,11.975698916462822
Tb0.5Ho2.5Cu4Sn4,7.1,10.179820955088164
Ho3(CuSi)4,17.5,9.496173870532452
Ho3(CuSn)4,7.84,8.894721602742445
MnCu4Sn,110.0,155.27143158412107
Nd3(CuSn)4,1.8,8.743948645239803
Cu4O2.5,55.0,106.65055266844087
Cu4O3,50.0,117.55994668130351
U4Cu4P7,146.0,69.59690662300763
Pr3(CuSn)4,11.8,8.242061412152466
Tb3(CuSi)4,50.0,17.403083484304958
Tm3(CuSi)4,3.4,7.886655557171569
U3(CuSi)4,130.0,76.10317134247396
Sm3(CuSn)4,7.5,13.401579483476507
Tb3(CuSn)4,17.025,17.31080608597164
U1Cu4.5Pd0.5,9.0,34.11969905191524
Mn69.4Fe26Cu4.6,493.15,315.6128185166907
DyCu5,7.0,13.154201100660925
Na3Cu5P4H2O17F4,11.5,31.906660651911263
U1In0.25Ga0.75Cu5,16.0,30.425533984308675
GdCu5,12.5,18.58165067156389
UInCu5,25.0,25.242955624160132
KV3Cu5O13,7.0,40.73774652229842
Na8(CuO2)5,24.0,39.580585692362284
TbCu5,15.0,17.325199684471965
UCu5,16.0,35.98262119673201
GdCu6,16.3,15.476051186795512
Cu6Ge6H2O19,38.5,23.45332684445741
CuGeO3,73.5,29.861363618211602
NdCu6,6.1,11.240612385738856
SmCu6,9.6,10.244492122984752
Mn3Fe3Cu14,100.0,228.4162464222436
Eu1In2.65Cu8.35,23.3,11.185753478732837
NdIn2Cu9,4.3,7.674212169950516
SmIn2Cu9,11.0,9.371418723042675
Nd1Cu9.4Sn3.6,2.0,14.228846612063544
Fe3Cu97,70.0,142.19682579501287
Dy0.01Y0.99Mn0.99Ni0.01O3,65.0,72.58424744051958
Dy0.02Ge0.98,25.0,20.398203908361427
Dy0.06Ti1Se2,4.5,43.12008486116649
Dy0.08Ti1Se2,4.5,32.16559373725837
Dy0.1Er0.9,93.0,90.31146167251893
Tb0.9Dy0.1Mn1O3,7.0,36.67944613062481
Dy0.1Y0.9,2.1,43.91701159990224
Tb0.8Dy0.2Mn1O3,7.0,35.3757010789834
Dy0.2Y0.8,59.0,18.166313867384766
Tb0.7Dy0.3Mn1O3,6.0,20.35909687702675
Dy0.3Y0.7,2.1,66.85312846523954
Dy0.4Ho0.6Sb1,6.5,18.941050973259323
Tb0.6Dy0.4Mn1O3,6.0,35.683413617917886
Sr0.45Dy0.55Mn0.4Fe0.6O3,100.0,251.26509888602595
Sr0.45Dy0.55Mn0.2Fe0.8O3,75.0,258.85958361904915
Sr0.45Dy0.55Mn1Fe1O3,55.0,258.0211813055008
Dy0.5Ho0.5Fe1O3,705.0,232.43875943999777
Gd4.5Dy0.5Si2Ge2,21.0,98.09451501603253
Dy0.5Ho0.5,157.0,147.46188105650768
Sr0.5Dy0.5Mn1O3,16.5,91.29352639275663
Dy0.5Y0.5,108.0,97.09164845481723
Tb0.4Dy0.6Mn1O3,37.0,28.07526664630085
Dy0.75Ho0.25,167.0,174.33319206972686
La0.25Dy0.75Mn2,38.0,59.51119036885123
Dy0.7Y0.3Ga9Ni3,6.4,14.30100311360538
Sm0.15Dy0.85Fe1O3,2.6,201.25739692433945
Dy0.85Y0.15Ga9Ni3,7.8,11.87459483518084
Dy0.8Er0.2,165.0,160.51473945801055
Tb0.8Gd0.2Dy0.8Ho0.8Er0.8,198.0,125.04082535797154
Sm0.2Dy0.8Fe1O3,30.0,189.94751335272377
Nd0.2Dy0.8Mn2Ge2,430.0,420.9975751048091
Dy0.8Ho0.2Mn1O3,38.0,41.22329975345027
Dy0.8Ho0.2Sb1,8.3,20.154660102198253
Sr0.2Dy0.8Mn2O5,43.0,64.31328198734006
Nd0.2Dy0.8Sb1,12.0,18.324653354949763
La0.05Dy0.95Mn2,38.0,66.7285017532306
Dy0.95Y0.05,172.0,176.28822649851207
Dy0.965Y0.035,175.0,173.3081637980309
Dy0.98Y0.02,175.5,173.90617624899036
Sr0.1Dy0.9Mn2O5,43.0,61.6791159172044
Dy0.9Y0.1,163.0,168.73495271643523
Eu2DyTaO6,4.0,12.984024190250947
Dy1Mn0.99Fe0.01O3,37.7,42.54209909320078
Dy1Mn0.98Fe0.02O3,35.9,40.38634178828763
Dy1Mn0.95Fe0.05O3,34.7,47.18360331384615
Dy1Fe0.05Sn2,12.4,17.97763576785098
Dy1Fe0.15Sn2,6.9,14.501452249949507
Dy1Mn0.9Fe0.1O3,32.0,53.21136873240715
Dy1Fe0.1Sn2,7.3,14.411123717850005
Dy1Fe0.2Sn2,7.1,15.803266360659947
Dy1Mn0.7Fe0.3O3,120.0,171.81906453880495
Dy1Fe0.3Sn2,7.0,15.355977653344494
Dy1Mn0.5Fe0.5O3,356.0,215.91330834027139
Dy1Mn0.4Fe0.6O3,390.0,336.19192357114133
DyFeO3,190.228571428571,433.53831039953684
Dy(FeGe)2,4.7,15.436261765460007
Dy(FeSi)2,3.8,13.812947320559232
DyFe3,516.5,401.79183935145124
Dy1Fe3H1.5,319.0,253.40695625729222
Dy(FeH)3,207.5,209.88354283828636
Dy(Fe2Ge)2,55.0,91.79017032830643
DyFe6(Sn2Ge)2,516.0,493.18674397089273
Dy(FeGe)6,489.0,465.52172064769735
Dy(FeSn)6,420.5,545.8445816876286
Dy1Mn6Ga0.1Ge5.9,427.0,421.29520559187824
Dy1Mn6Ga0.2Ge5.8,424.0,421.81936387913083
Dy1Mn6Ga0.3Ge5.7,418.0,411.08066404238633
DyGaPt,12.0,15.371106927653523
Dy1Ga1.24Si0.76,12.0,23.187436238156234
DyGa2,11.0,27.86128668120555
DyGa3,7.2,16.671123444438784
DyGa6,12.2,11.431423479365472
Dy(Ga3Ni)3,10.1,14.334587937511909
GdDy,207.9,168.18548011828926
Dy1Mn2Si1.8Ge0.2,430.0,454.9806798880036
Dy1Sn1.1Ge0.9,16.0,18.076596895545038
DyGe,36.0,26.32986469044044
DyGeIr,15.0,19.231133834253306
DyGePd2,12.05,12.000717239628193
DyGePt,8.0,14.618009589005954
DyGeRh,20.3,17.44110834702258
DyTiGe,178.0,117.33010192084207
Dy1Ge1.67,12.0,17.911230895938353
Dy1Mn2Si0.2Ge1.8,523.0,403.66748142684486
DyGe2,28.0,17.242222637091192
DyGe2Ir,4.6,15.351140246339561
Dy1Mn0.32Ge2,30.0,17.79284146428391
Dy(MnGe)2,416.333333333333,423.46693624471794
Dy(NiGe)2,9.96666666666667,11.556438530775297
DyGe2Pd,13.0,11.11706098098731
DyGe2Pt,13.0,12.142729909190418
DyGe2Rh,8.1,14.003660891444282
Dy(GeRh)2,43.25,28.66032834002063
Dy(GeRu)2,21.0,22.745569104190512
DyGe3,24.0,13.427248877290538
Dy(MnGe)6,421.5,390.0268464093369
DyHO2,9.0,10.824702066421171
DyH2,8.0,31.377401255298267
DySi2Ir2I,30.0,14.679423297588366
DyIn,120.0,37.01837671586642
DyInNi,32.0,22.52295976374601
DyInPd,23.0,17.574993347078987
Dy1In1.1Ni0.9,14.0,18.552394058965707
DyIn3,23.2,17.336929459161237
DyIn5Rh,28.1,15.734910583481703
DySiIr,7.0,21.214646579181082
DySi3Ir,7.5,14.74562226140392
DySi2PIr2,9.4,17.712596533176043
Dy(SiIr)2,40.0,20.946667570573233
KDyO2,1.8,9.599645312701385
DyMgPb,26.0,21.302471342453078
DyMgRh,11.3,20.514588238693626
DyMgSn,27.0,19.635651197239888
DyMnO2,11.0,91.97786413585429
DyMnO3,38.97734375,42.69865716607256
DyMnSi,400.0,286.49689054829196
DyMn12,110.0,141.20497056717133
DyMn2O5,35.0,44.706062794386156
Dy(MnSi)2,449.0,471.04970564654485
NaDyO2,2.2,6.55290645652206
Dy1Ni0.22Sn2,8.0,13.931112137859893
Dy1Si1.34Ni0.67,6.2,18.79850966021975
DyNiPb,9.0,19.338483854770875
DyNiSb,3.46666666666667,19.636550914368552
DyNiSb2,8.2,16.977649842888457
DySiNi,8.8,16.190304913901684
DySi2Ni,25.0,13.462391807817937
DyNiSn,7.86666666666667,14.97065140573394
DyNiSn2,6.5,13.058885100438237
DyNiSn4,11.2,11.312309861612027
Dy(NiP)2,5.0,17.46348331324086
Dy(SiNi)2,6.275,12.155980275411315
DyNi3Sn2,9.0,14.452983588193261
DySiNi4,15.0,48.303454352578115
DyRhO3,3.2,14.559464236237414
DyScO3,3.5,67.4546332470037
DyVO3,109.5,33.54156952163016
DyPO4,66.096375,44.68257459979742
DyVO4,2.936,27.08992854867912
Sr2DyReO6,93.0,34.70762345333527
Sr2DyRuO6,38.0,27.34671317605712
Dy(SiOs)2,23.0,22.303076856474526
Dy(P3Ru)4,15.0,18.83024295061718
Dy(PPd)2,6.2,11.628361215838954
Dy(PRu)2,13.0,18.671450538418643
DySnPd,10.4,15.467009707149959
DySiPd2,9.0,13.11176001345173
Dy(SiPd)2,6.0,11.582262849539365
DySnPd2,8.9,11.455829765294503
DySiPt,8.2,14.915859438358247
DySnPt,8.75,12.933837860834853
Dy(SiPt)2,7.0,12.235343158638553
DyPt3,13.2,32.283223521129734
DySiRh,12.5,19.72755035987537
DySnRh,7.3,17.63664987894488
Dy(SiRh)2,55.0,22.951132943567693
Dy(SiRu)2,19.1666666666667,23.059139025803177
Dy(Sn3Ru2)2,5.9,17.72015206436681
DySb,9.36666666666667,24.30284867058304
DySbTe,6.7,15.394972277967689
DySi,39.0,45.42580668844371
DyTiSi,170.0,139.47290504718865
Dy1Si1.65,17.0,18.828552486792724
Dy1Si1.75,7.0,18.42505885876589
DySi2,17.0,18.30141125991182
DySn2,17.5,18.268684308747464
DyTl3,11.0,19.929234358671685
DyZn2,35.0,21.220398544582928
Dy11In9Ni4,14.0,37.975379844460704
EuDy2O4,5.0,9.93894855012423
Eu(DySe2)2,3.0,15.22713576819438
Dy2Fe3Si5,11.0,24.627658382264034
Dy2MgGe2,24.0,22.833061640617522
Dy2Ge2O7,2.5,10.050944764493932
Dy2Ge6Pd,26.5,13.328349575533991
Dy2InNi2,19.0,47.16267216738139
Dy2InPd2,12.0,19.863382320911104
Dy2InRu,15.6,30.776082350927037
Dy2Si3Ir,6.6,18.62537625040318
Dy2Ir2O7,128.0,21.84170863481996
Dy2MnZnO6,10.4,23.678549894065974
Dy2Mn3Si5,32.0,81.0786089223481
Dy2Mn4O9,8.0,56.7805249197824
Dy2Ni2Sn,47.2,23.850266779004325
Dy2SO2,5.85,9.243585974588433
Dy2O3,1.2,13.107823743219745
Dy2TiO5,1.55,52.155286985461785
Dy2Ru2O7,1.85,50.34572431163953
Dy2Si2O7,1.92,10.943170047236679
Dy2Ti2O7,1.3,28.889678395690034
Dy2Si3Pd,7.0,14.748830352111723
Dy2Sn0.96Pd2.04,13.7,19.414744903850362
Dy2Si3Rh,6.3,16.804165003727938
Dy2S3,11.5,16.976715136424456
Dy2Zn17,8.8,9.026903396387288
TbGdDyHoEr,186.0,139.11922790059845
TbDyHoEr,52.0,135.86695763688084
Dy3Fe5O12,236.3146875,316.9970014239165
Dy3Mn3Ga2Ge,54.0,151.68748720880484
Dy3Mn3Ga2Si,42.75,87.7166018644051
Dy3Mn0.5Ge1S7,5.5,16.646586020510135
Dy3Ge13Pt4,1.8,9.262662013598284
Dy3Ge3Ru2,3.0,25.740149701885723
Dy3Ge5,9.0,20.310194627479298
Dy3(In2Ni)2,9.7,22.75086032342665
Li3Dy3(TeO6)2,2.0,14.626577572629053
Dy3Ni,35.6666666666667,54.00463389226884
Dy3Si2Ni,76.6,61.45517014730994
Dy3Si3Ni,140.0,54.59670073477095
Dy3ReO7,2.8,17.002864983577524
Dy3SbO7,3.2,8.64145091276542
Dy3TaO7,2.3,13.758476443445451
Dy3Si4,16.0,25.057689852417656
Nd6.5Dy3.5Sb1,5.0,58.66311694352503
Dy4Zn5Ge6,5.0,13.069826855003004
Dy4Ti(SeO)4,4.0,22.908992325917684
Dy5.07Pd1.93,41.0,68.56985152703426
Dy5(Ge5Rh2)2,6.2,14.74570838679101
Dy5(SiGe)2,55.0,37.103950254739985
Dy5Ge3,40.0,72.0110259335581
Dy5Ge4,40.0,34.351111002081595
Dy5Pb3,160.6,58.60911952668249
Dy5Pt3,52.0,60.41247764347873
Dy5Sb3,69.0,72.7044350916181
Dy5Si3,92.5,71.83709936515987
Dy6FeTe2,86.0,56.90211102282634
Dy6U1O11.64,2.8,10.67050394338862
Dy6WO12,2.7,17.176964965648196
Dy6Pb2Se11,2.4,13.303392689407652
Dy7OsI12,17.0,19.55543087788868
Dy7Si19Ni50,2.0,39.45634169475922
Dy7Rh3,57.0,57.908761462802666
Dy8GaPd24,3.7,12.931506977246572
Y0.75Er0.25,31.5,17.55451729408214
Y0.8Er0.2Mn1O3,75.0,74.14889308056048
Tb0.8Er0.2,205.0,200.73260858500996
Tb0.33Ho0.33Er0.33,90.0,144.1027799284056
Er0.36Th0.64,3.5,36.75196706154171
Er0.39Sc0.61,1.3,61.478133043426126
Er0.3Ti1.4O4.9,30.0,63.81651966484478
Y2.6Er0.4Fe5O12,560.0,547.4594989935417
Nd0.6Er0.4Mn2Ge2,240.0,407.7063878849711
Y0.5Er0.5Fe2,115.0,302.98785384079935
Nd0.5Er0.5Mn2Ge2,315.0,374.3814315979591
Ho0.5Er0.5,104.0,106.0056195483595
Er0.5Ti1O3.5,56.0,54.268074649360905
Sm0.4Er0.6Fe1O3,670.0,246.0938387054704
Y0.25Er0.75,70.6,49.22865836606247
Er0.7Ti0.6O2.1,65.0,38.707943214271644
Er0.95Th0.05,80.0,74.61816471679343
Er0.99Zr0.01Mn1O3,80.0,78.13467740930092
Ho0.1Er0.9,88.0,90.6810152420712
Er0.9Ti0.2O0.7,78.0,50.023606653013026
Eu2ErTaO6,4.0,11.39373402233745
ErF3,1.05,20.283370652766877
Er1Ga3Fe0.06,5.2,8.25735227857943
Er1Ga3Fe0.11,6.2,8.091365763119551
Er1Fe0.11Sn2,5.5,9.059694043791886
Er1Fe0.3Ge2,2.5,10.155482657679755
Er1Mn0.5Fe0.5O3,245.0,243.3366252862726
ErFe,84.4,262.9669042225999
ErMnFeO4,301.0,184.93097950042778
ErFeO3,632.43,565.0777314234225
ErFe2,480.0,232.1670067664005
Er(FeGe)2,2.75,24.75737897705641
Er1Fe2H0.5,395.0,241.2353240929413
Er1Fe2H1.6,266.0,213.66979401997045
Er(FeH)2,251.0,138.39708456045878
Er1Fe2H3.4,152.0,97.84597196344217
Er1Fe2H3.6,70.0,114.27681217308269
Er1Fe2H3.7,80.0,113.92529279842493
Er(FeSi)2,2.6,5.41762024859457
ErFe3,228.0,293.15070297454423
Er1Fe3H3.5,81.0,154.4828220623765
Er(Fe2Ge)2,44.0,142.20782800537913
Y2ErFe5O12,560.0,560.2520194699247
ErFe6(Sn2Ge)2,515.0,512.3853103470651
Er(FeGe)6,484.0,479.5476422600579
Er(FeSn)6,560.0,546.3786982898561
ErMn5Fe7,210.0,179.91678139719423
Er(MnFe2)4,80.0,238.97669289050205
Er1Mn6Ga0.2Ge5.8,455.0,428.6306007548521
Er1Ga0.41Si1.43,9.0,8.03180318899732
Er1Mn6Ga0.4Ge5.6,399.0,411.7622807404735
Sr3Er1Mn3.5Ga0.5O10.5,60.0,110.52439599090769
Er1Mn6Ga0.6Ge5.4,383.0,386.52380902613936
Sr3Er1Mn3Ga1O10.5,60.0,89.14198556270748
ErGaNi,8.0,14.5717671652498
ErGaPd,5.0,8.801752095382682
ErGaPt,3.2,7.925950059704744
ErGaRh,4.5,13.12143815019814
ErGa2,5.0,9.591184146517401
Sr3Er1Mn2Ga2O10.5,60.0,83.20230382763204
ErGa3,2.8,8.021352291481199
ErGa6,3.9,7.782273958013252
Er(Ga3Ni)3,6.4,12.126274041622798
TbPrGdHoEr,135.0,137.63729128542263
TbGdHoEr,190.0,164.99681805324013
Er1Si0.9Ge0.1,7.2,10.674966288328037
Er1Si0.8Ge0.2,7.5,10.024539337653792
Er1Si0.7Ge0.3,8.0,10.02617652679579
Er1Si0.6Ge0.4,8.5,10.27818106131068
Er1Si0.5Ge0.5,9.0,10.971130155355619
Er1Si0.4Ge0.6,10.0,10.368324110491523
Er1Si0.3Ge0.7,11.0,10.083350701521988
Er1Si0.2Ge0.8,11.5,9.823869506847009
Er1Sn1.08Ge0.92,4.9,8.330979347423538
Er1Sn1.1Ge0.9,4.7,7.563583135472465
ErGe,6.5,10.302690796085258
ErGeIr,6.5,12.020270031305092
ErGePd,4.0,7.475741485067899
ErGePd2,3.0,6.508554888399312
ErGeRh,10.2,11.448698240809563
ErTiGe,38.5,75.2470647558648
Er1Ge1.5,3.0,8.653852562209225
Er1Mn0.27Ge2,4.0,13.093463878250931
Er(MnGe)2,418.333333333333,401.9899457591525
ErMn6(Sn2Ge)2,362.0,336.6073879584479
Er(NiGe)2,2.6,8.425528265674114
ErGe2Pt,2.85,7.450384457881525
ErHO2,7.2,11.42824110621502
ErInNi,9.0,11.41617326884132
Er1In2.9,4.4,7.496510389547385
ErIn3,5.6,8.110839570173999
Er1In3.2,4.9,8.779158849657264
ErSiIr,3.8,12.612351484721097
Er(SiIr)2,3.8,13.096881780102903
LaErO3,2.4,14.444491088029501
ErMgPb,6.0,8.39029099640833
ErMgSn,8.0,8.471180569004812
ErMnO3,68.4285714285714,68.92801919243503
ErMn12,87.0,124.47605249372104
ErMn2,23.0,67.72034263973022
ErMn2O5,45.0,38.37217387577231
Er(MnSi)2,508.0,458.0762896766823
Sr3Er1Mn4O10.5,60.0,118.77414270986876
Er(MnSn)6,340.0,330.00766403972494
Sr2ErMoO6,4.0,25.519882517159555
Er(Mo3Se4)2,1.1,26.529753459258803
NaErNiWO6,21.0,21.303308760687276
NaErO2,1.8,8.922400526684008
Er1Ni0.15Sn2,4.0,8.181056252246606
ErSi2Ni,3.4,9.362589956631698
ErNiSn,4.2,10.250644453228315
ErNiSn4,8.8,9.450539666721731
Er(NiP)2,1.9,14.021345631656578
Er(SiNi)2,3.16666666666667,8.278224514197015
ErTi2O7,56.0,35.62925003152799
Er(SiOs)2,4.45,17.17523791329276
ErP,3.1,10.591953270223643
ErSnPd,5.4,6.745346174637669
ErSiPd2,2.8,7.720799043361862
Er(SiPd)2,3.9,7.297467489082589
ErSnPt,3.85,8.22376304347837
ErSiRh,9.125,11.882406910600308
ErSnRh,4.5,11.897840587435768
Er(SiRh)2,12.8,15.18819743913622
Er(SiRu)2,6.5,17.344206578860693
ErSb,3.542,13.444387473518109
ErSbTe,2.1,10.524013668357876
ErSi,11.0,10.737685282759276
ErTiSi,50.0,69.63032184124448
ErSn2,4.65,7.915397437199881
ErZnSn2,5.0,6.327509400317861
ErZn12,2.8,7.1415284487067865
ErZn2,13.0,8.028529161903776
Er1.33Ga8Pt3,5.7,10.378005163861472
Y1.5Er1.5Fe5O12,560.0,520.6140093289197
EuEr2O4,4.7,8.380152396483293
Eu(ErSe2)2,4.0,9.841684794345916
Er2Fe3Si5,11.0,9.855919889534398
Er2MgGa2,11.7,8.926236396695336
Er2Ge6Pd,6.2,6.590700131746315
Er2Ge6Pt,4.9,7.928366674460859
Er2InPd2,5.5,9.129715528867683
Er2InRu,6.4,19.670819841125738
Er2Mn2O7,4.75,60.00930791146481
Er2Si3Ni,5.4,13.319830497652706
Er2Si5Ni3,3.55,8.863930009517722
Er2O3,3.515,14.074354552962062
Er2Ti2O7,1.225,33.67719810833709
Er2Si3Pd,7.0,7.399819789043935
Er2Sn0.98Pd2.02,8.0,8.320238792555784
Er2Si3Rh,5.0,11.645184150039514
Er2Zn17,1.6,6.440986869335374
Y0.5Er2.5Fe5O12,560.0,509.905414608974
TbGdHoEr,139.0,162.9968631013482
Er3Fe5O12,202.75,265.3602528184882
Er3Mn3Ga2Ge,170.0,151.73330438723173
Er3Ge4,7.3,10.065844664140581
Er3(GePd)4,4.0,8.331586863908349
Er3Ir,40.0,24.65280266493066
Er3Ni,8.6,24.719492131624232
Er3Ni2,14.5,72.73137264692843
Er3Pd2,10.0,22.119869004391493
Er3(SbPd2)4,2.0,7.968356146929306
Er3Rh,26.0,22.04695393312937
Tb33.34Ho33.33Er33.33,88.0,85.2594787200705
Er4Zn5Ge6,2.8,6.509811568366297
Er2Zn3,9.0,22.632842662606613
Er5(Ge5Ir2)2,6.7,9.727970995800542
Er5(Ge5Rh2)2,5.5,8.587903590940305
Er5Ge3,31.5,19.20350173691159
Er5Ge4,7.0,13.253548163876644
Er5(Si5Ir2)2,3.03333333333333,10.134655285263705
Er5Ni2Sb,18.0,21.299236279163743
Er5Pb3,36.6,28.752226599070433
Er5Sb3,27.0,21.933477242089765
Er5Si3,17.8333333333333,18.714036397991336
Er5Sn3,32.0,23.072066044279172
YEr,54.1,47.8775284475055
Er6FeTe2,18.0,35.92859026051952
Er6Ni2Sn,17.0,22.282286276860777
Er7Rh3,13.0,31.69105792199966
Eu0.03Sn0.97Te1,10.0,17.65650503064598
Eu0.05Sn0.95Te1,10.0,17.713384958275192
Sr0.91Eu0.09Ga4,1.6,40.50404799558702
Eu0.2Gd0.8S1,55.0,41.16520035438119
La0.5Eu0.5Mn1O3,91.0,98.2084423850943
Eu0.5Y0.5Mn1O3,47.5,71.99222550270174
Sr0.37Eu0.63Ga4,7.28,11.870790530394943
Sr0.35Eu0.65Mn0.5Fe0.5O3,430.0,136.87922023771384
Eu0.6Y0.4Mn1O3,47.5,59.08293798787752
Eu0.75Y0.25Mn1O3,32.75,52.50067727052081
Eu0.7Y0.3Mn1O3,47.5,51.69506318883499
La0.18Eu0.82Ga4,8.2,14.469640147970834
Eu0.8Y0.2Mn1O3,47.5,51.59731518321749
Sr0.2Eu0.8Ti1O3,3.7,42.33481145992569
Eu0.98Te1Pb0.02,6.6,12.74238884572522
Eu0.99Te1Pb0.01,8.5,11.796465851455274
Eu0.9Y0.1Mn1O3,47.5,66.93532046696141
EuMnSbF,3.0,53.87800566125778
EuF2,10.75,19.89941364047908
Eu1F2.16,2.0,18.219961068467008
Eu1V0.5Fe0.5O3,304.0,297.28607990008686
EuMnFe(GeO3)4,17.0,24.788348115943222
EuFeO3,333.125,475.4033711078899
EuFeS2,823.0,93.92140461409663
Eu1Ga0.8Ge1.2,14.0,19.61711969156032
Eu1Ga0.9Ge1.1,22.0,18.35270030636825
EuGaGe,25.0,18.190839340218613
EuGa4,15.0,15.216174294033516
EuGd2O4,4.9,20.932608892079774
EuGePd,8.5,17.098329723675814
EuGePd2,6.5,15.874952786677689
EuGe2,48.0,20.272862798423947
Eu(MnGe)2,330.0,381.06659493389424
Eu(NiGe)2,30.2666666666667,19.765459692929536
Eu(GeRh)2,19.0,26.545013961857848
EuGe3Ir,12.3,19.231685809918016
EuNiGe3,13.5,16.09800164690361
EuGe3Pd,12.18,13.189431906365728
EuGe3Pt,10.8,14.815534345442869
EuGe3Rh,11.3,19.84291101745438
EuGe7Ir3,2.5,14.524611825333126
EuGe7Rh3,20.0,11.787419924188184
EuMg2H,4.0,23.567602604818177
EuZn2Sn2H,10.4,13.31451919417157
EuHo2O4,4.2,9.742260101494114
Eu(HoSe2)2,3.2,13.14477437181794
EuIn4Pt,13.3,13.199791218820023
EuSi3Ir,51.8,21.54096366790541
Eu(PIr)2,2.45,21.92132930299498
EuLu2O4,5.7,15.833873230725725
Eu(LuSe2)2,4.4,14.71825637786428
EuMg2,32.0,31.055600348145507
EuMnO3,45.8571428571429,78.63139164069877
EuMn2,15.0,94.35670887502494
EuMn2O5,40.0,53.396719632725656
Eu(MnP)2,16.5,154.6682850439877
EuMn5,43.0,131.04599125161855
EuRhO3,80.0,18.321212230518885
Eu1Ta0.0625Ti0.9375O3,5.5,24.61810787936413
Eu1Ta0.125Ti0.875O3,7.5,23.052756751564786
Eu1Ta0.1875Ti0.8125O3,8.5,21.601878092672575
Eu1Ta0.25Ti0.75O3,8.5,25.378115804492584
EuTiO3,5.20909090909091,45.82668109644654
EuTm2O4,5.4,9.918425221672061
Yb2EuO4,6.3,9.668773123004305
Sr2EuRuO6,29.5,35.90800942662875
EuP,4.0,24.696494441891378
EuSnP,21.0,18.423648599287283
Eu(PPd)2,18.2,12.157108448938763
EuP3,10.0,15.973692607202553
EuTe27Pb,9.2,14.531025012762893
EuTe30Pb,10.6,13.992434750740669
EuPb3,22.0,20.399916918443164
EuSbPd,18.0,16.592348137876986
EuSnPd,8.9,16.59067162177509
EuZnPd,15.1,19.90191925060834
EuPd3S4,3.4,11.307922726468794
Eu(SiPt)2,15.0,17.482052916550984
EuSi3Rh,48.7,19.630105564763777
Eu(SiRh)2,25.0,32.065908971011375
Eu(SiRu)2,78.0,23.87936078269132
Yb2EuS4,4.3,12.334569204078583
EuSbSe3,5.0,12.816823723655673
EuSe,4.98888888888889,20.450280398189467
Tb2EuSe4,3.3,18.416918125073735
Eu(TmSe2)2,4.0,10.313338915525696
Yb2EuSe4,4.3,9.716426780208653
EuTe,9.26166666666667,20.297960796777474
EuZn13,3.19,9.925795916829047
EuZn2,21.5,27.119032962177126
EuZn5,10.0,16.203914709239477
Eu2HoTaO6,4.0,13.286538965413799
Eu2MgIrO6,10.0,21.69085409834482
Eu2LuTaO6,4.0,23.02636788352207
Eu2Mg4Si3,9.0,19.561880067786074
Eu2O3,90.0,18.862463425792495
Eu2TmTaO6,4.0,10.770514225860765
YbEu2TaO6,4.0,22.12975002249444
Eu2Ru2O7,120.0,25.015716774276047
Eu2Si3Pd,10.0,21.235902201527548
Eu2Si5Pt3,19.0,16.0293306849577
Eu2ZnSb2,3.22,22.214837752336305
Eu2Sn,21.5,51.07104793916876
Eu21(Mn2Sb9)2,7.0,35.82694648114107
Eu21(Zn2Sb9)2,8.0,16.207992200119378
Eu3Ge5,18.2,22.526029315814604
Eu3SnO,31.0,32.210521933767744
Eu3O4,6.0,21.659146139265815
Eu3ReO7,12.0,19.217797220958236
Eu(GaGe2)2,7.9,12.931322647885532
Eu5Ga9,12.5,25.679010490626816
Eu5(InSb3)2,7.4,19.127600283236667
Eu6Mn23,62.0,111.71649019682091
Eu7(Ga3Sb4)2,9.0,17.800362485081173
Sr0.2La0.8Fe1O2.8F0.2,623.15,480.54789305324226
Sr0.5La0.5Fe1O2.5F0.5,623.15,415.13350021175637
Sr3Fe2O6F0.87,300.0,228.98742373319942
Sr0.8La0.2Fe1O2.2F0.8,623.15,449.3776867457309
Li1Ta0.5Fe0.5O2F1,883.0,93.6243729518357
FeOF,317.0,257.69321492130115
SrFeO2F,666.575,290.83019697758
Na2MnPO4F,10.4,46.044244967401255
Mn2PO4F,15.0,48.812257335665734
Sr3Fe2O5.44F1.56,390.0,230.68682131463623
RbGd3F10,1.2,24.003243230319768
Sr3Fe2F12,38.0,66.15767967310207
K3Fe5F15,120.0,83.77067343246105
Nb2F5,6.0,100.10724821353907
Fe3Pb5F19,49.5,53.92261708224928
Zn0.741Fe0.259F2,19.3,82.43660463063625
Zn0.6Fe0.4F2,31.0,61.80467351780497
Zn0.238Fe0.762F2,58.4,147.97890141889968
FeF2,79.2817142857143,125.58238904661178
Zn0.4Fe1.6F2,47.0,194.59470669206434
FeF,78.4,364.82022973269255
Mn0.39Zn0.61F2,14.42,46.37318101242712
Mn0.3Zn0.7F2,45.0,38.073184378198036
Mn0.44Zn0.56F2,18.0,50.236265486997056
Mn0.5Zn0.5F2,67.0,49.45478880075457
Mn0.9Zn0.1F2,61.0,78.79950064972496
MnF2,67.8389473684211,56.88019397542346
Sr2Mn2Se2OF2,141.0,161.90752138487002
NiF2,74.425,120.5061842617048
VF2,7.0,139.56718439676644
Fe3Pb8I5F24,21.0,72.54065059418997
FeF3,329.4,68.77041865137183
FeH4NF3,98.0,66.84765742443838
FeH6(OF)3,411.5,29.181199985824648
KFeF3,115.0,131.4746549985831
KMnFeF3,89.0,152.5473082063207
RbFeF3,75.0,115.00578963546769
TiFeF3,89.0,109.85209090999359
MnH4NF3,84.0,45.29013730200603
K1Mg0.05Mn0.95F3,77.0,86.59227813005751
K1Mg0.15Mn0.85F3,84.0,68.74163329919672
K1Mg0.1Mn0.9F3,81.0,83.07413746714009
K1Mn0.027Ni0.073F3,300.0,40.26460993612551
K1Mn0.97Ni0.03F3,88.0,90.48847605243739
KMnF3,88.9075,86.49925830763006
KNiF3,261.466666666667,99.0359360645557
Rb1Mg0.69Mn0.31F3,4.0,75.25746004808641
MnF3,45.0,115.41199396619055
NaMnF3,63.35,84.02598567896621
RbMnF3,73.5,78.93171597954917
TiMnF3,80.5,96.9862369806076
MnTlF3,76.5,78.06101266386136
MoF3,178.5,74.9748017993406
NaNiF3,141.6,90.87127400565063
RbNiF3,135.0,86.67158580730701
KFeF4,137.5,73.44265545230783
RbFeF4,133.4,68.49074058690167
Rb2FeF4,55.0,109.55676323363457
RbMnH2OF4,7.3,35.532449441934915
K2MnF4,54.0333333333333,81.63932517743815
K2NiF4,158.335,112.49230626299224
Rb2MnF4,38.4,77.32050684245014
Rb2NiF4,190.0,105.0495952733816
Ti2NiF4,190.0,119.78780078725545
Rb2FeH2OF5,9.7,115.78613709315373
SrFeF5,31.5,90.66639229677023
TiFeH2OF6,8.0,82.57491998250678
KMnFeF6,148.0,92.21558272446289
LiFeF6,105.0,64.52160277754027
LiMnFeF6,158.0,73.10690364451617
NaMnFeF6,45.0,127.86655291322684
NbFeF6,60.0,65.67926029366518
SrTbF6,2.6,27.419373772565134
Fe4P2H12N3O8F9,6.0,49.311988582933786
K3Fe4P2O8F9,10.0,182.067378071712
Fe0.01Ni0.99O1,523.0,512.9641960886382
U1Fe0.02Ge2Pd1.98,140.0,94.7961751341405
Sr0.5Nd0.5Mn0.98Fe0.02O3,120.0,139.18443376620755
Tb1Mn0.98Fe0.02O3,40.6,31.21597240743972
Y1Mn0.98Fe0.02O3,72.0,73.12494015482888
Fe0.02Ni0.98O1,523.0,516.0353851975542
U1Fe0.04Ge2Pd1.96,140.0,84.96981930540048
Mn1.96Fe0.04O3,45.33333333333329,61.433588011031226
Sm1Mn1.95Fe0.05Ge2,205.0,278.4744666745371
La0.03Zn0.92Fe0.05O1,42.0,77.18583608217905
Sr0.3Sm0.7Mn0.95Fe0.05O3,18.0,71.68558710898152
Mn0.95Fe0.05S1,165.0,155.3344312473231
Mn1.95Fe0.05O3,65.0,48.30797679231645
Fe0.05Ni0.95O1,523.0,495.53687424162706
Sr0.5Pr0.5Mn0.94Fe0.06O3,125.0,134.7343039306676
Ho1Ga3Fe0.11,7.2,9.387402198429681
Gd5Fe0.125Si1.875Ge2,111.0,100.70365301943332
Y1Mn1.88Fe0.12,13.5,137.1031970662216
Ho1Fe0.14Sn2,5.9,11.844961776985327
Gd5Fe0.15Si2Ge1.85,100.0,105.79955798154381
Sm1Mn1.85Fe0.15Ge2,305.0,280.69106786282276
Tb1Fe0.15Sn2,18.4,19.39106030522411
Ho1Ga3Fe0.16,6.5,13.210542765462318
Y1Ti0.1Mn0.72Fe0.18O3,21.0,64.82191699515535
Y1Ti0.05Mn0.76Fe0.19O3,27.0,53.21709345612923
Fe0.19Ni0.81O1,500.0,335.76530549278067
Gd5Fe0.1Si2Ge1.9,100.0,97.68023883752039
Mn1Fe0.1Ni0.9Ge1,295.0,301.07080853820315
Nd1Mn1.9Fe0.1Ge2,410.0,364.27455250767053
Sm1Mn1.9Fe0.1Ge2,257.0,280.0601388657267
Ho1Mn0.9Fe0.1O3,40.0,82.84078138039627
Li1Mn0.9Fe0.1P1O4,37.5,36.483171658579025
Y0.95Mn0.95Zn0.05Fe0.1O3.2,39.8,60.29262265379659
Nd1Mn0.9Fe0.1O3,74.8,70.95727342258803
Mn0.9Fe0.1O3,28.0,97.93235784166238
Pr1Mn0.9Fe0.1O3,84.4,85.20970088244741
Sm1Mn0.9Fe0.1O3,45.1,65.32653748484215
Tm1Mn0.9Fe0.1O3,91.0,81.5457454617935
Y1Mn0.9Fe0.1O3,60.0,74.04867558919454
Yb1Mn0.9Fe0.1O3,87.0,87.52050886627724
Mn0.9Fe0.1P1S3,78.0,70.3987648645372
Mn1.9Fe0.1O3,28.0,65.83515810739307
Tm1Fe0.1Sn2,2.5,6.91918020378196
Mn2.76Fe0.21Pt1.03,455.0,438.0066951807978
Nb1Fe0.239S2,146.5,65.16254169493051
Gd5Fe0.25Si1.75Ge2,110.0,105.08540590178232
Tb1Fe0.25Ge2,19.5,23.045857114181736
Nd1Mn0.75Fe0.25O3,49.0,64.00857543094777
Mn0.75Fe0.25S1,192.0,174.29093058860843
Mn1Fe0.25Sb1,25.0,290.6216286248499
Nb1Fe0.25Se2,175.0,102.7689865245392
Ti1Fe0.25S2,52.0,74.66987472617096
Fe0.267Pt0.733,165.0,142.78659750975794
Nb1Fe0.281S2,44.0,81.80266008525388
Fe0.28Pt0.72,142.5,168.4614904775402
Mn2.61Ga1Fe0.29,41.8,187.22931082235883
Mn0.71Fe0.29S1,200.0,191.33635797374063
Sm1Mn1.8Fe0.2Ge2,325.0,291.88020100996374
Sr0.3La0.6Pr0.1Mn0.8Fe0.2O3,40.0,90.02147763300063
La5Fe0.2Mo3.8O16,175.0,118.33111116763129
Li1Mn0.8Fe0.2P1O4,37.5,38.33219595738717
Mn0.8Nb2Fe0.2O6,2.4,36.611859607384616
Nd1Mn0.8Fe0.2O3,55.4,63.20339782033333
Pr1Mn0.8Fe0.2O3,66.9,75.11559257953837
Sm1Mn0.8Fe0.2O3,41.2,64.08983478201255
Y1Mn0.8Fe0.2O3,72.6666666666667,65.72210593506112
Yb1Mn0.8Fe0.2O3,92.0,89.42069817018394
Mn0.8Fe0.2W1O4,15.25,48.47312339390872
Mn0.8Fe0.2P1S3,77.0,67.77980673143387
Y0.9Mn0.9Zn0.1Fe0.2O3.4,42.32,55.53790919273627
Mn1.8Fe0.2O3,35.75,65.41707846840958
Y1Mn1.8Fe0.2O5,40.0,54.52946881728949
Nb1Fe0.309S2,47.0,62.4607952039616
Nb1Fe0.325S2,47.0,58.448645270566715
Ho1Fe0.33Ge2,8.0,11.892101255726331
Sm1Fe0.33Sn2,12.0,33.8649191592297
Mn1.65Fe0.35O3,30.0,68.110124645413
Mn6.65Fe0.35Pb3O15,70.0,53.92759406518576
Fe0.38Rh1.62O3,91.0,126.01983043728495
Gd1Mn0.7Fe0.3O3,210.0,118.03784821966414
Mn0.7Fe0.3Ge1O3,125.0,59.51734657368473
U1Fe0.3Ge2Pd1.7,125.0,91.91939261204628
Mn0.7Fe0.3O3,9.6,60.00582629330776
Sr0.3La0.6Pr0.1Mn0.7Fe0.3O3,45.0,103.4531470641423
Li1Mn0.7Fe0.3P1O4,41.0,41.803462675586864
Sr2Mn0.7Fe0.3Mo1O6,80.0,91.24798477914254
Nd1Mn0.7Fe0.3O3,36.0,69.79305934885036
Pr1Mn0.7Fe0.3O3,39.0,81.9593044667351
Sm1Mn0.7Fe0.3O3,66.6,83.77208157796855
Tm1Mn0.7Fe0.3O3,98.0,127.71622065086963
Yb1Mn0.7Fe0.3O3,95.0,92.43281785567669
Mn0.7Fe0.3P1S3,67.0,66.4294143830351
Y0.85Mn0.85Zn0.15Fe0.3O3.15,45.63,88.32106022409378
Mn2.52Fe0.41Pt1.07,415.0,448.2438267604653
Fe0.45Rh0.55,346.0,316.4142509657631
K0.06Nb0.53Fe0.47Pb0.94O3,27.0,69.40736573334547
K0.04Nb0.52Fe0.48Pb0.96O3,54.5,54.6178397785972
K0.02Nb0.51Fe0.49Pb0.98O3,67.0,51.01694818894096
Nd1Mn1.6Fe0.4Ge2,185.0,327.00843104159236
Sm1Mn1.6Fe0.4Ge2,335.0,304.2947385348792
Pr1Mn0.6Fe0.4O3,170.0,173.12939390161273
Sm1Mn0.6Fe0.4O3,218.3,229.0831828251222
Mn0.6Fe0.4P1S3,55.0,63.92812199260092
La0.02Nb0.49Fe0.51Pb0.98O3,87.0,76.6056963514
Y1Mn0.4Fe0.525Ni0.075O3,368.0,351.86471266229694
La0.03Nb0.48Fe0.52Pb0.97O3,91.0,78.76000138020927
La0.04Nb0.48Fe0.52Pb0.96O3,92.5,71.13599788632986
La0.05Nb0.47Fe0.53Pb0.95O3,12.0,100.71287379970391
La0.06Nb0.47Fe0.53Pb0.94O3,102.5,48.88713264588034
Gd1.89Zn0.03Fe0.55Ni0.02O4,17.0,151.925571619305
Ho1Mn0.45Fe0.55O3,336.0,315.09065526768745
Y1Mn0.45Fe0.55O3,330.0,315.719983546162
Y1Mn0.4Fe0.55Ni0.05O3,364.0,360.52271295210625
Mn2.32Ga1Fe0.58,32.0,153.1453870601066
Sm0.5Y0.5Mn0.42Fe0.58O3,361.0,302.9998701377042
Mn2.42Fe0.58Sn1,297.0,198.72641122877116
Sr0.5Gd0.5Mn0.5Fe0.5O3,49.0,187.60153378988252
Gd1Mn1.5Fe0.5Ge2,378.0,292.15121518984535
Gd1Mn0.5Fe0.5O3,280.0,235.32645319533168
Gd5Fe0.5Si1.5Ge2,112.0,101.48178057314112
La1Mn1.5Fe0.5Ge2,385.0,315.14832453704736
Nd1Mn1.5Fe0.5Ge2,255.25,264.2112505313781
Pr1Mn1.5Fe0.5Ge2,362.0,278.2364019624689
Sm1Mn1.5Fe0.5Ge2,333.0,313.4096709626152
Tb1Mn1.5Fe0.5Ge2,415.0,278.7896499029032
Ho1Mn0.5Fe0.5O3,347.0,245.12152424515526
Ho1Mn5.5Fe0.5Sn6,265.0,314.1021683514982
La1Mn0.5Fe0.5O3,150.0,247.72355547727392
La1Fe0.5Ni0.5O3,100.0,338.7138625887678
La1V0.5Fe0.5O3,299.0,260.12850191735276
Sr0.5Li0.5La1.5Fe0.5O4,29.2,114.94425533394597
Sr0.5Li0.5Nd1.5Fe0.5O4,35.2,66.5415583752766
Sr0.5Li0.5Pr1.5Fe0.5O4,29.2,72.30360585673893
Li1Mn0.5Fe0.5P1O4,44.0,45.67870152531848
Li1Mn1.5Fe0.5O4,34.0,86.2890125012964
Lu1Mn0.5Fe0.5O3,119.0,208.45132023651107
Y1Mn0.4Fe0.5Ni0.1O3,377.0,321.8931169696931
Na2Mn0.5Fe0.5P2O7,2.6,25.12484315817396
Sr0.5Nd0.5Mn0.5Fe0.5O3,47.0,149.32290661714075
Sr0.25Nd0.75Mn0.5Fe0.5O2.97,218.0,187.17038186191596
Nd1Mn0.5Fe0.5O2.97,280.0,292.1182062369712
Mn0.5Fe0.5O3,38.0,82.3024494721399
Sr0.5Pr0.5Mn0.5Fe0.5O3,58.0,89.41819151931624
Pr1Mn0.5Fe0.5O3,283.0,240.74170320336023
Sm1Mn0.5Fe0.5O3,297.4,269.3640900772778
Tb1Mn0.5Fe0.5O3,333.0,294.2312129760746
Tm1Mn0.5Fe0.5O3,105.0,242.47090832402094
Y1Mn0.5Fe0.5O3,280.0,298.21047243050793
Yb1Mn0.5Fe0.5O3,116.0,215.52345755404193
Mn0.5Fe0.5W1O4,45.0,71.93929586369349
Mn0.5Fe0.5P1S3,33.0,61.3321575753236
Mn1.5Fe0.5O3,30.0,72.14270300181819
Yb1Mn5.5Fe0.5Sn6,97.0,215.44992529074287
Na1Fe0.5Sn0.5S2,14.0,38.33676291976669
Sr0.06Nb0.5Fe0.5Pb0.94O3,77.0,61.40285247876017
Sr0.04Nb0.5Fe0.5Pb0.96O3,76.5,57.21448253103782
Sr0.02Nb0.5Fe0.5Pb0.98O3,17.0,81.42199162976209
Nb0.5Fe0.5Pb1O3,135.55,126.01528769231997
Nb0.5Fe0.5Pb2O3,150.0,148.6251333594713
Nb1Fe0.5Pb1S3.5,25.0,58.28217485830962
Nd1V0.5Fe0.5O3,304.0,281.20305318523344
Sm1Fe0.5Ni0.5O3,112.0,273.6854163262873
Ti1Fe0.5Ni0.5O3,116.0,141.49400142293572
Fe0.5Ni0.5P1S3,78.5,86.283619814681
Ta0.5Fe0.5Pb1O3,162.375,134.06844204625702
Sr1Fe0.5Ru0.5O3,99.0,216.03427035833863
Y1V0.5Fe0.5O3,335.0,278.95387709049487
Zn0.5Fe0.5P1O4,62.0,62.98259677735372
Fe0.5Rh0.5,346.0,283.0495277996036
Ti1Mn0.38Fe0.62O3,33.0,188.17331739266834
Ti0.38Fe0.62,260.0,228.60091533175222
Fe0.67Pb1W0.33O3,383.0,327.97785788745
Fe0.68Rh1.32O3,290.0,141.46240855904432
Nd1Mn1.4Fe0.6Ge2,230.0,261.56223430561386
Pr1Mn1.4Fe0.6Ge2,245.0,302.3201782695662
Sm1Mn1.4Fe0.6Ge2,325.0,297.99949447956186
Ho1Mn5.4Fe0.6Sn6,280.0,320.722474469327
Pr1Mn0.4Fe0.6O3,391.0,338.3699635902994
Sm1Mn0.4Fe0.6O3,380.0,394.9451285788211
Y1Mn0.4Fe0.6O3,368.333333333333,357.99389609593294
Mn0.4Fe0.6P1S3,34.0,54.16458836917385
Mn2.36Fe0.6Pt1.04,425.0,422.1595746611949
Mn2.4Fe0.6O4,40.9,77.27501513456741
Nb0.2Fe0.6Pb1W0.2O3,300.0,200.4557035036219
Sr2Nb1Fe0.6O5.4,10.0,113.32666896746126
Mg0.2116Fe0.7084O1,128.0,331.2986334536584
Gd5Fe0.75Si1.25Ge2,100.0,105.2549176307184
Mn1.25Fe0.75O3,34.0,138.94672868667905
Yb1Mn5.25Fe0.75Sn6,210.0,191.09864670694074
Nd1Mn1.3Fe0.7Ge2,229.0,245.6442042045346
Y1Mn0.3Fe0.7O3,428.0,398.05510209052176
Mn0.3Fe0.7W1O4,59.7,100.78877029138896
Mn0.3Fe0.7P1S3,49.0,69.68661002330812
Zn0.3Fe0.7P1O4,63.0,67.26108622167398
Fe0.7Ru0.3,100.0,211.06936758300785
Li1Mn0.18Fe0.82P1O4,50.0,53.57657939442599
Fe0.83O1,210.0,223.6504478764539
Gd1Mn0.15Fe0.85O3,552.5,391.602119012456
La1Zn0.15Fe0.85O2.97,701.15,652.4497390538972
La5Fe0.85Mo3.15O16,120.0,127.56209548940272
Mn2.03Ga1Fe0.87,25.1,210.23053032289403
Mn1.99Fe0.88Si1.13,52.0,74.99850892053152
Fe0.896O1,209.0,196.7285027164497
Gd1.39Zn0.02Fe0.89Ni0.1O4,17.0,331.31264385339944
Ga1.2Fe0.8O3,185.0,159.50961790284978
Nd1Mn1.2Fe0.8Ge2,220.0,239.04437289264405
Sm1Mn1.2Fe0.8Ge2,310.0,284.02450463512133
Pr1Mn0.2Fe0.8O3,570.0,567.0150043595321
Y1Mn0.2Fe0.8O3,400.0,491.6814604474308
Sm1Fe0.8Ni0.2O3,130.0,370.4680934901397
Zn0.2Fe0.8P1O4,82.0,99.02610314190659
Fe0.902S1,600.0,520.3968972388715
Li1Ti0.025V0.069Fe0.905P1O4,51.74,54.06817847091359
Li1Mn0.09Fe0.91P1O4,50.0,50.996345487867956
Fe0.928O1,200.0,197.35269378265573
Fe0.92O1,198.0,200.0342228537218
Fe0.92S1,615.5,581.5382088277543
Fe0.932O1,199.0,197.45603326532589
Fe0.943O1,195.0,198.1132492194567
Fe0.945O1,195.0,195.28553629390564
Li1V0.065Fe0.947P1O4,51.76,50.52536829614649
Li1Ti0.046Fe0.953P1O4,51.83,51.73573827217458
La0.8Nd0.2V0.05Fe0.95O3,19.0,621.8324607171635
Lu1Fe0.95Ni0.05O3,130.0,428.2083228636663
Fe0.95Ni0.05Sn2,362.0,360.11110448253277
Fe0.95O1,195.0,200.38260143111913
Sr1Ti0.05Fe0.95O2.475,110.0,192.20073246022727
Sr1Ti0.05Fe0.95O2.69,25.0,113.71814427776637
Ga0.04Fe0.96Ge2,290.0,260.52568928916486
Mn1.93Fe0.96Si1.1,50.0,76.37044487053969
Fe0.96O1,210.0,196.84459433940776
Li1Mn0.03Fe0.97P1O4,50.0,52.457488560706466
Fe0.98O1,200.0,205.2148921739211
Nd1Mn1.1Fe0.9Ge2,218.0,232.24755397714708
Mn0.1Fe0.9O3,8.8,225.78704559346463
Ho1Mn5.1Fe0.9Sn6,435.0,336.3675663136891
La1Zn0.1Fe0.9O2.97,707.15,703.9586476698995
Li1Mg0.1Fe0.9P1O4,47.0,59.21773001047858
Nd1Mn0.1Fe0.9O3,698.0,593.7669806729114
Mn0.1Fe0.9P1S3,104.0,71.91930578345507
Sm1Fe0.9Ni0.1O3,134.0,468.33912961654426
Fe0.9O1,195.0,205.35394943798704
Sr1Ti0.1Fe0.9O2.5,75.0,146.29161398544022
Zn0.1Fe0.9P1O4,97.0,87.91644447633347
Fe1.023Sb1,232.0,155.28741806613795
Fe1.049Te0.79Se0.21,14.0,79.55131532984416
Fe1.053Te0.73Se0.27,5.0,87.73350952125024
Fe1.05Sb0.02Te0.98,56.5,62.44554273712278
Fe1.05Sb0.05Te0.95,56.0,64.64263786138358
Fe1.05Te1,66.1,70.1631279090193
Fe1.07Te1,68.5,69.58818196722189
Fe1.087Te1,67.0,72.6864090086771
Ga0.92Fe1.08O3,335.0,257.93946514554864
Fe1.09Te1,82.0,66.64487580879957
Mn2GaFe,341.0,216.08678966459573
GaFeO3,265.0,277.5872884718813
Tb3GaFeS7,15.0,20.171931768147555
Tb4Ga12Fe,27.0,24.326429903228163
Ga2FeS4,33.0,78.67583810496545
NpGa5Fe,117.0,79.02317983522929
Sr0.875Gd0.125Fe1O2.95,72.0,127.00557088637734
Sr0.75Gd0.25Fe1O2.73,270.0,119.09422175539912
Sr0.75Gd0.25Fe1O2.87,90.0,118.14679495912327
Sr0.75Gd0.25Fe1O2.94,76.0,112.04700576360631
Sr0.67Gd0.33Fe1O2.96,98.0,106.70168014815015
Sr0.67Gd0.33Fe1O2.9,96.0,137.95634176918162
Sr0.25Gd0.75Fe1O2.97,685.0,352.50729230397036
GdZnFe(GeO3)4,13.8,32.56365786964923
GdFeO3,466.5,423.3802083253938
Gd2FeSi2,136.0,127.26223690030916
FeGe,380.285714285714,304.9630570344031
FeGeO3,79.0,187.06358831805554
FeGeO4,10.5,110.0280075841874
FeGe2,270.75,242.89552885234323
Na0.5Li0.5Fe1Ge2O6,18.0,30.854729899363935
LiFe(GeO3)2,20.2,24.10287631240115
NdMnFeGe2,219.0,206.01298511002585
SmMnFeGe2,285.0,238.954183838458
UFeGe2Pd,115.0,95.76015475059941
Rb2FeGe3S8,10.77,39.631480316182106
LuMnFe(GeO3)4,15.0,25.37311003864463
YMnFe(GeO3)4,16.0,32.295313677064776
FeHO,277.735714285714,329.06838696244284
FeHO2,294.5375,185.0071523074051
Fe(HO)2,112.0,139.02857754541643
FeH2SO5,8.3,38.22691060533048
Fe(HO)3,256.0,79.0626102527473
Zr3Fe1H5.6,80.0,85.82043745325987
FeP2H6NO8,3.52,17.933744628632812
Hf0.8Ta0.2Fe1,350.0,293.22848264216526
HfFeSi,120.0,149.5577421202844
Pr0.5Ho0.5Fe1O3,650.0,454.4994044952105
Sm0.5Ho0.5Fe1O3,6.5,599.8083713084372
HoFeO3,643.20625,552.7907989934191
Ho2MnFeO6,7.5,313.2532953913688
Ho6FeTe2,25.5,38.88468461799313
Ho7FeI12,20.0,21.584879885252946
FeI2,10.0,132.66406550506034
La3InFeS7,30.0,37.72761502680017
MgInFeO4,23.0,117.96311789608478
In2FeS4,15.0,69.07505161934796
Fe1Ir0.05Rh0.95,450.0,439.4424241125119
Fe1Ir0.06048Rh1.01952,449.0,428.52505742228385
Fe1Ir0.089472Rh0.990528,545.0,461.9609661666492
Fe1Ir0.13008Rh0.94932,585.0,467.16763645883344
Fe1Ir0.5Pt0.5,505.0,343.5602049155904
Sr2FeIrO6,120.0,111.3866635660027
KFeO2,796.575,345.8546205777861
KFeS2,245.0,171.1452975287455
K2FeO4,3.6,270.6213702396903
Sr0.67La0.33Fe1O3,170.5,228.67551140557964
La0.5Nd0.5Fe1O3,716.0,655.4953457617976
La0.5Fe1Pb0.5O3,676.0,600.8615361482324
La0.5Pr0.5Fe1O3,748.0,710.6341153914699
Sr0.36La0.64Fe1O3,335.0,368.68564823897265
La0.7Pr0.3Fe1O3,756.0,738.2062138218574
Sr0.3La0.7Fe1O3,298.15,415.77239079528186
La0.9Pr0.1Fe1O3,761.0,728.4799030737206
SrLaMnFeO6,87.85,113.80598174823072
LaFeO3,761.95,623.2935475891765
SrLaFeO4,380.0,228.66400479771983
La5FeRe3O16,155.0,90.7017208750844
LiFeO2,118.333333333333,242.21759159415618
LiFePO4,50.3228571428571,53.20530200820124
LiFe(SiO3)2,18.4,29.82301750497081
LiFeP2O7,22.0,23.112376357969573
Li2FeSiO4,25.0,144.48905957617504
LuFeO3,515.8,354.1690785943993
Mg1.1Mn0.5Zn0.4Fe1O4,333.0,358.023104481744
Mg1.2Mn0.5Zn0.3Fe1O4,373.0,379.51490573187743
Mg1.3Mn0.5Zn0.2Fe1O4,423.0,412.67376874769764
Mg1.4Mn0.5Zn0.1Fe1O4,473.0,426.99539355720003
Mg1.5Mn0.5Fe1O4,503.0,370.69118125251316
Sm0.5Mn0.5Fe1O3,286.0,370.7900011372775
MnFe,446.25,412.35993260342826
MnFeO3,68.0,243.78974971720962
YbMnFeO4,62.0,179.78910675247548
Sm2MnFeO6,491.0,157.59872080914005
Sr2MnFeO6,89.0,172.3881106080301
Mn1Fe1Si0.25P0.75,150.0,244.62874648337623
MnFeP,265.0,267.9991358798708
Mn2FeO4,43.55,105.63700577564288
Mn2FeSbO6,218.3,63.13934215272288
Mn2FeSi,46.5,101.59460108747159
Mn4FeSi3,99.0,144.66401299804738
YbMn5FeSn6,271.0,231.89919780216934
Sr1Fe1Mo0.3W0.7O6,300.0,120.75604693908137
Sr2FeMoNO5,400.0,245.99052432795486
FeMoO3,11.0,264.90797099959036
FeMoO4,45.0,59.84824992644981
Sr2FeMoO6,450.0,233.62502088544426
Sr3FeMoO7,25.0,148.1111793826536
RbFe(MoO4)2,3.85,141.61920389772004
FeP(NO2)2,23.8,60.90632656023508
FeWN2,40.0,166.87207717725548
NaFeO2,367.0,334.30812590521924
NaPrFeWO6,23.0,105.88715418957204
NaSmFeWO6,21.0,64.06413869106346
NaFe(WO4)2,5.0,51.97412117381198
Na2FeSn(PO4)3,16.0,17.88415560829379
Na2FeP2O7,3.0,29.53247682262282
Na5Fe(SiO3)4,6.0,82.77411232982489
NbFeO4,76.1666666666667,74.16130775308557
Sr2NbFeO6,30.0,108.41460118335873
Nb2FeO6,4.3,59.504388673797266
Sr0.667Nd0.067Sm0.267Fe1O3,135.0,149.2675245540054
Sr0.67Sm0.33Fe1O3,120.0,169.21091268451937
Sr0.667Nd0.133Sm0.2Fe1O3,145.0,144.02224215623784
Sr0.67Nd0.27Sm0.07Fe1O3,153.0,161.48441977306658
Sr0.667Nd0.2Sm0.133Fe1O3,150.0,150.72720166701922
Sr0.67Nd0.33Fe1O3,165.25,153.25827372600796
Pr0.5Nd0.5Fe1O3,693.0,633.551543702821
NdFeO3,693.888888888889,616.1662786458709
NdFeSi2,6.5,76.09571213603563
FeNiO,485.0,314.2671646796243
RbFeNi(PO4)2,21.0,77.0309213812809
FeNi2O,523.0,324.2112377564101
FeO,198.0,212.9163490475576
V3FePb2O11,2.5,69.75181959932695
V3Zn2FeO11,5.0,21.6044356633842
SrFeO2,473.0,406.75847345071145
Sr1Fe1O2.81,64.0,73.77731058299821
Sr1Fe1O2.83,60.0,70.28643232715422
Sr1Fe1O2.95,105.0,109.72535601303916
Sr1Fe1O2.96,125.0,105.41742974681848
Sr0.67Pr0.33Fe1O3,170.5,141.19432025319918
PrFeO3,695.0,673.3972013650339
Tb0.7Sm0.3Fe1O3,660.0,262.9864724235211
SmFeO3,609.777777777778,474.8096935444298
SrFeO3,124.5,149.84116830827733
Tb0.75Yb0.25Fe1O3,7.2,463.08169785118986
TbFeO3,304.845454545455,464.2677284851405
TiFeO3,107.23,239.98435808496518
TmFeO3,627.4,549.0135747129234
YFeO3,524.255555555556,549.3820840129057
YbFeO3,628.0,428.5197920609575
FePO4,38.5,49.24739153822948
FeSO4,26.0,58.73758357850539
Fe(SbO2)2,46.0,147.36641020513073
SrFeO4,2.0,242.09320348360887
UFeO4,55.0,323.03648317682496
VFeO4,18.8285714285714,59.69209973593013
FeWO4,75.9,168.71027102272598
FeSb(PbO3)2,30.0,57.4602311625475
Fe(ReO3)2,123.0,69.42402871878127
Sr2FeSbO6,21.0,91.54135914088879
Sr2TiFeO6,60.0,226.17205275928166
Sr2VFeO6,256.0,125.97321914318957
Sr2FeWO6,31.75,154.8752294069136
Ta2FeO6,11.75,115.35766931886656
FeP2PbO7,10.0,24.3365458814948
FeP,123.2,344.3589212212723
FePRu,150.0,157.59066402810646
FePS3,121.666666666667,97.64170289280383
FeP2,250.0,129.04020569956253
FeSb6(Pb2S7)2,30.0,37.589012443798914
Fe1Pd0.031Rh1.048,252.0,263.9438334491615
Fe1Pd0.063Rh1.017,169.0,298.58570687466977
Fe1Pd0.18Rh0.82,380.0,331.23928729417116
FePd3,170.0,192.66707007499429
Fe1Pt0.06048Rh1.01952,403.0,354.99806864056035
Fe1Pt0.76Rh0.24,380.0,304.69381079602596
FePt,212.0,401.40081427930994
FePt3,150.0,164.1882277462437
FeRh,349.666666666667,327.85930122936446
FeSiRu2,273.333333333333,161.76829243088795
Fe1Te0.8S0.2,70.0,139.42886414733397
FeS,536.23,373.35546369969353
Ti2FeS4,140.0,99.71087030479258
V2FeS4,132.5,119.1230383526854
FeSb2,773.0,170.58587953577126
Fe1Te0.5Se0.5,190.0,155.8927291031532
FeSe,847.0,313.1167085488492
Ti2FeSe4,134.0,134.13395625399772
V2FeSe4,94.5,154.1261898110942
FeSi,443.0,214.26901836977328
ZrFeSi,165.0,128.08623434133276
Tb2FeSi2,111.0,75.34114590356036
FeSn,369.0,342.471403031355
FeSn2,379.5,435.87384285057743
Tb6FeTe2,36.0,57.24707043963264
FeTe,68.3333333333333,100.52488497477447
Fe1Te1.95,85.0,121.34783889779594
FeTe2,85.0,156.9298548039487
Fe1Te2.1,85.0,117.17400142309624
TiFe,281.0,226.64237145364933
Fe1.11Te1,68.0,62.28500439260263
Fe1.125Te1,50.0,60.26234270819482
Fe1.12Te1,57.0,59.69532647652096
Fe1.13Te1,59.0,58.63383984705491
Mn1.74Ga1Fe1.16,156.0,184.64860949181676
Fe1.18Rh0.82O3,601.5,326.3816362674042
Ga0.9Fe1.1O3,245.0,315.7779769837443
Yb1Mn0.9Fe1.1O4,78.0,149.5672692230122
Ga0.8Fe1.2O3,282.5,278.1334686686855
Ho1Mn4.8Fe1.2Sn6,450.0,356.78167142410626
Yb1Mn0.8Fe1.2O4,92.0,119.12781100656808
Ti0.8Fe1.2O3,160.0,274.4780994611644
Sr2Fe1.33Ir0.67O6,42.0,278.50731631439453
Yb1Mn0.7Fe1.3O4,115.0,131.12569912341297
Tl1Fe1.3Se2,165.4,205.57447232645384
Mn1.45Ga1Fe1.45,50.0,213.065750559382
Fe1.47Rh1.02O3,455.0,331.00919166350087
Mn1Zn0.3Fe1.4Si0.3O4,370.0,307.64334562574015
Ti0.6Fe1.4O3,380.0,196.0956985075009
Fe1.56Rh0.44O3,782.5,706.8205945145548
Mn0.43Fe1.57Ge2Pb2O9,39.9,45.796721233232944
Sr3La1Mn1.5Fe1.5O9.71,71.0,153.8199033062313
Yb1Mn0.5Fe1.5O4,135.0,172.08730465725813
Mn1Fe1.5Ni1.5,205.0,409.3609920514402
Mn1.5Fe1.5O4,39.8,126.98987580481777
Fe1.5Rh0.5O3,749.0,674.2417744714392
V1.5Fe1.5S4,136.0,126.48721008825406
Yb1Mn0.4Fe1.6O4,157.0,172.49063827139804
Mn0.9Zn0.3Fe1.6Si0.2O4,385.0,359.3553294326033
Fe1.78Rh0.22O3,849.0,541.0588223767238
Ti1Mn0.3Fe1.7,190.0,192.2604144278774
Tl1Fe1.7Se2,365.0,203.0003416239545
Mn0.16Fe1.84Ge2Pb2O9,42.0,56.83579416601429
K0.25Tl0.75Fe1.86Se2,517.2,239.66481466921357
Yb1Mn0.2Fe1.8O4,192.0,241.3444185970493
Mn0.8Zn0.3Fe1.8Si0.1O4,410.0,364.6304624808355
V1.2Fe1.8S4,105.0,178.37368935129285
Ti1V0.2Fe1.8,195.0,185.2070704909068
La3Fe1.958S7,155.0,53.56334343184964
Ti0.9709Fe1.9709,282.0,251.65219659407376
Nb1.02Fe1.98,2.8,229.06562406633685
Na1.25Mg1.1Fe1.9P3O12,35.0,36.266069201238906
Fe5(H3O2)3,350.0,154.37558914026187
Sr7(Fe5O11)2,425.0,392.12636980595516
KFe11O17,803.0,537.7061062261254
Fe12PbO19,437.0,401.69764576217244
SrFe12O19,509.666666666667,597.8299426711072
Tb2Fe12P7,4.5,240.12822395368036
Nd6Fe13Pd,369.0,377.89988624021106
Nd6Fe13Sb,450.0,435.1130378871091
Nd6Fe13Si,423.0,411.2136728329288
Nd6Fe13Sn,426.575,424.291437278736
Pr6Fe13Sb,450.0,408.60014009213444
Pr6Fe13Sn,393.0,417.7079997126062
Lu2Mn2Fe15,299.0,225.7987411807098
Lu2Fe16Ru,120.0,218.3417518794454
Lu2Mn0.5Fe16.5,278.0,222.2964876286914
Lu2Fe16.5Ru0.5,208.0,189.20042358685646
Lu2Fe17H3,372.0,225.2736848639366
Lu2Fe17,274.272727272727,259.3733874549543
Tm2Fe17,80.0,247.77667346084212
Lu1.77Fe17.46,267.0,216.01761949763127
Ti1.0049Fe2.0049,276.0,254.22827741853837
Ti0.24Fe2.02Ni0.74O4,230.0,301.59607028679585
Gd0.1Y0.9Fe2H4.2,200.0,148.88846608251987
Gd0.1Y0.9Fe2H4.4,144.0,187.3317987630788
Gd(FeGe)2,10.68,36.87786283348388
Gd1Fe2H4.1,180.0,183.2708930593296
Gd1Fe2H4.3,202.0,172.6948167195559
Gd(FeSi)2,8.0,22.84671993313276
Fe2GeO4,137.5,271.7054000485008
Fe2GeS4,146.0,123.47121556883044
Ho(FeGe)2,1.1,17.929781223400987
Lu(FeGe)2,9.0,57.52752088102679
Nd(FeGe)2,14.1333333333333,26.23689843933445
Fe2Ge2Pb2O9,45.2,95.34247658235165
Pr(FeGe)2,14.2,24.588881586086654
Sm(FeGe)2,5.95,39.11640887290541
Tb(FeGe)2,7.46666666666667,18.49560562908131
Fe2Te2H2SO11,32.5,37.26909481995534
Tb(FeH2)2,160.0,147.18333585091014
Hf0.4Ti0.6Fe2,200.0,225.26762507425087
Hf0.825Ta0.175Fe2,338.0,297.1980225243464
Hf0.82Ta0.17Fe2,200.0,330.7472634577709
Hf0.84Ta0.15Fe2,325.0,277.7867763976402
Hf0.8Ta0.2Fe2,350.0,295.3970973362184
Fe2Hg(SeO3)4,34.0,36.27003968780201
Ho(FeSi)2,2.2,13.441499016378964
K0.8Fe2Se2,559.0,383.93678493498686
La2Fe2S2O3,105.0,166.75022414276407
La2Fe2Se2O3,90.0,186.42376913155894
LiFe2P3O10,19.0,46.15886341286923
Li3Fe2(PO4)3,28.0,35.13550843921817
Lu(FeO2)2,250.0,310.68230694551534
Mg(FeO2)2,649.0,138.56155810571525
Mn0.13Zn0.87Fe2O4,11.0,245.11201887978865
Mn0.1Zn0.5Fe2Ni0.4O4,476.15,410.2786504365032
Mn0.1Zn0.9Fe2O4,115.0,218.98326826436573
Mn0.2Zn0.5Fe2Ni0.3O4,447.15,385.9481278548357
Mn0.5Zn0.5Fe2O4,349.0,342.48780981276855
Mn0.7Zn0.3Fe2O4,465.0,258.96657702354884
Mn0.8Zn0.2Fe2O4,115.0,305.88857643759036
Mn0.9Zn0.1Fe2O4,115.0,139.84563231827156
MnFe2Ni,513.15,366.7206956108226
Mn(FeO2)2,38.0,155.84181889063325
Mn3Fe2(SiO4)3,12.0,59.57456787211299
Mn3Fe2Si3O13,2.5,37.34675441172284
Mn3Fe2Si3,162.0,163.84408388709593
Fe2(MoO4)3,12.0,44.15881238264497
Na3Fe2Mo5O16,10.0,104.9440351395883
Na2Fe2Se2O,74.8,174.26575757922828
Zr0.55Nb0.45Fe2,300.0,245.36316639847985
Zr0.25Nb0.75Fe2,300.0,178.203667451952
NbFe2,14.6,281.69441495049574
Nd(FeSi)2,14.1666666666667,22.27398268770697
Zn0.9Fe2Ni0.1O4,87.0,141.14664750490746
Zn0.7Fe2Ni0.3O4,138.0,332.10993474757186
Zn0.5Fe2Ni0.5O4,606.816666666667,489.31389623032237
Fe2NiO4,838.325,476.42537707150325
Np(FeSi)2,87.0,97.04224108917329
Fe2(SO4)3,30.0,37.258631524441384
SrFe2(SeO3)4,23.5,56.8968113262307
Fe2P4Pb3O16,30.0,32.28231598636925
Fe2O3,800.282608695652,500.03595011512766
Fe2SiO4,65.0,217.4150974017763
Yb(FeO2)2,256.0,276.07836150524054
Zn(FeO2)2,65.1238095238095,134.4792362268427
Fe2Pb2O5,540.0,453.2493067288636
Sr2Fe2O5,696.0,259.58628600852944
Fe2TeO6,214.25,188.54613431361292
Ti(FeO3)2,57.0,166.78559856121106
Fe2WO6,282.0,167.967679262928
Sr3Fe2O6.76,78.0,144.77926318491936
Sr3Fe2O6.8,131.5,98.56120093592945
Sr3Fe2O6.97,110.0,134.4466915715244
Sr3Fe2O6.9,130.0,117.7357323285589
Fe2Se2O7,105.0,101.43925719519207
Sr3Fe2TeO9,260.0,233.601223823046
Sr3Fe2WO9,317.0,231.68200484536004
Sr3U0.1Fe2W0.9O9,305.0,300.195077805033
Sr3U0.3Fe2W0.7O9,331.0,257.7701668679266
Pr(FeP)2,14.5,130.00306019133157
Pr(FeSi)2,7.96666666666667,18.19305302479929
Fe2Rh,350.0,146.94478544680348
Fe2SiS4,127.0,126.8447780638449
Sc0.1Ti0.9Fe2,275.0,209.91097850182211
Sc0.23Ti0.77Fe2,200.0,201.09823119131656
Sc0.27Ti0.73Fe2,190.0,189.35954269136118
Sc0.33Ti0.67Fe2,185.0,158.68945042349833
Sc0.35Ti0.65Fe2,70.0,194.8250633632864
Sc0.3Ti0.7Fe2,185.0,179.82133450468984
VFe2Si,123.0,181.61103354790828
Tb(FeSi)2,7.95,11.908154565398387
Tm(FeSi)2,2.0,15.680221902328547
TaFe2,30.0,314.5376702397155
TiFe2,286.0,253.60092905498064
YFe2,131.0,273.85011703334794
Ti0.16Fe2.12Ni0.72O4,151.0,316.5371297587298
Li0.15Mn0.03Zn0.4Fe2.15Ni0.27O4,588.0,607.0659671774324
Li0.15Mn0.06Zn0.4Fe2.15Ni0.24O4,583.0,589.9991933789765
Li0.15Mn0.09Zn0.4Fe2.15Ni0.21O4,573.0,576.6422661710104
Li0.15Mn0.12Zn0.4Fe2.15Ni0.18O4,563.0,579.0125981735033
Li0.15Mn0.15Zn0.4Fe2.15Ni0.15O4,578.0,564.3966365258323
Li0.15Mn0.15Zn0.35Fe2.15Ni0.2O4,563.0,573.419024253287
Li0.15Mn0.1Zn0.4Fe2.15Ni0.2O4,573.0,576.5484675305537
Li0.15Mn0.2Zn0.3Fe2.15Ni0.2O4,558.0,584.3592985672152
Li0.15Zn0.4Fe2.15Ni0.3O4,628.0,662.3052263740138
Ti0.312Fe2.258Ni0.43O4,263.0,200.972417831217
Li0.25Zn0.2Fe2.25Ni0.3O4,837.0,768.7294060339293
Mn1Fe2.25Ni0.75,425.0,404.34842126953885
Ti0.234Fe2.273Ni0.493O4,181.0,185.97963794992998
Ti0.156Fe2.289Ni0.555O4,133.0,220.58934704339765
Li0.2Zn0.3Fe2.2Ni0.3O4,738.0,698.0407059284671
Li0.35Fe2.35Ni0.3O4,938.0,801.758939565332
Li0.3Zn0.1Fe2.3Ni0.3O4,884.0,802.0814268917284
Mn0.6Fe2.4O4,40.1,179.4607200478572
Mn2.5Fe2.5Si3,171.0,203.44245277739734
V0.075Ga4Fe2.925,48.0,75.45031510720095
V0.05Ga4Fe2.95,57.0,54.03721867908811
V0.025Ga4Fe2.975,42.0,82.82029583672829
V0.1Ga4Fe2.9,13.0,84.77129738793987
FeNi4,450.0,210.74870036971217
Ho6Fe23H16,72.0,242.06638234518414
Ho6Fe23,185.0,378.3837829088401
Fe13Rh37,85.0,248.3696462648093
Ga3.86Fe3,390.0,367.20903894548945
Ga4Fe3,370.0,202.43119933806435
GdFe3,556.0,324.8622862358977
Gd1Fe3H1.5,280.0,270.03161323249276
Gd1Fe3H2.5,197.0,213.1987794081025
Gd1Fe3H3.1,170.0,190.8013346044779
Gd2Fe3Si5,11.0,39.22976553216149
Mn4(FeGe2)3,528.0,303.6304077485431
TbFe3H,205.0,295.46134255228975
Fe3H10S2NO6,55.0,60.68690464033986
Fe3P2(H2O)8,12.4,61.00904881692433
K3Fe3P4H2O17,29.0,51.95610075420651
Tm(FeH)3,300.0,198.7023879573858
Ho1Fe3H3.6,112.0,120.7721011939886
KFe3H6(SO7)2,65.0,32.89761266209607
K4Fe3H6(SO3)2,60.0,121.18551325099914
Na4Fe3H6(SO3)2,53.0,85.3965930079199
Fe3H6Pb0.5S1O10,56.4,64.12891961323324
Fe3PH6PbSO14,48.0,40.581501182188944
Fe3P2(HO)8,16.7666666666667,64.63488231912521
HoFe3,389.0,356.1644528057025
Ho2Fe3Si5,11.0,11.5589346124766
Sr3La(FeO3)3,350.0,197.32778395323345
Sr3La1Fe3O9.17,186.0,285.0927153294275
Lu2Fe3O7,270.0,302.0411235044183
Mn2Fe3,449.0,347.9805179640468
Mn2(FeSi)3,188.25,240.20742449350882
Na3Fe3(PO4)4,27.7,40.597259369233996
Fe3NiO5,60.0,460.03778360792455
SrFe3(PO4)3,18.0,131.47591056391175
Sr2Fe3S2O3,119.0,196.20119568585412
Sr2Fe3Se2O3,112.0,189.54459837651385
Fe3O4,854.0,245.61707778242763
Yb2Fe3O7,265.0,416.59297539854066
Fe3(PO4)2,44.0,162.79499992318642
Sr2Pr(FeO3)3,190.0,279.9136604333668
Fe3S4,607.0,285.35475793016093
Tb2Fe3Si5,11.0,22.943971762996473
Tm2Fe3Si5,1.15,25.583529082294902
TbFe3,610.0,455.8550648259152
ThFe3,250.0,206.88196262329947
TmFe3,112.0,283.73057458910654
Mn1.5Fe3.5Si3,235.0,206.7145837223264
Hf9Fe3.67Sn10.33,24.0,54.52576392927115
Fe3Ir7,40.0,221.48591928631674
Fe33.3Ge66.7,286.0,245.63273220450452
Fe39Rh61,423.15,208.3518097327928
Ho(Fe2Ge)2,52.0,107.67750794496025
Tm(Fe2Ge)2,44.0,147.98430712845675
Y(Fe2Ge)2,43.5,156.0464667428459
Fe4H8SO12,34.0,78.31709658147369
Hf3(FeSn)4,189.0,177.49292539596277
Hf9(Fe2Sn5)2,24.0,51.72714765157722
Fe4(MoO5)3,12.0,111.36679215771206
TaNbFe4O9,88.0,256.5236261754279
Nd0.72Fe4Sb12,16.5,127.6209115727481
Fe4O5,189.0,372.0896078904824
Pr(FeP3)4,6.4,95.72089850754593
Pr0.73Fe4Sb12,4.8,127.00903841175536
Y(Fe2Si)2,76.0,104.45803218652769
Nd5Fe4Si,10.0,181.4331616487451
Fe48Pd3Rh49,210.0,266.9081229942692
Fe12Rh13,310.0,259.9548293381856
Fe49Rh51,341.575,230.33095158769333
Mn25.2Ga25.07Fe49.74,240.0,238.24846210421072
Mn24.64Ga25.53Fe49.83,230.0,233.7917647290132
Gd3Fe5O12,342.6,363.69162165665296
Fe5P4(H5O8)2,12.7,51.6280322337414
Fe5(HO3)3,500.0,255.92351559633946
Fe5H6(SO3)2,8.5,281.33822764851004
Ho3Fe5O12,205.166666666667,280.5174284398324
LiFe5O8,905.0,700.4588741618633
Na3Fe5O9,375.0,439.4837090716396
Nd0.5Y2.5Fe5O12,560.0,556.0830263816599
Nd0.96Y2.04Fe5O12,560.0,556.2902211495224
Nd1.39Y1.61Fe5O12,560.0,554.1349135027183
Nd1.72Y1.28Fe5O12,560.0,537.4427415680728
Sm3Fe5O12,560.0,376.26755754318464
Tb2.4Y0.6Fe5O12,560.0,496.3520140530486
Tb3Fe5O12,317.333333333333,363.96830007535686
Y3Fe5O12,553.0,522.4794167703265
Yb3Fe5O12,560.0,316.90830706848647
UFe5Sn,178.0,192.74270757188057
Y2.6Fe5.4O12,560.15,504.1788468323882
MnGaFe2,257.0,263.33439423143545
MnFe,425.0,408.60969364293504
FeRh,85.0,324.25795945867924
Mn26.73Ga23.04Fe50.23,260.0,248.33321425563838
Mn38Fe57Ni,403.0,362.60762736702594
Tb1Ga0.5Fe6Ge5.5,536.0,542.4264337780407
TbGaFe6Ge5,576.0,551.3870547375558
Tb1Ga1.75Fe6Ge4.25,606.0,605.9989181363596
TbGa2(Fe3Ge2)2,626.0,614.7722297757737
Tb1Ga2.5Fe6Ge3.5,646.0,561.9619947632935
GdFe6(Sn2Ge)2,518.0,504.9798973703958
Gd(FeGe)6,489.0,467.2432291536619
Gd(FeSn)6,554.0,516.7413662331886
HoFe6(Sn2Ge)2,517.0,505.8695406508219
TbFe6(Sn2Ge)2,518.0,495.25971791545567
YFe6(Sn2Ge)2,518.0,531.7159089074715
Hf(FeGe)6,458.5,504.49628136104127
Ho(FeGe)6,484.0,480.4227510557992
Lu(FeGe)6,469.333333333333,486.5825887678672
Mg(FeGe)6,501.0,469.62968909323234
Nb(FeGe)6,561.0,475.67916597079267
Sc(FeGe)6,497.0,487.6147111758484
Tb(FeGe)6,490.0,485.6817433637783
Ti(FeGe)6,518.0,462.25312734296836
Tm(FeGe)6,482.0,476.87227321522835
Y(FeGe)6,481.5,477.75139937768137
Yb(FeGe)6,481.0,456.00635649944
Zr(FeGe)6,508.0,492.354806470863
Hf1Fe6Ge6.2,462.0,472.1658710291109
Nb1Fe6Ge6.2,554.0,473.1998500359608
Zr1Fe6Ge6.2,495.0,490.07654508714245
Ho(FeSn)6,559.0,546.3282480978403
Lu(FeSn)6,549.5,558.6170860092913
Fe6W6N,75.0,317.711818568686
Rb7SmFe6(P4O17)2,7.0,89.19943264999809
Sc(FeSn)6,572.0,525.7584187034468
Tb(FeSn)6,553.0,527.4056569047738
Tm(FeSn)6,562.0,546.3101998944067
Y(FeSn)6,558.0,488.2427306113142
Zr(FeSn)6,598.0,531.0599159479713
Mn16Fe31Si3,260.0,249.7071762406664
Mn9Fe16,300.0,361.2577302517653
Fe13Rh7,60.0,253.0609421185933
Ti7Fe13,250.0,240.76381196715073
Fe65.5Ni34.5,20.0,121.57518981756982
Mn25Fe33Ni32,483.15,355.91757670136553
Ti33.3Fe66.6,278.0,246.34412633551256
Ti33Fe67,260.0,262.1072492581788
Na0.65Fe7P6O24,33.0,232.2564395113403
NdFe7,573.0,219.74442482314774
Fe7(PO4)6,30.75,89.3726977328527
Rb9Fe7(PO4)10,19.0,51.88648079868675
Fe7S8,455.0,539.2830148660737
Fe7Se8,475.0,525.9746261172384
Fe71Ru29,124.0,141.06035106714486
Sm10Ti7Fe76N0.03,390.0,301.8131316515498
Fe19Ni6,40.0,89.60612645944565
Sm8Ti7Fe78N0.03,300.0,318.29519645419543
Fe8PH10O9,500.0,195.99327475559664
Mn(GaFe4)20,87.0,164.17421713734268
Sr0.5Nd0.5Mn0.99Ga0.01O3,143.0,137.62887642766492
Mn1.98Ga0.02O3,78.0,61.20691119036808
Yb1Mn6Ga0.05Sn4.2Ge1.75,261.0,303.4043039991754
Yb1Mn6Ga0.05Sn4.15Ge1.8,276.0,297.6816841351356
Yb1Mn6Ga0.07Ge5.93,481.0,425.6001458245236
Mn1.88Ga0.12O3,55.0,86.36234363373157
Yb1Mn6Ga0.13Ge5.87,460.0,431.1965918089227
Tm1Mn6Ga0.15Sn5.85,350.0,328.18326841476124
Sr1Mn0.9Ga0.1O2.93,190.0,172.65632448474784
Y1Mn0.9Ga0.1O3,55.0,70.86308234049193
Tm1Mn6Ga0.1Sn5.9,343.0,340.5747597984636
Yb1Mn6Ga0.21Ge5.79,406.0,431.02605787966746
V4Ga0.25Ge0.75S8,15.0,46.013038640441835
Lu1Mn6Ga0.25Ge5.75,491.0,435.98892320494207
Sc1Mn6Ga0.25Ge5.75,507.0,445.9803829469242
Gd2In0.8Ga0.2,82.0,76.05530535120977
Ho1Mn6Ga0.2Ge5.8,417.5,420.8816658713859
Tm1Mn6Ga0.2Ge5.8,476.0,428.2792053176521
Sr1Mn0.8Ga0.2O2.87,139.0,130.1467533656915
Tm1Ga0.32Si1.5,4.0,8.073822507880454
Ho1Ga0.34Si1.56,11.0,12.447371087117398
Mn0.725Ga0.35Ni0.275,191.5,193.77259779956867
Sr1Mn0.7Ga0.3O2.83,105.0,99.86045962885099
Yb1Mn6Ga0.47Ge5.53,372.0,392.8627853475478
Ho1Mn6Ga0.4Ge5.6,398.5,407.4940984797513
Tm1Mn6Ga0.4Ge5.6,422.0,405.7674917442627
Sr1Mn0.6Ga0.4O2.82,62.0,120.91795671532783
Yb1Mn6Ga0.51Ge5.49,374.0,392.759873937304
Mn1.46Ga0.54O3,16.0,55.90979012849782
Gd1Mn1Ga0.5Ge0.5,170.0,182.75978104108455
Lu1Mn6Ga0.5Ge5.5,434.0,404.3293423419919
Sc1Mn6Ga0.5Ge5.5,446.0,424.839101001055
Lu1Mn6Ga0.65Ge5.35,369.0,396.7014821896632
Sc1Mn6Ga0.65Ge5.35,423.0,411.25325500372134
Yb1Mn6Ga0.66Ge5.34,354.0,380.20743868516286
Tm1Mn6Ga0.6Ge5.4,379.0,391.41882346130615
Yb1Mn6Ga0.72Ge5.28,349.0,374.1172793695444
Lu1Mn6Ga0.75Ge5.25,371.0,379.42706912620633
Sc1Mn6Ga0.75Ge5.25,408.0,404.5673682893753
Tm1Mn6Ga0.8Ge5.2,372.0,372.6419561881065
Tm1Ga0.9Ge0.1,13.4,8.892224521237603
Tm1In0.1Ga0.9,14.2,9.284039528535555
Sm1Ga1.01Si0.99,10.0,18.13587090141242
Nd1Ga1.05Si0.95,5.0,11.77054230125174
Gd1Ga1H1.66,45.0,23.98522529582181
GdMgGa,15.3,36.84245899015773
GdGaPd,5.1,34.45361603869353
GdGaPt,23.0,24.26644868917343
Gd8GaPd24,8.5,18.25418623278523
HoGaPd,6.8,11.9276139610102
HoGaPt,5.6,11.505840345118033
HoGaRh,4.6,15.594709319853804
MnGaIr,60.0,236.24270486404873
Sr2MnGaO5,162.0,75.71521650715385
Sr2Mn1Ga1O5.5,180.0,53.97137035939319
MnGaPt2,75.0,191.62765403373973
Mn2.9Ga1,47.0,418.1746444676246
Mn3Ga,460.0,156.86837701950782
Mn3GaN,294.0,201.93901941484205
Na2GaSbO7,1.158,25.098068497773678
Nd2GaSbO7,1.16,12.756287415459527
Tb3GaNiS7,4.0,15.166413106396146
TbGaNi,23.0,29.709472894672427
TmGaNi,5.5,13.863100082456185
UGaNi,39.0,50.06380231331248
Tb2GaNi2,30.0,42.938699563566765
Ga1Ni5.63Se2,7.0,160.90718616228725
TbGaPd,34.0,20.94032052068846
Tb8GaPd24,5.1,16.013425810868746
TbGaPt,23.3333333333333,22.086888072299832
TbGaRh,22.0,23.19095441458135
TmGaRh,3.9,11.915457600015438
TmGa,15.6,9.408833070932598
UGa,27.0,126.41784480659116
Ho1Ga1.12Si0.88,5.0,12.179054600372119
Mn2.85Ga1.15,460.0,183.7107470694337
Tb1Ga1.18Si0.82,17.0,24.254551171603477
Gd1Ga1.23Si0.77,15.0,24.815234043061466
Nd2Ga12Ni,17.9,8.991704432754833
Nd2Ga12Pd,7.5,8.563760534553142
Pr2Ga12Ni,10.0,10.073239268484507
Pr2Ga12Pd,18.0,7.545253594275744
Sm2Ga12Pd,7.5,9.31785349055506
Tb4Ga12Pd,16.0,20.55698783211104
U4Ga12Pd,43.0,64.9682211106412
Tb4Ga12Pt,12.0,20.216575327034587
GdGa2,20.0,35.15710491558767
GdGa2Ni,22.0,26.141356370912984
Gd(ZnGa)2,17.0,20.054600911321206
Gd3Mn3Ga2Si,155.0,172.42887323049254
Ho3Mn3Ga2Ge,175.0,133.5444310376502
Tb3Mn3Ga2Ge,140.0,159.31552335410572
Y3Mn3Ga2Ge,260.0,187.98345893933458
HoGa2,8.0,15.923043320728478
Ho2MgGa2,18.4,15.951433006487518
Ho3Mn3Ga2Si,60.0,94.99495756271871
Tm2MgGa2,6.8,8.665153559384187
Mn0.03Ga2O3,120.0,63.43941136414687
Mn(GaO2)2,23.65,38.95296566367477
Mn(GaSe2)2,6.5,39.58388064852059
Tb3Mn3Ga2Si,125.0,84.82451018013512
Y3Mn3Ga2Si,163.0,223.51440518557396
Nd(ZnGa)2,3.0,7.299071174757858
Pr(ZnGa)2,7.0,7.013209818171749
PuGa2,74.0,47.00079477688855
Sm(ZnGa)2,16.0,11.892240681085154
TbGa2,18.0,27.300273576096476
U1Ga2.25Ni2.75,23.0,80.62526777880166
U1Ga2.5Ni2.5,23.0,68.93470905996548
MnGaPd2,198.0,173.47476540154003
GdGa3Ni,14.0,24.250850261765805
Ho5Ga3,13.0,34.30572739136716
NdGa3Pd2,6.5,7.029076872666204
NpGa3,65.0,85.66716763636546
UGa3Pd2,13.0,43.25677853660426
TmGa3,4.26,7.498291642392506
UGa3,67.75,79.79903554397168
GdGa4Ni,12.0,22.42771407600168
U16.5Ga43.5Ni40,23.0,56.659966765945995
Gd2Ga5Ni3,28.0,25.38271511843835
Gd3Ga5O12,2.5,31.809468792308007
UGa5Ni,86.0,42.78571390645005
NpGa5Rh,35.0,53.30649649784673
UGa5Pd,28.5,48.034813031590495
UGa5Pt,26.0,40.11812183889674
GdGa6,12.6,18.66199900931569
HoGa6,6.3,8.50811985663936
Tb2Mn0.5Ga6,20.0,26.833693791205178
NdGa6,10.4,8.475417804760497
PrGa6,9.1,8.884306805487661
SmGa6,4.2,10.701213619314697
TbGa6,18.8,13.104575225636097
Gd3Ga9Ge,26.1,23.720913842245672
Y0.3Ho0.7Ga9Ni3,3.2,12.646610709900099
Y0.15Ho0.85Ga9Ni3,3.6,11.19674045979097
Ho(Ga3Ni)3,4.7,12.130267157606431
Tb0.7Y0.3Ga9Ni3,11.5,12.899450246983323
Tb0.85Y0.15Ga9Ni3,15.9,13.32201725388804
Tb(Ga3Ni)3,17.1,13.11685659861203
Sm0.85Gd0.15Mn2Ge2,330.0,343.4321935505631
Gd0.15Tm0.85Mn6Sn6,280.0,317.95184494732314
Gd0.15Sb0.85,4.2,22.366922809724684
Sm0.9Gd0.1Mn2Ge2,332.0,332.5813817080969
Sr0.5Pr0.4Gd0.1Mn1O3,125.0,130.97209196499117
Gd0.1Tm0.9Mn6Sn6,300.0,315.3815336878688
Tb0.9Gd0.1Ni1Sn1,18.5,20.297799886878465
Gd0.1V0.9O3.6,59.0,76.47524095946109
La0.775Gd0.225Mn2Si2,218.0,308.77305749938387
Sr1.75Gd0.25Ti1Mn1O6,43.0,63.28680593830556
Gd0.25Sb0.75,46.0,19.902099507976477
Gd0.2Ho0.8In1Ni1,7.0,18.3062884159398
Sm0.8Gd0.2In3,22.0,17.875700164003714
Pr0.8Gd0.2Mn2Si2,384.0,356.96413904522365
Sm0.8Gd0.2Mn2Si2,444.0,416.38891800821847
Gd0.2Y0.8Si3Ni1,2.7,21.080958259714958
Gd0.35Y0.65Si3Ni1,5.3,14.432865387115346
Gd0.35Sb0.65,60.0,29.99187975853793
Gd0.39Y0.61H2,10.0,21.969800982919413
Gd0.45Lu0.55,200.0,135.3875558970965
Gd0.47Y0.53H2,12.0,24.960213403569817
Gd0.4Ho0.6In1Ni1,9.0,18.41268128010356
Sm0.6Gd0.4In3,27.0,20.98479275668574
La0.7Gd0.4,192.0,97.87323839819062
Pr0.6Gd0.4Mn2Si2,409.0,385.56442055254735
Sm0.6Gd0.4Mn2Si2,454.0,436.45886844216335
Nd0.6Gd0.4Zn2,22.0,30.07516950092671
Pr0.45Gd0.55Mn1O3,59.0,64.67034223971845
Nd0.5Gd0.5Mn2Ge2,442.0,425.3733416019647
Gd0.5Ho0.5In1Ni1,9.0,21.561170730405962
La0.5Gd0.5Mn1Si1,103.0,196.33425408600607
Sr1.5Gd0.5Ti1Mn1O6,43.0,56.20220156785749
Nd0.5Gd0.5,100.0,82.16126324051095
Gd0.5Y0.5Si3Ni1,9.7,13.407161882362871
Gd0.5Y1.5Si3Ni1,3.1,20.796588625100956
Gd0.5V0.5O2,182.0,20.724579371250336
Gd0.5Sb0.5,103.0,60.12302787398684
Gd0.654Y0.346,200.0,202.11145497575836
Pr0.35Gd0.65,110.0,73.60303150881155
Gd0.689Y0.311,206.0,208.71874772869126
Gd0.696Y0.304,205.0,200.8094843519495
Gd0.69Sb0.29,150.0,89.11709849491304
Nd0.4Gd0.6Mn2Ge2,445.0,434.96213252032106
Gd0.6Ho0.4In1Ni1,9.0,19.81649792751352
Gd0.6Y0.4Mn1O3,42.0,51.350683826023264
Pr0.4Gd0.6Mn2Si2,432.0,414.66575353011183
Sm0.4Gd0.6Mn2Si2,462.0,449.01450907887704
Gd0.6V0.4O1.6,196.0,41.169886647826026
Gd0.703Y0.297,220.0,200.02924455096883
Nd0.25Gd0.75Mn2Ge2,453.0,437.8189075392508
Sr1.25Gd0.75Ti1Mn1O6,43.0,64.35855935687896
Gd0.75Y0.25Si3Ni1,16.6,17.030662717642013
Gd0.76Y0.24H2,15.0,23.287397724938916
Nd0.3Gd0.7Mn2Ge2,448.0,437.2140693580992
Sm0.3Gd0.7In3,36.0,27.38137863874955
La0.3Gd0.7,110.0,134.23022735058467
Sr0.3Gd0.7Ti0.15Mn0.85O3,43.2,71.009686681269
Sr0.3Gd0.7Mn1O3,45.1,60.13024165070907
Gd0.7Y0.3Mn1O3,42.0,46.542197416362
Nd0.15Gd0.85Mn2Ge2,458.0,436.3279767742556
Nd0.2Gd0.8Mn2Ge2,456.0,443.82301698826154
Gd0.8Ho0.2In1Ni1,7.0,44.07867622686769
Sm0.2Gd0.8In3,41.0,27.866891523356927
Gd0.8Y0.2Mn1O3,42.0,46.164298539781164
Pr0.2Gd0.8Mn2Si2,409.0,454.9138129401619
Sm0.2Gd0.8Mn2Si2,469.0,446.951814122425
Sm0.1Gd0.9In3,45.0,29.29353611596777
Gd0.9Y0.1Mn1O3,42.0,47.923449054176295
Gd1Si1.22Ge0.56,22.0,25.79922481307999
Gd1Si0.4Ge0.6,57.0,80.10959651181534
Gd1Sn1.1Ge0.9,20.0,26.005533028882322
GdGe,68.0,68.27296913561871
GdGeIr,24.0,32.07808112167068
Gd1Ti0.05Mn0.95Ge1,400.0,256.4073775614331
GdMnGe,306.5,336.2027715519748
GdGePd,30.0,22.736267536291212
GdGePd2,7.2,15.302277851899282
GdGePt,12.5,27.07652342945938
GdGeRh,27.9,26.008134330680313
Gd1Ge1.5,29.0,35.13177760872913
Gd1Ge1.57,18.0,31.156883030630826
Gd1Ge1.67,22.0,25.796110109937835
GdGe2Ir,12.2,18.97272534490223
Gd1Mn0.38Ge2,35.0,36.72488994933596
Gd(MnGe)2,364.666666666667,433.1072534085467
Gd(NiGe)2,23.0,21.18022472193862
Gd1Ge2Pd0.3,21.0,19.98019791389136
GdGe2Pd,5.5,16.298863900791204
Gd(GePd)2,15.0,16.417388286044023
GdGe2Pt,16.6,16.982522172549526
GdGe2Rh,7.2,18.879103041915794
Gd(GeRh)2,93.8,36.68624017710543
Gd(GeRu)2,28.5,32.12298890330295
GdNiGe3,26.2,18.26425500807555
GdMn2H,255.0,253.14100713051036
Gd1Mn2H1.5,275.0,253.76758262495082
GdH2,21.5,41.91371533076715
Gd(MnH)2,305.0,274.0158454362401
GdMn2H3,306.0,302.89876529463265
Gd(HO)3,1.28,23.67252399353883
Gd1Mn2H3.5,335.0,310.1965371472023
Gd1Mn2H4.3,370.0,324.1435905453115
Gd1Hf0.05Mn0.95O3,44.0,37.32900588647685
Gd1Hf0.1Mn0.9O3,44.0,40.467299996881046
Gd1Hf0.2Mn0.8O3,44.0,48.94438474673695
GdIn,28.0,75.5788073909829
GdInNi,83.0,34.21805798032131
GdInPd,102.0,25.47687952866486
GdInPd2,10.0,16.62751825745972
Gd(InPt)2,16.0,18.416334074578483
GdIn3,45.0,28.844127731047667
GdIn5Rh,40.4,19.11498257242067
GdSi3Ir,15.5,20.612910130611983
Gd(SiIr)2,47.75,32.28304943466161
KGdO2,1.1,11.038820704062653
LaGd,155.0,140.03791122228338
GdMgPb,47.0,39.47794642636391
GdMgRh,16.7,37.45774014814807
GdMgSn,48.0,32.288360191283104
Gd1Zr0.2Mn0.8O3,29.6,43.975225839682004
Gd1Zr0.05Mn0.95O3,24.6,41.381263109626474
Gd1Zr0.1Mn0.9O3,29.7,37.231590331366
GdMnO3,34.8569444444444,42.15239471099415
GdMnTeO6,7.0,25.612783837677412
GdMn2,71.6666666666667,86.00754295682512
GdMn2O5,39.0,57.454048436884776
Gd(MnSi)2,468.333333333333,449.8352764887901
NaGdO2,2.4,9.36563660816298
GdNbO4,1.67,25.091988417707732
GdNiPb,16.0,42.68525197750134
GdSiNi,13.3,100.03357579026819
GdSi2Ni,19.3,21.23608585296675
GdSi3Ni,22.2,19.720804108939323
GdYSi3Ni,7.2,21.987891624778193
GdNiSn,10.6666666666667,62.928690038338715
GdNiSn4,26.8,18.69212528437575
Gd(NiP)2,10.5,25.68960324944075
Gd(SiNi)2,14.2285714285714,24.964880563576195
Gd(NiSn)2,7.0,23.626297244589672
GdNi3Sn2,12.0,18.1980335606408
GdSi3Ni8,3.0,20.53202490568219
Gd1O1.493,34.0,8.164069163305818
Gd1O1.5,3.9,22.66820101980133
GdRhO3,2.165,24.8286049523614
GdVO3,7.5,88.95706604934702
GdPO4,112.9,37.8226199139833
GdVO4,2.7985,42.9399077662405
Sr2GdRuO6,25.0,28.853641819972996
Gd(SiOs)2,28.0,36.26365173808725
GdP,15.45,52.397670220377094
Gd(P3Ru)4,22.0,18.942447271537944
Gd(PPd)2,10.0,16.83457956276718
GdPb3,17.0,30.337444830158592
GdPd,32.0,57.951629075452146
GdSbPd,17.0,30.383559695403434
GdSiPd,30.0,27.44078764185917
GdSnPd,14.7,27.395722023007984
GdSiPd2,13.5,16.934982635547076
Gd(SiPd)2,15.25,17.9724899874881
GdSnPd2,3.6,15.366942422039658
GdPd3,6.5,23.507699603252906
GdPd3S4,5.5,14.08397666798881
PrGd,55.0,113.77019831677427
GdSnPt,30.0,25.273469513040343
Gd(SiPt)2,8.98,20.92856867311102
GdSnRh,15.6,27.056688746043026
Gd(SiRh)2,119.0,34.314335255593704
Gd(SiRu)2,39.0,37.17558003148966
Gd(Sn3Ru2)2,9.0,19.321781361132658
GdS,50.0,49.75850955354271
GdScS3,3.0,51.90592555430238
GdSb,25.8,60.38852631503243
GdVSb3,5.0,46.51331825189745
GdSe,64.0,40.23383478314563
GdTiSi,400.0,128.75301176401706
Gd1Si1.78,25.0,28.504652176900763
GdSi2,27.0,26.500146503177767
GdSn2,28.0,27.034111943413055
GdSn3,20.0,26.441643628612532
Gd(Ti3Sn2)2,300.0,79.8016017941972
GdTe,80.0,60.63942646496606
GdTe2,9.8,32.925716776226984
GdTe3,10.6,20.980932924097665
GdZn12,16.0,11.578385350856854
Gd1.5Y0.5Si3Ni1,11.5,26.89873620625607
Gd1.5Y0.5Si3Pd1,8.0,17.375384907716246
Gd1.8Y0.2Si3Pd1,15.0,19.138269110971297
Gd1.9Mn0.1O3,3.0,24.333080488176698
Gd11In9Ni4,85.0,72.71544053326778
Gd12Ni6Sn,170.0,87.17433076058497
Gd2MgGe2,91.0,44.79382753128918
Gd2Ge2Ru,97.2,52.915121694679044
Gd2Sc3Ge4,22.0,53.09386672645621
Gd2Ge6Pd,38.0,20.090073192601146
Gd2In0.8Pb0.2,40.0,99.24428312920669
Gd2In,96.3333333333333,66.23056766438512
Gd2InPd2,20.0,39.993788953252874
Gd2In8Ir,40.8,24.64653538138652
Gd2MgNi2,49.0,64.45397252811276
Gd2MgTiO6,3.3,41.546847336479395
Gd2TiMnO6,43.0,50.85536170142263
Gd2MnZnO6,6.4,36.29373464361522
Gd2Si3Ni,16.0,58.00134321477776
Gd2SO2,4.1,13.754434011088039
Gd2O3,9.4,13.212545910799166
SrGd2O4,2.8,16.053853299477172
Gd2RuO5,10.0,22.478468378030392
Gd2Ti2S2O5,5.0,42.96388682295042
Gd2Ru2O7,35.0,41.48269110130807
Gd2Si3Pd,20.6666666666667,21.82351058660964
Gd2Sn0.98Pd2.02,27.5,41.144450086104555
Gd2Si3Rh,14.0,33.10612912788314
Gd2Sc3Si4,49.0,45.03377716557574
Gd2Se3,6.0,32.93591393801722
Gd2Zn17,9.0,13.787269198370787
Gd3.04Sc0.96S6,9.0,34.651782571850966
Gd3Ge13Pt4,6.2,17.1805055704149
Gd3MoO7,1.9,14.0024217048028
Gd3Ni,100.09375,101.19992080899482
Gd3Si3Ni,260.0,89.46240841783072
Gd3Si4.2Ni11.5,9.0,37.80003644966765
Gd3(SiNi3)2,10.5,48.475509721478595
Gd3ReO7,7.0,9.927023738750366
Gd3SbO7,2.6,10.102606205101818
Gd3Pd2,30.0,86.56290847438831
Gd3Pd4,18.0,54.68928946442097
Gd3Rh,112.0,117.11134213729885
Gd3Sn6Ru,19.0,23.311367567367807
Gd4In21Pd10,14.2,14.032919028182352
Gd4MgNi,92.0,78.63887756159905
Gd4Ti(SeO)4,1.5,28.384587509523207
Gd4(SiS4)3,3.0,21.362103350292802
Yb11(Gd2Se11)2,2.29,17.367075401525764
Gd4.5Sc0.5Ge4,83.0,99.20696152985695
Gd4.5Ni12Sn24.5,4.0,31.97837496859453
Gd4.75Sc0.25Ge4,102.0,104.7977126835115
Gd4.88Sc0.12Ge4,116.0,101.15482246601759
Gd5(Ge5Rh2)2,14.0,19.327665048800746
Gd5Si2Ge2H1.2,45.0,58.55957147068736
Gd5Si2Ge2H2.5,45.0,46.23930138466629
Gd5Ge2Sb,136.0,99.54041178561917
Gd5Ge3,69.5,105.43281485560712
Gd5Si0.4Ge3.6,125.0,111.36455866293568
Gd5Si0.3Ge3.7,128.0,111.81331695384888
Gd5Sn0.3Ge3.7,120.0,101.15025609159392
Gd5Ge4,78.75,93.92280600988943
Gd5SnIr2,154.0,93.25529407395666
Gd5Sb3,136.0,93.09699479161277
Gd5Si3,65.0,75.19771099878702
Gd5Sn3,64.0,103.29526788845307
Gd5Sn4,65.0,101.28781737192394
Gd6U1O11.97,2.1,11.833109718350887
Gd67Y33,208.0,163.64205357266405
Gd7Rh3,141.0,103.64318974852158
Pr29.5Gd70.5,55.0,125.87950919033918
Gd8Ge13.29Sb1.72,24.0,25.415313796090512
Sr0.5Nd0.5Mn0.99Ge0.01O3,127.0,141.7049952351212
Mn5Si2.95Ge0.05,100.0,107.21369320918176
Mn2Ge0.12Sb0.88,244.0,148.10155977897105
Mn3Si0.9Ge0.1Ir1,225.0,220.48949637233557
Mn0.9Ge0.1,460.0,320.3785326799325
Tb1Mn2Si1.9Ge0.1,496.0,458.59439085854444
Mn5Si2.9Ge0.1,100.0,106.43035005588804
Tb4Ge0.25Sb2.75,155.0,75.79838520397499
Mn2Ge0.2Sb0.8,77.0,236.84623040641299
Mn5Si2.8Ge0.2,100.0,108.59586105300625
Mn3Si0.7Ge0.3Ir1,225.0,228.1201185343531
U1Sn1.6Ge0.4,64.0,73.59050631606486
Mn3Si0.5Ge0.5Ir1,225.0,225.08057625178722
Mn0.34Ge0.66,150.0,85.93424275284767
Tb1Si0.4Ge0.6,60.0,53.858286936610355
Mn3Si0.25Ge0.75Ir1,225.0,228.65417271717823
Tb1Si0.3Ge0.7,60.0,57.367446663661816
Tb1Sn1.12Ge0.88,31.0,22.94172547295027
Tb1Si0.2Ge0.8,60.0,56.79566280812573
U1Sn1.2Ge0.8,36.0,73.93836463751146
Mn1Ni1Sn0.085Ge0.915,185.0,281.30720467360067
Mn0.06Ge0.94,150.0,51.023331597777386
Ho1Sn1.1Ge0.9,10.85,11.272778167882972
Tb1Si0.1Ge0.9,60.0,54.30815251504949
Tb1Sn1.1Ge0.9,30.0,22.58657928543887
U1Ni1Ge1H0.3,35.0,60.75809555672118
UNiGeH,38.0,78.73433357291472
HoGe,18.0,22.002967940402698
HoGePd2,5.05,9.137063890804214
HoGeRh,4.6,16.626141691416368
HoTiGe,112.0,68.85358854366885
Mn3GeIr,225.0,249.6214337165727
TbGeIr,23.75,24.88715922153686
UGeIr,16.5,35.53507233290416
YbGeIr,2.4,9.681740873718528
Li2VGeO5,2.9,35.63360661767493
Mn0.06Zn0.94Ge1P2,47.0,56.37490547405834
Mn0.25Zn0.75Ge1P2,47.0,61.81008564910141
Mn0.9Ni1.1Ge1,200.0,296.88016163147483
NdMnGe,430.0,317.6595172387627
MnNiGe,351.0,318.9374405019504
MnGeO3,13.0,41.83301856691064
MnGeRu2,310.666666666667,266.9715540235662
UMnGe,240.0,182.58067592454572
Mn2GeO4,24.0,64.30226091049832
Mn2GeS4,89.0,89.740482038415
Mn2GeSe4,66.0,83.68389950417308
Mn2GeTe4,82.5,130.6921554769427
Mn2.6Ge1,310.0,212.74964551855564
Mn3Ge,309.75,243.4825365623384
Mn3.16Ge1,390.0,262.6213237867322
Mn3.25Ge1,139.0,357.646898718847
Mn3.97Ge1,390.0,261.4799552573606
NdGePd,4.0,10.451277799361286
NdGePd2,1.7,8.063784670074297
NdTiGe,112.0,99.66054312968762
NiGeO4,15.0,43.254033447751354
UNiGe,50.0,56.6708623455083
Ni2GeO4,14.5,51.71307720794297
NpGeRh,21.5,33.99701625824886
U1Ge1Pd0.8Ru0.2,32.0,40.553896222799665
TbGePd,18.0,19.844264299086053
TbGePd2,15.35,15.65424291089979
TmGePd2,1.2,6.594831909668672
PrScGe,114.0,60.06865984125454
PrTiGe,62.25,89.75141680430546
TbGePt,15.0,18.358860899379863
UGePt,50.5,32.748123057996004
TbGeRh,20.7666666666667,25.02228769791119
TmGeRh,6.8,10.087247188433212
YbGeRh,7.0,7.578403145734936
TbGeRu,68.0,29.12044846227359
V4GeS8,15.5,60.06937559168622
SmGe,40.0,44.36012546833128
SmTiGe,237.5,109.40424740070677
TbGe,56.0,59.274888824898945
TbTiGe,289.333333333333,147.47415320095268
TmTiGe,15.0,66.23084398942088
Ho5Si2.5Ge1.5,34.0,23.15225575063179
Sm1Mn2Si0.4Ge1.6,318.0,302.96680645965347
Yb1Mn6Sn4.2Ge1.8,305.0,282.6201293097392
U1Sn0.02Ge1.98Rh2,13.3,43.267317932531874
Ho5(Ge5Rh2)2,6.3,12.231107110912026
Tb5(Ge5Rh2)2,11.5,19.179106123970733
Tm5(Ge5Rh2)2,6.9,7.356198460058229
U3Ge13Rh4,22.0,36.289844580119386
Sm3Ge13Ru4,5.0,12.199794529497021
HoGe2,11.0,11.666043141811363
HoGe2Ir,4.5125,11.95210128499438
Ho1Mn0.33Ge2,7.0,17.07761182615194
Ho(MnGe)2,289.666666666667,411.5879510799478
Ho1Ni0.46Ge2,9.0,11.17648584194745
Ho1Ni0.6Ge2,11.0,11.736843143617783
Ho(NiGe)2,5.6,9.32852960016788
Ho1Ge2Pd0.33,7.0,9.990235923596726
Ho(GePd)2,3.8,8.156179299255411
HoGe2Pt,7.5,8.874915324798824
HoGe2Rh,6.4,11.426316226210945
Ho(GeRh)2,40.0,17.060196398533932
Ho(GeRu)2,20.0,18.794331026239284
Ho2MgGe2,14.0,14.981048547037974
Ho2Ge2Os,39.6,22.312343631713794
Ho2Ge2Ru,40.7,19.965979811720274
Ho5(SiGe)2,30.0,22.71448677514994
TbGe2Ir,8.85,19.507177462219783
Pr(GeIr)2,1.7,20.338759081449133
La(MnGe)2,430.0,414.52575025745034
Lu(MnGe)2,453.0,402.07985425501386
LuMn6(Sn2Ge)2,366.0,351.70702070504086
Nd2MgGe2,14.0,16.027115094073714
Sm2MgGe2,13.0,30.8607706692091
Tb2MgGe2,55.0,30.10354026064592
Tb1Mn0.33Ge2,26.65,25.688890443205153
Nd1Mn0.42Ge2,34.0,26.65488245848402
MnGe2,42.0,192.57257092461134
Sr2MnGe2O7,4.4,33.13720822849981
Nd0.45Y0.55Mn2Ge2,445.0,425.35392153763274
Nd0.4Y0.6Mn2Ge2,440.0,428.88599336293345
Nd0.55Y0.45Mn2Ge2,450.0,429.9028973571619
Nd0.5Y0.5Mn2Ge2,448.0,426.478645574134
Nd0.6Y0.4Mn2Ge2,447.0,424.5396412590741
Nd0.8Y0.2Mn2Ge2,440.0,409.93728823380854
Nd(MnGe)2,421.25,397.1082738329823
Tb(MnGe)2,454.0,393.96352749699537
Tb0.75Pr0.25Mn2Ge2,444.0,440.84723111740954
Tb0.8Pr0.2Mn2Ge2,448.0,437.5988739405881
Tb0.7Pr0.3Mn2Ge2,465.0,436.4186250883295
Tb0.6Pr0.4Mn2Ge2,442.0,430.37915591478566
Tb0.5Pr0.5Mn2Ge2,418.0,421.4043514075929
Tb0.4Pr0.6Mn2Ge2,438.0,413.83780676986373
Tb0.2Pr0.8Mn2Ge2,432.0,421.98559730003177
Pr(MnGe)2,416.0,406.6948326593598
Sm0.85Y0.15Mn2Ge2,328.0,339.1871606388382
Sm0.9Y0.1Mn2Ge2,328.0,327.2474999546807
Sm(MnGe)2,256.083333333333,337.385223714644
Tb(MnGe)2,413.2,393.96352749699537
Tm(MnGe)2,458.0,407.5076794250471
Y(MnGe)2,395.0,437.7435683384648
Yb(MnGe)2,342.75,439.8065798547076
Mn5Ge2,110.0,287.87754941095704
ScMn6(Sn2Ge)2,397.0,352.48712073225994
TmMn6(Sn2Ge)2,358.0,340.12126343027836
YMn6(Sn2Ge)2,336.0,364.98425428093515
NaV(GeO3)2,16.0,29.279730143931154
Tb0.4Nd0.6Ni1Ge2,11.0,12.110014198039742
Nd(NiGe)2,20.2,12.536251964834406
Nd(GePd)2,1.575,7.1564552990229995
Nd(GeRh)2,50.0,20.20662221187712
Nd(GeRu)2,18.0,16.916650031148208
Nd3NiGe2,4.15,18.07639657376335
U1Ni0.45Ge2,47.0,65.07859220387462
Tb1Ni0.4Ge2,16.0,18.109653926332975
Sm(NiGe)2,17.9,14.559771485583273
Tb(NiGe)2,14.5,16.327987739608837
Tm(NiGe)2,1.5,6.74341794227931
TbGe2Pd,28.0,15.819196354517032
Pr(GePd)2,3.5,7.071688657312186
Tb(GePd)2,4.2,14.620271523387611
U(GePd)2,140.0,57.08263544389464
Pr(GeRh)2,42.0,18.400160282662146
TbGe2Pt,24.6,15.112939936725988
TbGe2Rh,10.6,18.346223904978324
Sm(GeRh)2,9.0,23.359638131274902
Tb(GeRh)2,81.5,32.97530838670491
U(GeRh)2,15.0,45.38101371306447
Tb2Ge2Ru,95.8,32.83193896385557
Tb(GeRu)2,33.5,26.553829214521066
TbGe2,42.0,22.34464446793787
UGe2,260.0,93.77371216840193
Ho5Si1.5Ge2.5,37.0,22.94935688476603
Tb5Ni0.3Ge2.7,89.0,79.14004571387983
HoNiGe3,10.0,9.997542180206315
Ho3Ni2Ge3,9.0,14.785458315936346
Ho5Ge3,10.0,30.803630562417634
MnGe3Sb2Te7,8.0,42.72527578177684
Nd5Ge3,51.33333333333329,27.380231810953358
Tb3Ni2Ge3,33.0,27.819514816067148
YbNi5Ge3,2.7,26.50690324103352
Pr5Ge3,17.1,26.61438114140241
Tb5Ge3,83.5,72.23094154555795
Mn7Ge7Te6,172.6,183.28541014393173
Ho3(GePd)4,6.7,9.492876143794678
Ho5Ge4,22.0,22.027217751862356
Li(SmGe)4,50.0,23.387792586035225
Np2Tc3Ge4,15.0,39.198488099700505
Tb3(GePd)4,13.0,17.68859563884859
Tb2Ti3Ge4,18.0,62.28256679657147
Tb5Ge4,61.0,69.5573322855003
Pr2Ni3Ge5,8.5,9.813148620000845
SmGe5,10.4,10.653728741938364
Tb3Ge5,23.0,24.47605340007214
U3VGe5,25.0,72.77320823206593
Pr2Sn0.3Ge5.7Pd1,14.0,7.484861836417081
Ho2NiGe6,12.5,10.429624727977602
Ho2Ge6Pd,11.8,7.772759578879631
Ho2Ge6Pt,9.5,8.905523345451913
Ho4Zn5Ge6,6.0,8.156580768212274
Mn4.5Ge6Ir6.5,212.0,242.40708465411444
Mn4Ge6Ir7,228.0,209.79924383188884
Lu(MnGe)6,527.0,425.4196210198559
Sc(MnGe)6,516.0,440.055525949384
Y(MnGe)6,482.0,433.6123147189072
Nd2Ge6Pd,6.5,8.485964638959896
Nd3(Ge3Pd10)2,1.23833333333333,7.7390786754843
Pr2Ge6Pd,13.0,7.432805975528824
Tb2Ge6Pd,48.0,18.54332154954977
Tb2Ge6Pt,44.0,18.069404836946028
Tb4Zn5Ge6,19.0,18.200611865595558
Tm4Zn5Ge6,1.8,5.710676229548626
Mn11Ge8,150.0,273.6165694372934
Tb1Mn2H0.5,248.0,171.66734069728497
HoMn2H,196.0,252.9966749819666
Nd2InNi2H,3.0,43.38549861722659
MnHO2,40.0,54.049612261968214
TbMn2H,288.0,229.19525013304332
USiNiH,98.0,63.153100551989745
TbHO2,10.0,12.97801399830329
HSO4,2.5,60.36837577362918
USiHPd,46.0,63.30405320970566
Ho1Mn2H1.65,198.0,248.953385836897
U2Ni2Sn1H1.8,87.0,74.79744232046832
Tb1H1.98,40.0,33.15103965456648
U2In1Ni2H1.9,60.0,90.37400821846236
Mn5P4(H5O8)2,6.0,26.04820859597197
Ni2P(H2O)5,3.0,17.72394605678294
NiH12SO10,2.0,17.05132767687593
NiH14SO4,2.0,14.110665563015726
Y6Mn23H17.4,230.0,205.81090080125395
HoH2,8.0,18.30153528159269
Ho(MnH)2,265.0,264.8586642255849
MnH2SO5,15.6,18.315249895753563
MnV2H2O7,10.0,36.84016045673944
Nd(MnH)2,245.0,252.61202228202387
Tb(MnH)2,284.5,275.04731432942947
Na1.4H2Os2O7,57.0,47.79124983329483
Na2NiP2(HO3)2,6.0,15.089126601311492
Ni(HO)2,27.9333333333333,33.38194344711985
NiHO,22.0,136.2939738334671
TbH2,40.0,27.704808092636643
TiH2,300.0,120.4059103134616
U1Zn1Ni1H2.3,55.0,105.92781427683613
Ho1Mn2H2.5,278.0,275.5311926760634
Nd1Mn2H2.5,250.0,262.929253582435
Y6Mn23H22,180.0,201.99526256878426
Y6Mn23H24.9,180.0,186.33900889673905
Y6Mn23H26,180.0,186.91138722095207
Y6Mn23H28.8,180.0,188.0631115631834
HoMn2H3,306.0,292.77893589172027
NdMn2H3,265.0,273.5792401160648
Nd(HO)3,4.02,18.60695170363687
Ho1Mn2H3.5,312.0,325.83316165995956
Nd1Mn2H3.5,275.0,280.5071508515506
Y6Mn23H32.4,180.0,208.8359668576126
NiH4(IO4)2,2.84,17.63336092711952
Nd(MnH2)2,300.0,267.45649643536
NiH4(NO3)2,4.16833333333333,14.579725216288123
NiH4(NO4)2,4.2,16.22314791852011
Ho1Mn2H4.3,372.5,285.1126942528312
Nd2In1Ni2H4.5,5.0,48.31641339863326
H5.04Pd1.96,27.0,62.77478459332981
NiPH5NO5,13.2,12.189636699491023
MnHg,304.5,334.42896921250434
Hg2Os2O7,88.0,98.58795533712475
UHg2,70.0,79.4441222809562
Ho0.05Mn0.95S1,103.0,146.13466546707366
Ho0.06Mn1.94Sn1S4,150.0,134.84124826367383
Ho0.12Mn1.88Sn1S4,150.0,130.6185737175631
Ho0.18Sc0.82,1.3,59.13068057800713
Tb0.9Ho0.1,218.0,179.87427832248423
Y0.8Ho0.2Mn1O3,75.0,74.8817088955213
Ho0.2Mn1.8Sn1S4,150.0,124.82321010541897
Ho0.2Th0.8,90.0,40.507772111610755
Tb0.65Ho0.35,196.0,198.32424026860383
Tb0.5Ho0.5Mn2Si2,510.0,465.7509048854677
Tb0.5Ho0.5,200.125,192.07387070157168
Tb0.1Ho0.9,144.0,131.89124798969362
HoIn,42.0,34.33480670277169
HoInNi,14.5,15.078801744001398
HoInPt,8.0,11.952250395471983
Ho1In1.2Ni0.8,7.0,15.527200339675622
HoIn3,10.1666666666667,10.487093707509324
Ho1In3.1,8.0,9.68222951479142
HoIn5Rh,15.8,11.848905319252468
HoSiIr,4.6,16.293956344127285
Ho(SiIr)2,5.8,18.919373472025523
KHoO2,1.2,8.837118983800684
HoMgPb,16.0,11.662600142744353
HoMgSn,17.0,11.492335118640703
HoMnO3,52.714285714285694,61.652578865255165
HoMn12,95.0,104.41237455875624
HoMn2,27.0,46.27474941012594
HoMn2O5,44.66666666666671,38.347642737038015
Ho(MnSi)2,453.0,475.6324657630147
NaHoO2,2.4,7.775717591899339
Ho1Ni0.16Sn2,6.6,11.660258393710118
HoNiSb,2.33333333333333,13.8177670929433
HoNiSb2,6.6,11.971682650027091
HoSiNi,4.16666666666667,13.082139736907349
HoNiSn,3.775,12.638461236137466
HoNiSn2,2.2,10.091816187760898
HoNiSn4,11.6,9.591010130196166
Ho(NiP)2,2.5,18.731551454778085
Ho(SiNi)2,4.425,9.959579044728804
HoRhO3,2.4,11.978250060938032
Sr2HoTaO6,58.0,35.91095994351877
Ho(SiOs)2,17.2666666666667,19.810570848868707
HoSnPd,4.4,10.1357280998363
HoSiPd2,3.5,9.622779524084642
Ho(SiPd)2,21.0,7.573158940246659
HoSnPd2,3.73333333333333,9.312357877369843
HoSnPt,6.85,10.890792680738095
HoSiRh,8.73333333333333,16.799168190030578
HoSnRh,4.5,16.909264299114874
Ho(SiRh)2,27.0,17.29785324654824
Ho(SiRu)2,19.0,20.41890420903825
HoS,20.0,18.690913426405537
HoSb,6.325,18.494356693436888
HoSi,25.0,19.472591680766268
HoTiSi,95.0,71.13332090195208
HoSi2,18.0,13.774761126061293
HoSn2,7.4,12.470910884401441
HoZnSn2,4.9,7.509025859643627
TbHo,197.5,195.11636417003243
YHo,79.5,60.16483648945984
HoZn2,12.0,13.713473609887803
Ho1.95Mn0.05O3,3.0,17.245080207294112
Ho1.9Mn0.1O3,4.0,13.914763929205598
Ho2InPd2,8.5,14.593017552737601
Ho2MnZnO6,6.8,26.897759158421383
Ho2Mn3Si5,19.0,83.44408394251242
Ho2Ni12P7,10.0,36.40479409872046
Ho2O3,2.6,11.774882039428913
Ho2SO6,3.43,21.89386313468516
Ho2Ti2O7,1.3,29.008176939722876
Ho2Si3Pd,8.0,10.941921195024834
Ho2Sn0.96Pd2.04,6.5,14.655836824890725
Ho2Si3Rh,5.2,14.156040272938537
Ho2Zn17,2.5,6.7289450816378755
Ho3(In2Ni)2,3.3,15.826230221546398
Ho3Ni,22.625,31.60213175423045
Ho3SbO7,2.2,7.8151503578201575
Ho3(SbPd2)4,3.0,9.596878177462251
Ho3Ru,14.0,42.41412635844238
Ho4Ti(SeO)4,4.0,14.160180657649963
Ho5Ni2Sb,25.0,26.82851837061459
Ho5Pb3,111.0,30.575146646947438
Ho5Pd2,28.0,33.483316051970974
Ho5Pt3,22.0,37.388297898195425
Ho5Sb3,35.0,30.888730308338047
Ho5Si3,25.0,30.02760600970757
Ho5Sn3,22.0,41.70616367183995
Ho6WO12,2.1,17.84918233372306
Ho6Pb2Se11,2.2,11.593581571423211
Ho6Te2Ru,11.0,25.533235747644873
Ho7Rh3,34.0,36.81456257961229
MnI2,3.4,86.99587171915468
NiI2,75.0,67.73783935202695
UI3,2.625,62.597242273536615
Pr2I5,37.0,23.64915901608593
Y1Mn6In0.03Sn5.97,330.0,335.6314583580084
Mn0.93In0.04W1O4,13.66,22.49644163464179
Tb0.95Mn1In0.05O3,26.0,32.438558990893235
Mn0.91In0.06W1O4,12.45,22.51021755696317
Tb0.925Mn1In0.075O3,26.0,37.79708876549721
Lu1Mn6In0.08Sn5.92,391.0,348.93214891985485
Na0.06Mn0.86In0.08W1O4,13.1,24.087604882684136
Y1Mn6In0.11Sn5.89,334.0,332.74216670811523
Sc1Mn6In0.12Sn5.88,381.0,356.72372339389887
Mn0.8In0.14W1O4,10.58,23.20244106614784
Na0.12Mn0.73In0.15W1O4,9.6,23.153463868633157
Lu1Mn6In0.17Sn5.83,370.0,360.38570879435025
Mn0.71In0.19W1O4,8.99,20.044118819844947
Y1Mn6In0.1Sn5.9,334.0,334.79519932134264
Mn0.67In0.22W1O4,8.31,22.5899417369139
Lu1Mn6In0.2Sn5.8,380.0,351.65863863670324
Tm1Mn6In0.2Sn5.8,321.0,338.15435255168563
Lu1Mn6In0.34Sn5.66,334.0,336.880221622138
Lu1Mn6In0.48Sn5.52,313.0,321.22288029104527
Lu1Mn6In0.4Sn5.6,325.0,328.65799527686823
Sm1In0.5Sn0.5Pd1,10.0,15.649792608523331
U1In0.5Pd4.5,18.0,28.867486417831046
Lu1Mn6In0.6Sn5.4,282.0,327.2995072984491
Y1Mn0.92In1.08,247.0,189.0187477786879
Li2InMo3O8,25.0,51.184344031832424
MnInO3,98.5,51.99853110160946
MnInPd2,142.0,194.74509466317025
Nd3InN,8.8,20.107971104534986
Pr3InN,10.8,15.038470478712146
Sm3InN,17.5,27.272092504503068
Tb3InN,30.0,67.80959630847796
Nd2InNi2,8.0,29.199968678668895
Nd2InPd2,8.0,12.11661324453476
TbInNi,68.0,23.40946056650143
TmInNi,2.5,9.48407332782985
InNi2,16.0,201.20401550577628
U2InNi2,14.3,55.94236343094014
SmInPd,38.0,15.165688467846156
TmInPd,2.7,6.420965705743976
Pr2InPd2,5.0,11.87484909586912
Sm2InPd2,12.0,17.332378265839846
Tb2InPd2,32.6666666666667,32.21791434951511
TiInPd2,110.0,91.36749587205368
Tm2InPd2,3.8,6.506079046608647
UInPd2,20.0,32.083948195593
U2InPd2,36.8,39.382186729573284
Pr12InPt7,13.0,24.006687667557507
TbInPt,50.0,22.828869708965367
TmInPt,3.5,6.385348238547524
UInPt,22.0,33.49621189628511
YbInPt,2.75,6.071484151951342
UInRh,7.0,43.13072279695942
Tm2InRu,3.2,12.861644944962915
TbIn,175.0,62.28613239279286
Mn41In12Ni47,292.0,359.64226947026464
Mn38.45In14.33Ni47.22,500.0,311.6989632080851
Mn36.12In14.34Ni49.54,500.0,292.4886469993869
MnIn2O4,40.0,36.759224247459755
Mn(InS2)2,4.9,44.24802748271631
Mn(InTe2)2,3.4,70.93485975904356
Nd(InPt)2,3.52,10.017636247979404
NdIn3,6.93333333333333,9.616602460914898
NpIn3,10.0,79.56932725044229
SmIn3,16.5,15.024526481487804
TbIn3,35.54,23.696911637863693
TmIn3,1.6,7.385093083134342
UIn3,94.0,49.63002722063474
Nd(In2Pd)2,5.0,6.7576757530575895
Tb3(In2Ni)2,23.3,25.533226425279675
Tm3(In2Ni)2,3.2,11.119476173655714
Tm5(In2Ni)2,4.15,11.071668033430683
Pr(In2Pd)2,2.1,6.312778022413532
Tm5(In2Pd)2,4.3,7.598291883044327
SmIn5Ir,14.9,14.71150518676998
NdIn5Rh,11.1333333333333,10.056664379687417
SmIn5Rh,15.0,11.824378608949717
TbIn5Rh,46.0,15.587428485289363
UIn5Rh,98.0,47.58420157394663
NpIn7Pt2,23.0,33.676714963517256
Nd2In8Ir,12.5,10.350500827719072
Nd2In8Pd,5.9,8.115972237103549
Nd2In8Rh,10.7,10.18643065753712
Pr2In8Pd,5.2,7.41011148501331
Sm2In8Pd,12.5,10.71262495875202
Tb2In8Rh,42.8,17.99580176242213
U2In8Rh,117.0,53.968914922479414
Nd11In9Ni4,30.0,22.318178223376663
Pr11In9Ni4,28.0,15.72429988088854
Sm11In9Ni4,68.0,39.31872224325472
Tb11In9Ni4,70.5,49.78312851108983
Mn0.85Ir0.15,650.0,558.9631084200428
Sr2Mn0.75Ir0.25Ru1O6,155.0,82.42256520830976
Sr2Mn0.5Ir0.5Ru1O6,155.0,98.10557835077981
Sr2Mn0.25Ir0.75Ru1O6,155.0,93.14453954045548
Y2Ir0.8Ru0.2O7,120.0,106.42085170203805
Y2Ir0.95Ru0.05O7,152.0,84.23769038331443
SrLaNiIrO6,70.0,54.78141171534257
La2NiIrO6,75.0,41.206308017292834
Nd2MgIrO6,12.0,18.3271848943322
Pr2MgIrO6,14.0,20.708329785203926
Sm2MgIrO6,15.0,18.896491111223675
MnIr,809.075,598.4540651627706
MnSiIr,460.0,282.43360705352336
Mn3Ir,730.0,639.3834382016804
Mn3SiIr,217.5,247.6582783303019
Nd2NiIrO6,121.0,50.958356875577245
Nd3IrO7,2.6,19.88477125027894
Pr2NiIrO6,103.0,60.2090418458941
NpSnIr,40.0,44.15558974036498
Sr2IrO4,236.2,144.50431506397211
TbSiIr,32.0,26.632395014184585
TbSi3Ir,16.0,16.869718629522826
USi3Ir,42.0,39.81903880293647
YbSnIr,3.2,10.444284368434484
Mn83Ir17,690.0,595.3974680010562
Nd(SiIr)2,33.0,22.182194223787302
NpIr2,7.5,50.83632493933003
Sr3Ir2O7,285.0,126.83246501288667
Y2Ir2O7,160.0,93.38724107980403
TbSi2PIr2,13.0,18.555585570882496
Pr(SiIr)2,47.0,22.259683599152698
Sm(SiIr)2,30.45,20.558913805827768
Tb(SiIr)2,76.0,27.618621866394893
U(SiIr)2,6.0,36.11928755805685
Mn4Ir,710.0,636.629638945505
Tb2Si5Ir3,11.0,18.715923428658186
K0.05Na0.2Pr0.75Mn1O3,45.0,118.23242529914334
K0.1Na0.15Pr0.75Mn1O3,42.0,118.37255329850353
KO2,7.0,81.65801723017783
Sr0.4Pr0.6Mn1O3,150.0,151.37123978156575
Sr0.5La0.15Pr0.35Mn1O3,151.9,142.8763629559077
Sr0.5La0.19Sm0.31Mn1O3,50.0,137.2847497917954
Sr0.5La0.1Pr0.4Mn1O3,155.7,142.5518806882418
La0.1Y0.9Mn2Si2,493.0,439.45564546775717
Sr0.5La0.2Pr0.3Mn1O3,130.0,149.2721355905881
Sr0.8La0.2Mn1O3,265.0,179.4025691447862
La0.2Sm0.8Mn2Si2,400.0,375.78494022380363
La0.2Y0.8Mn2Si2,471.0,445.9480863909433
Sr0.2La0.35Sm0.45Mn1O3,105.0,99.47471603559389
La0.3Pr0.7Mn2Si2,320.0,294.31899453087135
La0.3Y0.7Mn2Si2,443.0,435.172443573806
Sr0.55La0.45Mn1O3,197.5,165.05435420377705
La0.4Sm0.6Mn2Si2,346.0,353.7188165760171
La0.4Y0.6Mn2Si2,423.0,411.63839594344563
Sr0.33La0.53Tb0.14Mn1O3,66.0,122.69789638985607
Sr0.5La0.5Ti0.175Mn0.825O3,80.0,97.11546178067479
Sr0.5La0.5Ti0.15Mn0.85O3,80.0,105.54761142934207
Sr0.5La0.5Ti0.2Mn0.8O3,80.0,89.19273810675746
Sr0.5La0.5Mn1O2.88,205.0,157.23098546343454
Sr0.2La0.5Sm0.3Mn1O3,94.0,104.75514633276873
Sr0.5La0.5Mn1O3,190.0,159.80708222599463
Sr1.5La0.5Mn1O3.99,16.0,112.95752976719015
Sr1.5La0.5Mn1O4,112.5,50.80303223923159
Sr1.5La0.5Mn1W1O6,25.0,51.19737528379947
La0.5Tb0.5Mn1Si1,121.0,210.76680625107997
La0.5Y0.5Mn2Si2,395.0,393.0295304097337
La0.65Nd0.35Mn2Si2,296.25,281.7536101688629
La0.65Sm0.35Mn2Si2,305.0,330.94095524099487
Sr0.2La0.6Sm0.2Mn1O3,80.0,114.0419269572537
Sr0.3La0.6Mn1.1O3,125.0,138.19885236548438
La0.6Nd0.4Mn2Si2,230.0,329.0084179905612
La0.6Sm0.4Mn2Si2,320.0,321.9555092665872
La0.6Y0.4Mn2Si2,363.0,406.51934061994893
La0.6Tb0.4,68.0,108.19319516969351
La0.75Sm0.25Mn2Si2,403.75,297.9225403104263
La0.75Sm0.25Ti1O3,100.0,72.8376020533577
Sr0.3La0.7Ti0.3Mn0.7O3,30.0,105.33184502531499
Sr0.3La0.7Mn0.83Nb0.17O3,110.0,97.934448098853
Sr0.3La0.7Ti0.2Mn0.8O3,90.0,85.73526630067451
Sr0.3La0.7Ti0.1Mn0.9O3,140.0,103.61258239723237
La0.7Mn1Pb0.3O3.03,45.0,127.27091612759634
La0.7Sm0.3Mn2Si2,280.0,345.41967815508764
La0.7Y0.3Mn2Si2,318.0,404.08986585155446
Sr1.125La0.875Mn1O4,70.0,114.98543090318144
La0.88Mn1O2.82,140.0,87.98110296137364
La0.8Tb0.2Mn2Si2,4.2,316.72077758777027
La0.8Y0.2Mn2Si2,415.0,377.33920154452113
Sr0.08La0.92Mn1O3,171.0,128.2896046519089
La0.95Mn1.04O3,43.0,121.26879492120099
Sr2.04La0.96Mn2O7,210.0,158.1218905877541
La0.9789Mn0.881O3.0211,30.0,115.89076648540303
La0.9Y0.1Mn2Si2,449.0,392.201151287028
La1.05Mn1O3,140.0,115.08362811268954
Sr0.95La1.05Mn2O7,180.0,109.43465851462058
Sr1.95La1.05Mn2O7,180.0,142.0514402677087
La1Mn0.98O3,137.5,106.40271550895794
La1Mn0.9O2.853,130.0,113.21171514846054
La1Mn0.9O2.94,91.0,109.83477168369969
SrLaMnNbO6,8.0,66.63023549775507
LaMnPO,375.0,202.80548356182467
La1Mn1O2.8,140.0,121.09070753721642
La1Mn1O2.996,43.0,135.39169544570066
LaMnO3,140.466666666667,110.95500638999422
SrLaMnO4,127.333333333333,78.22175251333103
SrLaMnSbO6,10.0,44.870023450646
LaMn2O5,200.0,80.09091751920678
Sr2LaMn2O7,200.0,149.89015863657656
La(MnSi)2,468.0,373.3719608936243
La1Ni0.5Pt0.5O3,40.0,45.15594566220898
La1Ni0.6Pt0.4O3,40.0,44.76457581377145
La1Ni0.75Pt0.25O3,40.0,57.74831739852624
La1Ni0.7Pt0.3O3,40.0,56.594312007816335
La1Ni0.8Pt0.2O3,40.0,75.6379857344886
LaNiO3,151.0,115.52836588274288
LaNiSbPbO6,32.0,21.105466453793067
LaNi3,50.0,115.74731171054643
LaTiO3,138.75,90.60900520159122
LaVO3,138.5,112.1274259611142
LaSb,17.0,30.17342082857592
Sr2.4La1.2Ru1O7,15.0,54.562631627452724
Sr1.67La1.33Mn2O7,60.0,86.76650719639656
Sr1.7La1.3Mn2O7,56.0,91.8653624766536
Sr1.6La1.4Mn2O7,100.0,77.85482526559974
LiLa2OsO6,39.0,31.80384293593399
LiLa2RuO6,30.0,29.46526484851516
La2Mn0.1Ni1Ru0.9O6,24.0,35.42646039562699
La2Mn0.2Ni1Ru0.8O6,28.0,36.43444694141157
La2Mn0.3Ni1Ru0.7O6,38.0,43.7163973223266
La2Mn0.5Ni1Ru0.5O6,35.0,41.96309098705334
La2Mn0.7Ni1Ru0.3O6,35.0,49.78341152495493
La2Mn0.9Ni1Ru0.1O6,23.0,73.38394202238878
La2Mn2Se2O3,161.0,137.4789619775439
SrLa2Mn2O7,60.0,112.52943394523653
NaLa2RuO6,16.0,31.559511637675925
La2NiO4,120.0,355.5219748728598
La2Ni1O4.11,650.0,76.81520730616165
La2NiPtO6,40.0,50.50123918655005
La2NiRuO6,23.0,43.35752313907828
La2Ni7,54.0,129.09721606916477
La2TbRuO7,9.0,29.150457083932412
LiLa3MnO7,14.0,32.80522741817375
La3Mn2NbO9,11.0,99.54500303845086
La3Mn2NiO9,128.0,119.82942316771324
La3(MnSn)4,300.0,213.12982762280566
La3MoO7,100.0,56.3646974473296
La3.5Ru4O13,47.0,84.20269274617539
La5Mg0.2Mo3.8O16,135.0,126.37178361906774
La5Mg0.54Mo3.46O16,75.0,106.37972872498489
La5Mn0.05Mo3.95O16,185.0,119.19359604534007
La5V1.25Mo2.76O16,100.0,100.30739021820537
La5(MoO4)4,193.0,138.57941510579613
Li0.009Ni0.991O1,521.2,472.8599245494692
Li0.03Mn0.97Se1,90.0,107.41571933632675
Li0.05Mn0.95Se1,83.0,87.2213065732514
Li0.07Mn0.93Se1,73.0,85.34136674031603
Li0.07Mn2O4,32.0,76.92719288092977
Li0.1Mn0.9Se1,71.0,93.04424703578928
Li0.4Ni1.6O2,380.0,259.2196890175265
Li0.57Ni1.43O2,275.5,233.34105342914876
Li0.67Ni1.33O2,250.0,174.94798538941367
Sr4Li0.89Mn2.11O9,4.5,92.03503622522643
Li0.95Zn1.92Mo3O8,160.0,75.76139281000246
Li0.9Ni1.1O2,180.0,57.020526732027356
Li1Mn0.1Ni0.9P1O4,23.3,27.253748410279623
Li1Mn0.95Ni0.05P1O4,32.5,35.8554703282094
LiMnO2,160.5,61.51501014661367
Li1Mn1V0.15P0.85O4,34.5,41.57587950881152
LiMnPO4,37.725,34.49912003280854
LiMnVO4,40.0,64.1068797260733
LiMn2O4,60.0,82.72047277337724
LiNO,25.0,47.48080092306856
LiNd2OsO6,23.0,26.19610364523829
LiNiO2,9.0,46.88392928077758
LiNiPO4,21.8,26.715622014312927
LiVPO5,14.0,40.0224196572223
LiPr2OsO6,35.0,25.738800137803207
LiSm2OsO6,32.0,22.168849328911993
Sr3LiRuO6,90.0,137.5881923191927
LiTi(SiO3)2,210.0,83.43344438722431
LiV(SiO3)2,23.0,38.058236848127564
Li2Mn0.2Ru0.8O3,34.0,44.73361716581726
Li2Mn0.4Ru0.6O3,37.0,33.33961725050282
Li2Mn0.6Ru0.4O3,41.0,38.43002730123218
Li2Mn0.8Ru0.2O3,43.0,48.16912739827191
Li2MnO3,46.0,62.578900523492116
Li2MnSiO4,12.0,42.09932358980752
Li2Ni(WO4)2,15.5,40.13771061781678
Li2O,38.0,41.603209948435506
Li2PrO3,6.5,13.722425250015496
Li3Mg2RuO6,13.0,43.70495133170423
Li3Ni2SbO6,14.2,23.39093074789637
Li3TbSb2,12.5,16.820839989463792
Yb0.85Lu0.15Mn6Sn6,44.0,159.64763416875712
Lu0.15U0.85Sn1Pd1,28.0,29.214344240565215
Tm0.78Lu0.22,49.0,38.61654157678371
Yb0.75Lu0.25Mn6Sn6,85.0,178.22788478606387
Tm0.53Lu0.47,38.0,44.40935529200409
Yb0.5Lu0.5Mn6Sn6,221.0,234.13372880599124
Y0.3Lu0.7Mn1O3,85.0,75.61972617890846
Yb0.3Lu0.7Mn6Sn6,316.0,266.26593045431366
LuMnO3,75.6875,83.49309348585284
Lu(MnSi)2,464.0,470.02246847789286
Lu(MnSn)6,376.5,352.99820010480624
NaLuNiWO6,18.0,24.71475307133284
LuNiO3,123.0,82.34500600055944
LuVO3,100.0,80.26329746270196
Sr2LuReO6,12.0,35.95186746900604
LuRu4,2.0,97.92290427806391
TbLu,154.0,125.9993293047825
Sr1Mg0.03V2Ni1.97O8,3.4,18.057997490442958
Yb0.95Mg0.05Mn1O3,86.0,88.4126621473353
Sr1Mg0.05V2Ni1.95O8,3.6,13.72293183607998
Sr1Mg0.07V2Ni1.93O8,4.5,15.142129952247204
Mg0.08V2Ni1.92Pb1O8,3.5,18.679027196158753
Mg0.12V2Ni1.88Pb1O8,3.4,24.159450634940736
Sr1Mg0.14V2Ni1.86O8,4.3,16.35774874784813
Mg0.15Mn0.85V2O4,49.0,58.011985061288364
Mg0.1Mn0.9V2O4,50.0,60.636242746678846
Yb0.9Mg0.1Mn1O3,88.0,84.66622835719292
Sr1Mg0.1V2Ni1.9O8,4.4,14.218607043959643
Mg0.5Mn0.5O2,24.0,54.916980956103735
NdMg,61.0,39.44419316965691
NdMgPb,24.0,15.178266545042058
NdMgSn,31.0,14.619170922587486
Nd2MgNi2,19.0,32.63106208124114
Nd2MgRuO6,4.5,17.417379889385057
MgVO4,45.0,40.005022417408775
PrMgPb,11.0,12.400691043786098
SmMgPb,61.0,28.06513330798497
TbMgPb,35.0,26.100671850381886
TmMgPb,2.5,7.4201316584185655
Pr2MgPd2,15.0,12.049137028206486
Tb2MgPd2,60.0,32.66559520415798
PrMg,45.0,26.96270093139181
PrMgSn,22.0,11.10948179487499
SmMgRh,10.0,27.4427541876259
TbMgRh,10.6,25.727414544303514
SmMgSn,79.0,23.962126395467944
TbMgSn,34.5,24.736386990525524
TmMgSn,5.0,7.293459232022975
TmMg,1.3,20.911693645121346
Mg1.6Mn0.4Si1,85.0,71.00358163122756
Mg1.7Mn0.3Si1,85.0,75.23753472084404
Mg1.8Mn0.2Si1,85.0,80.73593716453499
Mg1.9Mn0.1Si1,85.0,73.12046643429107
Mn0.02Zn0.98O0.98,93.0,149.42954001587006
Sr0.98Ti1Mn0.02O3,34.0,112.40552096028509
Sm1.85Mn0.15O3,16.0,28.582778213292556
Mn0.15Pd0.85,12.5,145.02934654863722
Mn0.187Ni0.813,442.0,270.4607404575234
Mn0.1Pd0.9,4.5,77.95990274964473
Mn0.25Pd0.75,25.0,346.0423461784935
Mn0.26Ni0.74,703.0,520.3976627544844
Mn0.27Ni0.73,719.0,633.9671717068458
Mn0.28Ni0.72,719.0,701.3635762368101
Mn0.29Ni0.71,743.0,680.5125108831451
Tb2Mn0.2Si3Ni0.8,60.0,29.969154981910766
Mn0.34Pd0.66,290.0,430.1212430414985
Mn0.38Pd0.62,493.0,447.3922787697056
Mn0.3Ni0.2,12.5,488.356320857166
Mn0.3Ni0.7,743.0,632.2544150325871
Sr1Mn0.5Ru0.5O3,215.0,142.23115069403465
Sr1Ti0.5Mn0.5O3,13.0,60.473094553094874
Pr1Mn0.5Sn1.83,16.0,39.02151095263701
Sr1Mn0.6Ru0.4O3,250.0,143.92379690898446
Mn0.75Si0.25,104.0,108.27664980444362
Mn0.7Ni0.3,400.0,383.46546356557775
Mn0.81Ni0.19,440.0,377.887443974771
Mn0.81Ru0.19,137.0,580.9746560872093
Mn0.82Pt1.18,815.0,672.2274405425528
Sr0.4Sm0.6Ti0.15Mn0.85O3,46.0,67.7728445428073
Mn0.87Pd0.13,395.0,563.2862877240824
Mn0.8Ni0.2,445.5,377.04037907261625
Mn0.8Pd1.2,613.0,584.1992062403316
Mn0.8Zn0.2,280.0,268.44125630798925
Mn0.91Ni1.09,1033.0,850.9161561095053
Tb1Mn0.95Sn0.05O3,11.3,41.28331235606438
Yb0.05Mn0.95S1,133.0,121.22082169194842
Tm1.04Mn0.96O3,83.0,81.27192792338882
Mn0.96Pt1.04,953.0,911.7268177638035
Mn0.97W1O4,18.6,26.999625711666667
Tm1.02Mn0.98O3,83.0,77.62105404963293
Sr0.4Sm0.6Ti0.1Mn0.9O3,47.0,66.87968094206795
Tb1Mn0.9Sn0.1O3,36.4,35.097439263205516
Y1Ti0.1Mn0.9O3,55.0,76.92822314033256
Mn0.9Pt1.1,903.0,843.804149915117
Mn1.015Sn0.045Te1,400.0,374.7202392708003
Mn1.025Sn0.035Te1,400.0,388.930457676339
Tm0.98Mn1.02O3,84.0,79.86366433798662
Mn1.02Sn0.04Te1,400.0,379.10875398087734
Mn1.03Sn0.03Te1,400.0,381.6340775988817
Tm0.96Mn1.04O3,84.0,79.59111688640661
Mn1.04Pt0.96,884.0,893.9719744271416
Tm0.94Mn1.06O3,81.0,82.33849709841135
Mn1.06Te1,400.0,297.3792257757173
Mn1.07Ni0.93,1013.0,821.5615784469289
MnMoO4,13.0,25.64313105921218
Sr2MnMoO6,10.0,70.47259559814192
MnTeMoO6,20.0,23.709979193546065
Sr3MnMo2O9,12.0,56.26177806880631
Mn1N0.388,353.85,323.7398738597407
Mn1N0.43,308.0,365.7696889349512
MnN,650.0,222.69286470684983
Na0.075Pr0.925Mn1O3,80.0,123.5182895923847
Na0.21Pr0.79Mn1O3,170.0,143.7135621417817
Na0.25Pr0.75Mn1O3,172.5,129.6307636142717
Na0.2Pr0.8Mn1O3,177.0,145.15228487177657
Na0.4Mn1O2,25.0,74.19649276716422
Na0.5Mn1O2,25.0,78.69968047306536
Na6MnS4,4.7,41.04736527048787
Mn1Nb1.8V0.2O6,4.68,21.28135284341847
Mn1Nb1.9V0.1O6,4.64,18.686737944318217
MnNb2O6,4.4,23.38419704411825
Sr0.8Nd0.2Mn1O3,25.0,208.60602921275688
Sr0.5Pr0.2Nd0.3Mn1O3,145.0,140.86246090472426
Sr0.55Nd0.45Mn1O3,253.5,132.72069280330675
Sr0.5Pr0.1Nd0.4Mn1O3,150.0,145.46471852942167
Sr0.6Nd0.4Mn1O3,26.0,162.68537910344835
Sr0.5Nd0.5Mn1O3,140.0,152.76849192295575
Sr0.5Nd0.5Mn1O3,159.333333333333,152.76849192295575
Nd0.83Mn1O3,87.0,82.09294701751077
Sr0.2Nd0.8Mn1O3,27.0,97.81215506713889
Nd0.93Mn1O2.96,80.0,82.42640564351936
Nd0.9Mn1O2.85,85.0,84.10524110861415
SrNdMnNiO6,64.0,111.5104887697169
NdMnO3,70.49,83.29575876357767
NdMnSi,564.0,295.35440552318124
MnNi,990.9125,837.3323508284961
Sc2MnNiO6,35.0,62.6306247547061
MnNi3,110.0,586.9029769426843
MnO,119.173333333333,152.45871733601246
MnO2,68.6428571428571,91.34403266761537
Sr1Mn1O2.5,375.0,169.68662329195053
Pr0.8Mn1O3.03,85.0,99.539886894527
Pr1Mn1O3.03,94.0,95.82463296902586
Sr0.85Pr0.15Mn1O3,260.0,223.58256632069765
Sr0.8Pr0.2Mn1O3,275.0,178.26628149234148
Sr0.57Pr0.43Mn1O3,217.0,151.61927800293134
Sr0.5Pr0.5Mn1O3,135.9,155.43656723141694
PrMnO3,95.2,90.46776033405388
Ti0.8Mn1Ru0.2O3,47.5,75.36846222709427
Zr0.2Sc0.8Mn1O3,90.0,97.58720654024532
Zr0.05Sc0.95Mn1O3,122.0,103.35474823676566
Zr0.1Sc0.9Mn1O3,110.0,96.66442200614824
ScMnO3,128.25,85.36286901575248
Sr0.45Sm0.55Mn1O3,36.0,83.23760741200458
Sr0.5Sm0.5Mn1O3,38.0,106.43741440527171
Sr0.4Sm0.6Mn1O3,30.0,69.74541065865033
Sr0.2Sm0.8Mn1O3,13.0,61.41787539948915
SmMnO3,60.5,67.41725951328137
Tb0.95Mn1Sn0.05O3,29.5,32.54569004359861
Tb0.9Mn1Sn0.1O3,37.4,33.91807826707353
Sr0.45Tb0.55Mn1O3,65.0,79.751185006271
SrMnO3,238.666666666667,189.2231096172912
Tb0.2Y0.8Mn1O3,75.0,75.66574265689874
TbMnO3,29.3384615384615,37.53465731924835
TiMnO3,56.2111111111111,70.16043881868848
TmMnO3,78.0,71.47943421604852
Yb0.2Y0.8Mn1O3,75.0,81.3896121671583
YMnO3,69.03,83.58075896361758
YbMnO3,77.8833333333333,85.78136523371344
MnZnO3,18.0,84.08527352475527
RbMnPO4,4.0,66.75875089478795
Mn(PbO2)2,18.0,31.919421798298764
RbMnVO4,6.5,132.54063417963008
Mn(RhO2)2,15.0,51.41378899281014
MnSO4,11.5,34.44277130719354
UMnO4,12.0,40.799379965626535
MnV2O4,54.5,69.64274274824263
Mn1W0.97O4,22.5,29.005177169641257
MnWO4,14.1142857142857,28.429622780293315
MnZnO4,200.0,33.40229194361346
Sr2MnRuO6,207.5,97.24192290046518
Sr2MnSbO6,10.0,59.79520245950088
MnVSbO6,15.0,38.60290898660885
Sm2TiMnO6,21.0,64.88128519826135
Sr2TiMnO6,43.0,53.855077184075284
Sr2UMnO6,21.0,68.15154407447825
Sr2MnWO6,12.6666666666667,48.02761017282061
Sr2ZrMnO6,53.2,89.55797314984545
MnV2O6,12.35,51.7467296157287
Sr3TiMnSbO9,10.0,52.90043040994156
MnP,47.6,203.57376942871937
MnPS3,78.3333333333333,73.18384052114025
MnSb6(Pb2S7)2,30.0,24.85579934892522
MnPd,807.75,374.85561677849887
MnTePd,17.0,205.70283987584807
MnPd2,415.0,308.18700001927635
MnPd3,411.5,99.53141261743798
PrMnSi2,35.0,211.3576605070813
MnPt,973.075,899.2862685906856
MnRh,170.0,477.31741155299414
MnSiRh,367.0,304.76375205670945
MnSbRu2,195.0,297.54271811591155
MnSiRu2,313.0,223.60132861527578
MnSnRu2,328.5,220.8866707984741
Mn1S0.98,154.0,157.09192993349788
MnS,147.825,173.99635505234264
Mn1S1.07,156.0,146.96050032589054
MnS2,57.71,46.33697528383242
Sc2MnS4,3.1,79.85370494294652
Mn1Te0.5Se0.5,185.0,176.6262055744215
Mn1Te0.3Se0.7,130.0,185.02518001411133
MnSe,170.75,144.55184988667085
MnSe2,48.5,58.543271442955486
MnSi,64.75,209.93199943615204
TbMnSi,410.0,305.3491925851309
MnSn,95.0,393.5231211254693
MnSn2,325.0,122.64546093602071
MnTe,262.505882352941,303.67221925771247
MnTe2,84.2,176.47664198069643
MnZn3,152.5,154.37935620394205
Mn1.32Pt0.68,485.0,723.6376687311522
NdMn12,135.0,134.84011591112326
TbMn12,110.0,123.29725881975574
YMn12,110.0,161.70976036737446
Th4Mn13Sn5,110.0,223.30284477648775
Mn2Mo3O8,43.0,40.115721061847104
Mn2N,301.0,335.0955055390243
NaMn2V3(PbO6)2,14.2,36.6515297549015
Na2Mn2Si2O7,26.0,45.750089129741184
Tb0.8Nd0.2Mn2Si2,478.0,462.2543482770728
Tb0.6Nd0.4Mn2Si2,457.0,443.60218160268363
Tb0.4Nd0.6Mn2Si2,432.0,427.3445439485988
Tb0.2Nd0.8Mn2Si2,409.0,404.15871966455984
NdMn2,92.0,97.03213631322068
NdMn2O5,36.33333333333329,73.04870150439481
Sr2NdMn2O7,130.0,131.74820000570745
Nd(MnSi)2,372.333333333333,389.7029197166427
Sr1.6Nd1.4Mn2O7,46.0,126.70543286213257
Sr1.5Nd1.5Mn2O7,150.0,97.70970172299369
Sr1.4Nd1.6Mn2O7,150.0,128.40618965726577
Sr1.25Nd1.75Mn2O7,150.0,121.18938969172808
Mn2Ni1O3.97,101.0,89.09935412184561
Mn2NiO4,70.0,92.79957985860119
Mn2Ni1.6Sn0.4,189.0,205.8145745038094
Mn2O3,73.375,77.7937136047517
Mn2O3,51.0,77.7937136047517
Mn2ZnO4,144.0,56.617242905441586
PrMn2O5,100.0,89.05116329878535
Sr2Mn2O5,380.0,163.59913559460102
TbMn2O5,45.0,42.54671047779871
TmMn2O5,24.9,50.22496862888007
YMn2O5,45.0,70.4741896265952
YbMn2O5,45.0,65.4336881684765
Sr3Mn2O6,250.0,136.00087682188294
Mn2P2O7,13.0,38.81215310280112
Sr1.4Sm1.6Mn2O7,55.0,104.77793886651115
Sr3Mn2O7,160.0,161.4143715235598
Mn2V2O7,19.1,50.36486794060439
SrMn2V2O8,43.0,60.95476951735239
Mn2P,105.333333333333,161.92722177681276
Sr(MnP)2,53.0,168.13552776756265
Mn2Pd3,619.666666666667,549.2125548418435
Pr(MnSi)2,353.75,390.43742535743786
Mn2SiS4,83.875,86.29296666131748
Mn2SnS4,152.0,89.9024292902927
Yb(MnSb)2,116.0,198.66923438743697
Mn2SiSe4,66.0,75.93711480220988
Tb0.85Sm0.15Mn2Si2,493.0,472.48150308101316
Tb0.75Sm0.25Mn2Si2,480.0,469.93362341169876
Tb0.8Sm0.2Mn2Si2,487.0,471.6788036666147
Tb0.6Sm0.4Mn2Si2,476.0,460.151800517255
Tb0.4Sm0.6Mn2Si2,465.0,441.8078639179632
Tb0.2Sm0.8Mn2Si2,451.0,421.40331356653013
Sm(MnSi)2,418.0,384.30768896869523
Tb(MnSi)2,525.5,468.8629930992217
Tm(MnSi)2,498.0,452.53664883361455
Y(MnSi)2,487.25,448.614016445049
Yb(MnSi)2,513.0,429.63712407053936
TbMn2,82.1666666666667,65.7988677710242
UMn2,260.0,143.1848954573593
YMn2,100.0,64.62764609428869
Mn2.4Ni0.6O4,108.0,68.75782673131707
Mn2.93Pt1.07,460.0,462.78751858796244
MnNi3,100.0,326.18316965839443
Mn3Pt1N0.03,530.0,497.93035378246856
Mn3Pt1N0.045,555.0,497.4676753706262
Mn3Pt,490.0,450.02462848220415
Mn3NiN,225.5,187.60548421339013
Mn3ZnN,125.066666666667,220.28524622310877
Mn3SiNi2,215.0,207.11364187992348
Mn3(Ni10P3)2,240.0,206.7527565290159
Sr4Mn3O10,192.0,162.04758572366168
Mn3TeP2Pb3O14,6.6,28.756440474509898
Sr2Mn3(SeO3)6,3.2,33.22406423935803
Mn3O4,42.25,84.23934247401797
Mn3ReO6,110.0,73.95790538519417
SrMn3O6,46.0,77.77817261592438
Mn3TeO6,23.0,57.6353423914665
Mn3P,115.0,208.58019848146705
Mn3Pt0.5Rh0.5,625.75,448.2709595163796
Mn3Pt0.8Rh0.2,472.5,484.8528483774723
Mn3Pt0.95Rh0.05,465.0,456.9295081022604
Mn3Pt0.9Rh0.1,437.5,472.5148081621358
Mn3Pt,441.6,450.02462848220415
Mn3Rh,753.25,567.3096961582926
Mn3Si,24.25,139.68856801917818
Mn3Sn,420.0,340.3840580620341
Mn3.17Pt0.83,430.0,506.62818277845605
Mn3.18Pt0.82,510.0,460.02673579610826
Mn3.1Sn0.9,420.0,335.67826669969145
Mn3.28Pt0.72,525.0,522.9805615913716
Mn3Ni7,29.0,456.2451870568755
Mn3Pd7,218.333333333333,286.0504534965394
Mn7Ni10Sb3,95.0,192.4559473406087
Mn7Ni13,40.0,213.66377545760443
Mn18Ni25Sb7,103.0,141.6841853661988
Mn37Ni63,237.0,125.05426410169395
Mn19Ni25Sb6,93.0,168.09947591617984
Mn38.9Ni49.1Sn12,229.0,222.540970761077
Mn4Nb2O9,74.6666666666667,76.93464392492362
Nd3(MnSn)4,210.0,246.4445713403495
MnNi5,10.35,323.95822758878074
Sr7Mn4O15,70.5,96.89782882499699
Ta2Mn4O9,102.0,73.27203556282001
Pr3(MnSn)4,230.0,240.5292827536164
Mn4Si7,40.0,186.55619587986823
Mn4Ni5Sb,80.0,180.58750086907233
Mn21Ni25Sb4,168.0,235.3173054581861
Mn9Ni10Sb,353.0,301.08415710503857
Mn47Ni50Sb3,558.0,316.43872488958914
Ti19MnO38,65.0,51.94071000077815
Mn5O8,128.0,70.04607635524233
Mn5Si3,88.6,132.52463141399895
MnNi,1070.0,807.8203406319788
MnRh,230.0,412.7644462862221
Mn11Ni9,1070.0,800.4080022703791
Mn29Rh21,230.0,270.90872396328774
Mn6Si7Ni16,205.0,230.70406707993894
Yb0.1Sc0.9Mn6Sn6,364.0,327.56449414721055
Sc(MnSn)6,380.5,366.35534126469696
Y1Ti0.4Mn6Sn5.6,338.0,314.99007355517693
Tb0.1Y0.9Mn6Sn6,333.0,319.4212401271271
Tm(MnSn)6,347.0,336.4640680885823
Y(MnSn)6,330.0,329.71518348896467
Mn31Rh19,230.0,352.56261577545524
Mn13Pt7,710.0,388.38101468338886
Mn7PbO12,68.0,77.52091982868166
Mn7(PbO5)3,70.0,55.174197823748706
Mn73.5Pt26.5,270.0,371.5273189978811
Mn3Pt,310.0,430.1318156077962
Mn39Pt11,350.0,488.4919733747467
Mn39Rh11,850.0,522.7141213900691
Mn9(PbO5)4,52.0,60.8769499779158
Mn99.95Ni0.05,100.0,107.46527175497165
Mn99.98Ni0.02,95.0,101.13452958868997
Mn99.99Ni0.01,90.0,110.4132817048468
Nd3MoO7,2.5,20.69285774528855
NiMoO3,19.0,58.97496511959908
NiMoO4,40.33333333333329,30.682444950337256
Sr2NiMoO6,77.0,53.21758331654269
VMoO5,40.0,39.78297392073939
Sr2TiMoO6,20.1,44.00293870518178
Pr3MoO7,8.0,23.76958517882531
Sm3MoO7,2.075,23.77818420451243
Nd2Mo2O7,30.0,42.41188957702634
Np2Si4Mo3,47.0,38.34510436693745
Nd(Mo3Se4)2,2.3,24.821960854437464
Tb(Mo3S4)2,1.05,15.365110909838469
Yb(Mo3S4)2,2.7,21.300998520052687
V2Mo9O35,110.0,54.33507201800485
PuN,13.0,55.722748019973764
SmN,26.55,32.5924149219457
UN,52.0,118.25492247882887
YbN,2.27,12.627344403966116
Ni(NO2)2,19.0,34.75100368149524
UN,96.0,112.26033202497122
U2N3,96.0,73.40368390609031
Na0.33V2O5,24.0,68.98970814991583
Na0.5Nd0.5W1O4,20.0,44.91203702468374
Na0.5Tb0.5W1O4,39.0,26.644764264422147
Na0.95Ni2Sb1O6,16.0,40.29388270562541
NaNd2RuO6,8.0,19.26461287296736
NaNiO2,19.75,46.3193077519181
NaTmNiWO6,20.0,24.94034826699402
NaSmO2,1.8,17.70562033739626
NaYbO2,1.8,18.205815865283196
NaV2O4,140.0,76.27134056897087
NaPr2RuO6,10.0,22.097534097306433
NaTi(SiO3)2,230.0,62.494922280456514
NaV(SiO3)2,19.0,43.91012844460267
Na2Ni2TeO6,29.5,31.07706113348241
Na2Ni2(SeO3)3,35.0,22.740134073047408
Na2PrO3,4.6,13.854514505683424
Na2TbO3,38.3,8.998856371048735
Na27(Ru7O24)2,36.0,54.28867654994945
Na3Ni2SbO6,16.1,24.8628038996034
Na3RuO4,29.0,48.003498399853235
Nb0.03V1.09O2.06,313.0,251.64749245805092
Nb0.05V1.15O2.1,298.0,230.08137639277663
Nb0.1V1O2.2,241.0,212.7311852743927
Nb0.2V1O2.4,213.0,197.8728482008362
NdNbO4,15.0,28.487140407678428
Nb1Ni0.1Se2,165.0,93.27251337889861
Nb1Ni0.2Se2,165.0,111.33828193936154
TbNbO4,1.82,19.804705027939075
Tb3NbO7,3.2,13.316470291903608
NbSe2,82.5,113.85354899978968
Nb1V0.0015Se2,2.5,112.98786314975455
Nb2NiO6,14.0,25.01188287622855
NdNiO3,65.9444444444444,144.54817939281216
NdNiSb3,4.6,10.025826850791505
NdSiNi,6.8,14.422418001684353
NdNiSn,3.4,14.312183182769605
Nd(SiNi)2,6.23333333333333,15.52522324632695
Nd(Ni2Sn)2,12.25,22.23462515256807
NdTiO3,90.0,66.83469765230039
NdP,11.0,16.263800023594566
Nd(PPd)2,6.0,9.474255180926894
Nd(PRu)2,19.0,18.61112047334471
NdSbPd,11.0,10.03315653114027
NdSb2Pd,7.0,7.465445038861862
NdSnPd,5.3,9.308172881518786
NdPd3S4,2.0,9.872391251479623
NdSiPt,3.8,12.746440729129633
NdSnPt,3.3,12.009775621746092
Nd1Si2Ru1.8Rh0.2,23.5,17.473108421353952
Nd1Si2Ru1.5Rh0.5,20.0,17.620435357877607
NdSi2RuRh,20.5,18.745047953873023
NdSnRh,7.0,12.71791298467196
Nd1Si2Ru0.8Rh1.2,21.0,20.438723448202435
Nd(SiRh)2,56.0,27.58175202961683
Nd(SiRu)2,16.5,18.19242427777272
NdS,8.8,21.302898237230952
NdSb,12.69,18.60759462169432
NdSbTe,3.1,12.903619797841674
NdSe,11.525,19.44717308122911
NdSi,46.0,24.966800038401363
Nd1Si1.8,6.0,17.90091282370406
NdSn3,4.7,9.481821548280331
NdTe,11.2666666666667,17.492988923591888
NdTm,28.5,71.94571397752689
NdY,34.5,56.40604802953468
NdZn,108.333333333333,34.479240580445115
NdZn2,23.0,19.099582437434144
Nd12Ni6Sn,24.0,80.14640277685577
Nd2NiO4,330.0,100.33022318457617
Nd2Ni1O4.049,45.0,59.296984060146
Nd2Ni1O4.065,45.0,76.77177688628407
Nd2Ni1O4.077,45.0,77.29321693385353
Nd2Si0.7Ni2.3,14.0,57.58973774360505
Nd2Si5Ni3,9.5,11.717013973903226
Nd2Zn17,1.1,7.270501978922977
Nd3Ni,8.35,28.836437454376313
Nd3Ni1.34Sn7,4.05,12.42592972866092
Nd3OsO7,75.0,21.93066875538406
Nd3RuO7,19.0,23.20252564471569
Nd3SbO7,2.875,17.474468573654914
Nd3Si11Pt23,1.6,10.109247982266012
Nd5(Sn5Rh2)2,7.5,11.225245102699455
Nd5Sb3,75.0,28.955407429857424
Nd5Si3,10.0,28.91824111106977
Nd6Ni2Sn,29.0,39.309662593368934
Nd7Ni3,25.0,43.49901739118502
Nd7Rh3,29.0,39.5246814906068
Tb1Ni0.26Sn2,17.4,18.257527051549282
Yb1.8Ni0.2O3,2.5,13.11252815606002
Yb1.6Ni0.4O3,2.5,32.56151824791471
Ni0.5Sn0.5,565.15,157.02060725576285
Yb1.4Ni0.6O3,2.5,81.98782689863549
V0.08Ni0.92S1,198.0,235.7425158791446
V0.06Ni0.94S1,225.0,215.40107534332526
V0.04Ni0.96S1,249.0,232.72129556583266
Ni0.985S1,152.0,221.61422629287304
V0.02Ni0.98S1,257.0,225.1509573700338
Ni0.992S1,200.0,200.42151770946214
Ni0.995S1,217.0,218.4316896576924
Tb2Si2.94Ni0.9,13.0,33.67134691077567
NiO,485.42380952381,375.95134604350733
NiPtO,523.0,281.6637570837557
PrNiO3,200.0,96.50662013460497
SmNiO3,215.5,69.7328722119092
TiNiO3,34.24,83.66543446084684
TlNiO3,100.0,156.275019828185
VNiO3,153.0,68.8097180051934
YNiO3,150.0,69.73048224619174
Ni(RhO2)2,18.0,76.02756371617681
NiSO4,37.0,30.92556034823882
Ni(SbO2)2,47.0,41.32310043400197
NiSeO4,27.0,27.195057865781106
NiWO4,63.5,46.69276824423509
Sr2NiOsO6,50.0,52.97898978870984
Sr2UNiO6,21.0,29.846656264099742
Sr2NiWO6,55.66666666666671,51.60385859160555
Ta2NiO6,18.25,29.647706520857895
V2NiO6,16.43,29.55620446870823
V2ZnNiO7,3.5,24.606388785396856
NiPS3,155.0,85.46272670784431
TbNiPb,14.0,31.4846588327605
PrNiSb3,4.5,9.241649017121814
PrNiSn,4.2,11.09485071547379
Pr3Ni,2.0,21.810276611257358
NiS,300.454545454545,206.95545658311988
Ni1Se0.6S1.4,125.0,97.48989320907376
Ni1Se0.5S1.5,125.0,100.08651304123768
NiS2,35.0,106.81665909968969
TbNiSb,5.75,31.01406004130585
SmNiSb3,2.9,14.159738296163212
TbSiNi,13.0,23.568354684919417
USiNi,87.0,59.23275266150338
Tb3Si2Ni,140.6,79.06969536365584
Tb2Si3Ni,11.4,24.98422843571238
Tb3Si3Ni,202.0,62.02432719888149
YbSi3Ni,5.1,9.555550249874589
SmNiSn,9.2,28.260490108862864
Sm2NiSn4,17.0,17.8080441458268
TbNiSn,23.0,19.371055175457794
TmNiSn,3.3,11.15115036951009
UNiSn,43.0,44.1743023071772
TbNiSn2,5.2,15.058565174710305
TbNiSn4,28.6,13.39867982871374
TmNiSn4,3.2,8.732342120249594
Tb3Ni,61.8,67.48860706634194
Tb6NiTe2,55.0,50.94365354731808
U2Ni1.4Sn1Pd0.6,5.9,51.11120149724517
Pr3Ni1.56Sn7,6.3,10.847981813137388
U1Si2Ni1.82Pd0.18,124.0,86.75315914848215
Pr1Ni1.8Sb2,6.24,11.995697187970153
Tb2Ni12P7,12.5,34.6110283194655
Ni2Te3SeO10,31.0,23.413481132157454
Si(NiO2)2,34.0,52.944569185419034
V2Ni2O7,7.5,34.6180607252019
SrNi2(PO4)2,16.5,31.968094753419322
V2Ni2PbO8,12.0,34.591258465105355
Tb(NiP)2,10.2,31.395025350831816
Pr(NiSb)2,6.5,12.831408929265885
Pr(SiNi)2,19.3333333333333,15.311411663206922
Pr5Si3Ni2,43.0,16.037703424023515
Tb(SiNi)2,13.5,15.928430892216221
Tm(SiNi)2,2.2,8.365405852832602
U(SiNi)2,125.0,97.13381545925537
U2Ni2Sn,26.0,33.78581007074809
Tb2Si0.65Ni2.35,52.0,68.8574357358177
U6Ni20P13,41.0,92.41382890773968
Ni3P3PbO12,15.0,30.50251826175333
Zn4Ni3(SbO6)2,5.0,43.646270250845006
Ni3(PO4)2,17.05,35.918665263956555
UNi3P2,39.0,88.97858431958791
SmNi3Sn2,5.0,21.11508411800648
TbNi3Sn2,12.0,21.372252721536626
Pr(Ni2Sn)2,5.2,15.45125520639977
Pr12Ni6Sn,10.0,43.80380093174724
Tb(SiNi)6,10.0,26.132390068667387
Tb12Ni6Sn,120.0,81.22569945887611
TbSi3Ni8,2.5,23.059224605686243
Tb3(Ni2Sn)4,12.5,36.567083632988556
Np0.5U0.5Si2Ru2,25.0,45.649950746326844
NpSO,4.2,43.30982439160504
NpSeO,11.0,63.65297760060605
NpO2,25.0,43.296515826383455
NpP,130.0,91.08164386820006
NpSnPd2,15.0,32.30564110549882
NpPd3,37.0,21.17982893996136
NpPt,27.0,50.72533596390259
NpS,20.0,156.47663668648346
NpSb,207.0,148.71693829315478
NpSn3,9.5,54.902939295974704
Np2Si4Tc3,19.0,36.100963824325724
USO,55.0,53.83682987230449
USeO,78.0,61.552429560152476
UTeO,160.333333333333,53.18923902118639
V1O1.147,4.6,109.46294783542149
V1O1.257,7.0,128.6066388711491
V1O1.5,170.0,145.46237959367718
Ti1O1.75,403.0,403.8135617115106
Tb1O1.82,6.0,11.485749764290741
Ti1O1.83,403.0,372.3460241340383
Ti1O1.8,403.0,352.51048063495585
VPO5,203.0,35.054217761321155
Ti6O11,130.0,160.8873323801217
Tb6U1O11.97,5.8,10.285097544528375
Sc6ReO12,1.89,69.952874650812
Tb5(RuO6)2,7.0,25.162967081060106
V6O13,102.0,117.18483697111931
PuO152,16.0,51.35473110150436
PrO2,13.5,28.728234079044537
RuO2,300.0,91.48987935027051
Tb2SO2,7.7,9.928814718889418
Yb2SO2,2.88333333333333,7.362989999380156
Yb2SeO2,2.65,8.967220405597779
TbO2,3.0,11.139859230931288
Th0.2U0.8O2,16.0,37.21670667198589
Th0.4U0.6O2,2.4,46.959683580277165
UO2,30.2618181818182,48.31500861131524
VO2,342.0,142.78701668967926
V1O2.16,154.0,181.63876880173086
Ta0.05V1O2.1,277.0,243.32984941047715
Ta0.1V1O2.2,241.0,230.3928793966291
Ta0.2V1O2.4,217.0,204.4614417285577
SrPdO3,370.0,73.65437221930968
PrTiO3,120.0,76.42816932188818
SmRhO3,2.5,34.97019551101717
TbRhO3,2.025,15.149411834783997
YbRhO3,2.3,31.14669677634587
Sr0.5Sm0.5Ti1O3,42.59,53.77002933111647
SmTiO3,50.0,63.8916557563564
SrTbO3,30.5,20.25243517268488
Tb2O3,2.0,9.495124092237543
Ti0.08V1.92O3,85.0,82.08036950679352
Ti0.1V1.9O3,19.0,99.89942536158345
Ti0.2V0.8O3,42.0,104.12744797541627
Ti0.2V1.8O3,23.0,89.97731488668813
Ti0.4V1.6O3,39.0,63.584387438895774
Ti0.6V1.4O3,80.0,60.341918190946345
Ti0.8V1.2O3,90.0,71.65320079087056
UTiO3,29.0,62.96618206796641
Ti2O3,512.666666666667,292.6729167781035
TmVO3,100.0,57.47104937241362
YVO3,113.0,81.51487657740101
YbVO3,100.0,66.8662819028414
V2O3,230.9,207.33558480556673
Yb2O3,2.2875,18.48137072278434
TbPO4,85.124,44.30497327609577
VPO4,15.0,48.10500608039159
Sr2PrO4,3.4,76.64535289086189
Tb4Ti(SeO)4,4.0,21.007904661045167
SrTb2O4,5.9,14.58784057180449
TbVO4,1.35,31.327264183380098
UTiO4,29.0,50.037277835870746
V2ZnO4,41.0,40.28120959938227
VSnPO5,22.0,27.109432628287653
VSO5,25.0,36.33742753025742
Tb2Ti2S2O5,5.5,42.95646223691205
UTi2O5,29.0,67.32388272934112
Ti3O5,448.0,192.39898005037196
V2O5,52.5,157.0230686199055
V3O5,187.666666666667,191.26274494268282
Sr2TbReO6,2.6,37.29715624854083
Sr2YReO6,6.0,54.4705627760507
Sr2YbReO6,20.0,43.221143257520644
Re2SO6,4.85,82.6451951034843
Sr2YRuO6,25.5,46.46026896701304
UTi2O6,29.55,48.54518159929666
V2WO6,370.0,56.77699867860311
Pr3OsO7,40.5,22.22686588234775
Sm3OsO7,50.0,20.36564165276827
Tb3OsO7,34.0,13.275239783343867
Pr2YRuO7,27.0,30.40797495344754
Sm3ReO7,1.9,28.878808919459694
Tb3ReO7,14.0,14.68719067492699
Tb3RuO7,17.0,18.564328303883578
Yb2Ru2O7,79.0,39.8202203599502
Tb3SbO7,4.2,8.297954694225673
Ti4O7,130.0,293.7737475604423
V3O7,5.2,118.7226981291325
V4O7,130.0,175.00216799637718
VP2(PbO4)2,3.65,25.21648134383057
SrVZn(PO4)2,3.7,23.60352029937609
Sr2VP2O9,2.8,31.251864827369992
Sr2V3O9,5.0,64.19742893015776
Ti5O9,130.0,166.81039455328656
V5O9,151.0,131.44136535884454
Sm(SiOs)2,5.0,19.919061545802403
Tb(SiOs)2,44.0,27.593381211945157
UOs2,41.2,58.427189832520426
Sm(P3Os)4,4.6,22.138281744873765
U1P0.75S0.25,65.0,99.08138241895396
U1P0.85S0.15,95.0,95.7052143156524
Pr1P0.86,10.0,23.1222444355052
U1P0.8S0.2,92.0,91.35821574163998
U1P0.92S0.08,110.0,101.660948980507
U1P0.95S0.05,122.0,96.00030173601331
U1P0.98S0.02,74.0,111.5807207708109
U1P0.9S0.1,102.0,101.04975316052725
TbP,8.5,25.656218053771884
Th0.5U0.5P1,115.0,82.90393995159006
UP,117.625,111.22931499245172
Sm(P3Ru)4,16.5,18.556614067916794
Tb(P3Ru)4,20.0,18.329100023775524
Sm(PPd)2,3.3,12.462222938140833
Tb(PPd)2,12.0,13.610480432062857
Pr(PRu)2,24.0,17.53477424880644
Sm(PRu)2,15.0,20.60605801212174
Tb(PRu)2,22.5,20.358852987727268
UP2,168.38,111.62302932618482
UPd2Pb,35.0,35.90267597397456
U2Pd2Pb,65.0,38.72863834712572
Yb2Pt2Pb,2.035,6.919668414143188
Tm5Pb3,17.8,13.423282507761803
UPb3,31.75,67.46122800210621
U0.995Pd0.005Pt3,6.0,10.609452667970912
U1Pd0.01Pt2.98,6.0,10.553677491887237
U1Pd0.03Pt2.97,1.8,12.642414503845055
U1Pd0.06Pt2.94,3.6,9.778825952087091
U1Pd0.15Pt2.85,5.86666666666667,13.328979757759342
Tb1Si2Pd0.25Ru1.75,45.0,21.53579888617666
Tb1Si2Pd0.75Ru1.25,27.0,22.41557944480198
PrSb2Pd,7.6,6.92559031888859
PrSnPd,4.125,7.3768795910600495
PuSnPd,21.0,36.459124357573124
TbSi2PdRu,22.0,20.60999768302067
SmSbPd,18.0,18.291819015432917
TbSbPd,2.5,19.287683670690686
TbSb2Pd,11.0,14.997885485685268
Tb2Si3Pd,23.0,20.231313210807908
Tm2Si3Pd,1.8,6.082956622288459
SmSnPd,11.9,17.02743112016525
TbSnPd,16.825,18.099367850034817
USnPd,35.25,42.43217891869171
YbPd,1.9,15.04442588089241
Tb1Si2Pd1.75Ru0.25,14.0,16.914715515622756
Tb5.1Pd1.9,62.0,87.14760222914802
Tb2Sn0.95Pd2.05,27.5,31.98744620426913
PuSnPd2,11.0,27.240418922793552
USbPd2,55.0,32.78505834776133
TbSiPd2,21.0,15.814562862076432
YbSiPd2,2.1,7.844416869670602
Tb(SiPd)2,16.6666666666667,15.350809510122048
TbSnPd2,6.15,13.938910387309509
U2SnPd2,40.6,41.968867680546374
U3(Si3Pd10)2,19.0,33.560801485726245
Pr2Si5Pd3,6.6,7.0167711923221185
PuPd3,24.5333333333333,22.700791461124865
SmPd3S4,2.5,9.834089445084459
TbPd3S4,2.7,11.380060972166524
TmPd3S4,1.1,8.371307888015373
YbPd3S4,1.8,11.35716076281256
TbPd3,2.0,19.989540852236335
UPd3,4.55,34.970707401134
UPd4,30.0,30.550133545455253
Yb3Pd4,3.2,12.082944963866273
U1Pd4.2,32.0,31.33169148739148
UPd5,35.0,30.29988575849976
Pr0.2Th0.8,1.3,34.78203814459394
PrSnPt,4.2,9.611222784405205
PrSnRh,4.2,13.672954466368505
Pr(SiRh)2,68.0,23.36491644844542
Pr(SiRu)2,16.0,18.201241756490244
PrS,53.0,18.09810987191303
PrScSi,145.0,54.30236259970837
PrSi,54.0,20.422043913896136
PrSn3,8.575,8.614552067955646
PrZn,52.0,26.885284196785896
Pr2Zn17,2.2,5.988051152052455
Pr3Sn,10.0,26.27045554346425
Pr5(Sn5Rh2)2,5.5,10.854882130141734
Pr5Sb3,38.0,23.430445520477264
TbSiPt,12.5,19.692518896383934
TbSnPt,12.6,19.115380557616128
TmSnPt,3.05,6.432560761260103
YbSnPt,3.3,5.527629313985591
Tb(SiPt)2,18.3666666666667,16.802791850884923
U(SiPt)2,35.5,38.058543077339976
U2SnPt2,15.0,39.78936562015999
PuPt3,40.0,27.964197021732474
TbPt3,18.8333333333333,27.843034301162724
Tb5Pt3,82.0,66.5084703134571
Th0.005U0.995Pt3,2.0,12.195133676912226
Th0.01U0.99Pt3,7.0,8.649850863788949
Th0.02U0.98Pt3,6.875,10.680438093773299
Th0.05U0.95Pt3,6.5,10.548618772668783
UPt3,5.5,16.366128036779358
VPt3,210.0,164.68572484093124
YbPt3,273.45,8.422570776208506
Yb3Pt4,2.4,44.47622552466269
U3SiPt5,11.0,30.588469353944166
PuRh3,6.2,45.79413804119041
PuS,4.5,41.995314477971014
PuS2,15.0,29.22092138639379
PuSb,85.0,55.85310401894473
Pu3S4,10.0,27.741439717337386
U1Si2Ru1.96Rh0.04,8.3,40.83095901852548
U1Si2Ru1.3Rh0.7,44.0,52.523638140917136
U1Si2Ru1.2Rh0.8,101.0,48.542192958182575
U2Si5Ru1.95Rh1.05,9.75,48.30991982338431
TbSi2RuRh,15.5,34.05375227186679
USi2RuRh,20.0,61.031846041775886
TbSiRh,25.5,24.905330757894642
Tb2Si3Rh,11.0,25.346378069727834
TbSnRh,19.1333333333333,23.33376666057971
USnRh,52.0,33.83243188346418
Tb3Rh,96.0,73.66671372779076
U1Si2Ru0.75Rh1.25,174.0,38.6067622692986
Tb1Si2Ru0.8Rh1.2,10.0,35.05262227722452
Sm(SiRh)2,46.0,20.703365000537776
Tb(SiRh)2,93.0,27.35309764838017
Tm(SiRh)2,4.2,13.519137713697255
U(SiRh)2,25.0,35.997470064061005
U2SnRh2,24.4,45.94767605351119
Tb2Si5Rh3,8.5,19.029623680560743
U2Si5Rh3,25.5,45.55760391159655
Sm7Rh3,54.0,38.2848998664018
Tb7Rh3,91.0,78.72709161594366
SmSn3Ru,6.0,14.974788607840289
Tb3Sn6Ru,25.0,20.687923038947574
Tb6Te2Ru,30.0,76.15543995856191
Sm(SiRu)2,7.0,21.113553294018374
Tb(SiRu)2,30.0,30.8849813582039
U(SiRu)2,17.3611111111111,38.32094101608864
Sm(Sn3Ru2)2,8.3,16.18122830888143
U1S0.8,112.5,140.69638392446046
TmS,6.4,9.940292242533632
U0.6S1,200.0,58.927539072942075
US,220.0,77.15060151724133
V1S1.33,473.0,166.55102714360666
VS100,13.9,16.45538209686467
VS120,4.4,20.664474363900812
US2,30.0,138.71653551900246
Yb2S3,2.0,12.095598403912186
Sr(TbS2)2,6.0,18.24649713166302
VS80,15.4,19.1220819839617
Tb0.403Y0.597Sb1,1.5,20.076602926146872
Tb0.467Y0.533Sb1,1.6,17.140622243441328
Tb0.635Y0.365Sb1,8.8,24.977626136498724
Tb0.8Y0.2Sb1,9.9,26.28040104179332
Tb0.928Y0.072Sb1,13.0,23.661179784803284
TbSb,14.925,39.43325908311403
USb,233.0,158.68113265721806
Tb5Si1.5Sb1.5,123.0,82.14691851440655
U1Sn0.5Sb1.5,177.0,83.19827558521682
Tb1Zn0.6Sb2,10.0,17.431794747916115
USb2,205.25,125.48168391458474
SmVSb3,4.0,22.42992426847484
Tb4Sb3,81.0,105.25663114065217
Tb5Sb3,115.0,76.63915224133679
Tm5Sb3,15.5,11.481506662933507
Tb0.9Sc0.1,200.0,153.78027241083956
Tb0.8Sc0.2,174.0,133.58771857004368
Tb0.51Sc0.49,104.0,119.47055014726321
Tb0.25Sc0.75,1.3,66.26750388609408
Tb1.25Sc0.75,1.3,136.20187261429083
TbScSi,165.0,61.61177604622441
V1Se0.9,300.0,360.8711359495206
SmSe,52.5,25.986007396256618
TmSe,3.38666666666667,9.850953226823066
VSe,400.0,309.4981060053461
TaSe2,120.0,74.28761927322726
USe2,13.0,117.66156880099342
TbSi,58.5,64.81043242349268
TbTiSi,286.0,179.8666429974633
TmTiSi,20.0,57.550781131876775
Tb1Si1.67,27.5,26.472195021045657
TbSi2,17.0,23.038832880583918
Tb2Si3,22.0,33.935741581441086
Tb5Si3,72.0,75.95963697385122
SmSn2,9.0,22.925048776365696
SmSn3,12.0,14.314453743866325
SmTe2,3.75,18.359050202706094
SmZn,117.5,49.36959253247092
SmZn12,15.0,7.626259306704967
SmZn2,45.0,27.12391472755427
Sm2Sn3,11.0,26.255034950206987
TbSn2,26.5,23.240394759929455
TmSn2,3.6,6.56570213603119
TmZnSn2,4.1,6.0396440639474935
USn2,77.5,100.21181164585278
Tb5Sn3,62.0,98.58999879915574
U3Sn7,65.0,56.53190189183449
Tb0.78Tm0.22,205.0,192.16574284319364
Tb0.85Y0.15,204.0,158.66797943063705
Tb0.9Y0.1,119.0,206.3377131566013
TbY,126.5,123.67897535010506
TbZn12,14.0,7.361208372648718
TbZn2,45.0,26.208378801187273
Tb2Zn17,22.7,10.397223540978029
VTe,445.0,231.77164659529328
UTe2,77.0,95.75282581300262
UTe3,77.0,60.18704937019679
U2Te3,106.0,63.581289727472026
U2.67Te4,20.0,110.43649916817628
UTl3,90.0,52.08216663716633
TmZn,8.15,10.06054956721527
U2Zn17,9.7,29.500387592432382
